100 100
-2.0
-1.9393939393939394
-1.878787878787879
-1.8181818181818181
-1.7575757575757576
-1.696969696969697
-1.6363636363636362
-1.5757575757575757
-1.5151515151515151
-1.4545454545454546
-1.393939393939394
-1.3333333333333333
-1.2727272727272727
-1.2121212121212122
-1.1515151515151514
-1.0909090909090908
-1.0303030303030303
-0.9696969696969697
-0.9090909090909092
-0.8484848484848484
-0.7878787878787878
-0.7272727272727273
-0.6666666666666665
-0.606060606060606
-0.5454545454545454
-0.48484848484848486
-0.4242424242424243
-0.36363636363636354
-0.303030303030303
-0.24242424242424243
-0.18181818181818166
-0.1212121212121211
-0.06060606060606055
0.0
0.06060606060606055
0.1212121212121211
0.18181818181818166
0.24242424242424265
0.3030303030303032
0.36363636363636376
0.4242424242424243
0.48484848484848486
0.5454545454545454
0.606060606060606
0.666666666666667
0.7272727272727275
0.7878787878787881
0.8484848484848486
0.9090909090909092
0.9696969696969697
1.0303030303030303
1.0909090909090908
1.1515151515151514
1.2121212121212124
1.272727272727273
1.3333333333333335
1.393939393939394
1.4545454545454546
1.5151515151515151
1.5757575757575757
1.6363636363636367
1.6969696969696972
1.7575757575757578
1.8181818181818183
1.878787878787879
1.9393939393939394
2.0
2.0606060606060606
2.121212121212121
2.1818181818181817
2.242424242424242
2.3030303030303028
2.3636363636363633
2.4242424242424248
2.4848484848484853
2.545454545454546
2.6060606060606064
2.666666666666667
2.7272727272727275
2.787878787878788
2.8484848484848486
2.909090909090909
2.9696969696969697
3.0303030303030303
3.090909090909091
3.1515151515151514
3.212121212121212
3.2727272727272725
3.333333333333334
3.3939393939393945
3.454545454545455
3.5151515151515156
3.575757575757576
3.6363636363636367
3.6969696969696972
3.757575757575758
3.8181818181818183
3.878787878787879
3.9393939393939394
4.0
-3.0
-2.9292929292929295
-2.8585858585858586
-2.787878787878788
-2.717171717171717
-2.6464646464646466
-2.5757575757575757
-2.505050505050505
-2.4343434343434343
-2.3636363636363638
-2.292929292929293
-2.2222222222222223
-2.1515151515151514
-2.080808080808081
-2.0101010101010104
-1.9393939393939394
-1.8686868686868687
-1.797979797979798
-1.7272727272727273
-1.6565656565656566
-1.5858585858585859
-1.5151515151515151
-1.4444444444444444
-1.3737373737373737
-1.3030303030303032
-1.2323232323232325
-1.1616161616161618
-1.090909090909091
-1.0202020202020203
-0.9494949494949494
-0.8787878787878789
-0.808080808080808
-0.7373737373737375
-0.666666666666667
-0.595959595959596
-0.5252525252525255
-0.4545454545454546
-0.3838383838383841
-0.31313131313131315
-0.24242424242424265
-0.1717171717171717
-0.10101010101010122
-0.030303030303030276
0.04040404040404022
0.11111111111111116
0.18181818181818166
0.2525252525252526
0.3232323232323231
0.3939393939393936
0.46464646464646453
0.535353535353535
0.606060606060606
0.6767676767676765
0.7474747474747474
0.8181818181818179
0.8888888888888888
0.9595959595959593
1.0303030303030303
1.1010101010101012
1.1717171717171713
1.2424242424242422
1.3131313131313131
1.383838383838384
1.4545454545454541
1.525252525252525
1.595959595959596
1.666666666666666
1.737373737373737
1.808080808080808
1.878787878787879
1.949494949494949
2.02020202020202
2.090909090909091
2.1616161616161618
2.232323232323232
2.3030303030303028
2.3737373737373737
2.4444444444444446
2.5151515151515147
2.5858585858585856
2.6565656565656566
2.7272727272727266
2.7979797979797976
2.8686868686868685
2.9393939393939394
3.0101010101010095
3.0808080808080804
3.1515151515151514
3.2222222222222223
3.2929292929292924
3.3636363636363633
3.4343434343434343
3.505050505050505
3.5757575757575752
3.646464646464646
3.717171717171717
3.787878787878787
3.858585858585858
3.929292929292929
4.0
-18.38432372242854
-18.40423138389286
-18.42722742217881
-18.453094289956123
-18.480907371309268
-18.508652979272405
-18.533028956609616
-18.54987176387075
-18.555556701632785
-18.562593439837922
-18.581793504930115
-18.61163020885157
-18.650017480597302
-18.694719616154114
-18.743665659470395
-18.795119850696505
-18.847729750824602
-18.900499318225553
-18.95272899174934
-19.00394948933819
-19.053862418664522
-19.10229216734186
-19.149149151149956
-19.19440274305709
-19.238061802441038
-19.28016089978916
-19.32075069130608
-19.35989126469328
-19.39764758836495
-19.434086438630843
-19.46927435970296
-19.503276342124458
-19.536154998552732
-19.567970081859126
-19.59877823699015
-19.62863291067863
-19.657584365999
-19.68567976483619
-19.712963292625158
-19.739476307649475
-19.765257502762108
-19.790343071309707
-19.81476687179267
-19.838560587720686
-19.861753880468736
-19.88437453387226
-19.90644858994215
-19.928000475516264
-19.949053119954325
-19.96962806417053
-19.989745561413798
-20.009424670270842
-20.028683340397958
-20.04753849149469
-20.066006086023997
-20.084101196164944
-20.1018380654595
-20.11923016558653
-20.136290248666928
-20.15303039547363
-20.169462059891327
-20.185596109942544
-20.201442865670426
-20.217012134143612
-20.232313241825764
-20.247355064530876
-20.26214605516612
-20.27669426944599
-20.291007389745264
-20.30509274724333
-20.31895734249892
-20.33260786458201
-20.3460507088784
-20.359291993672333
-20.372337575603325
-20.38519306408508
-20.397863834766614
-20.41035504210892
-20.422671631144368
-20.434818348480043
-20.446799752601493
-20.45862022352822
-20.470283971868437
-20.4817950473163
-20.493157346631634
-20.504374621138815
-20.5154504837785
-20.526388415743334
-20.537191772726167
-20.5478637908074
-20.558407592005494
-20.568826189513466
-20.579122492641943
-20.58929931148817
-20.59935936134857
-20.60930526689161
-20.61913956610602
-20.62886471403861
-20.63848308633492
-20.647996982594844
-18.30184590621809
-18.31795137380196
-18.336889047090068
-18.358891845862235
-18.38389465596215
-18.411241941324715
-18.43930814943707
-18.46519915943057
-18.484924731182307
-18.49446607832021
-18.498347502336827
-18.513764101658673
-18.540389504451223
-18.57627135513079
-18.619181346741875
-18.66696999745263
-18.71778351384369
-18.77014649201073
-18.822953917630652
-18.875418177149765
-18.927002890133846
-18.97736052739018
-19.026280522175277
-19.073649001461852
-19.119418826338855
-19.163587899560984
-19.206183745692766
-19.247252696550667
-19.286852389712625
-19.325046619818856
-19.361901846565896
-19.397484862290902
-19.431861267332216
-19.465094505498957
-19.49724528583745
-19.528371268938812
-19.558526932610075
-19.587763557401594
-19.61612929049665
-19.643669259115207
-19.670425713467576
-19.696438185537833
-19.721743654365635
-19.746376711578
-19.77036972308435
-19.793752984359077
-19.81655486778683
-19.83880196127078
-19.860519197798652
-19.881729975993174
-19.902456271889974
-19.92271874232214
-19.942536820370027
-19.961928803375397
-19.98091193403267
-19.999502475066045
-20.01771577798532
-20.035566346390322
-20.053067894266427
-20.070233399684607
-20.087075154289387
-20.103604808928708
-20.119833415751334
-20.13577146707032
-20.15142893126591
-20.16681528597739
-20.18193954881188
-20.196810305777802
-20.211435737632407
-20.225823644315906
-20.239981467629494
-20.253916312300444
-20.267634965564895
-20.281143915387275
-20.294449367425003
-20.307557260837378
-20.320473283029195
-20.333202883411516
-20.34575128625521
-20.358123502706157
-20.370324342025416
-20.38235842211204
-20.394230179361752
-20.40594387790991
-20.417503618303556
-20.42891334564339
-20.440176857233492
-20.451297809773305
-20.462279726123924
-20.47312600167794
-20.48383991036005
-20.49442461028337
-20.504883149084574
-20.515218468959137
-20.52543341141645
-20.535530721773004
-20.54551305340062
-20.55538297174529
-20.565142958131204
-20.57479541336341
-18.22370260057395
-18.236606062947768
-18.25187273910537
-18.26986587981206
-18.290870972463523
-18.314945013957555
-18.34166111064059
-18.369747832665283
-18.396732901598323
-18.418910531587553
-18.43209597991158
-18.435399273698163
-18.446899307619002
-18.470108125932416
-18.503251293641345
-18.544145185822224
-18.590584142042207
-18.6406045124697
-18.692606733170503
-18.745371092190062
-18.79801495508445
-18.8499283447858
-18.90070922347409
-18.950107917347946
-18.997983182745948
-19.044269141171863
-19.088951156999716
-19.13204860039947
-19.173602710369618
-19.21366814721617
-19.25230717446142
-19.289585696655852
-19.32557059847257
-19.36032799161825
-19.393922092180354
-19.426414533586637
-19.457863978633267
-19.488325935020118
-19.517852707599893
-19.546493440733723
-19.574294218314524
-19.60129819897099
-19.627545770958548
-19.653074716159512
-19.677920376068908
-19.702115815066126
-19.72569197796885
-19.748677840047527
-19.77110054849654
-19.792985554918452
-19.814356738755674
-19.835236521853346
-19.855645974495935
-19.875604913355577
-19.89513199184172
-19.914244783362694
-19.932959858010793
-19.951292853169846
-19.969258538523064
-19.98687087591284
-20.004143074475365
-20.021087641443117
-20.037716428978545
-20.054040677373656
-20.07007105492247
-20.085817694747636
-20.101290228838256
-20.11649781953362
-20.13144918866684
-20.146152644563575
-20.160616107073665
-20.174847130797584
-20.18885292665541
-20.202640381932778
-20.216216078926426
-20.229586312301155
-20.242757105260146
-20.255734224621765
-20.268523194887898
-20.28112931138132
-20.293557652523447
-20.305813091317095
-20.317900306094035
-20.3298237905817
-20.341587863339132
-20.353196676607975
-20.364654224620647
-20.375964351404452
-20.387130758117163
-20.398157009946836
-20.409046542606163
-20.419802668448945
-20.430428582234516
-20.44092736656378
-20.451301997008663
-20.46155534695527
-20.471690192179352
-20.48170921517159
-20.49161500922855
-20.501410082324266
-18.14905622834371
-18.159388642901643
-18.171610573627685
-18.186076594364938
-18.203155854976185
-18.223171096195387
-18.24627509729394
-18.272231590458826
-18.300083954084243
-18.327774258139883
-18.351957567646217
-18.36845959031036
-18.373769956840977
-18.381251830166878
-18.400857256294298
-18.4310328156307
-18.469680454833604
-18.514565742820796
-18.56362747559643
-18.61514316843778
-18.667773700306267
-18.72053459357236
-18.772735513990096
-18.82391415209203
-18.873777191534103
-18.922152614387784
-18.968953324181584
-19.01415037818035
-19.057753747860353
-19.099798713910026
-19.14033636358412
-19.179427023758592
-19.21713577165159
-19.253529405083857
-19.288674432510938
-19.32263577228532
-19.355475942819844
-19.387254590546686
-19.418028248474542
-19.447850250385233
-19.476770748332644
-19.50483679698264
-19.532092479480873
-19.558579057368473
-19.584335132571674
-19.609396813361197
-19.633797878893798
-19.65756993885193
-19.68074258602552
-19.703343540601626
-19.72539878556098
-19.74693269301068
-19.767968141567888
-19.788526625094093
-19.8086283531929
-19.828292343948103
-19.847536509408567
-19.866377734332985
-19.8848319486986
-19.902914194459232
-19.920638687013085
-19.938018871812574
-19.955067476518913
-19.971796559074257
-19.988217552035152
-20.00434130348306
-20.02017811480131
-20.03573777558311
-20.051029595912333
-20.066062436237512
-20.080844735040184
-20.095384534480655
-20.109689504188225
-20.12376696334791
-20.137623901222252
-20.151266996234494
-20.164702633728385
-20.177936922509506
-20.190975710264127
-20.20382459794298
-20.216488953190023
-20.228973922889217
-20.241284444896202
-20.253425259016126
-20.26540091728364
-20.277215793596476
-20.288874092749772
-20.30037985891447
-20.31173698359947
-20.322949213134173
-20.33402015570504
-20.344953287977187
-20.355751961329467
-20.366419407729445
-20.376958745272596
-20.387372983407992
-20.39766502787148
-20.407837685345285
-20.417893667861893
-20.42783559696872
-18.077165471961557
-18.085475895558307
-18.09526976720319
-18.10684701339836
-18.120550998978064
-18.136750674923153
-18.155793531178677
-18.177905661642367
-18.20300679662026
-18.230413911960643
-18.25846043984707
-18.284206422620574
-18.303636568621297
-18.3127618761474
-18.316865435750227
-18.33270374877281
-18.359691428588206
-18.395859305002027
-18.43897651514785
-18.486901184462734
-18.537792127064254
-18.59018751371889
-18.64299456815211
-18.69543566857285
-18.746982100450765
-18.797291975137675
-18.84615875289635
-18.893471367639123
-18.939184594611447
-18.983297611441305
-19.025838766727087
-19.06685490210015
-19.106403948238338
-19.144549845051248
-19.181359098006133
-19.21689847944996
-19.251233527413724
-19.28442759729335
-19.31654129475758
-19.347632169648207
-19.37775458676293
-19.40695971476285
-19.435295592236365
-19.462807242440753
-19.489536817016727
-19.515523755138215
-19.54080494889429
-19.565414908744714
-19.589385925025418
-19.612748222972208
-19.63553010976821
-19.657758112836238
-19.679457109085092
-19.70065044514563
-19.72136004884579
-19.741606532307337
-19.761409287124994
-19.780786572127756
-19.79975559423556
-19.818332582919375
-19.836532858757085
-19.854370896553974
-19.871860383469453
-19.88901427256227
-19.90584483213665
-19.922363691242268
-19.938581881652755
-19.95450987662031
-19.970157626678912
-19.985534592744923
-20.000649776742268
-20.01551174995925
-20.030128679325763
-20.044508351783012
-20.058658196902268
-20.072585307895583
-20.08629646114858
-20.099798134393847
-20.113096523633267
-20.126197558907894
-20.13910691900553
-20.15183004518831
-20.16437215401552
-20.176738249330505
-20.18893313347451
-20.20096141778529
-20.212827532433227
-20.22453573564348
-20.236090122348635
-20.247494632312744
-20.2587530577643
-20.269869050572733
-20.280846129000192
-20.291687684057965
-20.30239698549451
-20.31297718744012
-20.32343133373105
-20.333762362934674
-20.343973113094926
-20.354066326216717
-18.007428034339373
-18.01415923518791
-18.02204860934553
-18.031334972533703
-18.04230316762316
-18.055283613554515
-18.070640379271747
-18.08873562827129
-18.109849888003303
-18.134028127819285
-18.160820302951493
-18.188918025449016
-18.21580281301141
-18.23773335856279
-18.250534081365718
-18.253773729222733
-18.26570858843278
-18.289301367060343
-18.32275598982529
-18.363881995505828
-18.410478634923837
-18.46059377734505
-18.512641455309815
-18.565414779561607
-18.618041867563804
-18.669921134562678
-18.720656791373557
-18.770003664769238
-18.81782367110103
-18.86405310202681
-18.908678778950087
-18.951721023936717
-18.99322167456716
-19.033235745234606
-19.07182568614889
-19.109057475347196
-19.144997995679855
-19.17971330808957
-19.213267547222635
-19.24572224696788
-19.27713596108358
-19.3075640845475
-19.337058809676456
-19.365669170997247
-19.393441146844015
-19.420417795485623
-19.446639410493603
-19.472143684916666
-19.496965877239013
-19.52113897449332
-19.544693849574173
-19.567659410964584
-19.590062743895245
-19.61192924250906
-19.633282732975914
-19.65414558774851
-19.674538831305984
-19.694482237825955
-19.713994421275544
-19.7330929184325
-19.751794265347723
-19.770114067747436
-19.78806706585208
-19.805667194062558
-19.82292763593565
-19.83986087484057
-19.856478740659114
-19.872792452862825
-19.88881266027351
-19.9045494777873
-19.92001252031862
-19.935210934197865
-19.950153426236277
-19.96484829065238
-19.97930343403732
-19.99352639852047
-20.007524383282515
-20.02130426455001
-20.034872614193706
-20.04823571704193
-20.061399587010897
-20.074369982144564
-20.087152418648806
-20.099752183997403
-20.112174349180616
-20.124423780161134
-20.13650514859666
-20.148422941883613
-20.160181472571672
-20.17178488719494
-20.183237174561718
-20.19454217354154
-20.20570358038479
-20.216724955607813
-20.22760973047341
-20.238361213094503
-20.24898259418665
-20.25947695249281
-20.26984725990248
-20.28009638628498
-17.9393728358732
-17.94486995332426
-17.951272449992164
-17.95876543478777
-17.967573744218356
-17.977967139419725
-17.990261950899747
-18.00481384518072
-18.02199165126793
-18.042114684338365
-18.065326389578658
-18.09137136225213
-18.11926047754978
-18.14689128096356
-18.170876585122883
-18.18703313501647
-18.191999180534715
-18.199925380024748
-18.219934196124907
-18.25044596018294
-18.28935115833575
-18.33441702134651
-18.38359229976321
-18.435167834126045
-18.487817781280643
-18.540569149776672
-18.592740748892663
-18.643877168032898
-18.693690107619908
-18.742011099183912
-18.788755500969476
-18.833896030833575
-18.877443755607132
-18.919434654493802
-18.959920237727786
-18.998961065845332
-19.036622321149366
-19.072970820506118
-19.108073035020947
-19.141993809865127
-19.174795568631417
-19.20653785102048
-19.23727707800192
-19.267066470432017
-19.29595606945143
-19.32399282266513
-19.35122071111692
-19.377680899807547
-19.403411899943258
-19.4284497349236
-19.45282810476024
-19.476578545498064
-19.499730581521284
-19.522311869536782
-19.54434833365208
-19.565864291389314
-19.586882570758114
-19.60742461869207
-19.627510601264643
-19.64715949616285
-19.6663891779259
-19.685216496461663
-19.703657349344567
-19.721726748379485
-19.739438880891164
-19.75680716617032
-19.773844307478168
-19.790562339981125
-19.8069726749584
-19.82308614059728
-19.838913019664634
-19.854463084318315
-19.869745628299498
-19.88476949672562
-19.89954311368442
-19.91407450781154
-19.92837133601826
-19.942440905520687
-19.956290194308856
-19.969925870181356
-19.983354308460395
-19.996581608492082
-20.00961360902727
-20.0224559025704
-20.03511384877596
-20.047592586965425
-20.05989704783137
-20.072031964389762
-20.084001882236315
-20.09581116915819
-20.107464024148
-20.118964485863373
-20.13031644057154
-20.14152362961569
-20.15258965643632
-20.163517993178765
-20.174311986915136
-20.184974865507087
-20.195509743133552
-20.205919625505835
-17.872637355879036
-17.877165642337665
-17.882405244158686
-17.888498131577396
-17.895617936213668
-17.903976071906516
-17.913827427271542
-17.925473571157333
-17.939259193764507
-17.955553519640986
-17.974701858417863
-17.996923251645143
-18.022121904470204
-18.04958681506052
-18.07760999724816
-18.103205849036762
-18.1223354096712
-18.131041817156035
-18.135398933359486
-18.151657318474705
-18.179004783667562
-18.21545587704478
-18.258777623082146
-18.306836016168536
-18.357802570602317
-18.410229014138245
-18.463034738374088
-18.515452029346886
-18.566959760704126
-18.617221620328536
-18.666035046112423
-18.71329174231549
-18.75894837191355
-18.803005368656518
-18.845491892042503
-18.886455284416638
-18.925953763316038
-18.964051409691468
-19.000814771960535
-19.036310600639887
-19.07060437029249
-19.103759347208783
-19.13583603330819
-19.166891867528612
-19.196981101648802
-19.226154792525584
-19.254460870297024
-19.281944254437626
-19.30864699821715
-19.334608448205483
-19.359865409747062
-19.384452312335284
-19.408401370925354
-19.43174274069725
-19.454504663804396
-19.47671360734983
-19.49839439231276
-19.519570313470624
-19.54026325057171
-19.56049377114467
-19.580281225407536
-19.599643833776966
-19.618598767490845
-19.637162222852055
-19.655349489584925
-19.673175013772372
-19.690652455814316
-19.70779474381856
-19.724614122805516
-19.74112220007872
-19.757329987084784
-19.773247938059498
-19.788885985731685
-19.80425357433282
-19.819359690138825
-19.834212889750493
-19.848821326300666
-19.863192773759597
-19.877334649494724
-19.891254035227163
-19.904957696514543
-19.918452100878653
-19.93174343468542
-19.9448376188759
-19.95774032363796
-19.97045698210073
-19.982992803126823
-19.99535278327092
-20.007541717967538
-20.01956421200532
-20.031424689340792
-20.043127402299625
-20.05467644021007
-20.066075737508974
-20.077329081358183
-20.088440118805465
-20.099412363521957
-20.11024920214506
-20.120953900254023
-20.13152960800289
-17.80694399837216
-17.810706523621413
-17.815031810417864
-17.82002853471179
-17.825829721150477
-17.832598163414882
-17.840532456272935
-17.84987297862444
-17.860906230799777
-17.87396411598678
-17.889411429015382
-17.907609150238716
-17.928832659589922
-17.95311457748919
-17.979981246483298
-18.008086849541485
-18.034866629204295
-18.0565447175227
-18.0689568559655
-18.072164019542086
-18.084532437199453
-18.108506900328532
-18.142270215645883
-18.183625573842
-18.23037745968928
-18.28058540315019
-18.332677044066394
-18.385458257337064
-18.438067829853573
-18.48991248817225
-18.54060262300021
-18.5898975077238
-18.637662178278134
-18.683835067067612
-18.728404431553468
-18.77139153095169
-18.81283879117262
-18.852801573642456
-18.89134251045934
-18.92852764992806
-18.964423870958864
-18.999097182378012
-19.032611636566426
-19.065028667412292
-19.096406719420756
-19.126801074797637
-19.156263813382864
-19.18484385999737
-19.212587087587213
-19.239536454255482
-19.2657321590945
-19.291211806526025
-19.316010572226375
-19.34016136607712
-19.363694989235867
-19.38664028357359
-19.40902427252151
-19.430872292915783
-19.452208117795696
-19.473054070352813
-19.49343112938226
-19.513359026678987
-19.53285633687088
-19.551940560200062
-19.570628198763437
-19.588934826710105
-19.606875154871858
-19.624463090276357
-19.64171179096386
-19.65863371649833
-19.675240674534347
-19.691543863772395
-19.70755391360765
-19.723280920751883
-19.738734483083814
-19.753923730961045
-19.768857356206368
-19.78354363896218
-19.797990472589678
-19.81220538677387
-19.826195568980868
-19.83996788440126
-19.85352889450126
-19.86688487429279
-19.88004182842379
-19.893005506181183
-19.90578141549115
-19.918374835993657
-19.93079083126207
-19.943034260232228
-19.955109787900277
-19.96702189534329
-19.978774889112554
-19.99037291004492
-20.00181994153427
-20.01311981730141
-20.024276228697932
-20.035292731576487
-20.046172752757574
-20.056919596120405
-17.742079949274903
-17.745232454558245
-17.74883373846569
-17.7529672289213
-17.757734790582724
-17.763261064393372
-17.769698634561554
-17.777233907026446
-17.786093224391866
-17.796547993844634
-17.80891613041053
-17.82355436255149
-17.84083112338421
-17.861062149223883
-17.88438127658838
-17.910513542496364
-17.93843682217548
-17.96600387228728
-17.989785818711248
-18.00559227543545
-18.01024436748525
-18.018614037377155
-18.039024239336047
-18.06986954340247
-18.10902949460841
-18.154273368133087
-18.20356006528086
-18.255193797739583
-18.30786195804489
-18.360602962479675
-18.41274468062874
-18.463838527520995
-18.513601161652947
-18.561867619479823
-18.608555681302732
-18.653639702149466
-18.69713182766949
-18.739068724045314
-18.77950231652601
-18.81849339386866
-18.85610723979407
-18.892410687784942
-18.927470170027934
-18.961350457540053
-18.99411387853035
-19.02581986568377
-19.056524727834965
-19.08628157294367
-19.115140331346943
-19.14314784374833
-19.170347989278003
-19.1967818365987
-19.222487806403432
-19.247501837425187
-19.271857550728804
-19.295586408910957
-19.318717868129063
-19.341279521777658
-19.363297235247597
-19.384795271621456
-19.405796408436025
-19.42632204582145
-19.446392306435843
-19.46602612767532
-19.485241346666925
-19.504054778557457
-19.522482288601182
-19.540538858530137
-19.558238647665686
-19.57559504920141
-19.592620742058052
-19.609327738681177
-19.6257274291233
-19.641830621724324
-19.657647580677864
-19.6731880607464
-19.688461339365393
-19.703476246355457
-19.718241191442278
-19.73276418976633
-19.747052885548165
-19.761114574060457
-19.77495622204435
-19.788584486695754
-19.802005733335864
-19.815226051870386
-19.828251272132587
-19.841086978197254
-19.853738521744937
-19.86621103454918
-19.87850944015307
-19.890638464796133
-19.902602647647097
-19.91440635039374
-19.926053766236674
-19.937548928330024
-19.948895717708698
-19.96009787073833
-19.971158986121694
-19.98208253149205
-17.677881309596568
-17.680543827166904
-17.683567207553356
-17.687015850585258
-17.690968045712395
-17.69551929466004
-17.700786389726424
-17.706912316880096
-17.714071934377564
-17.72247809844003
-17.732387312438306
-17.74410278396393
-17.757970506983483
-17.77435992189901
-17.79361403436939
-17.81594460259789
-17.84123993168811
-17.868760550523646
-17.896756662044698
-17.922197245601115
-17.941021100054794
-17.949305868975124
-17.953947957170506
-17.97062473431025
-17.998329473038954
-18.03506097246797
-18.078584582092148
-18.126774420312017
-18.177814789268044
-18.230270953277298
-18.28307440061405
-18.335467241181142
-18.386935859486904
-18.4371494564563
-18.48590939872515
-18.53311012471201
-18.578710159007688
-18.62271117296278
-18.665143124007407
-18.70605384621799
-18.745501837833938
-18.783551316677706
-18.820268871337817
-18.855721228688928
-18.88997379868495
-18.923089757832035
-18.955129503937755
-18.98615036488776
-19.016206479436317
-19.045348792723555
-19.07362512658337
-19.101080296888316
-19.12775625873629
-19.153692266299316
-19.178925038383063
-19.203488923715213
-19.227416062062662
-19.250736538731942
-19.27347853101823
-19.295668445864937
-19.317331048470646
-19.338489581897452
-19.359165877941663
-19.379380459656677
-19.399152635992497
-19.41850058905356
-19.43744145448788
-19.455991395515127
-19.47416567108421
-19.49197869862766
-19.509444111852183
-19.526574813975728
-19.543383026791236
-19.55988033590807
-19.576077732493804
-19.591985651812166
-19.60761400882779
-19.622972231125196
-19.638069289367415
-19.652913725500287
-19.66751367888975
-19.68187691056315
-19.6960108257101
-19.709922494584937
-19.723618671939878
-19.737105815106812
-19.75039010083527
-19.763477440984527
-19.776373497159533
-19.78908369437227
-19.801613233803533
-19.81396710473327
-19.826150095702225
-19.838166804962153
-19.850021650267117
-19.86171887805406
-19.87326257205693
-19.88465666139486
-19.895904928171923
-19.90701101462262
-17.614221035136314
-17.616486691592318
-17.619044938116254
-17.621945833047775
-17.625249906065992
-17.629030650887138
-17.633377627460256
-17.63840028673001
-17.644232605928252
-17.65103853569331
-17.659018045393548
-17.668413082827854
-17.679511805557627
-17.692647586714255
-17.70818590354371
-17.726486454863444
-17.74781928147814
-17.772204328233492
-17.799143859625303
-17.82725416374504
-17.853924162093392
-17.87534443175937
-17.887364225569712
-17.890570121821764
-17.903370788054453
-17.92772463345216
-17.96179387131275
-18.00337582811432
-18.050280538584342
-18.10057932932036
-18.152713454853874
-18.20550149420536
-18.258092820940483
-18.309902392235532
-18.36054671045649
-18.40978944215351
-18.457498702850447
-18.503615036630467
-18.548128116294986
-18.591060123649452
-18.63245406281445
-18.67236563528868
-18.71085765032523
-18.74799622332337
-18.783848227167937
-18.818479617238452
-18.851954362841507
-18.884333797413348
-18.915676255997777
-18.946036907983526
-18.975467720795656
-19.00401750967962
-19.03173204236515
-19.058654176984216
-19.08482401835479
-19.11027908247828
-19.135054462425856
-19.159182991123295
-19.182695398176975
-19.20562045902086
-19.22798513545048
-19.249814707147802
-19.271132894163017
-19.291961970557537
-19.312322869563406
-19.332235280704467
-19.351717739372155
-19.370787709367644
-19.389461658920986
-19.407755130684425
-19.425682806174972
-19.44325856511513
-19.46049554009133
-19.477406166920108
-19.49400223108219
-19.51029491055618
-19.526294815356128
-19.542012024051466
-19.55745611752408
-19.572636210194776
-19.587560978931254
-19.60223868983067
-19.616677223053
-19.630884095865504
-19.644866484044492
-19.658631241767598
-19.67218492011799
-19.685533784311136
-19.69868382974532
-19.71164079696785
-19.724410185641418
-19.73699726758737
-19.749407098976356
-19.76164453173068
-19.77371422419733
-19.78562065114572
-19.797368113139687
-19.808960745329106
-19.820402525703063
-19.831697282842764
-17.550999915258878
-17.552941507445926
-17.555122267123927
-17.557581404151737
-17.5603660542476
-17.563533133862133
-17.56715166089748
-17.571305648333457
-17.57609768499712
-17.581653304116298
-17.588126178717967
-17.59570401948349
-17.60461468174578
-17.6151312210712
-17.627573128466405
-17.642298162464886
-17.659674283159273
-17.680013491170374
-17.703439734766217
-17.729658066592403
-17.75761286627607
-17.785111855139704
-17.808685078914102
-17.824136893007793
-17.8285055107052
-17.83731774873526
-17.858127300018886
-17.88930346602412
-17.928715367476627
-17.974134700141853
-18.023530706069046
-18.075221009808352
-18.127906195347187
-18.180636007668777
-18.23274729362487
-18.283798221098507
-18.33351034849113
-18.381722173111704
-18.428353865028235
-18.47338139329814
-18.516817966058785
-18.55870092508283
-18.599082602774487
-18.638024010745998
-18.675590530520797
-18.711849009805
-18.74686584032304
-18.780705717981743
-18.81343087505468
-18.845100636934838
-18.87577120023142
-18.905495560040098
-18.934323536006154
-18.96230186209256
-18.98947431570473
-19.01588186937009
-19.04156285347518
-19.066553122290888
-19.090886218133203
-19.114593530339587
-19.13770444701921
-19.160246498421696
-19.182245491377373
-19.20372563467429
-19.224709655510686
-19.245218907337364
-19.26527346951162
-19.28489223924418
-19.304093016347128
-19.322892581295726
-19.341306767106463
-19.359350525514436
-19.377037987907492
-19.394382521446467
-19.41139678077097
-19.42809275566046
-19.44448181499126
-19.460574747302527
-19.476381798257737
-19.49191270526385
-19.507176729487515
-19.522182685486676
-19.53693896865666
-19.55145358067213
-19.56573415309025
-19.57978796926555
-19.59362198471388
-19.607242846050433
-19.620656908615803
-19.63387025289436
-19.646888699819545
-19.659717825053097
-19.67236297231715
-19.68482926585178
-19.697121622064195
-19.709244760430163
-19.721203213703337
-19.733001337483294
-19.74464331918909
-19.756133186481257
-17.488139863865477
-17.489814747573213
-17.4916866641203
-17.493786570596313
-17.49615145849944
-17.498825732036266
-17.50186293359586
-17.50532790361348
-17.509299477588556
-17.513873833614433
-17.519168598973312
-17.525327782451676
-17.532527476640592
-17.54098198736623
-17.550949436981412
-17.56273466778971
-17.57668495501753
-17.59316989546804
-17.612530064139833
-17.634969700305994
-17.660360828897467
-17.68793501615344
-17.715900272750687
-17.7411804191323
-17.75969348853408
-17.7675540044486
-17.772512467588477
-17.78960591878156
-17.817665399692153
-17.854674492673134
-17.89839730423219
-17.946716325244207
-17.997828728449146
-18.050313291629774
-18.10311352756844
-18.15548128606716
-18.20691038559544
-18.257075477157354
-18.305781807734355
-18.352926514115747
-18.39846995669958
-18.4424150261435
-18.48479246500641
-18.525650590230693
-18.56504817468378
-18.60304956894827
-18.63972139904459
-18.675130366421826
-18.70934181530319
-18.742418831745102
-18.774421709089815
-18.805407664028433
-18.835430722289253
-18.864541717385862
-18.89278836299572
-18.92021537157115
-18.946864600237674
-18.972775210975747
-18.997983836258
-19.022524744246823
-19.046429999712885
-19.069729618271293
-19.092451712530004
-19.11462262943259
-19.136267078545565
-19.15740825135338
-19.17806793182769
-19.19826659866415
-19.21802351965311
-19.237356838686576
-19.25628365591463
-19.274820101558333
-19.292981403869117
-19.31078195170085
-19.328235352133156
-19.345354483555038
-19.36215154458813
-19.378638099199453
-19.394825118325404
-19.41072301830183
-19.426341696370088
-19.441690563505524
-19.456778574793322
-19.471614257556805
-19.48620573742513
-19.500560762510638
-19.51468672585111
-19.528590686258237
-19.542279387701235
-19.55575927734304
-19.569036522336255
-19.58211702547656
-19.595006439802926
-19.60771018222607
-19.620233446259775
-19.63258121392309
-19.644758266875996
-19.65676919684551
-19.668618415394622
-19.680310163082257
-17.42557893024037
-17.42703265648848
-17.428649918443334
-17.43045535236208
-17.43247822058878
-17.434753438249786
-17.437322855808794
-17.440236864160685
-17.44355640430031
-17.44735547956373
-17.451724281410538
-17.456773041536675
-17.462636696544536
-17.469480361604575
-17.47750538824769
-17.486955298769555
-17.498119907407116
-17.51133404221184
-17.526963817951177
-17.545367550948363
-17.56680974717247
-17.591297343978145
-17.61830805880476
-17.64641982476779
-17.672975222717998
-17.694132326551006
-17.705756116843443
-17.70899201152395
-17.722223573881458
-17.746954473571055
-17.78132685707464
-17.823132666038433
-17.870187794449663
-17.920575495888144
-17.972750643604
-18.025544459268268
-18.078116820122872
-18.12989083360021
-18.180489046005274
-18.22967946411128
-18.27733324346635
-18.32339301110123
-18.36784983469151
-18.410726804254395
-18.452067492131864
-18.491927933027206
-18.530371108680082
-18.567463198456544
-18.60327106716229
-18.637860615421655
-18.671295728672995
-18.703637639459593
-18.734944573162664
-18.76527158631328
-18.794670533986668
-18.823190121985025
-18.85087601299461
-18.877770965371468
-18.903914989864273
-18.929345514260625
-18.954097549229072
-18.9782038509346
-19.001695077617754
-19.024599938450102
-19.046945333754895
-19.068756486212045
-19.09005706302381
-19.11086928925203
-19.13121405268629
-19.151111000690538
-19.17057862952227
-19.189634366636085
-19.208294646482113
-19.226574980295723
-19.24449002035285
-19.262053619138683
-19.27927888384839
-19.29617822660871
-19.312763410779688
-19.329045593667175
-19.345035365949407
-19.360742788095397
-19.376177424028985
-19.391348372270066
-19.406264294764483
-19.420933443595022
-19.435363685749028
-19.449562526102582
-19.463537128766912
-19.477294336929678
-19.490840691312368
-19.50418244735396
-19.51732559122163
-19.530275854740434
-19.543038729325776
-19.55561947899551
-19.56802315253174
-19.580254594856473
-19.592318457679973
-19.604219209475634
-17.36326757677884
-17.364536606288116
-17.365942332183792
-17.36750451385532
-17.36924648347485
-17.3711959144088
-17.373385777535944
-17.375855534937326
-17.378652633087004
-17.38183437247932
-17.38547024664706
-17.389644858063352
-17.394461525146568
-17.40004667987367
-17.406555091463325
-17.414175783046716
-17.42313812923556
-17.433716836058807
-17.446232961400924
-17.461045260843463
-17.478521142172223
-17.4989687098973
-17.52250173942114
-17.54880486815997
-17.576788486010813
-17.604215051086754
-17.62757417717545
-17.64266687326204
-17.64678260145111
-17.65603645917408
-17.67724329146617
-17.708747628644183
-17.748408681098255
-17.794000934898126
-17.843504156656344
-17.895249421410867
-17.947950458382994
-18.000668261674104
-18.052748572559505
-18.103756239487392
-18.15341766311766
-18.201574758001186
-18.24815005204979
-18.29312110548655
-18.3365021728092
-18.3783312601378
-18.4186610992755
-18.457552919396907
-18.49507219626384
-18.531285789448287
-18.566260048693533
-18.600059593857335
-18.6327465607376
-18.66438016716702
-18.695016497444104
-18.724708433836433
-18.75350568541149
-18.781454879553788
-18.80859969213362
-18.834980999746048
-18.86063704267792
-18.8856035909423
-18.909914108304058
-18.93359991103007
-18.956690319359424
-18.97921280056388
-19.001193103068967
-19.022655381512855
-19.04362231288918
-19.064115204093135
-19.08415409129539
-19.103757831626503
-19.12294418768055
-19.14172990535047
-19.160130785497174
-19.17816174993445
-19.19583690218632
-19.21316958344507
-19.230172424128366
-19.246857391404113
-19.263235833022826
-19.27931851776943
-19.29511567282024
-19.31063701826645
-19.32589179904269
-19.340888814478312
-19.355636445669884
-19.37014268085556
-19.3844151389563
-19.398461091433806
-19.412287482602167
-19.425900948517704
-19.43930783456083
-19.452514211813554
-19.46552589232726
-19.478348443367167
-19.49098720071246
-19.50344728108424
-19.515733593767347
-19.527850851486487
-17.30116588742768
-17.30227962792521
-17.30350839629582
-17.304868160529114
-17.306377668950322
-17.308059028813222
-17.309938423025773
-17.3120470011886
-17.314421990827654
-17.317108086627286
-17.320159189637053
-17.323640584236866
-17.327631656122893
-17.332229264850458
-17.337551878817017
-17.343744536742506
-17.35098457325803
-17.35948775096621
-17.3695138152485
-17.38136923864983
-17.39540255422203
-17.411983453938866
-17.43144995236747
-17.45399852963291
-17.47948454514591
-17.507110107646753
-17.535040666022134
-17.560155176441025
-17.578352427021745
-17.585786201658543
-17.591092423431906
-17.608600793370762
-17.637012466279863
-17.67429633926966
-17.718215702070335
-17.76666165992586
-17.817844334108308
-17.870355990170886
-17.923152092309035
-17.97549414627565
-18.026883328027008
-18.076999676209127
-18.125652270236735
-18.172740909878804
-18.218227765837476
-18.262116930008855
-18.304439917440007
-18.345245519189675
-18.38459277676069
-18.422546169441475
-18.459172357985302
-18.494538016659774
-18.52870842285496
-18.561746571525212
-18.59371265120295
-18.624663767248478
-18.65465383236656
-18.68373356853696
-18.711950581429978
-18.739349480260277
-18.76597202438091
-18.791857283787134
-18.817041804824168
-18.84155977528927
-18.865443185148628
-18.88872198050756
-18.91142420945748
-18.933576159101467
-18.95520248352215
-18.97632632276366
-18.99696941309997
-19.017152188986167
-19.036893877160985
-19.056212583403543
-19.075125372457638
-19.093648341630104
-19.11179668855258
-19.12958477357184
-19.147026177206303
-19.16413375307678
-19.180919676689612
-19.19739549042116
-19.213572145024365
-19.229460037951274
-19.24506904876072
-19.260408571856605
-19.275487546781175
-19.290314486267626
-19.304897502238333
-19.319244329918522
-19.333362350220003
-19.347258610535903
-19.36093984407483
-19.374412487851636
-19.38768269944142
-19.400756372594394
-19.413639151800492
-19.426336445884967
-19.43885344070935
-19.451195111045653
-17.239241460861074
-17.240223806006053
-17.241303557078094
-17.242493712062664
-17.2438094490773
-17.245268565000913
-17.2468920160126
-17.24870458635767
-17.250735718834083
-17.25302054952804
-17.25560120051865
-17.258528397742552
-17.2618634966198
-17.265681013977577
-17.270071777561977
-17.27514680561402
-17.28104200092673
-17.287923650795218
-17.295994496448184
-17.3054996401478
-17.316730551914183
-17.330023498956834
-17.345745187213307
-17.3642524469391
-17.385804049409362
-17.41039358728567
-17.43747375846945
-17.465583687238404
-17.49201962131617
-17.5129082292788
-17.524132461319308
-17.52742966241636
-17.54109072633424
-17.56619632727381
-17.60086907323746
-17.64289599577142
-17.690099150722997
-17.740573843481656
-17.792788566763143
-17.84558712203666
-17.898139807007396
-17.94987779933799
-18.00042962206786
-18.049567569759557
-18.097165798848348
-18.143168990914685
-18.187569588291158
-18.230391575009854
-18.271679081774586
-18.31148846971674
-18.349882888458364
-18.386928578249435
-18.42269239379397
-18.457240179674244
-18.490635736681334
-18.522940196034675
-18.554211673258465
-18.584505111990126
-18.613872255023015
-18.64236169885011
-18.670019001288125
-18.696886821112884
-18.72300507520901
-18.74841110335677
-18.773139834024395
-18.797223946810785
-18.820694028775648
-18.843578723002423
-18.86590486850508
-18.887697631113227
-18.908980625321934
-18.92977602732373
-18.950104679585987
-18.969986187423697
-18.98943900806259
-19.008480532704805
-19.027127162107213
-19.04539437616809
-19.06329679799576
-19.08084825290577
-19.098061822764365
-19.114949896065983
-19.131524214103035
-19.147795913557548
-19.163775565817176
-19.179473213292322
-19.194898402987416
-19.210060217557256
-19.22496730405901
-19.239627900591824
-19.25404986099895
-19.268240677791834
-19.2822075034412
-19.2959571701677
-19.309496208352463
-19.32283086367784
-19.33596711309848
-19.34891067973446
-19.36166704677005
-19.374241470434743
-17.177467809392105
-17.178338309377924
-17.179291783944837
-17.18033888705216
-17.181491994949777
-17.18276554108614
-17.18417642659267
-17.18574452547828
-17.18749330888522
-17.18945061940477
-17.191649634853306
-17.194130071381203
-17.19693968853143
-17.200136173736716
-17.20378949977097
-17.207984863070884
-17.212826317104494
-17.218441199098578
-17.224985381861714
-17.232649208674555
-17.24166357989055
-17.25230485383067
-17.264895645572693
-17.279795673539976
-17.297371711737835
-17.317927804509594
-17.34156726470594
-17.36795387901627
-17.395963555384267
-17.423313280286358
-17.4464529259917
-17.461182105906083
-17.46507562922667
-17.47477011235122
-17.4963721261968
-17.52820193174097
-17.56810933997605
-17.613871990495493
-17.663480352179423
-17.715278984171025
-17.767994712791246
-17.820699701165022
-17.872748502360196
-17.923712573587157
-17.973323100639355
-18.02142537215415
-18.0679442423273
-18.11285883995789
-18.15618444997735
-18.19795973175455
-18.238237808837713
-18.27708012274297
-18.314552239956626
-18.350721029594062
-18.385652797922805
-18.41941208782941
-18.452060938107426
-18.48365845876867
-18.51426062172093
-18.543920196443025
-18.57268678154079
-18.60060689798367
-18.627724120297117
-18.654079229347072
-18.679710375527492
-18.70465324479771
-18.7289412225689
-18.752605552225642
-18.775675486314743
-18.79817842929671
-18.820140071347648
-18.84158451310009
-18.86253438147662
-18.88301093694026
-18.903034172588878
-18.92262290557781
-18.941794861379755
-18.96056675139434
-18.978954344408802
-18.996972532391062
-19.014635391070808
-19.03195623573579
-19.048947672640722
-19.06562164639639
-19.081989483677727
-19.098061933561798
-19.11384920478064
-19.12936100014931
-19.144606548407115
-19.159594633688812
-19.17433362282369
-19.188831490642656
-19.2030958434576
-19.217133940862617
-19.230952715993467
-19.244558794369457
-19.25795851143115
-19.271157928877162
-19.28416284989449
-19.296978833368353
-17.115823133424147
-17.11659789186651
-17.11744372769599
-17.11836943137164
-17.11938516384984
-17.120502714164466
-17.12173581339903
-17.123100518996175
-17.124615687115227
-17.126303555570043
-17.128190466032557
-17.130307761989034
-17.132692908711697
-17.135390893514266
-17.138455978800614
-17.14195389626003
-17.14596458596367
-17.15058559405823
-17.15593623622461
-17.162162588262035
-17.16944323455339
-17.17799540159484
-17.188080461656465
-17.200006512601487
-17.21412332092149
-17.230800610714688
-17.25037370320896
-17.273031074479903
-17.298611027882124
-17.32628571858417
-17.35417767669144
-17.379121324427302
-17.396997770691325
-17.40400244394395
-17.409687781947188
-17.42760927856388
-17.456370575140355
-17.49392641408978
-17.53803968869493
-17.586610353927963
-17.63786155278054
-17.69039901035364
-17.743190068279315
-17.795505804353407
-17.846854675977397
-17.896922047528264
-17.94552078342451
-17.992553311417403
-18.037983587311498
-18.081816886395366
-18.124085483724254
-18.164838635838066
-18.20413564696302
-18.24204112109558
-18.27862175106217
-18.3139441822204
-18.348073624043632
-18.381072979744793
-18.41300233271079
-18.443918676840784
-18.47387581182236
-18.502924348196665
-18.53111178377763
-18.55848262472569
-18.585078532821704
-18.610938486282194
-18.636098945530463
-18.66059401819854
-18.684455619639554
-18.70771362663031
-18.730396022915897
-18.752529035917913
-18.77413726438287
-18.795243797051533
-18.81587032262679
-18.836037231440045
-18.855763709286126
-18.875067823930507
-18.893966604802074
-18.912476116377597
-18.930611525746365
-18.94838716481939
-18.965816587619624
-18.98291262306025
-18.999687423588174
-19.016152510040634
-19.032318813034664
-19.048196711182516
-19.063796066401125
-19.079126256560574
-19.094196205695003
-19.10901441197975
-19.12358897366036
-19.137927613102736
-19.152037699118534
-19.165926267706322
-19.179600041336464
-19.1930654468965
-19.20632863240343
-19.219395482580094
-17.054289376505842
-17.054981742636443
-17.055735316001797
-17.05655739512248
-17.057456376738056
-17.058441955355576
-17.059525365155878
-17.060719674465684
-17.062040145715656
-17.063504677280925
-17.06513434805477
-17.06695409129808
-17.068993531542667
-17.071288027433663
-17.073879974667
-17.07682043672738
-17.080171186593947
-17.084007258485794
-17.088420121245743
-17.093521585490706
-17.09944852705816
-17.106368412977247
-17.114485381680566
-17.124046120733265
-17.13534375469916
-17.148715973426093
-17.164530026180604
-17.18314115091276
-17.204802180139108
-17.22949301933196
-17.256640871070857
-17.2847456037227
-17.311057167402893
-17.331671969543724
-17.34249319545485
-17.345883046581758
-17.359972175858765
-17.385450100621835
-17.42042042018203
-17.462665725920857
-17.510014531441378
-17.560574313322643
-17.612827181288736
-17.665629452426764
-17.71816176150574
-17.76986327674197
-17.820368431221986
-17.869453755368895
-17.916996367792017
-17.9629429765538
-18.00728737867277
-18.050054438177774
-18.091288834402633
-18.131047248220618
-18.16939299259539
-18.20639236562226
-18.242112209911802
-18.27661831273868
-18.309974389482278
-18.342241469617303
-18.373477558623275
-18.403737487212428
-18.433072885967107
-18.461532242206918
-18.489161009053976
-18.516001745900127
-18.542094275971333
-18.56747585124694
-18.592181318196953
-18.616243280048568
-18.639692252865316
-18.662556813816355
-18.68486374076897
-18.70663814285382
-18.727903581999197
-18.748682185658158
-18.768994751095818
-18.78886084168878
-18.80829887573293
-18.827326208271792
-18.845959206455362
-18.86421331892439
-18.882103139692823
-18.899642466974054
-18.91684435736757
-18.93372117579285
-18.95028464152753
-18.966545870678654
-18.98251541538837
-18.998203300050147
-19.01361905478759
-19.02877174642609
-19.043670007167204
-19.058322061157117
-19.072735749123474
-19.08691855123947
-19.10087760835998
-19.11461974176143
-19.128151471505916
-19.141479033539
-16.992851491462755
-16.99347259820828
-16.994146674505597
-16.99487981631067
-16.995679005550116
-16.996552265818558
-16.99750885011254
-16.998559468114053
-16.999716562492917
-17.000994646201537
-17.00241071594521
-17.003984761124673
-17.005740392810203
-17.00770562401017
-17.009913840966775
-17.012405015761544
-17.01522722333786
-17.018438540984366
-17.022109424354433
-17.026325668351397
-17.031192066987856
-17.036836869276893
-17.043417059039726
-17.051124307396297
-17.060191046813884
-17.070895289473075
-17.0835611973632
-17.098549416332506
-17.116226002897204
-17.136890773481824
-17.160636283595053
-17.187105029154925
-17.215137946248365
-17.242406361545516
-17.265321139024003
-17.27968248491562
-17.283384581786546
-17.293518650526007
-17.315513715980376
-17.347666275695126
-17.38781724896951
-17.43374778559986
-17.48345922838214
-17.53530965025489
-17.588038924650572
-17.64073030314665
-17.692747068200703
-17.743667214472676
-17.793226656285064
-17.841274013659575
-17.88773643587593
-17.932594597991038
-17.975864799641858
-18.01758634249004
-18.057812734276
-18.096605623707656
-18.134030664531622
-18.170154733118796
-18.205044090790338
-18.238763202556004
-18.271374009687598
-18.30293551412318
-18.333503575304892
-18.36313084996547
-18.39186682636733
-18.419757919229525
-18.446847601923594
-18.47317655978987
-18.498782853536184
-18.52370208527208
-18.54796756225218
-18.5716104551667
-18.594659949047553
-18.617143385710246
-18.639086397236404
-18.660513030396807
-18.68144586217618
-18.701906106728416
-18.721913714192127
-18.74148746185205
-18.76064503815586
-18.779403120098607
-18.797777444475567
-18.81578287348399
-18.833433455128507
-18.850742478856162
-18.867722526817566
-18.88438552112065
-18.900742767414844
-18.91680499511562
-18.932582394553457
-18.948084651306836
-18.96332097795633
-18.97830014347599
-18.993030500459263
-19.007520010358938
-19.02177626690493
-19.03580651784887
-19.049617685171594
-19.06321638387717
-16.93149686640831
-16.93205605162879
-16.932661292013368
-16.933317707902845
-16.934031138996932
-16.934808266684076
-16.935656760771103
-16.9365854561763
-16.93760456656523
-16.938725943716225
-16.939963393715125
-16.94133306404212
-16.94285391941192
-16.94454832909193
-16.94644279462888
-16.94856885478008
-16.950964214296153
-16.95367415528895
-16.956753304231814
-16.96026784351437
-16.964298271792288
-16.968942826968686
-16.974321678212856
-16.980581945579107
-16.987903470918674
-16.996504951680816
-17.006649390690985
-17.018646505742286
-17.032847271405736
-17.049621379003458
-17.069301320325753
-17.09206731776564
-17.1177402229328
-17.14546174042123
-17.173311137803967
-17.198078670179527
-17.215629378085854
-17.222202719915007
-17.22829849882365
-17.246631293874888
-17.2757396283199
-17.31356461920321
-17.357869177720886
-17.406562337432113
-17.457880331570454
-17.510442314105095
-17.563227429290826
-17.615516243120265
-17.666824418838537
-17.71684258516886
-17.765387344584155
-17.812363718210957
-17.857737422053
-17.901514897165427
-17.943729166290495
-17.984429942926997
-18.02367678819222
-18.06153442684865
-18.09806958117511
-18.13334886591771
-18.16743742156818
-18.200398058971476
-18.232290756042005
-18.263172395093303
-18.29309666280596
-18.322114058380162
-18.35027197192576
-18.377614806733224
-18.40418412721187
-18.43001882000601
-18.455155259822398
-18.479627474327476
-18.50346730445241
-18.526704557826363
-18.549367154017986
-18.571481260925932
-18.593071422108025
-18.61416067513823
-18.634770661274608
-18.65492172684139
-18.674633016796932
-18.69392256099201
-18.712807353631735
-18.731303426446665
-18.74942591606101
-18.76718912602115
-18.78460658392009
-18.80169109402379
-18.8184547857754
-18.834909158524436
-18.851065122799493
-18.86693303841684
-18.882522749692058
-18.89784361799892
-18.912904551898208
-18.9277140350396
-18.942280152021663
-18.9566106123787
-18.970712772847975
-18.98459365805744
-16.870214872702512
-16.870720011228048
-16.871265369907583
-16.871855272671397
-16.872494631133524
-16.873189041354195
-16.873944899315255
-16.874769539255176
-16.87567140004007
-16.87666022605661
-16.87774731078357
-16.878945793334445
-16.880271020999793
-16.8817409943248
-16.88337691575062
-16.885203868589024
-16.887251660395695
-16.88955587398641
-16.892159180691294
-16.895112984069332
-16.898479477817226
-16.90233421747645
-16.90676931783121
-16.911897387742112
-16.91785628297842
-16.92481465792846
-16.932978055703195
-16.942594754368788
-16.953959531435633
-16.96741148209303
-16.983318349572354
-17.002033670566462
-17.023804130507518
-17.048595599882997
-17.075809307047958
-17.103905424742017
-17.13008766985047
-17.1504233792832
-17.160838260685953
-17.164352134428036
-17.178867851715562
-17.204715699173242
-17.23998079838153
-17.28244176555362
-17.329933861243013
-17.380576847224486
-17.432866444645725
-17.485671420756418
-17.538182663831346
-17.589847253324034
-17.640305466199855
-17.68933801731649
-17.736824949164994
-17.782714968549012
-17.8270032074454
-17.869715396038355
-17.91089675268605
-17.950604271406633
-17.988901424027205
-18.025854563493525
-18.061530518361366
-18.095995017353225
-18.129311689686872
-18.161541462681264
-18.192742231590223
-18.22296871417368
-18.252272428876655
-18.280701753983013
-18.30830203809622
-18.335115741420886
-18.361182593729854
-18.386539759407896
-18.411222003128657
-18.43526185194169
-18.458689751098646
-18.48153421202785
-18.503821951612107
-18.525578022434097
-18.546825933995333
-18.567587765138935
-18.587884268047315
-18.607734964268992
-18.627158233271597
-18.646171394033615
-18.664790780184315
-18.683031809186243
-18.700909046032017
-18.718436261900127
-18.735626488185336
-18.7524920662893
-18.769044693527622
-18.785295465481028
-18.801254915091153
-18.816933048776082
-18.832339379817054
-18.84748295924565
-18.862372404440826
-18.87701592562638
-18.89142135044273
-18.905596146751243
-16.808996506572175
-16.809454273666912
-16.809947311575762
-16.81047929025391
-16.81105436259453
-16.81167724146612
-16.812353291199667
-16.813088636636824
-16.81389029360346
-16.814766325626582
-16.815726032924367
-16.81678018124352
-16.817941280091265
-16.81922392243565
-16.820645201185624
-16.822225221911946
-16.8239877365782
-16.82596092981135
-16.828178397779432
-16.830680370371716
-16.83351524028209
-16.836741477595645
-16.84043002451157
-16.84466727893597
-16.849558780957473
-16.855233697947625
-16.861850132186788
-16.869601090312322
-16.87872054318244
-16.88948815813458
-16.902229633174546
-16.917306504919505
-16.935084026408187
-16.95585761464215
-16.979708767862228
-17.006258246725235
-17.034311528305945
-17.061494112379705
-17.084178631211497
-17.09816790861975
-17.101709445140887
-17.11228201457901
-17.134667971861735
-17.16714056080969
-17.20753231330636
-17.25362823945327
-17.30344072161451
-17.355341372367445
-17.40808306047554
-17.460760044956423
-17.512744255498205
-17.56362015339204
-17.613128325404055
-17.66112068068837
-17.707526632765294
-17.752328380899954
-17.795543223902985
-17.837211094913567
-17.877385878411257
-17.916129425216216
-17.953507472920258
-17.98958690289612
-18.02443393007167
-18.05811294069057
-18.090685777996686
-18.122211335608984
-18.15274536043408
-18.18234039650459
-18.211045821859848
-18.23890794513436
-18.265970138737362
-18.292272992687323
-18.31785447821273
-18.342750113777086
-18.36699312867528
-18.390614621090773
-18.413643708717597
-18.436107670892095
-18.458032081755967
-18.479440934361712
-18.500356755889058
-18.520800714305466
-18.540792716903486
-18.56035150120159
-18.579494718718525
-18.59823901213322
-18.616600086330433
-18.63459277381177
-18.65223109492587
-18.66952831334272
-18.68649698716748
-18.703149016059367
-18.71949568469223
-18.735547702866086
-18.75131524255249
-18.766807972132767
-18.78203508806524
-18.797005344197075
-18.811727078917205
-18.8262082403294
-16.747834103158308
-16.74825018491133
-16.748697318996655
-16.749178635321726
-16.749697662883403
-16.750258391485364
-16.75086534468799
-16.75152366634073
-16.752239223601194
-16.753018730043497
-16.753869893342138
-16.754801593139128
-16.755824096130304
-16.756949317229836
-16.75819113800495
-16.759565796562217
-16.761092366898414
-16.762793350634794
-16.764695410312346
-16.766830281355723
-16.769235909739812
-16.77195787456064
-16.775051169097683
-16.77858242985824
-16.782632718323523
-16.78730096935383
-16.792708211848588
-16.799002617322323
-16.806365292814682
-16.815016413726752
-16.825220616906012
-16.83728923420858
-16.85157442192595
-16.868445771810016
-16.888232806870263
-16.911107241405496
-16.936872074479773
-16.96463806248071
-16.992440880656748
-17.01702702107536
-17.034247111224932
-17.04038891826046
-17.046924528209132
-17.065666757869852
-17.095119527595006
-17.133210856931466
-17.177704083295684
-17.22651754123069
-17.277900618149502
-17.330485863822624
-17.38326414951958
-17.435525445666055
-17.48679254619611
-17.536761283320672
-17.585251951095106
-17.632172129801155
-17.67748927103391
-17.721210964206858
-17.763370967585008
-17.804019443215402
-17.843216203352696
-17.88102608963851
-17.91751585122172
-17.95275207056207
-17.986799818123163
-18.019721811768083
-18.051577923620318
-18.08242492428904
-18.112316387461846
-18.141302701098006
-18.16943114775707
-18.196746028044576
-18.22328880919933
-18.249098286500026
-18.274210749142092
-18.298660145025767
-18.322478240851012
-18.34569477527985
-18.368337603873947
-18.39043283516721
-18.41200495767576
-18.433076957942976
-18.453670429907998
-18.47380567600408
-18.493501800460205
-18.512776795311122
-18.531647619629002
-18.55013027248188
-18.568239860105866
-18.585990657753648
-18.603396166653624
-18.620469166484753
-18.63722176374197
-18.653665436338304
-18.669811074761228
-18.68566902007476
-18.701249099033546
-18.71656065655247
-18.731612585753588
-18.746413355793013
-16.68672110694293
-16.687100369310222
-16.68750707190279
-16.687943896259476
-16.68841385548228
-16.688920343977674
-16.68946719598602
-16.69005875468614
-16.690699954072187
-16.691396416314724
-16.692154567966043
-16.692981779188546
-16.693886531223615
-16.694878618639112
-16.695969394578803
-16.697172069391673
-16.698502075778954
-16.699977517134744
-16.7016197202881
-16.703453919644996
-16.705510107085093
-16.70782409121932
-16.71043882104539
-16.713406042742882
-16.716788373909285
-16.72066189536879
-16.7251193727262
-16.730274218990676
-16.7362652767837
-16.74326239549276
-16.751472530347446
-16.761145554969097
-16.772577897849217
-16.786110041424582
-16.802110171970227
-16.820930013205636
-16.842809890837344
-16.867701287271565
-16.894978974811675
-16.923062998793434
-16.94911093697114
-16.969162292887464
-16.979167603476277
-16.982836894698888
-16.99777768200232
-17.023993028006682
-17.05955010841866
-17.102224024204368
-17.14985706536904
-17.2005813875901
-17.25290631480297
-17.30571299774137
-17.358202494496197
-17.409829716812297
-17.460240719886194
-17.509220352084768
-17.556651541905943
-17.60248496747749
-17.646717076247825
-17.6893744508897
-17.73050283930469
-17.770159542146892
-17.808408185690478
-17.84531517477997
-17.880947321984934
-17.915370296251933
-17.948647639901452
-17.980840177695416
-18.012005694487478
-18.0421987950625
-18.071470885804686
-18.099870236101488
-18.12744209021468
-18.154228809358866
-18.18027003005947
-18.205602829312937
-18.230261890198193
-18.254279663780892
-18.27768652468474
-18.300510918770268
-18.32277950209764
-18.34451727085211
-18.36574768224804
-18.386492766647766
-18.406773231270257
-18.426608555945894
-18.44601708141537
-18.465016090685427
-18.48362188395052
-18.501849847574068
-18.519714517600175
-18.53722963823954
-18.554408215743997
-18.571262568054387
-18.587804370576876
-18.604044698414402
-18.619994065352923
-18.63566245987661
-18.651059378462676
-18.666193856384414
-16.625651886346503
-16.62599851177114
-16.626369471005997
-16.62676707142694
-16.627193897276552
-16.62765284998425
-16.628147195405294
-16.628680619346415
-16.629257293051477
-16.62988195070227
-16.6305599814678
-16.63129753923701
-16.6321016739291
-16.632980489237465
-16.633943332885238
-16.63500102702826
-16.636166148431613
-16.637453370594415
-16.638879883263687
-16.64046590896429
-16.64223534152583
-16.644216538404763
-16.646443307206763
-16.64895613752042
-16.65180374215888
-16.655044986967415
-16.658751304385607
-16.663009699891646
-16.66792646521832
-16.673631692703246
-16.680284610555493
-16.688079568594333
-16.697252082246724
-16.708083475025195
-16.720900969427127
-16.736066954914666
-16.753945792735642
-16.774828325155998
-16.798784688058028
-16.82541345801184
-16.85348416911572
-16.880576349074577
-16.903025218885446
-16.91663827978347
-16.92005020356045
-16.9310601440319
-16.953834804185483
-16.986624687329833
-17.027254438593747
-17.073513271877502
-17.123424768831548
-17.175374103749277
-17.228127087212858
-17.280788904260657
-17.332740049910488
-17.383571381764405
-17.43302810346444
-17.48096537149225
-17.527314833118655
-17.57206019003314
-17.615219724882227
-17.656833991606508
-17.696957244070223
-17.735651530195536
-17.77298266805285
-17.809017541796788
-17.843822318538354
-17.877461304881972
-17.90999624554837
-17.941485925599537
-17.971985979341667
-18.00154883815647
-18.030223769982527
-18.058056977536882
-18.085091732458686
-18.111368529648537
-18.13692525106233
-18.161797331721083
-18.186017923156516
-18.20961805123256
-18.232626766481985
-18.255071285927407
-18.276977125924777
-18.298368225951425
-18.31926706351451
-18.339694760517464
-18.359671181519644
-18.379215024377263
-18.398343903775967
-18.417074428166767
-18.435422270605123
-18.45340223397178
-18.471028311028256
-18.488313739730952
-18.50527105419809
-18.52191213169411
-18.538248235967107
-18.55429005724762
-18.570047749190806
-18.585530963020144
-16.564621583146856
-16.564939181599428
-16.565278431249062
-16.565641325706377
-16.566030090898582
-16.566447217933142
-16.566895501441675
-16.567378084457637
-16.567898511110645
-16.568460788705014
-16.569069461105528
-16.56972969579791
-16.570447387550143
-16.57122928230492
-16.572083125824648
-16.57301784274138
-16.574043753104526
-16.575172835358245
-16.576419047033685
-16.57779871745696
-16.579331030639054
-16.58103862146228
-16.582948314590013
-16.585092043521545
-16.58750799721577
-16.590242053956327
-16.59334957658718
-16.59689765917719
-16.60096793030578
-16.605660027027078
-16.611095844249014
-16.61742461218037
-16.624828710771265
-16.633529800309176
-16.64379415492326
-16.655934714173725
-16.67030478869067
-16.68727380192807
-16.70716816547182
-16.730150826290703
-16.756006525037247
-16.783814571945946
-16.811566734839378
-16.835966184884303
-16.852850835709994
-16.858584224799873
-16.865565822725998
-16.884715588191167
-16.914510174494424
-16.952865029861922
-16.99754432010515
-17.04647589672694
-17.097922360753127
-17.15052962237016
-17.203300203502454
-17.25553339534761
-17.306759047827217
-17.3566781363074
-17.405114600428487
-17.45197854579106
-17.497239135266113
-17.54090508943247
-17.583010890068742
-17.62360713946979
-17.66275389535166
-17.700516112402624
-17.736960564097167
-17.77215379896015
-17.80616081639872
-17.83904424069261
-17.870863837864484
-17.90167626670607
-17.931534987929687
-17.960490278356147
-17.988589313149866
-18.015876290417303
-18.04239258042814
-18.068176887302066
-18.093265414928293
-18.11769203163998
-18.141488430096274
-18.16468428017219
-18.18730737359149
-18.209383759681092
-18.23093787206206
-18.25199264638301
-18.2725696293897
-18.29268907974027
-18.312370061041136
-18.33163052760941
-18.350487403474908
-18.368956655126517
-18.387053358489084
-18.40479176059229
-18.42218533636511
-18.439246840959512
-18.455988357977645
-18.47242134394711
-18.48855666936147
-18.504404656576067
-16.50362598951445
-16.503917689231066
-16.50422871437041
-16.504560794199687
-16.504915853823988
-16.505296041113834
-16.50570375799887
-16.506141696944145
-16.50661288359874
-16.507120726820332
-16.507669077544797
-16.50826229830094
-16.50890534558363
-16.509603867817713
-16.51036432229836
-16.51119411531929
-16.512101770747574
-16.513097133635867
-16.5141916171626
-16.51539850336416
-16.516733310907284
-16.518214246718912
-16.519862762862406
-16.52170424588933
-16.52376887331365
-16.52609268117879
-16.528718898199664
-16.531699615742966
-16.535097878515142
-16.53899029661347
-16.543470291377318
-16.548652085906205
-16.554675516627157
-16.561711635580448
-16.569968817517818
-16.579698536520524
-16.591198869716326
-16.60481166787807
-16.620905507811766
-16.6398301857321
-16.661819450609475
-16.686810038373906
-16.714149780730054
-16.742218172371867
-16.76812677660189
-16.787888547315518
-16.797481175362535
-16.80133729448506
-16.81670159367672
-16.84328199174496
-16.879128251002463
-16.92201241188375
-16.969784069665092
-17.02058787740977
-17.07294675022965
-17.125754154491545
-17.17822123430757
-17.229810655148512
-17.280174185316312
-17.329100756259972
-17.376476145023545
-17.422252973962447
-17.46642898674803
-17.509031605047486
-17.550107096947976
-17.58971306331764
-17.627913280522417
-17.66477420239648
-17.70036262362144
-17.73474415216462
-17.76798224272763
-17.80013761712367
-17.831267949638253
-17.86142773206266
-17.890668258799536
-17.91903769048097
-17.94658116720497
-17.97334095139383
-17.99935658653138
-18.02466506243191
-18.04930098078103
-18.073296716853942
-18.096682574829927
-18.11948693517443
-18.141736393286344
-18.163455889103705
-18.184668827692963
-18.20539719106447
-18.225661641592655
-18.245481617499408
-18.264875420899507
-18.283860298920978
-18.3024525184091
-18.320667434707026
-18.338519554982984
-18.356022596546747
-18.373189540568884
-18.39003268158624
-18.406563673147986
-18.422793569927684
-16.442661447076627
-16.442929969090144
-16.44321579255226
-16.443520423034133
-16.443845531923287
-16.44419297859883
-16.44456483610461
-16.444963420957084
-16.44539132785606
-16.44585147022833
-16.446347127733873
-16.44688200211212
-16.447460283053648
-16.448086726167567
-16.44876674559684
-16.449506524440313
-16.450313146905884
-16.451194757088917
-16.45216075050275
-16.45322200605918
-16.45439116820461
-16.45568299148838
-16.457114763134754
-16.458706823412694
-16.460483208998003
-16.462472451396998
-16.46470857117676
-16.46723231953177
-16.470092731782078
-16.47334907252021
-16.477073268149123
-16.481352936321727
-16.48629512601984
-16.49203086119005
-16.49872050346193
-16.506559753485547
-16.51578567733076
-16.526681255415507
-16.539575222557247
-16.554830781841698
-16.572811312041473
-16.593802901509502
-16.617864013487235
-16.64457058741477
-16.672655734098733
-16.699652886750016
-16.72186071988415
-16.735093505687026
-16.73840683958234
-16.749852977067707
-16.77301412262049
-16.806118555462408
-16.84698353082915
-16.893402803277446
-16.943411307591983
-16.99540779817324
-17.0481709722376
-17.10081685905114
-17.152734437333194
-17.203520891177867
-17.252925986051615
-17.300808084402604
-17.34710103711213
-17.391790026773084
-17.434894304721936
-17.476455035162058
-17.516526834085298
-17.555171941574045
-17.592456252858526
-17.628446652688602
-17.663209258957952
-17.69680829777447
-17.729305414851435
-17.760759286463337
-17.79122543425594
-17.820756177012438
-17.849400672695012
-17.877205018271493
-17.904212384803778
-17.930463172278824
-17.955995173586647
-17.980843740509155
-18.005041947011158
-18.028620746823922
-18.05160912349519
-18.074034231898906
-18.095921530759032
-18.11729490612045
-18.13817678594986
-18.158588246208666
-18.178549108835593
-18.198078032128336
-18.21719259403494
-18.23590936886648
-18.254243997930093
-18.272211254560215
-18.289825103999945
-18.30709875855535
-18.324044728416073
-18.340674868505573
-16.381724763651732
-16.381972483314016
-16.38223573679073
-16.38251583955127
-16.3828142480539
-16.38313257809567
-16.383472625979834
-16.383836393000283
-16.38422611384281
-16.384644289626188
-16.385093726457235
-16.38557758056074
-16.386099411275985
-16.386663243498855
-16.387273641506397
-16.38793579654902
-16.388655631158525
-16.389439923830285
-16.39029645863632
-16.391234205466834
-16.392263538050372
-16.39339649875802
-16.394647121570856
-16.396031827632086
-16.39756991170456
-16.399284142845787
-16.401201508978446
-16.40335414309482
-16.405780478911538
-16.408526696120838
-16.411648529911357
-16.415213535384158
-16.419303912521364
-16.424020005843524
-16.42948458258206
-16.43584793890237
-16.443293735387606
-16.452045124078587
-16.46237001943162
-16.4745829618463
-16.489038387861637
-16.50610548193196
-16.526107398222358
-16.549198052267272
-16.57514351542921
-16.602991153855246
-16.63068852827712
-16.6548959698719
-16.67144042082768
-16.676795503599717
-16.684222333487668
-16.7037777015819
-16.733911470320958
-16.77252704086149
-16.81738980337896
-16.866437335934837
-16.91794550817787
-16.970573553074463
-17.023335566133632
-17.075540075785742
-17.126723913698065
-17.176593138584934
-17.22497529014588
-17.27178296584423
-17.316987015800827
-17.36059727477965
-17.402648936216995
-17.44319303446407
-17.48228986709902
-17.520004498078013
-17.55640372269417
-17.591554053914916
-17.625520419080523
-17.658365348298233
-17.690148501188297
-17.72092642461753
-17.750752466344366
-17.779676792155918
-17.807746469978074
-17.835005595604848
-17.861495442538473
-17.887254623946347
-17.9123192586164
-17.936723135513542
-17.9604978734462
-17.983673073682116
-18.00627646427582
-18.02833403550463
-18.049870166240776
-18.070907741373567
-18.091468260580594
-18.111571938860408
-18.13123779930335
-18.15048375860697
-18.16932670584908
-18.18778257502259
-18.205866411817617
-18.223592435111385
-18.24097409359838
-18.258024117963505
-16.320813144232485
-16.32104214223896
-16.32128512503996
-16.321543245898216
-16.32181777843762
-16.32211013189802
-16.322421868671203
-16.32275472451206
-16.323110631896125
-16.323491747088795
-16.32390048160688
-16.324339538894495
-16.32481195720981
-16.32532115993464
-16.325871014786514
-16.326465903746282
-16.327110805930886
-16.3278113961643
-16.328574162658125
-16.329406548046137
-16.330317119073214
-16.331315771582513
-16.332413979159387
-16.3336250959828
-16.334964727243882
-16.336451184091437
-16.338106044676014
-16.33995484875429
-16.342027960795093
-16.344361645924696
-16.346999414641136
-16.349993706085133
-16.35340799530537
-16.357319425692815
-16.361822079270176
-16.36703099520622
-16.37308701071924
-16.380162388168547
-16.38846692919209
-16.39825371308067
-16.40982246286285
-16.423516377897972
-16.439704371383684
-16.45873419463192
-16.480832798443874
-16.50592180858639
-16.533321629114138
-16.561370789994104
-16.587134996191377
-16.606601982210485
-16.61577893299561
-16.61985329923614
-16.63563951257948
-16.662582494578576
-16.6987151269849
-16.74180683908636
-16.789714800582665
-16.8405962602589
-16.8929877098916
-16.94579486250735
-16.998238864364865
-17.04979005648557
-17.100105855674208
-17.148979226530773
-17.196298757595518
-17.24201898867241
-17.286138940642743
-17.328686860844616
-17.36970952831466
-17.409264837799117
-17.447416711460644
-17.48423164925604
-17.519776426106443
-17.55411658781684
-17.587315500762276
-17.619433783425016
-17.6505289993608
-17.680655527353064
-17.709864549904868
-17.73820411903564
-17.7657192708585
-17.79245216920158
-17.818442264713088
-17.84372646023122
-17.868339276249447
-17.892313012445623
-17.91567790273779
-17.93846226236857
-17.960692626236625
-17.982393878182528
-18.003589371263715
-18.02430103926697
-18.04454949984077
-18.064354149707828
-18.083733252457748
-18.102704019432586
-18.121282684213863
-18.13948457120308
-18.157324158764993
-18.174815137375166
-16.259924133519192
-16.26013623841879
-16.260360966259093
-16.260599331362684
-16.260852451198662
-16.261121559120475
-16.26140801896003
-16.2617133417904
-16.262039205229318
-16.262387475728133
-16.262760234379176
-16.26315980688252
-16.263588798445458
-16.26405013455102
-16.264547108733126
-16.265083438745517
-16.265663332822093
-16.26629156811402
-16.266973583874982
-16.267715592577435
-16.26852471291458
-16.269409129620914
-16.270378286287183
-16.271443118930392
-16.272616340104744
-16.273912785932755
-16.275349841759812
-16.276947966394978
-16.27873134034799
-16.280728670404898
-16.282974191630007
-16.285508918745442
-16.288382211984782
-16.29165373769843
-16.29539592000425
-16.299696993366027
-16.304664769656267
-16.31043121110848
-16.317157820286013
-16.32504165630093
-16.334321341831966
-16.345281514635776
-16.35825240901462
-16.37359800112896
-16.391680594174453
-16.412781339492685
-16.436946712186092
-16.46372955742988
-16.491826086546364
-16.518723539426524
-16.540684953668432
-16.553533498201944
-16.55677933401639
-16.568660450551395
-16.59220583618433
-16.625622065395145
-16.66671949641094
-16.71329675464427
-16.763400276056903
-16.81544240994109
-16.868214683349443
-16.92084388764173
-16.972727403897053
-17.023468673387384
-17.072821968866705
-17.1206488178294
-17.16688524497389
-17.21151789253569
-17.254566965584935
-17.296074228184967
-17.33609465129437
-17.37469066228158
-17.41192823026514
-17.447874238436402
-17.482594754093995
-17.51615392200771
-17.54861328840977
-17.580031420563905
-17.610463727400273
-17.639962415159086
-17.668576531952425
-17.696352069168313
-17.723332097484825
-17.749556922179714
-17.77506424728383
-17.799889341543107
-17.824065201551424
-17.84762270909389
-17.870590780909072
-17.89299650988689
-17.914865297272677
-17.936220975821215
-17.957085924090478
-17.977481172221523
-17.99742649964467
-18.016940525202518
-18.036040790200776
-18.054743834898268
-18.073065268934553
-18.09101983617212
-16.199055567861024
-16.199252391626228
-16.19946063731589
-16.199681199801812
-16.19991506267457
-16.200163308924907
-16.200427133142696
-16.200707855482577
-16.201006937691794
-16.201326001551863
-16.201666850153927
-16.202031492510365
-16.202422172106502
-16.2028414001202
-16.203291994189435
-16.203777123795984
-16.204300363566183
-16.204865756078952
-16.205477886132122
-16.206141968869993
-16.206863954742627
-16.207650654983343
-16.208509892196986
-16.209450681801822
-16.210483451533353
-16.211620308089348
-16.212875362390356
-16.214265127998633
-16.21580901117208
-16.217529916064557
-16.219454995003787
-16.221616581904602
-16.224053357029156
-16.226811803716963
-16.229948032303525
-16.233530062419657
-16.2376406697867
-16.24238091170025
-16.247874434066706
-16.254272606298223
-16.26176037733248
-16.27056239775945
-16.280948225186588
-16.29323399346824
-16.307775235549528
-16.324940824168294
-16.345050506661874
-16.368248898114715
-16.394282984767038
-16.422167691097478
-16.44980608727625
-16.473816184905495
-16.49001573965113
-16.495022751409785
-16.502894010115586
-16.522853013910176
-16.553323316173017
-16.592196793090043
-16.637240448895902
-16.6864017914789
-16.7379700097784
-16.790617619721324
-16.843370212661014
-16.895545470862334
-16.94668713396165
-16.996506284739652
-17.04483401789806
-17.091585389683818
-17.136732913727965
-17.18028752220989
-17.22228510851913
-17.262777130979323
-17.301824121507224
-17.339491249601178
-17.375845329902937
-17.410952838225565
-17.44487862884978
-17.477685137133296
-17.509431916000594
-17.540175400291634
-17.569968824835957
-17.598862244494054
-17.62690262011127
-17.654133945356524
-17.680597397166654
-17.706331497963482
-17.73137228163843
-17.755753457986764
-17.779506572155896
-17.80266115698567
-17.825244877029654
-17.847283663672552
-17.8688018411836
-17.889822243827908
-17.91036632433973
-17.930454254173224
-17.950105016008852
-17.969336489022428
-17.9881655274298
-18.006608032810817
-16.13820553489699
-16.13838850281064
-16.13858183033672
-16.13878630928869
-16.139002808057406
-16.13923228060443
-16.13947577670181
-16.139734453617848
-16.14000958948476
-16.14030259862789
-16.140615049188913
-16.140948683439362
-16.14130544125878
-16.14168748734644
-16.142097242851776
-16.14253742225112
-16.143011076474078
-16.14352164349999
-16.14407300791469
-16.144669571253722
-16.145316335378233
-16.146019001657077
-16.146784089392956
-16.14761907776984
-16.14853257666421
-16.14953453301756
-16.150636481197026
-16.151851847982606
-16.153196325652804
-16.154688330272496
-16.15634956693875
-16.15820572968109
-16.160287371254164
-16.162630987530484
-16.165280372873607
-16.16828831680571
-16.1717187279763
-16.175649287121026
-16.18017474192972
-16.185410953656255
-16.19149976732804
-16.19861466330109
-16.206966877421433
-16.21681109877807
-16.228448693162814
-16.242224187912594
-16.25850677681505
-16.277642045963024
-16.29984992208031
-16.325036551802185
-16.352494422204657
-16.380520694224757
-16.406135402889035
-16.42530244001427
-16.43406083817741
-16.43838487277295
-16.45459136345761
-16.481894440289082
-16.518310637377077
-16.561607216798375
-16.60964918518032
-16.66060648029566
-16.713029153247685
-16.76583509367598
-16.81825536605641
-16.86976790918497
-16.920035724290685
-16.96885575968689
-17.016119378767613
-17.06178301232056
-17.105846939656942
-17.14834022063089
-17.189310136112635
-17.228814868475407
-17.266918481443103
-17.30368751826966
-17.33918873227207
-17.37348760592986
-17.40664741659752
-17.438728679053494
-17.46978884596843
-17.499882183107786
-17.52905976115968
-17.557369523675227
-17.58485640296247
-17.611562464453982
-17.637527066168406
-17.662787024173834
-17.687376777972524
-17.711328551837756
-17.734672509609155
-17.757436901478396
-17.779648202004513
-17.801331239080035
-17.82250931389186
-17.8432043121313
-17.8634368068391
-17.88322615334783
-17.902590576822327
-17.921547252911193
-16.07737233952722
-16.077542715394255
-16.07772250858547
-16.077912421697977
-16.07811322364888
-16.07832575727683
-16.078550947971806
-16.078789813493856
-16.079043475169982
-16.079313170692718
-16.079600268785
-16.07990628604575
-16.080232906350552
-16.08058200325499
-16.080955665937026
-16.08135622932361
-16.081786309180053
-16.082248843104836
-16.08274713857542
-16.08328492944197
-16.083866442578884
-16.08449647679482
-16.085180496591835
-16.085924743980712
-16.08673637233788
-16.087623607275713
-16.088595940751535
-16.089664366239262
-16.090841664830403
-16.092142754747425
-16.093585120105516
-16.095189339055853
-16.09697973693746
-16.098985197055608
-16.101240170519766
-16.10378593751677
-16.106672185619473
-16.10995898597049
-16.113719264182894
-16.11804187620115
-16.123035402466932
-16.128832750213487
-16.135596570471815
-16.14352528842738
-16.152859089220993
-16.163884268075005
-16.17693254525986
-16.19236862810396
-16.210553648659868
-16.231763634182396
-16.256032750899436
-16.282890288629833
-16.310995087629937
-16.3377881200939
-16.3594977414377
-16.371958173863675
-16.375167665952183
-16.387482500050744
-16.411409853267653
-16.4451351173156
-16.48646224214871
-16.533195047558376
-16.583391612988244
-16.635477893880058
-16.6882581887689
-16.740869968665002
-16.792718935965173
-16.843414720312683
-16.89271604772506
-16.940487570260064
-16.9866674569834
-17.031243788769757
-17.074237709654142
-17.115691573291286
-17.155660698540636
-17.194207695249276
-17.231398603199214
-17.267300301901983
-17.301978806705947
-17.33549818021669
-17.36791986872236
-17.399302330259808
-17.42970086099316
-17.45916755467827
-17.487751349705363
-17.51549813205318
-17.542450872209987
-17.568649780948988
-17.594132473648493
-17.61893413622147
-17.64308768808649
-17.66662393926867
-17.689571739872868
-17.711958120969207
-17.7338084264774
-17.755146436004058
-17.775994478829805
-17.796373539396694
-17.816303354738544
-17.83580250434598
-16.016554475111384
-16.016713382608092
-16.016880869338372
-16.01705756041555
-16.0172441385746
-16.017441350621336
-16.017650014733427
-16.01787102874324
-16.01810537955504
-16.018354153876082
-16.018618550473384
-16.018899894206704
-16.019199652135125
-16.019519452051025
-16.01986110386394
-16.020226624340125
-16.02061826580563
-16.021038549545462
-16.02149030478499
-16.02197671432904
-16.022501368168836
-16.02306832665834
-16.02368219522535
-16.024348213038085
-16.025072358620267
-16.025861476129666
-16.026723426928616
-16.02766727223523
-16.02870349412204
-16.0298442640161
-16.0311037702705
-16.032498619472953
-16.034048330125223
-16.0357759424057
-16.03770877420184
-16.0398793617918
-16.042326633785287
-16.04509737942559
-16.048248087019424
-16.051847244252023
-16.0559782069526
-16.060742750536633
-16.066265405973322
-16.072698623238935
-16.080228647344505
-16.089081634150197
-16.09952878700964
-16.111887825312944
-16.126515347809608
-16.143779840747353
-16.16399749176363
-16.18730334152459
-16.213424870427282
-16.241344064408803
-16.268919236571662
-16.292726639561455
-16.30857666913908
-16.313265963219113
-16.321580800756625
-16.341941440193647
-16.37274561296598
-16.411874190013478
-16.45709617298891
-16.506369196593766
-16.557995815464515
-16.610661786551812
-16.663404118682692
-16.715549564717346
-16.76664869895549
-16.81641756948673
-16.864690781423793
-16.91138581709172
-16.95647683017555
-16.999975833708408
-17.04191940947829
-17.082359431803624
-17.121356661491127
-17.158976369907997
-17.19528538861109
-17.230350154687525
-17.264235448383214
-17.29700360974129
-17.328714084705243
-17.359423195991656
-17.389184065529737
-17.418046637362696
-17.44605776541465
-17.473261341417544
-17.49969844594516
-17.525407510880484
-17.550424485423076
-17.574783000396845
-17.598514527477583
-17.621648531256216
-17.644212612953222
-17.66623264521728
-17.687732897860105
-17.708736154657306
-17.729263821524302
-17.749336026485746
-15.955750599001473
-15.955899039820196
-15.956055312522759
-15.956219974719303
-15.956393634238788
-15.956576954620134
-15.956770661311918
-15.956975548686247
-15.957192487990373
-15.957422436380924
-15.957666447211034
-15.957925681771156
-15.958201422720837
-15.958495089492786
-15.958808256003735
-15.959142671070975
-15.959500282011794
-15.95988326199855
-15.96029404185901
-15.960735347155188
-15.961210241550821
-15.961722177696577
-15.96227505713375
-15.96287330105589
-15.963521934191192
-15.9642266846001
-15.964994102852199
-15.965831704893185
-15.966748143986663
-15.967753418482395
-15.968859123906828
-15.970078760102739
-15.971428107003124
-15.972925686288324
-15.97459333086783
-15.97645689012
-15.97854710642669
-15.980900708083272
-15.983561775417765
-15.986583450961957
-15.990030080250216
-15.993979885444444
-15.998528284920493
-16.0037919680702
-16.009913794779642
-16.017068471089424
-16.025468674330508
-16.035370707811825
-16.047077576537003
-16.060935114330672
-16.077312738070276
-16.096553745342607
-16.118870808358817
-16.144154220387954
-16.171668060159494
-16.199667725704252
-16.225127803636152
-16.24398976608135
-16.252326857893404
-16.256931977300432
-16.273557069987802
-16.301217732272267
-16.337914683365153
-16.38141345650494
-16.42958715112472
-16.480618482258564
-16.53307104024611
-16.58587482026774
-16.638270721056315
-16.68974420181435
-16.739963784641468
-16.78873035261773
-16.83593800775266
-16.881545045664026
-16.925552985543376
-16.96799168677267
-17.00890892305865
-17.04836315823428
-17.086418593407963
-17.12314181234631
-17.158599544947002
-17.192857209220637
-17.225977992820713
-17.25802230645819
-17.289047491769484
-17.319107701496037
-17.348253894598294
-17.376533906305024
-17.403992565299898
-17.430671838818967
-17.45661099245748
-17.4818467557193
-17.50641348731615
-17.5303433363092
-17.553666396642093
-17.57641085362705
-17.598603121643688
-17.620267972785488
-17.641428656506946
-17.66210701053161
-15.89495951168317
-15.895098381007783
-15.895244414125155
-15.895398109662086
-15.895560010142095
-15.895730706676956
-15.895910844249878
-15.896101127676596
-15.896302328344865
-15.8965152918498
-15.89674094666271
-15.896980313994975
-15.897234519047386
-15.897504803869731
-15.897792542096886
-15.898099255877662
-15.89842663537328
-15.89877656127572
-15.899151130885922
-15.899552688401217
-15.89998386019573
-15.900447596042952
-15.90094721743389
-15.901486474397716
-15.902069612547098
-15.902701452464346
-15.903387484038387
-15.90413397898411
-15.904948125560402
-15.905838190497855
-15.906813714411527
-15.907885748586391
-15.909067143083872
-15.910372898756979
-15.91182059914422
-15.913430942546972
-15.915228400136554
-15.917242032986653
-15.919506509812091
-15.922063378216857
-15.924962655558176
-15.928264820829044
-15.932043304946976
-15.93638759004075
-15.94140703083658
-15.947235486314863
-15.95403676352787
-15.962010661323935
-15.97139893304156
-15.982489531179931
-15.995615647761808
-16.01114267798771
-16.029430484688913
-16.050749779925003
-16.07512209505775
-16.10205269964549
-16.13016259641191
-16.156846440782278
-16.17829890624636
-16.19036745394066
-16.19357181276664
-16.2063190598576
-16.230626081658535
-16.26465761142984
-16.306211675273236
-16.353097604192133
-16.403385257747196
-16.455514205339412
-16.50830145713354
-16.560895081068885
-16.612709020130332
-16.663359024036204
-16.712608218554713
-16.760324340258414
-16.80644767347065
-16.850967716956436
-16.893906539132203
-16.935307073108106
-16.975224978672443
-17.013723043409456
-17.05086737458584
-17.086724845944072
-17.121361419549203
-17.154841075031776
-17.187225158283283
-17.21857201790464
-17.2489368372482
-17.278371597647123
-17.306925127899905
-17.334643208747664
-17.361568710683414
-17.38774175018065
-17.413199854171772
-17.437978125939512
-17.462109407922505
-17.48562443857167
-17.508552001533207
-17.530919066221312
-17.552750919382643
-17.574071287617233
-15.834180138933194
-15.834310238682553
-15.834446903561963
-15.834590580512033
-15.834741754953036
-15.834900954806482
-15.835068755012664
-15.835245782614777
-15.83543272249179
-15.835630323835659
-15.835839407484631
-15.836060874243305
-15.836295714342947
-15.836545018222536
-15.836809988843624
-15.837091955791069
-15.83739239145877
-15.837712929676487
-15.838055387202816
-15.838421788593482
-15.83881439505665
-15.839235738032796
-15.83968865839124
-15.840176352326301
-15.840702425272365
-15.841270955451018
-15.84188656902987
-15.842554529331869
-15.843280843110824
-15.844072387636663
-15.844937063255369
-15.845883977258527
-15.846923666388077
-15.848068367205816
-15.84933234599403
-15.850732302976773
-15.85228786965411
-15.854022223164273
-15.855962848118118
-15.858142484609283
-15.860600311411345
-15.863383425945843
-15.866548697337395
-15.870165084877593
-15.874316528904526
-15.87910552833463
-15.884657505624016
-15.891125998656973
-15.898698556232418
-15.907602846123229
-15.918111719787568
-15.930544473683282
-15.945258740637245
-15.962622543534334
-15.982948353919115
-16.006361359078838
-16.032569108029737
-16.060520152370675
-16.088027799376725
-16.111627144233772
-16.12712309023259
-16.13152513225783
-16.140282652100954
-16.16104289462399
-16.19217826145325
-16.23155913541652
-16.276956892549812
-16.326339485123718
-16.378022875698072
-16.430706018258515
-16.48343726014342
-16.53555234174593
-16.586608599199383
-16.63632698766848
-16.68454557854862
-16.731184247907716
-16.776218766309103
-16.81966221128371
-16.861551841611096
-16.901939939731847
-16.940887489967885
-16.978459861933654
-17.01472390170364
-17.0497460060924
-17.083590880353043
-17.116320768660863
-17.14799500970115
-17.17866981397595
-17.208398190546212
-17.2372299727494
-17.265211907749077
-17.29238778552903
-17.318798590502624
-17.344482664220788
-17.36947587139567
-17.39381176407788
-17.417521740660604
-17.440635197664445
-17.46317967314428
-17.485180981168952
-15.77341151650671
-15.77353356670484
-15.773661644355453
-15.773796150983031
-15.77393752193525
-15.774086229841283
-15.774242788487275
-15.774407757167184
-15.774581745576338
-15.774765419325918
-15.774959506169472
-15.775164803047614
-15.775382184075212
-15.775612609616708
-15.775857136620887
-15.776116930417016
-15.776393278211069
-15.776687604565078
-15.77700148919616
-15.777336687496616
-15.777695154255396
-15.778079071157356
-15.77849087875457
-15.778933313748471
-15.779409452600001
-15.779922762705382
-15.780477162649047
-15.781077093386477
-15.781727602636549
-15.782434445298898
-15.783204203386948
-15.784044429821023
-15.784963821509105
-15.785972428521315
-15.787081907923584
-15.788305833086538
-15.789660072168962
-15.791163253171279
-15.792837337687914
-15.794708331530387
-15.796807168059695
-15.799170809683957
-15.801843624811337
-15.804879111632227
-15.808342055875544
-15.812311225241778
-15.816882713846939
-15.822174045310636
-15.82832910145846
-15.83552382171251
-15.843972332117595
-15.853932554451216
-15.865709128951465
-15.879649173537848
-15.89612226894196
-15.915469297934274
-15.937895443199958
-15.963274765160582
-15.990842441042032
-16.018811723178825
-16.04411200525906
-16.06266380879154
-16.070576964340827
-16.07549457342112
-16.092536554800066
-16.120552273561206
-16.15752716632599
-16.201225470197272
-16.249528626691482
-16.300632211464
-16.35311333132076
-16.405914014932375
-16.45828491132137
-16.50971892314502
-16.559890030345368
-16.608603002311057
-16.655754643829603
-16.70130508950322
-16.7452570800821
-16.787641261652585
-16.828505891878155
-16.867909709967055
-16.905917050293525
-16.942594534392875
-16.978008866956408
-17.01222540040181
-17.04530723201446
-17.077314668083257
-17.108304939067363
-17.138332084682197
-17.16744695225039
-17.195697268825903
-17.22312775964963
-17.24978029396054
-17.275694045136788
-17.30090565632374
-17.325449405643038
-17.349357367135873
-17.372659565031952
-17.39538411993514
-15.712652776954869
-15.712767425523264
-15.712887617577366
-15.713013714629646
-15.713146108000853
-15.713285221802984
-15.713431516274458
-15.713585491515484
-15.71374769167916
-15.713918709682524
-15.714099192512085
-15.714289847210559
-15.714491447645816
-15.71470484218021
-15.714930962378592
-15.715170832917632
-15.715425582887864
-15.715696458714609
-15.715984838965658
-15.71629225136391
-15.716620392384128
-15.716971149887025
-15.717346629334067
-15.717749184236688
-15.718181451628938
-15.71864639351919
-15.719147345482414
-15.719688073809868
-15.720272842950846
-15.72090649537817
-15.72159454650702
-15.722343297923246
-15.723159972968709
-15.724052879734188
-15.725031607785622
-15.72610726657568
-15.727292775571382
-15.728603218790765
-15.730056279854022
-15.731672778026963
-15.733477331323945
-15.735499179846025
-15.737773211485901
-15.740341243232725
-15.743253624692594
-15.74657124579113
-15.750368046588646
-15.754734140135813
-15.759779661195685
-15.765639427277582
-15.772478409027523
-15.780497786521952
-15.789940886910273
-15.801097319454026
-15.814301732994874
-15.829920165888957
-15.848311111107922
-15.869739770318835
-15.894214708754104
-15.921216707147865
-15.949328469858793
-15.975898312635426
-15.997088273120507
-16.008761264499796
-16.01199175013226
-16.025170063009362
-16.049854428566686
-16.084189447980776
-16.12596770344618
-16.17300434731244
-16.22338115029252
-16.275551300186976
-16.328344457494254
-16.380919204113336
-16.43269764321231
-16.483301576801082
-16.532498477394913
-16.580159126463577
-16.626225894815388
-16.670689678608706
-16.713573456241136
-16.754920730273327
-16.794787494543108
-16.833236709695516
-16.870334547348637
-16.906147873418274
-16.94074259537503
-16.974182609078657
-17.006529159581707
-17.037840485847035
-17.06817165837411
-17.097574546138055
-17.126097868477643
-17.153787301069073
-17.18068561460524
-17.206832831464965
-17.232266390341284
-17.257021312089254
-17.2811303623626
-17.30462420822348
-15.651903138241872
-15.652010969458253
-15.652123907618288
-15.6522422788941
-15.65236643579406
-15.65249675974335
-15.652633663962833
-15.652777596686041
-15.65292904476018
-15.653088537684116
-15.653256652144611
-15.65343401712185
-15.653621319646824
-15.653819311306737
-15.654028815610722
-15.65425073634736
-15.654486067088277
-15.654735902019452
-15.655001448314465
-15.655284040303338
-15.655585155737889
-15.655906434511902
-15.656249700263876
-15.656616985374766
-15.657010559976484
-15.65743296571356
-15.657887055156154
-15.65837603795488
-15.658903535066043
-15.659473642671966
-15.660091007790589
-15.660760918031253
-15.661489408535239
-15.662283389873574
-15.663150801603573
-15.664100797365762
-15.6651439689062
-15.666292618329749
-15.66756109034815
-15.668966179437207
-15.670527630855409
-15.672268759643332
-15.674217218307934
-15.67640595222195
-15.67887439215359
-15.681669945995223
-15.684849866558551
-15.688483588320935
-15.69265564056285
-15.697469251119099
-15.703050740392953
-15.709554741546585
-15.7171701148753
-15.72612604662486
-15.736697038471812
-15.74920395490955
-15.764005429963303
-15.781468944140407
-15.801903092922755
-15.825422926227972
-15.851715631415706
-15.879695831409089
-15.907131597435452
-15.930517510243964
-15.94565488794931
-15.949800249999642
-15.958999509400304
-15.980157290591427
-16.01162116224715
-16.051251533415165
-16.0968225250339
-16.146312591522012
-16.198051141489866
-16.250750279981734
-16.303469613331107
-16.35555378659554
-16.40656682539315
-16.456234534252673
-16.504398407183654
-16.55098068202861
-16.595958723331055
-16.639346656967174
-16.681182407447373
-16.721518657565465
-16.7604166098568
-16.797941728612553
-16.834160872062913
-16.869140395227937
-16.90294492742695
-16.9356366164258
-16.967274693382258
-16.997915256497954
-17.0276112020011
-17.056412252637145
-17.084365048971062
-17.111513279428003
-17.137897832463846
-17.16355695950424
-17.188526440978244
-17.212839750360875
-15.591161893887394
-15.591263435713596
-15.591369689918494
-15.591480951383874
-15.591597538316675
-15.591719794487766
-15.591848091724183
-15.591982832687986
-15.592124453979821
-15.592273429611012
-15.592430274894765
-15.592595550814925
-15.592769868940024
-15.592953896961236
-15.59314836494581
-15.593354072412785
-15.593571896355895
-15.593802800360217
-15.594047844984818
-15.594308199614513
-15.594585156020903
-15.594880143917415
-15.595194748846989
-15.595530732806354
-15.595890058090207
-15.596274914935545
-15.596687753664952
-15.59713132217334
-15.59760870978227
-15.598123398708188
-15.598679324666866
-15.599280948480269
-15.59993334098235
-15.60064228406049
-15.601414391350032
-15.60225725296026
-15.603179609702524
-15.604191563681532
-15.605304833885574
-15.606533067681546
-15.607892222029504
-15.60940103195987
-15.611081588631157
-15.612960055380787
-15.61506755791145
-15.617441294447305
-15.620125923609194
-15.623175301916117
-15.626654658627055
-15.630643311124349
-15.635238034353673
-15.640557192289148
-15.646745695807585
-15.653980725417203
-15.66247786305465
-15.672496653035275
-15.684343366416051
-15.698366381893061
-15.714935383043567
-15.734388708434983
-15.756923811584835
-15.782398135363978
-15.810017460810363
-15.837952523532586
-15.863087814564214
-15.881324419661638
-15.888811134952418
-15.894072620149098
-15.911529739501455
-15.93989796684908
-15.977147987842441
-16.021043170379503
-16.069473540765873
-16.12064761380363
-16.173155987387457
-16.225952650695405
-16.278297919087894
-16.32969206214952
-16.379814455162457
-16.428473705851637
-16.47556928634255
-16.521063144681154
-16.564959225080017
-16.60728894766917
-16.64810104530503
-16.687454526568438
-16.72541385503811
-16.762045687314064
-16.797416701121936
-16.831592182181662
-16.86463513675657
-16.896605766367887
-16.927561190160514
-16.957555334825823
-16.986638936141002
-17.014859613134302
-17.042261987786322
-17.0688878315388
-17.09477622575914
-17.119963727439867
-15.530428404406084
-15.530524134853955
-15.530624220358549
-15.530728928032067
-15.530838545693369
-15.530953383815511
-15.531073777689349
-15.531200089830854
-15.53133271266391
-15.531472071514953
-15.531618627961393
-15.531772883582056
-15.53193538416546
-15.532106724440489
-15.532287553404384
-15.532478580335232
-15.532680581590546
-15.532894408310698
-15.533120995166392
-15.5333613703136
-15.533616666748616
-15.533888135290665
-15.534177159461555
-15.534485272582558
-15.534814177470052
-15.53516576918598
-15.535542161390083
-15.535945716951872
-15.536379083616696
-15.536845235688034
-15.53734752289564
-15.537889727876427
-15.538476134015262
-15.53911160579307
-15.53980168429153
-15.540552701135388
-15.541371914951322
-15.542267675433878
-15.543249621395042
-15.544328920814314
-15.545518563003116
-15.546833715682894
-15.54829216321881
-15.549914846661492
-15.551726531886892
-15.553756639292244
-15.55604027753309
-15.558619534967407
-15.56154509593427
-15.564878264398388
-15.56869349343051
-15.57308153177493
-15.578153300020773
-15.584044581022157
-15.59092151660923
-15.598986675625277
-15.608484964516414
-15.619707648456405
-15.632990817436223
-15.648701106798267
-15.667195536407332
-15.688733598196361
-15.713310554721001
-15.74038222583063
-15.768492562855727
-15.794943545986367
-15.815865669174746
-15.827139536468145
-15.83042745202596
-15.844035441310824
-15.869094800647613
-15.90373052726628
-15.945730234769488
-15.99291520028304
-16.04337923117874
-16.095589134805618
-16.148387159311486
-16.200942317367037
-16.252684792255238
-16.303242371009123
-16.352386820394642
-16.39999192758894
-16.446002121446384
-16.49040967527084
-16.53323846322195
-16.574532547435386
-16.614348249010757
-16.652748697041808
-16.689800124409654
-16.72556938717703
-16.76012233693057
-16.793522784978357
-16.825831875101876
-16.857107736430653
-16.887405326574726
-16.916776402218765
-16.945269573375658
-16.972930410830458
-16.99980158567161
-17.025923026388462
-15.469702089853424
-15.469792442529842
-15.469886826058962
-15.46998548285221
-15.470088673744542
-15.470196679693112
-15.470309803660633
-15.470428372706655
-15.470552740313256
-15.47068328897551
-15.470820433091557
-15.470964622192318
-15.471116344556947
-15.471276131267292
-15.471444560762915
-15.471622263968138
-15.471809930074048
-15.472008313072228
-15.472218239153067
-15.472440615100906
-15.472676437841184
-15.472926805322212
-15.473192928947174
-15.473476147811425
-15.473777945047917
-15.474099966641242
-15.474444043140792
-15.474812214788718
-15.475206760682534
-15.475630232719666
-15.476085495228322
-15.476575771382617
-15.477104697739973
-15.477676388537134
-15.478295511753569
-15.478967379417474
-15.479698055216023
-15.480494483211498
-15.48136464240175
-15.482317733053605
-15.48336440225426
-15.484517018062885
-15.485790004124562
-15.48720024978681
-15.4887676148324
-15.490515553153974
-15.492471886336457
-15.494669766506828
-15.497148878273245
-15.49995694230974
-15.503151598006951
-15.50680275863505
-15.510995546883091
-15.51583392495809
-15.52144511770671
-15.527984860964148
-15.535643334222826
-15.544651248675283
-15.555284758077724
-15.567866285347376
-15.582755431649435
-15.60031905391356
-15.620861707956378
-15.644488017269063
-15.67086437262661
-15.698870975795163
-15.726230451076967
-15.749397549952139
-15.764171951475062
-15.76809130616495
-15.777731316486662
-15.799284540709293
-15.83107421583948
-15.870951288468847
-15.916692988464211
-15.966288450850104
-16.01808056439648
-16.070794537305726
-16.123501154873317
-16.175553884163033
-16.226523368414444
-16.276140204330922
-16.324249265324422
-16.370775119407405
-16.415696702480147
-16.459029172812652
-16.50081110952988
-16.541095588112366
-16.579944024079214
-16.61742197287823
-16.653596302568513
-16.688533324878023
-16.72229759226809
-16.754951155565017
-16.786553138137542
-16.817159525806183
-16.846823102005345
-16.875593479004337
-16.903517190932785
-16.930637824847413
-15.408982423318129
-15.409067792267477
-15.409156897379908
-15.40924995904778
-15.409347214091216
-15.409448917243438
-15.409555342794485
-15.409666786412798
-15.409783567166903
-15.409906029772607
-15.410034547094751
-15.410169522936833
-15.410311395156768
-15.410460639152864
-15.410617771770807
-15.41078335569043
-15.410958004360333
-15.411142387559442
-15.41133723767749
-15.411543356821888
-15.411761624876544
-15.411993008660053
-15.412238572356458
-15.412499489422945
-15.412777056216028
-15.41307270762271
-15.41338803503733
-15.413724807090606
-15.414084993617255
-15.414470793446261
-15.414884666717182
-15.415329372572762
-15.415808013258971
-15.416324085887581
-15.41688154339442
-15.417484866573128
-15.418139149497907
-15.41885020119338
-15.419624667096041
-15.420470174719888
-15.421395509040368
-15.422410824513205
-15.423527902434605
-15.42476046463954
-15.426124557469056
-15.427639023698804
-15.429326084937268
-15.431212063148974
-15.433328277751569
-15.435712164502068
-15.4384086743835
-15.441472024934646
-15.444967892306071
-15.448976147736337
-15.453594252125791
-15.458941415966665
-15.465163586329135
-15.47243919251855
-15.480985279487411
-15.491063017972353
-15.50298030498284
-15.517086755724854
-15.533752093801926
-15.553311981061725
-15.575955897534906
-15.601524278645945
-15.629193013307455
-15.657089961821674
-15.682055038435237
-15.699971453455706
-15.707029352415756
-15.712666074924499
-15.730536544699964
-15.759254714511851
-15.79677704971836
-15.840866470075248
-15.889421822843346
-15.940664635741792
-15.993198969840286
-16.04599070095451
-16.098309726868692
-16.1496636079992
-16.199737052992248
-16.248342460419945
-16.295381934699844
-16.340819212082817
-16.384659422370405
-16.426934747236587
-16.467694386081412
-16.506997610936395
-16.544909010579985
-16.581495274012376
-16.616823050261647
-16.650957557264103
-16.683961709620068
-16.715895603746326
-16.746816247342444
-16.776777454081625
-16.805829848290514
-16.834020941122258
-15.34826892522664
-15.348349669170297
-15.348433880946002
-15.348521761276283
-15.348613525562556
-15.348709405187114
-15.348809648951285
-15.34891452466621
-15.349024320914928
-15.349139349007118
-15.349259945150786
-15.349386472868733
-15.349519325691697
-15.349658930164704
-15.349805749208809
-15.349960285886677
-15.350123087628122
-15.350294750980476
-15.350475926959174
-15.350667327086107
-15.350869730217983
-15.351083990284055
-15.351311045073214
-15.351551926234825
-15.351807770687046
-15.35207983366145
-15.352369503655064
-15.352678319611963
-15.353007990718341
-15.353360419270047
-15.35373772716304
-15.354142286669122
-15.354576756296602
-15.355044122704632
-15.355547749848983
-15.35609143679628
-15.356679485966513
-15.357316783967022
-15.358008897687133
-15.358762188959476
-15.359583951898728
-15.360482578048428
-15.361467755763789
-15.362550711912805
-15.363744506093246
-15.36506439027229
-15.366528250228283
-15.36815714962331
-15.369976003221312
-15.37201441299445
-15.374307709958615
-15.376898255840075
-15.379837072214729
-15.383185880217221
-15.387019649825874
-15.391429770284565
-15.39652795383474
-15.402450955524973
-15.409366095976884
-15.41747734031043
-15.427031179621709
-15.438320533800741
-15.451682917562916
-15.467485515581956
-15.486083768710477
-15.507731255606151
-15.532409594307191
-15.559549168393206
-15.587654728222851
-15.613981950435253
-15.634630923729018
-15.6455022056908
-15.648878890738478
-15.662915125356205
-15.688347104026663
-15.723280749656945
-15.765499177794517
-15.812830087066695
-15.863379441554237
-15.915627666089726
-15.968429532451504
-16.02096440070409
-16.072670454524953
-16.123181399218808
-16.17227324381114
-16.219822742421098
-16.265776353840685
-16.310127708517903
-16.35290156233431
-16.39414252725304
-16.43390724493816
-16.472259008383553
-16.509264108689315
-16.544989390069563
-16.579500646958795
-16.61286160534721
-16.64513330732311
-16.676373771994207
-16.70663784404901
-16.735977167952253
-15.287561158346312
-15.287637604403184
-15.287717273549312
-15.287800348900287
-15.287887026714431
-15.287977517536754
-15.288072047460323
-15.288170859518942
-15.28827421522691
-15.288382396283838
-15.288495706464929
-15.28861447372004
-15.288739052508175
-15.288869826397884
-15.289007210968595
-15.289151657053104
-15.289303654367542
-15.289463735582386
-15.28963248089637
-15.289810523185118
-15.28999855380792
-15.290197329169914
-15.290407678153162
-15.290630510549612
-15.290866826651998
-15.291117728186395
-15.291384430803241
-15.291668278383495
-15.291970759464574
-15.292293526148802
-15.292638415927609
-15.293007476940506
-15.293402997292674
-15.293827539183573
-15.294283978756974
-15.294775552778084
-15.29530591348511
-15.295879193263463
-15.296500081166018
-15.297173913773122
-15.297906783477266
-15.298705668023402
-15.299578586080633
-15.300534784821346
-15.301584967013243
-15.302741567083972
-15.304019088119494
-15.305434514963604
-15.307007822695004
-15.308762605015412
-15.310726853778796
-15.312933929353163
-15.315423772046612
-15.318244417644065
-15.321453895029773
-15.325122599901604
-15.329336252856205
-15.334199555963163
-15.339840645044612
-15.346416366028503
-15.35411822529551
-15.363178465368518
-15.373874893683826
-15.386531481375531
-15.401508761483234
-15.419172883929278
-15.439824197573435
-15.463556605323578
-15.490015261882874
-15.518045457647064
-15.545324179272283
-15.568267076869182
-15.582674174252698
-15.586398288724642
-15.596478015791346
-15.618424556838583
-15.650537322621888
-15.690658305392283
-15.736568201435613
-15.786266998776776
-15.838111096517062
-15.890838756254924
-15.943531861733817
-15.995552619591871
-16.046478219316565
-16.096043993117064
-16.144098151049675
-16.190567560052475
-16.235432705030863
-16.27870976089608
-16.32043795041402
-16.360670734186666
-16.399469735558373
-16.436900597663268
-16.473030196097252
-16.507924797822614
-16.54164887753506
-16.574264388602572
-16.60583034635101
-16.63640262414424
-15.226858723391372
-15.226931170350563
-15.227006616806895
-15.22708523008465
-15.227167189298418
-15.22725268636052
-15.2273419270899
-15.227435132434307
-15.227532539819112
-15.227634404637927
-15.227741001902238
-15.227852628069646
-15.227969603073053
-15.228092272576312
-15.228221010485528
-15.228356221749499
-15.22849834548774
-15.228647858490392
-15.22880527914106
-15.228971171821684
-15.229146151867843
-15.229330891153996
-15.229526124401183
-15.229732656315178
-15.229951369681432
-15.230183234564985
-15.23042931878963
-15.23069079990182
-15.230968978862371
-15.23126529575415
-15.231581347848602
-15.231918910440141
-15.232279960937966
-15.2326667068031
-15.233081618038804
-15.233527465090312
-15.234007363192148
-15.23452482442695
-15.235083819039856
-15.235688847902015
-15.236345028453819
-15.237058197007572
-15.237835030981332
-15.238683195510976
-15.239611519998572
-15.24063021156945
-15.241751114216024
-15.242988024716553
-15.244357079377062
-15.245877229439031
-15.247570827853554
-15.249464356322022
-15.251589329361096
-15.25398342199108
-15.256691879723823
-15.259769283830403
-15.263281760740657
-15.267309739755024
-15.27195137288915
-15.277326723353793
-15.283582781584585
-15.290899233400069
-15.299494593835442
-15.309631663739642
-15.321619960744528
-15.335810311327542
-15.352572414449574
-15.37223911953797
-15.394991684091538
-15.42065314103515
-15.44836899025227
-15.47622387131055
-15.501013483931779
-15.518604768293967
-15.525231604688082
-15.531274893628515
-15.549556890028553
-15.578622418630719
-15.616414253993286
-15.660695282833922
-15.709373403029916
-15.760683224312752
-15.81324224054784
-15.866028139475885
-15.918320317449968
-15.96963355006185
-16.019657817871924
-16.068209263290864
-16.115192588373116
-16.16057329263449
-16.204357673812474
-16.246578662784295
-16.287285916957448
-16.326538965972
-16.364402519857247
-16.40094329738802
-16.436227917190006
-16.470321528348652
-16.50328695317318
-16.53518418264786
-15.166161255150184
-15.166229976356204
-15.16630149246836
-15.166375956621172
-15.166453532546184
-15.166534395461087
-15.166618733046791
-15.166706746522463
-15.166798651829906
-15.166894680940084
-15.166995083296367
-15.167100127411015
-15.16721010263368
-15.167325321113356
-15.167446119978196
-15.16757286376118
-15.167705947103618
-15.167845797773309
-15.167992880039623
-15.168147698454307
-15.168310802094355
-15.168482789332199
-15.16866431320895
-15.168856087498783
-15.169058893567192
-15.169273588143211
-15.169501112146326
-15.16974250073344
-15.169998894760756
-15.17027155389074
-15.17056187161694
-15.17087139253078
-15.171201832216623
-15.171555100237066
-15.171933326762439
-15.172338893511286
-15.172774469806829
-15.173243054724797
-15.173748026518622
-15.174293200769206
-15.174882899031807
-15.175522030159229
-15.176216186990459
-15.17697176173612
-15.177796084203392
-15.17869758803168
-15.179686011418658
-15.180772640485008
-15.181970605559961
-15.183295243402716
-15.18476454187801
-15.18639968809229
-15.188225746731831
-15.190272502632466
-15.192575510780602
-15.195177408286163
-15.19812955648563
-15.201494096839
-15.205346520158955
-15.20977886102935
-15.214903629207166
-15.220858558818637
-15.227812156900123
-15.23596979232676
-15.245579546060082
-15.256935991154085
-15.27037804984896
-15.286273406975885
-15.304975815762129
-15.326732733794575
-15.3515117874544
-15.378717445524474
-15.406814816733455
-15.433013334929484
-15.453383868425286
-15.463849212984808
-15.467346036884413
-15.481809044551515
-15.507611244322948
-15.542840015613589
-15.585274441530832
-15.632748932227114
-15.683381723159288
-15.73566685144163
-15.788471547182649
-15.840985434300789
-15.892654617506413
-15.943118654143332
-15.992157744008496
-16.03965156981883
-16.08554859252289
-16.129843779955245
-16.172562755856173
-16.213750672395104
-16.25346448519257
-16.29176764665671
-16.328726503106342
-16.364407884941862
-16.398877528198494
-16.43219907279685
-15.105468419064556
-15.105533664966451
-15.105601518284887
-15.105672119380388
-15.105745618155362
-15.105822174840492
-15.105901960857537
-15.105985159767085
-15.106071968310912
-15.106162597559882
-15.106257274179674
-15.10635624182838
-15.106459762701755
-15.10656811924422
-15.106681616046064
-15.106800581950358
-15.106925372396253
-15.107056372029376
-15.10719399761447
-15.1073387012907
-15.107490974216237
-15.107651350655859
-15.107820412573858
-15.107998794804358
-15.108187190883003
-15.1083863596377
-15.108597132652646
-15.108820422739289
-15.109057233571223
-15.109308670667772
-15.109575953944375
-15.109860432087967
-15.110163599063867
-15.110487113119191
-15.110832818718736
-15.111202771935707
-15.111599269925266
-15.112024885238288
-15.112482505891974
-15.112975382310584
-15.113507182493258
-15.114082057068881
-15.114704716276295
-15.115380521382134
-15.11611559364465
-15.11691694468412
-15.117792633073178
-15.118751953170914
-15.119805663767288
-15.12096626607553
-15.122248343133727
-15.123668975911128
-15.125248255559837
-15.127009916555023
-15.128982122220059
-15.131198442662503
-15.133699075765177
-15.136532374771658
-15.139756760997491
-15.143443116231122
-15.147677763508822
-15.152566150289688
-15.158237329939068
-15.164849265921278
-15.172594799184925
-15.181707709872315
-15.192467460431017
-15.205199559393694
-15.220265435173276
-15.238030444980987
-15.258790559682954
-15.282628662315068
-15.309168227563148
-15.337219146933343
-15.3644125996934
-15.387125905769905
-15.401161454068038
-15.40472118390449
-15.415239548364472
-15.437577250112495
-15.470010382905928
-15.510372489367015
-15.556448083118655
-15.606248171577088
-15.658142690490076
-15.710882903290141
-15.763561711209096
-15.81554997826925
-15.866431369326278
-15.91594589594555
-15.963945062520247
-16.01035800402674
-16.05516673229286
-16.09838842331506
-16.140062932667583
-16.180244098608526
-16.2189937472193
-16.256377605899235
-16.292462555523123
-16.327314816837738
-15.044779908201944
-15.044841908610218
-15.04490634436448
-15.044973344305385
-15.045043045880547
-15.04511559584152
-15.04519115100729
-15.045269879101626
-15.045351959672507
-15.045437585102935
-15.045526961723617
-15.045620311039368
-15.04571787108266
-15.045819897909542
-15.04592666725521
-15.046038476368949
-15.046155646050833
-15.046278522915877
-15.046407481914926
-15.046542929145964
-15.046685304994448
-15.046835087647212
-15.04699279703125
-15.04715899923676
-15.047334311493225
-15.047519407778466
-15.04771502515368
-15.047921970933052
-15.048141130814978
-15.048373478123949
-15.048620084338342
-15.048882131110862
-15.0491609240261
-15.049457908385195
-15.049774687362525
-15.050113042946078
-15.050474960154162
-15.050862655120122
-15.051278607757897
-15.05172559987017
-15.052206759744548
-15.0527256145105
-15.05328615181227
-15.053892892704985
-15.054550978121958
-15.05526627181458
-15.056045483364036
-15.056896315746709
-15.057827643055564
-15.058849725406354
-15.059974469878744
-15.06121574867291
-15.062589788648149
-15.064115650237786
-15.06581581863498
-15.067716936396375
-15.069850714532578
-15.072255069071366
-15.074975542237286
-15.078067081767719
-15.08159626778583
-15.085644091891048
-15.090309402410664
-15.095713121511148
-15.102003290195118
-15.109360858514028
-15.118005818592199
-15.128202604882675
-15.140262349832758
-15.154537064957314
-15.17139635801692
-15.191170127079888
-15.214031153295403
-15.239784666918213
-15.267545281231904
-15.295354083510428
-15.319962958390176
-15.337224225760039
-15.343418662775568
-15.34989903059888
-15.368590694169278
-15.398000981014373
-15.436059502956812
-15.48052952273678
-15.529328212042374
-15.580703327117968
-15.633285761849491
-15.686064940390635
-15.738329673888309
-15.789601877899296
-15.839576743974547
-15.888074111832386
-15.935001246896404
-15.98032538730311
-16.02405398129093
-16.06622069675674
-16.10687564069112
-16.146078594579294
-16.183894385807758
-16.22038976033888
-14.984095440569961
-14.984154406658858
-14.9842156499493
-14.98427928887526
-14.984345449647607
-14.98441426687307
-14.984485884231251
-14.984560455215972
-14.984638143948022
-14.984719126067226
-14.984803589712788
-14.984891736601991
-14.984983783218645
-14.985079962124173
-14.98518052340597
-14.985285736279613
-14.985395890863797
-14.985511300149536
-14.985632302188149
-14.985759262526138
-14.98589257691914
-14.986032674361907
-14.98618002047682
-14.986335121309969
-14.986498527591454
-14.986670839525466
-14.98685271218632
-14.987044861608975
-14.987248071677362
-14.98746320193124
-14.987691196433152
-14.98793309386176
-14.98819003902756
-14.988463296042543
-14.9887542634182
-14.98906449141796
-14.989395702052864
-14.989749812185266
-14.990128960298224
-14.99053553760172
-14.990972224286125
-14.991442031905006
-14.991948353081515
-14.992495019995884
-14.9930863734394
-14.993727344630104
-14.994423552499574
-14.995181419807617
-14.996008312259772
-14.996912705839843
-14.997904388889259
-14.998994707148135
-15.000196862125483
-15.001526275922803
-15.003001039169462
-15.0046424632555
-15.006475763831851
-15.008530909896887
-15.01084368203043
-15.013456994757489
-15.016422551718929
-15.019802917880249
-15.023674108845128
-15.028128809412337
-15.033280332754648
-15.039267398992324
-15.04625970921465
-15.054464043496589
-15.064130077737378
-15.075554036235689
-15.089076230762258
-15.10506479557911
-15.123871684916827
-15.145738023187253
-15.170617092674036
-15.197886965887157
-15.225972677133964
-15.252037507846055
-15.27212433734395
-15.282180504189089
-15.285828859412804
-15.30071712713711
-15.326887126673158
-15.362408225704431
-15.405055935454746
-15.45267166093074
-15.50338601832397
-15.555706648768028
-15.608513174171627
-15.661005398632334
-15.712637268901098
-15.763054128648648
-15.81204031745618
-15.859478408712052
-15.905318838064428
-15.949557891217978
-15.992222046083448
-16.03335698554023
-16.073019972645568
-16.111274614797875
-14.923414756729777
-14.923470882817146
-14.923529140560312
-14.923589638976576
-14.923652494121743
-14.923717829640864
-14.923785777369746
-14.923856477992656
-14.923930081762242
-14.924006749288496
-14.924086652404396
-14.924169975116818
-14.924256914652425
-14.924347682609492
-14.924442506228056
-14.924541629792408
-14.924645316181893
-14.92475384858808
-14.924867532418975
-14.924986697413761
-14.925111699994979
-14.925242925888947
-14.925380793049758
-14.925525754927481
-14.925678304127382
-14.925838976514251
-14.926008355824345
-14.926187078857533
-14.926375841333979
-14.926575404513622
-14.9267866026933
-14.927010351715913
-14.927247658649538
-14.927499632822316
-14.927767498432512
-14.928052608993504
-14.92835646392208
-14.928680727637353
-14.929027251608955
-14.929398099880325
-14.929795578699148
-14.93022227101738
-14.93068107678382
-14.93117526015016
-14.93170850495708
-14.932284980172312
-14.932909417333923
-14.933587202529809
-14.934324486045451
-14.935128313570376
-14.936006783814564
-14.936969238606896
-14.938026493103706
-14.939191115723895
-14.940477769972624
-14.941903633578459
-14.943488914550255
-14.945257489108409
-14.947237693255435
-14.9494633083488
-14.951974791735731
-14.954820816484919
-14.95806019930405
-14.961764311763227
-14.966020083903526
-14.970933714137159
-14.976635179975919
-14.983283569887233
-14.991073067053929
-15.000238995428074
-15.011062473521743
-15.023870535820127
-15.039025468344027
-15.056891747570345
-15.077760791533272
-15.101704158946696
-15.128323196183922
-15.156391911477733
-15.18349552877474
-15.205973852807084
-15.219633693132758
-15.223059976190203
-15.234015853894793
-15.256742530960965
-15.289493296942881
-15.330093745952642
-15.376332553263179
-15.42623190613124
-15.478175299490005
-15.530926945304811
-15.583590680924956
-15.635545945823338
-15.686382809841684
-15.73584590826987
-15.783789997977914
-15.830146451446868
-15.874898785610398
-15.918065162188476
-15.959686058870465
-15.999815684203966
-14.862737617671096
-14.862791082803549
-14.86284654546226
-14.862904106129987
-14.862963871669908
-14.863025955816578
-14.863090479711392
-14.863157572487212
-14.863227371907366
-14.863300025064857
-14.863375689148343
-14.863454532282216
-14.8635367344491
-14.863622488504062
-14.863712001291091
-14.863805494873752
-14.863903207893472
-14.864005397070787
-14.86411233886689
-14.86422433132527
-14.864341696115988
-14.864464780808346
-14.864593961401422
-14.864729645146275
-14.864872273698666
-14.865022326647015
-14.865180325467193
-14.865346837963823
-14.865522483267254
-14.86570793746653
-14.865903939971897
-14.866111300716035
-14.866330908321755
-14.866563739386052
-14.866810869056799
-14.86707348311001
-14.86735289177363
-14.86765054558958
-14.867968053661139
-14.868307204699892
-14.868669991368074
-14.869058638511849
-14.869475636003063
-14.869923777057132
-14.870406203079614
-14.87092645632325
-14.8714885419217
-14.872097001221201
-14.8727569987755
-14.873474425927435
-14.874256024604074
-14.875109535842377
-14.876043878692288
-14.877069366583008
-14.878197970075266
-14.879443637273248
-14.880822686182158
-14.882354287158627
-14.88406105854423
-14.885969804877911
-14.888112435070164
-14.890527107914247
-14.89325966454869
-14.89636542193283
-14.899911417323759
-14.903979208888645
-14.908668346498606
-14.914100617549684
-14.920425120841973
-14.92782407838172
-14.936518966325064
-14.946775856014806
-14.958907488416411
-14.973267032828208
-14.99022393732424
-15.010105006382311
-15.033074286165608
-15.058918799016944
-15.086721773694771
-15.114480428219911
-15.138903269525823
-15.155829691006456
-15.161611992577129
-15.168538438645863
-15.187637874877527
-15.217390303221043
-15.255712699162661
-15.300369104402728
-15.349286181208365
-15.40072489232325
-15.453329496551648
-15.506101078191175
-15.55833777950766
-15.609568581265084
-15.65949382560734
-15.707937003504368
-15.754807909865225
-15.80007549709566
-15.843748346715515
-15.885860851613076
-14.802063802916532
-14.802114772283815
-14.802167615408703
-14.802222425026855
-14.802279299666768
-14.802338344088243
-14.802399669759923
-14.802463395379968
-14.80252964744433
-14.802598560867658
-14.802670279662474
-14.802744957682908
-14.8028227594401
-14.802903860997226
-14.802988450953128
-14.803076731524675
-14.80316891973931
-14.803265248750717
-14.803365969292306
-14.803471351285168
-14.80358168561949
-14.803697286131019
-14.803818491797257
-14.803945669181603
-14.80407921515778
-14.804219559951697
-14.804367170543454
-14.804522554478773
-14.8046862641468
-14.804858901590181
-14.80504112392399
-14.80523364945252
-14.805437264587814
-14.805652831691365
-14.805881297981287
-14.80612370567228
-14.806381203545472
-14.806655060181104
-14.806946679130117
-14.807257616352755
-14.807589600315369
-14.807944555213261
-14.808324627880783
-14.808732219064288
-14.80917001987383
-14.809641054402414
-14.810148729715394
-14.810696894677895
-14.811289909418596
-14.811932727641295
-14.812630994513986
-14.813391163517961
-14.814220636464325
-14.815127931931503
-14.816122888708026
-14.817216912522788
-14.818423276516103
-14.819757488686095
-14.82123774311005
-14.822885476307231
-14.824726055943614
-14.826789636489154
-14.829112225752848
-14.831737017722379
-14.834716060907013
-14.838112346982836
-14.84200242033116
-14.846479620875309
-14.851658071141118
-14.857677484192118
-14.864708762822538
-14.872960105715368
-14.882682788631085
-14.894174684815743
-14.907777476761495
-14.923859695847364
-14.942771383126995
-14.964747113370285
-14.989725467023858
-15.017057636102887
-15.045128156165806
-15.071054277076094
-15.090852167119854
-15.100496030210245
-15.104327325618325
-15.11963930021051
-15.14617465575524
-15.181985280621987
-15.224843569517576
-15.272598198948318
-15.323392269966007
-15.375747016476378
-15.428554384479787
-15.481024274469636
-15.532618396624471
-15.582987815751538
-15.631920960727669
-15.679303258100848
-15.725087091082846
-15.769270043970511
-14.741393108827591
-14.741441735026813
-14.741492120632365
-14.741544351336977
-14.741598518100655
-14.74165471754296
-14.741713052369667
-14.741773631837319
-14.74183657225957
-14.741901997559633
-14.741970039873667
-14.742040840210569
-14.74211454917421
-14.742191327754968
-14.742271348198217
-14.742354794958418
-14.742441865748548
-14.742532772695881
-14.742627743616541
-14.742727023422953
-14.74283087568017
-14.742939584329285
-14.74305345559864
-14.743172820126446
-14.74329803532189
-14.743429487995611
-14.743567597295105
-14.74371281798588
-14.743865644125403
-14.744026613184186
-14.744196310676896
-14.744375375376414
-14.744564505195635
-14.744764463835834
-14.74497608831704
-14.745200297525614
-14.745438101937802
-14.745690614706199
-14.74595906432981
-14.746244809169026
-14.746549354115796
-14.746874369788552
-14.747221714693413
-14.747593460880791
-14.747991923733647
-14.748419696654969
-14.74887969158366
-14.749375186467597
-14.749909881070092
-14.750487962793681
-14.751114184589593
-14.751793957502814
-14.752533461008559
-14.753339775060793
-14.754221038742234
-14.755186641636554
-14.756247455613002
-14.757416116719227
-14.758707369446165
-14.760138488920266
-14.761729800796395
-14.763505324019455
-14.765493568490264
-14.767728528338488
-14.770250922280479
-14.773109745595326
-14.77636421336705
-14.780086190666848
-14.78436321913912
-14.789302253749502
-14.79503420279478
-14.801719287234583
-14.809553040136882
-14.81877233535073
-14.829659948219149
-14.84254442708929
-14.85778887653062
-14.875756801897293
-14.896734889695495
-14.920783064678641
-14.947480092379507
-14.975563616965415
-15.002572781776905
-15.024810735626263
-15.038090798164145
-15.041414648333093
-15.05280687072989
-15.075920309135157
-15.108985964943287
-15.149821981097752
-15.196221532201742
-15.246218139923338
-15.298208877224026
-15.35097084962121
-15.403618748833095
-15.455540508120487
-15.50633253243009
-15.555744025660989
-15.603632955744272
-15.649932902482476
-14.68072534708815
-14.680771771255783
-14.68081984905085
-14.68086965975393
-14.680921287441999
-14.680974821339968
-14.681030356202552
-14.68108799272951
-14.68114783801762
-14.681210006053126
-14.681274618248857
-14.68134180403067
-14.681411701478472
-14.681484458027679
-14.681560231237654
-14.681639189634561
-14.681721513636926
-14.681807396573266
-14.681897045802383
-14.681990683948273
-14.682088550263186
-14.682190902134208
-14.682298016750806
-14.682410192953217
-14.682527753284308
-14.682651046270811
-14.682780448963534
-14.682916369770528
-14.683059251622234
-14.683209575513565
-14.683367864474777
-14.68353468803112
-14.683710667220799
-14.68389648025197
-14.684092868892865
-14.68430064570479
-14.684520702246484
-14.68475401840057
-14.68500167299939
-14.685264855959412
-14.68554488217161
-14.685843207441309
-14.686161446826791
-14.686501395793412
-14.686865054682341
-14.687254657093264
-14.687672702903443
-14.688121996796596
-14.688605693361504
-14.689127350051038
-14.689690989579141
-14.690301173690935
-14.69096309068891
-14.69168265966069
-14.692466655063166
-14.693322856215401
-14.69426022739221
-14.695289135661515
-14.6964216154617
-14.697671691286551
-14.69905577288418
-14.700593141271485
-14.70230654885174
-14.704222963282017
-14.706374492789676
-14.708799540705446
-14.711544249300646
-14.714664307534042
-14.718227213263974
-14.722315095525897
-14.727028211002898
-14.732489218631033
-14.738848282266773
-14.746288903593731
-14.75503404967538
-14.765351431816649
-14.7775553926998
-14.792000231107977
-14.809055164973472
-14.829043759604463
-14.852121062678657
-14.878055478365713
-14.905898352944902
-14.933602733567815
-14.957834225537171
-14.974421032858267
-14.979821294918846
-14.9871930690687
-15.006698349006337
-15.036790286580317
-15.075373745442418
-15.120213942993844
-15.169247242466303
-15.220747868655854
-15.273373407923986
-15.326136527727659
-15.378344617896337
-15.429533650102137
-15.47940905720992
-15.527797935857256
-14.620060343344573
-14.620104696171753
-14.620150604661795
-14.620198142249128
-14.620247386741966
-14.620298420637875
-14.62035133146613
-14.62040621215952
-14.620463161458503
-14.620522284350983
-14.620583692551307
-14.620647505022527
-14.620713848546444
-14.620782858346473
-14.62085467876898
-14.620929464029413
-14.621007379030377
-14.62108860025962
-14.621173316776963
-14.62126173130034
-14.621354061402466
-14.621450540831086
-14.621551420967617
-14.621656972440878
-14.621767486915003
-14.621883279073199
-14.62200468882218
-14.622132083745624
-14.622265861839114
-14.62240645456394
-14.622554330262647
-14.622709997985899
-14.622874011787856
-14.623046975556338
-14.623229548454772
-14.623422451065363
-14.623626472338
-14.62384247746695
-14.62407141683848
-14.62431433621768
-14.624572388372716
-14.624846846370897
-14.62513911882424
-14.625450767414714
-14.625783527092784
-14.626139329420058
-14.626520329620947
-14.626928938023362
-14.627367856709864
-14.62784012237485
-14.628349156598773
-14.628898825017723
-14.629493507199753
-14.63013817945568
-14.630838513334652
-14.631600993212846
-14.632433057215527
-14.63334326676763
-14.634341511410243
-14.635439257232973
-14.636649849462204
-14.637988882551065
-14.639474654713169
-14.641128728449061
-14.642976624498269
-14.645048684121633
-14.647381144006053
-14.650017479665788
-14.65301008706288
-14.65642238781416
-14.66033145909543
-14.66483130089904
-14.670036851078166
-14.67608882262136
-14.683159327692533
-14.691457990951795
-14.701237692789999
-14.712797952714087
-14.726481804292918
-14.742658122086397
-14.761674916930817
-14.783759993071216
-14.808836866084636
-14.836229360738006
-14.86428109858919
-14.890063450111533
-14.909567197057722
-14.91879574706418
-14.922841401153004
-14.938575489749404
-14.96547373581192
-15.001571081199643
-15.044637254153605
-15.092528472656292
-15.143400421588511
-15.19578791347125
-15.248595149559412
-15.301042042876112
-15.352597988803426
-15.402919708617706
-14.559397935984281
-14.55944033862892
-14.559484206105035
-14.559529606509571
-14.559576611933386
-14.55962529874495
-14.5596757478978
-14.559728045264004
-14.559782281996196
-14.559838554920988
-14.559896966966916
-14.559957627630398
-14.56002065348363
-14.560086168728725
-14.56015430580302
-14.560225206040933
-14.560299020398546
-14.560375910247696
-14.56045604824734
-14.56053961930083
-14.56062682160889
-14.56071786782937
-14.56081298635623
-14.560912422731962
-14.561016441209468
-14.561125326481736
-14.561239385600071
-14.561358950104655
-14.561484378394574
-14.561616058368434
-14.56175441037121
-14.561899890488405
-14.562052994234795
-14.562214260692365
-14.562384277160664
-14.562563684392876
-14.562753182502878
-14.562953537642619
-14.563165589565925
-14.563390260214678
-14.563628563487043
-14.563881616375783
-14.564150651698647
-14.564437032683708
-14.564742269721872
-14.565068039658378
-14.565416208067637
-14.565788855043957
-14.566188305148577
-14.566617162285738
-14.567078350443278
-14.567575161434428
-14.568111311026682
-14.568691005153914
-14.569319018295168
-14.570000786589189
-14.570742518864472
-14.5715513295359
-14.572435398295877
-14.57340416276984
-14.574468551888895
-14.575641269755543
-14.57693714236898
-14.578373542896832
-14.579970915435238
-14.581753422640388
-14.583749749540114
-14.585994104570586
-14.58852746973716
-14.59139916493359
-14.59466880662792
-14.598408757140446
-14.602707174350883
-14.607671775415389
-14.613434406089375
-14.620156427335324
-14.628034729739856
-14.637307743028623
-14.64825989984616
-14.661221249649387
-14.676555675173507
-14.69462561784991
-14.715712850046703
-14.739865347705363
-14.766638838882459
-14.794734126950836
-14.821644172852766
-14.843636373481196
-14.856532680461537
-14.859785181356386
-14.871612535896707
-14.895110493731915
-14.928488287096206
-14.969557101150551
-15.016114940852793
-15.066206811039995
-15.118243377928616
-15.17101458398667
-15.223645893207694
-15.275533651262485
-14.498737975036903
-14.498778539944425
-14.49882048537219
-14.498863874537564
-14.498908774309788
-14.498955255465471
-14.499003392965117
-14.499053266252702
-14.499104959580505
-14.499158562361666
-14.499214169553179
-14.49927188207237
-14.499331807250222
-14.499394059325342
-14.499458759982714
-14.499526038941989
-14.49959603460053
-14.499668894737107
-14.499744777282842
-14.499823851166822
-14.499906297244733
-14.499992309319936
-14.500082095267576
-14.500175878273774
-14.50027389820347
-14.500376413112372
-14.500483700920519
-14.500596061267437
-14.500713817571631
-14.500837319320413
-14.50096694461984
-14.501103103038883
-14.50124623878706
-14.501396834270697
-14.50155541407997
-14.50172254946699
-14.501898863384826
-14.502085036168678
-14.502281811953738
-14.502490005940112
-14.50271051263404
-14.502944315216947
-14.503192496220697
-14.50345624971944
-14.503736895286938
-14.50403589401467
-14.50435486694214
-14.504695616318825
-14.505060150200004
-14.505450710979822
-14.505869808588708
-14.506320259234586
-14.506805230755084
-14.507328295880528
-14.507893494996544
-14.508505410355573
-14.509169254137968
-14.509890973330437
-14.510677375104837
-14.511536277285343
-14.51247668964134
-14.513509033207008
-14.514645406697797
-14.51589991148618
-14.517289049664587
-14.518832213652708
-14.520552290835774
-14.522476413133646
-14.524636889518703
-14.527072369645193
-14.52982929915371
-14.532963741801902
-14.536543659543575
-14.540651756614997
-14.545389001815407
-14.55087893196784
-14.557272783271873
-14.564755344810209
-14.573551081358461
-14.583929347035488
-14.596206078920842
-14.61073667591386
-14.627890053339867
-14.647986388355442
-14.67117146174721
-14.697194644289043
-14.725074902137356
-14.752720826058233
-14.776755635211305
-14.79299812391461
-14.798046566768502
-14.805862871672538
-14.825772032530782
-14.85620083221474
-14.895042544918981
-14.94006395422069
-14.989211328365162
-15.040772205401543
-15.093417459695699
-15.146171264204407
-14.438080321184211
-14.438119152827174
-14.43815928664676
-14.43820078139355
-14.438243699161593
-14.438288105618836
-14.438334070256227
-14.438381666657266
-14.43843097278994
-14.438482071323179
-14.438535049970215
-14.438590001861465
-14.4386470259499
-14.438706227452121
-14.438767718328823
-14.43883161780866
-14.438898052960056
-14.438967159316038
-14.43903908155774
-14.439113974262947
-14.43919200272684
-14.439273343862965
-14.439358187193468
-14.439446735938843
-14.439539208218704
-14.439635838376672
-14.439736878444174
-14.43984259975998
-14.439953294764628
-14.440069278991517
-14.440190893279627
-14.440318506236302
-14.440452516982779
-14.44059335821996
-14.440741499657593
-14.440897451856607
-14.441061770542166
-14.44123506145403
-14.441417985811585
-14.441611266483573
-14.441815694967502
-14.442032139301508
-14.442261553052653
-14.442504985550825
-14.442763593567726
-14.443038654676633
-14.443331582572373
-14.443643944683688
-14.443977482474095
-14.444334134905047
-14.44471606562999
-14.445125694603824
-14.445565734934737
-14.446039235980825
-14.446549633910957
-14.447100811218773
-14.447697167014297
-14.448343700337382
-14.44904610926398
-14.449810909239686
-14.45064557491388
-14.451558710811602
-14.452560257534063
-14.453661741906123
-14.454876581698286
-14.45622045838116
-14.457711774998245
-14.459372220889902
-14.461227470935922
-14.463308054517698
-14.46565043886181
-14.46829838308943
-14.471304633220274
-14.474733044067357
-14.478661229648191
-14.483183855003595
-14.48841667932537
-14.49450142254099
-14.501611413860358
-14.509957711247953
-14.5197948043339
-14.531423855798874
-14.54518922978702
-14.56146008844516
-14.58058229243988
-14.602776650139797
-14.627951243936833
-14.655402042290143
-14.683431347208845
-14.709064834133933
-14.72826926924692
-14.7370796159135
-14.741371050038532
-14.757525620634876
-14.784784270674095
-14.821165528427933
-14.864436900287767
-14.912462409038048
-14.963410417277665
-15.015829299150695
-14.37742484486671
-14.377462040412354
-14.377500465259818
-14.3775401740656
-14.377581224551182
-14.37762367771112
-14.377667598037815
-14.37771305376441
-14.377760117127574
-14.377808864652016
-14.377859377458808
-14.377911741599812
-14.377966048420765
-14.378022394955869
-14.378080884356995
-14.378141626361078
-14.378204737799527
-14.37827034315412
-14.378338575164184
-14.378409575490567
-14.378483495442541
-14.37856049677449
-14.378640752560136
-14.378724448153026
-14.378811782243078
-14.378902968020304
-14.378998234458257
-14.379097827731421
-14.379202012782704
-14.379311075059368
-14.37942532243833
-14.379545087364672
-14.37967072923067
-14.379802637026543
-14.379941232298835
-14.380086972457624
-14.380240354480128
-14.380401919065575
-14.380572255304891
-14.380752005938891
-14.38094187329072
-14.381142625972384
-14.381355106482156
-14.381580239829551
-14.381819043348473
-14.382072637887642
-14.38234226060163
-14.382629279606979
-14.382935210817466
-14.383261737332754
-14.383610731827522
-14.383984282477101
-14.384384723064242
-14.38481466804493
-14.385277053515116
-14.385775185222931
-14.386312795022105
-14.386894107474953
-14.387523918703694
-14.388207690078357
-14.388951659945326
-14.389762977378144
-14.390649862917467
-14.391621802519415
-14.392689782528342
-14.393866575530746
-14.395167089560369
-14.39660879647411
-14.398212259610638
-14.400001786331835
-14.402006238030848
-14.404260038996789
-14.406804436459165
-14.409689077349784
-14.412973982552103
-14.416732015412231
-14.421051954710848
-14.426042285468554
-14.43183579760789
-14.43859499962557
-14.446518147240843
-14.455845231923352
-14.466862343784557
-14.479901019959808
-14.49532587961298
-14.513498204994084
-14.534694667752943
-14.558950974932761
-14.585799356504449
-14.613903302867097
-14.640709515115871
-14.66245058734983
-14.674959255979395
-14.678171554562145
-14.690432785122415
-14.714312993218163
-14.748000163588209
-14.789299012869188
-14.836012700723662
-14.88619785816888
-14.316771425476269
-14.316807075389882
-14.316843886748407
-14.316881910451265
-14.316921200210992
-14.316961812741473
-14.31700380796101
-14.317047249211559
-14.317092203495623
-14.31713874173245
-14.317186939035338
-14.317236875012062
-14.317288634090643
-14.317342305872922
-14.317397985518692
-14.317455774163404
-14.31751577937287
-14.317578115638716
-14.317642904918818
-14.317710277227421
-14.317780371280215
-14.317853335200281
-14.31792932729155
-14.31800851688718
-14.318091085281292
-14.318177226753482
-14.31826714969678
-14.318361077861125
-14.318459251726027
-14.31856193001789
-14.318669391389628
-14.318781936282615
-14.318899888993833
-14.31902359997434
-14.319153448388972
-14.319289844971559
-14.319433235215108
-14.319584102942311
-14.319742974308822
-14.319910422299854
-14.320087071790399
-14.320273605250659
-14.320470769191793
-14.32067938146294
-14.320900339529453
-14.321134629884801
-14.321383338775496
-14.321647664450676
-14.32192893118676
-14.322228605384225
-14.32254831409017
-14.322889866368676
-14.323255278024517
-14.323646800287442
-14.324066953189071
-14.32451856451774
-14.325004815425936
-14.325529293999212
-14.326096058386822
-14.326709711457628
-14.32737548939976
-14.32809936725431
-14.328888185094437
-14.329749799473916
-14.330693265928252
-14.33172905978768
-14.332869344446959
-14.334128298649894
-14.335522517439083
-14.337071505385103
-14.338798285782472
-14.340730155967401
-14.342899627096687
-14.345345596948343
-14.348114816786524
-14.35126372798937
-14.354860760127439
-14.358989197002494
-14.36375072487026
-14.3692697648241
-14.375698632720708
-14.383223412761122
-14.392070074163588
-14.402509616484668
-14.414859563349143
-14.429476383308216
-14.446728614563424
-14.466932893679452
-14.490225461198627
-14.516336234379372
-14.544251302274835
-14.571834530617863
-14.595667308030992
-14.611560840648075
-14.616287803332945
-14.62454779478577
-14.64485884057244
-14.675621841061187
-14.714719001019686
-14.759919054347355
-14.256119950625482
-14.256154139216513
-14.25618942600524
-14.256225858439139
-14.2562634865507
-14.256302363127956
-14.256342543898185
-14.256384087726095
-14.256427056827684
-14.256471517001298
-14.256517537877423
-14.256565193188997
-14.256614561064174
-14.256665724343677
-14.25671877092515
-14.256773794137152
-14.256830893145704
-14.256890173396705
-14.25695174709785
-14.257015733744101
-14.257082260691284
-14.257151463782888
-14.257223488035738
-14.25729848839098
-14.257376630537488
-14.257458091815836
-14.257543062211848
-14.25763174545006
-14.257724360198642
-14.257821141398901
-14.257922341734288
-14.258028233255747
-14.258139109182688
-14.258255285901457
-14.258377105186351
-14.258504936671788
-14.25863918060846
-14.258780270941145
-14.25892867875155
-14.25908491611623
-14.25924954043737
-14.259423159313439
-14.259606436027447
-14.259800095743334
-14.260004932516031
-14.260221817238701
-14.260451706671883
-14.260695653724763
-14.26095481918914
-14.261230485163257
-14.26152407044659
-14.261837148239831
-14.262171466548635
-14.262528971768017
-14.26291183601964
-14.263322488931076
-14.263763654689553
-14.264238395379525
-14.264750161832033
-14.26530285348536
-14.26590088909472
-14.266549290551774
-14.267253782605845
-14.268020911947614
-14.268858189961922
-14.269774264529218
-14.270779127620518
-14.271884367173122
-14.273103473962996
-14.274452217044836
-14.27594910499076
-14.27761595484605
-14.279478596705722
-14.281567749411806
-14.283920112405537
-14.286579730511901
-14.289599702433858
-14.293044319461485
-14.29699173653179
-14.3015372887486
-14.306797562690623
-14.312915292269897
-14.320065031429017
-14.328459278719405
-14.338354137453178
-14.350052409985166
-14.363899769655145
-14.38026560890883
-14.399493515326611
-14.421797071528468
-14.447068553137276
-14.474575581175591
-14.502578742901731
-14.528058236105332
-14.54695822867535
-14.555347603100588
-14.55991623467911
-14.576489616674806
-14.604106163784046
-14.640768523470506
-14.195470315485537
-14.195503121402597
-14.195536966509776
-14.195571895079249
-14.195607953761387
-14.195645191739388
-14.19568366089576
-14.195723415991669
-14.195764514860329
-14.195807018615664
-14.195850991877682
-14.195896503016046
-14.1959436244136
-14.195992432751668
-14.19604300931927
-14.196095440348513
-14.196149817378734
-14.19620623765225
-14.196264804544859
-14.196325628034625
-14.19638882521288
-14.196454520841812
-14.196522847963562
-14.196593948566312
-14.196667974313511
-14.196745087343176
-14.196825461144988
-14.196909281524002
-14.19699674766077
-14.197088073279058
-14.197183487933772
-14.197283238433343
-14.19738759041283
-14.19749683007616
-14.197611266128513
-14.19773123192283
-14.197857087847861
-14.197989223989115
-14.198128063098801
-14.198274063916173
-14.198427724886047
-14.198589588330684
-14.19876024513891
-14.198940340046539
-14.199130577594293
-14.199331728863664
-14.199544639108073
-14.19977023641684
-14.200009541573483
-14.20026367929854
-14.200533891101598
-14.200821550008524
-14.201128177480019
-14.201455462897929
-14.201805286069343
-14.202179743287934
-14.202581177601438
-14.203012214068359
-14.20347580095226
-14.203975258006139
-14.204514333252488
-14.205097269979758
-14.205728886069402
-14.206414668261136
-14.207160884584884
-14.20797471897191
-14.20886443305126
-14.209839561400656
-14.210911148131547
-14.212092034746638
-14.213397211844345
-14.214844250623747
-14.216453834473382
-14.21825041646289
-14.220263035598707
-14.222526333581557
-14.225081824815645
-14.227979485713508
-14.231279744629234
-14.2350559697404
-14.239397565428073
-14.244413790288103
-14.250238385153311
-14.257035013605867
-14.265003304089937
-14.274384815569606
-14.285467295473993
-14.298583754488533
-14.314099505083542
-14.33237457256294
-14.353680337251928
-14.37803991195522
-14.404961564117633
-14.433071004036979
-14.459768620711184
-14.481253200050693
-14.49337044539682
-14.4965737455388
-14.509267552855594
-14.533527715455223
-14.134822422185362
-14.134853918865485
-14.134886399631858
-14.134919905832547
-14.13495448100599
-14.134990171021437
-14.135027024229998
-14.135065091627203
-14.13510442702809
-14.135145087255946
-14.135187132345923
-14.13523062576486
-14.135275634648844
-14.135322230060101
-14.135370487265098
-14.135420486035812
-14.135472310976446
-14.135526051878024
-14.13558180410365
-14.135639669007466
-14.135699754390727
-14.135762174998753
-14.135827053063043
-14.135894518893233
-14.135964711524217
-14.136037779424354
-14.13611388127143
-14.136193186803835
-14.136275877755395
-14.136362148883341
-14.13645220910013
-14.136546282721225
-14.136644610842588
-14.136747452863403
-14.136855088171771
-14.13696781801348
-14.137085967566838
-14.137209888249831
-14.13733996028961
-14.13747659558883
-14.137620240928413
-14.137771381552389
-14.13793054518746
-14.138098306558229
-14.13827529246868
-14.13846218753202
-14.13865974064443
-14.13886877231434
-14.139090182977899
-14.139324962453923
-14.139574200718757
-14.139839100213926
-14.14012098993846
-14.140421341624815
-14.140741788354172
-14.141084146035872
-14.141450438259742
-14.141842925132517
-14.142264136835283
-14.142716912793325
-14.143204447540365
-14.143730344595411
-14.144298679963857
-14.144914077240742
-14.1455817967527
-14.146307841751492
-14.14709908539914
-14.147963423205002
-14.148909956744088
-14.149949215974791
-14.151093429376274
-14.152356853559883
-14.153756177128717
-14.15531101755798
-14.157044534985904
-14.158984193327594
-14.161162707375006
-14.163619224844476
-14.16640080489595
-14.169564269371977
-14.173178519008426
-14.177327421569547
-14.18211338614413
-14.187661724515493
-14.194125839538112
-14.201693118246508
-14.210591040954004
-14.221092255042937
-14.233515862284037
-14.248219369294075
-14.265570860540153
-14.285883276040803
-14.30928303775335
-14.335480184475074
-14.363427432205508
-14.390943670645585
-14.414569054283106
-14.430109063501744
-14.434544998059852
-14.443247785277853
-14.074176179265686
-14.074206435342594
-14.074237624000277
-14.074269783891028
-14.074302955686736
-14.07433718220662
-14.074372508554424
-14.074408982265972
-14.074446653467916
-14.074485575048671
-14.074525802842654
-14.074567395828955
-14.07461041634581
-14.07465493032227
-14.0747010075287
-14.074748721847842
-14.074798151568402
-14.074849379703327
-14.074902494335145
-14.07495758899105
-14.075014763050667
-14.075074122189797
-14.075135778863778
-14.0751998528346
-14.075266471746266
-14.075335771753572
-14.075407898209978
-14.075483006421003
-14.075561262470345
-14.075642844126827
-14.07572794184132
-14.075816759843898
-14.075909517352926
-14.07600644990923
-14.076107810850294
-14.07621387294148
-14.076324930183548
-14.076441299818544
-14.076563324559151
-14.076691375070284
-14.076825852735908
-14.076967192748942
-14.077115867567851
-14.07727239079018
-14.077437321501181
-14.077611269164844
-14.07779489913549
-14.077988938880944
-14.078194185023431
-14.078411511322333
-14.078641877744426
-14.078886340792733
-14.079146065295806
-14.079422337895949
-14.079716582519238
-14.0800303781636
-14.080365479406082
-14.080723840109147
-14.081107640902076
-14.081519321131033
-14.081961616116008
-14.08243760073083
-14.082950740542888
-14.083504952022725
-14.084104673674586
-14.084754950365479
-14.0854615336656
-14.086231001687503
-14.087070902764241
-14.08798992838871
-14.08899812221354
-14.090107133668328
-14.091330526999156
-14.092684159415576
-14.094186645722312
-14.095859931541241
-14.097730003265902
-14.099827770549584
-14.10219016673642
-14.10486152446881
-14.10789529777936
-14.111356217741726
-14.115322984320917
-14.11989160773354
-14.125179508030456
-14.131330440185259
-14.138520190569084
-14.146962705555312
-14.156915706408448
-14.168683631233499
-14.182613440285982
-14.19907469729166
-14.218408590811455
-14.24082124327266
-14.2661887446959
-14.29374987571753
-14.321723124646798
-14.34704346286117
-14.365633923342362
-14.373599680176325
-14.013531501182337
-14.013560580857952
-14.013590544929386
-14.013621429560995
-14.01365327278128
-14.013686114599162
-14.013719997128817
-14.013754964723741
-14.01379106412088
-14.013828344595675
-14.013866858128967
-14.01390665958683
-14.01394780691447
-14.013990361345458
-14.01403438762771
-14.014079954267741
-14.014127133794913
-14.014176003047561
-14.014226643483068
-14.014279141514233
-14.014333588874486
-14.014390083014796
-14.014448727535463
-14.014509632656324
-14.01457291572932
-14.014638701797805
-14.014707124207565
-14.014778325275017
-14.014852457018785
-14.014929681961599
-14.015010174010301
-14.01509411942277
-14.015181717871638
-14.015273183616031
-14.015368746793968
-14.015468654849775
-14.015573174112832
-14.015682591546124
-14.015797216685762
-14.015917383795509
-14.016043454263887
-14.016175819275382
-14.016314902791995
-14.016461164886762
-14.01661510547727
-14.016777268514643
-14.01694824669215
-14.017128686747995
-14.017319295448837
-14.017520846355122
-14.017734187486159
-14.017960250023306
-14.018200058213637
-14.018454740665453
-14.018725543261606
-14.019013843958284
-14.019321169787267
-14.019649216440484
-14.019999870889748
-14.020375237584599
-14.020777668881456
-14.0212098004924
-14.021674592908456
-14.022175379957844
-14.022715925914836
-14.023300492892304
-14.023933920647716
-14.024621721429739
-14.025370193118553
-14.026186554703516
-14.027079109143825
-14.028057439931692
-14.029132649301998
-14.030317648108957
-14.031627510049658
-14.03307990632313
-14.034695641181239
-14.036499314411163
-14.038520143890379
-14.040792990302213
-14.04335963719164
-14.046270392914021
-14.049586096373329
-14.053380624413347
-14.057744011748907
-14.062786296298837
-14.068642176583767
-14.075476478841514
-14.083490211809536
-14.09292650757498
-14.104074770410971
-14.117269469709429
-14.13287656670815
-14.151254729446078
-14.172669852235513
-14.197132123032567
-14.22412537863652
-14.252237087685605
-14.278821300888113
-14.300044036359541
-13.952888307853778
-13.952916271236685
-13.952945073897776
-13.95297474970289
-13.953005334240302
-13.95303686492674
-13.95306938112106
-13.953102924246258
-13.953137537920474
-13.953173268097808
-13.953210163219744
-13.953248274378131
-13.95328765549075
-13.953328363490545
-13.953370458529784
-13.953414004200491
-13.953459067772647
-13.95350572045181
-13.953554037657986
-13.953604099327764
-13.953655990241963
-13.953709800381269
-13.953765625312618
-13.953823566609417
-13.953883732308968
-13.953946237410968
-13.954011204421269
-13.954078763945704
-13.954149055339247
-13.9542222274165
-13.954298439230161
-13.954377860925012
-13.95446067467586
-13.954547075718974
-13.954637273487787
-13.954731492865
-13.95482997556491
-13.954932981661585
-13.95504079128062
-13.955153706474796
-13.955272053306615
-13.955396184164169
-13.955526480340492
-13.955663354911032
-13.955807255949077
-13.955958670124978
-13.956118126742094
-13.956286202270714
-13.956463525450932
-13.956650783046985
-13.956848726349167
-13.957058178535519
-13.957280043024712
-13.95751531297427
-13.95776508210564
-13.958030557070208
-13.958313071609679
-13.958614102811561
-13.958935289817756
-13.959278455413681
-13.95964563100996
-13.96003908563191
-13.960461359658643
-13.960915304209225
-13.96140412726539
-13.961931447858289
-13.962501359942502
-13.963118507949686
-13.963788176476525
-13.964516397142729
-13.965310076387961
-13.966177148904663
-13.967126762582586
-13.968169502342697
-13.969317662156536
-13.970585577002803
-13.97199002965994
-13.973550751267199
-13.975291039748129
-13.977238526768318
-13.97942613221707
-13.981893255578004
-13.984687266197204
-13.987865369248007
-13.991496940207599
-13.995666435232188
-14.000476991656544
-14.006054818409728
-14.012554412710672
-14.020164472136733
-14.02911399466688
-14.03967727765377
-14.052174992052537
-14.066965649810536
-14.08441680291315
-14.104837535308645
-14.128344167003094
-14.154626428638716
-14.18260316862211
-14.21004806806434
-13.892246524248465
-13.89227342766264
-13.892301128073704
-13.892329657221794
-13.892359048440182
-13.892389336752027
-13.89242055897403
-13.892452753827598
-13.892485962058087
-13.89252022656284
-13.89255559252876
-13.892592107580219
-13.892629821938229
-13.892668788591834
-13.892709063482819
-13.892750705704934
-13.892793777718934
-13.89283834558489
-13.892884479213384
-13.892932252637321
-13.892981744306361
-13.893033037406099
-13.89308622020441
-13.893141386427637
-13.89319863566956
-13.893258073836469
-13.893319813632015
-13.89338397508592
-13.893450686131148
-13.893520083234659
-13.89359231208748
-13.893667528360528
-13.893745898533448
-13.893827600804562
-13.893912826091134
-13.894001779130281
-13.894094679692229
-13.89419176391914
-13.894293285804569
-13.894399518830523
-13.894510757781614
-13.89462732075835
-13.894749551414877
-13.894877821450043
-13.895012533384921
-13.895154123664867
-13.895303066129895
-13.895459875903946
-13.895625113761408
-13.895799391038624
-13.895983375168948
-13.896177795932829
-13.89638345252968
-13.89660122159636
-13.896832066318687
-13.897077046808155
-13.897337331946787
-13.897614212940132
-13.897909118862923
-13.89822363453576
-13.89855952113646
-13.898918740029016
-13.899303480389923
-13.89971619133013
-13.900159619356396
-13.900636852195301
-13.901151370225202
-13.90170710703703
-13.90230852098854
-13.902960680046386
-13.90366936275007
-13.904441178811972
-13.905283713727494
-13.906205702860758
-13.907217241859984
-13.908330042029592
-13.909557741553787
-13.910916286371945
-13.912424398230648
-13.914104152206704
-13.91598169208386
-13.91808811968791
-13.920460603967504
-13.923143767512897
-13.926191422353744
-13.92966874267958
-13.933654977622844
-13.938246817598053
-13.943562522250373
-13.949746874722885
-13.956976901518999
-13.965468004018513
-13.975479525530139
-13.987317535548383
-14.001330258041982
-14.017887367229685
-14.037327523649834
-14.059849150470827
-14.085311768052525
-14.112924822135142
-13.831606080008044
-13.831631976274814
-13.831658629882522
-13.831686070603498
-13.831714329685049
-13.831743439937885
-13.831773435830756
-13.831804353591838
-13.831836231317407
-13.83186910908842
-13.831903029095638
-13.83193803577406
-13.831974175947401
-13.83201149898355
-13.832050056961904
-13.832089904853687
-13.832131100716357
-13.832173705903411
-13.832217785290979
-13.832263407522753
-13.832310645274976
-13.832359575543368
-13.832410279954095
-13.832462845101105
-13.832517362912414
-13.832573931048174
-13.832632653333778
-13.83269364023147
-13.83275700935449
-13.83282288602812
-13.832891403902623
-13.832962705623554
-13.833036943565709
-13.833114280637625
-13.833194891164506
-13.83327896185837
-13.83336669288539
-13.83345829904165
-13.833554011050056
-13.833654076992795
-13.833758763895728
-13.833868359483311
-13.833983174125258
-13.834103542999129
-13.834229828496532
-13.834362422904634
-13.834501751399358
-13.834648275392157
-13.834802496278593
-13.834964959644482
-13.83513625999413
-13.83531704607554
-13.835508026889713
-13.835709978485545
-13.835923751659038
-13.83615028069587
-13.836390593320681
-13.836645822045549
-13.836917217144945
-13.83720616152646
-13.837514187817236
-13.837842998047336
-13.838194486385769
-13.838570765475671
-13.83897419702608
-13.839407427454004
-13.839873429538104
-13.840375551252595
-13.840917573207038
-13.841503776437602
-13.84213902269526
-13.842828849877785
-13.843579585883402
-13.84439848496124
-13.845293891644033
-13.8462754386334
-13.847354286646475
-13.848543416327399
-13.849857985009832
-13.851315764555421
-13.852937680898995
-13.854748481562849
-13.85677756456308
-13.85906001114904
-13.861637875988196
-13.864561801860402
-13.867893041322969
-13.871705983749898
-13.876091298957272
-13.881159809971562
-13.887047179812875
-13.893919404962897
-13.901978881994507
-13.911470321619772
-13.922684784147783
-13.935958182099473
-13.951657079492321
-13.970138684178583
-13.991663205631923
-14.016227571066935
-13.770966909102913
-13.77099184779872
-13.771017506611955
-13.77104391349151
-13.771071097753202
-13.771099090160652
-13.771127923011791
-13.771157630231443
-13.771188247470485
-13.77121981221212
-13.771252363885838
-13.771285943989719
-13.771320596221786
-13.771356366621172
-13.771393303719934
-13.77143145870647
-13.77147088560153
-13.77151164144797
-13.771553786515451
-13.771597384521472
-13.771642502870236
-13.771689212910971
-13.771737590217603
-13.771787714891733
-13.771839671891245
-13.771893551386961
-13.77194944915018
-13.772007466974127
-13.772067713132785
-13.772130302880889
-13.772195358999392
-13.772263012391125
-13.772333402732027
-13.772406679183906
-13.772483001175432
-13.772562539258947
-13.772645476051515
-13.772732007269859
-13.772822342869937
-13.772916708303402
-13.773015345904792
-13.773118516425141
-13.773226500729885
-13.773339601681371
-13.77345814622917
-13.77358248773469
-13.773713008560408
-13.773850122958558
-13.773994280299263
-13.774145968684198
-13.774305718999008
-13.774474109466
-13.774651770768513
-13.774839391829884
-13.77503772634365
-13.775247600167823
-13.775469919715379
-13.775705681495978
-13.775955982991505
-13.776222035080764
-13.776505176268296
-13.776806889019864
-13.777128818564854
-13.777472794595734
-13.777840856379862
-13.778235281902962
-13.77865862179099
-13.779113738913956
-13.779603854768762
-13.780132603977847
-13.78070409853859
-13.781323003830378
-13.781994628852313
-13.782725033750339
-13.783521158431773
-13.784390977001145
-13.785343683940084
-13.786389919468858
-13.787542043462269
-13.788814469769797
-13.790224075964629
-13.791790707615217
-13.793537801379246
-13.79549315785352
-13.797689903498396
-13.8001676914083
-13.802974203424002
-13.806167030938674
-13.809816027774428
-13.814006242941577
-13.818841547470198
-13.824449053926877
-13.83098436128706
-13.838637485372724
-13.84763894831327
-13.85826469932465
-13.870836969007252
-13.885715240728072
-13.903266453063475
-13.923795670741466
-13.710328949516981
-13.710352977209345
-13.710377690051446
-13.710403114300938
-13.710429277483453
-13.71045620846666
-13.710483937539433
-13.710512496496493
-13.710541918728994
-13.7105722393215
-13.710603495155917
-13.710635725022913
-13.71066896974146
-13.710703272287208
-13.710738677930392
-13.710775234384135
-13.710812991964023
-13.710852003759953
-13.710892325821334
-13.710934017356836
-13.710977140950025
-13.711021762792305
-13.711067952934805
-13.711115785560965
-13.711165339281795
-13.711216697455967
-13.71126994853717
-13.711325186451404
-13.711382511007152
-13.711442028341805
-13.711503851407974
-13.711568100503834
-13.711634903852092
-13.71170439823273
-13.711776729675275
-13.711852054217077
-13.711930538734856
-13.712012361857672
-13.712097714970556
-13.712186803319167
-13.712279847227249
-13.712377083440149
-13.712478766609513
-13.712585170936253
-13.712696591991325
-13.712813348736482
-13.712935785770423
-13.713064275829375
-13.713199222575366
-13.71334106371049
-13.713490274461153
-13.713647371483095
-13.713812917245937
-13.713987524965246
-13.714171864161157
-13.71436666693552
-13.714572735074885
-13.714790948104882
-13.715022272443253
-13.715267771824639
-13.715528619201352
-13.715806110361463
-13.71610167955053
-13.716416917437378
-13.716753591830146
-13.717113671628596
-13.717499354596269
-13.717913099655327
-13.718357664553611
-13.718836149934205
-13.719352051061463
-13.719909318735374
-13.720512431272317
-13.721166479863653
-13.72187727016758
-13.722651443675385
-13.723496623260408
-13.724421588418508
-13.725436487109638
-13.726553092898278
-13.727785118378137
-13.72914859879761
-13.730662363559706
-13.732348618081204
-13.734233664636227
-13.736348798594987
-13.738731426225803
-13.74142646221418
-13.744488079275369
-13.747981898073071
-13.75198772107767
-13.7566029240222
-13.76194661230518
-13.76816460437757
-13.775435174585354
-13.783975186445607
-13.79404560921804
-13.805954138976757
-13.820050239255645
-13.83670363217324
-13.649692142958864
-13.649715303422573
-13.649739116162305
-13.649763605865639
-13.64978879839742
-13.649814720867676
-13.649841401704114
-13.64986887072961
-13.649897159245041
-13.64992630011791
-13.649956327877215
-13.649987278815086
-13.650019191095723
-13.650052104872264
-13.650086062412237
-13.65012110823231
-13.650157289243168
-13.65019465490535
-13.650233257397042
-13.650273151794853
-13.650314396268751
-13.650357052292446
-13.65040118487058
-13.650446862784356
-13.650494158857253
-13.650543150242761
-13.65059391873625
-13.650646551113272
-13.650701139496919
-13.65075778175707
-13.65081658194479
-13.65087765076537
-13.650941106094049
-13.651007073538796
-13.65107568705518
-13.65114708961881
-13.651221433961648
-13.65129888337914
-13.651379612616049
-13.651463808839864
-13.651551672711753
-13.651643419566371
-13.651739280713286
-13.651839504874514
-13.651944359774575
-13.652054133901816
-13.652169138462229
-13.652289709550162
-13.65241621056364
-13.652549034896218
-13.652688608941899
-13.652835395455204
-13.652989897314885
-13.653152661747324
-13.65332428507446
-13.653505418061561
-13.653696771952392
-13.653899125293853
-13.654113331669485
-13.65434032848162
-13.654581146946548
-13.654836923496207
-13.655108912815136
-13.655398502783513
-13.65570723164825
-13.656036807805732
-13.656389132654821
-13.656766327070162
-13.657170762157602
-13.657605095090698
-13.65807231099627
-13.658575772065715
-13.659119275327875
-13.65970712084169
-13.66034419246987
-13.661036053900311
-13.661789063218162
-13.662610510135327
-13.663508781003099
-13.664493558029438
-13.665576060775075
-13.66676934011564
-13.668088637563194
-13.669551826309608
-13.671179954798523
-13.672997919312788
-13.67503529928463
-13.677327398125376
-13.67991654362248
-13.682853715481695
-13.686200583041487
-13.690032052099546
-13.694439432374935
-13.69953433782342
-13.70545340281009
-13.712363801665791
-13.720469326312372
-13.730016271456758
-13.74129735229141
-13.754649908135896
-13.589056434597
-13.589078769012431
-13.589101724775665
-13.589125325115376
-13.58914959435427
-13.589174557971406
-13.5892002426687
-13.589226676441905
-13.589253888656465
-13.589281910128575
-13.589310773211897
-13.589340511890367
-13.589371161877596
-13.589402760723402
-13.589435347928058
-13.589468965064894
-13.589503655911992
-13.589539466593706
-13.589576445732872
-13.589614644614649
-13.589654117362999
-13.589694921130937
-13.589737116305791
-13.589780766730842
-13.589825939944822
-13.589872707440989
-13.589921144947555
-13.58997133273155
-13.590023355928357
-13.590077304899422
-13.590133275620923
-13.590191370106481
-13.590251696867375
-13.590314371414062
-13.590379516803324
-13.590447264235808
-13.590517753709298
-13.59059113473378
-13.590667567114963
-13.590747221813908
-13.590830281891227
-13.590916943545507
-13.591007417256796
-13.591101929047419
-13.591200721874054
-13.591304057166818
-13.591412216533314
-13.591525503648054
-13.591644246350565
-13.591768798978778
-13.591899544968202
-13.592036899751864
-13.5921813140012
-13.592333277254246
-13.592493321984573
-13.59266202817287
-13.592840028452885
-13.59302801391516
-13.593226740665644
-13.593437037252736
-13.593659813095543
-13.593896068069355
-13.594146903431902
-13.594413534307057
-13.59469730398245
-13.594999700325413
-13.595322374679723
-13.59566716367603
-13.596036114474561
-13.596431514063495
-13.596855923364716
-13.597312217056672
-13.597803630218964
-13.598333813144936
-13.598906895968941
-13.599527565129884
-13.600201154162486
-13.600933751898214
-13.601732331903307
-13.60260490792491
-13.60356072131555
-13.604610467933876
-13.60576657397175
-13.607043532656528
-13.608458316980133
-13.610030887711133
-13.611784821197464
-13.61374808815707
-13.615954023106719
-13.618442534609787
-13.621261619328696
-13.624469257788283
-13.628135785787022
-13.632346849684268
-13.637207059691248
-13.642844438539717
-13.649415694378368
-13.657112168966215
-13.66616591497806
-13.676854535126326
-13.528421772816447
-13.528443319951668
-13.528465459315612
-13.528488212780148
-13.528511603234726
-13.52853565464362
-13.528560392106982
-13.528585841925949
-13.52861203167217
-13.528638990262028
-13.528666748036002
-13.528695336843509
-13.528724790133696
-13.528755143052672
-13.528786432547683
-13.528818697478801
-13.528851978738784
-13.528886319381753
-13.52892176476146
-13.52895836267998
-13.528996163547683
-13.529035220555551
-13.529075589860863
-13.52911733078748
-13.529160506042064
-13.529205181947665
-13.529251428696304
-13.529299320622318
-13.529348936498462
-13.529400359856917
-13.52945367933766
-13.52950898906685
-13.529566389068233
-13.5296259857109
-13.529687892197085
-13.529752229094132
-13.529819124915278
-13.529888716754382
-13.52996115098042
-13.530036583998202
-13.530115183082657
-13.530197127294826
-13.530282608488879
-13.530371832420535
-13.53046501996872
-13.530562408483803
-13.530664253277566
-13.530770829272086
-13.530882432827168
-13.530999383768597
-13.531122027642734
-13.531250738226637
-13.531385920327159
-13.531528012907458
-13.531677492585167
-13.531834877553274
-13.532000731982748
-13.532175670975278
-13.53236036614557
-13.532555551925682
-13.53276203269929
-13.53298069089216
-13.53321249616687
-13.533458515895985
-13.533719927118986
-13.533998030225842
-13.534294264655209
-13.534610226949832
-13.534947691577862
-13.535308635009265
-13.535695263634658
-13.536110046234104
-13.536555751851155
-13.537035494109494
-13.537552783234965
-13.538111587325794
-13.538716404762736
-13.539372350087717
-13.540085256227949
-13.540861796633886
-13.5417096317738
-13.542637585537584
-13.543655858515253
-13.544776286919298
-13.546012658227715
-13.547381097581379
-13.54890054275966
-13.550593330411111
-13.552485922408918
-13.554609809050444
-13.557002635652404
-13.55970961116007
-13.562785271684143
-13.566295687746946
-13.570321219358572
-13.574959932726783
-13.58033178519932
-13.586583637703425
-13.59389502014318
-13.60248426524702
-13.467788108995384
-13.467808905373536
-13.467830266545112
-13.467852213119064
-13.467874766651608
-13.467897949698882
-13.467921785873045
-13.467946299902065
-13.467971517693499
-13.46799746640255
-13.468024174504757
-13.468051671873651
-13.468079989863785
-13.468109161399571
-13.468139221070388
-13.468170205232449
-13.468202152118025
-13.468235101952594
-13.46826909708061
-13.4683041821006
-13.468340404010403
-13.468377812363427
-13.468416459436858
-13.468456400412938
-13.468497693574415
-13.468540400515481
-13.468584586369607
-13.468630320055828
-13.468677674545216
-13.468726727149424
-13.468777559833443
-13.468830259554885
-13.468884918632412
-13.468941635146173
-13.469000513373489
-13.469061664263343
-13.469125205953663
-13.469191264335878
-13.469259973671692
-13.469331477267684
-13.469405928213984
-13.469483490194044
-13.469564338373397
-13.469648660376333
-13.469736657360476
-13.46982854520067
-13.469924555794933
-13.470024938507072
-13.470129961762463
-13.47023991481576
-13.470355109711939
-13.470475883465122
-13.470602600483096
-13.470735655269532
-13.470875475440684
-13.471022525098808
-13.471177308611091
-13.471340374850366
-13.471512321962843
-13.471693802738544
-13.471885530672457
-13.472088286819092
-13.47230292756041
-13.472530393427801
-13.472771719143342
-13.473028045075008
-13.473300630335928
-13.473590867800162
-13.473900301358926
-13.47423064580326
-13.474583809794696
-13.47496192247752
-13.475367364398807
-13.47580280354058
-13.476271237438683
-13.476776042573286
-13.477321032477013
-13.477910526331646
-13.478549430230588
-13.479243333793775
-13.479998625463237
-13.480822630617997
-13.481723777674578
-13.482711798646255
-13.483797972301241
-13.48499542019137
-13.486319468552905
-13.487788092580523
-13.489422464058817
-13.491247629064524
-13.493293349733527
-13.495595153247708
-13.49819564252791
-13.501146136727062
-13.504508725117152
-13.508358833842674
-13.512788417361781
-13.517909886418197
-13.523860853601043
-13.530809678711686
-13.407155397299478
-13.407175477352778
-13.407196096332646
-13.407217273671503
-13.407239029684325
-13.407261385617119
-13.407284363698516
-13.407307987194734
-13.407332280468157
-13.407357269039789
-13.407382979655914
-13.407409440359245
-13.407436680564949
-13.407464731141904
-13.407493624499617
-13.407523394681261
-13.407554077463315
-13.407585710462355
-13.407618333249582
-13.407651987473747
-13.407686716993164
-13.407722568017595
-13.407759589260861
-13.4077978321051
-13.407837350777719
-13.407878202542154
-13.407920447903676
-13.407964150831633
-13.408009378999623
-13.40805620404527
-13.408104701851455
-13.408154952851044
-13.408207042357368
-13.408261060922975
-13.408317104729447
-13.408375276011373
-13.408435683517949
-13.408498443016034
-13.408563677838988
-13.408631519486073
-13.408702108277815
-13.408775594073346
-13.40885213705648
-13.408931908598172
-13.40901509220387
-13.409101884555447
-13.4091924966586
-13.409287155108059
-13.409386103484552
-13.40948960389939
-13.409597938704689
-13.409711412389735
-13.4098303536869
-13.409955117913865
-13.410086089582775
-13.410223685311463
-13.410368357077187
-13.410520595859388
-13.410680935725239
-13.41084995842019
-13.411028298535607
-13.411216649337364
-13.411415769353045
-13.41162648983188
-13.411849723211004
-13.412086472744885
-13.412337843482584
-13.41260505481077
-13.412889454820522
-13.413192536804173
-13.413515958246936
-13.413861562748934
-13.414231405399587
-13.414627782231802
-13.41505326451276
-13.415510738787153
-13.416003453785207
-13.416535075551254
-13.417109752451356
-13.417732192096421
-13.41840775269081
-13.41914255191184
-13.419943597177166
-13.420818942108635
-13.421777875210584
-13.422831148321494
-13.423991254367035
-13.425272766463214
-13.426692753649299
-13.428271292670729
-13.430032100529145
-13.432003319262842
-13.434218492942055
-13.436717787472071
-13.43954951668241
-13.442772053164417
-13.44645621835232
-13.450688260482464
-13.455573534469623
-13.46124097977407
-13.34652359449254
-13.346542990704119
-13.346562901437604
-13.34658334502847
-13.346604340635137
-13.346625908283619
-13.346648068915046
-13.346670844436224
-13.346694257773487
-13.34671833293009
-13.34674309504738
-13.346768570470068
-13.34679478681591
-13.346821773050104
-13.34684955956484
-13.346878178264333
-13.34690766265586
-13.3469380479472
-13.346969371151067
-13.3470016711971
-13.347034989051993
-13.34706936784851
-13.347104853024113
-13.347141492470016
-13.347179336691598
-13.347218438981152
-13.347258855604071
-13.347300645999683
-13.347343872998032
-13.34738860305413
-13.347434906501226
-13.347482857824923
-13.34753253596012
-13.347584024612942
-13.34763741261012
-13.347692794278483
-13.347750269857597
-13.347809945948862
-13.347871936004788
-13.347936360862615
-13.348003349326895
-13.348073038806229
-13.34814557600998
-13.34822111771146
-13.348299831584942
-13.348381897124701
-13.34846750665542
-13.348556866444387
-13.348650197927391
-13.348747739061675
-13.348849745821196
-13.34895649385147
-13.349068280303666
-13.349185425870397
-13.349308277048799
-13.349437208660241
-13.349572626660278
-13.349714971277471
-13.349864720525547
-13.350022394140204
-13.350188557999905
-13.350363829099384
-13.35054888115574
-13.35074445094009
-13.350951345443272
-13.351170450002588
-13.351402737538454
-13.351649279076177
-13.351911255759385
-13.352189972599406
-13.352486874250388
-13.352803563154808
-13.353141820470684
-13.353503630272797
-13.353891207619089
-13.354307031194471
-13.354753881393133
-13.355234884883824
-13.355753566929806
-13.356313913017262
-13.356920441697719
-13.357578290990295
-13.358293321242499
-13.359072238045382
-13.359922739680588
-13.360853694696107
-13.36187535663255
-13.36299962474112
-13.364240361862311
-13.365613783617235
-13.367138936886963
-13.368838290450437
-13.370738466897217
-13.372871152845397
-13.375274234402571
-13.37799321695551
-13.3810830027417
-13.38461011555287
-13.388655477172042
-13.393317849473618
-13.285892659761993
-13.285911402796646
-13.285930637312783
-13.28595038062232
-13.285970650805135
-13.285991466750263
-13.286012848199672
-13.28603481579484
-13.286057391126317
-13.286080596786487
-13.286104456425797
-13.286128994812682
-13.286154237897494
-13.286180212880708
-13.286206948285791
-13.286234474037027
-13.286262821542756
-13.286292023784423
-13.286322115411906
-13.286353132845642
-13.286385114386118
-13.286418100331307
-13.286452133102756
-13.286487257381035
-13.28652352025133
-13.286560971360121
-13.286599663083827
-13.286639650710566
-13.28668099263612
-13.286723750575451
-13.28676798979116
-13.286813779340452
-13.286861192342347
-13.286910306267048
-13.28696120324959
-13.287013970430102
-13.287068700323315
-13.287125491220184
-13.287184447624881
-13.287245680730717
-13.287309308939019
-13.28737545842543
-13.287444263758633
-13.287515868577094
-13.287590426330118
-13.28766810109026
-13.287749068445043
-13.287833516476882
-13.287921646841339
-13.288013675955057
-13.288109836306296
-13.288210377902644
-13.288315569872518
-13.288425702239314
-13.288541087889694
-13.28866206476057
-13.28878899827284
-13.288922284044036
-13.289062350916842
-13.289209664345949
-13.289364730192231
-13.289528098980892
-13.289700370689078
-13.289882200139077
-13.290074303085616
-13.290277463100434
-13.290492539374869
-13.290720475581821
-13.290962309963357
-13.291219186839735
-13.2914923697713
-13.29178325664739
-13.29209339702818
-13.292424512127843
-13.292778517903576
-13.293157551807635
-13.293564003872989
-13.29400055294233
-13.29447020902174
-13.29497636295217
-13.29552284485502
-13.296113993135599
-13.296754736237684
-13.297450689856067
-13.298208272960713
-13.29903484680346
-13.299938882114382
-13.30093016101311
-13.302020021841766
-13.30322165727631
-13.304550478826993
-13.30602456436891
-13.307665209866046
-13.309497612230375
-13.311551717599029
-13.313863278545774
-13.316475175154268
-13.319439068565934
-13.322817471163365
-13.326686333390786
-13.225262554557856
-13.225280673382679
-13.225299261922414
-13.225318336533144
-13.225337914288172
-13.225358013016036
-13.225378651340913
-13.225399848725536
-13.225421625516859
-13.225444002994625
-13.225467003423082
-13.225490650106071
-13.22551496744572
-13.225539981005069
-13.225565717574854
-13.225592205244848
-13.225619473480036
-13.225647553202089
-13.225676476876476
-13.225706278605733
-13.225736994229333
-13.225768661430752
-13.22580131985228
-13.225835011218246
-13.225869779467374
-13.225905670895026
-13.225942734306207
-13.225981021180257
-13.226020585848268
-13.226061485684346
-13.226103781311982
-13.226147536826893
-13.226192820037861
-13.226239702727229
-13.226288260932925
-13.226338575254061
-13.22639073118236
-13.226444819461955
-13.22650093648036
-13.226559184693707
-13.226619673089731
-13.226682517692376
-13.226747842112319
-13.22681577814826
-13.22688646644435
-13.226960057209842
-13.227036711007731
-13.227116599620041
-13.227199906998349
-13.227286830309232
-13.227377581085616
-13.227472386496364
-13.227571490748169
-13.227675156635664
-13.227783667257832
-13.22789732792134
-13.228016468254317
-13.228141444557433
-13.228272642423075
-13.228410479657926
-13.228555409549585
-13.228707924523965
-13.228868560247536
-13.229037900236921
-13.22921658104834
-13.229405298131162
-13.229604812443865
-13.229815957947013
-13.230039650107711
-13.230276895573224
-13.230528803199494
-13.230796596653809
-13.23108162885115
-13.231385398532401
-13.231709569351391
-13.232055991909181
-13.23242672926089
-13.23282408652667
-13.233250645368623
-13.233709304255822
-13.234203325637443
-13.234736391389356
-13.235312668204639
-13.235936884979369
-13.236614424722415
-13.237351434118297
-13.238154954629842
-13.23903307998723
-13.239995146129443
-13.24105196121863
-13.242216085333983
-13.243502171994649
-13.244927386920523
-13.246511923616525
-13.24827964070887
-13.250258852764771
-13.252483314916818
-13.254993452300038
-13.257837898275199
-13.261075420458106
-13.16463324244404
-13.164650764439854
-13.164668735574372
-13.164687171310401
-13.164706087781093
-13.164725501825064
-13.164745431023693
-13.164765893740734
-13.164786909164405
-13.16480849735216
-13.164830679278282
-13.164853476884575
-13.164876913134341
-13.164901012069878
-13.164925798873817
-13.16495129993453
-13.16497754291597
-13.16500455683225
-13.16503237212737
-13.165061020760474
-13.16509053629707
-13.16512095400674
-13.16515231096782
-13.165184646179647
-13.16521800068302
-13.165252417689521
-13.1652879427205
-13.165324623756515
-13.165362511398163
-13.165401659039281
-13.165442123053634
-13.16548396299627
-13.165527241820918
-13.165572026114864
-13.165618386352921
-13.165666397172332
-13.16571613767054
-13.165767691728044
-13.1658211483588
-13.165876602090822
-13.165934153380055
-13.16599390906081
-13.166055982836538
-13.166120495815099
-13.16618757709315
-13.166257364394896
-13.166330004771043
-13.166405655364438
-13.166484484249837
-13.166566671356005
-13.166652409479514
-13.166741905400755
-13.166835381114051
-13.166933075185373
-13.16703524425291
-13.167142164687888
-13.167254134435376
-13.16737147505762
-13.167494534005655
-13.16762368714865
-13.167759341594756
-13.167901938842297
-13.168051958305975
-13.168209921269687
-13.16837639532556
-13.168551999368322
-13.16873740922533
-13.16893336401564
-13.169140673347343
-13.169360225480723
-13.16959299660709
-13.169840061419395
-13.170102605182459
-13.170381937548536
-13.170679508409767
-13.170996926134306
-13.171335978600045
-13.171698657521375
-13.172087186664026
-13.17250405466497
-13.172952053324261
-13.173434322420558
-13.173954402330908
-13.174516296019705
-13.175124542316292
-13.175784302844399
-13.176501465524076
-13.177282768269576
-13.178135947395806
-13.179069916374706
-13.180094982020245
-13.1812231070158
-13.182468230046029
-13.183846657804372
-13.185377547004391
-13.187083499460906
-13.188991299605831
-13.191132831782555
-13.193546224645848
-13.1962772822231
-13.104004688960933
-13.10402164002527
-13.104039020765281
-13.104056845808346
-13.104075130408834
-13.104093890480591
-13.104113142631405
-13.104132904199588
-13.104153193292824
-13.10417402882945
-13.10419543058233
-13.104217419225535
-13.104240016384004
-13.104263244686445
-13.104287127821664
-13.10431169059865
-13.104336959010622
-13.10436296030343
-13.104389723048556
-13.104417277221144
-13.104445654283433
-13.104474887274018
-13.104505010903402
-13.104536061656384
-13.10456807790181
-13.104601100010308
-13.104635170480687
-13.104670334075731
-13.10470663796818
-13.104744131897789
-13.104782868340438
-13.104822902690358
-13.104864293456636
-13.104907102475286
-13.104951395138345
-13.104997240641516
-13.10504471225213
-13.105093887599331
-13.105144848988616
-13.105197683743093
-13.105252484574057
-13.105309349983816
-13.105368384703981
-13.105429700172836
-13.10549341505581
-13.10555965581353
-13.105628557322495
-13.105700263553977
-13.105774928317464
-13.10585271607573
-13.105933802839495
-13.106018377150642
-13.10610664116414
-13.106198811840065
-13.106295122258711
-13.106395823073434
-13.106501184117898
-13.10661149618668
-13.106727073010848
-13.106848253453117
-13.106975403950862
-13.107108921239238
-13.107249235391565
-13.107396813219667
-13.1075521620834
-13.107715834166271
-13.107888431283053
-13.108070610295858
-13.108263089227684
-13.108466654177187
-13.108682167156067
-13.10891057499125
-13.109152919459063
-13.10941034884838
-13.109684131185464
-13.109975669396444
-13.110286518735226
-13.110618406867744
-13.110973257080026
-13.11135321517084
-13.111760680703949
-13.112198343435216
-13.112669225902515
-13.113176733380003
-13.113724712663364
-13.114317521482718
-13.114960110752648
-13.115658122386511
-13.116418006054372
-13.117247159087926
-13.118154094780802
-13.119148645662086
-13.120242210016832
-13.121448052096248
-13.122781669238389
-13.124261242681438
-13.125908193413606
-13.127747870231483
-13.12981040458123
-13.132131776062659
-13.043376861498263
-13.043393266140647
-13.043410082037447
-13.04342732303413
-13.043445003563047
-13.043463138673479
-13.043481744063538
-13.043500836113962
-13.043520431924012
-13.043540549349576
-13.043561207043632
-13.043582424499297
-13.043604222095551
-13.043626621145943
-13.04364964395041
-13.043673313850475
-13.043697655288103
-13.043722693868444
-13.043748456426782
-13.043774971100031
-13.04380226740311
-13.043830376310586
-13.043859330344006
-13.043889163665387
-13.043919912177339
-13.043951613630375
-13.043984307738025
-13.044018036300365
-13.044052843336702
-13.04408877522819
-13.044125880871224
-13.044164211842563
-13.044203822577222
-13.044244770560235
-13.044287116533589
-13.044330924719672
-13.044376263062766
-13.04442320349029
-13.044471822195595
-13.044522199944451
-13.044574422407416
-13.044628580520703
-13.044684770878282
-13.044743096158397
-13.044803665587956
-13.044866595448665
-13.044932009629271
-13.045000040228722
-13.045070828215689
-13.04514452415053
-13.045221288976489
-13.04530129488784
-13.045384726283586
-13.045471780816444
-13.045562670548136
-13.0456576232234
-13.045756883676823
-13.045860715388486
-13.0459694022066
-13.046083250257842
-13.046202590069012
-13.046327778927015
-13.046459203508112
-13.046597282811891
-13.046742471440824
-13.046895263272388
-13.047056195578074
-13.047225853652117
-13.047404876022838
-13.047593960331332
-13.047793869976246
-13.048005441640038
-13.048229593831781
-13.048467336605206
-13.048719782638779
-13.048988159898302
-13.049273826143223
-13.049578285586636
-13.049903208078314
-13.050250451251872
-13.050622086164845
-13.05102042706736
-13.051448066066353
-13.051907913613745
-13.052403245946365
-13.052937760852656
-13.053515643448588
-13.054141644029269
-13.054821170543802
-13.05556039884627
-13.05636640463972
-13.057247321997847
-13.05821253457906
-13.059272907215396
-13.060441067562278
-13.061731750060243
-13.063162217747774
-13.064752781677818
-13.066527443079494
-13.068514690266936
-12.982749729177407
-12.982765610607576
-12.98278188584654
-12.98279856800743
-12.982815670753098
-12.982833208323962
-12.982851195567523
-12.982869647969645
-12.98288858168773
-12.98290801358593
-12.982927961272512
-12.98294844313956
-12.982969478405153
-12.98299108715823
-12.9830132904063
-12.983036110126234
-12.983059569318362
-12.983083692064113
-12.983108503587479
-12.983134030320578
-12.983160299973651
-12.98318734160983
-12.983215185725033
-12.983243864333433
-12.983273411058905
-12.98330386123296
-12.983335251999685
-12.983367622428283
-12.983401013633806
-12.983435468906828
-12.983471033852775
-12.983507756541748
-12.983545687669777
-12.983584880732476
-12.983625392212224
-12.98366728178007
-12.983710612513718
-12.983755451133037
-12.983801868254751
-12.98384993866811
-12.983899741633499
-12.983951361206232
-12.98400488658796
-12.984060412508397
-12.984118039640421
-12.984177875051868
-12.984240032697798
-12.984304633957409
-12.984371808220258
-12.98444169352703
-12.984514437270711
-12.984590196964731
-12.984669141085476
-12.984751449997457
-12.984837316970527
-12.984926949299693
-12.985020569539508
-12.985118416866529
-12.985220748585242
-12.985327841794868
-12.985439995236904
-12.985557531346052
-12.98568079853039
-12.985810173710384
-12.985946065150689
-12.986088915623768
-12.986239205950206
-12.986397458967604
-12.986564243987946
-12.986740181812952
-12.986925950388107
-12.987122291189351
-12.987330016452143
-12.98755001737127
-12.987783273422034
-12.988030862980006
-12.988293975448332
-12.988573925139855
-12.988872167207317
-12.989190315970632
-12.989530166057728
-12.989893716857582
-12.990283200884399
-12.990701116774671
-12.991150267789866
-12.991633806883762
-12.992155289624005
-12.992718736543996
-12.993328706858588
-12.993990385924336
-12.994709689387044
-12.995493387667961
-12.996349255336606
-12.997286251056535
-12.998314735240067
-12.999446734399001
-13.000696263547313
-13.00207972104723
-13.003616374181084
-13.005328958711992
-12.922123262742312
-12.92213864295198
-12.92215440043917
-12.922170547630625
-12.922187097468356
-12.922204063435474
-12.922221459583522
-12.922239300561447
-12.922257601646303
-12.922276378775793
-12.92229564858282
-12.92231542843214
-12.922335736459296
-12.92235659161198
-12.92237801369401
-12.92240002341211
-12.922422642425682
-12.922445893399816
-12.92246980006176
-12.922494387261128
-12.922519681034107
-12.922545708671993
-12.922572498794391
-12.92260008142741
-12.922628488087296
-12.92265775186991
-12.922687907546512
-12.922718991666397
-12.922751042666913
-12.922784100991503
-12.922818209216407
-12.922853412186807
-12.922889757163185
-12.922927293978786
-12.922966075209176
-12.923006156354948
-12.923047596038746
-12.923090456217928
-12.923134802414275
-12.92318070396232
-12.923228234278062
-12.923277471149978
-12.923328497054454
-12.923381399498032
-12.923436271389079
-12.923493211441793
-12.923552324615816
-12.923613722595055
-12.923677524309742
-12.923743856506263
-12.923812854369777
-12.923884662205282
-12.923959434183462
-12.924037335158417
-12.924118541565283
-12.924203242406762
-12.924291640338705
-12.924383952866252
-12.92448041366354
-12.924581274031683
-12.924686804511797
-12.924797296672105
-12.92491306509079
-12.925034449559414
-12.925161817535205
-12.92529556687471
-12.925436128886107
-12.925583971743082
-12.92573960430977
-12.925903580433955
-12.926076503774754
-12.926259033241685
-12.926451889134595
-12.926655860088784
-12.92687181094735
-12.927100691703817
-12.927343547683122
-12.92760153115914
-12.92787591464287
-12.928168106118834
-12.928479666559573
-12.928812330111562
-12.929168027423001
-12.929548912677907
-12.929957395015995
-12.93039617515908
-12.930868288238747
-12.931377154035204
-12.93192663610442
-12.932521111603235
-12.933165554038208
-12.933865631685883
-12.9346278250897
-12.935459567869616
-12.93636941613451
-12.937367253128116
-12.938464537450022
-12.939674605381057
-12.941013040644956
-12.942498128530763
-12.861497434458375
-12.861512334297053
-12.861527595739483
-12.861543230568635
-12.861559251050798
-12.861575669959535
-12.861592500601041
-12.861609756840979
-12.861627453132916
-12.86164560454846
-12.861664226809188
-12.861683336320544
-12.861702950207798
-12.861723086354226
-12.861743763441678
-12.861765000993696
-12.861786819421356
-12.861809240072073
-12.861832285281537
-12.86185597842904
-12.86188034399645
-12.861905407631115
-12.861931196212952
-12.861957737926119
-12.861985062335561
-12.862013200468851
-12.862042184903736
-12.862072049861835
-12.862102831309022
-12.862134567063
-12.86216729690869
-12.862201062722077
-12.86223590860323
-12.862271881019284
-12.862309028958228
-12.862347404094464
-12.862387060967166
-12.862428057172554
-12.862470453571387
-12.862514314513023
-12.862559708077574
-12.86260670633788
-12.8626553856431
-12.862705826926069
-12.86275811603664
-12.862812344103576
-12.86286860792784
-12.86292701041037
-12.862987661017868
-12.863050676290493
-12.863116180395805
-12.863184305733823
-12.863255193598635
-12.86332899490268
-12.863405870970535
-12.863485994409908
-12.863569550068528
-12.863656736086682
-12.863747765056475
-12.863842865300265
-12.863942282282462
-12.864046280170733
-12.86415514356489
-12.86426917941425
-12.864388719147213
-12.86451412104019
-12.864645772856946
-12.864784094794047
-12.864929542773396
-12.865082612129147
-12.865243841743547
-12.865413818694915
-12.865593183490967
-12.865782635972758
-12.865982941988456
-12.866194940952996
-12.866419554429475
-12.866657795891843
-12.866910781856781
-12.867179744606604
-12.867466046765879
-12.867771198043705
-12.868096874513252
-12.868444940872486
-12.868817476218252
-12.869216803973627
-12.869645526740566
-12.870106567012627
-12.870603214883412
-12.871139184135428
-12.871718678404006
-12.872346469497842
-12.873027990442836
-12.873769446426062
-12.874577947587092
-12.875461668579904
-12.87643004106905
-12.877493986905112
-12.878666201745466
-12.87996150147404
-12.800872218018558
-12.800886657263938
-12.800901443244028
-12.800916587137598
-12.800932100577064
-12.800947995670738
-12.800964285026353
-12.800980981775965
-12.800998099602296
-12.801015652766655
-12.801033656138493
-12.801052125226775
-12.801071076213201
-12.801090525987501
-12.801110492184883
-12.801130993225806
-12.801152048358274
-12.801173677702767
-12.801195902300083
-12.801218744162226
-12.801242226326627
-12.801266372913924
-12.801291209189547
-12.801316761629447
-12.801343057990255
-12.801370127384208
-12.801398000359256
-12.801426708984717
-12.801456286942948
-12.801486769627521
-12.801518194248422
-12.801550599944852
-12.801584027906292
-12.80161852150248
-12.801654126423095
-12.80169089082799
-12.80172886550884
-12.80176810406327
-12.801808663082523
-12.801850602353923
-12.801893985079433
-12.801938878111825
-12.80198535221008
-12.802033482315823
-12.802083347852783
-12.802135033051524
-12.802188627301867
-12.802244225535743
-12.802301928643525
-12.80236184392718
-12.802424085594046
-12.802488775295389
-12.802556042714459
-12.802626026209289
-12.802698873516102
-12.802774742519958
-12.802853802100019
-12.802936233057807
-12.80302222913784
-12.803111998151284
-12.803205763214601
-12.80330376411681
-12.803406258830762
-12.803513525185963
-12.803625862722887
-12.803743594751523
-12.803867070640138
-12.803996668364007
-12.804132797348224
-12.804275901643777
-12.804426463482063
-12.804585007259911
-12.80475210401539
-12.804928376464224
-12.805114504677954
-12.805311232498365
-12.805519374798457
-12.80573982571908
-12.805973568032709
-12.806221683812566
-12.806485366617348
-12.806765935440232
-12.80706485071729
-12.807383732746413
-12.807724382935874
-12.80808880838441
-12.8084792503956
-12.80889821765318
-12.80934852493589
-12.809833338438214
-12.810356228995657
-12.810921234801965
-12.811532935565854
-12.812196540505719
-12.812917993147304
-12.813704096603841
-12.814562663922285
-12.81550269922729
-12.816534616856774
-12.817670507550021
-12.740247588456208
-12.740261585879539
-12.740275915924245
-12.740290589201656
-12.740305616749179
-12.740321010050977
-12.740336781059817
-12.740352942220179
-12.7403695064927
-12.740386487380052
-12.740403898954332
-12.740421755886095
-12.740440073475112
-12.740458867682994
-12.740478155167805
-12.74049795332079
-12.7405182803054
-12.74053915509874
-12.740560597535639
-12.740582628355538
-12.740605269252363
-12.740628542927663
-12.740652473147199
-12.740677084801288
-12.740702403969168
-12.740728457987684
-12.740755275524648
-12.740782886657243
-12.740811322955832
-12.740840617573662
-12.740870805342876
-12.740901922877402
-12.740934008683244
-12.740967103276805
-12.741001249311932
-12.741036491716386
-12.741072877838585
-12.741110457605476
-12.74114928369254
-12.741189411706968
-12.741230900385236
-12.741273811806327
-12.741318211622069
-12.741364169306165
-12.741411758423647
-12.741461056922706
-12.741512147451049
-12.74156511769911
-12.74162006077283
-12.741677075598844
-12.741736267365422
-12.741797748002739
-12.74186163670654
-12.74192806050974
-12.741997154907
-12.742069064537977
-12.742143943935563
-12.742221958346297
-12.742303284630962
-12.74238811225442
-12.742476644374886
-12.74256909904421
-12.742665710532176
-12.742766730789658
-12.742872431067449
-12.74298310370987
-12.743099064144959
-12.743220653096165
-12.74334823904396
-12.743482220970078
-12.743623031421784
-12.743771139939374
-12.743927056896592
-12.744091337811483
-12.744264588194259
-12.744447469009462
-12.744640702842405
-12.744845080874791
-12.745061470792216
-12.745290825767425
-12.745534194688375
-12.745792733830424
-12.746067720208197
-12.746360566886333
-12.746672840581038
-12.747006281948249
-12.747362829031852
-12.747744644440061
-12.748154146933947
-12.748594048254366
-12.749067396188863
-12.749577625096975
-12.750128615381474
-12.750724763728442
-12.751371066358331
-12.752073218056417
-12.752837730413896
-12.753672073548785
-12.754584846638593
-12.755585983948995
-12.679623522064011
-12.67963709549088
-12.679650988135917
-12.679665210077188
-12.679679771793209
-12.679694684182166
-12.679709958582231
-12.679725606793012
-12.679741641098262
-12.679758074289882
-12.679774919693317
-12.67979219119446
-12.679809903268142
-12.679828071008323
-12.679846710160097
-12.679865837153658
-12.679885469140329
-12.679905624030829
-12.679926320535927
-12.679947578209648
-12.67996941749523
-12.679991859774015
-12.680014927417517
-12.680038643842863
-12.680063033571914
-12.680088122294288
-12.68011393693463
-12.680140505724436
-12.68016785827878
-12.68019602567835
-12.680225040557202
-12.68025493719669
-12.680285751626084
-12.68031752173042
-12.68035028736616
-12.680384090485365
-12.680418975269047
-12.680454988270506
-12.68049217856954
-12.680530597938413
-12.680570301020689
-12.680611345524039
-12.68065379242827
-12.68069770621001
-12.680743155085532
-12.680790211273438
-12.680838951279085
-12.680889456202786
-12.680941812074131
-12.680996110214934
-12.681052447633677
-12.681110927454565
-12.681171659384727
-12.681234760223465
-12.681300354417901
-12.681368574669946
-12.681439562600007
-12.681513469473591
-12.681590456997682
-12.681670698194612
-12.681754378362141
-12.681841696129574
-12.681932864620977
-12.682028112738085
-12.682127686577065
-12.68223185099532
-12.682340891346637
-12.68245511540562
-12.682574855505207
-12.682700470914588
-12.682832350488695
-12.68297091562515
-12.683116623569866
-12.6832699711188
-12.683431498770734
-12.683601795394548
-12.68378150348469
-12.683971325090448
-12.684172028518887
-12.684384455928068
-12.684609531947224
-12.684848273484322
-12.685101800910045
-12.685371350841294
-12.685658290788517
-12.68596413598073
-12.686290568742091
-12.686639460866873
-12.68701289952834
-12.687413217365716
-12.687843027526435
-12.688305264604828
-12.688803232620769
-12.689340661432823
-12.68992177329271
-12.690551361637986
-12.691234884708775
-12.691978577189602
-12.692789583854168
-12.69367612017509
-12.618999996318601
-12.619013162685476
-12.619026635535024
-12.619040424443863
-12.619054539365202
-12.619068990646728
-12.61908378904951
-12.61909894576794
-12.61911447245082
-12.619130381223657
-12.619146684712238
-12.619163396067565
-12.619180528992274
-12.619198097768594
-12.619216117287976
-12.619234603082518
-12.619253571358264
-12.619273039030569
-12.619293023761628
-12.619313544000338
-12.61933461902467
-12.619356268986717
-12.619378514960617
-12.619401378993583
-12.61942488416022
-12.619449054620443
-12.619473915681207
-12.619499493862387
-12.619525816967087
-12.619552914156758
-12.619580816031483
-12.619609554715838
-12.619639163950788
-12.619669679192096
-12.619701137715781
-12.619733578731205
-12.61976704350243
-12.619801575478526
-12.619837220433627
-12.619874026617527
-12.619912044917767
-12.61995132903421
-12.619991935667224
-12.620033924720671
-12.620077359521067
-12.620122307054414
-12.620168838222282
-12.620217028119045
-12.620266956332184
-12.620318707267948
-12.620372370504803
-12.620428041177412
-12.620485820394205
-12.620545815691898
-12.620608141530772
-12.620672919834892
-12.620740280582
-12.620810362448347
-12.620883313514355
-12.620959292037757
-12.621038467301648
-12.621121020545823
-12.621207145990866
-12.621297051965632
-12.621390962150198
-12.621489116947915
-12.621591775002074
-12.621699214874772
-12.621811736908011
-12.621929665289908
-12.62205335035208
-12.62218317112815
-12.622319538207575
-12.62246289692429
-12.622613730925442
-12.62277256617265
-12.622939975436312
-12.623116583353195
-12.623303072128857
-12.623500187979941
-12.623708748427202
-12.623929650569167
-12.624163880488712
-12.624412523971833
-12.624676778750064
-12.624957968516778
-12.625257559014216
-12.625577176544585
-12.62591862932699
-12.626283932205263
-12.626675335313493
-12.627095357430646
-12.627546824908901
-12.62803291724941
-12.628557220633256
-12.629123791006409
-12.629737228680465
-12.630402766865476
-12.631126377122296
-12.631914895442337
-12.558376989810379
-12.558389765217246
-12.558402834999526
-12.558416208262003
-12.558429894463833
-12.558443903435213
-12.558458245394965
-12.558472930969092
-12.558487971210393
-12.558503377619166
-12.558519162165114
-12.55853533731048
-12.558551916034565
-12.558568911859629
-12.558586338878365
-12.558604211782969
-12.558622545895975
-12.558641357202943
-12.558660662387139
-12.558680478866348
-12.558700824831984
-12.558721719290617
-12.558743182108147
-12.55876523405679
-12.558787896865066
-12.55881119327105
-12.55883514707909
-12.558859783220296
-12.558885127817032
-12.558911208251782
-12.558938053240672
-12.558965692912054
-12.558994158890524
-12.559023484386833
-12.559053704294135
-12.559084855291129
-12.559116975952616
-12.559150106868127
-12.559184290769277
-12.559219572666592
-12.559255999996623
-12.559293622780228
-12.559332493793024
-12.55937266874906
-12.559414206498897
-12.559457169243432
-12.559501622764856
-12.559547636676365
-12.559595284692389
-12.559644644921235
-12.559695800182347
-12.55974883835052
-12.559803852729768
-12.559860942459714
-12.55992021295785
-12.55998177640127
-12.560045752251936
-12.560112267830073
-12.560181458940699
-12.560253470559045
-12.560328457581239
-12.560406585647373
-12.560488032045104
-12.560572986702807
-12.56066165328256
-12.560754250384555
-12.56085101287604
-12.560952193359663
-12.56105806379812
-12.561168917314294
-12.561285070188832
-12.561406864080114
-12.561534668495275
-12.561668883545023
-12.561809943019975
-12.561958317831797
-12.562114519869189
-12.562279106326477
-12.562452684571742
-12.562635917632198
-12.562829530387281
-12.563034316574903
-12.563251146734304
-12.563480977230135
-12.563724860527847
-12.563983956920843
-12.564259547946364
-12.564553051770984
-12.564866040879737
-12.56520026246709
-12.565557662006311
-12.565940410568972
-12.566350936583143
-12.5667919628621
-12.56726654991197
-12.56777814674531
-12.568330650698732
-12.5689284780907
-12.569576647978236
-12.570280881801805
-12.497754482178133
-12.497766881937542
-12.497779564556549
-12.497792538695698
-12.497805813349208
-12.497819397860498
-12.497833301938572
-12.4978475356753
-12.497862109563654
-12.497877034516977
-12.497892321889331
-12.497907983496999
-12.497924031641228
-12.49794047913228
-12.497957339314892
-12.497974626095221
-12.497992353969396
-12.498010538053771
-12.498029194117002
-12.49804833861407
-12.498067988722404
-12.498088162380217
-12.498108878327248
-12.498130156148067
-12.498152016318127
-12.498174480252768
-12.498197570359393
-12.498221310093044
-12.498245724015641
-12.498270837859168
-12.498296678593082
-12.49832327449631
-12.498350655234159
-12.49837885194054
-12.498407897305938
-12.498437825671566
-12.498468673130223
-12.498500477634416
-12.498533279112312
-12.49856711959221
-12.49860204333624
-12.498638096984065
-12.498675329707487
-12.49871379337686
-12.498753542740383
-12.498794635617429
-12.498837133107138
-12.498881099813705
-12.498926604089885
-12.498973718300407
-12.499022519107202
-12.499073087778477
-12.49912551052401
-12.499179878859154
-12.499236290000441
-12.499294847295928
-12.499355660693803
-12.499418847253196
-12.499484531701551
-12.499552847043491
-12.499623935226643
-12.499697947870569
-12.49977504706575
-12.499855406250333
-12.499939211173421
-12.500026660954772
-12.500117969252015
-12.500213365548015
-12.500313096572643
-12.50041742787519
-12.500526645565811
-12.500641058247043
-12.50076099915932
-12.500886828567893
-12.50101893642253
-12.501157745326017
-12.501303713852863
-12.501457340265988
-12.501619166686488
-12.501789783780339
-12.501969836036068
-12.502160027719516
-12.502361129606058
-12.50257398660758
-12.502799526431609
-12.50303876943401
-12.503292839855314
-12.503562978665176
-12.503850558280792
-12.504157099475112
-12.504484290851037
-12.50483401133126
-12.505208356202765
-12.505609667364359
-12.506040568559703
-12.506504006543356
-12.507003299331378
-12.507542192940859
-12.508124928337532
-12.508756320703787
-12.43713245404809
-12.437144492730878
-12.43715680331459
-12.437169394041266
-12.437182273467315
-12.437195450477994
-12.437208934302681
-12.437222734530975
-12.437236861129676
-12.43725132446072
-12.4372661353001
-12.437281304857855
-12.43729684479921
-12.437312767266896
-12.437329084904775
-12.437345810882839
-12.437362958923668
-12.437380543330447
-12.437398579016666
-12.437417081537596
-12.437436067123672
-12.437455552715923
-12.437475556003575
-12.437496095464017
-12.437517190405245
-12.437538861011019
-12.437561128388891
-12.43758401462134
-12.437607542820219
-12.4376317371848
-12.437656623063647
-12.437682227020638
-12.437708576905452
-12.43773570192885
-12.43776363274315
-12.437792401528307
-12.437822042084013
-12.437852589928355
-12.437884082403524
-12.437916558789192
-12.437950060424164
-12.437984630837024
-12.438020315886536
-12.438057163912642
-12.438095225898964
-12.438134555647844
-12.438175209969017
-12.438217248883157
-12.438260735841638
-12.438305737963992
-12.438352326294737
-12.438400576081364
-12.438450567075506
-12.438502383859541
-12.438556116201053
-12.43861185943796
-12.43866971489731
-12.438729790351188
-12.438792200513479
-12.438857067581786
-12.438924521829144
-12.438994702250895
-12.439067757272621
-12.439143845525782
-12.439223136698558
-12.439305812470295
-12.439392067539035
-12.43948211075287
-12.439576166357192
-12.439674475371568
-12.439777297111815
-12.439884910874925
-12.439997617806997
-12.440115742977122
-12.440239637683453
-12.440369682021483
-12.44050628774901
-12.440649901487332
-12.440801008304314
-12.440960135731936
-12.441127858279208
-12.441304802511011
-12.441491652774918
-12.441689157671464
-12.441898137379429
-12.442119491966686
-12.442354210839811
-12.442603383512747
-12.442868211907257
-12.443150024436852
-12.443450292172898
-12.443770647448403
-12.44411290532393
-12.444479088423954
-12.444871455754411
-12.445292536237751
-12.445745167856082
-12.44623254348356
-12.446758264725021
-12.447326405371088
-12.37651088697705
-12.376522578455004
-12.376534531400342
-12.376546753660614
-12.376559253379721
-12.376572039011434
-12.376585119333628
-12.376598503463304
-12.37661220087241
-12.376626221404534
-12.376640575292528
-12.376655273177102
-12.376670326126463
-12.376685745657083
-12.376701543755615
-12.376717732902112
-12.376734326094555
-12.376751336874838
-12.376768779356278
-12.376786668252755
-12.376805018909607
-12.376823847336382
-12.376843170241596
-12.376863005069628
-12.376883370039899
-12.376904284188498
-12.37692576741246
-12.376947840516836
-12.376970525264806
-12.376993844431041
-12.377017821858555
-12.377042482519322
-12.377067852578925
-12.377093959465576
-12.377120831943813
-12.377148500193261
-12.377176995892862
-12.377206352310987
-12.377236604401935
-12.377267788909307
-12.377299944476853
-12.377333111767387
-12.377367333590465
-12.377402655039557
-12.377439123639542
-12.377476789505407
-12.377515705513135
-12.377555927483867
-12.377597514382527
-12.377640528532204
-12.377685035845762
-12.377731106076235
-12.377778813087808
-12.377828235149295
-12.377879455252307
-12.377932561456468
-12.377987647264364
-12.378044812029156
-12.37810416139816
-12.378165807796032
-12.37822987095168
-12.378296478473402
-12.37836576647742
-12.37843788027549
-12.378512975127977
-12.37859121706966
-12.378672783816304
-12.378757865761147
-12.378846667071624
-12.378939406897924
-12.379036320706582
-12.379137661754035
-12.379243702717108
-12.37935473749974
-12.379471083237927
-12.37959308252806
-12.379721105907343
-12.379855554619287
-12.379996863702122
-12.380145505443672
-12.380301993252965
-12.380466886006646
-12.38064079293747
-12.380824379143009
-12.381018371805508
-12.381223567228949
-12.3814408388174
-12.381671146140173
-12.381915545254751
-12.382175200489222
-12.38245139792252
-12.382745560845096
-12.383059267536089
-12.383394271757721
-12.383752526446512
-12.38413621117676
-12.384547764089435
-12.384989919123905
-12.385465749567857
-12.385978719160995
-12.31588976339931
-12.315901120884993
-12.31591272989977
-12.315924597919123
-12.315936732698065
-12.315949142283753
-12.315961835028789
-12.315974819605225
-12.315988105019317
-12.316001700627089
-12.316015616150738
-12.316029861695954
-12.316044447770198
-12.31605938530199
-12.316074685661313
-12.316090360681146
-12.316106422680264
-12.316122884487326
-12.31613975946639
-12.31615706154391
-12.316174805237354
-12.316193005685511
-12.316211678680636
-12.316230840702548
-12.316250508954827
-12.316270701403228
-12.316291436816519
-12.316312734809868
-12.316334615891005
-12.316357101509336
-12.316380214108218
-12.31640397718068
-12.316428415328787
-12.316453554326962
-12.316479421189571
-12.316506044243068
-12.316533453203093
-12.316561679256889
-12.316590755151488
-12.316620715288082
-12.316651595823139
-12.316683434776783
-12.316716272149034
-12.3167501500446
-12.316785112806903
-12.316821207162164
-12.3168584823744
-12.316896990412268
-12.31693678612885
-12.316977927455476
-12.317020475610896
-12.317064495327179
-12.31711005509389
-12.31715722742224
-12.317206089131107
-12.31725672165702
-12.317309211390395
-12.317363650040612
-12.31742013503279
-12.317478769939417
-12.317539664950377
-12.317602937385317
-12.31766871225276
-12.317737122860867
-12.31780831148539
-12.317882430100942
-12.317959641182584
-12.318040118585476
-12.318124048511377
-12.318211630571952
-12.318303078959985
-12.318398623741238
-12.318498512281241
-12.318603010823328
-12.318712406236422
-12.318827007953658
-12.318947150125924
-12.319073194017834
-12.319205530677682
-12.319344583917522
-12.319490813645084
-12.319644719595418
-12.319806845517753
-12.319977783881704
-12.320158181177266
-12.320348743895186
-12.320550245288615
-12.320763533033997
-12.320989537929377
-12.321229283792452
-12.321483898749536
-12.321754628141285
-12.322042849312613
-12.322350088604553
-12.32267804092663
-12.323028592362252
-12.323403846349615
-12.323806154090788
-12.324238149976676
-12.324702792981874
-12.255269066577085
-12.25528010266104
-12.25529138080313
-12.255302908127721
-12.255314692022989
-12.255326740152706
-12.255339060468662
-12.255351661223743
-12.255364550985696
-12.255377738651644
-12.255391233463383
-12.255405045023512
-12.255419183312448
-12.255433658706393
-12.255448481996291
-12.255463664407866
-12.25547921762278
-12.255495153801018
-12.255511485604556
-12.255528226222403
-12.255545389397115
-12.255562989452878
-12.255581041325255
-12.255599560592737
-12.255618563510186
-12.25563806704435
-12.255658088911549
-12.255678647617703
-12.255699762500898
-12.255721453776617
-12.25574374258589
-12.255766651046528
-12.255790202307708
-12.255814420608134
-12.255839331338056
-12.25586496110545
-12.255891337806657
-12.255918490701852
-12.255946450495701
-12.255975249423642
-12.25600492134422
-12.256035501837973
-12.256067028313412
-12.256099540120669
-12.25613307867345
-12.25616768758003
-12.256203412783991
-12.256240302715625
-12.256278408454852
-12.256317783906724
-12.2563584859906
-12.25640057484424
-12.256444114044163
-12.256489170843759
-12.256535816430832
-12.256584126206365
-12.256634180086557
-12.256686062830344
-12.256739864394914
-12.256795680321956
-12.256853612157704
-12.25691376791022
-12.256976262547683
-12.257041218541953
-12.257108766462167
-12.257179045623639
-12.25725220479807
-12.257328402991705
-12.257407810298972
-12.257490608840033
-12.257576993791805
-12.257667174523158
-12.257761375846508
-12.25785983939953
-12.257962825172653
-12.258070613200088
-12.258183505434605
-12.25830182782913
-12.25842593265153
-12.258556201062738
-12.258693045992855
-12.25883691535499
-12.258988295642716
-12.259147715963971
-12.25931575257267
-12.259493033968925
-12.259680246650339
-12.259878141610436
-12.260087541696329
-12.260309349956955
-12.260544559135944
-12.260794262490446
-12.261059666149919
-12.26134210326806
-12.261643050268427
-12.261964145541443
-12.262307211019923
-12.26267427714471
-12.263067611835162
-12.263489754205725
