-1.667323144193e+01 -1.667323150332e+01 -1.667323158077e+01 -1.667323167851e+01 -1.667323180184e+01 -1.667323195746e+01 -1.667323215383e+01 -1.667323240162e+01 -1.667323271429e+01 -1.667323310883e+01 -1.667323360667e+01 -1.667323423485e+01 -1.667323502751e+01 -1.667323602768e+01 -1.667323728968e+01 -1.667323888203e+01 -1.667324089118e+01 -1.667324342614e+01 -1.667324662446e+01 -1.667325065955e+01 -1.667325575012e+01 -1.667326217187e+01 -1.667327027229e+01 -1.667328048924e+01 -1.667329337423e+01 -1.667330962155e+01 -1.667333010477e+01 -1.667335592211e+01 -1.667338845296e+01 -1.667342942768e+01 -1.667348101359e+01 -1.667354591996e+01 -1.667362752523e+01 -1.667373002911e+01 -1.667385863152e+01 -1.667401973863e+01 -1.667422119236e+01 -1.667447251455e+01 -1.667478514753e+01 -1.667517265979e+01 -1.667565086744e+01 -1.667623779929e+01 -1.667695340927e+01 -1.667781892016e+01 -1.667885568057e+01 -1.668008345140e+01 -1.668151813078e+01 -1.668316909310e+01 -1.668503654742e+01 -1.668710955709e+01 -1.668936549667e+01 -1.669177162818e+01 -1.669428908688e+01 -1.669687895571e+01 -1.669950951296e+01 -1.670216344837e+01 -1.670484402536e+01 -1.670757974818e+01 -1.671042782109e+01 -1.671347729372e+01 -1.671685313574e+01 -1.672072259442e+01 -1.672530515165e+01 -1.673088725699e+01 -1.673784265564e+01 -1.674665817710e+01 -1.675796258334e+01 -1.677255154758e+01 -1.679139463981e+01 -1.681560255719e+01 -1.684633245502e+01 -1.688462794054e+01 -1.693123059012e+01 -1.698643640404e+01 -1.705006271181e+01 -1.712153448162e+01 -1.720004127210e+01 -1.728469835089e+01 -1.737467099304e+01 -1.746923047263e+01 -1.756778045577e+01 -1.766984040162e+01 -1.777502064512e+01 -1.788299385067e+01 -1.799347064440e+01 -1.810618290962e+01 -1.822087527013e+01 -1.833730319681e+01 -1.845523534959e+01 -1.857445781865e+01 -1.869477825317e+01 -1.881602834586e+01 -1.893806391657e+01 -1.906076276746e+01 -1.918402115578e+01 -1.930774989098e+01 -1.943187081089e+01 -1.955631400725e+01 -1.968101586288e+01 -1.980591778983e+01
-1.667323141487e+01 -1.667323146917e+01 -1.667323153768e+01 -1.667323162413e+01 -1.667323173322e+01 -1.667323187088e+01 -1.667323204458e+01 -1.667323226376e+01 -1.667323254034e+01 -1.667323288933e+01 -1.667323332970e+01 -1.667323388537e+01 -1.667323458652e+01 -1.667323547124e+01 -1.667323658758e+01 -1.667323799615e+01 -1.667323977343e+01 -1.667324201589e+01 -1.667324484519e+01 -1.667324841481e+01 -1.667325291826e+01 -1.667325859957e+01 -1.667326576633e+01 -1.667327480616e+01 -1.667328620745e+01 -1.667330058519e+01 -1.667331871344e+01 -1.667334156580e+01 -1.667337036581e+01 -1.667340664948e+01 -1.667345234247e+01 -1.667350985483e+01 -1.667358219629e+01 -1.667367311532e+01 -1.667378726419e+01 -1.667393039175e+01 -1.667410956249e+01 -1.667433339644e+01 -1.667461231752e+01 -1.667495878684e+01 -1.667538748234e+01 -1.667591536602e+01 -1.667656155591e+01 -1.667734689691e+01 -1.667829311102e+01 -1.667942141925e+01 -1.668075058593e+01 -1.668229446133e+01 -1.668405929793e+01 -1.668604135884e+01 -1.668822554419e+01 -1.669058580770e+01 -1.669308791031e+01 -1.669569454918e+01 -1.669837226386e+01 -1.670109903690e+01 -1.670387142904e+01 -1.670671048301e+01 -1.670966632642e+01 -1.671282212045e+01 -1.671629851620e+01 -1.672026002798e+01 -1.672492476275e+01 -1.673057880882e+01 -1.673759619799e+01 -1.674646436466e+01 -1.675781273363e+01 -1.677243753542e+01 -1.679130876104e+01 -1.681553752666e+01 -1.684628167219e+01 -1.688458598816e+01 -1.693119367883e+01 -1.698640240412e+01 -1.705003071205e+01 -1.712150418940e+01 -1.720001258609e+01 -1.728467117893e+01 -1.737464521275e+01 -1.746920594415e+01 -1.756775703565e+01 -1.766981795443e+01 -1.777499904964e+01 -1.788297300237e+01 -1.799345045553e+01 -1.810616330758e+01 -1.822085619505e+01 -1.833728459890e+01 -1.845521718667e+01 -1.857444005404e+01 -1.869476085413e+01 -1.881601128259e+01 -1.893804716169e+01 -1.906074629582e+01 -1.918400494440e+01 -1.930773391909e+01 -1.943185505988e+01 -1.955629846054e+01 -1.968100050576e+01 -1.980590260930e+01
-1.667323139082e+01 -1.667323143882e+01 -1.667323149938e+01 -1.667323157581e+01 -1.667323167224e+01 -1.667323179393e+01 -1.667323194748e+01 -1.667323214124e+01 -1.667323238574e+01 -1.667323269425e+01 -1.667323308354e+01 -1.667323357477e+01 -1.667323419460e+01 -1.667323497672e+01 -1.667323596359e+01 -1.667323720882e+01 -1.667323878002e+01 -1.667324076247e+01 -1.667324326377e+01 -1.667324641962e+01 -1.667325040117e+01 -1.667325542423e+01 -1.667326176087e+01 -1.667326975404e+01 -1.667327983588e+01 -1.667329255073e+01 -1.667330858391e+01 -1.667332879780e+01 -1.667335427669e+01 -1.667338638270e+01 -1.667342682486e+01 -1.667347774436e+01 -1.667354181870e+01 -1.667362238810e+01 -1.667372360697e+01 -1.667385062270e+01 -1.667400978224e+01 -1.667420886371e+01 -1.667445732509e+01 -1.667476655313e+01 -1.667515008330e+01 -1.667562374397e+01 -1.667620565592e+01 -1.667691599419e+01 -1.667777639899e+01 -1.667880891780e+01 -1.668003439108e+01 -1.668147027995e+01 -1.668312809403e+01 -1.668501080303e+01 -1.668711085725e+01 -1.668940959474e+01 -1.669187875006e+01 -1.669448442224e+01 -1.669719326869e+01 -1.669998008986e+01 -1.670283565043e+01 -1.670577373112e+01 -1.670883697815e+01 -1.671210187262e+01 -1.671568380579e+01 -1.671974365600e+01 -1.672449740199e+01 -1.673023020755e+01 -1.673731600817e+01 -1.674624260505e+01 -1.675763995001e+01 -1.677230476143e+01 -1.679120742866e+01 -1.681545951131e+01 -1.684621962017e+01 -1.688453388554e+01 -1.693114734232e+01 -1.698635950240e+01 -1.704999026131e+01 -1.712146587920e+01 -1.719997630400e+01 -1.728463681143e+01 -1.737461260545e+01 -1.746917492020e+01 -1.756772741360e+01 -1.766978956297e+01 -1.777497173541e+01 -1.788294663320e+01 -1.799342492041e+01 -1.810613851468e+01 -1.822083206865e+01 -1.833726107603e+01 -1.845519421396e+01 -1.857441758510e+01 -1.869473884757e+01 -1.881598970072e+01 -1.893802596988e+01 -1.906072546223e+01 -1.918398444000e+01 -1.930771371760e+01 -1.943183513776e+01 -1.955627879681e+01 -1.968098108183e+01 -1.980588340871e+01
-1.667323136945e+01 -1.667323141185e+01 -1.667323146535e+01 -1.667323153286e+01 -1.667323161806e+01 -1.667323172556e+01 -1.667323186120e+01 -1.667323203237e+01 -1.667323224836e+01 -1.667323252090e+01 -1.667323286481e+01 -1.667323329876e+01 -1.667323384633e+01 -1.667323453726e+01 -1.667323540909e+01 -1.667323650916e+01 -1.667323789721e+01 -1.667323964859e+01 -1.667324185839e+01 -1.667324464650e+01 -1.667324816417e+01 -1.667325260212e+01 -1.667325820085e+01 -1.667326526351e+01 -1.667327417220e+01 -1.667328540829e+01 -1.667329957807e+01 -1.667331744466e+01 -1.667333996806e+01 -1.667336835490e+01 -1.667340412028e+01 -1.667344916412e+01 -1.667350586505e+01 -1.667357719480e+01 -1.667366685642e+01 -1.667377944894e+01 -1.667392066025e+01 -1.667409748756e+01 -1.667431848076e+01 -1.667459399767e+01 -1.667493644939e+01 -1.667536050001e+01 -1.667588316487e+01 -1.667652372842e+01 -1.667730337948e+01 -1.667824444629e+01 -1.667936912262e+01 -1.668069762786e+01 -1.668224586227e+01 -1.668402280989e+01 -1.668602818519e+01 -1.668825103744e+01 -1.669067010217e+01 -1.669325650167e+01 -1.669597892295e+01 -1.669881077514e+01 -1.670173832360e+01 -1.670476868256e+01 -1.670793691511e+01 -1.671131219369e+01 -1.671500373690e+01 -1.671916781639e+01 -1.672401741189e+01 -1.672983607028e+01 -1.673699713150e+01 -1.674598843255e+01 -1.675744024906e+01 -1.677214967370e+01 -1.679108744723e+01 -1.681536559029e+01 -1.684614357929e+01 -1.688446906057e+01 -1.693108912671e+01 -1.698630535391e+01 -1.704993912464e+01 -1.712141742849e+01 -1.719993041464e+01 -1.728459334322e+01 -1.737457136361e+01 -1.746913568104e+01 -1.756768994759e+01 -1.766975365343e+01 -1.777493718838e+01 -1.788291328147e+01 -1.799339262358e+01 -1.810610715661e+01 -1.822080155355e+01 -1.833723132426e+01 -1.845516515803e+01 -1.857438916633e+01 -1.869471101360e+01 -1.881596240389e+01 -1.893799916638e+01 -1.906069911182e+01 -1.918395850593e+01 -1.930768816666e+01 -1.943180994014e+01 -1.955625392601e+01 -1.968095651433e+01 -1.980585912369e+01
-1.667323135046e+01 -1.667323138789e+01 -1.667323143511e+01 -1.667323149471e+01 -1.667323156991e+01 -1.667323166481e+01 -1.667323178455e+01 -1.667323193564e+01 -1.667323212630e+01 -1.667323236688e+01 -1.667323267046e+01 -1.667323305352e+01 -1.667323353688e+01 -1.667323414680e+01 -1.667323491640e+01 -1.667323588749e+01 -1.667323711281e+01 -1.667323865888e+01 -1.667324060964e+01 -1.667324307096e+01 -1.667324617640e+01 -1.667325009437e+01 -1.667325503726e+01 -1.667326127285e+01 -1.667326913867e+01 -1.667327906007e+01 -1.667329157289e+01 -1.667330735180e+01 -1.667332724589e+01 -1.667335232291e+01 -1.667338392447e+01 -1.667342373431e+01 -1.667347386259e+01 -1.667353694908e+01 -1.667361628867e+01 -1.667371598206e+01 -1.667384111434e+01 -1.667399796232e+01 -1.667419422873e+01 -1.667443929627e+01 -1.667474448671e+01 -1.667512329813e+01 -1.667559157666e+01 -1.667616755802e+01 -1.667687168991e+01 -1.667772612567e+01 -1.667875377240e+01 -1.667997680182e+01 -1.668141461049e+01 -1.668308136667e+01 -1.668498350125e+01 -1.668711774582e+01 -1.668947049558e+01 -1.669201924949e+01 -1.669473656788e+01 -1.669759642599e+01 -1.670058223763e+01 -1.670369546977e+01 -1.670696387718e+01 -1.671044894417e+01 -1.671425290365e+01 -1.671852642480e+01 -1.672347851443e+01 -1.672939027535e+01 -1.673663381957e+01 -1.674569657625e+01 -1.675720885613e+01 -1.677196795449e+01 -1.679094488317e+01 -1.681525213022e+01 -1.684605014014e+01 -1.688438827314e+01 -1.693101593304e+01 -1.698623699419e+01 -1.704987447572e+01 -1.712135615295e+01 -1.719987237451e+01 -1.728453836495e+01 -1.737451920130e+01 -1.746908605179e+01 -1.756764256108e+01 -1.766970823556e+01 -1.777489349380e+01 -1.788287109869e+01 -1.799335177502e+01 -1.810606749534e+01 -1.822076295845e+01 -1.833719369459e+01 -1.845512840843e+01 -1.857435322259e+01 -1.869467580950e+01 -1.881592787914e+01 -1.893796526557e+01 -1.906066578405e+01 -1.918392570474e+01 -1.930765585002e+01 -1.943177807039e+01 -1.955622246960e+01 -1.968092544152e+01 -1.980582840815e+01
-1.667323133359e+01 -1.667323136660e+01 -1.667323140825e+01 -1.667323146082e+01 -1.667323152714e+01 -1.667323161084e+01 -1.667323171645e+01 -1.667323184971e+01 -1.667323201787e+01 -1.667323223006e+01 -1.667323249781e+01 -1.667323283567e+01 -1.667323326200e+01 -1.667323379994e+01 -1.667323447873e+01 -1.667323533524e+01 -1.667323641598e+01 -1.667323777965e+01 -1.667323950028e+01 -1.667324167127e+01 -1.667324441044e+01 -1.667324786639e+01 -1.667325222652e+01 -1.667325772713e+01 -1.667326466614e+01 -1.667327341900e+01 -1.667328445884e+01 -1.667329838153e+01 -1.667331593725e+01 -1.667333806982e+01 -1.667336596578e+01 -1.667340111539e+01 -1.667344538800e+01 -1.667350112488e+01 -1.667357125264e+01 -1.667365942039e+01 -1.667377016391e+01 -1.667390909873e+01 -1.667408314223e+01 -1.667430076123e+01 -1.667457223547e+01 -1.667490991764e+01 -1.667532845727e+01 -1.667584493670e+01 -1.667647884503e+01 -1.667725179234e+01 -1.667818685002e+01 -1.667930740727e+01 -1.668063547936e+01 -1.668218951059e+01 -1.668398189868e+01 -1.668601670693e+01 -1.668828826261e+01 -1.669078144752e+01 -1.669347434854e+01 -1.669634350865e+01 -1.669937141256e+01 -1.670255531728e+01 -1.670591637800e+01 -1.670950834999e+01 -1.671342585412e+01 -1.671781299817e+01 -1.672287376906e+01 -1.672888586660e+01 -1.673621939569e+01 -1.674536080044e+01 -1.675694003151e+01 -1.677175433956e+01 -1.679077488201e+01 -1.681511460304e+01 -1.684593502391e+01 -1.688428743942e+01 -1.693092384696e+01 -1.698615067547e+01 -1.704979274053e+01 -1.712127865794e+01 -1.719979896705e+01 -1.728446882970e+01 -1.737445322778e+01 -1.746902328216e+01 -1.756758262809e+01 -1.766965079250e+01 -1.777483823033e+01 -1.788281774731e+01 -1.799330011108e+01 -1.810601733305e+01 -1.822071414458e+01 -1.833714610173e+01 -1.845508192862e+01 -1.857430776198e+01 -1.869463128432e+01 -1.881588421316e+01 -1.893792238872e+01 -1.906062363195e+01 -1.918388421862e+01 -1.930761497674e+01 -1.943173776231e+01 -1.955618268428e+01 -1.968088614135e+01 -1.980578955984e+01
-1.667323131861e+01 -1.667323134770e+01 -1.667323138440e+01 -1.667323143072e+01 -1.667323148916e+01 -1.667323156291e+01 -1.667323165597e+01 -1.667323177340e+01 -1.667323192157e+01 -1.667323210855e+01 -1.667323234448e+01 -1.667323264219e+01 -1.667323301786e+01 -1.667323349188e+01 -1.667323409002e+01 -1.667323484476e+01 -1.667323579709e+01 -1.667323699874e+01 -1.667323851497e+01 -1.667324042807e+01 -1.667324284191e+01 -1.667324588744e+01 -1.667324972988e+01 -1.667325457753e+01 -1.667326069307e+01 -1.667326840760e+01 -1.667327813840e+01 -1.667329041120e+01 -1.667330588803e+01 -1.667332540217e+01 -1.667335000175e+01 -1.667338100398e+01 -1.667342006254e+01 -1.667346925071e+01 -1.667353116347e+01 -1.667360904176e+01 -1.667370692246e+01 -1.667382981659e+01 -1.667398391760e+01 -1.667417683857e+01 -1.667441787282e+01 -1.667471826520e+01 -1.667509147010e+01 -1.667555335662e+01 -1.667612230106e+01 -1.667681908340e+01 -1.667766648287e+01 -1.667868845826e+01 -1.667990881720e+01 -1.668134934824e+01 -1.668302752873e+01 -1.668495413374e+01 -1.668713132089e+01 -1.668955196390e+01 -1.669220102989e+01 -1.669505954026e+01 -1.669811113694e+01 -1.670135067685e+01 -1.670479388789e+01 -1.670848717708e+01 -1.671251721261e+01 -1.671702070130e+01 -1.672219553992e+01 -1.672831495127e+01 -1.673574609974e+01 -1.674497371326e+01 -1.675662685701e+01 -1.677150239327e+01 -1.679057143883e+01 -1.681494735631e+01 -1.684579285538e+01 -1.688416140978e+01 -1.693080792330e+01 -1.698604165960e+01 -1.704968939955e+01 -1.712118065064e+01 -1.719970612471e+01 -1.728438088452e+01 -1.737436978761e+01 -1.746894389437e+01 -1.756750682809e+01 -1.766957814171e+01 -1.777476833620e+01 -1.788275027148e+01 -1.799323476943e+01 -1.810595389054e+01 -1.822065240743e+01 -1.833708590881e+01 -1.845502314338e+01 -1.857425026571e+01 -1.869457497111e+01 -1.881582898658e+01 -1.893786816015e+01 -1.906057031997e+01 -1.918383174892e+01 -1.930756328210e+01 -1.943168678247e+01 -1.955613236559e+01 -1.968083643624e+01 -1.980574042620e+01
-1.667323130526e+01 -1.667323133088e+01 -1.667323136319e+01 -1.667323140397e+01 -1.667323145542e+01 -1.667323152034e+01 -1.667323160226e+01 -1.667323170563e+01 -1.667323183606e+01 -1.667323200065e+01 -1.667323220834e+01 -1.667323247040e+01 -1.667323280108e+01 -1.667323321835e+01 -1.667323374487e+01 -1.667323440925e+01 -1.667323524757e+01 -1.667323630536e+01 -1.667323764008e+01 -1.667323932419e+01 -1.667324144912e+01 -1.667324413019e+01 -1.667324751287e+01 -1.667325178060e+01 -1.667325716473e+01 -1.667326395692e+01 -1.667327252479e+01 -1.667328333161e+01 -1.667329696095e+01 -1.667331414756e+01 -1.667333581609e+01 -1.667336312920e+01 -1.667339754762e+01 -1.667344090440e+01 -1.667349549645e+01 -1.667356419668e+01 -1.667365059010e+01 -1.667375913726e+01 -1.667389536757e+01 -1.667406610337e+01 -1.667427971253e+01 -1.667454638172e+01 -1.667487839408e+01 -1.667529038209e+01 -1.667579950918e+01 -1.667642551179e+01 -1.667719051039e+01 -1.667811848002e+01 -1.667923427076e+01 -1.668056210561e+01 -1.668212357942e+01 -1.668393535386e+01 -1.668600697872e+01 -1.668833951472e+01 -1.669092577885e+01 -1.669375295635e+01 -1.669680795897e+01 -1.670008533760e+01 -1.670359701999e+01 -1.670738293173e+01 -1.671152183694e+01 -1.671614242381e+01 -1.672143547902e+01 -1.672766859511e+01 -1.673520491176e+01 -1.674452653889e+01 -1.675626097514e+01 -1.677120422904e+01 -1.679032711030e+01 -1.681474332354e+01 -1.684561687611e+01 -1.688400368789e+01 -1.693066191374e+01 -1.698590395618e+01 -1.704955873791e+01 -1.712105670274e+01 -1.719958870410e+01 -1.728426965751e+01 -1.737426425873e+01 -1.746884349101e+01 -1.756741096255e+01 -1.766948625918e+01 -1.777467994011e+01 -1.788266493385e+01 -1.799315213088e+01 -1.810587365381e+01 -1.822057432743e+01 -1.833700978172e+01 -1.845494879652e+01 -1.857417754897e+01 -1.869450375053e+01 -1.881575914022e+01 -1.893779957595e+01 -1.906050289495e+01 -1.918376538910e+01 -1.930749790248e+01 -1.943162230683e+01 -1.955606872609e+01 -1.968077357272e+01 -1.980567828539e+01
-1.667323124848e+01 -1.667323128033e+01 -1.667323131615e+01 -1.667323135786e+01 -1.667323140774e+01 -1.667323146851e+01 -1.667323154346e+01 -1.667323163666e+01 -1.667323175317e+01 -1.667323189934e+01 -1.667323208310e+01 -1.667323231444e+01 -1.667323260592e+01 -1.667323297338e+01 -1.667323343679e+01 -1.667323402131e+01 -1.667323475871e+01 -1.667323568904e+01 -1.667323686282e+01 -1.667323834379e+01 -1.667324021237e+01 -1.667324256998e+01 -1.667324554457e+01 -1.667324929750e+01 -1.667325403228e+01 -1.667326000550e+01 -1.667326754066e+01 -1.667327704548e+01 -1.667328903369e+01 -1.667330415232e+01 -1.667332321592e+01 -1.667334724929e+01 -1.667337754075e+01 -1.667341570826e+01 -1.667346378136e+01 -1.667352430174e+01 -1.667360044632e+01 -1.667369617605e+01 -1.667381641382e+01 -1.667396725379e+01 -1.667415620207e+01 -1.667439244515e+01 -1.667468713560e+01 -1.667505367490e+01 -1.667550795867e+01 -1.667606853074e+01 -1.667675656966e+01 -1.667759560962e+01 -1.667861088525e+01 -1.667982820191e+01 -1.668127229170e+01 -1.668296474062e+01 -1.668492177356e+01 -1.668715243452e+01 -1.668965792375e+01 -1.669243293123e+01 -1.669546962527e+01 -1.669876450056e+01 -1.670232771066e+01 -1.670619408436e+01 -1.671043501602e+01 -1.671517089731e+01 -1.672058453537e+01 -1.672693672120e+01 -1.673458535564e+01 -1.674400884893e+01 -1.675583227161e+01 -1.677085016286e+01 -1.679003265391e+01 -1.681449365921e+01 -1.684539858197e+01 -1.688380607564e+01 -1.693047792248e+01 -1.698572999165e+01 -1.704939352952e+01 -1.712089995053e+01 -1.719944020200e+01 -1.728412898885e+01 -1.737413079732e+01 -1.746871651243e+01 -1.756728972327e+01 -1.766937005736e+01 -1.777456814763e+01 -1.788255700932e+01 -1.799304761977e+01 -1.810577218013e+01 -1.822047558118e+01 -1.833691350516e+01 -1.845485477126e+01 -1.857408558517e+01 -1.869441367878e+01 -1.881567080633e+01 -1.893771283820e+01 -1.906041762312e+01 -1.918368146434e+01 -1.930741521730e+01 -1.943154076486e+01 -1.955598824151e+01 -1.968069406946e+01 -1.980559969610e+01
-1.667321942888e+01 -1.667322190816e+01 -1.667322388239e+01 -1.667322545874e+01 -1.667322672281e+01 -1.667322774325e+01 -1.667322857548e+01 -1.667322926471e+01 -1.667322984839e+01 -1.667323035822e+01 -1.667323082190e+01 -1.667323126463e+01 -1.667323171047e+01 -1.667323218362e+01 -1.667323270982e+01 -1.667323331763e+01 -1.667323404009e+01 -1.667323491643e+01 -1.667323599426e+01 -1.667323733212e+01 -1.667323900265e+01 -1.667324109655e+01 -1.667324372748e+01 -1.667324703819e+01 -1.667325120828e+01 -1.667325646382e+01 -1.667326308960e+01 -1.667327144435e+01 -1.667328198000e+01 -1.667329526579e+01 -1.667331201844e+01 -1.667333313998e+01 -1.667335976497e+01 -1.667339331923e+01 -1.667343559285e+01 -1.667348883017e+01 -1.667355584045e+01 -1.667364013262e+01 -1.667374607779e+01 -1.667387910288e+01 -1.667404591687e+01 -1.667425476921e+01 -1.667451573468e+01 -1.667484101180e+01 -1.667524521023e+01 -1.667574558698e+01 -1.667636217066e+01 -1.667711769043e+01 -1.667803720722e+01 -1.667914733990e+01 -1.668047500688e+01 -1.668204568586e+01 -1.668388135031e+01 -1.668599846816e+01 -1.668840670440e+01 -1.669110915837e+01 -1.669410496463e+01 -1.669739480727e+01 -1.670098938338e+01 -1.670492031213e+01 -1.670925271196e+01 -1.671409886429e+01 -1.671963300390e+01 -1.672610802372e+01 -1.673387528781e+01 -1.674340825076e+01 -1.675532849246e+01 -1.677042828571e+01 -1.678967657674e+01 -1.681418727924e+01 -1.684512726557e+01 -1.688355822432e+01 -1.693024597106e+01 -1.698551019103e+01 -1.704918463804e+01 -1.712070171605e+01 -1.719925239653e+01 -1.728395109115e+01 -1.737396201570e+01 -1.746855593032e+01 -1.756713639993e+01 -1.766922310493e+01 -1.777442677154e+01 -1.788242052479e+01 -1.799291545183e+01 -1.810564385325e+01 -1.822035070332e+01 -1.833679175034e+01 -1.845473586330e+01 -1.857396928401e+01 -1.869429977022e+01 -1.881555909537e+01 -1.893760314564e+01 -1.906030978430e+01 -1.918357532897e+01 -1.930731064945e+01 -1.943143764266e+01 -1.955588645645e+01 -1.968059352532e+01 -1.980550030773e+01
-1.667222920647e+01 -1.667243429099e+01 -1.667259788364e+01 -1.667272820923e+01 -1.667283192747e+01 -1.667291440688e+01 -1.667297996023e+01 -1.667303204280e+01 -1.667307341737e+01 -1.667310628975e+01 -1.667313241946e+01 -1.667315320954e+01 -1.667316977914e+01 -1.667318302197e+01 -1.667319365346e+01 -1.667320224869e+01 -1.667320927306e+01 -1.667321510721e+01 -1.667322006752e+01 -1.667322442308e+01 -1.667322841029e+01 -1.667323224559e+01 -1.667323613718e+01 -1.667324029633e+01 -1.667324494877e+01 -1.667325034690e+01 -1.667325678344e+01 -1.667326460718e+01 -1.667327424172e+01 -1.667328620818e+01 -1.667330115294e+01 -1.667331988195e+01 -1.667334340318e+01 -1.667337297925e+01 -1.667341019266e+01 -1.667345702645e+01 -1.667351596353e+01 -1.667359010823e+01 -1.667368333403e+01 -1.667380046118e+01 -1.667394746712e+01 -1.667413173142e+01 -1.667436231307e+01 -1.667465025320e+01 -1.667500888713e+01 -1.667545413708e+01 -1.667600473976e+01 -1.667668234159e+01 -1.667751137268e+01 -1.667851859572e+01 -1.667973223101e+01 -1.668118060502e+01 -1.668289037795e+01 -1.668488459127e+01 -1.668718102438e+01 -1.668979159952e+01 -1.669272371650e+01 -1.669598431295e+01 -1.669958708314e+01 -1.670356275284e+01 -1.670797185027e+01 -1.671291931255e+01 -1.671857063332e+01 -1.672516991412e+01 -1.673306068176e+01 -1.674271003426e+01 -1.675473478770e+01 -1.676992393948e+01 -1.678924457361e+01 -1.681381028358e+01 -1.684478943890e+01 -1.688324706760e+01 -1.692995344833e+01 -1.698523244959e+01 -1.704892051292e+01 -1.712045102875e+01 -1.719901489432e+01 -1.728372612067e+01 -1.737374857575e+01 -1.746835286100e+01 -1.756694251097e+01 -1.766903727305e+01 -1.777424799160e+01 -1.788224793056e+01 -1.799274831610e+01 -1.810548157456e+01 -1.822019278583e+01 -1.833663778184e+01 -1.845458549455e+01 -1.857382221146e+01 -1.869415572301e+01 -1.881541782696e+01 -1.893746442943e+01 -1.906017341210e+01 -1.918344111075e+01 -1.930717841331e+01 -1.943130723452e+01 -1.955575773910e+01 -1.968046637711e+01 -1.980537462096e+01
-1.664988311679e+01 -1.665331412756e+01 -1.665641141807e+01 -1.665916000952e+01 -1.666155959960e+01 -1.666362316552e+01 -1.666537397425e+01 -1.666684199864e+01 -1.666806051233e+01 -1.666906331223e+01 -1.666988272693e+01 -1.667054837368e+01 -1.667108652653e+01 -1.667151993004e+01 -1.667186790580e+01 -1.667214662971e+01 -1.667236949161e+01 -1.667254747882e+01 -1.667268954761e+01 -1.667280296341e+01 -1.667289360109e+01 -1.667296620360e+01 -1.667302460096e+01 -1.667307189375e+01 -1.667311060588e+01 -1.667314281187e+01 -1.667317024318e+01 -1.667319437831e+01 -1.667321652046e+01 -1.667323786653e+01 -1.667325957079e+01 -1.667328280637e+01 -1.667330882761e+01 -1.667333903641e+01 -1.667337505581e+01 -1.667341881410e+01 -1.667347264340e+01 -1.667353939649e+01 -1.667362258630e+01 -1.667372655254e+01 -1.667385665932e+01 -1.667401952717e+01 -1.667422330044e+01 -1.667447794750e+01 -1.667479558474e+01 -1.667519080572e+01 -1.667568098270e+01 -1.667628648966e+01 -1.667703077428e+01 -1.667794018642e+01 -1.667904346169e+01 -1.668037077628e+01 -1.668195235517e+01 -1.668381675193e+01 -1.668598913145e+01 -1.668849014982e+01 -1.669133626029e+01 -1.669454236204e+01 -1.669812754235e+01 -1.670212424125e+01 -1.670659064655e+01 -1.671162578255e+01 -1.671738681312e+01 -1.672410852386e+01 -1.673212542705e+01 -1.674189678471e+01 -1.675403317704e+01 -1.676931908093e+01 -1.678871883077e+01 -1.681334523272e+01 -1.684436810592e+01 -1.688285610552e+01 -1.692958441581e+01 -1.698488146550e+01 -1.704858655307e+01 -1.712013402173e+01 -1.719871455892e+01 -1.728344163644e+01 -1.737347867602e+01 -1.746809607776e+01 -1.756669733804e+01 -1.766880228925e+01 -1.777402192534e+01 -1.788202968613e+01 -1.799253697367e+01 -1.810527637342e+01 -1.821999309895e+01 -1.833644308792e+01 -1.845439535200e+01 -1.857363623647e+01 -1.869397357313e+01 -1.881523919048e+01 -1.893728901989e+01 -1.906000096627e+01 -1.918327138835e+01 -1.930701119703e+01 -1.943114232952e+01 -1.955559497190e+01 -1.968030559390e+01 -1.980521568558e+01
-1.656768940978e+01 -1.657732001764e+01 -1.658620860864e+01 -1.659442537432e+01 -1.660204025877e+01 -1.660912154959e+01 -1.661573221160e+01 -1.662192481645e+01 -1.662773667963e+01 -1.663318700397e+01 -1.663827732615e+01 -1.664299552564e+01 -1.664732247802e+01 -1.665123959937e+01 -1.665473537634e+01 -1.665780951154e+01 -1.666047422172e+01 -1.666275307586e+01 -1.666467825677e+01 -1.666628721293e+01 -1.666761946336e+01 -1.666871400410e+01 -1.666960747809e+01 -1.667033307493e+01 -1.667092002549e+01 -1.667139352780e+01 -1.667177495293e+01 -1.667208221023e+01 -1.667233018540e+01 -1.667253119461e+01 -1.667269542108e+01 -1.667283131706e+01 -1.667294596494e+01 -1.667304539858e+01 -1.667313488941e+01 -1.667321920470e+01 -1.667330284593e+01 -1.667339027604e+01 -1.667348614430e+01 -1.667359551702e+01 -1.667372412249e+01 -1.667387861697e+01 -1.667406687738e+01 -1.667429832340e+01 -1.667458426699e+01 -1.667493827994e+01 -1.667537655932e+01 -1.667591825524e+01 -1.667658570644e+01 -1.667740450771e+01 -1.667840331686e+01 -1.667961330653e+01 -1.668106719885e+01 -1.668279790870e+01 -1.668483698504e+01 -1.668721327852e+01 -1.668995253520e+01 -1.669307882861e+01 -1.669661877382e+01 -1.670060923340e+01 -1.670510877077e+01 -1.671021262946e+01 -1.671607078352e+01 -1.672290874585e+01 -1.673105114234e+01 -1.674094796235e+01 -1.675320193004e+01 -1.676859151515e+01 -1.678807716747e+01 -1.681277024365e+01 -1.684384184737e+01 -1.688236450130e+01 -1.692911873051e+01 -1.698443789741e+01 -1.704816430388e+01 -1.711973317005e+01 -1.719833479013e+01 -1.728308191828e+01 -1.737313740532e+01 -1.746777139614e+01 -1.756638733935e+01 -1.766850517527e+01 -1.777373608738e+01 -1.788175373812e+01 -1.799226975213e+01 -1.810501691630e+01 -1.821974061326e+01 -1.833619691452e+01 -1.845415493255e+01 -1.857340108575e+01 -1.869374325823e+01 -1.881501331734e+01 -1.893706722637e+01 -1.905978291960e+01 -1.918305678479e+01 -1.930679976184e+01 -1.943093381639e+01 -1.955538916150e+01 -1.968010229177e+01 -1.980501471959e+01
-1.629303807444e+01 -1.632930868507e+01 -1.636250080020e+01 -1.639280109823e+01 -1.642040549982e+01 -1.644551289355e+01 -1.646832042202e+01 -1.648901981695e+01 -1.650779467065e+01 -1.652481859932e+01 -1.654025428932e+01 -1.655425341135e+01 -1.656695724423e+01 -1.657849755377e+01 -1.658899698374e+01 -1.659856822041e+01 -1.660731166498e+01 -1.661531216255e+01 -1.662263608573e+01 -1.662933030729e+01 -1.663542411084e+01 -1.664093405470e+01 -1.664587070049e+01 -1.665024547027e+01 -1.665407597239e+01 -1.665738881791e+01 -1.666021984128e+01 -1.666261233919e+01 -1.666461424720e+01 -1.666627511560e+01 -1.666764348171e+01 -1.666876493204e+01 -1.666968090655e+01 -1.667042815195e+01 -1.667103867053e+01 -1.667154000665e+01 -1.667195573773e+01 -1.667230607109e+01 -1.667260848079e+01 -1.667287834594e+01 -1.667312957162e+01 -1.667337518698e+01 -1.667362792298e+01 -1.667390077575e+01 -1.667420756135e+01 -1.667456346389e+01 -1.667498557144e+01 -1.667549338203e+01 -1.667610924615e+01 -1.667685869187e+01 -1.667777055877e+01 -1.667887685335e+01 -1.668021224605e+01 -1.668181317755e+01 -1.668371665312e+01 -1.668595899510e+01 -1.668857508439e+01 -1.669159889829e+01 -1.669506633944e+01 -1.669902133002e+01 -1.670352586127e+01 -1.670867422307e+01 -1.671461120901e+01 -1.672155391231e+01 -1.672981676910e+01 -1.673983931568e+01 -1.675221477995e+01 -1.676771394049e+01 -1.678729196434e+01 -1.681205785580e+01 -1.684318366846e+01 -1.688174594173e+01 -1.692853093796e+01 -1.698387730147e+01 -1.704763044452e+01 -1.711922633064e+01 -1.719785461577e+01 -1.728262710772e+01 -1.737270592847e+01 -1.746736089990e+01 -1.756599541103e+01 -1.766812953936e+01 -1.777337470857e+01 -1.788140486301e+01 -1.799193190912e+01 -1.810468888864e+01 -1.821942139821e+01 -1.833588567866e+01 -1.845385097002e+01 -1.857310378319e+01 -1.869345206842e+01 -1.881472774224e+01 -1.893678680822e+01 -1.905950723780e+01 -1.918278545539e+01 -1.930653243757e+01 -1.943067018587e+01 -1.955512894751e+01 -1.967984524850e+01 -1.980476062943e+01
-1.559230053962e+01 -1.563319396453e+01 -1.569354933044e+01 -1.576657494061e+01 -1.584156739837e+01 -1.591366421141e+01 -1.598212869079e+01 -1.604699719216e+01 -1.610816074935e+01 -1.616534804598e+01 -1.621831323105e+01 -1.626696103322e+01 -1.631133095560e+01 -1.635158520477e+01 -1.638793550341e+01 -1.642063410819e+01 -1.644995528948e+01 -1.647618286193e+01 -1.649960036857e+01 -1.652048361939e+01 -1.653909542914e+01 -1.655568209464e+01 -1.657047087749e+01 -1.658366774378e+01 -1.659545499273e+01 -1.660598908382e+01 -1.661539958950e+01 -1.662379033571e+01 -1.663124326693e+01 -1.663782460882e+01 -1.664359201246e+01 -1.664860101982e+01 -1.665290953088e+01 -1.665657973498e+01 -1.665967777556e+01 -1.666227192446e+01 -1.666443015824e+01 -1.666621785675e+01 -1.666769605301e+01 -1.666892039082e+01 -1.666994075810e+01 -1.667080146803e+01 -1.667154183304e+01 -1.667219699075e+01 -1.667279887081e+01 -1.667337722341e+01 -1.667396065430e+01 -1.667457762625e+01 -1.667525739010e+01 -1.667603080317e+01 -1.667693097966e+01 -1.667799370382e+01 -1.667925753036e+01 -1.668076351555e+01 -1.668255458731e+01 -1.668467469778e+01 -1.668716811946e+01 -1.669007952773e+01 -1.669345579147e+01 -1.669735055770e+01 -1.670183265356e+01 -1.670699900771e+01 -1.671299231927e+01 -1.672002327178e+01 -1.672839679398e+01 -1.673854143737e+01 -1.675103956974e+01 -1.676665257255e+01 -1.678632873769e+01 -1.681117357091e+01 -1.684235953397e+01 -1.688096719557e+01 -1.692778887442e+01 -1.698316879072e+01 -1.704695551161e+01 -1.711858553306e+01 -1.719724754851e+01 -1.728205212704e+01 -1.737216046225e+01 -1.746684196765e+01 -1.756549995834e+01 -1.766765468641e+01 -1.777291788013e+01 -1.788096384093e+01 -1.799150483202e+01 -1.810427421775e+01 -1.821901786560e+01 -1.833549223067e+01 -1.845346671442e+01 -1.857272794475e+01 -1.869308395559e+01 -1.881436672561e+01 -1.893643230933e+01 -1.905915872511e+01 -1.918244244366e+01 -1.930619448789e+01 -1.943033690474e+01 -1.955479998451e+01 -1.967952029297e+01 -1.980443940636e+01
-1.552714262629e+01 -1.552779561903e+01 -1.552865680797e+01 -1.552980659835e+01 -1.553136626385e+01 -1.553352590732e+01 -1.553659723111e+01 -1.554111798548e+01 -1.554806698762e+01 -1.555930992447e+01 -1.557843732484e+01 -1.561167816120e+01 -1.566600825133e+01 -1.574040802382e+01 -1.582286628136e+01 -1.590385367075e+01 -1.598085116535e+01 -1.605357003643e+01 -1.612179207404e+01 -1.618515682467e+01 -1.624335238704e+01 -1.629625042319e+01 -1.634389699046e+01 -1.638649155129e+01 -1.642432027669e+01 -1.645773532784e+01 -1.648712609834e+01 -1.651289595891e+01 -1.653544315608e+01 -1.655514593195e+01 -1.657235162164e+01 -1.658736951556e+01 -1.660046755593e+01 -1.661187301657e+01 -1.662177691265e+01 -1.663034113571e+01 -1.663770665597e+01 -1.664400099911e+01 -1.664934368774e+01 -1.665384917672e+01 -1.665762760370e+01 -1.666078413663e+01 -1.666341777426e+01 -1.666562026480e+01 -1.666747552137e+01 -1.666905965596e+01 -1.667044158238e+01 -1.667168405297e+01 -1.667284496841e+01 -1.667397880691e+01 -1.667513803573e+01 -1.667637438361e+01 -1.667773986643e+01 -1.667928747816e+01 -1.668107150378e+01 -1.668314750302e+01 -1.668557217953e+01 -1.668840359755e+01 -1.669170251232e+01 -1.669553586457e+01 -1.669998363589e+01 -1.670515016492e+01 -1.671118066341e+01 -1.671828314316e+01 -1.672675537769e+01 -1.673701575502e+01 -1.674963531250e+01 -1.676536476615e+01 -1.678514403400e+01 -1.681007387845e+01 -1.684132646923e+01 -1.687998627793e+01 -1.692685189957e+01 -1.698227334453e+01 -1.704610229213e+01 -1.711777545812e+01 -1.719648014847e+01 -1.728132532094e+01 -1.737147098893e+01 -1.746618605049e+01 -1.756487372959e+01 -1.766705450091e+01 -1.777234047919e+01 -1.788040641836e+01 -1.799096503341e+01 -1.810375009716e+01 -1.821850781990e+01 -1.833499492796e+01 -1.845298102705e+01 -1.857225289312e+01 -1.869261866593e+01 -1.881391040270e+01 -1.893598422234e+01 -1.905871820242e+01 -1.918200887218e+01 -1.930576731304e+01 -1.942991562926e+01 -1.955438416564e+01 -1.967910953813e+01 -1.980403336806e+01
-1.552515826228e+01 -1.552523561050e+01 -1.552533378244e+01 -1.552545857612e+01 -1.552561752039e+01 -1.552582046241e+01 -1.552608039771e+01 -1.552641466801e+01 -1.552684673357e+01 -1.552740886885e+01 -1.552814639312e+01 -1.552912454582e+01 -1.553044010536e+01 -1.553224189621e+01 -1.553476875880e+01 -1.553842354389e+01 -1.554392475969e+01 -1.555262918174e+01 -1.556721019083e+01 -1.559284587486e+01 -1.563774929210e+01 -1.570758547455e+01 -1.579445269927e+01 -1.588401603480e+01 -1.596990041293e+01 -1.605094401613e+01 -1.612676311516e+01 -1.619688582834e+01 -1.626087599317e+01 -1.631850207592e+01 -1.636976264882e+01 -1.641487908982e+01 -1.645422296752e+01 -1.648827697866e+01 -1.651758253793e+01 -1.654269449116e+01 -1.656414587262e+01 -1.658242492122e+01 -1.659796414852e+01 -1.661113930332e+01 -1.662227491516e+01 -1.663165286133e+01 -1.663952103297e+01 -1.664610034215e+01 -1.665158952599e+01 -1.665616807662e+01 -1.665999801392e+01 -1.666322520909e+01 -1.666598074790e+01 -1.666838256159e+01 -1.667053734642e+01 -1.667254266695e+01 -1.667448908203e+01 -1.667646212763e+01 -1.667854402285e+01 -1.668081503989e+01 -1.668335460937e+01 -1.668624243974e+01 -1.668956021682e+01 -1.669339478386e+01 -1.669784399904e+01 -1.670302660095e+01 -1.670909727581e+01 -1.671626767440e+01 -1.672483340014e+01 -1.673520590607e+01 -1.674794635269e+01 -1.676379484480e+01 -1.678368218879e+01 -1.680870350275e+01 -1.684003006175e+01 -1.687875010091e+01 -1.692566865965e+01 -1.698114167826e+01 -1.704502380191e+01 -1.711675152654e+01 -1.719551021908e+01 -1.728040675265e+01 -1.737059964343e+01 -1.746535714004e+01 -1.756408235503e+01 -1.766629604746e+01 -1.777161082285e+01 -1.787970200878e+01 -1.799028289260e+01 -1.810308776435e+01 -1.821786326840e+01 -1.833436647437e+01 -1.845236724650e+01 -1.857165254806e+01 -1.869203065268e+01 -1.881333371687e+01 -1.893541794081e+01 -1.905816147691e+01 -1.918146092824e+01 -1.930522745008e+01 -1.942938321914e+01 -1.955385864901e+01 -1.967859041906e+01 -1.980352020757e+01
-1.552492358402e+01 -1.552493856800e+01 -1.552495749737e+01 -1.552498141817e+01 -1.552501165808e+01 -1.552504990478e+01 -1.552509830768e+01 -1.552515961075e+01 -1.552523732757e+01 -1.552533597410e+01 -1.552546138204e+01 -1.552562112649e+01 -1.552582511949e+01 -1.552608644926e+01 -1.552642259353e+01 -1.552685721761e+01 -1.552742291545e+01 -1.552816552283e+01 -1.552915115052e+01 -1.553047812013e+01 -1.553229814736e+01 -1.553485585178e+01 -1.553856652351e+01 -1.554417773536e+01 -1.555312006097e+01 -1.556826621685e+01 -1.559532089982e+01 -1.564355941560e+01 -1.571932923154e+01 -1.581325347541e+01 -1.590948639098e+01 -1.600145877593e+01 -1.608787672632e+01 -1.616814610979e+01 -1.624162530349e+01 -1.630778979827e+01 -1.636634569427e+01 -1.641738980982e+01 -1.646126819988e+01 -1.649855477506e+01 -1.652995277798e+01 -1.655620967763e+01 -1.657805340016e+01 -1.659615420936e+01 -1.661110838692e+01 -1.662343631996e+01 -1.663358803346e+01 -1.664195141226e+01 -1.664886063242e+01 -1.665460389261e+01 -1.665943033074e+01 -1.666355626727e+01 -1.666717090888e+01 -1.667044156106e+01 -1.667351833139e+01 -1.667653829361e+01 -1.667962914001e+01 -1.668291248908e+01 -1.668650724669e+01 -1.669053373752e+01 -1.669511968369e+01 -1.670040941062e+01 -1.670657776773e+01 -1.671385002268e+01 -1.672252831763e+01 -1.673302402200e+01 -1.674589310469e+01 -1.676186770485e+01 -1.678187063413e+01 -1.680699164801e+01 -1.683840119614e+01 -1.687719147305e+01 -1.692417425965e+01 -1.697971156149e+01 -1.704366074656e+01 -1.711545750181e+01 -1.719428454686e+01 -1.727924607126e+01 -1.736949869600e+01 -1.746430985319e+01 -1.756308252079e+01 -1.766533782206e+01 -1.777068898646e+01 -1.787881206924e+01 -1.798942108313e+01 -1.810225097339e+01 -1.821704893405e+01 -1.833357246943e+01 -1.845159177101e+01 -1.857089403912e+01 -1.869128771669e+01 -1.881260508569e+01 -1.893470244897e+01 -1.905745805330e+01 -1.918076859494e+01 -1.930454532240e+01 -1.942871050381e+01 -1.955319463965e+01 -1.967793448939e+01 -1.980287180319e+01
-1.552488153560e+01 -1.552488547491e+01 -1.552489044726e+01 -1.552489672406e+01 -1.552490464831e+01 -1.552491465371e+01 -1.552492728883e+01 -1.552494324808e+01 -1.552496341113e+01 -1.552498889354e+01 -1.552502111174e+01 -1.552506186722e+01 -1.552511345576e+01 -1.552517881062e+01 -1.552526169156e+01 -1.552536693717e+01 -1.552550080576e+01 -1.552567144293e+01 -1.552588953381e+01 -1.552616923138e+01 -1.552652950823e+01 -1.552699617664e+01 -1.552760499776e+01 -1.552840662772e+01 -1.552947478512e+01 -1.553092031542e+01 -1.553291657887e+01 -1.553574774989e+01 -1.553990608708e+01 -1.554629927994e+01 -1.555671150503e+01 -1.557481047442e+01 -1.560786634234e+01 -1.566661516109e+01 -1.575450923938e+01 -1.585673468136e+01 -1.595820699391e+01 -1.605429287047e+01 -1.614391559937e+01 -1.622626070378e+01 -1.630051786342e+01 -1.636597281980e+01 -1.642252524702e+01 -1.647041949687e+01 -1.651031347188e+01 -1.654311406995e+01 -1.656983017745e+01 -1.659145924138e+01 -1.660891777916e+01 -1.662300962229e+01 -1.663441963125e+01 -1.664372168014e+01 -1.665139309602e+01 -1.665783091271e+01 -1.666336752738e+01 -1.666828470158e+01 -1.667282561170e+01 -1.667720509338e+01 -1.668161853124e+01 -1.668625014046e+01 -1.669128172110e+01 -1.669690331531e+01 -1.670332745699e+01 -1.671080870095e+01 -1.671966963721e+01 -1.673033336364e+01 -1.674335997847e+01 -1.675948036272e+01 -1.677961371938e+01 -1.680484712458e+01 -1.683635187868e+01 -1.687522529926e+01 -1.692228670009e+01 -1.697790444886e+01 -1.704193833847e+01 -1.711382249025e+01 -1.719273607701e+01 -1.727777984981e+01 -1.736810803643e+01 -1.746298704513e+01 -1.756181969394e+01 -1.766412757413e+01 -1.776952470934e+01 -1.787768807863e+01 -1.798833261450e+01 -1.810119409252e+01 -1.821602040309e+01 -1.833256960102e+01 -1.845061229212e+01 -1.856993597673e+01 -1.869034931194e+01 -1.881168473822e+01 -1.893379868797e+01 -1.905656952695e+01 -1.917989406895e+01 -1.930368368008e+01 -1.942786074379e+01 -1.955235587022e+01 -1.967710591994e+01 -1.980205273393e+01
-1.552487149025e+01 -1.552487279684e+01 -1.552487444573e+01 -1.552487652667e+01 -1.552487915293e+01 -1.552488246758e+01 -1.552488665126e+01 -1.552489193219e+01 -1.552489859869e+01 -1.552490701520e+01 -1.552491764256e+01 -1.552493106380e+01 -1.552494801709e+01 -1.552496943779e+01 -1.552499651241e+01 -1.552503074820e+01 -1.552507406303e+01 -1.552512890269e+01 -1.552519839460e+01 -1.552528655156e+01 -1.552539854442e+01 -1.552554107208e+01 -1.552572287113e+01 -1.552595543078e+01 -1.552625401656e+01 -1.552663917181e+01 -1.552713897986e+01 -1.552779257841e+01 -1.552865581058e+01 -1.552981067181e+01 -1.553138181086e+01 -1.553356681448e+01 -1.553669494753e+01 -1.554134810353e+01 -1.554862490183e+01 -1.556074036189e+01 -1.558233381024e+01 -1.562244749613e+01 -1.569260554368e+01 -1.579155827420e+01 -1.590035440906e+01 -1.600606788622e+01 -1.610546317311e+01 -1.619745299392e+01 -1.628092671082e+01 -1.635479537373e+01 -1.641836138221e+01 -1.647163210111e+01 -1.651525033137e+01 -1.655033961345e+01 -1.657824738374e+01 -1.660032963691e+01 -1.661781723591e+01 -1.663175932617e+01 -1.664301834980e+01 -1.665229139704e+01 -1.666014080497e+01 -1.666702493202e+01 -1.667332544622e+01 -1.667937050966e+01 -1.668545480672e+01 -1.669185817009e+01 -1.669886498725e+01 -1.670678669883e+01 -1.671598937507e+01 -1.672692723322e+01 -1.674018049084e+01 -1.675649138392e+01 -1.677678492309e+01 -1.680215219797e+01 -1.683376997568e+01 -1.687274379974e+01 -1.691990240106e+01 -1.697562125611e+01 -1.703976231519e+01 -1.711175719710e+01 -1.719078039530e+01 -1.727592827450e+01 -1.736635204854e+01 -1.746131684629e+01 -1.756022530022e+01 -1.766259960527e+01 -1.776805479780e+01 -1.787626903076e+01 -1.798695840365e+01 -1.809985974480e+01 -1.821472182711e+01 -1.833130340283e+01 -1.844937560250e+01 -1.856872630622e+01 -1.868916444193e+01 -1.881052265029e+01 -1.893265752708e+01 -1.905544758806e+01 -1.917878979502e+01 -1.930259566231e+01 -1.942678771878e+01 -1.955129671292e+01 -1.967605963286e+01 -1.980101843413e+01
-1.552486848751e+01 -1.552486900757e+01 -1.552486966384e+01 -1.552487049200e+01 -1.552487153709e+01 -1.552487285596e+01 -1.552487452034e+01 -1.552487662083e+01 -1.552487927178e+01 -1.552488261759e+01 -1.552488684062e+01 -1.552489217123e+01 -1.552489890049e+01 -1.552490739629e+01 -1.552491812385e+01 -1.552493167179e+01 -1.552494878535e+01 -1.552497040890e+01 -1.552499774051e+01 -1.552503230218e+01 -1.552507603081e+01 -1.552513139675e+01 -1.552520155940e+01 -1.552529057341e+01 -1.552540366501e+01 -1.552554760713e+01 -1.552573123663e+01 -1.552596618080e+01 -1.552626789898e+01 -1.552665721279e+01 -1.552716261603e+01 -1.552782387118e+01 -1.552869780793e+01 -1.552986804800e+01 -1.553146205900e+01 -1.553368261006e+01 -1.553686917317e+01 -1.554162540993e+01 -1.554910062049e+01 -1.556163809013e+01 -1.558421390511e+01 -1.562664130197e+01 -1.570128208298e+01 -1.580592022032e+01 -1.591993955611e+01 -1.603031523183e+01 -1.613385968255e+01 -1.622928392978e+01 -1.631510849818e+01 -1.638988267095e+01 -1.645279442458e+01 -1.650404862947e+01 -1.654475905557e+01 -1.657658993304e+01 -1.660134287955e+01 -1.662067713161e+01 -1.663598839670e+01 -1.664839627049e+01 -1.665878327566e+01 -1.666784891518e+01 -1.667616184810e+01 -1.668420524620e+01 -1.669241611654e+01 -1.670122158469e+01 -1.671107549386e+01 -1.672249773084e+01 -1.673611618570e+01 -1.675270644157e+01 -1.677321653972e+01 -1.679875465201e+01 -1.683051253758e+01 -1.686961049195e+01 -1.691689058738e+01 -1.697273707514e+01 -1.703701397236e+01 -1.710914926924e+01 -1.718831136279e+01 -1.727359104509e+01 -1.736413574606e+01 -1.745920900303e+01 -1.755821324086e+01 -1.766067143718e+01 -1.776619992230e+01 -1.787447834266e+01 -1.798522427975e+01 -1.809817589749e+01 -1.821308308779e+01 -1.832970548683e+01 -1.844781488991e+01 -1.856719965797e+01 -1.868766906148e+01 -1.880905599391e+01 -1.893121725691e+01 -1.905403155503e+01 -1.917739603641e+01 -1.930122240199e+01 -1.942543336386e+01 -1.954995984483e+01 -1.967473899389e+01 -1.979971291107e+01
-1.552486741446e+01 -1.552486765350e+01 -1.552486795515e+01 -1.552486833579e+01 -1.552486881612e+01 -1.552486942224e+01 -1.552487018712e+01 -1.552487115235e+01 -1.552487237043e+01 -1.552487390761e+01 -1.552487584754e+01 -1.552487829583e+01 -1.552488138581e+01 -1.552488528587e+01 -1.552489020867e+01 -1.552489642294e+01 -1.552490426825e+01 -1.552491417396e+01 -1.552492668320e+01 -1.552494248346e+01 -1.552496244565e+01 -1.552498767421e+01 -1.552501957150e+01 -1.552505992108e+01 -1.552511099590e+01 -1.552517570009e+01 -1.552525775614e+01 -1.552536195475e+01 -1.552549449251e+01 -1.552566343509e+01 -1.552587936358e+01 -1.552615629479e+01 -1.552651302219e+01 -1.552697512161e+01 -1.552757804208e+01 -1.552837203198e+01 -1.552943029495e+01 -1.553086308850e+01 -1.553284331863e+01 -1.553565565060e+01 -1.553979672639e+01 -1.554619333165e+01 -1.555670469960e+01 -1.557528869008e+01 -1.561025647268e+01 -1.567501260776e+01 -1.577515743162e+01 -1.589279685075e+01 -1.600948881468e+01 -1.611966374555e+01 -1.622167386865e+01 -1.631374244499e+01 -1.639386573047e+01 -1.646071194813e+01 -1.651435049291e+01 -1.655616716964e+01 -1.658830205018e+01 -1.661301384895e+01 -1.663230045982e+01 -1.664777809598e+01 -1.666070768609e+01 -1.667207491830e+01 -1.668267666394e+01 -1.669319815937e+01 -1.670427996573e+01 -1.671657818720e+01 -1.673082043766e+01 -1.674785526950e+01 -1.676868443885e+01 -1.679445688143e+01 -1.682639709686e+01 -1.686565255698e+01 -1.691308624235e+01 -1.696909457433e+01 -1.703354398572e+01 -1.710585752539e+01 -1.718519572631e+01 -1.727064232707e+01 -1.736134002443e+01 -1.745655038768e+01 -1.755567562333e+01 -1.765823972974e+01 -1.776386069503e+01 -1.787222006869e+01 -1.798303731605e+01 -1.809605229685e+01 -1.821101632274e+01 -1.832769015087e+01 -1.844584641905e+01 -1.856527409718e+01 -1.868578288896e+01 -1.880720600690e+01 -1.892940051188e+01 -1.905224534580e+01 -1.917563789102e+01 -1.929949008318e+01 -1.942372486493e+01 -1.954827337864e+01 -1.967307297593e+01 -1.979806593896e+01
-1.552486697175e+01 -1.552486709487e+01 -1.552486725021e+01 -1.552486744624e+01 -1.552486769361e+01 -1.552486800576e+01 -1.552486839965e+01 -1.552486889671e+01 -1.552486952394e+01 -1.552487031546e+01 -1.552487131431e+01 -1.552487257481e+01 -1.552487416554e+01 -1.552487617306e+01 -1.552487870666e+01 -1.552488190433e+01 -1.552488594035e+01 -1.552489103483e+01 -1.552489746590e+01 -1.552490558506e+01 -1.552491583679e+01 -1.552492878335e+01 -1.552494513657e+01 -1.552496579832e+01 -1.552499191251e+01 -1.552502493194e+01 -1.552506670483e+01 -1.552511958746e+01 -1.552518659175e+01 -1.552527158059e+01 -1.552537952891e+01 -1.552551687744e+01 -1.552569201902e+01 -1.552591597938e+01 -1.552620338986e+01 -1.552657391031e+01 -1.552705436736e+01 -1.552768206683e+01 -1.552851010501e+01 -1.552961622360e+01 -1.553111824102e+01 -1.553320233273e+01 -1.553617790300e+01 -1.554059102356e+01 -1.554747501547e+01 -1.555893562756e+01 -1.557951663517e+01 -1.561872788371e+01 -1.569088231996e+01 -1.579867754694e+01 -1.592097201406e+01 -1.604076129373e+01 -1.615351123903e+01 -1.625744389030e+01 -1.635025732835e+01 -1.642936528069e+01 -1.649365465325e+01 -1.654381765674e+01 -1.658208284536e+01 -1.661121700246e+01 -1.663380042297e+01 -1.665194420883e+01 -1.666729228359e+01 -1.668113301206e+01 -1.669452821396e+01 -1.670842849556e+01 -1.672376979127e+01 -1.674155060801e+01 -1.676288307923e+01 -1.678899969737e+01 -1.682118985475e+01 -1.686065102445e+01 -1.690828124928e+01 -1.696449577247e+01 -1.702916475396e+01 -1.710170484226e+01 -1.718126650440e+01 -1.726692458031e+01 -1.735781587216e+01 -1.745319953589e+01 -1.755247757380e+01 -1.765517532548e+01 -1.776091291004e+01 -1.786937430657e+01 -1.798028137827e+01 -1.809337614010e+01 -1.820841170663e+01 -1.832515025742e+01 -1.844336549868e+01 -1.856284717181e+01 -1.868340552844e+01 -1.880487418355e+01 -1.892711052403e+01 -1.904999378970e+01 -1.917342165686e+01 -1.929730635584e+01 -1.942157111911e+01 -1.954614736518e+01 -1.967097270070e+01 -1.979598963710e+01
-1.552486676654e+01 -1.552486683591e+01 -1.552486692344e+01 -1.552486703390e+01 -1.552486717329e+01 -1.552486734917e+01 -1.552486757111e+01 -1.552486785118e+01 -1.552486820460e+01 -1.552486865056e+01 -1.552486921333e+01 -1.552486992350e+01 -1.552487081967e+01 -1.552487195060e+01 -1.552487337779e+01 -1.552487517890e+01 -1.552487745197e+01 -1.552488032077e+01 -1.552488394159e+01 -1.552488851185e+01 -1.552489428092e+01 -1.552490156396e+01 -1.552491075934e+01 -1.552492237095e+01 -1.552493703644e+01 -1.552495556341e+01 -1.552497897564e+01 -1.552500857253e+01 -1.552504600582e+01 -1.552509337907e+01 -1.552515337776e+01 -1.552522944045e+01 -1.552532598671e+01 -1.552544872371e+01 -1.552560506491e+01 -1.552580471121e+01 -1.552606047319e+01 -1.552638946061e+01 -1.552681484761e+01 -1.552736856830e+01 -1.552809557028e+01 -1.552906077857e+01 -1.553036098577e+01 -1.553214614528e+01 -1.553465963426e+01 -1.553831920268e+01 -1.554389098687e+01 -1.555288884833e+01 -1.556852688082e+01 -1.559782311691e+01 -1.565405019297e+01 -1.574917853875e+01 -1.587119842907e+01 -1.599667906051e+01 -1.611633959128e+01 -1.622784594929e+01 -1.632879583583e+01 -1.641603394717e+01 -1.648732459130e+01 -1.654285416361e+01 -1.658496384078e+01 -1.661690241323e+01 -1.664177190715e+01 -1.666211585892e+01 -1.667992656736e+01 -1.669680380472e+01 -1.671412926258e+01 -1.673321080736e+01 -1.675538128807e+01 -1.678203630197e+01 -1.681458874215e+01 -1.685432786842e+01 -1.690221320863e+01 -1.695869180343e+01 -1.702364094428e+01 -1.709646943292e+01 -1.717631493082e+01 -1.726224108100e+01 -1.735337738429e+01 -1.744898007184e+01 -1.754845100567e+01 -1.765131730360e+01 -1.775720183541e+01 -1.786579168968e+01 -1.797681178671e+01 -1.809000688407e+01 -1.820513238799e+01 -1.832195228464e+01 -1.844024163600e+01 -1.855979116130e+01 -1.868041180528e+01 -1.880193769024e+01 -1.892422661249e+01 -1.904715818511e+01 -1.917063045247e+01 -1.929455601427e+01 -1.941885846660e+01 -1.954346957478e+01 -1.966832726602e+01 -1.979337434007e+01
-1.552486666190e+01 -1.552486670388e+01 -1.552486675684e+01 -1.552486682367e+01 -1.552486690800e+01 -1.552486701442e+01 -1.552486714870e+01 -1.552486731814e+01 -1.552486753196e+01 -1.552486780178e+01 -1.552486814225e+01 -1.552486857189e+01 -1.552486911406e+01 -1.552486979822e+01 -1.552487066158e+01 -1.552487175109e+01 -1.552487312602e+01 -1.552487486116e+01 -1.552487705097e+01 -1.552487981466e+01 -1.552488330281e+01 -1.552488770555e+01 -1.552489326310e+01 -1.552490027898e+01 -1.552490913689e+01 -1.552492032206e+01 -1.552493444851e+01 -1.552495229378e+01 -1.552497484341e+01 -1.552500334799e+01 -1.552503939680e+01 -1.552508501325e+01 -1.552514277938e+01 -1.552521599969e+01 -1.552530891869e+01 -1.552542701313e+01 -1.552557739016e+01 -1.552576933832e+01 -1.552601510486e+01 -1.552633101626e+01 -1.552673913415e+01 -1.552726977287e+01 -1.552796545148e+01 -1.552888732736e+01 -1.553012611057e+01 -1.553182147008e+01 -1.553419843943e+01 -1.553763999320e+01 -1.554284178277e+01 -1.555116526313e+01 -1.556548378753e+01 -1.559212749929e+01 -1.564374698034e+01 -1.573455520835e+01 -1.585689061374e+01 -1.598583305202e+01 -1.610967939135e+01 -1.622565291319e+01 -1.633115493534e+01 -1.642245887553e+01 -1.649675283236e+01 -1.655418669766e+01 -1.659754440437e+01 -1.663062337926e+01 -1.665697354918e+01 -1.667948884933e+01 -1.670048400744e+01 -1.672190875944e+01 -1.674553921937e+01 -1.677308695402e+01 -1.680619723902e+01 -1.684632835822e+01 -1.689455117796e+01 -1.695137018932e+01 -1.701667786442e+01 -1.708987422172e+01 -1.717008072799e+01 -1.725634696093e+01 -1.734778770170e+01 -1.744367290629e+01 -1.754338724499e+01 -1.764646595518e+01 -1.775253547599e+01 -1.786128688775e+01 -1.797244901647e+01 -1.808577011521e+01 -1.820100850694e+01 -1.831793047477e+01 -1.843631280262e+01 -1.855594744992e+01 -1.867664623814e+01 -1.879824392873e+01 -1.892059883122e+01 -1.904359102511e+01 -1.916711901452e+01 -1.929109586099e+01 -1.941544561585e+01 -1.954010047925e+01 -1.966499878057e+01 -1.979008368162e+01
-1.552486660421e+01 -1.552486663108e+01 -1.552486666498e+01 -1.552486670776e+01 -1.552486676173e+01 -1.552486682985e+01 -1.552486691580e+01 -1.552486702426e+01 -1.552486716111e+01 -1.552486733381e+01 -1.552486755173e+01 -1.552486782673e+01 -1.552486817373e+01 -1.552486861162e+01 -1.552486916419e+01 -1.552486986148e+01 -1.552487074142e+01 -1.552487185184e+01 -1.552487325316e+01 -1.552487502162e+01 -1.552487725348e+01 -1.552488007025e+01 -1.552488362540e+01 -1.552488811274e+01 -1.552489377712e+01 -1.552490092793e+01 -1.552490995630e+01 -1.552492135687e+01 -1.552493575562e+01 -1.552495394529e+01 -1.552497693075e+01 -1.552500598730e+01 -1.552504273585e+01 -1.552508924041e+01 -1.552514813547e+01 -1.552522279359e+01 -1.552531754826e+01 -1.552543799353e+01 -1.552559139278e+01 -1.552578724541e+01 -1.552603808750e+01 -1.552636064863e+01 -1.552677756534e+01 -1.552731999335e+01 -1.552803172117e+01 -1.552897589068e+01 -1.553024644632e+01 -1.553198859185e+01 -1.553443738853e+01 -1.553799522829e+01 -1.554339832559e+01 -1.555209999186e+01 -1.556719574660e+01 -1.559554318736e+01 -1.565067307017e+01 -1.574651431835e+01 -1.587274428727e+01 -1.600415632885e+01 -1.613020107747e+01 -1.624829905544e+01 -1.635535980267e+01 -1.644702540773e+01 -1.652049082893e+01 -1.657664407133e+01 -1.661914820001e+01 -1.665239814038e+01 -1.668030727200e+01 -1.670607131801e+01 -1.673234529779e+01 -1.676145376539e+01 -1.679547987545e+01 -1.683619518924e+01 -1.688487704370e+01 -1.694213897630e+01 -1.700790720769e+01 -1.708157398488e+01 -1.716224048468e+01 -1.724893861733e+01 -1.734077285231e+01 -1.743700714760e+01 -1.753702847433e+01 -1.764037465392e+01 -1.774667678752e+01 -1.785563109995e+01 -1.796697141991e+01 -1.808045046426e+01 -1.819583027424e+01 -1.831288005733e+01 -1.843137878694e+01 -1.855111999658e+01 -1.867191661713e+01 -1.879360421446e+01 -1.891604174009e+01 -1.903910985463e+01 -1.916270763452e+01 -1.928674871698e+01 -1.941115772179e+01 -1.953586739291e+01 -1.966081656340e+01 -1.978594884874e+01
-1.552486657028e+01 -1.552486658826e+01 -1.552486661095e+01 -1.552486663958e+01 -1.552486667570e+01 -1.552486672129e+01 -1.552486677881e+01 -1.552486685140e+01 -1.552486694299e+01 -1.552486705857e+01 -1.552486720441e+01 -1.552486738845e+01 -1.552486762068e+01 -1.552486791373e+01 -1.552486828352e+01 -1.552486875016e+01 -1.552486933901e+01 -1.552487008209e+01 -1.552487101981e+01 -1.552487220317e+01 -1.552487369653e+01 -1.552487558116e+01 -1.552487795965e+01 -1.552488096152e+01 -1.552488475034e+01 -1.552488953272e+01 -1.552489556966e+01 -1.552490319103e+01 -1.552491281386e+01 -1.552492496567e+01 -1.552494031413e+01 -1.552495970501e+01 -1.552498421073e+01 -1.552501519280e+01 -1.552505438254e+01 -1.552510398591e+01 -1.552516682067e+01 -1.552524649744e+01 -1.552534766106e+01 -1.552547631645e+01 -1.552564027493e+01 -1.552584977611e+01 -1.552611837182e+01 -1.552646421160e+01 -1.552691196161e+01 -1.552749575550e+01 -1.552826388749e+01 -1.552928656689e+01 -1.553066930008e+01 -1.553257715944e+01 -1.553528136536e+01 -1.553925463021e+01 -1.554538047663e+01 -1.555544487247e+01 -1.557333151503e+01 -1.560762425915e+01 -1.567385743396e+01 -1.578213011342e+01 -1.591408929813e+01 -1.604689799962e+01 -1.617360749115e+01 -1.629187976322e+01 -1.639768721912e+01 -1.648612801984e+01 -1.655545926815e+01 -1.660814286939e+01 -1.664897696904e+01 -1.668289027105e+01 -1.671408969954e+01 -1.674605117859e+01 -1.678167872335e+01 -1.682332633595e+01 -1.687265985423e+01 -1.693050673952e+01 -1.699686959715e+01 -1.707113987628e+01 -1.715239392300e+01 -1.723964140410e+01 -1.733197424967e+01 -1.742864976966e+01 -1.752905806811e+01 -1.763274071042e+01 -1.773933493735e+01 -1.784854363622e+01 -1.796010706463e+01 -1.807378365364e+01 -1.818934019412e+01 -1.830654962306e+01 -1.842519370188e+01 -1.854506796413e+01 -1.866598674492e+01 -1.878778662170e+01 -1.891032734703e+01 -1.903349030262e+01 -1.915717527449e+01 -1.928129661460e+01 -1.940577965022e+01 -1.953055780340e+01 -1.965557053627e+01 -1.978076203157e+01
-1.552486654923e+01 -1.552486656169e+01 -1.552486657742e+01 -1.552486659727e+01 -1.552486662232e+01 -1.552486665392e+01 -1.552486669380e+01 -1.552486674413e+01 -1.552486680763e+01 -1.552486688777e+01 -1.552486698888e+01 -1.552486711648e+01 -1.552486727749e+01 -1.552486748066e+01 -1.552486773704e+01 -1.552486806056e+01 -1.552486846880e+01 -1.552486898397e+01 -1.552486963406e+01 -1.552487045442e+01 -1.552487148967e+01 -1.552487279611e+01 -1.552487444482e+01 -1.552487652552e+01 -1.552487915151e+01 -1.552488246581e+01 -1.552488664907e+01 -1.552489192948e+01 -1.552489859537e+01 -1.552490701117e+01 -1.552491763774e+01 -1.552493105813e+01 -1.552494801059e+01 -1.552496943064e+01 -1.552499650507e+01 -1.552503074163e+01 -1.552507405907e+01 -1.552512890464e+01 -1.552519840827e+01 -1.552528658694e+01 -1.552539861851e+01 -1.552554121362e+01 -1.552572312869e+01 -1.552595588653e+01 -1.552625481041e+01 -1.552664054417e+01 -1.552714134970e+01 -1.552779668962e+01 -1.552866301677e+01 -1.552982351552e+01 -1.553140526532e+01 -1.553361111996e+01 -1.553678259541e+01 -1.554153260642e+01 -1.554904639623e+01 -1.556180662642e+01 -1.558533837194e+01 -1.563141673706e+01 -1.571675467881e+01 -1.584046181390e+01 -1.597659383311e+01 -1.610945226567e+01 -1.623559554258e+01 -1.635202624442e+01 -1.645338075295e+01 -1.653533703765e+01 -1.659843131702e+01 -1.664728557909e+01 -1.668772950607e+01 -1.672506180204e+01 -1.676364436317e+01 -1.680689709510e+01 -1.685721666008e+01 -1.691585654931e+01 -1.698299311453e+01 -1.705804085953e+01 -1.714004783911e+01 -1.722799559854e+01 -1.732096093814e+01 -1.741819424631e+01 -1.751909007203e+01 -1.762319548406e+01 -1.773015589247e+01 -1.783968286676e+01 -1.795152496006e+01 -1.806544794078e+01 -1.818122468202e+01 -1.829863288746e+01 -1.841745787506e+01 -1.853749772326e+01 -1.865856854565e+01 -1.878050819066e+01 -1.890317740716e+01 -1.902645846761e+01 -1.915025203304e+01 -1.927447333858e+01 -1.939904858816e+01 -1.952391204632e+01 -1.964900395831e+01 -1.977426921399e+01
-1.552486653557e+01 -1.552486654445e+01 -1.552486655567e+01 -1.552486656982e+01 -1.552486658768e+01 -1.552486661022e+01 -1.552486663865e+01 -1.552486667454e+01 -1.552486671982e+01 -1.552486677696e+01 -1.552486684905e+01 -1.552486694003e+01 -1.552486705484e+01 -1.552486719970e+01 -1.552486738251e+01 -1.552486761318e+01 -1.552486790427e+01 -1.552486827158e+01 -1.552486873510e+01 -1.552486932000e+01 -1.552487005811e+01 -1.552487098954e+01 -1.552487216497e+01 -1.552487364832e+01 -1.552487552032e+01 -1.552487788287e+01 -1.552488086462e+01 -1.552488462804e+01 -1.552488937835e+01 -1.552489537479e+01 -1.552490294502e+01 -1.552491250324e+01 -1.552492457342e+01 -1.552493981870e+01 -1.552495907910e+01 -1.552498341972e+01 -1.552501419274e+01 -1.552505311757e+01 -1.552510238482e+01 -1.552516479252e+01 -1.552524392571e+01 -1.552534439586e+01 -1.552547216404e+01 -1.552563498333e+01 -1.552584301508e+01 -1.552610970450e+01 -1.552645305324e+01 -1.552689751827e+01 -1.552747693006e+01 -1.552823913115e+01 -1.552925363594e+01 -1.553062484195e+01 -1.553251597768e+01 -1.553519505690e+01 -1.553912895760e+01 -1.554519021478e+01 -1.555514439596e+01 -1.557284534978e+01 -1.560689842112e+01 -1.567326846990e+01 -1.578325367812e+01 -1.591872870712e+01 -1.605593265704e+01 -1.618782999347e+01 -1.631214249269e+01 -1.642402675070e+01 -1.651744954299e+01 -1.659074062366e+01 -1.664782550243e+01 -1.669526798308e+01 -1.673948492652e+01 -1.678569970833e+01 -1.683764299973e+01 -1.689740926199e+01 -1.696556639555e+01 -1.704162133452e+01 -1.712459743131e+01 -1.721344071553e+01 -1.730720978053e+01 -1.740514859785e+01 -1.750665834318e+01 -1.761129430164e+01 -1.771871289475e+01 -1.782863709570e+01 -1.794082621739e+01 -1.805505548570e+01 -1.817110558685e+01 -1.828876033331e+01 -1.840780959071e+01 -1.852805468167e+01 -1.864931397456e+01 -1.877142691337e+01 -1.889425548196e+01 -1.901768304654e+01 -1.914161134020e+01 -1.926595668256e+01 -1.939064635801e+01 -1.951561567297e+01 -1.964080584357e+01 -1.976616263796e+01
-1.552486652637e+01 -1.552486653285e+01 -1.552486654103e+01 -1.552486655135e+01 -1.552486656437e+01 -1.552486658080e+01 -1.552486660153e+01 -1.552486662769e+01 -1.552486666071e+01 -1.552486670237e+01 -1.552486675493e+01 -1.552486682127e+01 -1.552486690497e+01 -1.552486701059e+01 -1.552486714387e+01 -1.552486731205e+01 -1.552486752428e+01 -1.552486779208e+01 -1.552486813002e+01 -1.552486855645e+01 -1.552486909457e+01 -1.552486977363e+01 -1.552487063056e+01 -1.552487171194e+01 -1.552487307661e+01 -1.552487479882e+01 -1.552487697229e+01 -1.552487971537e+01 -1.552488317748e+01 -1.552488754737e+01 -1.552489306345e+01 -1.552490002696e+01 -1.552490881873e+01 -1.552491992036e+01 -1.552493394126e+01 -1.552495165313e+01 -1.552497403407e+01 -1.552500232525e+01 -1.552503810390e+01 -1.552508337804e+01 -1.552514070999e+01 -1.552521337884e+01 -1.552530559624e+01 -1.552542279617e+01 -1.552557202966e+01 -1.552576251101e+01 -1.552600638818e+01 -1.552631985311e+01 -1.552672478243e+01 -1.552725123170e+01 -1.552794135113e+01 -1.552885576168e+01 -1.553008437806e+01 -1.553176567311e+01 -1.553412288544e+01 -1.553753643745e+01 -1.554269921669e+01 -1.555097458785e+01 -1.556527075270e+01 -1.559212978904e+01 -1.564515043246e+01 -1.574083070705e+01 -1.587221801784e+01 -1.601218837600e+01 -1.614850175067e+01 -1.627877123058e+01 -1.639912466799e+01 -1.650262764236e+01 -1.658561328341e+01 -1.665098196595e+01 -1.670587791734e+01 -1.675779961988e+01 -1.681266928832e+01 -1.687416311531e+01 -1.694370306380e+01 -1.702107367672e+01 -1.710530444355e+01 -1.719529821842e+01 -1.729009144637e+01 -1.738892358264e+01 -1.749120621200e+01 -1.759650710337e+01 -1.770449776469e+01 -1.781491629910e+01 -1.792753606755e+01 -1.804214454439e+01 -1.815853249158e+01 -1.827649157699e+01 -1.839581749871e+01 -1.851631572551e+01 -1.863780748891e+01 -1.876013423509e+01 -1.888315947275e+01 -1.900676790184e+01 -1.913086255805e+01 -1.925536108240e+01 -1.938019208186e+01 -1.950529214370e+01 -1.963060368171e+01 -1.975607354992e+01
-1.552486651999e+01 -1.552486652480e+01 -1.552486653087e+01 -1.552486653853e+01 -1.552486654819e+01 -1.552486656038e+01 -1.552486657577e+01 -1.552486659519e+01 -1.552486661969e+01 -1.552486665061e+01 -1.552486668962e+01 -1.552486673885e+01 -1.552486680097e+01 -1.552486687936e+01 -1.552486697827e+01 -1.552486710309e+01 -1.552486726059e+01 -1.552486745934e+01 -1.552486771013e+01 -1.552486802660e+01 -1.552486842596e+01 -1.552486892990e+01 -1.552486956583e+01 -1.552487036833e+01 -1.552487138102e+01 -1.552487265900e+01 -1.552487427179e+01 -1.552487630716e+01 -1.552487887591e+01 -1.552488211797e+01 -1.552488621002e+01 -1.552489137528e+01 -1.552489789573e+01 -1.552490612785e+01 -1.552491652232e+01 -1.552492964939e+01 -1.552494623098e+01 -1.552496718184e+01 -1.552499366235e+01 -1.552502714644e+01 -1.552506950954e+01 -1.552512314313e+01 -1.552519110501e+01 -1.552527731826e+01 -1.552538683761e+01 -1.552552621072e+01 -1.552570397581e+01 -1.552593135958e+01 -1.552622327674e+01 -1.552659979629e+01 -1.552708835224e+01 -1.552772718189e+01 -1.552857086559e+01 -1.552969961737e+01 -1.553123559653e+01 -1.553337308861e+01 -1.553643781013e+01 -1.554101163887e+01 -1.554821485934e+01 -1.556038849723e+01 -1.558276826592e+01 -1.562681022517e+01 -1.571029543473e+01 -1.583568254839e+01 -1.597705459172e+01 -1.611688304373e+01 -1.625184527200e+01 -1.637895970337e+01 -1.649132078382e+01 -1.658337190963e+01 -1.665700638378e+01 -1.671984504106e+01 -1.678034114014e+01 -1.684477227683e+01 -1.691628832107e+01 -1.699540293339e+01 -1.708127074652e+01 -1.717275231156e+01 -1.726885639895e+01 -1.736882202439e+01 -1.747207790525e+01 -1.757821117478e+01 -1.768691444105e+01 -1.779794614427e+01 -1.791109814173e+01 -1.802617386623e+01 -1.814297713625e+01 -1.826130976412e+01 -1.838097495707e+01 -1.850178350072e+01 -1.862356027140e+01 -1.874614922829e+01 -1.886941575548e+01 -1.899324616579e+01 -1.911754506156e+01 -1.924223167798e+01 -1.936723622705e+01 -1.949249685923e+01 -1.961795745629e+01 -1.974356620732e+01
-1.552486651545e+01 -1.552486651907e+01 -1.552486652364e+01 -1.552486652940e+01 -1.552486653668e+01 -1.552486654586e+01 -1.552486655744e+01 -1.552486657205e+01 -1.552486659050e+01 -1.552486661377e+01 -1.552486664314e+01 -1.552486668020e+01 -1.552486672696e+01 -1.552486678597e+01 -1.552486686042e+01 -1.552486695438e+01 -1.552486707294e+01 -1.552486722255e+01 -1.552486741133e+01 -1.552486764956e+01 -1.552486795017e+01 -1.552486832951e+01 -1.552486880819e+01 -1.552486941224e+01 -1.552487017450e+01 -1.552487113643e+01 -1.552487235033e+01 -1.552487388225e+01 -1.552487581555e+01 -1.552487825546e+01 -1.552488133488e+01 -1.552488522160e+01 -1.552489012760e+01 -1.552489632065e+01 -1.552490413921e+01 -1.552491401118e+01 -1.552492647789e+01 -1.552494222451e+01 -1.552496211912e+01 -1.552498726253e+01 -1.552501905259e+01 -1.552505926720e+01 -1.552511017229e+01 -1.552517466324e+01 -1.552525645177e+01 -1.552536031540e+01 -1.552549243484e+01 -1.552566085705e+01 -1.552587614193e+01 -1.552615228403e+01 -1.552650805733e+01 -1.552696902996e+01 -1.552757067565e+01 -1.552836334671e+01 -1.552942053855e+01 -1.553085324977e+01 -1.553283623955e+01 -1.553565893396e+01 -1.553983091520e+01 -1.554631706986e+01 -1.555710004336e+01 -1.557657330959e+01 -1.561458047281e+01 -1.568858890661e+01 -1.580757208262e+01 -1.594933012288e+01 -1.609203481098e+01 -1.623086516029e+01 -1.636361754194e+01 -1.648364449987e+01 -1.658412783177e+01 -1.666601844020e+01 -1.673735079388e+01 -1.680726796940e+01 -1.688187919277e+01 -1.696337668283e+01 -1.705140405075e+01 -1.714482728046e+01 -1.724262090625e+01 -1.734403027536e+01 -1.744851324015e+01 -1.755568772514e+01 -1.766527663412e+01 -1.777706621379e+01 -1.789087294270e+01 -1.800652120426e+01 -1.812383183829e+01 -1.824261982754e+01 -1.836269809464e+01 -1.848388427450e+01 -1.860600790087e+01 -1.872891609193e+01 -1.885247653040e+01 -1.897657746105e+01 -1.910112534674e+01 -1.922604132204e+01 -1.935125752568e+01 -1.947671399825e+01 -1.960235640683e+01 -1.972813457066e+01
-1.552486651215e+01 -1.552486651490e+01 -1.552486651838e+01 -1.552486652277e+01 -1.552486652831e+01 -1.552486653530e+01 -1.552486654412e+01 -1.552486655525e+01 -1.552486656929e+01 -1.552486658701e+01 -1.552486660937e+01 -1.552486663759e+01 -1.552486667319e+01 -1.552486671812e+01 -1.552486677481e+01 -1.552486684634e+01 -1.552486693661e+01 -1.552486705052e+01 -1.552486719426e+01 -1.552486737564e+01 -1.552486760451e+01 -1.552486789332e+01 -1.552486825777e+01 -1.552486871767e+01 -1.552486929801e+01 -1.552487003036e+01 -1.552487095453e+01 -1.552487212078e+01 -1.552487359256e+01 -1.552487544995e+01 -1.552487779405e+01 -1.552488075252e+01 -1.552488448655e+01 -1.552488919976e+01 -1.552489514936e+01 -1.552490266042e+01 -1.552491214392e+01 -1.552492411968e+01 -1.552493924562e+01 -1.552495835511e+01 -1.552498250480e+01 -1.552501303612e+01 -1.552505165465e+01 -1.552510053338e+01 -1.552516244755e+01 -1.552524095272e+01 -1.552534062200e+01 -1.552546736601e+01 -1.552562887102e+01 -1.552583520878e+01 -1.552609970265e+01 -1.552644018589e+01 -1.552688087800e+01 -1.552745526695e+01 -1.552821068775e+01 -1.552921587942e+01 -1.553057401311e+01 -1.553244630205e+01 -1.553509731290e+01 -1.553898780781e+01 -1.554497929692e+01 -1.555481878498e+01 -1.557234264730e+01 -1.560624436265e+01 -1.567320369812e+01 -1.578633874322e+01 -1.592788538421e+01 -1.607300948302e+01 -1.621515661873e+01 -1.635270048119e+01 -1.647946219238e+01 -1.658781499203e+01 -1.667801753717e+01 -1.675844372873e+01 -1.683847647075e+01 -1.692343958081e+01 -1.701436816594e+01 -1.711035680285e+01 -1.721035133941e+01 -1.731360642285e+01 -1.741964694777e+01 -1.752812421022e+01 -1.763881175837e+01 -1.775153473076e+01 -1.786614285972e+01 -1.798248830375e+01 -1.810041426048e+01 -1.821975292531e+01 -1.834032986972e+01 -1.846197160539e+01 -1.858451365092e+01 -1.870780711027e+01 -1.883172247800e+01 -1.895615028950e+01 -1.908099918338e+01 -1.920619252192e+01 -1.933166472493e+01 -1.945735809219e+01 -1.958322044085e+01 -1.970920356397e+01
-1.552486650971e+01 -1.552486651183e+01 -1.552486651450e+01 -1.552486651787e+01 -1.552486652213e+01 -1.552486652750e+01 -1.552486653428e+01 -1.552486654283e+01 -1.552486655362e+01 -1.552486656724e+01 -1.552486658442e+01 -1.552486660610e+01 -1.552486663346e+01 -1.552486666798e+01 -1.552486671154e+01 -1.552486676651e+01 -1.552486683587e+01 -1.552486692340e+01 -1.552486703385e+01 -1.552486717322e+01 -1.552486734908e+01 -1.552486757101e+01 -1.552486785105e+01 -1.552486820442e+01 -1.552486865035e+01 -1.552486921306e+01 -1.552486992315e+01 -1.552487081924e+01 -1.552487195006e+01 -1.552487337711e+01 -1.552487517805e+01 -1.552487745090e+01 -1.552488031942e+01 -1.552488393991e+01 -1.552488850975e+01 -1.552489427831e+01 -1.552490156072e+01 -1.552491075536e+01 -1.552492236608e+01 -1.552493703055e+01 -1.552495555639e+01 -1.552497896742e+01 -1.552500856320e+01 -1.552504599570e+01 -1.552509336897e+01 -1.552515336929e+01 -1.552522943670e+01 -1.552532599319e+01 -1.552544875012e+01 -1.552560512812e+01 -1.552580484022e+01 -1.552606071790e+01 -1.552638990722e+01 -1.552681564630e+01 -1.552736998450e+01 -1.552809808249e+01 -1.552906527276e+01 -1.553036916063e+01 -1.553216140783e+01 -1.553468922267e+01 -1.553837965631e+01 -1.554402368905e+01 -1.555320923931e+01 -1.556939671569e+01 -1.560046926147e+01 -1.566231342669e+01 -1.577059210159e+01 -1.591170697239e+01 -1.605893063954e+01 -1.620400616118e+01 -1.634572078571e+01 -1.647846606151e+01 -1.659423258585e+01 -1.669289344817e+01 -1.678299849768e+01 -1.687353168223e+01 -1.696850040269e+01 -1.706793433834e+01 -1.717084048130e+01 -1.727649975769e+01 -1.738451278572e+01 -1.749462373374e+01 -1.760667307229e+01 -1.772054202774e+01 -1.783612614166e+01 -1.795331487380e+01 -1.807198107055e+01 -1.819197960875e+01 -1.831315265817e+01 -1.843533832648e+01 -1.855837988489e+01 -1.868213350110e+01 -1.880647311366e+01 -1.893129194751e+01 -1.905650113957e+01 -1.918202661373e+01 -1.930780544342e+01 -1.943378258953e+01 -1.955990842739e+01 -1.968613711562e+01
-1.552486650788e+01 -1.552486650952e+01 -1.552486651159e+01 -1.552486651420e+01 -1.552486651750e+01 -1.552486652166e+01 -1.552486652690e+01 -1.552486653352e+01 -1.552486654188e+01 -1.552486655242e+01 -1.552486656572e+01 -1.552486658250e+01 -1.552486660368e+01 -1.552486663041e+01 -1.552486666413e+01 -1.552486670668e+01 -1.552486676038e+01 -1.552486682814e+01 -1.552486691364e+01 -1.552486702154e+01 -1.552486715768e+01 -1.552486732948e+01 -1.552486754627e+01 -1.552486781983e+01 -1.552486816504e+01 -1.552486860065e+01 -1.552486915034e+01 -1.552486984401e+01 -1.552487071936e+01 -1.552487182401e+01 -1.552487321804e+01 -1.552487497730e+01 -1.552487719755e+01 -1.552487999967e+01 -1.552488353633e+01 -1.552488800033e+01 -1.552489363525e+01 -1.552490074886e+01 -1.552490973027e+01 -1.552492107154e+01 -1.552493539539e+01 -1.552495349044e+01 -1.552497635634e+01 -1.552500526176e+01 -1.552504181916e+01 -1.552508808185e+01 -1.552514667062e+01 -1.552522094053e+01 -1.552531520259e+01 -1.552543502192e+01 -1.552558762446e+01 -1.552578246089e+01 -1.552603200358e+01 -1.552635289824e+01 -1.552676767049e+01 -1.552730732892e+01 -1.552801546755e+01 -1.552895497619e+01 -1.553021949143e+01 -1.553195390890e+01 -1.553439323434e+01 -1.553794102927e+01 -1.554333960677e+01 -1.555206812898e+01 -1.556733090910e+01 -1.559644690904e+01 -1.565464265360e+01 -1.575917670328e+01 -1.589991098262e+01 -1.604901450145e+01 -1.619672112499e+01 -1.634212524640e+01 -1.648024377257e+01 -1.660308598129e+01 -1.671042993189e+01 -1.681067368171e+01 -1.691165478677e+01 -1.701582299936e+01 -1.712265986415e+01 -1.723149357305e+01 -1.734204918364e+01 -1.745422087087e+01 -1.756796065533e+01 -1.768323407653e+01 -1.780000154554e+01 -1.791820350686e+01 -1.803775261109e+01 -1.815853393047e+01 -1.828041163025e+01 -1.840323912071e+01 -1.852686982687e+01 -1.865116642345e+01 -1.877600709654e+01 -1.890128820791e+01 -1.902692370482e+01 -1.915284238473e+01 -1.927898433975e+01 -1.940529760781e+01 -1.953173556264e+01 -1.965825516277e+01
-1.552486650650e+01 -1.552486650778e+01 -1.552486650939e+01 -1.552486651142e+01 -1.552486651399e+01 -1.552486651723e+01 -1.552486652131e+01 -1.552486652647e+01 -1.552486653297e+01 -1.552486654118e+01 -1.552486655154e+01 -1.552486656462e+01 -1.552486658111e+01 -1.552486660193e+01 -1.552486662819e+01 -1.552486666134e+01 -1.552486670316e+01 -1.552486675593e+01 -1.552486682253e+01 -1.552486690656e+01 -1.552486701260e+01 -1.552486714641e+01 -1.552486731525e+01 -1.552486752832e+01 -1.552486779718e+01 -1.552486813644e+01 -1.552486856457e+01 -1.552486910481e+01 -1.552486978655e+01 -1.552487064686e+01 -1.552487173252e+01 -1.552487310258e+01 -1.552487483159e+01 -1.552487701365e+01 -1.552487976757e+01 -1.552488324338e+01 -1.552488763056e+01 -1.552489316846e+01 -1.552490015957e+01 -1.552490898620e+01 -1.552492013191e+01 -1.552493420856e+01 -1.552495199098e+01 -1.552497446129e+01 -1.552500286578e+01 -1.552503878827e+01 -1.552508424531e+01 -1.552514181025e+01 -1.552521477669e+01 -1.552530737536e+01 -1.552542506574e+01 -1.552557493330e+01 -1.552576623961e+01 -1.552601119874e+01 -1.552632609711e+01 -1.552673294997e+01 -1.552726202243e+01 -1.552795579308e+01 -1.552887541910e+01 -1.553011173473e+01 -1.553180488307e+01 -1.553418135173e+01 -1.553762842362e+01 -1.554285496212e+01 -1.555126601782e+01 -1.556589242380e+01 -1.559366797050e+01 -1.564933525414e+01 -1.575116850042e+01 -1.589173864700e+01 -1.604256608429e+01 -1.619265095442e+01 -1.634134244590e+01 -1.648433002907e+01 -1.661402065124e+01 -1.673030159279e+01 -1.684089152611e+01 -1.695179161338e+01 -1.706405598382e+01 -1.717719419903e+01 -1.729108901343e+01 -1.740589866014e+01 -1.752174877105e+01 -1.763874505717e+01 -1.775694346134e+01 -1.787635587205e+01 -1.799694926283e+01 -1.811864942209e+01 -1.824135001430e+01 -1.836492490012e+01 -1.848924099582e+01 -1.861416948017e+01 -1.873959386048e+01 -1.886541416090e+01 -1.899154742518e+01 -1.911792557785e+01 -1.924449204795e+01 -1.937119834850e+01 -1.949800130196e+01 -1.962486113101e+01
-1.552486650544e+01 -1.552486650644e+01 -1.552486650770e+01 -1.552486650929e+01 -1.552486651130e+01 -1.552486651383e+01 -1.552486651703e+01 -1.552486652107e+01 -1.552486652616e+01 -1.552486653259e+01 -1.552486654070e+01 -1.552486655093e+01 -1.552486656384e+01 -1.552486658013e+01 -1.552486660069e+01 -1.552486662663e+01 -1.552486665937e+01 -1.552486670068e+01 -1.552486675280e+01 -1.552486681858e+01 -1.552486690158e+01 -1.552486700631e+01 -1.552486713847e+01 -1.552486730524e+01 -1.552486751568e+01 -1.552486778123e+01 -1.552486811632e+01 -1.552486853917e+01 -1.552486907277e+01 -1.552486974612e+01 -1.552487059584e+01 -1.552487166813e+01 -1.552487302132e+01 -1.552487472904e+01 -1.552487688423e+01 -1.552487960423e+01 -1.552488303722e+01 -1.552488737034e+01 -1.552489283998e+01 -1.552489974487e+01 -1.552490846260e+01 -1.552491947069e+01 -1.552493337340e+01 -1.552495093586e+01 -1.552497312785e+01 -1.552500117993e+01 -1.552503665579e+01 -1.552508154614e+01 -1.552513839106e+01 -1.552521044095e+01 -1.552530187025e+01 -1.552541806438e+01 -1.552556601045e+01 -1.552575483775e+01 -1.552599657989e+01 -1.552630727273e+01 -1.552670857628e+01 -1.552723023941e+01 -1.552791396819e+01 -1.552881972388e+01 -1.553003641364e+01 -1.553170092726e+01 -1.553403395269e+01 -1.553741176052e+01 -1.554252075877e+01 -1.555071668230e+01 -1.556491595240e+01 -1.559179955632e+01 -1.564578885848e+01 -1.574585168917e+01 -1.588653937904e+01 -1.603896667929e+01 -1.619119260929e+01 -1.634281193336e+01 -1.649024597757e+01 -1.662664741754e+01 -1.675207129773e+01 -1.687286269398e+01 -1.699274822984e+01 -1.711190149942e+01 -1.723034764856e+01 -1.734859222156e+01 -1.746711137202e+01 -1.758623369090e+01 -1.770616382425e+01 -1.782701747317e+01 -1.794883746293e+01 -1.807160538723e+01 -1.819525504801e+01 -1.831968805025e+01 -1.844478955472e+01 -1.857044210777e+01 -1.869653606477e+01 -1.882297579555e+01 -1.894968170463e+01 -1.907658899959e+01 -1.920364466484e+01 -1.933080402025e+01 -1.945802776161e+01 -1.958527984685e+01
-1.552486650462e+01 -1.552486650541e+01 -1.552486650640e+01 -1.552486650765e+01 -1.552486650923e+01 -1.552486651122e+01 -1.552486651373e+01 -1.552486651691e+01 -1.552486652091e+01 -1.552486652596e+01 -1.552486653233e+01 -1.552486654037e+01 -1.552486655052e+01 -1.552486656332e+01 -1.552486657948e+01 -1.552486659987e+01 -1.552486662560e+01 -1.552486665806e+01 -1.552486669903e+01 -1.552486675072e+01 -1.552486681595e+01 -1.552486689826e+01 -1.552486700212e+01 -1.552486713318e+01 -1.552486729856e+01 -1.552486750726e+01 -1.552486777060e+01 -1.552486810291e+01 -1.552486852225e+01 -1.552486905141e+01 -1.552486971917e+01 -1.552487056182e+01 -1.552487162521e+01 -1.552487296716e+01 -1.552487466069e+01 -1.552487679796e+01 -1.552487949535e+01 -1.552488289980e+01 -1.552488719688e+01 -1.552489262103e+01 -1.552489946845e+01 -1.552490811359e+01 -1.552491902997e+01 -1.552493281675e+01 -1.552495023261e+01 -1.552497223912e+01 -1.552500005636e+01 -1.552503523462e+01 -1.552507974741e+01 -1.552513611266e+01 -1.552520755207e+01 -1.552529820266e+01 -1.552541340065e+01 -1.552556006788e+01 -1.552574724597e+01 -1.552598684907e+01 -1.552629474742e+01 -1.552669236667e+01 -1.552720911582e+01 -1.552788619377e+01 -1.552878277897e+01 -1.552998652200e+01 -1.553163220062e+01 -1.553393675832e+01 -1.553726940387e+01 -1.554230226852e+01 -1.555036007944e+01 -1.556428838161e+01 -1.559061503370e+01 -1.564357493153e+01 -1.574265936190e+01 -1.588375168377e+01 -1.603766146951e+01 -1.619179232208e+01 -1.634600496467e+01 -1.649752877339e+01 -1.664056001909e+01 -1.677519925358e+01 -1.690566244193e+01 -1.703334747484e+01 -1.715823263786e+01 -1.728114606603e+01 -1.740312746037e+01 -1.752491151741e+01 -1.764695205830e+01 -1.776952392636e+01 -1.789277944994e+01 -1.801677838221e+01 -1.814151008605e+01 -1.826691445871e+01 -1.839290183445e+01 -1.851937037084e+01 -1.864621957840e+01 -1.877335918978e+01 -1.890071326937e+01 -1.902822034341e+01 -1.915583100988e+01 -1.928350459542e+01 -1.941120601445e+01 -1.953890340097e+01
-1.552486650399e+01 -1.552486650461e+01 -1.552486650539e+01 -1.552486650637e+01 -1.552486650762e+01 -1.552486650919e+01 -1.552486651117e+01 -1.552486651367e+01 -1.552486651683e+01 -1.552486652081e+01 -1.552486652583e+01 -1.552486653218e+01 -1.552486654018e+01 -1.552486655027e+01 -1.552486656301e+01 -1.552486657909e+01 -1.552486659937e+01 -1.552486662497e+01 -1.552486665727e+01 -1.552486669803e+01 -1.552486674946e+01 -1.552486681436e+01 -1.552486689625e+01 -1.552486699959e+01 -1.552486712999e+01 -1.552486729454e+01 -1.552486750218e+01 -1.552486776420e+01 -1.552486809483e+01 -1.552486851205e+01 -1.552486903854e+01 -1.552486970293e+01 -1.552487054133e+01 -1.552487159934e+01 -1.552487293451e+01 -1.552487461949e+01 -1.552487674597e+01 -1.552487942974e+01 -1.552488281698e+01 -1.552488709235e+01 -1.552489248907e+01 -1.552489930186e+01 -1.552490790326e+01 -1.552491876437e+01 -1.552493248129e+01 -1.552494980883e+01 -1.552497170358e+01 -1.552499937933e+01 -1.552503437832e+01 -1.552507866370e+01 -1.552513474007e+01 -1.552520581189e+01 -1.552529599370e+01 -1.552541059223e+01 -1.552555649016e+01 -1.552574267664e+01 -1.552598099442e+01 -1.552628721495e+01 -1.552668262437e+01 -1.552719642997e+01 -1.552786953059e+01 -1.552876064343e+01 -1.552995668216e+01 -1.553159119347e+01 -1.553387895453e+01 -1.553718512851e+01 -1.554217377617e+01 -1.555015243187e+01 -1.556392855407e+01 -1.558995293533e+01 -1.564239785959e+01 -1.574114007765e+01 -1.588288520020e+01 -1.603815149817e+01 -1.619394870036e+01 -1.635044068524e+01 -1.650575237607e+01 -1.665534801424e+01 -1.679907207054e+01 -1.693834006187e+01 -1.707255795822e+01 -1.720215368938e+01 -1.732882969571e+01 -1.745404172645e+01 -1.757869803048e+01 -1.770333676508e+01 -1.782827648662e+01 -1.795368981297e+01 -1.807964465723e+01 -1.820613477431e+01 -1.833310597623e+01 -1.846047848181e+01 -1.858816460188e+01 -1.871608112773e+01 -1.884415628437e+01 -1.897233186350e+01 -1.910056192611e+01 -1.922880979624e+01 -1.935704479959e+01 -1.948523960197e+01
-1.552486650349e+01 -1.552486650398e+01 -1.552486650460e+01 -1.552486650538e+01 -1.552486650636e+01 -1.552486650760e+01 -1.552486650917e+01 -1.552486651115e+01 -1.552486651364e+01 -1.552486651679e+01 -1.552486652076e+01 -1.552486652578e+01 -1.552486653210e+01 -1.552486654008e+01 -1.552486655015e+01 -1.552486656286e+01 -1.552486657890e+01 -1.552486659914e+01 -1.552486662467e+01 -1.552486665689e+01 -1.552486669755e+01 -1.552486674886e+01 -1.552486681360e+01 -1.552486689529e+01 -1.552486699838e+01 -1.552486712847e+01 -1.552486729261e+01 -1.552486749975e+01 -1.552486776113e+01 -1.552486809095e+01 -1.552486850716e+01 -1.552486903237e+01 -1.552486969514e+01 -1.552487053151e+01 -1.552487158695e+01 -1.552487291887e+01 -1.552487459975e+01 -1.552487672106e+01 -1.552487939830e+01 -1.552488277730e+01 -1.552488704226e+01 -1.552489242585e+01 -1.552489922205e+01 -1.552490780250e+01 -1.552491863713e+01 -1.552493232059e+01 -1.552494960582e+01 -1.552497144706e+01 -1.552499905507e+01 -1.552503396823e+01 -1.552507814477e+01 -1.552513408292e+01 -1.552520497894e+01 -1.552529493666e+01 -1.552540924880e+01 -1.552555477949e+01 -1.552574049309e+01 -1.552597819869e+01 -1.552628362140e+01 -1.552667798221e+01 -1.552719039473e+01 -1.552786161951e+01 -1.552875016296e+01 -1.552994260568e+01 -1.553157194561e+01 -1.553385201185e+01 -1.553714624120e+01 -1.554211537564e+01 -1.555006029185e+01 -1.556377532149e+01 -1.558969247567e+01 -1.564201458688e+01 -1.574092336788e+01 -1.588350806087e+01 -1.603999090269e+01 -1.619721761321e+01 -1.635569805770e+01 -1.651454029972e+01 -1.667060862651e+01 -1.682305125294e+01 -1.697002830622e+01 -1.710957009110e+01 -1.724301592870e+01 -1.737287093898e+01 -1.750087545136e+01 -1.762805221889e+01 -1.775499183174e+01 -1.788203756200e+01 -1.800937150867e+01 -1.813706476147e+01 -1.826511417929e+01 -1.839347200004e+01 -1.852206922399e+01 -1.865083268651e+01 -1.877969583803e+01 -1.890860374733e+01 -1.903751358458e+01 -1.916639238146e+01 -1.929521382528e+01 -1.942395530786e+01
-1.552486650310e+01 -1.552486650349e+01 -1.552486650398e+01 -1.552486650460e+01 -1.552486650538e+01 -1.552486650636e+01 -1.552486650760e+01 -1.552486650917e+01 -1.552486651114e+01 -1.552486651364e+01 -1.552486651679e+01 -1.552486652076e+01 -1.552486652577e+01 -1.552486653209e+01 -1.552486654007e+01 -1.552486655014e+01 -1.552486656284e+01 -1.552486657887e+01 -1.552486659910e+01 -1.552486662462e+01 -1.552486665683e+01 -1.552486669748e+01 -1.552486674877e+01 -1.552486681348e+01 -1.552486689515e+01 -1.552486699820e+01 -1.552486712823e+01 -1.552486729232e+01 -1.552486749937e+01 -1.552486776065e+01 -1.552486809036e+01 -1.552486850641e+01 -1.552486903142e+01 -1.552486969394e+01 -1.552487052999e+01 -1.552487158503e+01 -1.552487291646e+01 -1.552487459671e+01 -1.552487671722e+01 -1.552487939345e+01 -1.552488277118e+01 -1.552488703454e+01 -1.552489241610e+01 -1.552489920975e+01 -1.552490778697e+01 -1.552491861753e+01 -1.552493229585e+01 -1.552494957457e+01 -1.552497140760e+01 -1.552499900523e+01 -1.552503390526e+01 -1.552507806519e+01 -1.552513398231e+01 -1.552520485168e+01 -1.552529477558e+01 -1.552540904476e+01 -1.552555452079e+01 -1.552574016468e+01 -1.552597778117e+01 -1.552628308963e+01 -1.552667730345e+01 -1.552718952616e+01 -1.552786050486e+01 -1.552874872836e+01 -1.552994075508e+01 -1.553156955855e+01 -1.553384895391e+01 -1.553714242534e+01 -1.554211102054e+01 -1.555005697234e+01 -1.556378043501e+01 -1.558973892685e+01 -1.564223711953e+01 -1.574169782049e+01 -1.588524008685e+01 -1.604278799625e+01 -1.620121703714e+01 -1.636142267542e+01 -1.652357150924e+01 -1.668595992384e+01 -1.684653078394e+01 -1.700002331627e+01 -1.714381983489e+01 -1.728041993526e+01 -1.741295053573e+01 -1.754336214614e+01 -1.767273809735e+01 -1.780169876021e+01 -1.793059917163e+01 -1.805962424558e+01 -1.818884574458e+01 -1.831826340993e+01 -1.844783647606e+01 -1.857750709435e+01 -1.870721623729e+01 -1.883691270258e+01 -1.896655634776e+01 -1.909611732084e+01 -1.922557328855e+01 -1.935490630368e+01
-1.552486650280e+01 -1.552486650310e+01 -1.552486650349e+01 -1.552486650398e+01 -1.552486650460e+01 -1.552486650538e+01 -1.552486650637e+01 -1.552486650761e+01 -1.552486650918e+01 -1.552486651116e+01 -1.552486651365e+01 -1.552486651680e+01 -1.552486652078e+01 -1.552486652580e+01 -1.552486653213e+01 -1.552486654011e+01 -1.552486655019e+01 -1.552486656291e+01 -1.552486657896e+01 -1.552486659921e+01 -1.552486662477e+01 -1.552486665702e+01 -1.552486669771e+01 -1.552486674906e+01 -1.552486681385e+01 -1.552486689561e+01 -1.552486699878e+01 -1.552486712897e+01 -1.552486729325e+01 -1.552486750055e+01 -1.552486776214e+01 -1.552486809224e+01 -1.552486850878e+01 -1.552486903442e+01 -1.552486969772e+01 -1.552487053476e+01 -1.552487159106e+01 -1.552487292406e+01 -1.552487460630e+01 -1.552487672932e+01 -1.552487940873e+01 -1.552488279047e+01 -1.552488705888e+01 -1.552489244683e+01 -1.552489924855e+01 -1.552490783596e+01 -1.552491867940e+01 -1.552493237400e+01 -1.552494967333e+01 -1.552497153244e+01 -1.552499916310e+01 -1.552503410503e+01 -1.552507831814e+01 -1.552513430292e+01 -1.552520525850e+01 -1.552529529257e+01 -1.552540970299e+01 -1.552555536083e+01 -1.552574124002e+01 -1.552597916304e+01 -1.552628487420e+01 -1.552667962274e+01 -1.552719256513e+01 -1.552786452919e+01 -1.552875413163e+01 -1.552994814269e+01 -1.553157990569e+01 -1.553386392323e+01 -1.553716505712e+01 -1.554214737431e+01 -1.555012045209e+01 -1.556390439112e+01 -1.559001505950e+01 -1.564291050645e+01 -1.574319792555e+01 -1.588775049844e+01 -1.604620765168e+01 -1.620562969387e+01 -1.636732808479e+01 -1.653258118290e+01 -1.670105534732e+01 -1.686898899233e+01 -1.702782232035e+01 -1.717497496986e+01 -1.731414691383e+01 -1.744893745396e+01 -1.758141281051e+01 -1.771269236802e+01 -1.784341080429e+01 -1.797392655901e+01 -1.810442357892e+01 -1.823497326725e+01 -1.836557843632e+01 -1.849620564026e+01 -1.862680799625e+01 -1.875733964414e+01 -1.888776301866e+01 -1.901805060233e+01 -1.914818327847e+01 -1.927814732982e+01
-1.552486650255e+01 -1.552486650280e+01 -1.552486650311e+01 -1.552486650350e+01 -1.552486650399e+01 -1.552486650461e+01 -1.552486650539e+01 -1.552486650638e+01 -1.552486650762e+01 -1.552486650919e+01 -1.552486651118e+01 -1.552486651368e+01 -1.552486651684e+01 -1.552486652082e+01 -1.552486652585e+01 -1.552486653220e+01 -1.552486654020e+01 -1.552486655031e+01 -1.552486656305e+01 -1.552486657914e+01 -1.552486659944e+01 -1.552486662506e+01 -1.552486665738e+01 -1.552486669816e+01 -1.552486674963e+01 -1.552486681457e+01 -1.552486689652e+01 -1.552486699993e+01 -1.552486713042e+01 -1.552486729508e+01 -1.552486750286e+01 -1.552486776506e+01 -1.552486809592e+01 -1.552486851342e+01 -1.552486904028e+01 -1.552486970511e+01 -1.552487054409e+01 -1.552487160283e+01 -1.552487293892e+01 -1.552487462504e+01 -1.552487675298e+01 -1.552487943859e+01 -1.552488282816e+01 -1.552488710646e+01 -1.552489250689e+01 -1.552489932437e+01 -1.552490793170e+01 -1.552491880031e+01 -1.552493252673e+01 -1.552494986629e+01 -1.552497177632e+01 -1.552499947148e+01 -1.552503449516e+01 -1.552507881205e+01 -1.552513492873e+01 -1.552520605231e+01 -1.552529630087e+01 -1.552541098597e+01 -1.552555699697e+01 -1.552574333241e+01 -1.552598184858e+01 -1.552628833691e+01 -1.552668411395e+01 -1.552719843471e+01 -1.552787227587e+01 -1.552876448728e+01 -1.552996222018e+01 -1.553159947261e+01 -1.553389194138e+01 -1.553720682618e+01 -1.554221317031e+01 -1.555023220676e+01 -1.556411411012e+01 -1.559045635334e+01 -1.564390450485e+01 -1.574519717306e+01 -1.589075782449e+01 -1.604997256417e+01 -1.621020219293e+01 -1.637319227273e+01 -1.654135815016e+01 -1.671559748979e+01 -1.689002286901e+01 -1.705312313545e+01 -1.720290057199e+01 -1.734417225444e+01 -1.748085954181e+01 -1.761509159499e+01 -1.774800368264e+01 -1.788023465019e+01 -1.801214127544e+01 -1.814390463018e+01 -1.827559550437e+01 -1.840722001746e+01 -1.853875202899e+01 -1.867015498682e+01 -1.880139486902e+01 -1.893244589305e+01 -1.906329109639e+01 -1.919392011886e+01
-1.552486650236e+01 -1.552486650256e+01 -1.552486650280e+01 -1.552486650311e+01 -1.552486650350e+01 -1.552486650400e+01 -1.552486650462e+01 -1.552486650540e+01 -1.552486650639e+01 -1.552486650764e+01 -1.552486650922e+01 -1.552486651121e+01 -1.552486651372e+01 -1.552486651689e+01 -1.552486652088e+01 -1.552486652593e+01 -1.552486653229e+01 -1.552486654032e+01 -1.552486655046e+01 -1.552486656324e+01 -1.552486657938e+01 -1.552486659974e+01 -1.552486662543e+01 -1.552486665786e+01 -1.552486669877e+01 -1.552486675039e+01 -1.552486681553e+01 -1.552486689774e+01 -1.552486700146e+01 -1.552486713235e+01 -1.552486729752e+01 -1.552486750594e+01 -1.552486776894e+01 -1.552486810081e+01 -1.552486851960e+01 -1.552486904807e+01 -1.552486971495e+01 -1.552487055650e+01 -1.552487161849e+01 -1.552487295868e+01 -1.552487464999e+01 -1.552487678446e+01 -1.552487947831e+01 -1.552488287830e+01 -1.552488716975e+01 -1.552489258678e+01 -1.552489942524e+01 -1.552490805906e+01 -1.552491896115e+01 -1.552493272988e+01 -1.552495012297e+01 -1.552497210073e+01 -1.552499988166e+01 -1.552503501406e+01 -1.552507946893e+01 -1.552513576098e+01 -1.552520710788e+01 -1.552529764150e+01 -1.552541269155e+01 -1.552555917158e+01 -1.552574611275e+01 -1.552598541593e+01 -1.552629293474e+01 -1.552669007428e+01 -1.552720621897e+01 -1.552788254045e+01 -1.552877819288e+01 -1.552998082296e+01 -1.553162527622e+01 -1.553392878635e+01 -1.553726154020e+01 -1.554229887914e+01 -1.555037659615e+01 -1.556438171244e+01 -1.559100847247e+01 -1.564510925330e+01 -1.574750476192e+01 -1.589402975806e+01 -1.605386194517e+01 -1.621474063172e+01 -1.637885074559e+01 -1.654974045777e+01 -1.672934830126e+01 -1.690936046739e+01 -1.707579830372e+01 -1.722762542084e+01 -1.737059961268e+01 -1.750886978325e+01 -1.764458503215e+01 -1.777888359872e+01 -1.791240217861e+01 -1.804549307462e+01 -1.817833371273e+01 -1.831099436313e+01 -1.844348457362e+01 -1.857578518962e+01 -1.870786905738e+01 -1.883971250718e+01 -1.897129972326e+01 -1.910262243445e+01
-1.552486650221e+01 -1.552486650237e+01 -1.552486650256e+01 -1.552486650281e+01 -1.552486650312e+01 -1.552486650351e+01 -1.552486650400e+01 -1.552486650463e+01 -1.552486650542e+01 -1.552486650641e+01 -1.552486650766e+01 -1.552486650924e+01 -1.552486651124e+01 -1.552486651376e+01 -1.552486651694e+01 -1.552486652095e+01 -1.552486652601e+01 -1.552486653240e+01 -1.552486654046e+01 -1.552486655063e+01 -1.552486656346e+01 -1.552486657965e+01 -1.552486660009e+01 -1.552486662587e+01 -1.552486665840e+01 -1.552486669946e+01 -1.552486675127e+01 -1.552486681664e+01 -1.552486689913e+01 -1.552486700322e+01 -1.552486713457e+01 -1.552486730032e+01 -1.552486750947e+01 -1.552486777339e+01 -1.552486810643e+01 -1.552486852670e+01 -1.552486905702e+01 -1.552486972625e+01 -1.552487057076e+01 -1.552487163648e+01 -1.552487298139e+01 -1.552487467864e+01 -1.552487682063e+01 -1.552487952396e+01 -1.552488293591e+01 -1.552488724247e+01 -1.552489267858e+01 -1.552489954113e+01 -1.552490820539e+01 -1.552491914594e+01 -1.552493296330e+01 -1.552495041788e+01 -1.552497247345e+01 -1.552500035292e+01 -1.552503561023e+01 -1.552508022360e+01 -1.552513671710e+01 -1.552520832050e+01 -1.552529918151e+01 -1.552541465069e+01 -1.552556166930e+01 -1.552574930587e+01 -1.552598951239e+01 -1.552629821369e+01 -1.552669691617e+01 -1.552721515218e+01 -1.552789431601e+01 -1.552879390889e+01 -1.553000214168e+01 -1.553165482310e+01 -1.553397092944e+01 -1.553732402390e+01 -1.554239653661e+01 -1.555054054768e+01 -1.556468388841e+01 -1.559162597485e+01 -1.564643308030e+01 -1.574996371799e+01 -1.589738150131e+01 -1.605770739401e+01 -1.621910354062e+01 -1.638418783309e+01 -1.655761000076e+01 -1.674213369689e+01 -1.692685417570e+01 -1.709585747207e+01 -1.724926941013e+01 -1.739362898917e+01 -1.753321148808e+01 -1.767016851371e+01 -1.780563336972e+01 -1.794023693071e+01 -1.807432567492e+01 -1.820807325005e+01 -1.834154960721e+01 -1.847476768621e+01 -1.860771477734e+01 -1.874037204257e+01 -1.887272467321e+01 -1.900476515181e+01
-1.552486650209e+01 -1.552486650221e+01 -1.552486650237e+01 -1.552486650256e+01 -1.552486650281e+01 -1.552486650312e+01 -1.552486650352e+01 -1.552486650401e+01 -1.552486650464e+01 -1.552486650543e+01 -1.552486650643e+01 -1.552486650768e+01 -1.552486650927e+01 -1.552486651128e+01 -1.552486651381e+01 -1.552486651700e+01 -1.552486652102e+01 -1.552486652610e+01 -1.552486653251e+01 -1.552486654060e+01 -1.552486655081e+01 -1.552486656369e+01 -1.552486657994e+01 -1.552486660045e+01 -1.552486662633e+01 -1.552486665899e+01 -1.552486670019e+01 -1.552486675219e+01 -1.552486681781e+01 -1.552486690060e+01 -1.552486700508e+01 -1.552486713692e+01 -1.552486730328e+01 -1.552486751321e+01 -1.552486777811e+01 -1.552486811239e+01 -1.552486853421e+01 -1.552486906651e+01 -1.552486973822e+01 -1.552487058586e+01 -1.552487165554e+01 -1.552487300544e+01 -1.552487470900e+01 -1.552487685894e+01 -1.552487957231e+01 -1.552488299694e+01 -1.552488731950e+01 -1.552489277583e+01 -1.552489966390e+01 -1.552490836040e+01 -1.552491934170e+01 -1.552493321056e+01 -1.552495073028e+01 -1.552497286827e+01 -1.552500085211e+01 -1.552503624172e+01 -1.552508102298e+01 -1.552513772985e+01 -1.552520960494e+01 -1.552530081271e+01 -1.552541672576e+01 -1.552556431475e+01 -1.552575268773e+01 -1.552599385079e+01 -1.552630380406e+01 -1.552670416110e+01 -1.552722461068e+01 -1.552790678232e+01 -1.552881054384e+01 -1.553002470161e+01 -1.553168608019e+01 -1.553401549184e+01 -1.553739005199e+01 -1.554249963351e+01 -1.555071336135e+01 -1.556500152538e+01 -1.559227156852e+01 -1.564781165539e+01 -1.575244896961e+01 -1.590067214671e+01 -1.606138658479e+01 -1.622319343887e+01 -1.638912760582e+01 -1.656488673845e+01 -1.675384213622e+01 -1.694246151636e+01 -1.711340816113e+01 -1.726804382509e+01 -1.741352255796e+01 -1.755418563867e+01 -1.769217382432e+01 -1.782861095938e+01 -1.796412019819e+01 -1.809904175027e+01 -1.823354567700e+01 -1.836770180188e+01 -1.850152628072e+01 -1.863501217818e+01 -1.876814785448e+01 -1.890092596230e+01
-1.552486650199e+01 -1.552486650209e+01 -1.552486650222e+01 -1.552486650237e+01 -1.552486650257e+01 -1.552486650282e+01 -1.552486650313e+01 -1.552486650352e+01 -1.552486650402e+01 -1.552486650465e+01 -1.552486650544e+01 -1.552486650644e+01 -1.552486650771e+01 -1.552486650930e+01 -1.552486651131e+01 -1.552486651385e+01 -1.552486651705e+01 -1.552486652109e+01 -1.552486652619e+01 -1.552486653263e+01 -1.552486654075e+01 -1.552486655099e+01 -1.552486656392e+01 -1.552486658023e+01 -1.552486660082e+01 -1.552486662679e+01 -1.552486665957e+01 -1.552486670093e+01 -1.552486675312e+01 -1.552486681898e+01 -1.552486690208e+01 -1.552486700695e+01 -1.552486713928e+01 -1.552486730626e+01 -1.552486751696e+01 -1.552486778285e+01 -1.552486811837e+01 -1.552486854176e+01 -1.552486907603e+01 -1.552486975023e+01 -1.552487060102e+01 -1.552487167467e+01 -1.552487302958e+01 -1.552487473947e+01 -1.552487689739e+01 -1.552487962084e+01 -1.552488305820e+01 -1.552488739682e+01 -1.552489287343e+01 -1.552489978712e+01 -1.552490851598e+01 -1.552491953817e+01 -1.552493345873e+01 -1.552495104382e+01 -1.552497326454e+01 -1.552500135314e+01 -1.552503687553e+01 -1.552508182530e+01 -1.552513874633e+01 -1.552521089410e+01 -1.552530244988e+01 -1.552541880844e+01 -1.552556696987e+01 -1.552575608193e+01 -1.552599820497e+01 -1.552630941469e+01 -1.552671143216e+01 -1.552723410305e+01 -1.552791929287e+01 -1.552882723710e+01 -1.553004733926e+01 -1.553171744231e+01 -1.553406019836e+01 -1.553745628062e+01 -1.554260300905e+01 -1.555088653324e+01 -1.556531939169e+01 -1.559291550235e+01 -1.564916570127e+01 -1.575486856274e+01 -1.590380012558e+01 -1.606481579340e+01 -1.622694817409e+01 -1.639362534919e+01 -1.657152279053e+01 -1.676441821546e+01 -1.695622053093e+01 -1.712862080146e+01 -1.728419760997e+01 -1.743057593629e+01 -1.757212277853e+01 -1.771096067693e+01 -1.784820173469e+01 -1.798446063459e+01 -1.812007140323e+01 -1.825520084836e+01 -1.838991880438e+01 -1.852424436860e+01 -1.865817565863e+01 -1.879170715917e+01
-1.552486650192e+01 -1.552486650200e+01 -1.552486650209e+01 -1.552486650222e+01 -1.552486650237e+01 -1.552486650257e+01 -1.552486650282e+01 -1.552486650313e+01 -1.552486650353e+01 -1.552486650403e+01 -1.552486650466e+01 -1.552486650546e+01 -1.552486650646e+01 -1.552486650773e+01 -1.552486650933e+01 -1.552486651135e+01 -1.552486651389e+01 -1.552486651711e+01 -1.552486652116e+01 -1.552486652628e+01 -1.552486653274e+01 -1.552486654089e+01 -1.552486655117e+01 -1.552486656414e+01 -1.552486658051e+01 -1.552486660117e+01 -1.552486662724e+01 -1.552486666013e+01 -1.552486670164e+01 -1.552486675402e+01 -1.552486682011e+01 -1.552486690351e+01 -1.552486700875e+01 -1.552486714155e+01 -1.552486730913e+01 -1.552486752058e+01 -1.552486778742e+01 -1.552486812413e+01 -1.552486854903e+01 -1.552486908521e+01 -1.552486976181e+01 -1.552487061564e+01 -1.552487169312e+01 -1.552487305286e+01 -1.552487476885e+01 -1.552487693447e+01 -1.552487966764e+01 -1.552488311726e+01 -1.552488747138e+01 -1.552489296755e+01 -1.552489990594e+01 -1.552490866601e+01 -1.552491972763e+01 -1.552493369804e+01 -1.552495134617e+01 -1.552497364666e+01 -1.552500183628e+01 -1.552503748672e+01 -1.552508259898e+01 -1.552513972653e+01 -1.552521213725e+01 -1.552530402863e+01 -1.552542081680e+01 -1.552556953026e+01 -1.552575935504e+01 -1.552600240385e+01 -1.552631482526e+01 -1.552671844405e+01 -1.552724325725e+01 -1.552793135797e+01 -1.552884333643e+01 -1.553006917222e+01 -1.553174769084e+01 -1.553410331943e+01 -1.553752016320e+01 -1.554270272345e+01 -1.555105355111e+01 -1.556562578322e+01 -1.559353489320e+01 -1.565045981302e+01 -1.575714520163e+01 -1.590669432491e+01 -1.606794225180e+01 -1.623033288287e+01 -1.639766009946e+01 -1.657749663060e+01 -1.677385312078e+01 -1.696822515304e+01 -1.714170053356e+01 -1.729799798417e+01 -1.744509566022e+01 -1.758736068016e+01 -1.772689389059e+01 -1.786479482576e+01 -1.800166966258e+01 -1.813784662033e+01 -1.827348962690e+01 -1.840866860766e+01 -1.854340527204e+01 -1.867770207617e+01
-1.552486650186e+01 -1.552486650192e+01 -1.552486650200e+01 -1.552486650210e+01 -1.552486650222e+01 -1.552486650238e+01 -1.552486650257e+01 -1.552486650282e+01 -1.552486650314e+01 -1.552486650354e+01 -1.552486650404e+01 -1.552486650467e+01 -1.552486650547e+01 -1.552486650648e+01 -1.552486650775e+01 -1.552486650935e+01 -1.552486651138e+01 -1.552486651393e+01 -1.552486651716e+01 -1.552486652123e+01 -1.552486652636e+01 -1.552486653284e+01 -1.552486654102e+01 -1.552486655133e+01 -1.552486656435e+01 -1.552486658077e+01 -1.552486660150e+01 -1.552486662766e+01 -1.552486666066e+01 -1.552486670231e+01 -1.552486675486e+01 -1.552486682117e+01 -1.552486690485e+01 -1.552486701043e+01 -1.552486714367e+01 -1.552486731180e+01 -1.552486752396e+01 -1.552486779168e+01 -1.552486812952e+01 -1.552486855582e+01 -1.552486909378e+01 -1.552486977263e+01 -1.552487062929e+01 -1.552487171034e+01 -1.552487307460e+01 -1.552487479628e+01 -1.552487696909e+01 -1.552487971133e+01 -1.552488317241e+01 -1.552488754098e+01 -1.552489305541e+01 -1.552490001687e+01 -1.552490880607e+01 -1.552491990451e+01 -1.552493392145e+01 -1.552495162844e+01 -1.552497400341e+01 -1.552500228734e+01 -1.552503805733e+01 -1.552508332130e+01 -1.552514064165e+01 -1.552521329786e+01 -1.552530550258e+01 -1.552542269186e+01 -1.552557192074e+01 -1.552576241100e+01 -1.552600632423e+01 -1.552631987708e+01 -1.552672499122e+01 -1.552725180505e+01 -1.552794262444e+01 -1.552885837104e+01 -1.553008956296e+01 -1.553177594425e+01 -1.553414360183e+01 -1.553757985048e+01 -1.554279590727e+01 -1.555120965418e+01 -1.556591211011e+01 -1.559411293735e+01 -1.565166141455e+01 -1.575923437685e+01 -1.590931171884e+01 -1.607073705007e+01 -1.623333303411e+01 -1.640122841833e+01 -1.658280757767e+01 -1.678217387480e+01 -1.697860375606e+01 -1.715286613776e+01 -1.730971279451e+01 -1.745738275410e+01 -1.760022798084e+01 -1.774032662468e+01 -1.787876574302e+01 -1.801614340116e+01 -1.815278252867e+01 -1.828884454011e+01 -1.842439948446e+01 -1.855947133572e+01
-1.552486650181e+01 -1.552486650186e+01 -1.552486650192e+01 -1.552486650200e+01 -1.552486650210e+01 -1.552486650222e+01 -1.552486650238e+01 -1.552486650258e+01 -1.552486650283e+01 -1.552486650314e+01 -1.552486650354e+01 -1.552486650405e+01 -1.552486650468e+01 -1.552486650548e+01 -1.552486650649e+01 -1.552486650777e+01 -1.552486650938e+01 -1.552486651141e+01 -1.552486651397e+01 -1.552486651721e+01 -1.552486652129e+01 -1.552486652644e+01 -1.552486653293e+01 -1.552486654113e+01 -1.552486655148e+01 -1.552486656454e+01 -1.552486658101e+01 -1.552486660180e+01 -1.552486662803e+01 -1.552486666114e+01 -1.552486670291e+01 -1.552486675562e+01 -1.552486682213e+01 -1.552486690606e+01 -1.552486701196e+01 -1.552486714560e+01 -1.552486731424e+01 -1.552486752703e+01 -1.552486779556e+01 -1.552486813440e+01 -1.552486856199e+01 -1.552486910156e+01 -1.552486978244e+01 -1.552487064167e+01 -1.552487172597e+01 -1.552487309432e+01 -1.552487482117e+01 -1.552487700051e+01 -1.552487975099e+01 -1.552488322246e+01 -1.552488760416e+01 -1.552489313516e+01 -1.552490011755e+01 -1.552490893320e+01 -1.552492006506e+01 -1.552493412424e+01 -1.552495188465e+01 -1.552497432722e+01 -1.552500269675e+01 -1.552503857525e+01 -1.552508397692e+01 -1.552514147228e+01 -1.552521435134e+01 -1.552530684047e+01 -1.552542439385e+01 -1.552557409061e+01 -1.552576518499e+01 -1.552600988295e+01 -1.552632446302e+01 -1.552673093482e+01 -1.552725956525e+01 -1.552795285342e+01 -1.552887202230e+01 -1.553010807949e+01 -1.553180160431e+01 -1.553418019334e+01 -1.553763408148e+01 -1.554288059690e+01 -1.555135156993e+01 -1.556617244147e+01 -1.559463803627e+01 -1.565274849314e+01 -1.576110599302e+01 -1.591162889266e+01 -1.607318899160e+01 -1.623594871324e+01 -1.640433938013e+01 -1.658747076659e+01 -1.678943291386e+01 -1.698750218948e+01 -1.716233535073e+01 -1.731959860005e+01 -1.746772169926e+01 -1.761103324199e+01 -1.775158921217e+01 -1.789046484358e+01 -1.802825072434e+01 -1.816526506705e+01 -1.830166711216e+01 -1.843752703311e+01
