-1.646755945553e+01 -1.652730328147e+01 -1.658708629515e+01 -1.664690560346e+01 -1.670668481602e+01 -1.676623792811e+01 -1.682524663317e+01 -1.688325899832e+01 -1.693971212619e+01 -1.699397586376e+01 -1.704541029391e+01 -1.709342733800e+01 -1.713754640591e+01 -1.717743552330e+01 -1.721293246655e+01 -1.724404454401e+01 -1.727092978504e+01 -1.729386532882e+01 -1.731321002134e+01 -1.732936761576e+01 -1.734275513646e+01 -1.735377874975e+01 -1.736281756731e+01 -1.737021452882e+01 -1.737627289090e+01 -1.738125673196e+01 -1.738539406287e+01 -1.738888143898e+01 -1.739188928623e+01 -1.739456742407e+01 -1.739705046832e+01 -1.739946292448e+01 -1.740192384431e+01 -1.740455091999e+01 -1.740746383981e+01 -1.741078662988e+01 -1.741464856998e+01 -1.741918312022e+01 -1.742452417400e+01 -1.743079894248e+01 -1.743811699109e+01 -1.744655551753e+01 -1.745614196214e+01 -1.746683639550e+01 -1.747851749147e+01 -1.749097664080e+01 -1.750392418929e+01 -1.751700954411e+01 -1.752985342470e+01 -1.754208713599e+01 -1.755339197938e+01 -1.756353268230e+01 -1.757238156669e+01 -1.757993343421e+01 -1.758631283156e+01 -1.759177428394e+01 -1.759669303152e+01 -1.760154232663e+01 -1.760685858168e+01 -1.761321693697e+01 -1.762113273850e+01 -1.763120385169e+01 -1.764394252389e+01 -1.765983184569e+01 -1.767929921204e+01 -1.770259810602e+01 -1.772998639718e+01 -1.776154151962e+01 -1.779726810862e+01 -1.783709623871e+01 -1.788089608810e+01 -1.792849771257e+01 -1.797970393769e+01 -1.803430953790e+01 -1.809211519331e+01 -1.815292930743e+01 -1.821656113218e+01 -1.828282033060e+01 -1.835152001266e+01 -1.842247964382e+01 -1.849552674280e+01 -1.857049854854e+01 -1.864724293293e+01 -1.872561895214e+01 -1.880549728013e+01 -1.888676087968e+01 -1.896930616995e+01 -1.905304502440e+01 -1.913790549336e+01 -1.922382595830e+01 -1.931074848083e+01 -1.939861697844e+01 -1.948737713689e+01 -1.957697647493e+01 -1.966736441409e+01 -1.975849234736e+01 -1.985031370968e+01 -1.994278472086e+01 -2.003586092416e+01 -2.012950423296e+01
-1.575599726059e+01 -1.583064131910e+01 -1.590414856704e+01 -1.597674121423e+01 -1.604859573774e+01 -1.611984013806e+01 -1.619055290686e+01 -1.626076524370e+01 -1.633046563629e+01 -1.639960343809e+01 -1.646808723170e+01 -1.653577554824e+01 -1.660246140694e+01 -1.666785628264e+01 -1.673158136119e+01 -1.679317311576e+01 -1.685210665677e+01 -1.690783541921e+01 -1.695984124508e+01 -1.700768606130e+01 -1.705105577580e+01 -1.708978876507e+01 -1.712388489175e+01 -1.715349533694e+01 -1.717889736519e+01 -1.720046039884e+01 -1.721861007879e+01 -1.723379569198e+01 -1.724646425611e+01 -1.725704246812e+01 -1.726592615112e+01 -1.727347592575e+01 -1.728001749083e+01 -1.728584492444e+01 -1.729122561497e+01 -1.729640565617e+01 -1.730161471171e+01 -1.730706944224e+01 -1.731297461122e+01 -1.731952100244e+01 -1.732687939492e+01 -1.733519018674e+01 -1.734454897477e+01 -1.735498954696e+01 -1.736646719720e+01 -1.737884661191e+01 -1.739189911835e+01 -1.740531314724e+01 -1.741871913726e+01 -1.743172645930e+01 -1.744396670862e+01 -1.745513640517e+01 -1.746503331474e+01 -1.747358334116e+01 -1.748085724462e+01 -1.748707648843e+01 -1.749260536638e+01 -1.749792554853e+01 -1.750359490533e+01 -1.751021471249e+01 -1.751832542566e+01 -1.752854284404e+01 -1.754139284026e+01 -1.755736785416e+01 -1.757690175744e+01 -1.760025339903e+01 -1.762768357635e+01 -1.765927244929e+01 -1.769502651768e+01 -1.773487723781e+01 -1.777869583549e+01 -1.782631314688e+01 -1.787753260019e+01 -1.793214942810e+01 -1.798996466591e+01 -1.805078700394e+01 -1.811442592842e+01 -1.818069129113e+01 -1.824939635500e+01 -1.832036070908e+01 -1.839341197342e+01 -1.846838747003e+01 -1.854513513929e+01 -1.862351409403e+01 -1.870339505515e+01 -1.878466102415e+01 -1.886720845168e+01 -1.895094923623e+01 -1.903581144885e+01 -1.912173349035e+01 -1.920865744022e+01 -1.929652723172e+01 -1.938528856456e+01 -1.947488896975e+01 -1.956527787971e+01 -1.965640669706e+01 -1.974822886532e+01 -1.984070061116e+01 -1.993377748691e+01 -2.002742140973e+01
-1.467076744414e+01 -1.482502811931e+01 -1.496400145023e+01 -1.509104674337e+01 -1.520869672352e+01 -1.531886867520e+01 -1.542303643878e+01 -1.552235142387e+01 -1.561772800548e+01 -1.570990030542e+01 -1.579946357235e+01 -1.588689211716e+01 -1.597254921890e+01 -1.605668701071e+01 -1.613944416860e+01 -1.622084544241e+01 -1.630080481757e+01 -1.637913188637e+01 -1.645554042788e+01 -1.652965930469e+01 -1.660104748315e+01 -1.666921585852e+01 -1.673365775344e+01 -1.679388755395e+01 -1.684948385068e+01 -1.690013090473e+01 -1.694565133032e+01 -1.698602409264e+01 -1.702138496947e+01 -1.705201049195e+01 -1.707828972351e+01 -1.710069001809e+01 -1.711972282557e+01 -1.713591412057e+01 -1.714978192356e+01 -1.716182139202e+01 -1.717249649823e+01 -1.718223646665e+01 -1.719143480090e+01 -1.720044872224e+01 -1.720959705036e+01 -1.721915496238e+01 -1.722934473486e+01 -1.724032260755e+01 -1.725216333476e+01 -1.726484563419e+01 -1.727824312264e+01 -1.729212572482e+01 -1.730617531482e+01 -1.732001643349e+01 -1.733325916036e+01 -1.734554813050e+01 -1.735661061695e+01 -1.736629770687e+01 -1.737461452580e+01 -1.738173620023e+01 -1.738800513861e+01 -1.739390506664e+01 -1.740001391729e+01 -1.740696137340e+01 -1.741531720818e+01 -1.742571892943e+01 -1.743870928372e+01 -1.745479240136e+01 -1.747441028244e+01 -1.749782851745e+01 -1.752531159208e+01 -1.755694309749e+01 -1.759273188315e+01 -1.763261114758e+01 -1.767645343800e+01 -1.772409057536e+01 -1.777532674852e+01 -1.782995776873e+01 -1.788778511980e+01 -1.794861785426e+01 -1.801226575442e+01 -1.807853891045e+01 -1.814725077857e+01 -1.821822110401e+01 -1.829127763491e+01 -1.836625779823e+01 -1.844300962092e+01 -1.852139228745e+01 -1.860127657806e+01 -1.868254554315e+01 -1.876509567322e+01 -1.884883889838e+01 -1.893370331586e+01 -1.901962735095e+01 -1.910655310573e+01 -1.919442453341e+01 -1.928318735130e+01 -1.937278910596e+01 -1.946317924355e+01 -1.955430917889e+01 -1.964613236632e+01 -1.973860504118e+01 -1.983168276730e+01 -1.992532746660e+01
-1.246016777419e+01 -1.263760944333e+01 -1.282947404881e+01 -1.303986134359e+01 -1.327673623549e+01 -1.354647103443e+01 -1.384160879624e+01 -1.413207531463e+01 -1.439085297941e+01 -1.461300518367e+01 -1.480470635689e+01 -1.497321144334e+01 -1.512424848869e+01 -1.526201823918e+01 -1.538956274918e+01 -1.550912349207e+01 -1.562237842502e+01 -1.573059622947e+01 -1.583472466091e+01 -1.593543708004e+01 -1.603314737410e+01 -1.612802155707e+01 -1.621999500913e+01 -1.630880401458e+01 -1.639403169806e+01 -1.647516461263e+01 -1.655165461309e+01 -1.662298050863e+01 -1.668870440750e+01 -1.674851813266e+01 -1.680227564943e+01 -1.685000853368e+01 -1.689192347827e+01 -1.692838349863e+01 -1.695987708065e+01 -1.698698108503e+01 -1.701032326003e+01 -1.703054886391e+01 -1.704829379069e+01 -1.706416445849e+01 -1.707872308152e+01 -1.709247603841e+01 -1.710586290428e+01 -1.711924428543e+01 -1.713288781836e+01 -1.714695343613e+01 -1.716148094884e+01 -1.717638454243e+01 -1.719145919845e+01 -1.720640266870e+01 -1.722085354969e+01 -1.723444215004e+01 -1.724684773311e+01 -1.725785442544e+01 -1.726739834755e+01 -1.727559886623e+01 -1.728276634730e+01 -1.728937966739e+01 -1.729603488300e+01 -1.730339239173e+01 -1.731205611206e+01 -1.732268976455e+01 -1.733585693479e+01 -1.735207633495e+01 -1.737180014591e+01 -1.739530241312e+01 -1.742285226334e+01 -1.745453760159e+01 -1.749037023544e+01 -1.753028555825e+01 -1.757415778280e+01 -1.762181997204e+01 -1.767307727439e+01 -1.772772623121e+01 -1.778556889246e+01 -1.784641476797e+01 -1.791007401390e+01 -1.797635702157e+01 -1.804507749137e+01 -1.811605536583e+01 -1.818911855490e+01 -1.826410461822e+01 -1.834086169209e+01 -1.841924905152e+01 -1.849913755174e+01 -1.858041030500e+01 -1.866296385211e+01 -1.874671016319e+01 -1.883157736853e+01 -1.891750392439e+01 -1.900443196136e+01 -1.909230545793e+01 -1.918107015362e+01 -1.927067361464e+01 -1.936106530454e+01 -1.945219665356e+01 -1.954402112971e+01 -1.963649497934e+01 -1.972957378076e+01 -1.982321946191e+01
-1.160655420611e+01 -1.170757356781e+01 -1.180859675069e+01 -1.190962607534e+01 -1.201066612631e+01 -1.211172740751e+01 -1.221284042402e+01 -1.231414511036e+01 -1.241719576678e+01 -1.258496774383e+01 -1.277623789685e+01 -1.298629854990e+01 -1.322511919277e+01 -1.350487218458e+01 -1.382770369674e+01 -1.416009993550e+01 -1.445736159930e+01 -1.470799853951e+01 -1.492072013821e+01 -1.510554648442e+01 -1.527002415043e+01 -1.541940644311e+01 -1.555735268551e+01 -1.568644298102e+01 -1.580843735384e+01 -1.592450439023e+01 -1.603523824659e+01 -1.614077617394e+01 -1.624089638814e+01 -1.633514521815e+01 -1.642297358195e+01 -1.650386433121e+01 -1.657743493647e+01 -1.664350593643e+01 -1.670213229547e+01 -1.675360081900e+01 -1.679840115474e+01 -1.683718015696e+01 -1.687068941889e+01 -1.689973395293e+01 -1.692512707685e+01 -1.694765345599e+01 -1.696803973057e+01 -1.698693069511e+01 -1.700486875713e+01 -1.702227531067e+01 -1.703943444590e+01 -1.705648157613e+01 -1.707340133831e+01 -1.709003963270e+01 -1.710613327776e+01 -1.712135755219e+01 -1.713538783461e+01 -1.714796797180e+01 -1.715897564970e+01 -1.716847351126e+01 -1.717673360671e+01 -1.718422415583e+01 -1.719155750241e+01 -1.719942729081e+01 -1.720847712281e+01 -1.721940226516e+01 -1.723279194340e+01 -1.724918300013e+01 -1.726904033524e+01 -1.729264857413e+01 -1.732028267554e+01 -1.735203595929e+01 -1.738792395237e+01 -1.742788481032e+01 -1.747179484331e+01 -1.751948867944e+01 -1.757077267681e+01 -1.762544429756e+01 -1.768330630584e+01 -1.774416878857e+01 -1.780784237384e+01 -1.787413783318e+01 -1.794286917532e+01 -1.801385659195e+01 -1.808692819747e+01 -1.816192171906e+01 -1.823868543122e+01 -1.831707872334e+01 -1.839697254541e+01 -1.847825008780e+01 -1.856080795496e+01 -1.864455816751e+01 -1.872942889755e+01 -1.881535864046e+01 -1.890228956290e+01 -1.899016567524e+01 -1.907893274514e+01 -1.916853836363e+01 -1.925893201625e+01 -1.935006515271e+01 -1.944189125833e+01 -1.953436659333e+01 -1.962744675437e+01 -1.972109367700e+01
-1.092228143934e+01 -1.102329296942e+01 -1.112430490926e+01 -1.122531738914e+01 -1.132633058923e+01 -1.142734476448e+01 -1.152836028627e+01 -1.162937771572e+01 -1.173039794086e+01 -1.183142245419e+01 -1.193245397237e+01 -1.203349801779e+01 -1.213456780474e+01 -1.223570472325e+01 -1.233713427089e+01 -1.244815254080e+01 -1.262932081285e+01 -1.282763586737e+01 -1.304911975806e+01 -1.330755758102e+01 -1.362107174673e+01 -1.398891220579e+01 -1.435380315884e+01 -1.466426847759e+01 -1.492029726272e+01 -1.513645095093e+01 -1.532452387295e+01 -1.549240938957e+01 -1.564527333331e+01 -1.578643163300e+01 -1.591783368945e+01 -1.604041707185e+01 -1.615438060784e+01 -1.625949700681e+01 -1.635539079135e+01 -1.644176595008e+01 -1.651855879785e+01 -1.658600958004e+01 -1.664466199401e+01 -1.669531102977e+01 -1.673892367014e+01 -1.677655401570e+01 -1.680926704375e+01 -1.683807714575e+01 -1.686390152118e+01 -1.688752549438e+01 -1.690957663772e+01 -1.693050636874e+01 -1.695058034411e+01 -1.696988131957e+01 -1.698832906589e+01 -1.700572069171e+01 -1.702179134014e+01 -1.703629050598e+01 -1.704906422011e+01 -1.706012871189e+01 -1.706971756859e+01 -1.707828485016e+01 -1.708645781447e+01 -1.709496608510e+01 -1.710449915256e+01 -1.711579003765e+01 -1.712945934987e+01 -1.714606638121e+01 -1.716609187010e+01 -1.718983364338e+01 -1.721757397527e+01 -1.724941296863e+01 -1.728537081986e+01 -1.732538915591e+01 -1.736934692506e+01 -1.741708072591e+01 -1.746839844015e+01 -1.752309869029e+01 -1.758098514083e+01 -1.764186860644e+01 -1.770556031064e+01 -1.777187150479e+01 -1.784061658678e+01 -1.791161606294e+01 -1.798469830575e+01 -1.805970125401e+01 -1.813647335674e+01 -1.821487414783e+01 -1.829477469694e+01 -1.837605829315e+01 -1.845862162129e+01 -1.854237676581e+01 -1.862725195162e+01 -1.871318572353e+01 -1.880012029375e+01 -1.888799971299e+01 -1.897676978444e+01 -1.906637813051e+01 -1.915677426449e+01 -1.924790966076e+01 -1.933973782647e+01 -1.943221503941e+01 -1.952529691940e+01 -1.961894541164e+01
-1.035993360688e+01 -1.046094408314e+01 -1.056195466013e+01 -1.066296536571e+01 -1.076397623597e+01 -1.086498731795e+01 -1.096599867349e+01 -1.106701038471e+01 -1.116802256214e+01 -1.126903535692e+01 -1.137004898004e+01 -1.147106373361e+01 -1.157208006425e+01 -1.167309865948e+01 -1.177412063387e+01 -1.187514792090e+01 -1.197618419511e+01 -1.207723740508e+01 -1.217832853240e+01 -1.227953652826e+01 -1.238152570564e+01 -1.252528506823e+01 -1.271605912851e+01 -1.292660338378e+01 -1.316880008902e+01 -1.346352810108e+01 -1.383534397621e+01 -1.425516331587e+01 -1.462995624040e+01 -1.493206734119e+01 -1.517942464762e+01 -1.538942613471e+01 -1.557323497296e+01 -1.573760767371e+01 -1.588626752133e+01 -1.602118265397e+01 -1.614306395319e+01 -1.625212616667e+01 -1.634852749816e+01 -1.643265644851e+01 -1.650525204273e+01 -1.656739083914e+01 -1.662039080971e+01 -1.666568318632e+01 -1.670469035584e+01 -1.673872920953e+01 -1.676894385017e+01 -1.679626344468e+01 -1.682137974778e+01 -1.684474156925e+01 -1.686656714897e+01 -1.688687768246e+01 -1.690555473537e+01 -1.692242065581e+01 -1.693733483219e+01 -1.695029073870e+01 -1.696149101117e+01 -1.697137494778e+01 -1.698058363219e+01 -1.698988515102e+01 -1.700002144227e+01 -1.701177028826e+01 -1.702579043616e+01 -1.704266882560e+01 -1.706290583670e+01 -1.708681570957e+01 -1.711468987431e+01 -1.714663690900e+01 -1.718268286043e+01 -1.722277371099e+01 -1.726679172227e+01 -1.731457597053e+01 -1.736593625439e+01 -1.742067265718e+01 -1.747858997742e+01 -1.753949994688e+01 -1.760321453975e+01 -1.766954561259e+01 -1.773830805425e+01 -1.780932276806e+01 -1.788241845226e+01 -1.795743331275e+01 -1.803421601891e+01 -1.811262628705e+01 -1.819253533797e+01 -1.827382658543e+01 -1.835639681573e+01 -1.844015819396e+01 -1.852503901174e+01 -1.861097787629e+01 -1.869791705739e+01 -1.878580065670e+01 -1.887457452228e+01 -1.896418631621e+01 -1.905458558689e+01 -1.914572383979e+01 -1.923755460972e+01 -1.933003419664e+01 -1.942311824964e+01 -1.951676872611e+01
-9.893965910656e+00 -9.994976139426e+00 -1.009598640193e+01 -1.019699670719e+01 -1.029800706665e+01 -1.039901749494e+01 -1.050002801080e+01 -1.060103863828e+01 -1.070204940840e+01 -1.080306036148e+01 -1.090407155017e+01 -1.100508304400e+01 -1.110609493570e+01 -1.120710735083e+01 -1.130812046236e+01 -1.140913451398e+01 -1.151014985863e+01 -1.161116702575e+01 -1.171218684553e+01 -1.181321069658e+01 -1.191424104801e+01 -1.201528280550e+01 -1.211634730579e+01 -1.221746796165e+01 -1.231880315196e+01 -1.242213016280e+01 -1.259827353735e+01 -1.279813818503e+01 -1.302283371434e+01 -1.329017739344e+01 -1.363192849246e+01 -1.407260566593e+01 -1.452562547117e+01 -1.489237386218e+01 -1.518117376208e+01 -1.541785825345e+01 -1.561904067925e+01 -1.579399950057e+01 -1.594753257690e+01 -1.608215033560e+01 -1.619921469324e+01 -1.629987134435e+01 -1.638546180213e+01 -1.645764564882e+01 -1.651832581234e+01 -1.656948526334e+01 -1.661301840276e+01 -1.665060157678e+01 -1.668361393091e+01 -1.671310234256e+01 -1.673978090292e+01 -1.676405939866e+01 -1.678609988411e+01 -1.680590163634e+01 -1.682341078512e+01 -1.683864172741e+01 -1.685178527647e+01 -1.686326988606e+01 -1.687374962483e+01 -1.688403256443e+01 -1.689491937728e+01 -1.690724015855e+01 -1.692169954304e+01 -1.693891828178e+01 -1.695942098491e+01 -1.698354220630e+01 -1.701158480232e+01 -1.704366790668e+01 -1.707982487780e+01 -1.712000715087e+01 -1.716410114104e+01 -1.721194903510e+01 -1.726336304002e+01 -1.731814507594e+01 -1.737610136813e+01 -1.743704480291e+01 -1.750078830009e+01 -1.756714447897e+01 -1.763592884733e+01 -1.770696280917e+01 -1.778007547363e+01 -1.785510538359e+01 -1.793190148648e+01 -1.801032372885e+01 -1.809024352230e+01 -1.817154443791e+01 -1.825412339017e+01 -1.833789264594e+01 -1.842278058103e+01 -1.850872588152e+01 -1.859567088985e+01 -1.868355977204e+01 -1.877233843286e+01 -1.886195458446e+01 -1.895235781959e+01 -1.904349968304e+01 -1.913533374451e+01 -1.922781633202e+01 -1.932090313161e+01 -1.941455611608e+01
-9.504192939847e+00 -9.605203093070e+00 -9.706213260013e+00 -9.807223444295e+00 -9.908233650503e+00 -1.000924388445e+01 -1.011025415351e+01 -1.021126446707e+01 -1.031227483706e+01 -1.041328527874e+01 -1.051429581162e+01 -1.061530646081e+01 -1.071631725870e+01 -1.081732824740e+01 -1.091833948204e+01 -1.101935103542e+01 -1.112036300492e+01 -1.122137552261e+01 -1.132238877100e+01 -1.142340300812e+01 -1.152441860935e+01 -1.162543614099e+01 -1.172645649749e+01 -1.182748117818e+01 -1.192851290269e+01 -1.202955717196e+01 -1.213062704923e+01 -1.223176290561e+01 -1.233317794110e+01 -1.244180326315e+01 -1.262664072262e+01 -1.283115636629e+01 -1.306398593664e+01 -1.334724198602e+01 -1.372357460889e+01 -1.421954014170e+01 -1.469947493802e+01 -1.506821561725e+01 -1.535323616083e+01 -1.558410328559e+01 -1.577689662757e+01 -1.593977527248e+01 -1.607746853845e+01 -1.619298269664e+01 -1.628901449247e+01 -1.636832662781e+01 -1.643375581699e+01 -1.648804139811e+01 -1.653363493985e+01 -1.657256891093e+01 -1.660640040423e+01 -1.663621787545e+01 -1.666269578808e+01 -1.668618817269e+01 -1.670685555575e+01 -1.672481465542e+01 -1.674028645309e+01 -1.675370288026e+01 -1.676573228875e+01 -1.677722303664e+01 -1.678903975236e+01 -1.680207246695e+01 -1.681708030345e+01 -1.683472498772e+01 -1.685556081970e+01 -1.687994734950e+01 -1.690820164105e+01 -1.694045592129e+01 -1.697675265745e+01 -1.701705009281e+01 -1.706123983708e+01 -1.710916797443e+01 -1.716064973212e+01 -1.721548933632e+01 -1.727349480479e+01 -1.733448047549e+01 -1.739826045821e+01 -1.746464833255e+01 -1.753346038593e+01 -1.760451865321e+01 -1.767765276144e+01 -1.775270167842e+01 -1.782951470218e+01 -1.790795206969e+01 -1.798788543321e+01 -1.806919856240e+01 -1.815178853345e+01 -1.823556774164e+01 -1.832046466905e+01 -1.840641810124e+01 -1.849337047241e+01 -1.858126602981e+01 -1.867005074983e+01 -1.875967240786e+01 -1.885008065263e+01 -1.894122707860e+01 -1.903306529956e+01 -1.912555167895e+01 -1.921864194945e+01 -1.931229810339e+01
-9.174656756605e+00 -9.275666882155e+00 -9.376677014142e+00 -9.477687154256e+00 -9.578697304637e+00 -9.679707467987e+00 -9.780717647729e+00 -9.881727848194e+00 -9.982738074873e+00 -1.008374833473e+01 -1.018475863662e+01 -1.028576899180e+01 -1.038677941464e+01 -1.048778992354e+01 -1.058880054210e+01 -1.068981130077e+01 -1.079082223903e+01 -1.089183340847e+01 -1.099284487707e+01 -1.109385673539e+01 -1.119486910581e+01 -1.129588215653e+01 -1.139689612381e+01 -1.149791134859e+01 -1.159892833991e+01 -1.169994789125e+01 -1.180097131011e+01 -1.190200091411e+01 -1.200304124184e+01 -1.210410255574e+01 -1.220521400310e+01 -1.230650304156e+01 -1.240934113092e+01 -1.257694618185e+01 -1.277741022030e+01 -1.300356216590e+01 -1.327566445972e+01 -1.363672354214e+01 -1.414638438643e+01 -1.468800201174e+01 -1.509841487002e+01 -1.540335158657e+01 -1.564155988347e+01 -1.583319655027e+01 -1.598880334820e+01 -1.611500925661e+01 -1.621683275074e+01 -1.629876944616e+01 -1.636493732791e+01 -1.641895213018e+01 -1.646378378470e+01 -1.650169684316e+01 -1.653428277358e+01 -1.656256225809e+01 -1.658713771714e+01 -1.660838064067e+01 -1.662663022968e+01 -1.664236084235e+01 -1.665626521576e+01 -1.666923272907e+01 -1.668219562105e+01 -1.669611089585e+01 -1.671180127631e+01 -1.672997756349e+01 -1.675123012496e+01 -1.677594904464e+01 -1.680446896915e+01 -1.683693828322e+01 -1.687341075599e+01 -1.691385310187e+01 -1.695816340757e+01 -1.700619262823e+01 -1.705775977042e+01 -1.711267194962e+01 -1.717073943160e+01 -1.723177837665e+01 -1.729560438992e+01 -1.736203225871e+01 -1.743087925130e+01 -1.750196819679e+01 -1.757512937441e+01 -1.765020228721e+01 -1.772703667501e+01 -1.780549314086e+01 -1.788544364041e+01 -1.796677219366e+01 -1.804937608074e+01 -1.813316785892e+01 -1.821807614426e+01 -1.830403984778e+01 -1.839100151948e+01 -1.847890550911e+01 -1.856769788343e+01 -1.865732649767e+01 -1.874774107123e+01 -1.883889326126e+01 -1.893073673722e+01 -1.902322790730e+01 -1.911632256301e+01 -1.920998272141e+01
-8.892740460310e+00 -8.993750574187e+00 -9.094760691436e+00 -9.195770812942e+00 -9.296780939823e+00 -9.397791073489e+00 -9.498801215725e+00 -9.599811368785e+00 -9.700821535521e+00 -9.801831719543e+00 -9.902841925419e+00 -1.000385215894e+01 -1.010486242747e+01 -1.020587274034e+01 -1.030688310946e+01 -1.040789355001e+01 -1.050890408145e+01 -1.060991472876e+01 -1.071092552420e+01 -1.081193650968e+01 -1.091294774002e+01 -1.101395928764e+01 -1.111497124925e+01 -1.121598375599e+01 -1.131699698884e+01 -1.141801120333e+01 -1.151902677059e+01 -1.162004424932e+01 -1.172106451957e+01 -1.182208905135e+01 -1.192312049839e+01 -1.202416419234e+01 -1.212523266469e+01 -1.222636395041e+01 -1.232775072511e+01 -1.243261195818e+01 -1.261800014303e+01 -1.282400622631e+01 -1.305982770304e+01 -1.335112683227e+01 -1.375627802446e+01 -1.433628337041e+01 -1.488384135948e+01 -1.527195433804e+01 -1.555433039759e+01 -1.576900626075e+01 -1.593535902786e+01 -1.606486226369e+01 -1.616577232979e+01 -1.624474875084e+01 -1.630726831452e+01 -1.635766165906e+01 -1.639914941315e+01 -1.643396516310e+01 -1.646355393387e+01 -1.648881930465e+01 -1.651039228785e+01 -1.652888038331e+01 -1.654503516249e+01 -1.655979442485e+01 -1.657416101922e+01 -1.658916476537e+01 -1.660570102880e+01 -1.662453849974e+01 -1.664631087939e+01 -1.667144520458e+01 -1.670029774979e+01 -1.673303671051e+01 -1.676972980755e+01 -1.681035424963e+01 -1.685481616914e+01 -1.690297258965e+01 -1.695464723331e+01 -1.700965082673e+01 -1.706779644862e+01 -1.712890254238e+01 -1.719278658911e+01 -1.725926489255e+01 -1.732815595340e+01 -1.739928359932e+01 -1.747247892989e+01 -1.754758212166e+01 -1.762444347067e+01 -1.770292404086e+01 -1.778289617008e+01 -1.786424419370e+01 -1.794686564884e+01 -1.803067329689e+01 -1.811559592272e+01 -1.820157259550e+01 -1.828854601122e+01 -1.837646064891e+01 -1.846526268932e+01 -1.855490008839e+01 -1.864532265468e+01 -1.873648212446e+01 -1.882833223743e+01 -1.892082945829e+01 -1.901392965268e+01 -1.910759486900e+01
-8.648468208325e+00 -8.749478316688e+00 -8.850488426978e+00 -8.951498539700e+00 -9.052508655490e+00 -9.153518775155e+00 -9.254528899710e+00 -9.355539030440e+00 -9.456549168968e+00 -9.557559317344e+00 -9.658569478161e+00 -9.759579654701e+00 -9.860589851116e+00 -9.961600072669e+00 -1.006261032604e+01 -1.016362061969e+01 -1.026463096443e+01 -1.036564137401e+01 -1.046665186600e+01 -1.056766246298e+01 -1.066867319402e+01 -1.076968409676e+01 -1.087069522032e+01 -1.097170662927e+01 -1.107271840946e+01 -1.117373067650e+01 -1.127474358866e+01 -1.137575736719e+01 -1.147677232942e+01 -1.157778894543e+01 -1.167880794083e+01 -1.177983049607e+01 -1.188085866827e+01 -1.198189639191e+01 -1.208295225754e+01 -1.218404928837e+01 -1.228527677917e+01 -1.238743576493e+01 -1.253832394676e+01 -1.273626571192e+01 -1.295879548955e+01 -1.322527600958e+01 -1.358110151658e+01 -1.412292074510e+01 -1.475801215214e+01 -1.521320833636e+01 -1.552449061363e+01 -1.574818933127e+01 -1.591301423458e+01 -1.603585030540e+01 -1.612833396606e+01 -1.619905448025e+01 -1.625434172666e+01 -1.629867691628e+01 -1.633506993635e+01 -1.636545102578e+01 -1.639106536330e+01 -1.641284162375e+01 -1.643167914445e+01 -1.644859373127e+01 -1.646466607399e+01 -1.648100369558e+01 -1.649858282186e+01 -1.651823910399e+01 -1.654065756793e+01 -1.656630944583e+01 -1.659557740759e+01 -1.662865374044e+01 -1.666562327631e+01 -1.670647615311e+01 -1.675112844954e+01 -1.679944471914e+01 -1.685125454679e+01 -1.690637315815e+01 -1.696461714175e+01 -1.702580779424e+01 -1.708976494499e+01 -1.715630679822e+01 -1.722525340034e+01 -1.729642983259e+01 -1.736966822483e+01 -1.744480960003e+01 -1.752170495347e+01 -1.760021592884e+01 -1.768021534481e+01 -1.776158793372e+01 -1.784423155616e+01 -1.792805923050e+01 -1.801299995411e+01 -1.809899299526e+01 -1.818598123388e+01 -1.827390931193e+01 -1.836272355382e+01 -1.845237204246e+01 -1.854280469884e+01 -1.863397335896e+01 -1.872583185112e+01 -1.881833671137e+01 -1.891144389868e+01 -1.900511550115e+01
-8.433951904075e+00 -8.534962009583e+00 -8.635972116269e+00 -8.736982224442e+00 -8.837992334492e+00 -8.939002446910e+00 -9.040012562318e+00 -9.141022681499e+00 -9.242032805444e+00 -9.343042935404e+00 -9.444053072958e+00 -9.545063220105e+00 -9.646073379370e+00 -9.747083553946e+00 -9.848093747879e+00 -9.949103966292e+00 -1.005011421568e+01 -1.015112450430e+01 -1.025213484265e+01 -1.035314524410e+01 -1.045415572576e+01 -1.055516630956e+01 -1.065617702373e+01 -1.075718790483e+01 -1.085819900047e+01 -1.095921037322e+01 -1.106022210610e+01 -1.116123431075e+01 -1.126224713964e+01 -1.136326080535e+01 -1.146427561165e+01 -1.156529200662e+01 -1.166631067803e+01 -1.176733273668e+01 -1.186836009998e+01 -1.196939638718e+01 -1.207044934998e+01 -1.217153912597e+01 -1.227273917255e+01 -1.237462640000e+01 -1.251555844260e+01 -1.271148415080e+01 -1.293121677672e+01 -1.319272140601e+01 -1.353957332031e+01 -1.407881756655e+01 -1.475846319567e+01 -1.523817372976e+01 -1.554936689384e+01 -1.576128685624e+01 -1.590983214346e+01 -1.601627538122e+01 -1.609447945422e+01 -1.615369300303e+01 -1.619999900448e+01 -1.623728649627e+01 -1.626800131547e+01 -1.629375209230e+01 -1.631578133040e+01 -1.633526699000e+01 -1.635339328313e+01 -1.637135269339e+01 -1.639020922219e+01 -1.641087408206e+01 -1.643409197052e+01 -1.646038618305e+01 -1.649017127536e+01 -1.652366853122e+01 -1.656098359636e+01 -1.660212242615e+01 -1.664701332098e+01 -1.669553013035e+01 -1.674750969510e+01 -1.680277282381e+01 -1.686114046875e+01 -1.692243748093e+01 -1.698648662125e+01 -1.705310846996e+01 -1.712212500787e+01 -1.719336288670e+01 -1.726665552796e+01 -1.734184501648e+01 -1.741878322527e+01 -1.749733252611e+01 -1.757736634181e+01 -1.765876990362e+01 -1.774144147886e+01 -1.782529440898e+01 -1.791025795850e+01 -1.799627164612e+01 -1.808327858323e+01 -1.817122361691e+01 -1.826005325251e+01 -1.834971573282e+01 -1.844016112049e+01 -1.853134137719e+01 -1.862321044286e+01 -1.871572494354e+01 -1.880884095560e+01 -1.890252061746e+01
-8.242953712713e+00 -8.343963816626e+00 -8.444973921300e+00 -8.545984026933e+00 -8.646994133777e+00 -8.748004242149e+00 -8.849014352450e+00 -8.950024465185e+00 -9.051034580992e+00 -9.152044700679e+00 -9.253054825261e+00 -9.354064956026e+00 -9.455075094597e+00 -9.556085243028e+00 -9.657095403915e+00 -9.758105580542e+00 -9.859115777068e+00 -9.960125998760e+00 -1.006113625230e+01 -1.016214654618e+01 -1.026315689119e+01 -1.036416730111e+01 -1.046517779354e+01 -1.056618839107e+01 -1.066719912278e+01 -1.076821002636e+01 -1.086922115095e+01 -1.097023256118e+01 -1.107124434291e+01 -1.117225661178e+01 -1.127326952607e+01 -1.137428330697e+01 -1.147529827156e+01 -1.157631488941e+01 -1.167733388486e+01 -1.177835643536e+01 -1.187938459080e+01 -1.198042226620e+01 -1.208147799203e+01 -1.218257455350e+01 -1.228379973079e+01 -1.238593043797e+01 -1.253615193050e+01 -1.273485411452e+01 -1.295882220079e+01 -1.322868601009e+01 -1.359599786691e+01 -1.418854300220e+01 -1.488326228516e+01 -1.533210403425e+01 -1.560913454488e+01 -1.578830585141e+01 -1.590883722744e+01 -1.599339418403e+01 -1.605534889355e+01 -1.610270577032e+01 -1.614027107709e+01 -1.617099996817e+01 -1.619686386556e+01 -1.621940076269e+01 -1.623997597598e+01 -1.625988851464e+01 -1.628029720816e+01 -1.630219611131e+01 -1.632639763793e+01 -1.635348523220e+01 -1.638391145383e+01 -1.641793203295e+01 -1.645567766835e+01 -1.649717349462e+01 -1.654236271469e+01 -1.659113058028e+01 -1.664332286116e+01 -1.669876725910e+01 -1.675729012716e+01 -1.681872072639e+01 -1.688288546478e+01 -1.694960788410e+01 -1.701871237922e+01 -1.709002756452e+01 -1.716338847699e+01 -1.723863853073e+01 -1.731563069837e+01 -1.739422826438e+01 -1.747430540930e+01 -1.755574799044e+01 -1.763845478563e+01 -1.772233954198e+01 -1.780733185927e+01 -1.789337157067e+01 -1.798040207850e+01 -1.806836848778e+01 -1.815721753142e+01 -1.824689765340e+01 -1.833735909459e+01 -1.842855397486e+01 -1.852043637470e+01 -1.861296303364e+01 -1.870609017542e+01 -1.879978000230e+01
-8.070540110856e+00 -8.171550213821e+00 -8.272560317298e+00 -8.373570421421e+00 -8.474580526359e+00 -8.575590632326e+00 -8.676600739592e+00 -8.777610848496e+00 -8.878620959468e+00 -8.979631073051e+00 -9.080641189928e+00 -9.181651310965e+00 -9.282661437253e+00 -9.383671570171e+00 -9.484681711462e+00 -9.585691863328e+00 -9.686702028555e+00 -9.787712210668e+00 -9.888722414130e+00 -9.989732644598e+00 -1.009074290925e+01 -1.019175321721e+01 -1.029276358008e+01 -1.039377401270e+01 -1.049478453400e+01 -1.059579516835e+01 -1.069680594717e+01 -1.079781691122e+01 -1.089882811378e+01 -1.099983962513e+01 -1.110085153897e+01 -1.120186398207e+01 -1.130287712890e+01 -1.140389122499e+01 -1.150490662540e+01 -1.160592386179e+01 -1.170694376587e+01 -1.180796771452e+01 -1.190899816366e+01 -1.201003996478e+01 -1.211110423260e+01 -1.221222324425e+01 -1.231354510694e+01 -1.241671899753e+01 -1.259253117341e+01 -1.279803080366e+01 -1.303334439094e+01 -1.332603880799e+01 -1.375015934422e+01 -1.444888563266e+01 -1.508732669364e+01 -1.545561898418e+01 -1.567157062476e+01 -1.580596737245e+01 -1.589536743874e+01 -1.595878562339e+01 -1.600634809391e+01 -1.604372792112e+01 -1.607435310662e+01 -1.610052930496e+01 -1.612399975103e+01 -1.614623850614e+01 -1.616851466864e+01 -1.619191101838e+01 -1.621731445666e+01 -1.624537617680e+01 -1.627659323402e+01 -1.631126160409e+01 -1.634954173927e+01 -1.639148176663e+01 -1.643704288433e+01 -1.648612421549e+01 -1.653858243833e+01 -1.659425371167e+01 -1.665297103465e+01 -1.671456911247e+01 -1.677887887068e+01 -1.684572752824e+01 -1.691494248216e+01 -1.698635479184e+01 -1.705980150886e+01 -1.713512770691e+01 -1.721218773270e+01 -1.729084601212e+01 -1.737097767404e+01 -1.745246935969e+01 -1.753522048646e+01 -1.761914530972e+01 -1.770417384919e+01 -1.779024633218e+01 -1.787730652609e+01 -1.796529985976e+01 -1.805417335191e+01 -1.814387569927e+01 -1.823435736673e+01 -1.832557067302e+01 -1.841746987536e+01 -1.851001185619e+01 -1.860315302403e+01 -1.869685566212e+01
-7.912808277059e+00 -8.013818379431e+00 -8.114828482158e+00 -8.215838585336e+00 -8.316848689081e+00 -8.417858793543e+00 -8.518868898908e+00 -8.619879005414e+00 -8.720889113360e+00 -8.821899223123e+00 -8.922909335180e+00 -9.023919450131e+00 -9.124929568735e+00 -9.225939691953e+00 -9.326949820994e+00 -9.427959957388e+00 -9.528970103069e+00 -9.629980260481e+00 -9.730990432717e+00 -9.832000623690e+00 -9.933010838358e+00 -1.003402108301e+01 -1.013503136562e+01 -1.023604169635e+01 -1.033705208812e+01 -1.043806255746e+01 -1.053907312555e+01 -1.064008381964e+01 -1.074109467495e+01 -1.084210573736e+01 -1.094311706702e+01 -1.104412874364e+01 -1.114514087414e+01 -1.124615360419e+01 -1.134716713615e+01 -1.144818175796e+01 -1.154919789209e+01 -1.165021618252e+01 -1.175123766025e+01 -1.185226408431e+01 -1.195329872272e+01 -1.205434841564e+01 -1.215543029384e+01 -1.225660265482e+01 -1.235825350454e+01 -1.248686588972e+01 -1.268039905771e+01 -1.289726596735e+01 -1.315379700238e+01 -1.349255958950e+01 -1.403885298976e+01 -1.480822914710e+01 -1.529979223279e+01 -1.555993418341e+01 -1.570732366606e+01 -1.579976415246e+01 -1.586342586979e+01 -1.591052530914e+01 -1.594747230220e+01 -1.597811525759e+01 -1.600500564802e+01 -1.602998333151e+01 -1.605447959826e+01 -1.607967451608e+01 -1.610653397557e+01 -1.613578296445e+01 -1.616796939602e+01 -1.620343527604e+01 -1.624237578715e+01 -1.628486622221e+01 -1.633088924132e+01 -1.638036066790e+01 -1.643315038573e+01 -1.648910484636e+01 -1.654806516863e+01 -1.660987273552e+01 -1.667436403798e+01 -1.674137083876e+01 -1.681072425195e+01 -1.688225837083e+01 -1.695581275011e+01 -1.703123452837e+01 -1.710837976402e+01 -1.718711430623e+01 -1.726731446738e+01 -1.734886786778e+01 -1.743167472401e+01 -1.751564992675e+01 -1.760072402033e+01 -1.768683772488e+01 -1.777393526495e+01 -1.786196247514e+01 -1.795086673250e+01 -1.804059705075e+01 -1.813110417581e+01 -1.822234067601e+01 -1.831426103046e+01 -1.840682230142e+01 -1.849998112843e+01 -1.859369989759e+01
-7.766669647374e+00 -7.867679749358e+00 -7.968689851596e+00 -8.069699954156e+00 -8.170710057121e+00 -8.271720160599e+00 -8.372730264723e+00 -8.473740369662e+00 -8.574750475631e+00 -8.675760582898e+00 -8.776770691805e+00 -8.877780802780e+00 -8.978790916367e+00 -9.079801033249e+00 -9.180811154292e+00 -9.281821280588e+00 -9.382831413516e+00 -9.483841554819e+00 -9.584851706701e+00 -9.685861871948e+00 -9.786872054085e+00 -9.887882257578e+00 -9.988892488086e+00 -1.008990275279e+01 -1.019091306081e+01 -1.029192342376e+01 -1.039293385647e+01 -1.049394437789e+01 -1.059495501239e+01 -1.069596579139e+01 -1.079697675566e+01 -1.089798795850e+01 -1.099899947017e+01 -1.110001138438e+01 -1.120102382789e+01 -1.130203697515e+01 -1.140305107159e+01 -1.150406647213e+01 -1.160508370807e+01 -1.170610361037e+01 -1.180712755422e+01 -1.190815799146e+01 -1.200919976258e+01 -1.211026394693e+01 -1.221138266904e+01 -1.231270283769e+01 -1.241585787315e+01 -1.259150310894e+01 -1.279741046689e+01 -1.303355035365e+01 -1.332850537700e+01 -1.376249941938e+01 -1.450506547062e+01 -1.514087898038e+01 -1.545351135412e+01 -1.561231226368e+01 -1.570585225073e+01 -1.576873972421e+01 -1.581494878831e+01 -1.585146738508e+01 -1.588251067554e+01 -1.591066421992e+01 -1.593776368844e+01 -1.596509186855e+01 -1.599369651820e+01 -1.602437949142e+01 -1.605774493361e+01 -1.609418605707e+01 -1.613393768370e+01 -1.617710660660e+01 -1.622370068029e+01 -1.627365556894e+01 -1.632685695915e+01 -1.638316370298e+01 -1.644242674927e+01 -1.650449560612e+01 -1.656921357376e+01 -1.663641799571e+01 -1.670594456303e+01 -1.677763111487e+01 -1.685132030173e+01 -1.692686182052e+01 -1.700411385342e+01 -1.708294401782e+01 -1.716323009802e+01 -1.724486093311e+01 -1.732773773524e+01 -1.741177618669e+01 -1.749690748509e+01 -1.758307296492e+01 -1.767021742165e+01 -1.775828719711e+01 -1.784723011649e+01 -1.793699559022e+01 -1.802753471607e+01 -1.811880037501e+01 -1.821074732415e+01 -1.830333285172e+01 -1.839651388531e+01 -1.849025294165e+01
-7.629678632504e+00 -7.730688734224e+00 -7.831698836131e+00 -7.932708938272e+00 -8.033719040710e+00 -8.134729143521e+00 -8.235739246805e+00 -8.336749350683e+00 -8.437759455313e+00 -8.538769560891e+00 -8.639779667665e+00 -8.740789775949e+00 -8.841799886139e+00 -8.942809998734e+00 -9.043820114365e+00 -9.144830233829e+00 -9.245840358130e+00 -9.346850488539e+00 -9.447860626662e+00 -9.548870774525e+00 -9.649880934696e+00 -9.750891110417e+00 -9.851901305796e+00 -9.952911526038e+00 -1.005392177774e+01 -1.015493206929e+01 -1.025594241135e+01 -1.035695281752e+01 -1.045796330516e+01 -1.055897389658e+01 -1.065998462047e+01 -1.076099551400e+01 -1.086200662561e+01 -1.096301801896e+01 -1.106402977859e+01 -1.116504201821e+01 -1.126605489332e+01 -1.136706862086e+01 -1.146808351128e+01 -1.156910002327e+01 -1.167011886224e+01 -1.177114117059e+01 -1.187216892706e+01 -1.197320588469e+01 -1.207426013800e+01 -1.217535295335e+01 -1.227656362693e+01 -1.237854675572e+01 -1.252368374227e+01 -1.272189043506e+01 -1.294539614893e+01 -1.321500070565e+01 -1.358584824685e+01 -1.422417853486e+01 -1.497966044875e+01 -1.535234408202e+01 -1.552004391444e+01 -1.561291879867e+01 -1.567431701787e+01 -1.571947430735e+01 -1.575584289785e+01 -1.578779035736e+01 -1.581790204230e+01 -1.584772229216e+01 -1.587838911004e+01 -1.591078729568e+01 -1.594557306594e+01 -1.598319692997e+01 -1.602393762630e+01 -1.606793759209e+01 -1.611523366171e+01 -1.616578467367e+01 -1.621949495074e+01 -1.627623809486e+01 -1.633587681928e+01 -1.639827041800e+01 -1.646327045072e+01 -1.653072106368e+01 -1.660046354498e+01 -1.667234032994e+01 -1.674619787580e+01 -1.682188903229e+01 -1.689927460369e+01 -1.697822439393e+01 -1.705861800997e+01 -1.714034580184e+01 -1.722331021700e+01 -1.730742792030e+01 -1.739263091961e+01 -1.747886131234e+01 -1.756606460465e+01 -1.765418777046e+01 -1.774317919386e+01 -1.783298878033e+01 -1.792356806699e+01 -1.801487032539e+01 -1.810685066021e+01 -1.819946664301e+01 -1.829267555926e+01 -1.838644009177e+01
-7.499896998792e+00 -7.600907100329e+00 -7.701917202005e+00 -7.802927303854e+00 -7.903937405924e+00 -8.004947508271e+00 -8.105957610968e+00 -8.206967714107e+00 -8.307977817803e+00 -8.408987922203e+00 -8.509998027490e+00 -8.611008133898e+00 -8.712018241720e+00 -8.813028351327e+00 -8.914038463186e+00 -9.015048577887e+00 -9.116058696177e+00 -9.217068818997e+00 -9.318078947537e+00 -9.419089083297e+00 -9.520099228178e+00 -9.621109384580e+00 -9.722119555538e+00 -9.823129744895e+00 -9.924139957520e+00 -1.002515019958e+01 -1.012616047892e+01 -1.022717080549e+01 -1.032818119199e+01 -1.042919165462e+01 -1.053020221416e+01 -1.063121289732e+01 -1.073222373863e+01 -1.083323478300e+01 -1.093424608933e+01 -1.103525773554e+01 -1.113626982608e+01 -1.123728250304e+01 -1.133829596345e+01 -1.143931048709e+01 -1.154032648333e+01 -1.164134457402e+01 -1.174236575033e+01 -1.184339169353e+01 -1.194442550250e+01 -1.204547359006e+01 -1.214655173277e+01 -1.224771188278e+01 -1.234927328089e+01 -1.247142186776e+01 -1.266362825763e+01 -1.287881844688e+01 -1.313235111849e+01 -1.346558391556e+01 -1.400891621454e+01 -1.481876517437e+01 -1.525633670890e+01 -1.542970733327e+01 -1.552037032107e+01 -1.557989823412e+01 -1.562411388848e+01 -1.566081987615e+01 -1.569440867365e+01 -1.572709021877e+01 -1.576016155811e+01 -1.579457687743e+01 -1.583105376769e+01 -1.587009753007e+01 -1.591203362307e+01 -1.595704352622e+01 -1.600519653541e+01 -1.605647797077e+01 -1.611081372754e+01 -1.616809466991e+01 -1.622819738746e+01 -1.629099280972e+01 -1.635634240680e+01 -1.642409853902e+01 -1.649410928030e+01 -1.656622266166e+01 -1.664028978771e+01 -1.671616736790e+01 -1.679371942384e+01 -1.687281844774e+01 -1.695334629132e+01 -1.703519516808e+01 -1.711826905075e+01 -1.720248581787e+01 -1.728777847714e+01 -1.737409006891e+01 -1.746136698028e+01 -1.754955696992e+01 -1.763860911637e+01 -1.772847394075e+01 -1.781910352700e+01 -1.791045163311e+01 -1.800247379685e+01 -1.809512794435e+01 -1.818837180368e+01 -1.828216826885e+01
-7.375786394335e+00 -7.476796495742e+00 -7.577806597252e+00 -7.678816698893e+00 -7.779826800700e+00 -7.880836902715e+00 -7.981847004993e+00 -8.082857107603e+00 -8.183867210633e+00 -8.284877314191e+00 -8.385887418417e+00 -8.486897523485e+00 -8.587907629616e+00 -8.688917737088e+00 -8.789927846253e+00 -8.890937957555e+00 -8.991948071553e+00 -9.092958188955e+00 -9.193968310654e+00 -9.294978437778e+00 -9.395988571752e+00 -9.496998714376e+00 -9.598008867926e+00 -9.699019035281e+00 -9.800029220084e+00 -9.901039426948e+00 -1.000204966172e+01 -1.010305993182e+01 -1.020407024669e+01 -1.030508061833e+01 -1.040609106208e+01 -1.050710159756e+01 -1.060811225000e+01 -1.070912305197e+01 -1.081013404576e+01 -1.091114528670e+01 -1.101215684788e+01 -1.111316882692e+01 -1.121418135616e+01 -1.131519461824e+01 -1.141620887102e+01 -1.151722448900e+01 -1.161824203587e+01 -1.171926239946e+01 -1.182028706254e+01 -1.192131870134e+01 -1.202236269116e+01 -1.212343166075e+01 -1.222456391270e+01 -1.232595318377e+01 -1.243084502051e+01 -1.261811181503e+01 -1.282754322822e+01 -1.307021432135e+01 -1.337955099377e+01 -1.385689106994e+01 -1.466351811276e+01 -1.516523681780e+01 -1.534034253115e+01 -1.542779214294e+01 -1.548537206390e+01 -1.552900494484e+01 -1.556678440981e+01 -1.560270511640e+01 -1.563852115911e+01 -1.567527452346e+01 -1.571373642393e+01 -1.575446386122e+01 -1.579782916509e+01 -1.584405470518e+01 -1.589324487766e+01 -1.594541441113e+01 -1.600051358474e+01 -1.605845305372e+01 -1.611912547690e+01 -1.618241539525e+01 -1.624819600953e+01 -1.631632948200e+01 -1.638668156542e+01 -1.645907841967e+01 -1.653340539035e+01 -1.660951433377e+01 -1.668727318894e+01 -1.676655772948e+01 -1.684725255307e+01 -1.692925215680e+01 -1.701246238512e+01 -1.709680260685e+01 -1.718220705556e+01 -1.726861992998e+01 -1.735598870369e+01 -1.744426210486e+01 -1.753339007105e+01 -1.762332388570e+01 -1.771401631045e+01 -1.780542170668e+01 -1.789749614987e+01 -1.799019800849e+01 -1.808348555505e+01 -1.817732195214e+01
-7.256123064076e+00 -7.357133165387e+00 -7.458143266777e+00 -7.559153368267e+00 -7.660163469882e+00 -7.761173571655e+00 -7.862183673628e+00 -7.963193775854e+00 -8.064203878398e+00 -8.165213981343e+00 -8.266224084795e+00 -8.367234188887e+00 -8.468244293786e+00 -8.569254399703e+00 -8.670264506906e+00 -8.771274615731e+00 -8.872284726604e+00 -8.973294840060e+00 -9.074304956779e+00 -9.175315077615e+00 -9.276325203650e+00 -9.377335336247e+00 -9.478345477134e+00 -9.579355628489e+00 -9.680365793071e+00 -9.781375974368e+00 -9.882386176798e+00 -9.983396405961e+00 -1.008440666896e+01 -1.018541697482e+01 -1.028642733504e+01 -1.038743776427e+01 -1.048844828127e+01 -1.058945891013e+01 -1.069046968191e+01 -1.079148063692e+01 -1.089249182781e+01 -1.099350332399e+01 -1.109451521798e+01 -1.119552763480e+01 -1.129654074645e+01 -1.139755479461e+01 -1.149857012838e+01 -1.159958726951e+01 -1.170060703235e+01 -1.180163076115e+01 -1.190266084413e+01 -1.200370197324e+01 -1.210476480917e+01 -1.220587987922e+01 -1.230718305869e+01 -1.241015985710e+01 -1.258226463368e+01 -1.278743859482e+01 -1.302241626708e+01 -1.331553592147e+01 -1.374868973271e+01 -1.451933152015e+01 -1.507800074327e+01 -1.525115077354e+01 -1.533495436595e+01 -1.539077031403e+01 -1.543443787228e+01 -1.547408614810e+01 -1.551296834372e+01 -1.555237671540e+01 -1.559312849126e+01 -1.563582273832e+01 -1.568087457672e+01 -1.572854647078e+01 -1.577899028630e+01 -1.583221821084e+01 -1.588824122712e+01 -1.594698076516e+01 -1.600834766320e+01 -1.607224206009e+01 -1.613855080665e+01 -1.620714759177e+01 -1.627790583757e+01 -1.635066563748e+01 -1.642531316939e+01 -1.650170788654e+01 -1.657972245251e+01 -1.665923661068e+01 -1.674013828969e+01 -1.682232476289e+01 -1.690570415419e+01 -1.699019764857e+01 -1.707574097088e+01 -1.716227973218e+01 -1.724976273728e+01 -1.733813990504e+01 -1.742736222965e+01 -1.751738193333e+01 -1.760815261335e+01 -1.769962937590e+01 -1.779176896083e+01 -1.788453028644e+01 -1.797787229043e+01 -1.807175847686e+01
-7.139930030909e+00 -7.240940132150e+00 -7.341950233450e+00 -7.442960334827e+00 -7.543970436301e+00 -7.644980537895e+00 -7.745990639642e+00 -7.847000741583e+00 -7.948010843767e+00 -8.049020946258e+00 -8.150031049138e+00 -8.251041152507e+00 -8.352051256493e+00 -8.453061361260e+00 -8.554071467010e+00 -8.655081574002e+00 -8.756091682561e+00 -8.857101793097e+00 -8.958111906130e+00 -9.059122022313e+00 -9.160132142473e+00 -9.261142267654e+00 -9.362152399175e+00 -9.463162538700e+00 -9.564172688337e+00 -9.665182850747e+00 -9.766193029299e+00 -9.867203228258e+00 -9.968213453029e+00 -1.006922371047e+01 -1.017023400928e+01 -1.027124436056e+01 -1.037225477844e+01 -1.047326528099e+01 -1.057427589142e+01 -1.067528663963e+01 -1.077629756438e+01 -1.087730871625e+01 -1.097832016183e+01 -1.107933198969e+01 -1.118034431932e+01 -1.128135731457e+01 -1.138237120495e+01 -1.148338632052e+01 -1.158440315187e+01 -1.168542245947e+01 -1.178644548730e+01 -1.188747441910e+01 -1.198851347389e+01 -1.208957200187e+01 -1.219067568409e+01 -1.229192921098e+01 -1.239436142823e+01 -1.255378722453e+01 -1.275563246397e+01 -1.298494718716e+01 -1.326649212814e+01 -1.366916126314e+01 -1.439294277081e+01 -1.499427163559e+01 -1.516155584286e+01 -1.524177662347e+01 -1.529617325519e+01 -1.534074844494e+01 -1.538302526262e+01 -1.542538673514e+01 -1.546871208465e+01 -1.551366280304e+01 -1.556067379207e+01 -1.561004274805e+01 -1.566195124781e+01 -1.571645804109e+01 -1.577358754119e+01 -1.583328992808e+01 -1.589549600204e+01 -1.596012331231e+01 -1.602707425583e+01 -1.609623583269e+01 -1.616749075318e+01 -1.624069433934e+01 -1.631573491589e+01 -1.639248055048e+01 -1.647080953795e+01 -1.655060637164e+01 -1.663176297909e+01 -1.671417997589e+01 -1.679776823597e+01 -1.688245113732e+01 -1.696816620108e+01 -1.705486074411e+01 -1.714248518922e+01 -1.723099090694e+01 -1.732033018191e+01 -1.741045638487e+01 -1.750132413682e+01 -1.759288945770e+01 -1.768510990342e+01 -1.777794507245e+01 -1.787135470872e+01 -1.796530274982e+01
-7.026422992489e+00 -7.127433093677e+00 -7.228443194911e+00 -7.329453296204e+00 -7.430463397571e+00 -7.531473499031e+00 -7.632483600609e+00 -7.733493702335e+00 -7.834503804249e+00 -7.935513906400e+00 -8.036524008850e+00 -8.137534111677e+00 -8.238544214980e+00 -8.339554318883e+00 -8.440564423543e+00 -8.541574529160e+00 -8.642584635984e+00 -8.743594744330e+00 -8.844604854599e+00 -8.945614967293e+00 -9.046625083049e+00 -9.147635202670e+00 -9.248645327171e+00 -9.349655457832e+00 -9.450665596272e+00 -9.551675744537e+00 -9.652685905215e+00 -9.753696081578e+00 -9.854706277769e+00 -9.955716499038e+00 -1.005672675204e+01 -1.015773704525e+01 -1.025874738940e+01 -1.035975779823e+01 -1.046076828927e+01 -1.056177888503e+01 -1.066278961449e+01 -1.076380051518e+01 -1.086481163605e+01 -1.096582304147e+01 -1.106683481694e+01 -1.116784707760e+01 -1.126885998099e+01 -1.136987374721e+01 -1.147088869169e+01 -1.157190528132e+01 -1.167292423589e+01 -1.177394672464e+01 -1.187497478108e+01 -1.197601228380e+01 -1.207706766716e+01 -1.217816338747e+01 -1.227938540867e+01 -1.238148476950e+01 -1.253091646201e+01 -1.273005919667e+01 -1.295505790473e+01 -1.322798023637e+01 -1.360871923747e+01 -1.428587705094e+01 -1.491270697571e+01 -1.507124747643e+01 -1.514825922497e+01 -1.520187351448e+01 -1.524826246619e+01 -1.529378714704e+01 -1.533997011492e+01 -1.538745378129e+01 -1.543669829951e+01 -1.548802578043e+01 -1.554164371177e+01 -1.559765072462e+01 -1.565608916260e+01 -1.571693715873e+01 -1.578014660124e+01 -1.584565382609e+01 -1.591337846188e+01 -1.598322254071e+01 -1.605507980947e+01 -1.612882177237e+01 -1.620434066275e+01 -1.628151412658e+01 -1.636022707462e+01 -1.644036960737e+01 -1.652183839257e+01 -1.660453802114e+01 -1.668838264665e+01 -1.677329826536e+01 -1.685922453597e+01 -1.694611081124e+01 -1.703390946103e+01 -1.712257360960e+01 -1.721205710415e+01 -1.730231470887e+01 -1.739330228915e+01 -1.748497697741e+01 -1.757729732476e+01 -1.767022376591e+01 -1.776371701277e+01 -1.785774155165e+01
-6.914966950438e+00 -7.015977051585e+00 -7.116987152769e+00 -7.217997253997e+00 -7.319007355283e+00 -7.420017456642e+00 -7.521027558091e+00 -7.622037659656e+00 -7.723047761365e+00 -7.824057863258e+00 -7.925067965382e+00 -8.026078067798e+00 -8.127088170582e+00 -8.228098273831e+00 -8.329108377666e+00 -8.430118482240e+00 -8.531128587749e+00 -8.632138694435e+00 -8.733148802608e+00 -8.834158912658e+00 -8.935169025077e+00 -9.036179140485e+00 -9.137189259667e+00 -9.238199383613e+00 -9.339209513574e+00 -9.440219651131e+00 -9.541229798280e+00 -9.642239957547e+00 -9.743250132127e+00 -9.844260326064e+00 -9.945270544482e+00 -1.004628079388e+01 -1.014729108251e+01 -1.024830142087e+01 -1.034931182234e+01 -1.045032230402e+01 -1.055133288785e+01 -1.065234360207e+01 -1.075335448322e+01 -1.085436557895e+01 -1.095537695182e+01 -1.105638868488e+01 -1.115740088979e+01 -1.125841371909e+01 -1.135942738544e+01 -1.146044219279e+01 -1.156145858949e+01 -1.166247726387e+01 -1.176349932788e+01 -1.186452670136e+01 -1.196556300957e+01 -1.206661602129e+01 -1.216770593623e+01 -1.226890656691e+01 -1.237080006018e+01 -1.251229527681e+01 -1.270918148714e+01 -1.293077454799e+01 -1.319701334183e+01 -1.356124195278e+01 -1.419673220531e+01 -1.483200449920e+01 -1.498015287057e+01 -1.505448861042e+01 -1.510814892599e+01 -1.515720938923e+01 -1.520642314619e+01 -1.525667503677e+01 -1.530840954714e+01 -1.536195359135e+01 -1.541753123457e+01 -1.547527116963e+01 -1.553523555746e+01 -1.559742828989e+01 -1.566182241544e+01 -1.572837366175e+01 -1.579702010685e+01 -1.586768029702e+01 -1.594026076275e+01 -1.601464970800e+01 -1.609074540666e+01 -1.616843593975e+01 -1.624761385573e+01 -1.632817576628e+01 -1.641002387180e+01 -1.649306742267e+01 -1.657722442906e+01 -1.666242397039e+01 -1.674860821141e+01 -1.683572889904e+01 -1.692374071739e+01 -1.701259888585e+01 -1.710225912370e+01 -1.719267786877e+01 -1.728381248440e+01 -1.737562144500e+01 -1.746806450448e+01 -1.756110311792e+01 -1.765469914635e+01 -1.774881776735e+01
-6.805041193658e+00 -6.906051294774e+00 -7.007061395919e+00 -7.108071497099e+00 -7.209081598323e+00 -7.310091699604e+00 -7.411101800955e+00 -7.512111902396e+00 -7.613122003949e+00 -7.714132105645e+00 -7.815142207520e+00 -7.916152309622e+00 -8.017162412009e+00 -8.118172514757e+00 -8.219182617961e+00 -8.320192721739e+00 -8.421202826241e+00 -8.522212931659e+00 -8.623223038231e+00 -8.724233146260e+00 -8.825243256127e+00 -8.926253368316e+00 -9.027263483433e+00 -9.128273602248e+00 -9.229283725732e+00 -9.330293855108e+00 -9.431303991926e+00 -9.532314138143e+00 -9.633324296232e+00 -9.734334469323e+00 -9.835344661379e+00 -9.936354877417e+00 -1.003736512380e+01 -1.013837540862e+01 -1.023938574214e+01 -1.034039613747e+01 -1.044140661135e+01 -1.054241718523e+01 -1.064342788675e+01 -1.074443875164e+01 -1.084544982644e+01 -1.094646117226e+01 -1.104747287012e+01 -1.114848502884e+01 -1.124949779689e+01 -1.135051138088e+01 -1.145152607550e+01 -1.155254231431e+01 -1.165356076060e+01 -1.175458248126e+01 -1.185560930769e+01 -1.195664467086e+01 -1.205769583919e+01 -1.215878136697e+01 -1.225996670517e+01 -1.236172698723e+01 -1.249686927842e+01 -1.269182227773e+01 -1.291062529236e+01 -1.317147128361e+01 -1.352273480276e+01 -1.412225618788e+01 -1.475087174570e+01 -1.488835101813e+01 -1.496058650264e+01 -1.501528325962e+01 -1.506767764030e+01 -1.512085364886e+01 -1.517529012945e+01 -1.523128592479e+01 -1.528906409556e+01 -1.534876999073e+01 -1.541048324415e+01 -1.547422964414e+01 -1.554000199739e+01 -1.560777487802e+01 -1.567750524318e+01 -1.574912917606e+01 -1.582256753142e+01 -1.589772527098e+01 -1.597450899692e+01 -1.605281793025e+01 -1.613255325245e+01 -1.621361898806e+01 -1.629592367566e+01 -1.637938193125e+01 -1.646391622359e+01 -1.654945920296e+01 -1.663595591929e+01 -1.672336088358e+01 -1.681163148899e+01 -1.690072542416e+01 -1.699060062256e+01 -1.708121550758e+01 -1.717252922468e+01 -1.726450184891e+01 -1.735709457216e+01 -1.745027008246e+01 -1.754399158774e+01 -1.763822512980e+01
-6.696210736092e+00 -6.797220837185e+00 -6.898230938300e+00 -6.999241039442e+00 -7.100251140619e+00 -7.201261241840e+00 -7.302271343115e+00 -7.403281444460e+00 -7.504291545893e+00 -7.605301647437e+00 -7.706311749121e+00 -7.807321850980e+00 -7.908331953063e+00 -8.009342055426e+00 -8.110352158143e+00 -8.211362261308e+00 -8.312372365037e+00 -8.413382469477e+00 -8.514392574817e+00 -8.615402681290e+00 -8.716412789195e+00 -8.817422898905e+00 -8.918433010895e+00 -9.019443125763e+00 -9.120453244262e+00 -9.221463367347e+00 -9.322473496220e+00 -9.423483632402e+00 -9.524493777816e+00 -9.625503934891e+00 -9.726514106702e+00 -9.827524297137e+00 -9.928534511127e+00 -1.002954475492e+01 -1.013055503645e+01 -1.023156536582e+01 -1.033257575587e+01 -1.043358622303e+01 -1.053459678838e+01 -1.063560747899e+01 -1.073661832992e+01 -1.083762938678e+01 -1.093864070943e+01 -1.103965237719e+01 -1.114066449648e+01 -1.124167721235e+01 -1.134269072638e+01 -1.144370532558e+01 -1.154472143131e+01 -1.164573968646e+01 -1.174676112143e+01 -1.184778749682e+01 -1.194882209022e+01 -1.204987178182e+01 -1.215095388229e+01 -1.225212781036e+01 -1.235379741441e+01 -1.248381150714e+01 -1.267705687848e+01 -1.289347580062e+01 -1.314977943750e+01 -1.349037399236e+01 -1.405881608903e+01 -1.466822084069e+01 -1.479597293755e+01 -1.486673015356e+01 -1.492346226244e+01 -1.497961225641e+01 -1.503688286613e+01 -1.509551807400e+01 -1.515570914710e+01 -1.521759939620e+01 -1.528127817377e+01 -1.534678718359e+01 -1.541413573445e+01 -1.548331519094e+01 -1.555430067287e+01 -1.562704611547e+01 -1.570148777095e+01 -1.577754701005e+01 -1.585514086469e+01 -1.593418021369e+01 -1.601457575471e+01 -1.609623975506e+01 -1.617908785493e+01 -1.626304072007e+01 -1.634802587047e+01 -1.643398001113e+01 -1.652085144211e+01 -1.660859779301e+01 -1.669717956945e+01 -1.678655732293e+01 -1.687669156550e+01 -1.696754304150e+01 -1.705907298666e+01 -1.715124335932e+01 -1.724401704824e+01 -1.733735821319e+01 -1.743123161840e+01 -1.752560437412e+01
-6.588102690658e+00 -6.689112791733e+00 -6.790122892824e+00 -6.891132993937e+00 -6.992143095078e+00 -7.093153196252e+00 -7.194163297469e+00 -7.295173398740e+00 -7.396183500080e+00 -7.497193601506e+00 -7.598203703042e+00 -7.699213804714e+00 -7.800223906560e+00 -7.901234008625e+00 -8.002244110967e+00 -8.103254213657e+00 -8.204264316786e+00 -8.305274420471e+00 -8.406284524857e+00 -8.507294630127e+00 -8.608304736512e+00 -8.709314844305e+00 -8.810324953876e+00 -8.911335065689e+00 -9.012345180333e+00 -9.113355298550e+00 -9.214365421279e+00 -9.315375549702e+00 -9.416385685317e+00 -9.517395830015e+00 -9.618405986185e+00 -9.719416156851e+00 -9.820426345842e+00 -9.921436558004e+00 -1.002244679948e+01 -1.012345707809e+01 -1.022446740374e+01 -1.032547778908e+01 -1.042648825027e+01 -1.052749880800e+01 -1.062850948891e+01 -1.072952032742e+01 -1.083053136834e+01 -1.093154267042e+01 -1.103255431150e+01 -1.113356639590e+01 -1.123457906573e+01 -1.133559251820e+01 -1.143660703378e+01 -1.153762302345e+01 -1.163864111289e+01 -1.173966230206e+01 -1.184068829316e+01 -1.194172223888e+01 -1.204277070870e+01 -1.214385004105e+01 -1.224501512213e+01 -1.234661996793e+01 -1.247237354864e+01 -1.266413905861e+01 -1.287842273083e+01 -1.313071808405e+01 -1.346209698679e+01 -1.400311047340e+01 -1.458334527748e+01 -1.470312873484e+01 -1.477311971749e+01 -1.483272401373e+01 -1.489283665429e+01 -1.495422048867e+01 -1.501698616666e+01 -1.508125384558e+01 -1.514708602058e+01 -1.521455385689e+01 -1.528367032817e+01 -1.535443976891e+01 -1.542685325032e+01 -1.550088191940e+01 -1.557647777084e+01 -1.565357791088e+01 -1.573211133297e+01 -1.581200086591e+01 -1.589316739296e+01 -1.597553209726e+01 -1.605901837113e+01 -1.614355353471e+01 -1.622907069600e+01 -1.631551105871e+01 -1.640282649132e+01 -1.649097804278e+01 -1.657992971345e+01 -1.666964530982e+01 -1.676008829195e+01 -1.685122206979e+01 -1.694301028973e+01 -1.703541709026e+01 -1.712840733136e+01 -1.722194690344e+01 -1.731600234135e+01 -1.741054205602e+01
-6.480386370588e+00 -6.581396471649e+00 -6.682406572723e+00 -6.783416673813e+00 -6.884426774925e+00 -6.985436876063e+00 -7.086446977235e+00 -7.187457078449e+00 -7.288467179716e+00 -7.389477281051e+00 -7.490487382471e+00 -7.591497483998e+00 -7.692507585661e+00 -7.793517687494e+00 -7.894527789543e+00 -7.995537891864e+00 -8.096547994528e+00 -8.197558097626e+00 -8.298568201270e+00 -8.399578305604e+00 -8.500588410809e+00 -8.601598517112e+00 -8.702608624802e+00 -8.803618734242e+00 -8.904628845890e+00 -9.005638960327e+00 -9.106649078282e+00 -9.207659200679e+00 -9.308669328684e+00 -9.409679463771e+00 -9.510689607802e+00 -9.611699763130e+00 -9.712709932732e+00 -9.813720120378e+00 -9.914730330839e+00 -1.001574057017e+01 -1.011675084605e+01 -1.021776116825e+01 -1.031877154922e+01 -1.041978200486e+01 -1.052079255552e+01 -1.062180322742e+01 -1.072281405442e+01 -1.082382508057e+01 -1.092483636364e+01 -1.102584798008e+01 -1.112686003234e+01 -1.122787265985e+01 -1.132888605595e+01 -1.142990049525e+01 -1.153091637960e+01 -1.163193431967e+01 -1.173295528910e+01 -1.183398094026e+01 -1.193501432071e+01 -1.203606174294e+01 -1.213713875929e+01 -1.223829672019e+01 -1.233985322307e+01 -1.246206069747e+01 -1.265244763223e+01 -1.286472063875e+01 -1.311330144528e+01 -1.343631313386e+01 -1.395202137771e+01 -1.449598774484e+01 -1.460988173460e+01 -1.467991920650e+01 -1.474296104820e+01 -1.480708164032e+01 -1.487250720952e+01 -1.493927154112e+01 -1.500742828910e+01 -1.507702380738e+01 -1.514808083447e+01 -1.522061102630e+01 -1.529461743197e+01 -1.537008658769e+01 -1.544698567093e+01 -1.552526655677e+01 -1.560487088324e+01 -1.568573343576e+01 -1.576778563721e+01 -1.585095801269e+01 -1.593518216640e+01 -1.602039253206e+01 -1.610652823225e+01 -1.619353533079e+01 -1.628136950009e+01 -1.636999540730e+01 -1.645938086720e+01 -1.654949330266e+01 -1.664029947208e+01 -1.673176578426e+01 -1.682385861107e+01 -1.691654456720e+01 -1.700979076090e+01 -1.710356508084e+01 -1.719783604343e+01 -1.729257361157e+01
-6.372756169674e+00 -6.473766270723e+00 -6.574776371783e+00 -6.675786472856e+00 -6.776796573945e+00 -6.877806675055e+00 -6.978816776192e+00 -7.079826877361e+00 -7.180836978572e+00 -7.281847079835e+00 -7.382857181165e+00 -7.483867282579e+00 -7.584877384098e+00 -7.685887485751e+00 -7.786897587572e+00 -7.887907689605e+00 -7.988917791907e+00 -8.089927894546e+00 -8.190937997612e+00 -8.291948101217e+00 -8.392958205501e+00 -8.493968310642e+00 -8.594978416866e+00 -8.695988524455e+00 -8.796998633768e+00 -8.898008745256e+00 -8.999018859490e+00 -9.100028977190e+00 -9.201039099265e+00 -9.302049226864e+00 -9.403059361437e+00 -9.504069504819e+00 -9.605079659328e+00 -9.706089827895e+00 -9.807100014233e+00 -9.908110223041e+00 -1.000912046028e+01 -1.011013073351e+01 -1.021114105237e+01 -1.031215142909e+01 -1.041316187933e+01 -1.051417242313e+01 -1.061518308630e+01 -1.071619390214e+01 -1.081720491400e+01 -1.091821617869e+01 -1.101922777135e+01 -1.112023979267e+01 -1.122125237955e+01 -1.132226572170e+01 -1.142328008833e+01 -1.152429587290e+01 -1.162531367242e+01 -1.172633443692e+01 -1.182735977459e+01 -1.192839264123e+01 -1.202943912904e+01 -1.213051413208e+01 -1.223166613965e+01 -1.233318501087e+01 -1.245254625176e+01 -1.264144620142e+01 -1.285172931922e+01 -1.309669664626e+01 -1.341173390995e+01 -1.390357596858e+01 -1.440630081199e+01 -1.451626155495e+01 -1.458719590097e+01 -1.465395573948e+01 -1.472201528942e+01 -1.479134143283e+01 -1.486192017441e+01 -1.493377007780e+01 -1.500690762488e+01 -1.508134443424e+01 -1.515708971308e+01 -1.523414216201e+01 -1.531248264370e+01 -1.539207649260e+01 -1.547287776390e+01 -1.555483284409e+01 -1.563788365630e+01 -1.572197017071e+01 -1.580703240127e+01 -1.589301214599e+01 -1.597985480439e+01 -1.606751153638e+01 -1.615594193916e+01 -1.624511434357e+01 -1.633500058312e+01 -1.642557199176e+01 -1.651679892751e+01 -1.660865109350e+01 -1.670109787343e+01 -1.679410863323e+01 -1.688765299156e+01 -1.698170109492e+01 -1.707622363985e+01 -1.717119239556e+01
-6.264916505868e+00 -6.365926606909e+00 -6.466936707958e+00 -6.567946809017e+00 -6.668956910089e+00 -6.769967011177e+00 -6.870977112285e+00 -6.971987213419e+00 -7.072997314586e+00 -7.174007415794e+00 -7.275017517054e+00 -7.376027618379e+00 -7.477037719786e+00 -7.578047821297e+00 -7.679057922940e+00 -7.780068024749e+00 -7.881078126766e+00 -7.982088229047e+00 -8.083098331661e+00 -8.184108434695e+00 -8.285118538260e+00 -8.386128642493e+00 -8.487138747570e+00 -8.588148853713e+00 -8.689158961200e+00 -8.790169070383e+00 -8.891179181709e+00 -8.992189295737e+00 -9.093199413177e+00 -9.194209534925e+00 -9.295219662110e+00 -9.396229796161e+00 -9.497239938884e+00 -9.598250092560e+00 -9.699260260076e+00 -9.800270445084e+00 -9.901280652213e+00 -1.000229088733e+01 -1.010330115787e+01 -1.020431147332e+01 -1.030532184573e+01 -1.040633229050e+01 -1.050734282735e+01 -1.060835348166e+01 -1.070936428621e+01 -1.081037528362e+01 -1.091138652973e+01 -1.101239809842e+01 -1.111341008860e+01 -1.121442263471e+01 -1.131543592291e+01 -1.141645021717e+01 -1.151746590293e+01 -1.161848356423e+01 -1.171950412902e+01 -1.182052916467e+01 -1.192156154366e+01 -1.202260716198e+01 -1.212368034146e+01 -1.222482716843e+01 -1.232631552366e+01 -1.244319211953e+01 -1.263065179649e+01 -1.283887439681e+01 -1.308016720290e+01 -1.338726560377e+01 -1.385573105086e+01 -1.431468845498e+01 -1.442228740558e+01 -1.449489491054e+01 -1.456542306146e+01 -1.463727206451e+01 -1.471030837746e+01 -1.478448072198e+01 -1.485979368276e+01 -1.493624630556e+01 -1.501384650271e+01 -1.509260025486e+01 -1.517249973898e+01 -1.525352409424e+01 -1.533563265741e+01 -1.541878879521e+01 -1.550294242279e+01 -1.558804269631e+01 -1.567403793035e+01 -1.576087728443e+01 -1.584851249229e+01 -1.593689988675e+01 -1.602600297908e+01 -1.611579361511e+01 -1.620624767512e+01 -1.629734059206e+01 -1.638904654381e+01 -1.648133875661e+01 -1.657418985770e+01 -1.666757219475e+01 -1.676145812304e+01 -1.685582027765e+01 -1.695063171109e+01 -1.704586623493e+01
-6.156568340437e+00 -6.257578441471e+00 -6.358588542511e+00 -6.459598643559e+00 -6.560608744618e+00 -6.661618845689e+00 -6.762628946775e+00 -6.863639047882e+00 -6.964649149014e+00 -7.065659250179e+00 -7.166669351383e+00 -7.267679452639e+00 -7.368689553958e+00 -7.469699655359e+00 -7.570709756862e+00 -7.671719858494e+00 -7.772729960289e+00 -7.873740062290e+00 -7.974750164550e+00 -8.075760267137e+00 -8.176770370137e+00 -8.277780473659e+00 -8.378790577838e+00 -8.479800682848e+00 -8.580810788905e+00 -8.681820896283e+00 -8.782831005331e+00 -8.883841116484e+00 -8.984851230295e+00 -9.085861347460e+00 -9.186871468861e+00 -9.287881595609e+00 -9.388891729108e+00 -9.489901871134e+00 -9.590912023929e+00 -9.691922190333e+00 -9.792932373936e+00 -9.893942579289e+00 -9.994952812158e+00 -1.009596307986e+01 -1.019697339172e+01 -1.029798375957e+01 -1.039899419856e+01 -1.050000472807e+01 -1.060101537305e+01 -1.070202616569e+01 -1.080303714788e+01 -1.090404837446e+01 -1.100505991798e+01 -1.110607187553e+01 -1.120708437901e+01 -1.130809761099e+01 -1.140911183016e+01 -1.151012741389e+01 -1.161114493346e+01 -1.171216529518e+01 -1.181319002716e+01 -1.191422192303e+01 -1.201526669681e+01 -1.211633815305e+01 -1.221748028104e+01 -1.231894285959e+01 -1.243368463107e+01 -1.261960979318e+01 -1.282561710628e+01 -1.306303280641e+01 -1.336194120154e+01 -1.380691336541e+01 -1.422162432801e+01 -1.432797788902e+01 -1.440285768545e+01 -1.447704802816e+01 -1.455248013567e+01 -1.462898775241e+01 -1.470651654088e+01 -1.478504800710e+01 -1.486458013776e+01 -1.494511940718e+01 -1.502666600136e+01 -1.510920699306e+01 -1.519271701978e+01 -1.527716377406e+01 -1.536250816635e+01 -1.544870793536e+01 -1.553571927918e+01 -1.562349845121e+01 -1.571200335699e+01 -1.580119540608e+01 -1.589104188860e+01 -1.598151781434e+01 -1.607260289959e+01 -1.616427671711e+01 -1.625651737499e+01 -1.634930175802e+01 -1.644260588878e+01 -1.653640525928e+01 -1.663067513002e+01 -1.672539080457e+01 -1.682052879763e+01 -1.691606226341e+01
-6.047397029645e+00 -6.148407130674e+00 -6.249417231707e+00 -6.350427332747e+00 -6.451437433795e+00 -6.552447534852e+00 -6.653457635922e+00 -6.754467737007e+00 -6.855477838112e+00 -6.956487939242e+00 -7.057498040404e+00 -7.158508141605e+00 -7.259518242855e+00 -7.360528344169e+00 -7.461538445563e+00 -7.562548547057e+00 -7.663558648677e+00 -7.764568750458e+00 -7.865578852440e+00 -7.966588954677e+00 -8.067599057235e+00 -8.168609160198e+00 -8.269619263673e+00 -8.370629367794e+00 -8.471639472729e+00 -8.572649578692e+00 -8.673659685952e+00 -8.774669794850e+00 -8.875679905815e+00 -8.976690019388e+00 -9.077700136254e+00 -9.178710257276e+00 -9.279720383546e+00 -9.380730516441e+00 -9.481740657705e+00 -9.582750809538e+00 -9.683760974726e+00 -9.784771156794e+00 -9.885781360206e+00 -9.986791590622e+00 -1.008780185523e+01 -1.018881216315e+01 -1.028982252603e+01 -1.039083295871e+01 -1.049184348022e+01 -1.059285411501e+01 -1.069386489468e+01 -1.079487586030e+01 -1.089588706564e+01 -1.099689858182e+01 -1.109791050398e+01 -1.119892296134e+01 -1.129993613266e+01 -1.140095027109e+01 -1.150196574564e+01 -1.160298311441e+01 -1.170400326177e+01 -1.180502767646e+01 -1.190605907440e+01 -1.200710299397e+01 -1.210817275317e+01 -1.220931043875e+01 -1.231075033704e+01 -1.242369537401e+01 -1.260787357493e+01 -1.281143109054e+01 -1.304464114794e+01 -1.333487932316e+01 -1.375584030921e+01 -1.412751751421e+01 -1.423334259292e+01 -1.431086502366e+01 -1.438851593311e+01 -1.446728771517e+01 -1.454700970973e+01 -1.462763098867e+01 -1.470912702720e+01 -1.479149622537e+01 -1.487474199698e+01 -1.495885865998e+01 -1.504382978144e+01 -1.512963066442e+01 -1.521623057256e+01 -1.530359496158e+01 -1.539168724074e+01 -1.548047025658e+01 -1.556990772520e+01 -1.565996587703e+01 -1.575061555341e+01 -1.584183442451e+01 -1.593360554488e+01 -1.602591247948e+01 -1.611873724791e+01 -1.621206041693e+01 -1.630586145763e+01 -1.640011908224e+01 -1.649481154930e+01 -1.658991694129e+01 -1.668541376166e+01 -1.678127934341e+01
-5.937061548913e+00 -6.038071649938e+00 -6.139081750966e+00 -6.240091851999e+00 -6.341101953039e+00 -6.442112054085e+00 -6.543122155142e+00 -6.644132256210e+00 -6.745142357294e+00 -6.846152458397e+00 -6.947162559524e+00 -7.048172660683e+00 -7.149182761879e+00 -7.250192863125e+00 -7.351202964433e+00 -7.452213065818e+00 -7.553223167302e+00 -7.654233268909e+00 -7.755243370673e+00 -7.856253472635e+00 -7.957263574846e+00 -8.058273677371e+00 -8.159283780293e+00 -8.260293883716e+00 -8.361303987770e+00 -8.462314092622e+00 -8.563324198480e+00 -8.664334305608e+00 -8.765344414339e+00 -8.866354525093e+00 -8.967364638400e+00 -9.068374754929e+00 -9.169384875527e+00 -9.270395001261e+00 -9.371405133480e+00 -9.472415273890e+00 -9.573425424645e+00 -9.674435588472e+00 -9.775445768820e+00 -9.876455970059e+00 -9.977466197728e+00 -1.007847645886e+01 -1.017948676238e+01 -1.028049711969e+01 -1.038150754532e+01 -1.048251805787e+01 -1.058352868128e+01 -1.068453944645e+01 -1.078555039356e+01 -1.088656157520e+01 -1.098757306091e+01 -1.108858494368e+01 -1.118959734981e+01 -1.129061045389e+01 -1.139162450309e+01 -1.149263985745e+01 -1.159365706104e+01 -1.169467697515e+01 -1.179570104763e+01 -1.189673191501e+01 -1.199777493960e+01 -1.209884296417e+01 -1.219997628239e+01 -1.230139541268e+01 -1.241272123077e+01 -1.259498825644e+01 -1.279578531112e+01 -1.302434993382e+01 -1.330526378518e+01 -1.370149501801e+01 -1.403264662877e+01 -1.413836823075e+01 -1.421868107288e+01 -1.429953624252e+01 -1.438137103820e+01 -1.446403879090e+01 -1.454748312652e+01 -1.463168465643e+01 -1.471664279292e+01 -1.480235658662e+01 -1.488881738472e+01 -1.497600382139e+01 -1.506389567619e+01 -1.515246394147e+01 -1.524167841138e+01 -1.533150786430e+01 -1.542192132141e+01 -1.551288946085e+01 -1.560438640001e+01 -1.569639193134e+01 -1.578889166359e+01 -1.588187276961e+01 -1.597532102504e+01 -1.606922058507e+01 -1.616355431630e+01 -1.625830413099e+01 -1.635345129215e+01 -1.644897669126e+01 -1.654486119816e+01 -1.664108535676e+01
-5.825185465179e+00 -5.926195566200e+00 -6.027205667225e+00 -6.128215768253e+00 -6.229225869285e+00 -6.330235970324e+00 -6.431246071369e+00 -6.532256172425e+00 -6.633266273492e+00 -6.734276374574e+00 -6.835286475674e+00 -6.936296576799e+00 -7.037306677953e+00 -7.138316779146e+00 -7.239326880386e+00 -7.340336981686e+00 -7.441347083062e+00 -7.542357184534e+00 -7.643367286127e+00 -7.744377387872e+00 -7.845387489810e+00 -7.946397591992e+00 -8.047407694479e+00 -8.148417797354e+00 -8.249427900717e+00 -8.350438004697e+00 -8.451448109454e+00 -8.552458215192e+00 -8.653468322170e+00 -8.754478430710e+00 -8.855488541223e+00 -8.956498654227e+00 -9.057508770373e+00 -9.158518890488e+00 -9.259529015612e+00 -9.360539147062e+00 -9.461549286499e+00 -9.562559436027e+00 -9.663569598303e+00 -9.764579776693e+00 -9.865589975458e+00 -9.966600199999e+00 -1.006761045717e+01 -1.016862075570e+01 -1.026963110667e+01 -1.037064152426e+01 -1.047165202663e+01 -1.057266263709e+01 -1.067367338579e+01 -1.077468431187e+01 -1.087569546661e+01 -1.097670691775e+01 -1.107771875591e+01 -1.117873110407e+01 -1.127974413223e+01 -1.138075808091e+01 -1.148177330028e+01 -1.158279031915e+01 -1.168380997379e+01 -1.178483366841e+01 -1.188586395583e+01 -1.198690601621e+01 -1.208797221209e+01 -1.218910108689e+01 -1.229050047670e+01 -1.240038081694e+01 -1.258047848462e+01 -1.277813308766e+01 -1.300151868115e+01 -1.327234008130e+01 -1.364311852757e+01 -1.393715833345e+01 -1.404301423083e+01 -1.412608640347e+01 -1.420986067996e+01 -1.429447537110e+01 -1.437980505064e+01 -1.446580010254e+01 -1.455244611595e+01 -1.463974216519e+01 -1.472768346663e+01 -1.481625781823e+01 -1.490544741657e+01 -1.499523016312e+01 -1.508558138490e+01 -1.517647506856e+01 -1.526788496633e+01 -1.535978577542e+01 -1.545215460826e+01 -1.554497295802e+01 -1.563822802726e+01 -1.573190991485e+01 -1.582600785534e+01 -1.592050939210e+01 -1.601540063461e+01 -1.611066658189e+01 -1.620629142164e+01 -1.630225880327e+01 -1.639855210583e+01 -1.649515454785e+01
-5.711350420539e+00 -5.812360521558e+00 -5.913370622579e+00 -6.014380723603e+00 -6.115390824630e+00 -6.216400925662e+00 -6.317411026700e+00 -6.418421127745e+00 -6.519431228798e+00 -6.620441329864e+00 -6.721451430944e+00 -6.822461532042e+00 -6.923471633163e+00 -7.024481734313e+00 -7.125491835500e+00 -7.226501936734e+00 -7.327512038025e+00 -7.428522139391e+00 -7.529532240849e+00 -7.630542342425e+00 -7.731552444149e+00 -7.832562546061e+00 -7.933572648208e+00 -8.034582750653e+00 -8.135592853473e+00 -8.236602956768e+00 -8.337613060661e+00 -8.438623165309e+00 -8.539633270911e+00 -8.640643377714e+00 -8.741653486036e+00 -8.842663596273e+00 -8.943673708928e+00 -9.044683824635e+00 -9.145693944194e+00 -9.246704068618e+00 -9.347714199182e+00 -9.448724337503e+00 -9.549734485620e+00 -9.650744646116e+00 -9.751754822256e+00 -9.852765018178e+00 -9.953775239127e+00 -1.005478549176e+01 -1.015579578453e+01 -1.025680612823e+01 -1.035781653661e+01 -1.045882702728e+01 -1.055983762289e+01 -1.066084835268e+01 -1.076185925466e+01 -1.086287037856e+01 -1.096388179012e+01 -1.106489357722e+01 -1.116590585912e+01 -1.126691880063e+01 -1.136793263480e+01 -1.146894770078e+01 -1.156996451038e+01 -1.167098387238e+01 -1.177200714331e+01 -1.187303678578e+01 -1.197407778664e+01 -1.207514200963e+01 -1.217626623727e+01 -1.227764623650e+01 -1.238625116588e+01 -1.256384092653e+01 -1.275790794436e+01 -1.297551055960e+01 -1.323542584988e+01 -1.358020884389e+01 -1.384110462482e+01 -1.394722143608e+01 -1.403289854908e+01 -1.411929610778e+01 -1.420639862051e+01 -1.429410902625e+01 -1.438238455592e+01 -1.447121561945e+01 -1.456059995754e+01 -1.465053138268e+01 -1.474099366122e+01 -1.483197303727e+01 -1.492344850157e+01 -1.501539856494e+01 -1.510780114445e+01 -1.520063453550e+01 -1.529387859034e+01 -1.538751629467e+01 -1.548153557131e+01 -1.557592842969e+01 -1.567068709326e+01 -1.576580220706e+01 -1.586126289046e+01 -1.595705703784e+01 -1.605317160653e+01 -1.614959288083e+01 -1.624630671570e+01 -1.634329924760e+01
-5.595093296334e+00 -5.696103397351e+00 -5.797113498370e+00 -5.898123599390e+00 -5.999133700413e+00 -6.100143801440e+00 -6.201153902471e+00 -6.302164003508e+00 -6.403174104552e+00 -6.504184205604e+00 -6.605194306668e+00 -6.706204407745e+00 -6.807214508840e+00 -6.908224609958e+00 -7.009234711103e+00 -7.110244812284e+00 -7.211254913509e+00 -7.312265014791e+00 -7.413275116145e+00 -7.514285217588e+00 -7.615295319144e+00 -7.716305420844e+00 -7.817315522724e+00 -7.918325624832e+00 -8.019335727227e+00 -8.120345829986e+00 -8.221355933202e+00 -8.322366036995e+00 -8.423376141518e+00 -8.524386246961e+00 -8.625396353565e+00 -8.726406461635e+00 -8.827416571554e+00 -8.928426683808e+00 -9.029436799008e+00 -9.130446917928e+00 -9.231457041545e+00 -9.332467171091e+00 -9.433477308126e+00 -9.534487454619e+00 -9.635497613064e+00 -9.736507786615e+00 -9.837517979265e+00 -9.938528196078e+00 -1.003953844348e+01 -1.014054872964e+01 -1.024155906497e+01 -1.034256946273e+01 -1.044357993995e+01 -1.054459051847e+01 -1.064560122652e+01 -1.074661210078e+01 -1.084762318925e+01 -1.094863455534e+01 -1.104964628384e+01 -1.115065848976e+01 -1.125167133199e+01 -1.135268503516e+01 -1.145369992600e+01 -1.155471649727e+01 -1.165573552708e+01 -1.175675831930e+01 -1.185778723782e+01 -1.195882706075e+01 -1.205988912317e+01 -1.216100839355e+01 -1.226236883103e+01 -1.236986432345e+01 -1.254454252096e+01 -1.273452729475e+01 -1.294570450335e+01 -1.319393184363e+01 -1.351251652811e+01 -1.374448560943e+01 -1.385092714871e+01 -1.393898228592e+01 -1.402769909928e+01 -1.411700851424e+01 -1.420682451167e+01 -1.429711684108e+01 -1.438787936720e+01 -1.447910848213e+01 -1.457079571151e+01 -1.466292840888e+01 -1.475549087461e+01 -1.484846558199e+01 -1.494183411559e+01 -1.503557799982e+01 -1.512967962135e+01 -1.522412343873e+01 -1.531889763015e+01 -1.541399489643e+01 -1.550940970996e+01 -1.560513545598e+01 -1.570116397685e+01 -1.579748581563e+01 -1.589409048823e+01 -1.599096673493e+01 -1.608810275131e+01 -1.618548646551e+01
-5.475908568105e+00 -5.576918669120e+00 -5.677928770136e+00 -5.778938871154e+00 -5.879948972175e+00 -5.980959073197e+00 -6.081969174224e+00 -6.182979275254e+00 -6.283989376289e+00 -6.384999477332e+00 -6.486009578382e+00 -6.587019679444e+00 -6.688029780518e+00 -6.789039881610e+00 -6.890049982723e+00 -6.991060083863e+00 -7.092070185037e+00 -7.193080286253e+00 -7.294090387524e+00 -7.395100488864e+00 -7.496110590289e+00 -7.597120691823e+00 -7.698130793494e+00 -7.799140895339e+00 -7.900150997402e+00 -8.001161099740e+00 -8.102171202427e+00 -8.203181305553e+00 -8.304191409233e+00 -8.405201513612e+00 -8.506211618873e+00 -8.607221725248e+00 -8.708231833029e+00 -8.809241942583e+00 -8.910252054376e+00 -9.011262168995e+00 -9.112272287182e+00 -9.213282409873e+00 -9.314292538250e+00 -9.415302673809e+00 -9.516312818440e+00 -9.617322974533e+00 -9.718333145111e+00 -9.819343334007e+00 -9.920353546076e+00 -1.002136378748e+01 -1.012237406605e+01 -1.022338439177e+01 -1.032439477737e+01 -1.042540523916e+01 -1.052641579808e+01 -1.062742648122e+01 -1.072843732371e+01 -1.082944837157e+01 -1.093045968559e+01 -1.103147134700e+01 -1.113248346600e+01 -1.123349619477e+01 -1.133450974838e+01 -1.143552443953e+01 -1.153654073961e+01 -1.163755939244e+01 -1.173858164333e+01 -1.183960974738e+01 -1.194064825518e+01 -1.204170793445e+01 -1.214282185409e+01 -1.224416217067e+01 -1.235057891633e+01 -1.252202581472e+01 -1.270740490579e+01 -1.291146572981e+01 -1.314738859791e+01 -1.344002846870e+01 -1.364728551035e+01 -1.375408012783e+01 -1.384425218684e+01 -1.393500086473e+01 -1.402623821318e+01 -1.411789588256e+01 -1.420995213367e+01 -1.430240290839e+01 -1.439524394195e+01 -1.448846603389e+01 -1.458205796222e+01 -1.467600556813e+01 -1.477029371527e+01 -1.486490685636e+01 -1.495982976550e+01 -1.505504844629e+01 -1.515055138340e+01 -1.524633098799e+01 -1.534238286589e+01 -1.543870265558e+01 -1.553528460509e+01 -1.563212162912e+01 -1.572920555714e+01 -1.582652737024e+01 -1.592407741900e+01 -1.602184562775e+01
-5.353257489893e+00 -5.454267590907e+00 -5.555277691922e+00 -5.656287792938e+00 -5.757297893955e+00 -5.858307994975e+00 -5.959318095997e+00 -6.060328197023e+00 -6.161338298052e+00 -6.262348399086e+00 -6.363358500127e+00 -6.464368601176e+00 -6.565378702234e+00 -6.666388803306e+00 -6.767398904394e+00 -6.868409005502e+00 -6.969419106635e+00 -7.070429207801e+00 -7.171439309008e+00 -7.272449410266e+00 -7.373459511589e+00 -7.474469612994e+00 -7.575479714503e+00 -7.676489816142e+00 -7.777499917946e+00 -7.878510019958e+00 -7.979520122232e+00 -8.080530224837e+00 -8.181540327860e+00 -8.282550431410e+00 -8.383560535626e+00 -8.484570640681e+00 -8.585580746795e+00 -8.686590854247e+00 -8.787600963386e+00 -8.888611074655e+00 -8.989621188613e+00 -9.090631305965e+00 -9.191641427602e+00 -9.292651554650e+00 -9.393661688530e+00 -9.494671831042e+00 -9.595681984457e+00 -9.696692151655e+00 -9.797702336280e+00 -9.898712542950e+00 -9.999722777530e+00 -1.010073304747e+01 -1.020174336226e+01 -1.030275373402e+01 -1.040376417826e+01 -1.050477471490e+01 -1.060578536970e+01 -1.070679617608e+01 -1.080780717779e+01 -1.090881843264e+01 -1.100983001786e+01 -1.111084203818e+01 -1.121185463823e+01 -1.131286802231e+01 -1.141388248738e+01 -1.151489848087e+01 -1.161591670836e+01 -1.171693835020e+01 -1.181796554155e+01 -1.191900258443e+01 -1.202005963465e+01 -1.212116775449e+01 -1.222248713098e+01 -1.232799152011e+01 -1.249572255917e+01 -1.267597238521e+01 -1.287236881224e+01 -1.309547265872e+01 -1.336293580393e+01 -1.354949505942e+01 -1.365664955420e+01 -1.374866959128e+01 -1.384117501611e+01 -1.393407983065e+01 -1.402733074029e+01 -1.412091277954e+01 -1.421482304830e+01 -1.430905837067e+01 -1.440360593607e+01 -1.449845981083e+01 -1.459360631974e+01 -1.468903261210e+01 -1.478472574434e+01 -1.488067335943e+01 -1.497686458670e+01 -1.507329130049e+01 -1.516994895378e+01 -1.526683465038e+01 -1.536394468863e+01 -1.546127406789e+01 -1.555881667237e+01 -1.565656549105e+01 -1.575451282133e+01 -1.585265045620e+01
-5.226585456946e+00 -5.327595557958e+00 -5.428605658972e+00 -5.529615759987e+00 -5.630625861002e+00 -5.731635962020e+00 -5.832646063039e+00 -5.933656164060e+00 -6.034666265085e+00 -6.135676366113e+00 -6.236686467146e+00 -6.337696568185e+00 -6.438706669231e+00 -6.539716770287e+00 -6.640726871355e+00 -6.741736972439e+00 -6.842747073541e+00 -6.943757174667e+00 -7.044767275824e+00 -7.145777377020e+00 -7.246787478264e+00 -7.347797579569e+00 -7.448807680952e+00 -7.549817782432e+00 -7.650827884035e+00 -7.751837985793e+00 -7.852848087747e+00 -7.953858189949e+00 -8.054868292463e+00 -8.155878395370e+00 -8.256888498775e+00 -8.357898602806e+00 -8.458908707629e+00 -8.559918813450e+00 -8.660928920532e+00 -8.761939029205e+00 -8.862949139886e+00 -8.963959253101e+00 -9.064969369515e+00 -9.165979489969e+00 -9.266989615523e+00 -9.367999747517e+00 -9.469009887647e+00 -9.570020038055e+00 -9.671030201455e+00 -9.772040381281e+00 -9.873050581888e+00 -9.974060808802e+00 -1.007507106905e+01 -1.017608137157e+01 -1.027709172778e+01 -1.037810215231e+01 -1.047911266393e+01 -1.058012328690e+01 -1.068113405274e+01 -1.078214500265e+01 -1.088315619110e+01 -1.098416769083e+01 -1.108517960049e+01 -1.118619205625e+01 -1.128720525043e+01 -1.138821946247e+01 -1.148923511322e+01 -1.159025286596e+01 -1.169127382949e+01 -1.179230000754e+01 -1.189333543167e+01 -1.199438959899e+01 -1.209549144868e+01 -1.219678893956e+01 -1.230142349298e+01 -1.246507602367e+01 -1.263970855939e+01 -1.282795941958e+01 -1.303802574515e+01 -1.328158747724e+01 -1.345112038060e+01 -1.355862783038e+01 -1.365223582659e+01 -1.374624307239e+01 -1.384057451419e+01 -1.393518909416e+01 -1.403007684150e+01 -1.412523552985e+01 -1.422066057686e+01 -1.431634465326e+01 -1.441227851709e+01 -1.450845185418e+01 -1.460485391306e+01 -1.470147405630e+01 -1.479830240282e+01 -1.489533071272e+01 -1.499255354601e+01 -1.508996826652e+01 -1.518757270840e+01 -1.528536366439e+01 -1.538333681535e+01 -1.548148692171e+01 -1.557980801260e+01 -1.567829355960e+01
-5.095347986311e+00 -5.196358087323e+00 -5.297368188336e+00 -5.398378289349e+00 -5.499388390364e+00 -5.600398491379e+00 -5.701408592396e+00 -5.802418693414e+00 -5.903428794435e+00 -6.004438895459e+00 -6.105448996486e+00 -6.206459097517e+00 -6.307469198554e+00 -6.408479299598e+00 -6.509489400651e+00 -6.610499501715e+00 -6.711509602793e+00 -6.812519703889e+00 -6.913529805008e+00 -7.014539906155e+00 -7.115550007338e+00 -7.216560108566e+00 -7.317570209852e+00 -7.418580311209e+00 -7.519590412658e+00 -7.620600514221e+00 -7.721610615929e+00 -7.822620717820e+00 -7.923630819941e+00 -8.024640922354e+00 -8.125651025134e+00 -8.226661128377e+00 -8.327671232205e+00 -8.428681336772e+00 -8.529691442269e+00 -8.630701548943e+00 -8.731711657100e+00 -8.832721767130e+00 -8.933731879525e+00 -9.034741994903e+00 -9.135752114049e+00 -9.236762237951e+00 -9.337772367861e+00 -9.438782505360e+00 -9.539792652445e+00 -9.640802811648e+00 -9.741812986171e+00 -9.842823180077e+00 -9.943833398520e+00 -1.004484364805e+01 -1.014585393701e+01 -1.024686427605e+01 -1.034787467879e+01 -1.044888516277e+01 -1.054989575060e+01 -1.065090647165e+01 -1.075191736435e+01 -1.085292847948e+01 -1.095393988485e+01 -1.105495167238e+01 -1.115596396897e+01 -1.125697695377e+01 -1.135799088701e+01 -1.145900616045e+01 -1.156002339121e+01 -1.166104361022e+01 -1.176206867879e+01 -1.186310233716e+01 -1.196415337887e+01 -1.206524850768e+01 -1.216652318392e+01 -1.227034363462e+01 -1.242957109339e+01 -1.259817371197e+01 -1.277795368554e+01 -1.297506126688e+01 -1.319643573206e+01 -1.335218387994e+01 -1.346002865820e+01 -1.355498342155e+01 -1.365026109829e+01 -1.374580066977e+01 -1.384157059201e+01 -1.393756438393e+01 -1.403378028345e+01 -1.413021405438e+01 -1.422685937495e+01 -1.432370835094e+01 -1.442075234237e+01 -1.451798246557e+01 -1.461539007872e+01 -1.471296738732e+01 -1.481070829762e+01 -1.490860934121e+01 -1.500666895905e+01 -1.510488538175e+01 -1.520325583515e+01 -1.530177662061e+01 -1.540044328621e+01 -1.549925078733e+01
-4.959044144890e+00 -5.060054245901e+00 -5.161064346913e+00 -5.262074447926e+00 -5.363084548939e+00 -5.464094649953e+00 -5.565104750968e+00 -5.666114851984e+00 -5.767124953002e+00 -5.868135054022e+00 -5.969145155044e+00 -6.070155256070e+00 -6.171165357100e+00 -6.272175458135e+00 -6.373185559176e+00 -6.474195660226e+00 -6.575205761285e+00 -6.676215862358e+00 -6.777225963448e+00 -6.878236064558e+00 -6.979246165694e+00 -7.080256266864e+00 -7.181266368075e+00 -7.282276469339e+00 -7.383286570669e+00 -7.484296672084e+00 -7.585306773604e+00 -7.686316875257e+00 -7.787326977079e+00 -7.888337079114e+00 -7.989347181417e+00 -8.090357284058e+00 -8.191367387127e+00 -8.292377490735e+00 -8.393387595023e+00 -8.494397700171e+00 -8.595407806402e+00 -8.696417914001e+00 -8.797428023326e+00 -8.898438134830e+00 -8.999448249086e+00 -9.100458366815e+00 -9.201468488928e+00 -9.302478616580e+00 -9.403488751227e+00 -9.504498894712e+00 -9.605509049367e+00 -9.706519218146e+00 -9.807529404792e+00 -9.908539614056e+00 -1.000954985198e+01 -1.011056012625e+01 -1.021157044668e+01 -1.031258082583e+01 -1.041359127987e+01 -1.051460182962e+01 -1.061561250216e+01 -1.071662333292e+01 -1.081763436866e+01 -1.091864567187e+01 -1.101965732722e+01 -1.112066945159e+01 -1.122168220993e+01 -1.132269584180e+01 -1.142371070767e+01 -1.152472737514e+01 -1.162574679180e+01 -1.172677066704e+01 -1.182780243182e+01 -1.192885013796e+01 -1.202993816006e+01 -1.213118925622e+01 -1.223436543085e+01 -1.238876929677e+01 -1.255104373211e+01 -1.272222174924e+01 -1.290675529157e+01 -1.310798210243e+01 -1.325272077578e+01 -1.336088250204e+01 -1.345696684642e+01 -1.355330890062e+01 -1.364986188110e+01 -1.374660137292e+01 -1.384352324387e+01 -1.394062614109e+01 -1.403790613064e+01 -1.413535806963e+01 -1.423297527101e+01 -1.433075058955e+01 -1.442867676093e+01 -1.452674683320e+01 -1.462495472964e+01 -1.472329604528e+01 -1.482176865385e+01 -1.492037156739e+01 -1.501910328557e+01 -1.511796142970e+01 -1.521694286193e+01 -1.531604383189e+01
-4.817254143843e+00 -4.918264244854e+00 -5.019274345866e+00 -5.120284446877e+00 -5.221294547890e+00 -5.322304648903e+00 -5.423314749916e+00 -5.524324850931e+00 -5.625334951946e+00 -5.726345052964e+00 -5.827355153983e+00 -5.928365255004e+00 -6.029375356028e+00 -6.130385457056e+00 -6.231395558089e+00 -6.332405659127e+00 -6.433415760173e+00 -6.534425861229e+00 -6.635435962296e+00 -6.736446063379e+00 -6.837456164480e+00 -6.938466265605e+00 -7.039476366760e+00 -7.140486467953e+00 -7.241496569194e+00 -7.342506670496e+00 -7.443516771874e+00 -7.544526873348e+00 -7.645536974944e+00 -7.746547076693e+00 -7.847557178635e+00 -7.948567280822e+00 -8.049577383317e+00 -8.150587486201e+00 -8.251597589576e+00 -8.352607693570e+00 -8.453617798346e+00 -8.554627904108e+00 -8.655638011115e+00 -8.756648119694e+00 -8.857658230256e+00 -8.958668343322e+00 -9.059678459549e+00 -9.160688579768e+00 -9.261698705028e+00 -9.362708836654e+00 -9.463718976325e+00 -9.564729126162e+00 -9.665739288855e+00 -9.766749467810e+00 -9.867759667352e+00 -9.968769892977e+00 -1.006978015168e+01 -1.017079045240e+01 -1.027180080657e+01 -1.037281122889e+01 -1.047382173832e+01 -1.057483235949e+01 -1.067584312465e+01 -1.077685407633e+01 -1.087786527138e+01 -1.097887678683e+01 -1.107988872895e+01 -1.118090124774e+01 -1.128191456093e+01 -1.138292899608e+01 -1.148394506872e+01 -1.158496363900e+01 -1.168598625742e+01 -1.178701603258e+01 -1.188806024771e+01 -1.198914088695e+01 -1.209036794021e+01 -1.219296366899e+01 -1.234234393064e+01 -1.249813804790e+01 -1.266079710735e+01 -1.283342267822e+01 -1.301673150065e+01 -1.315277432933e+01 -1.326123121022e+01 -1.335825206315e+01 -1.345548008952e+01 -1.355287580204e+01 -1.365042191303e+01 -1.374811583089e+01 -1.384595664161e+01 -1.394394046469e+01 -1.404206354677e+01 -1.414032018206e+01 -1.423870452146e+01 -1.433721067489e+01 -1.443583309389e+01 -1.453456708533e+01 -1.463340952404e+01 -1.473235914182e+01 -1.483141525336e+01 -1.493057657763e+01 -1.502984109626e+01 -1.512920617203e+01
-4.669675783765e+00 -4.770685884776e+00 -4.871695985787e+00 -4.972706086798e+00 -5.073716187810e+00 -5.174726288822e+00 -5.275736389835e+00 -5.376746490848e+00 -5.477756591862e+00 -5.578766692877e+00 -5.679776793894e+00 -5.780786894912e+00 -5.881796995932e+00 -5.982807096955e+00 -6.083817197981e+00 -6.184827299011e+00 -6.285837400047e+00 -6.386847501089e+00 -6.487857602140e+00 -6.588867703202e+00 -6.689877804277e+00 -6.790887905369e+00 -6.891898006482e+00 -6.992908107622e+00 -7.093918208797e+00 -7.194928310014e+00 -7.295938411286e+00 -7.396948512627e+00 -7.497958614053e+00 -7.598968715589e+00 -7.699978817263e+00 -7.800988919111e+00 -7.901999021178e+00 -8.003009123521e+00 -8.104019226214e+00 -8.205029329348e+00 -8.306039433037e+00 -8.407049537429e+00 -8.508059642707e+00 -8.609069749102e+00 -8.710079856909e+00 -8.811089966497e+00 -8.912100078334e+00 -9.013110193010e+00 -9.114120311270e+00 -9.215130434056e+00 -9.316140562560e+00 -9.417150698288e+00 -9.518160843147e+00 -9.619170999549e+00 -9.720181170555e+00 -9.821191360048e+00 -9.922201572963e+00 -1.002321181559e+01 -1.012422209593e+01 -1.022523242428e+01 -1.032624281382e+01 -1.042725328157e+01 -1.052826384967e+01 -1.062927454703e+01 -1.073028541187e+01 -1.083129649519e+01 -1.093230786612e+01 -1.103331962004e+01 -1.113433189149e+01 -1.123534487578e+01 -1.133635886659e+01 -1.143737432596e+01 -1.153839202440e+01 -1.163941334982e+01 -1.174044108200e+01 -1.184148172384e+01 -1.194255485165e+01 -1.204375781489e+01 -1.214617494560e+01 -1.229010918719e+01 -1.243943553904e+01 -1.259386990186e+01 -1.275548244903e+01 -1.292315881154e+01 -1.305239150125e+01 -1.316112295443e+01 -1.325891647646e+01 -1.335687377840e+01 -1.345496487044e+01 -1.355317682041e+01 -1.365150802849e+01 -1.374995807525e+01 -1.384852280175e+01 -1.394720004869e+01 -1.404598483755e+01 -1.414487241843e+01 -1.424385804737e+01 -1.434293732235e+01 -1.444210664336e+01 -1.454136382199e+01 -1.464070811428e+01 -1.474013900615e+01 -1.483965540994e+01 -1.493925563078e+01
-4.516153328488e+00 -4.617163429499e+00 -4.718173530510e+00 -4.819183631521e+00 -4.920193732532e+00 -5.021203833543e+00 -5.122213934555e+00 -5.223224035568e+00 -5.324234136581e+00 -5.425244237594e+00 -5.526254338609e+00 -5.627264439624e+00 -5.728274540642e+00 -5.829284641661e+00 -5.930294742682e+00 -6.031304843706e+00 -6.132314944734e+00 -6.233325045767e+00 -6.334335146806e+00 -6.435345247852e+00 -6.536355348908e+00 -6.637365449975e+00 -6.738375551058e+00 -6.839385652159e+00 -6.940395753285e+00 -7.041405854440e+00 -7.142415955634e+00 -7.243426056876e+00 -7.344436158179e+00 -7.445446259558e+00 -7.546456361034e+00 -7.647466462632e+00 -7.748476564383e+00 -7.849486666329e+00 -7.950496768521e+00 -8.051506871021e+00 -8.152516973912e+00 -8.253527077295e+00 -8.354537181300e+00 -8.455547286090e+00 -8.556557391869e+00 -8.657567498899e+00 -8.758577607506e+00 -8.859587718104e+00 -8.960597831217e+00 -9.061607947504e+00 -9.162618067800e+00 -9.263628193160e+00 -9.364638324918e+00 -9.465648464761e+00 -9.566658614828e+00 -9.667668777828e+00 -9.768678957201e+00 -9.869689157316e+00 -9.970699383740e+00 -1.007170964357e+01 -1.017271994591e+01 -1.027373030244e+01 -1.037474072823e+01 -1.047575124288e+01 -1.057676187199e+01 -1.067777264939e+01 -1.077878362023e+01 -1.087979484570e+01 -1.098080641020e+01 -1.108181843279e+01 -1.118283108623e+01 -1.128384463023e+01 -1.138485947325e+01 -1.148587629608e+01 -1.158689632422e+01 -1.168792200987e+01 -1.178895908143e+01 -1.189002474100e+01 -1.199120405211e+01 -1.209344623736e+01 -1.223203740128e+01 -1.237507470723e+01 -1.252176507257e+01 -1.267341842735e+01 -1.282768874996e+01 -1.295161942961e+01 -1.306060808197e+01 -1.315903381963e+01 -1.325758825665e+01 -1.335624923084e+01 -1.345500704278e+01 -1.355386072189e+01 -1.365280950825e+01 -1.375185129782e+01 -1.385098302649e+01 -1.395020108686e+01 -1.404950164556e+01 -1.414888090120e+01 -1.424833537591e+01 -1.434786231937e+01 -1.444746020991e+01 -1.454712861461e+01 -1.464686712794e+01 -1.474667483523e+01
-4.356692965214e+00 -4.457703066224e+00 -4.558713167235e+00 -4.659723268245e+00 -4.760733369256e+00 -4.861743470267e+00 -4.962753571279e+00 -5.063763672290e+00 -5.164773773302e+00 -5.265783874315e+00 -5.366793975328e+00 -5.467804076342e+00 -5.568814177357e+00 -5.669824278373e+00 -5.770834379391e+00 -5.871844480411e+00 -5.972854581434e+00 -6.073864682459e+00 -6.174874783489e+00 -6.275884884524e+00 -6.376894985566e+00 -6.477905086616e+00 -6.578915187676e+00 -6.679925288749e+00 -6.780935389839e+00 -6.881945490950e+00 -6.982955592088e+00 -7.083965693258e+00 -7.184975794471e+00 -7.285985895736e+00 -7.386995997069e+00 -7.488006098486e+00 -7.589016200009e+00 -7.690026301667e+00 -7.791036403494e+00 -7.892046505536e+00 -7.993056607848e+00 -8.094066710500e+00 -8.195076813583e+00 -8.296086917209e+00 -8.397097021519e+00 -8.498107126695e+00 -8.599117232962e+00 -8.700127340607e+00 -8.801137449992e+00 -8.902147561571e+00 -9.003157675924e+00 -9.104167793777e+00 -9.205177916053e+00 -9.306188043916e+00 -9.407198178841e+00 -9.508208322695e+00 -9.609218477844e+00 -9.710228647291e+00 -9.811238834854e+00 -9.912249045392e+00 -1.001325928511e+01 -1.011426956194e+01 -1.021527988610e+01 -1.031629027074e+01 -1.041730073298e+01 -1.051831129517e+01 -1.061932198683e+01 -1.072033284740e+01 -1.082134393028e+01 -1.092235530912e+01 -1.102336708782e+01 -1.112437941710e+01 -1.122539252346e+01 -1.132640676302e+01 -1.142742272906e+01 -1.152844148887e+01 -1.162946517621e+01 -1.173049876898e+01 -1.183155718103e+01 -1.193271377606e+01 -1.203478838163e+01 -1.216826053852e+01 -1.230533773830e+01 -1.244490952822e+01 -1.258774123590e+01 -1.273068705141e+01 -1.285050323840e+01 -1.295973606512e+01 -1.305867608210e+01 -1.315771661620e+01 -1.325684186295e+01 -1.335604451456e+01 -1.345532399452e+01 -1.355467969984e+01 -1.365410992121e+01 -1.375361217725e+01 -1.385318355874e+01 -1.395282098662e+01 -1.405252142646e+01 -1.415228213767e+01 -1.425210102237e+01 -1.435197702390e+01 -1.445190989101e+01 -1.455189929562e+01
-4.191461450640e+00 -4.292471551650e+00 -4.393481652660e+00 -4.494491753671e+00 -4.595501854682e+00 -4.696511955692e+00 -4.797522056703e+00 -4.898532157714e+00 -4.999542258726e+00 -5.100552359738e+00 -5.201562460750e+00 -5.302572561763e+00 -5.403582662776e+00 -5.504592763790e+00 -5.605602864806e+00 -5.706612965823e+00 -5.807623066841e+00 -5.908633167862e+00 -6.009643268886e+00 -6.110653369913e+00 -6.211663470944e+00 -6.312673571982e+00 -6.413683673026e+00 -6.514693774079e+00 -6.615703875144e+00 -6.716713976223e+00 -6.817724077320e+00 -6.918734178439e+00 -7.019744279588e+00 -7.120754380772e+00 -7.221764482002e+00 -7.322774583290e+00 -7.423784684651e+00 -7.524794786103e+00 -7.625804887671e+00 -7.726814989385e+00 -7.827825091284e+00 -7.928835193415e+00 -8.029845295840e+00 -8.130855398636e+00 -8.231865501899e+00 -8.332875605753e+00 -8.433885710352e+00 -8.534895815891e+00 -8.635905922617e+00 -8.736916030841e+00 -8.837926140956e+00 -8.938936253461e+00 -9.039946368981e+00 -9.140956488311e+00 -9.241966612454e+00 -9.342976742681e+00 -9.443986880599e+00 -9.544997028248e+00 -9.646007188215e+00 -9.747017363787e+00 -9.848027559151e+00 -9.949037779650e+00 -1.005004803212e+01 -1.015105832536e+01 -1.025206867070e+01 -1.035307908288e+01 -1.045408958115e+01 -1.055510019094e+01 -1.065611094620e+01 -1.075712189291e+01 -1.085813309449e+01 -1.095914464036e+01 -1.106015666023e+01 -1.116116934899e+01 -1.126218301291e+01 -1.136319816203e+01 -1.146421571337e+01 -1.156523749874e+01 -1.166626778621e+01 -1.176731933525e+01 -1.186845460395e+01 -1.197037231105e+01 -1.209905537217e+01 -1.223062158116e+01 -1.236379430719e+01 -1.249895626019e+01 -1.263245984394e+01 -1.274908454309e+01 -1.285855348596e+01 -1.295790980420e+01 -1.305734408370e+01 -1.315684565008e+01 -1.325640896582e+01 -1.335603369798e+01 -1.345571937037e+01 -1.355546460499e+01 -1.365526740376e+01 -1.375512543109e+01 -1.385503622281e+01 -1.395499736328e+01 -1.405500669601e+01 -1.415506261976e+01 -1.425516439830e+01 -1.435531188576e+01
-4.020768175035e+00 -4.121778276045e+00 -4.222788377055e+00 -4.323798478066e+00 -4.424808579076e+00 -4.525818680087e+00 -4.626828781097e+00 -4.727838882108e+00 -4.828848983119e+00 -4.929859084130e+00 -5.030869185142e+00 -5.131879286154e+00 -5.232889387166e+00 -5.333899488179e+00 -5.434909589193e+00 -5.535919690207e+00 -5.636929791223e+00 -5.737939892240e+00 -5.838949993260e+00 -5.939960094281e+00 -6.040970195306e+00 -6.141980296334e+00 -6.242990397367e+00 -6.344000498406e+00 -6.445010599453e+00 -6.546020700510e+00 -6.647030801578e+00 -6.748040902662e+00 -6.849051003765e+00 -6.950061104893e+00 -7.051071206051e+00 -7.152081307249e+00 -7.253091408495e+00 -7.354101509803e+00 -7.455111611189e+00 -7.556121712674e+00 -7.657131814282e+00 -7.758141916048e+00 -7.859152018011e+00 -7.960162120225e+00 -8.061172222753e+00 -8.162182325679e+00 -8.263192429107e+00 -8.364202533168e+00 -8.465212638029e+00 -8.566222743899e+00 -8.667232851042e+00 -8.768242959794e+00 -8.869253070577e+00 -8.970263183925e+00 -9.071273300511e+00 -9.172283421190e+00 -9.273293547041e+00 -9.374303679432e+00 -9.475313820097e+00 -9.576323971233e+00 -9.677334135638e+00 -9.778344316871e+00 -9.879354519473e+00 -9.980364749261e+00 -1.008137501370e+01 -1.018238532245e+01 -1.028339568800e+01 -1.038440612675e+01 -1.048541666031e+01 -1.058642731752e+01 -1.068743813746e+01 -1.078844917402e+01 -1.088946050317e+01 -1.099047223508e+01 -1.109148453525e+01 -1.119249766370e+01 -1.129351205321e+01 -1.139452848151e+01 -1.149554850091e+01 -1.159657572393e+01 -1.169762092787e+01 -1.179873662165e+01 -1.190051070293e+01 -1.202481532653e+01 -1.215140157895e+01 -1.227893769794e+01 -1.240753997301e+01 -1.253325802969e+01 -1.264740088071e+01 -1.275710287634e+01 -1.285679481917e+01 -1.295654670345e+01 -1.305635199131e+01 -1.315620645992e+01 -1.325610992466e+01 -1.335606201067e+01 -1.345606161342e+01 -1.355610713085e+01 -1.365619669436e+01 -1.375632833728e+01 -1.385650014029e+01 -1.395671040735e+01 -1.405695791358e+01 -1.415724214230e+01
-3.845034419107e+00 -3.946044520117e+00 -4.047054621128e+00 -4.148064722138e+00 -4.249074823148e+00 -4.350084924159e+00 -4.451095025169e+00 -4.552105126180e+00 -4.653115227190e+00 -4.754125328201e+00 -4.855135429212e+00 -4.956145530224e+00 -5.057155631235e+00 -5.158165732247e+00 -5.259175833260e+00 -5.360185934273e+00 -5.461196035287e+00 -5.562206136302e+00 -5.663216237318e+00 -5.764226338335e+00 -5.865236439355e+00 -5.966246540377e+00 -6.067256641403e+00 -6.168266742432e+00 -6.269276843467e+00 -6.370286944508e+00 -6.471297045557e+00 -6.572307146616e+00 -6.673317247688e+00 -6.774327348777e+00 -6.875337449885e+00 -6.976347551020e+00 -7.077357652187e+00 -7.178367753396e+00 -7.279377854656e+00 -7.380387955982e+00 -7.481398057390e+00 -7.582408158903e+00 -7.683418260548e+00 -7.784428362359e+00 -7.885438464379e+00 -7.986448566664e+00 -8.087458669283e+00 -8.188468772324e+00 -8.289478875896e+00 -8.390488980140e+00 -8.491499085232e+00 -8.592509191393e+00 -8.693519298905e+00 -8.794529408123e+00 -8.895539519494e+00 -8.996549633585e+00 -9.097559751114e+00 -9.198569872986e+00 -9.299580000350e+00 -9.400590134663e+00 -9.501600277770e+00 -9.602610432020e+00 -9.703620600401e+00 -9.804630786729e+00 -9.905640995887e+00 -1.000665123415e+01 -1.010766150961e+01 -1.020867183278e+01 -1.030968221741e+01 -1.041069268164e+01 -1.051170324970e+01 -1.061271395439e+01 -1.071372484092e+01 -1.081473597307e+01 -1.091574744327e+01 -1.101675939033e+01 -1.111777203230e+01 -1.121878573195e+01 -1.131980114082e+01 -1.142081955838e+01 -1.152184400522e+01 -1.162288347463e+01 -1.172398158570e+01 -1.182562699290e+01 -1.194601445794e+01 -1.206819383162e+01 -1.219085383133e+01 -1.231392493882e+01 -1.243328413421e+01 -1.254548546805e+01 -1.265542219958e+01 -1.275538382559e+01 -1.285539100098e+01 -1.295544053663e+01 -1.305552919123e+01 -1.315565686885e+01 -1.325582327503e+01 -1.335602752822e+01 -1.345626834806e+01 -1.355654424350e+01 -1.365685364818e+01 -1.375719503916e+01 -1.385756708236e+01 -1.395796883769e+01
-3.664755798975e+00 -3.765765899986e+00 -3.866776000996e+00 -3.967786102006e+00 -4.068796203016e+00 -4.169806304027e+00 -4.270816405037e+00 -4.371826506047e+00 -4.472836607058e+00 -4.573846708068e+00 -4.674856809079e+00 -4.775866910090e+00 -4.876877011101e+00 -4.977887112112e+00 -5.078897213124e+00 -5.179907314136e+00 -5.280917415149e+00 -5.381927516162e+00 -5.482937617176e+00 -5.583947718191e+00 -5.684957819208e+00 -5.785967920226e+00 -5.886978021246e+00 -5.987988122269e+00 -6.088998223295e+00 -6.190008324325e+00 -6.291018425361e+00 -6.392028526404e+00 -6.493038627454e+00 -6.594048728516e+00 -6.695058829591e+00 -6.796068930683e+00 -6.897079031797e+00 -6.998089132937e+00 -7.099099234112e+00 -7.200109335330e+00 -7.301119436602e+00 -7.402129537943e+00 -7.503139639371e+00 -7.604149740908e+00 -7.705159842582e+00 -7.806169944431e+00 -7.907180046500e+00 -8.008190148846e+00 -8.109200251542e+00 -8.210210354680e+00 -8.311220458375e+00 -8.412230562774e+00 -8.513240668061e+00 -8.614250774470e+00 -8.715260882294e+00 -8.816270991907e+00 -8.917281103778e+00 -9.018291218503e+00 -9.119301336835e+00 -9.220311459727e+00 -9.321321588387e+00 -9.422331724350e+00 -9.523341869564e+00 -9.624352026512e+00 -9.725362198359e+00 -9.826372389160e+00 -9.927382604124e+00 -1.002839284997e+01 -1.012940313543e+01 -1.023041347191e+01 -1.033142387447e+01 -1.043243436322e+01 -1.053344496537e+01 -1.063445571847e+01 -1.073546667539e+01 -1.083647791283e+01 -1.093748954591e+01 -1.103850175538e+01 -1.113951484190e+01 -1.124052934512e+01 -1.134154634056e+01 -1.144256832536e+01 -1.154360271964e+01 -1.164468535280e+01 -1.174621777053e+01 -1.186316978141e+01 -1.198152146139e+01 -1.210002914757e+01 -1.221849238326e+01 -1.233269988697e+01 -1.244336733934e+01 -1.255354477530e+01 -1.265372251582e+01 -1.275393429804e+01 -1.285417966649e+01 -1.295445611749e+01 -1.305476360681e+01 -1.315510190351e+01 -1.325547030627e+01 -1.335586779435e+01 -1.345629318041e+01 -1.355674521887e+01 -1.365722270236e+01 -1.375772458099e+01
-3.480464227558e+00 -3.581474328568e+00 -3.682484429578e+00 -3.783494530588e+00 -3.884504631599e+00 -3.985514732609e+00 -4.086524833619e+00 -4.187534934629e+00 -4.288545035640e+00 -4.389555136650e+00 -4.490565237661e+00 -4.591575338671e+00 -4.692585439682e+00 -4.793595540693e+00 -4.894605641704e+00 -4.995615742715e+00 -5.096625843727e+00 -5.197635944739e+00 -5.298646045752e+00 -5.399656146765e+00 -5.500666247780e+00 -5.601676348795e+00 -5.702686449812e+00 -5.803696550830e+00 -5.904706651851e+00 -6.005716752874e+00 -6.106726853901e+00 -6.207736954932e+00 -6.308747055969e+00 -6.409757157012e+00 -6.510767258065e+00 -6.611777359128e+00 -6.712787460205e+00 -6.813797561300e+00 -6.914807662418e+00 -7.015817763563e+00 -7.116827864744e+00 -7.217837965970e+00 -7.318848067251e+00 -7.419858168605e+00 -7.520868270048e+00 -7.621878371604e+00 -7.722888473303e+00 -7.823898575183e+00 -7.924908677291e+00 -8.025918779686e+00 -8.126928882444e+00 -8.227938985661e+00 -8.328949089455e+00 -8.429959193979e+00 -8.530969299425e+00 -8.631979406034e+00 -8.732989514113e+00 -8.833999624047e+00 -8.935009736326e+00 -9.036019851568e+00 -9.137029970557e+00 -9.238040094286e+00 -9.339050224014e+00 -9.440060361344e+00 -9.541070508314e+00 -9.642080667526e+00 -9.743090842310e+00 -9.844101036946e+00 -9.945111256955e+00 -1.004612150951e+01 -1.014713180397e+01 -1.024814215273e+01 -1.034915257228e+01 -1.045016308499e+01 -1.055117372167e+01 -1.065218452575e+01 -1.075319556017e+01 -1.085420691942e+01 -1.095521875179e+01 -1.105623130385e+01 -1.115724501792e+01 -1.125826077488e+01 -1.135928061764e+01 -1.146031060457e+01 -1.156137986037e+01 -1.166281485669e+01 -1.177680721205e+01 -1.189188799362e+01 -1.200690716363e+01 -1.212157053309e+01 -1.223163350589e+01 -1.234107164503e+01 -1.245149948470e+01 -1.255185004175e+01 -1.265222541573e+01 -1.275262741085e+01 -1.285305408175e+01 -1.295350541328e+01 -1.305398122461e+01 -1.315448095907e+01 -1.325500380452e+01 -1.335554881692e+01 -1.345611500697e+01 -1.355670141805e+01
