-1.651949121213e+01 -1.657923624762e+01 -1.663897802476e+01 -1.669875231595e+01 -1.675856887969e+01 -1.681837418030e+01 -1.687801354391e+01 -1.693720405088e+01 -1.699552719171e+01 -1.705244538550e+01 -1.710734078970e+01 -1.715957008761e+01 -1.720852601049e+01 -1.725369544457e+01 -1.729470499685e+01 -1.733134761815e+01 -1.736358781026e+01 -1.739154717242e+01 -1.741547544978e+01 -1.743571396483e+01 -1.745265813547e+01 -1.746672418605e+01 -1.747832296259e+01 -1.748784172114e+01 -1.749563330079e+01 -1.750201131247e+01 -1.750724974715e+01 -1.751158552826e+01 -1.751522282006e+01 -1.751833822508e+01 -1.752108628971e+01 -1.752360495579e+01 -1.752602074238e+01 -1.752845351991e+01 -1.753102075599e+01 -1.753384107429e+01 -1.753703688069e+01 -1.754073568261e+01 -1.754506957609e+01 -1.755017224014e+01 -1.755617272806e+01 -1.756318548885e+01 -1.757129651570e+01 -1.758054640414e+01 -1.759091238112e+01 -1.760229277148e+01 -1.761449833678e+01 -1.762725473776e+01 -1.764021854309e+01 -1.765300593939e+01 -1.766522968932e+01 -1.767653751624e+01 -1.768664511870e+01 -1.769535936413e+01 -1.770259050517e+01 -1.770835456659e+01 -1.771276696974e+01 -1.771602627583e+01 -1.771838551564e+01 -1.772011343765e+01 -1.772147912946e+01 -1.772260048346e+01 -1.772373346005e+01 -1.772502296666e+01 -1.772668457537e+01 -1.772901456024e+01 -1.773243106869e+01 -1.773751533469e+01 -1.774505541436e+01 -1.775596111874e+01 -1.777134561776e+01 -1.779222829260e+01 -1.781943098096e+01 -1.785341579419e+01 -1.789423624873e+01 -1.794159007344e+01 -1.799493458900e+01 -1.805360852000e+01 -1.811692758057e+01 -1.818424488673e+01 -1.825498313928e+01 -1.832864631473e+01 -1.840482253373e+01 -1.848317518435e+01 -1.856343706633e+01 -1.864539740777e+01 -1.872888397586e+01 -1.881375105732e+01 -1.889987163047e+01 -1.898713298168e+01 -1.907543473901e+01 -1.916468772543e+01 -1.925481263510e+01 -1.934573911629e+01 -1.943740618096e+01 -1.952976014402e+01 -1.962275128242e+01 -1.971633295356e+01 -1.981046169603e+01 -1.990509726312e+01
-1.578708308726e+01 -1.586354920411e+01 -1.593853632457e+01 -1.601232173146e+01 -1.608513889158e+01 -1.615717629929e+01 -1.622857467918e+01 -1.629942526887e+01 -1.636977115486e+01 -1.643961147108e+01 -1.650890564282e+01 -1.657757344753e+01 -1.664548774860e+01 -1.671246024269e+01 -1.677822485870e+01 -1.684242635760e+01 -1.690462168369e+01 -1.696429864264e+01 -1.702091176448e+01 -1.707393045891e+01 -1.712289119984e+01 -1.716744428037e+01 -1.720738685310e+01 -1.724267714527e+01 -1.727342900358e+01 -1.729989000969e+01 -1.732240914462e+01 -1.734140077968e+01 -1.735731082281e+01 -1.737058888030e+01 -1.738166814578e+01 -1.739095299516e+01 -1.739881318819e+01 -1.740558310533e+01 -1.741156440070e+01 -1.741703062125e+01 -1.742223257063e+01 -1.742740338600e+01 -1.743276240484e+01 -1.743851693483e+01 -1.744486104913e+01 -1.745197060456e+01 -1.745999394917e+01 -1.746903839207e+01 -1.747915354344e+01 -1.749031402884e+01 -1.750240549991e+01 -1.751521867270e+01 -1.752845560195e+01 -1.754175016372e+01 -1.755470118236e+01 -1.756691308685e+01 -1.757803699852e+01 -1.758780563162e+01 -1.759605783411e+01 -1.760275126704e+01 -1.760796270729e+01 -1.761187427547e+01 -1.761474302495e+01 -1.761685659357e+01 -1.761850939720e+01 -1.761984583084e+01 -1.762114013126e+01 -1.762255188731e+01 -1.762430656176e+01 -1.762670750634e+01 -1.763017806875e+01 -1.763530338268e+01 -1.764287437957e+01 -1.765380353310e+01 -1.766920555100e+01 -1.769010142114e+01 -1.771731416094e+01 -1.775130677596e+01 -1.779213342298e+01 -1.783949227523e+01 -1.789284095474e+01 -1.795151839213e+01 -1.801484044585e+01 -1.808216033610e+01 -1.815290083994e+01 -1.822656599313e+01 -1.830274395872e+01 -1.838109815907e+01 -1.846136141981e+01 -1.854332299075e+01 -1.862681065817e+01 -1.871167872535e+01 -1.879780018498e+01 -1.888506233571e+01 -1.897336481599e+01 -1.906261845756e+01 -1.915274396211e+01 -1.924367098421e+01 -1.933533854097e+01 -1.942769295210e+01 -1.952068449904e+01 -1.961426654313e+01 -1.970839562644e+01 -1.980303150532e+01
-1.457907236120e+01 -1.475700581235e+01 -1.491493119666e+01 -1.505700371612e+01 -1.518659526961e+01 -1.530632635685e+01 -1.541819660010e+01 -1.552375236580e+01 -1.562420348177e+01 -1.572051102148e+01 -1.581344460288e+01 -1.590363179683e+01 -1.599157444968e+01 -1.607766336765e+01 -1.616217905447e+01 -1.624528937661e+01 -1.632704823983e+01 -1.640739772399e+01 -1.648617369018e+01 -1.656311381668e+01 -1.663786776593e+01 -1.671001087278e+01 -1.677906395044e+01 -1.684452146636e+01 -1.690588828743e+01 -1.696272216323e+01 -1.701467630701e+01 -1.706153500971e+01 -1.710323586826e+01 -1.713987485506e+01 -1.717169423754e+01 -1.719905695767e+01 -1.722241333147e+01 -1.724226631895e+01 -1.725914042095e+01 -1.727355723188e+01 -1.728601860177e+01 -1.729699674213e+01 -1.730692961172e+01 -1.731621946148e+01 -1.732523233656e+01 -1.733429649144e+01 -1.734369802261e+01 -1.735367261215e+01 -1.736439320184e+01 -1.737595474413e+01 -1.738835878814e+01 -1.740150215896e+01 -1.741517469591e+01 -1.742907022379e+01 -1.744281237403e+01 -1.745599314550e+01 -1.746821860569e+01 -1.747915438569e+01 -1.748856418798e+01 -1.749633647841e+01 -1.750249598887e+01 -1.750719649007e+01 -1.751069134198e+01 -1.751328443137e+01 -1.751529694977e+01 -1.751690391831e+01 -1.751840152424e+01 -1.751996748966e+01 -1.752183963267e+01 -1.752433018398e+01 -1.752786902810e+01 -1.753304620765e+01 -1.754065627798e+01 -1.755161506925e+01 -1.756703923249e+01 -1.758795178388e+01 -1.761517723126e+01 -1.764917971021e+01 -1.769001418681e+01 -1.773737939598e+01 -1.779073334065e+01 -1.784941521185e+01 -1.791274105050e+01 -1.798006420846e+01 -1.805080755921e+01 -1.812447521344e+01 -1.820065538776e+01 -1.827901154794e+01 -1.835927655229e+01 -1.844123967809e+01 -1.852472873577e+01 -1.860959804954e+01 -1.869572063026e+01 -1.878298379213e+01 -1.887128718669e+01 -1.896054165681e+01 -1.905066791369e+01 -1.914159561985e+01 -1.923326379895e+01 -1.932561877676e+01 -1.941861084037e+01 -1.951219335613e+01 -1.960632287050e+01 -1.970095914371e+01
-1.244566353082e+01 -1.255780565300e+01 -1.274350469761e+01 -1.294042848037e+01 -1.315258704461e+01 -1.338508014563e+01 -1.364235572494e+01 -1.392140136462e+01 -1.420316541788e+01 -1.446278670845e+01 -1.468976599958e+01 -1.488665482022e+01 -1.505963024479e+01 -1.521425646407e+01 -1.535488944521e+01 -1.548470828091e+01 -1.560608284013e+01 -1.572079283986e+01 -1.583018870153e+01 -1.593528666580e+01 -1.603682597080e+01 -1.613528366881e+01 -1.623088739039e+01 -1.632362902752e+01 -1.641329210902e+01 -1.649949409808e+01 -1.658174060536e+01 -1.665948636636e+01 -1.673219741690e+01 -1.679940924879e+01 -1.686077620245e+01 -1.691610785818e+01 -1.696538909251e+01 -1.700878219760e+01 -1.704661199985e+01 -1.707933761164e+01 -1.710751635894e+01 -1.713176587649e+01 -1.715272932470e+01 -1.717104669795e+01 -1.718733300422e+01 -1.720216229405e+01 -1.721605540889e+01 -1.722946897540e+01 -1.724278355980e+01 -1.725628995242e+01 -1.727017417170e+01 -1.728450370171e+01 -1.729921918869e+01 -1.731413657026e+01 -1.732896369514e+01 -1.734333274059e+01 -1.735684587608e+01 -1.736912810114e+01 -1.737987933101e+01 -1.738891781904e+01 -1.739620773546e+01 -1.740186394331e+01 -1.740612798958e+01 -1.740931670166e+01 -1.741177933607e+01 -1.741372620472e+01 -1.741547978934e+01 -1.741724014155e+01 -1.741926047286e+01 -1.742186412910e+01 -1.742548919809e+01 -1.743073189376e+01 -1.743839133462e+01 -1.744938757810e+01 -1.746483973042e+01 -1.748577336693e+01 -1.751301487791e+01 -1.754702982658e+01 -1.758787420169e+01 -1.763524744795e+01 -1.768860804966e+01 -1.774729552699e+01 -1.781062615145e+01 -1.787795344132e+01 -1.794870039200e+01 -1.802237120881e+01 -1.809855417615e+01 -1.817691281465e+01 -1.825718002391e+01 -1.833914511595e+01 -1.842263593174e+01 -1.850750682194e+01 -1.859363082040e+01 -1.868089526094e+01 -1.876919981173e+01 -1.885845532965e+01 -1.894858253796e+01 -1.903951110920e+01 -1.913118007532e+01 -1.922353576978e+01 -1.931652848680e+01 -1.941011159905e+01 -1.950424165857e+01 -1.959887843045e+01
-1.160654702235e+01 -1.170756370580e+01 -1.180858283436e+01 -1.190960565641e+01 -1.201063438448e+01 -1.211167335054e+01 -1.221273234826e+01 -1.231383919304e+01 -1.241511565886e+01 -1.251788264535e+01 -1.268916223704e+01 -1.288641353801e+01 -1.309971197962e+01 -1.333569031312e+01 -1.360271282109e+01 -1.390456680608e+01 -1.422323182859e+01 -1.452109886209e+01 -1.477833021669e+01 -1.499772864531e+01 -1.518801260185e+01 -1.535673260918e+01 -1.550939461858e+01 -1.564989811801e+01 -1.578100976674e+01 -1.590467306767e+01 -1.602217506695e+01 -1.613424565622e+01 -1.624112922857e+01 -1.634268356579e+01 -1.643850087129e+01 -1.652804318392e+01 -1.661077352458e+01 -1.668626601976e+01 -1.675428369074e+01 -1.681481930668e+01 -1.686810100405e+01 -1.691456924290e+01 -1.695483450080e+01 -1.698962569601e+01 -1.701973792921e+01 -1.704598541060e+01 -1.706916229564e+01 -1.709001141817e+01 -1.710919914221e+01 -1.712729398885e+01 -1.714474731445e+01 -1.716187589966e+01 -1.717884841723e+01 -1.719567968095e+01 -1.721223745955e+01 -1.722826572031e+01 -1.724342530749e+01 -1.725734901832e+01 -1.726970417083e+01 -1.728025312192e+01 -1.728890077846e+01 -1.729571739722e+01 -1.730092615346e+01 -1.730485366211e+01 -1.730787861591e+01 -1.731025191186e+01 -1.731232742344e+01 -1.731433258838e+01 -1.731653973130e+01 -1.731928607484e+01 -1.732301997985e+01 -1.732834540602e+01 -1.733606721086e+01 -1.734711076970e+01 -1.736259828968e+01 -1.738355857305e+01 -1.741082038676e+01 -1.744485109708e+01 -1.748570798471e+01 -1.753309139113e+01 -1.758646040885e+01 -1.764515497390e+01 -1.770849164921e+01 -1.777582416334e+01 -1.784657566575e+01 -1.792025048144e+01 -1.799643698042e+01 -1.807479875267e+01 -1.815506875001e+01 -1.823703632838e+01 -1.832052936732e+01 -1.840540225096e+01 -1.849152804220e+01 -1.857879409969e+01 -1.866710011258e+01 -1.875635695551e+01 -1.884648536696e+01 -1.893741503217e+01 -1.902908499355e+01 -1.912144159426e+01 -1.921443513756e+01 -1.930801900414e+01 -1.940214975304e+01 -1.949678715554e+01
-1.092228024825e+01 -1.102329144340e+01 -1.112430294600e+01 -1.122531484983e+01 -1.132632728206e+01 -1.142734041822e+01 -1.152835450628e+01 -1.162936990653e+01 -1.173038716165e+01 -1.183140712710e+01 -1.193243123322e+01 -1.203346206562e+01 -1.213450482919e+01 -1.223557179561e+01 -1.233670042796e+01 -1.243808342411e+01 -1.254474217932e+01 -1.273527769254e+01 -1.293941449227e+01 -1.316312841371e+01 -1.341582808249e+01 -1.371031619556e+01 -1.405156613792e+01 -1.440637838188e+01 -1.472307995582e+01 -1.498822968934e+01 -1.521197842929e+01 -1.540581474907e+01 -1.557805179430e+01 -1.573427640342e+01 -1.587815425887e+01 -1.601190682163e+01 -1.613670387640e+01 -1.625289275047e+01 -1.636032451545e+01 -1.645863519754e+01 -1.654748868659e+01 -1.662674978726e+01 -1.669657634492e+01 -1.675743572468e+01 -1.681006367022e+01 -1.685538970434e+01 -1.689445194563e+01 -1.692831765227e+01 -1.695801760495e+01 -1.698449568802e+01 -1.700857119715e+01 -1.703091053912e+01 -1.705200634285e+01 -1.707216451502e+01 -1.709150227707e+01 -1.710996155460e+01 -1.712734138117e+01 -1.714335003060e+01 -1.715767306716e+01 -1.717004853976e+01 -1.718033603047e+01 -1.718856281823e+01 -1.719493016884e+01 -1.719977199337e+01 -1.720349787471e+01 -1.720640514469e+01 -1.720888493043e+01 -1.721119806713e+01 -1.721364050494e+01 -1.721656673132e+01 -1.722043793786e+01 -1.722586778615e+01 -1.723366834049e+01 -1.724477165663e+01 -1.726030385648e+01 -1.728129780794e+01 -1.730858527702e+01 -1.734263590638e+01 -1.738350860830e+01 -1.743090485691e+01 -1.748428451297e+01 -1.754298803782e+01 -1.760633236254e+01 -1.767367148140e+01 -1.774442873849e+01 -1.781810861000e+01 -1.789429957420e+01 -1.797266530866e+01 -1.805293883124e+01 -1.813490955334e+01 -1.821840540330e+01 -1.830328080751e+01 -1.838940886564e+01 -1.847667696771e+01 -1.856498482939e+01 -1.865424334777e+01 -1.874437328057e+01 -1.883530432910e+01 -1.892697554898e+01 -1.901933329566e+01 -1.911232788382e+01 -1.920591270426e+01 -1.930004432489e+01 -1.939468252484e+01
-1.035993329048e+01 -1.046094368226e+01 -1.056195415166e+01 -1.066296471990e+01 -1.076397541430e+01 -1.086498627023e+01 -1.096599733375e+01 -1.106700866537e+01 -1.116802034541e+01 -1.126903248180e+01 -1.137004522196e+01 -1.147105877135e+01 -1.157207342346e+01 -1.167308961105e+01 -1.177410799797e+01 -1.187512965573e+01 -1.197615643222e+01 -1.207719181146e+01 -1.217824324340e+01 -1.227933003504e+01 -1.238052233639e+01 -1.248236860923e+01 -1.262676478460e+01 -1.282502798776e+01 -1.304050150268e+01 -1.328187738421e+01 -1.356365776782e+01 -1.390484797922e+01 -1.429893036062e+01 -1.467648384228e+01 -1.499053193718e+01 -1.524816284544e+01 -1.546577502414e+01 -1.565523811020e+01 -1.582399687608e+01 -1.597641169583e+01 -1.611473953196e+01 -1.623993638870e+01 -1.635229053211e+01 -1.645193519575e+01 -1.653917805821e+01 -1.661466144115e+01 -1.667937900777e+01 -1.673459581042e+01 -1.678172391083e+01 -1.682219589158e+01 -1.685736044994e+01 -1.688840731879e+01 -1.691631861217e+01 -1.694184085098e+01 -1.696547390103e+01 -1.698747671150e+01 -1.700789249727e+01 -1.702659623389e+01 -1.704336446029e+01 -1.705796179061e+01 -1.707023120356e+01 -1.708016769904e+01 -1.708795094358e+01 -1.709392025306e+01 -1.709851716587e+01 -1.710209145471e+01 -1.710507798701e+01 -1.710777799783e+01 -1.711051646886e+01 -1.711366927272e+01 -1.711771357188e+01 -1.712327514831e+01 -1.713117509886e+01 -1.714235385610e+01 -1.715794248159e+01 -1.717897896024e+01 -1.720629884030e+01 -1.724037463693e+01 -1.728126732210e+01 -1.732867979992e+01 -1.738207290123e+01 -1.744078775074e+01 -1.750414174442e+01 -1.757148921215e+01 -1.764225374392e+01 -1.771594000684e+01 -1.779213661600e+01 -1.787050735966e+01 -1.795078533909e+01 -1.803276003579e+01 -1.811625943976e+01 -1.820113803082e+01 -1.828726895507e+01 -1.837453964222e+01 -1.846284984146e+01 -1.855211047825e+01 -1.864224233463e+01 -1.873317513223e+01 -1.882484794339e+01 -1.891720713905e+01 -1.901020304836e+01 -1.910378907488e+01 -1.919792179777e+01 -1.929256100604e+01
-9.893965802630e+00 -9.994976002923e+00 -1.009598622939e+01 -1.019699648898e+01 -1.029800679053e+01 -1.039901714529e+01 -1.050002756762e+01 -1.060103807588e+01 -1.070204869366e+01 -1.080305945138e+01 -1.090407038852e+01 -1.100508155665e+01 -1.110609302378e+01 -1.120710488054e+01 -1.130811724952e+01 -1.140913029930e+01 -1.151014426699e+01 -1.161115949515e+01 -1.171217649613e+01 -1.181319607032e+01 -1.191421954028e+01 -1.201524925930e+01 -1.211628986048e+01 -1.221735190565e+01 -1.231846581796e+01 -1.241976893956e+01 -1.252278962732e+01 -1.270325317722e+01 -1.290973314356e+01 -1.313777423619e+01 -1.339990791185e+01 -1.371822754417e+01 -1.411754198995e+01 -1.455754290665e+01 -1.493825179388e+01 -1.524134131908e+01 -1.548847131203e+01 -1.569729749635e+01 -1.587823731334e+01 -1.603692948692e+01 -1.617624137663e+01 -1.629771327230e+01 -1.640248343943e+01 -1.649181344952e+01 -1.656727658447e+01 -1.663072218443e+01 -1.668412525931e+01 -1.672941283162e+01 -1.676832147634e+01 -1.680230442031e+01 -1.683248475727e+01 -1.685964491161e+01 -1.688424522668e+01 -1.690646945791e+01 -1.692629727140e+01 -1.694360135148e+01 -1.695825908940e+01 -1.697025763074e+01 -1.697976136264e+01 -1.698711396047e+01 -1.699278890034e+01 -1.699719381047e+01 -1.700081405245e+01 -1.700399918438e+01 -1.700710958697e+01 -1.701054747166e+01 -1.701480979475e+01 -1.702053742950e+01 -1.702856276612e+01 -1.703983671717e+01 -1.705549657260e+01 -1.707658674928e+01 -1.710394756171e+01 -1.713805514749e+01 -1.717897307733e+01 -1.722640605992e+01 -1.727981615042e+01 -1.733854531086e+01 -1.740191152411e+01 -1.746926954373e+01 -1.754004327023e+01 -1.761373761183e+01 -1.768994135645e+01 -1.776831843214e+01 -1.784860204554e+01 -1.793058176670e+01 -1.801408566353e+01 -1.809896828338e+01 -1.818510283103e+01 -1.827237678630e+01 -1.836068994078e+01 -1.844995325579e+01 -1.854008754411e+01 -1.863102255303e+01 -1.872269737602e+01 -1.881505840364e+01 -1.890805598328e+01 -1.900164353468e+01 -1.909577765118e+01 -1.919041813431e+01
-9.504192895662e+00 -9.605203037283e+00 -9.706213189567e+00 -9.807223355323e+00 -9.908233538105e+00 -1.000924374242e+01 -1.011025397396e+01 -1.021126423999e+01 -1.031227454969e+01 -1.041328491479e+01 -1.051429535025e+01 -1.061530587522e+01 -1.071631651431e+01 -1.081732729926e+01 -1.091833827135e+01 -1.101934948451e+01 -1.112036100998e+01 -1.122137294292e+01 -1.132238541224e+01 -1.142339859579e+01 -1.152441274453e+01 -1.162542822269e+01 -1.172644557802e+01 -1.182746567230e+01 -1.192848994277e+01 -1.202952097862e+01 -1.213056396685e+01 -1.223163104737e+01 -1.233275880919e+01 -1.243413002975e+01 -1.253779938363e+01 -1.273279141682e+01 -1.294381006343e+01 -1.317924717009e+01 -1.345456811433e+01 -1.379955726714e+01 -1.424690970200e+01 -1.472435339257e+01 -1.511288786668e+01 -1.541397331670e+01 -1.565616286431e+01 -1.585745564279e+01 -1.602743952882e+01 -1.617127355949e+01 -1.629223237943e+01 -1.639302189402e+01 -1.647636359555e+01 -1.654507904826e+01 -1.660194427358e+01 -1.664949209157e+01 -1.668986044228e+01 -1.672471518741e+01 -1.675523930105e+01 -1.678217228378e+01 -1.680588873346e+01 -1.682651005457e+01 -1.684404106414e+01 -1.685851208059e+01 -1.687009171866e+01 -1.687913051051e+01 -1.688613278817e+01 -1.689156798526e+01 -1.689597838105e+01 -1.689977046171e+01 -1.690334733473e+01 -1.690714341516e+01 -1.691168005591e+01 -1.691761684159e+01 -1.692580023835e+01 -1.693719423235e+01 -1.695294395951e+01 -1.697410190854e+01 -1.700151439419e+01 -1.703566211869e+01 -1.707661192953e+01 -1.712407081121e+01 -1.717750236325e+01 -1.723624960399e+01 -1.729963125679e+01 -1.736700260990e+01 -1.743778795574e+01 -1.751149250686e+01 -1.758770526944e+01 -1.766609034801e+01 -1.774638108228e+01 -1.782836715416e+01 -1.791187672992e+01 -1.799676444221e+01 -1.808290356997e+01 -1.817018165636e+01 -1.825849854651e+01 -1.834776524706e+01 -1.843790260964e+01 -1.852884041395e+01 -1.862051778019e+01 -1.871288112369e+01 -1.880588081491e+01 -1.889947029404e+01 -1.899360617232e+01 -1.908824826713e+01
-9.174656735831e+00 -9.275666855935e+00 -9.376676981044e+00 -9.477687112474e+00 -9.578697251886e+00 -9.679707401379e+00 -9.780717563608e+00 -9.881727741932e+00 -9.982737940605e+00 -1.008374816502e+01 -1.018475842200e+01 -1.028576872025e+01 -1.038677907081e+01 -1.048778948779e+01 -1.058879998923e+01 -1.068981059827e+01 -1.079082134475e+01 -1.089183226737e+01 -1.099284341664e+01 -1.109385485907e+01 -1.119486668318e+01 -1.129587900847e+01 -1.139689199892e+01 -1.149790588444e+01 -1.159892099607e+01 -1.169993782661e+01 -1.180095714144e+01 -1.190198019573e+01 -1.200300920040e+01 -1.210404844733e+01 -1.220510751656e+01 -1.230621304248e+01 -1.240747650440e+01 -1.251004639661e+01 -1.268110351892e+01 -1.288874169689e+01 -1.311902745341e+01 -1.338652247471e+01 -1.372090901300e+01 -1.417214529916e+01 -1.470010613097e+01 -1.513519440403e+01 -1.546037836318e+01 -1.571260079710e+01 -1.591478137182e+01 -1.607880898496e+01 -1.621205194728e+01 -1.631969890891e+01 -1.640632658529e+01 -1.647614149270e+01 -1.653289060354e+01 -1.657970364837e+01 -1.661900490949e+01 -1.665251893454e+01 -1.668135094376e+01 -1.670612008763e+01 -1.672713000449e+01 -1.674455766209e+01 -1.675862513779e+01 -1.676970424891e+01 -1.677833056830e+01 -1.678503745528e+01 -1.679042943929e+01 -1.679497874561e+01 -1.679913937084e+01 -1.680338473388e+01 -1.680826604535e+01 -1.681446596455e+01 -1.682284843266e+01 -1.683439368566e+01 -1.685025673092e+01 -1.687150016635e+01 -1.689897785116e+01 -1.693317623371e+01 -1.697416628978e+01 -1.702165787185e+01 -1.707511652600e+01 -1.713388660224e+01 -1.719728775760e+01 -1.726467595466e+01 -1.733547598027e+01 -1.740919343083e+01 -1.748541758804e+01 -1.756381277919e+01 -1.764411251191e+01 -1.772610660930e+01 -1.780962336186e+01 -1.789451750996e+01 -1.798066242618e+01 -1.806794573370e+01 -1.815626734528e+01 -1.824553832481e+01 -1.833567957300e+01 -1.842662091053e+01 -1.851830149133e+01 -1.861066776204e+01 -1.870367012227e+01 -1.879726203803e+01 -1.889140014323e+01 -1.898604427522e+01
-8.892740449416e+00 -8.993750560439e+00 -9.094760674085e+00 -9.195770791043e+00 -9.296780912181e+00 -9.397791038597e+00 -9.498801171676e+00 -9.599811313171e+00 -9.700821465295e+00 -9.801831630849e+00 -9.902841813375e+00 -1.000385201736e+01 -1.010486224849e+01 -1.020587251399e+01 -1.030688282302e+01 -1.040789318727e+01 -1.050890362163e+01 -1.060991414518e+01 -1.071092478242e+01 -1.081193556498e+01 -1.091294653390e+01 -1.101395774287e+01 -1.111496926271e+01 -1.121598118797e+01 -1.131699364662e+01 -1.141800681505e+01 -1.151902094183e+01 -1.162003638711e+01 -1.172105369138e+01 -1.182207370276e+01 -1.192309783080e+01 -1.202412860300e+01 -1.212517104976e+01 -1.222623682786e+01 -1.232736047004e+01 -1.242870788258e+01 -1.253216132324e+01 -1.272392643196e+01 -1.293678064360e+01 -1.317554432437e+01 -1.345855375868e+01 -1.382567378973e+01 -1.433911134718e+01 -1.489501419695e+01 -1.531338635343e+01 -1.561674914523e+01 -1.584610453466e+01 -1.602348564084e+01 -1.616155894767e+01 -1.626911678665e+01 -1.635312038655e+01 -1.641931750906e+01 -1.647230804880e+01 -1.651555752161e+01 -1.655148923087e+01 -1.658165690578e+01 -1.660697111848e+01 -1.662795453860e+01 -1.664499218906e+01 -1.665852203843e+01 -1.666912092845e+01 -1.667738803290e+01 -1.668399380705e+01 -1.668948448133e+01 -1.669437361251e+01 -1.669918128189e+01 -1.670449490987e+01 -1.671102541561e+01 -1.671965832579e+01 -1.673139398183e+01 -1.674739979041e+01 -1.676875097811e+01 -1.679631087541e+01 -1.683057315509e+01 -1.687161398858e+01 -1.691914683899e+01 -1.697263970378e+01 -1.703143861021e+01 -1.709486439161e+01 -1.716227386033e+01 -1.723309242653e+01 -1.730682617045e+01 -1.738306472143e+01 -1.746147268766e+01 -1.754178378866e+01 -1.762378802563e+01 -1.770731384586e+01 -1.779221612570e+01 -1.787836835596e+01 -1.796565826083e+01 -1.805398583851e+01 -1.814326222517e+01 -1.823340838350e+01 -1.832435418596e+01 -1.841603882906e+01 -1.850840879901e+01 -1.860141453222e+01 -1.869500952733e+01 -1.878915044688e+01 -1.888379715346e+01
-8.648468202099e+00 -8.749478308831e+00 -8.850488417063e+00 -8.951498527186e+00 -9.052508639698e+00 -9.153518755223e+00 -9.254528874552e+00 -9.355538998685e+00 -9.456549128881e+00 -9.557559266735e+00 -9.658569414259e+00 -9.759579574001e+00 -9.860589749181e+00 -9.961599943877e+00 -1.006261016325e+01 -1.016362041387e+01 -1.026463070404e+01 -1.036564104435e+01 -1.046665144831e+01 -1.056766193315e+01 -1.066867252102e+01 -1.076968324040e+01 -1.087069412820e+01 -1.097170523250e+01 -1.107271661650e+01 -1.117372836413e+01 -1.127474058830e+01 -1.137575344338e+01 -1.147676714475e+01 -1.157778200068e+01 -1.167879846657e+01 -1.177981724291e+01 -1.188083946416e+01 -1.198186709562e+01 -1.208290386569e+01 -1.218395781922e+01 -1.228505011141e+01 -1.238625983391e+01 -1.248824747310e+01 -1.264058469217e+01 -1.284647929146e+01 -1.307426453927e+01 -1.333832699953e+01 -1.367012899669e+01 -1.413987803652e+01 -1.475002389258e+01 -1.524277393917e+01 -1.558201922689e+01 -1.582426578141e+01 -1.600219375162e+01 -1.613451602599e+01 -1.623382821031e+01 -1.630934128807e+01 -1.636788200374e+01 -1.641432287246e+01 -1.645194540337e+01 -1.648281517691e+01 -1.650816450613e+01 -1.652876118480e+01 -1.654521910563e+01 -1.655819513761e+01 -1.656836264750e+01 -1.657646076967e+01 -1.658311656118e+01 -1.658891170822e+01 -1.659442122187e+01 -1.660027592020e+01 -1.660722102720e+01 -1.661616856058e+01 -1.662814359458e+01 -1.664432907565e+01 -1.666581595668e+01 -1.669347943479e+01 -1.672782225156e+01 -1.676892710872e+01 -1.681651200950e+01 -1.687004803475e+01 -1.692888332201e+01 -1.699234018496e+01 -1.705977650579e+01 -1.713061847978e+01 -1.720437279642e+01 -1.728062952343e+01 -1.735905362301e+01 -1.743937908173e+01 -1.752139612540e+01 -1.760493339905e+01 -1.768984595058e+01 -1.777600742000e+01 -1.786330565900e+01 -1.795164077362e+01 -1.804092399126e+01 -1.813107635290e+01 -1.822202779630e+01 -1.831371757182e+01 -1.840609221554e+01 -1.849910221040e+01 -1.859270109623e+01 -1.868684557172e+01 -1.878149553135e+01
-8.433951900267e+00 -8.534962004777e+00 -8.635972110205e+00 -8.736982216789e+00 -8.837992324833e+00 -8.939002434721e+00 -9.040012546934e+00 -9.141022662083e+00 -9.242032780938e+00 -9.343042904472e+00 -9.444053033911e+00 -9.545063170809e+00 -9.646073317127e+00 -9.747083475344e+00 -9.848093648596e+00 -9.949103840855e+00 -1.005011405715e+01 -1.015112430386e+01 -1.025213458908e+01 -1.035314492312e+01 -1.045415531911e+01 -1.055516579381e+01 -1.065617636874e+01 -1.075718707159e+01 -1.085819793816e+01 -1.095920901509e+01 -1.106022036362e+01 -1.116123206493e+01 -1.126224422806e+01 -1.136325700175e+01 -1.146427059300e+01 -1.156528529699e+01 -1.166630154796e+01 -1.176732001020e+01 -1.186834175189e+01 -1.196936860637e+01 -1.207040400731e+01 -1.217145522662e+01 -1.227254082258e+01 -1.237372627215e+01 -1.247548928129e+01 -1.261649672924e+01 -1.282091159177e+01 -1.304644609042e+01 -1.330685164896e+01 -1.363255353015e+01 -1.409760967663e+01 -1.474011062477e+01 -1.526443266308e+01 -1.560831500477e+01 -1.584100925079e+01 -1.600331110730e+01 -1.611894840950e+01 -1.620322857066e+01 -1.626634729890e+01 -1.631502407213e+01 -1.635353148824e+01 -1.638447399102e+01 -1.640941371311e+01 -1.642937285038e+01 -1.644519372379e+01 -1.645765690459e+01 -1.646757699975e+01 -1.647566690318e+01 -1.648258397316e+01 -1.648896650958e+01 -1.649549654553e+01 -1.650296047387e+01 -1.651230255504e+01 -1.652457806823e+01 -1.654098937680e+01 -1.656264694054e+01 -1.659044078756e+01 -1.662488502084e+01 -1.666607053640e+01 -1.671372103738e+01 -1.676731147744e+01 -1.682619264538e+01 -1.688968871546e+01 -1.695715891510e+01 -1.702803042733e+01 -1.710181070805e+01 -1.717809037724e+01 -1.725653484279e+01 -1.733687842767e+01 -1.741891164059e+01 -1.750246337582e+01 -1.758738889755e+01 -1.767356203397e+01 -1.776087079758e+01 -1.784921543045e+01 -1.793850727514e+01 -1.802866747135e+01 -1.811962603933e+01 -1.821132229729e+01 -1.830370284433e+01 -1.839671822209e+01 -1.849032202238e+01 -1.858447098955e+01 -1.867912505833e+01
-8.242953710255e+00 -8.343963813525e+00 -8.444973917386e+00 -8.545984021993e+00 -8.646994127544e+00 -8.748004234283e+00 -8.849014342523e+00 -8.950024452657e+00 -9.051034565181e+00 -9.152044680724e+00 -9.253054800075e+00 -9.354064924234e+00 -9.455075054464e+00 -9.556085192361e+00 -9.657095339939e+00 -9.758105499749e+00 -9.859115675015e+00 -9.960125869819e+00 -1.006113608933e+01 -1.016214634012e+01 -1.026315663050e+01 -1.036416697109e+01 -1.046517737538e+01 -1.056618786066e+01 -1.066719844906e+01 -1.076820916910e+01 -1.086922005772e+01 -1.097023116304e+01 -1.107124254830e+01 -1.117225429745e+01 -1.127326652343e+01 -1.137427938061e+01 -1.147529308434e+01 -1.157630794264e+01 -1.167732441044e+01 -1.177834318704e+01 -1.187936540410e+01 -1.198039302017e+01 -1.208142974568e+01 -1.218248357070e+01 -1.228357543844e+01 -1.238478315317e+01 -1.248674736083e+01 -1.263831261548e+01 -1.284513040831e+01 -1.307450495223e+01 -1.334186427232e+01 -1.368275597513e+01 -1.418762196904e+01 -1.486524957699e+01 -1.536620368773e+01 -1.567666965430e+01 -1.587607736872e+01 -1.600886205381e+01 -1.610091643533e+01 -1.616735972006e+01 -1.621721703463e+01 -1.625581551018e+01 -1.628627894986e+01 -1.631048607511e+01 -1.632970319060e+01 -1.634491616035e+01 -1.635704198932e+01 -1.636688507072e+01 -1.637518397140e+01 -1.638264784286e+01 -1.639001793273e+01 -1.639812930640e+01 -1.640796505730e+01 -1.642061700857e+01 -1.643731168809e+01 -1.645918363444e+01 -1.648714135370e+01 -1.652171314707e+01 -1.656300017128e+01 -1.661073327156e+01 -1.666439225680e+01 -1.672333124092e+01 -1.678687673265e+01 -1.685438964826e+01 -1.692529841182e+01 -1.699911144179e+01 -1.707542005322e+01 -1.715389021441e+01 -1.723425667155e+01 -1.731631028938e+01 -1.739988027601e+01 -1.748482216809e+01 -1.757101003092e+01 -1.765833207973e+01 -1.774668872810e+01 -1.783599146374e+01 -1.792616155089e+01 -1.801712911378e+01 -1.810883355626e+01 -1.820122155686e+01 -1.829424373126e+01 -1.838785373690e+01 -1.848200837570e+01 -1.857666763321e+01
-8.070540109201e+00 -8.171550211732e+00 -8.272560314662e+00 -8.373570418095e+00 -8.474580522162e+00 -8.575590627030e+00 -8.676600732908e+00 -8.777610840061e+00 -8.878620948824e+00 -8.979631059617e+00 -9.080641172974e+00 -9.181651289567e+00 -9.282661410245e+00 -9.383671536079e+00 -9.484681668423e+00 -9.585691808990e+00 -9.686701959942e+00 -9.787712124014e+00 -9.888722304666e+00 -9.989732506281e+00 -1.009074273441e+01 -1.019175299611e+01 -1.029276330031e+01 -1.039377365843e+01 -1.049478408500e+01 -1.059579459861e+01 -1.069680522314e+01 -1.079781598940e+01 -1.089882693731e+01 -1.099983811906e+01 -1.110084960339e+01 -1.120186148190e+01 -1.130287387834e+01 -1.140388696280e+01 -1.150490097416e+01 -1.160591625712e+01 -1.170693332625e+01 -1.180795298356e+01 -1.190897655029e+01 -1.201000636802e+01 -1.211104702099e+01 -1.221210887241e+01 -1.231322135350e+01 -1.241451334209e+01 -1.251738616313e+01 -1.269750520776e+01 -1.291037459733e+01 -1.314958627339e+01 -1.343512872325e+01 -1.381666851476e+01 -1.441361851585e+01 -1.508658076341e+01 -1.550726470870e+01 -1.575295621835e+01 -1.590365512668e+01 -1.600203436380e+01 -1.607037686844e+01 -1.612037598400e+01 -1.615836717824e+01 -1.618793495189e+01 -1.621124684206e+01 -1.622973428908e+01 -1.624450517489e+01 -1.625647358165e+01 -1.626646311155e+01 -1.627525925813e+01 -1.628366986016e+01 -1.629258641325e+01 -1.630303811340e+01 -1.631616051107e+01 -1.633321003114e+01 -1.635535075675e+01 -1.638351412532e+01 -1.641824612603e+01 -1.645966073009e+01 -1.650749770993e+01 -1.656124294713e+01 -1.662025471641e+01 -1.668386244940e+01 -1.675142917840e+01 -1.682238488390e+01 -1.689623919115e+01 -1.697258428878e+01 -1.705108684870e+01 -1.713148214882e+01 -1.721356150125e+01 -1.729715450885e+01 -1.738211705113e+01 -1.746832349189e+01 -1.755566230167e+01 -1.764403411007e+01 -1.773335058770e+01 -1.782353315568e+01 -1.791451206932e+01 -1.800622684035e+01 -1.809862424742e+01 -1.819165499956e+01 -1.828527283693e+01 -1.837943463408e+01 -1.847410044062e+01
-7.912808275907e+00 -8.013818377976e+00 -8.114828480323e+00 -8.215838583020e+00 -8.316848686159e+00 -8.417858789855e+00 -8.518868894254e+00 -8.619878999542e+00 -8.720889105949e+00 -8.821899213771e+00 -8.922909323377e+00 -9.023919435235e+00 -9.124929549936e+00 -9.225939668225e+00 -9.326949791043e+00 -9.427959919581e+00 -9.528970055339e+00 -9.629980200218e+00 -9.730990356616e+00 -9.832000527570e+00 -9.933010716922e+00 -1.003402092954e+01 -1.013503117159e+01 -1.023604145092e+01 -1.033705177748e+01 -1.043806216396e+01 -1.053907262658e+01 -1.064008318610e+01 -1.074109386924e+01 -1.084210471052e+01 -1.094311575488e+01 -1.104412706119e+01 -1.114513870741e+01 -1.124615079799e+01 -1.134716347507e+01 -1.144817693575e+01 -1.154919145994e+01 -1.165020745724e+01 -1.175122555001e+01 -1.185224673044e+01 -1.195327268215e+01 -1.205430650988e+01 -1.215535464373e+01 -1.225643292526e+01 -1.235759368629e+01 -1.245916210640e+01 -1.258589390455e+01 -1.278882357209e+01 -1.301212246666e+01 -1.326905533397e+01 -1.358964233095e+01 -1.405636492933e+01 -1.477007824308e+01 -1.533088881837e+01 -1.563443881467e+01 -1.580314556686e+01 -1.590596712024e+01 -1.597475723859e+01 -1.602398125806e+01 -1.606081993719e+01 -1.608924875187e+01 -1.611165116275e+01 -1.612956573193e+01 -1.614408490143e+01 -1.615612588647e+01 -1.616655273871e+01 -1.617624535648e+01 -1.618615894845e+01 -1.619737646270e+01 -1.621108500320e+01 -1.622857770491e+01 -1.625105463575e+01 -1.627947555123e+01 -1.631440839002e+01 -1.635598307423e+01 -1.640395050042e+01 -1.645780412318e+01 -1.651690740898e+01 -1.658059343922e+01 -1.664822789085e+01 -1.671924269191e+01 -1.679314897715e+01 -1.686954003119e+01 -1.694808340766e+01 -1.702851505127e+01 -1.711062683543e+01 -1.719424885869e+01 -1.727923743143e+01 -1.736546729280e+01 -1.745282723446e+01 -1.754121815786e+01 -1.763055196374e+01 -1.772075027072e+01 -1.781174349916e+01 -1.790347129660e+01 -1.799588056772e+01 -1.808892213911e+01 -1.818254985517e+01 -1.827672068197e+01 -1.837139474982e+01
-7.766669646550e+00 -7.867679748318e+00 -7.968689850284e+00 -8.069699952500e+00 -8.170710055032e+00 -8.271720157962e+00 -8.372730261396e+00 -8.473740365464e+00 -8.574750470333e+00 -8.675760576212e+00 -8.776770683367e+00 -8.877780792132e+00 -8.978790902929e+00 -9.079801016290e+00 -9.180811132888e+00 -9.281821253571e+00 -9.382831379413e+00 -9.483841511767e+00 -9.584851652346e+00 -9.685861803313e+00 -9.786871967404e+00 -9.887882148081e+00 -9.988892349727e+00 -1.008990257790e+01 -1.019091283964e+01 -1.029192314391e+01 -1.039293350210e+01 -1.049394392876e+01 -1.059495444249e+01 -1.069596506717e+01 -1.079697583360e+01 -1.089798678174e+01 -1.099899796376e+01 -1.110000944840e+01 -1.120102132728e+01 -1.130203372413e+01 -1.140304680901e+01 -1.150406082074e+01 -1.160507610385e+01 -1.170609317260e+01 -1.180711282827e+01 -1.190813639054e+01 -1.200916619716e+01 -1.211020682224e+01 -1.221126859687e+01 -1.231238081753e+01 -1.241367136513e+01 -1.251652656313e+01 -1.269646518418e+01 -1.290980769276e+01 -1.314989581081e+01 -1.343748744121e+01 -1.382600850331e+01 -1.445555486691e+01 -1.514698743384e+01 -1.552074745876e+01 -1.570677673134e+01 -1.581194837805e+01 -1.587986428944e+01 -1.592758502163e+01 -1.596290972606e+01 -1.599013377302e+01 -1.601177463460e+01 -1.602932145322e+01 -1.604382673966e+01 -1.605623345953e+01 -1.606749535860e+01 -1.607863699136e+01 -1.609080245903e+01 -1.610523853419e+01 -1.612328295321e+01 -1.614617921998e+01 -1.617492184475e+01 -1.621010587132e+01 -1.625188099454e+01 -1.630001191894e+01 -1.635400150812e+01 -1.641321968346e+01 -1.647700406818e+01 -1.654472363408e+01 -1.661581273925e+01 -1.668978440106e+01 -1.676623327619e+01 -1.684482802043e+01 -1.692530541288e+01 -1.700745802955e+01 -1.709111659040e+01 -1.717613794628e+01 -1.726239730757e+01 -1.734978386933e+01 -1.743819887455e+01 -1.752755451325e+01 -1.761777265231e+01 -1.770878391965e+01 -1.780052813356e+01 -1.789295235719e+01 -1.798600756507e+01 -1.807964773278e+01 -1.817382994155e+01 -1.826851442333e+01
-7.629678631902e+00 -7.730688733465e+00 -7.831698835173e+00 -7.932708937064e+00 -8.033719039185e+00 -8.134729141597e+00 -8.235739244376e+00 -8.336749347618e+00 -8.437759451445e+00 -8.538769556010e+00 -8.639779661506e+00 -8.740789768177e+00 -8.841799876331e+00 -8.942809986356e+00 -9.043820098743e+00 -9.144830214112e+00 -9.245840333244e+00 -9.346850457127e+00 -9.447860587008e+00 -9.548870724464e+00 -9.649880871485e+00 -9.750891030591e+00 -9.851901204967e+00 -9.952911398646e+00 -1.005392161674e+01 -1.015493186572e+01 -1.025594215382e+01 -1.035695249150e+01 -1.045796289211e+01 -1.055897337269e+01 -1.065998395510e+01 -1.076099466748e+01 -1.086200554624e+01 -1.096301663884e+01 -1.106402800756e+01 -1.116503973507e+01 -1.126605193245e+01 -1.136706475135e+01 -1.146807840301e+01 -1.156909318908e+01 -1.167010955401e+01 -1.177112817901e+01 -1.187215016240e+01 -1.197317739560e+01 -1.207421343769e+01 -1.217526587741e+01 -1.227635429248e+01 -1.237754920500e+01 -1.247939136092e+01 -1.262517019351e+01 -1.283184039752e+01 -1.306110978136e+01 -1.332878005325e+01 -1.367281269413e+01 -1.420483925624e+01 -1.495835536715e+01 -1.541223789424e+01 -1.561395759248e+01 -1.571917264670e+01 -1.578514746069e+01 -1.583084441361e+01 -1.586450941850e+01 -1.589063094998e+01 -1.591173982334e+01 -1.592916996357e+01 -1.594395663956e+01 -1.595712404475e+01 -1.596976829206e+01 -1.598310075129e+01 -1.599843564091e+01 -1.601716410826e+01 -1.604058151392e+01 -1.606972469492e+01 -1.610522196417e+01 -1.614724739970e+01 -1.619558276240e+01 -1.624974255124e+01 -1.630910467662e+01 -1.637301238927e+01 -1.644083874952e+01 -1.651202113644e+01 -1.658607490692e+01 -1.666259643039e+01 -1.674125573622e+01 -1.682179064458e+01 -1.690399460865e+01 -1.698769912542e+01 -1.707276172235e+01 -1.715905820024e+01 -1.724647825992e+01 -1.733492357283e+01 -1.742430669194e+01 -1.751454979573e+01 -1.760558377276e+01 -1.769734865569e+01 -1.778979170657e+01 -1.788286408584e+01 -1.797651993393e+01 -1.807071647688e+01 -1.816541407441e+01
-7.499896998346e+00 -7.600907099766e+00 -7.701917201294e+00 -7.802927302957e+00 -7.903937404792e+00 -8.004947506842e+00 -8.105957609165e+00 -8.206967711832e+00 -8.307977814933e+00 -8.408987918581e+00 -8.509998022920e+00 -8.611008128131e+00 -8.712018234442e+00 -8.813028342142e+00 -8.914038451594e+00 -9.015048563258e+00 -9.116058677714e+00 -9.217068795694e+00 -9.318078918122e+00 -9.419089046167e+00 -9.520099181304e+00 -9.621109325396e+00 -9.722119480801e+00 -9.823129650500e+00 -9.924139838267e+00 -1.002515004888e+01 -1.012616028839e+01 -1.022717056450e+01 -1.032818088698e+01 -1.042919126829e+01 -1.053020172432e+01 -1.063121227545e+01 -1.073222294787e+01 -1.083323377542e+01 -1.093424480210e+01 -1.103525608554e+01 -1.113626770198e+01 -1.123727975346e+01 -1.133829237863e+01 -1.143930576943e+01 -1.154032019791e+01 -1.164133606103e+01 -1.174235395995e+01 -1.184337484891e+01 -1.194440033789e+01 -1.204543337299e+01 -1.214647998877e+01 -1.224755479871e+01 -1.234870459265e+01 -1.245019888846e+01 -1.256944249364e+01 -1.277149736267e+01 -1.299338539892e+01 -1.324804423978e+01 -1.356477714013e+01 -1.402768047548e+01 -1.477336355710e+01 -1.530934748097e+01 -1.552376074380e+01 -1.562690564997e+01 -1.569018086078e+01 -1.573353666898e+01 -1.576553194610e+01 -1.579085708212e+01 -1.581171439234e+01 -1.582932739672e+01 -1.584478582507e+01 -1.585925378928e+01 -1.587401316054e+01 -1.589045207109e+01 -1.591002437997e+01 -1.593408653248e+01 -1.596372642150e+01 -1.599961288881e+01 -1.604194988695e+01 -1.609054011808e+01 -1.614491238498e+01 -1.620445442907e+01 -1.626851643579e+01 -1.633647651296e+01 -1.640777577818e+01 -1.648193248235e+01 -1.655854512519e+01 -1.663728544129e+01 -1.671789254522e+01 -1.680016098145e+01 -1.688392321572e+01 -1.696903762022e+01 -1.705538073367e+01 -1.714284288963e+01 -1.723132629579e+01 -1.732074395957e+01 -1.741101844978e+01 -1.750208098165e+01 -1.759387185639e+01 -1.768633858532e+01 -1.777943256199e+01 -1.787310813373e+01 -1.796732270832e+01 -1.806203680587e+01
-7.375786393999e+00 -7.476796495318e+00 -7.577806596717e+00 -7.678816698219e+00 -7.779826799849e+00 -7.880836901641e+00 -7.981847003638e+00 -8.082857105894e+00 -8.183867208475e+00 -8.284877311469e+00 -8.385887414981e+00 -8.486897519149e+00 -8.587907624144e+00 -8.688917730183e+00 -8.789927837540e+00 -8.890937946558e+00 -8.991948057675e+00 -9.092958171441e+00 -9.193968288549e+00 -9.294978409876e+00 -9.395988536531e+00 -9.496998669913e+00 -9.598008811789e+00 -9.699018964394e+00 -9.800029130556e+00 -9.901039313849e+00 -1.000204951880e+01 -1.010305975116e+01 -1.020407001821e+01 -1.030508032920e+01 -1.040609069592e+01 -1.050710113341e+01 -1.060811166094e+01 -1.070912230322e+01 -1.081013309218e+01 -1.091114406926e+01 -1.101215528863e+01 -1.111316682177e+01 -1.121417876411e+01 -1.131519124482e+01 -1.141620444189e+01 -1.151721860615e+01 -1.161823410103e+01 -1.171925147186e+01 -1.182027157425e+01 -1.192129583002e+01 -1.202232678814e+01 -1.212336952031e+01 -1.222443577424e+01 -1.232556032805e+01 -1.242691002684e+01 -1.253037894232e+01 -1.272425026462e+01 -1.294087071950e+01 -1.318655317082e+01 -1.348528322934e+01 -1.390306162321e+01 -1.460314775541e+01 -1.521164113990e+01 -1.543519060177e+01 -1.553456632824e+01 -1.559466159786e+01 -1.563552092052e+01 -1.566613714765e+01 -1.569098404701e+01 -1.571190545453e+01 -1.573008538756e+01 -1.574674491857e+01 -1.576323447753e+01 -1.578101986817e+01 -1.580162663420e+01 -1.582648200018e+01 -1.585673471564e+01 -1.589310253965e+01 -1.593582573415e+01 -1.598473251820e+01 -1.603936914842e+01 -1.609913537629e+01 -1.616338987352e+01 -1.623151693939e+01 -1.630296229088e+01 -1.637724773857e+01 -1.645397441933e+01 -1.653281617469e+01 -1.661351372124e+01 -1.669586295526e+01 -1.677969754577e+01 -1.686487691589e+01 -1.695127852388e+01 -1.703879349249e+01 -1.712732469880e+01 -1.721678571779e+01 -1.730709960593e+01 -1.739819798692e+01 -1.749002149763e+01 -1.758251796088e+01 -1.767563906199e+01 -1.776933940737e+01 -1.786357663244e+01 -1.795831145827e+01
-7.256123063821e+00 -7.357133165066e+00 -7.458143266372e+00 -7.559153367755e+00 -7.660163469236e+00 -7.761173570840e+00 -7.862183672599e+00 -7.963193774555e+00 -8.064203876759e+00 -8.165213979275e+00 -8.266224082186e+00 -8.367234185594e+00 -8.468244289631e+00 -8.569254394460e+00 -8.670264500289e+00 -8.771274607381e+00 -8.872284716066e+00 -8.973294826761e+00 -9.074304939995e+00 -9.175315056431e+00 -9.276325176912e+00 -9.377335302497e+00 -9.478345434527e+00 -9.579355574697e+00 -9.680365725147e+00 -9.781375888585e+00 -9.882386068436e+00 -9.983396269038e+00 -1.008440649589e+01 -1.018541675596e+01 -1.028642705811e+01 -1.038743741362e+01 -1.048844783687e+01 -1.058945834625e+01 -1.069046896540e+01 -1.079147972475e+01 -1.089249066380e+01 -1.099350183411e+01 -1.109451330358e+01 -1.119552516265e+01 -1.129653753339e+01 -1.139755058347e+01 -1.149856454808e+01 -1.159957976614e+01 -1.170059674271e+01 -1.180161626323e+01 -1.190263961794e+01 -1.200366908465e+01 -1.210470909903e+01 -1.220576960845e+01 -1.230687848633e+01 -1.240815435022e+01 -1.251084721852e+01 -1.268688911984e+01 -1.289961212458e+01 -1.313877535776e+01 -1.342499629685e+01 -1.381247491619e+01 -1.445849970244e+01 -1.511986239313e+01 -1.534726163798e+01 -1.544175686434e+01 -1.549837380148e+01 -1.553683578890e+01 -1.556647770618e+01 -1.559121683419e+01 -1.561258264015e+01 -1.563184414679e+01 -1.565041027597e+01 -1.566982362937e+01 -1.569168875260e+01 -1.571751322166e+01 -1.574851726800e+01 -1.578547702693e+01 -1.582867645516e+01 -1.587797457196e+01 -1.593293873312e+01 -1.599298322739e+01 -1.605747702020e+01 -1.612581194346e+01 -1.619743933082e+01 -1.627188534010e+01 -1.634875435331e+01 -1.642772279956e+01 -1.650853336709e+01 -1.659098361749e+01 -1.667490870726e+01 -1.676016936150e+01 -1.684664417974e+01 -1.693422526563e+01 -1.702281632903e+01 -1.711233165133e+01 -1.720269489638e+01 -1.729383819712e+01 -1.738570260863e+01 -1.747823634185e+01 -1.757139144623e+01 -1.766512285180e+01 -1.775938847841e+01 -1.785414929824e+01
-7.139930030714e+00 -7.240940131903e+00 -7.341950233140e+00 -7.442960334435e+00 -7.543970435806e+00 -7.644980537271e+00 -7.745990638855e+00 -7.847000740589e+00 -7.948010842512e+00 -8.049020944675e+00 -8.150031047140e+00 -8.251041149986e+00 -8.352051253313e+00 -8.453061357246e+00 -8.554071461945e+00 -8.655081567610e+00 -8.756091674495e+00 -8.857101782918e+00 -8.958111893284e+00 -9.059122006101e+00 -9.160132122012e+00 -9.261142241828e+00 -9.362152366575e+00 -9.463162497548e+00 -9.564172636381e+00 -9.665182785143e+00 -9.766192946449e+00 -9.867203123605e+00 -9.968213320798e+00 -1.006922354334e+01 -1.017023379795e+01 -1.027124409318e+01 -1.037225443992e+01 -1.047326485202e+01 -1.057427534723e+01 -1.067528594829e+01 -1.077629668452e+01 -1.087730759390e+01 -1.097831872596e+01 -1.107933014585e+01 -1.118034194018e+01 -1.128135422561e+01 -1.138236716193e+01 -1.148338097254e+01 -1.158439597799e+01 -1.168541265341e+01 -1.178643173269e+01 -1.188745441078e+01 -1.198848277262e+01 -1.208952081269e+01 -1.219057727538e+01 -1.229167570314e+01 -1.239290834237e+01 -1.249512556607e+01 -1.265705859757e+01 -1.286680455490e+01 -1.310109424514e+01 -1.337817728441e+01 -1.374436253418e+01 -1.434139324646e+01 -1.503341546439e+01 -1.525912969421e+01 -1.534823850324e+01 -1.540120560907e+01 -1.543760848377e+01 -1.546677289607e+01 -1.549180478108e+01 -1.551411059467e+01 -1.553513826723e+01 -1.555649913414e+01 -1.557988050190e+01 -1.560687883132e+01 -1.563879681920e+01 -1.567647931404e+01 -1.572026222030e+01 -1.577004130184e+01 -1.582540912120e+01 -1.588579735837e+01 -1.595058732507e+01 -1.601917992235e+01 -1.609103327823e+01 -1.616567881256e+01 -1.624272486961e+01 -1.632185103278e+01 -1.640280239963e+01 -1.648537856906e+01 -1.656941652541e+01 -1.665477859815e+01 -1.674134479643e+01 -1.682900843766e+01 -1.691767426323e+01 -1.700725743026e+01 -1.709768235608e+01 -1.718888180614e+01 -1.728079735458e+01 -1.737337769406e+01 -1.746657532692e+01 -1.756034558605e+01 -1.765464674558e+01 -1.774944009061e+01
-7.026422992339e+00 -7.127433093487e+00 -7.228443194672e+00 -7.329453295902e+00 -7.430463397189e+00 -7.531473498550e+00 -7.632483600002e+00 -7.733493701570e+00 -7.834503803283e+00 -7.935513905181e+00 -8.036524007312e+00 -8.137534109736e+00 -8.238544212530e+00 -8.339554315792e+00 -8.440564419643e+00 -8.541574524238e+00 -8.642584629772e+00 -8.743594736492e+00 -8.844604844706e+00 -8.945614954809e+00 -9.046625067293e+00 -9.147635182785e+00 -9.248645302072e+00 -9.349655426150e+00 -9.450665556279e+00 -9.551675694046e+00 -9.652685841462e+00 -9.753696001067e+00 -9.854706176073e+00 -9.955716370549e+00 -1.005672658965e+01 -1.015773683991e+01 -1.025874712963e+01 -1.035975746937e+01 -1.046076787260e+01 -1.056177835651e+01 -1.066278894318e+01 -1.076379966101e+01 -1.086481054680e+01 -1.096582164847e+01 -1.106683302901e+01 -1.116784477203e+01 -1.126885698997e+01 -1.136986983649e+01 -1.147088352588e+01 -1.157189836458e+01 -1.167291480492e+01 -1.177393354185e+01 -1.187495569920e+01 -1.197598322005e+01 -1.207701978074e+01 -1.217807328273e+01 -1.227916437319e+01 -1.238036929671e+01 -1.248230745681e+01 -1.263298716826e+01 -1.284038743407e+01 -1.307089395975e+01 -1.334103537675e+01 -1.369158023195e+01 -1.424825553419e+01 -1.495158454222e+01 -1.517019767127e+01 -1.525383848559e+01 -1.530314174917e+01 -1.533807189575e+01 -1.536726777494e+01 -1.539307296202e+01 -1.541697514217e+01 -1.544063597238e+01 -1.546582324907e+01 -1.549422849536e+01 -1.552724748426e+01 -1.556580462395e+01 -1.561029667644e+01 -1.566066261126e+01 -1.571652466017e+01 -1.577733499962e+01 -1.584248953729e+01 -1.591139994845e+01 -1.598353248149e+01 -1.605842485484e+01 -1.613569020256e+01 -1.621501191734e+01 -1.629613801461e+01 -1.637887056403e+01 -1.646304877924e+01 -1.654853695339e+01 -1.663521682629e+01 -1.672298320873e+01 -1.681174211319e+01 -1.690140977684e+01 -1.699191154711e+01 -1.708318097145e+01 -1.717516026523e+01 -1.726779871599e+01 -1.736104938697e+01 -1.745486811060e+01 -1.754921360055e+01 -1.764404753027e+01
-6.914966950321e+00 -7.015977051438e+00 -7.116987152583e+00 -7.217997253764e+00 -7.319007354988e+00 -7.420017456270e+00 -7.521027557622e+00 -7.622037659063e+00 -7.723047760618e+00 -7.824057862315e+00 -7.925067964192e+00 -8.026078066296e+00 -8.127088168687e+00 -8.228098271439e+00 -8.329108374648e+00 -8.430118478432e+00 -8.531128582942e+00 -8.632138688370e+00 -8.733148794955e+00 -8.834158902999e+00 -8.935169012887e+00 -9.036179125101e+00 -9.137189240251e+00 -9.238199359107e+00 -9.339209482641e+00 -9.440219612082e+00 -9.541229748982e+00 -9.642239895301e+00 -9.743250053520e+00 -9.844260226776e+00 -9.945270419039e+00 -1.004628063534e+01 -1.014729088206e+01 -1.024830116729e+01 -1.034931150134e+01 -1.045032189734e+01 -1.055133237207e+01 -1.065234294703e+01 -1.075335364991e+01 -1.085436451654e+01 -1.095537559356e+01 -1.105638694220e+01 -1.115739864369e+01 -1.125841080707e+01 -1.135942358117e+01 -1.146043717303e+01 -1.156145187803e+01 -1.166246813066e+01 -1.176348659575e+01 -1.186450834255e+01 -1.196553520670e+01 -1.206657062744e+01 -1.216762189235e+01 -1.226870761542e+01 -1.236989357823e+01 -1.247166170200e+01 -1.261331629640e+01 -1.281880613980e+01 -1.304626964316e+01 -1.331092427997e+01 -1.364937937325e+01 -1.417363545420e+01 -1.487326850251e+01 -1.508015722395e+01 -1.515846214410e+01 -1.520431003850e+01 -1.523850362857e+01 -1.526825217953e+01 -1.529545112993e+01 -1.532178620867e+01 -1.534909430001e+01 -1.537916406822e+01 -1.541349359535e+01 -1.545309763881e+01 -1.549844301218e+01 -1.554951858753e+01 -1.560598086618e+01 -1.566730572005e+01 -1.573290599334e+01 -1.580220594289e+01 -1.587468137296e+01 -1.594987743631e+01 -1.602741298307e+01 -1.610697595286e+01 -1.618831785541e+01 -1.627124372386e+01 -1.635559546527e+01 -1.644123975634e+01 -1.652806044554e+01 -1.661595416849e+01 -1.670482849365e+01 -1.679460098181e+01 -1.688519812149e+01 -1.697655442155e+01 -1.706861288472e+01 -1.716132352878e+01 -1.725464010786e+01 -1.734851907076e+01 -1.744291967379e+01 -1.753780407009e+01
-6.805041193567e+00 -6.906051294661e+00 -7.007061395775e+00 -7.108071496918e+00 -7.209081598094e+00 -7.310091699315e+00 -7.411101800591e+00 -7.512111901936e+00 -7.613122003369e+00 -7.714132104912e+00 -7.815142206596e+00 -7.916152308455e+00 -8.017162410537e+00 -8.118172512900e+00 -8.219182615617e+00 -8.320192718781e+00 -8.421202822509e+00 -8.522212926950e+00 -8.623223032288e+00 -8.724233138760e+00 -8.825243246663e+00 -8.926253356372e+00 -9.027263468360e+00 -9.128273583224e+00 -9.229283701720e+00 -9.330293824799e+00 -9.431303953666e+00 -9.532314089841e+00 -9.633324235245e+00 -9.734334392307e+00 -9.835344564101e+00 -9.936354754517e+00 -1.003736496848e+01 -1.013837521224e+01 -1.023938549373e+01 -1.034039582303e+01 -1.044140621301e+01 -1.054241668007e+01 -1.064342724528e+01 -1.074443793570e+01 -1.084544878637e+01 -1.094645984288e+01 -1.104747116501e+01 -1.114848283202e+01 -1.124949495020e+01 -1.135050766439e+01 -1.145152117581e+01 -1.155253577087e+01 -1.165355186983e+01 -1.175457011352e+01 -1.185559152825e+01 -1.195661786596e+01 -1.205765238385e+01 -1.215870190719e+01 -1.225978356330e+01 -1.236095589227e+01 -1.246261431519e+01 -1.259698856418e+01 -1.280086062627e+01 -1.302577924189e+01 -1.328591226846e+01 -1.361464720875e+01 -1.411225497356e+01 -1.479707851151e+01 -1.498894425275e+01 -1.506200697470e+01 -1.510497729322e+01 -1.513919564763e+01 -1.517009474501e+01 -1.519949505753e+01 -1.522923802823e+01 -1.526124613829e+01 -1.529711273871e+01 -1.533796472520e+01 -1.538431249131e+01 -1.543623669197e+01 -1.549342066871e+01 -1.555536700710e+01 -1.562150772869e+01 -1.569128145633e+01 -1.576417501623e+01 -1.583974218153e+01 -1.591760851197e+01 -1.599746729562e+01 -1.607907416828e+01 -1.616223766840e+01 -1.624680291893e+01 -1.633263945975e+01 -1.641963368464e+01 -1.650768444001e+01 -1.659670118369e+01 -1.668660308596e+01 -1.677731802475e+01 -1.686878168245e+01 -1.696093802169e+01 -1.705373794987e+01 -1.714713606648e+01 -1.724108957607e+01 -1.733555840093e+01 -1.743050528325e+01
-6.696210736022e+00 -6.797220837096e+00 -6.898230938188e+00 -6.999241039301e+00 -7.100251140441e+00 -7.201261241615e+00 -7.302271342831e+00 -7.403281444102e+00 -7.504291545442e+00 -7.605301646867e+00 -7.706311748401e+00 -7.807321850073e+00 -7.908331951917e+00 -8.009342053980e+00 -8.110352156319e+00 -8.211362259006e+00 -8.312372362132e+00 -8.413382465812e+00 -8.514392570191e+00 -8.615402675453e+00 -8.716412781828e+00 -8.817422889609e+00 -8.918432999163e+00 -9.019443110957e+00 -9.120453225575e+00 -9.221463343761e+00 -9.322473466449e+00 -9.423483594821e+00 -9.524493730372e+00 -9.625503874988e+00 -9.726514031055e+00 -9.827524201591e+00 -9.928534390415e+00 -1.002954460237e+01 -1.013055484358e+01 -1.023156512185e+01 -1.033257544707e+01 -1.043358583186e+01 -1.053459629234e+01 -1.063560684916e+01 -1.073661752889e+01 -1.083762836587e+01 -1.093863940478e+01 -1.103965070421e+01 -1.114066234172e+01 -1.124167442130e+01 -1.134268708446e+01 -1.144370052753e+01 -1.154471502951e+01 -1.164573099891e+01 -1.174674905697e+01 -1.184777019522e+01 -1.194879609855e+01 -1.204982988025e+01 -1.215087800639e+01 -1.225195647795e+01 -1.235311858695e+01 -1.245470218018e+01 -1.258318507394e+01 -1.278560357983e+01 -1.300829895335e+01 -1.326453269507e+01 -1.358504609160e+01 -1.406016369860e+01 -1.472141179586e+01 -1.489663487964e+01 -1.496445780423e+01 -1.500549354232e+01 -1.504046979695e+01 -1.507326254774e+01 -1.510578619409e+01 -1.514000824095e+01 -1.517764505087e+01 -1.521992454284e+01 -1.526746707409e+01 -1.532039227461e+01 -1.537843338111e+01 -1.544112209871e+01 -1.550791146037e+01 -1.557825600942e+01 -1.565165495522e+01 -1.572767184131e+01 -1.580593993743e+01 -1.588615870779e+01 -1.596808857502e+01 -1.605154215127e+01 -1.613636834262e+01 -1.622244008422e+01 -1.630964680683e+01 -1.639789000715e+01 -1.648708141459e+01 -1.657714213787e+01 -1.666800173090e+01 -1.675959729632e+01 -1.685187395665e+01 -1.694478369284e+01 -1.703828213034e+01 -1.713232739332e+01 -1.722688021539e+01 -1.732190405681e+01
-6.588102690603e+00 -6.689112791663e+00 -6.790122892737e+00 -6.891132993827e+00 -6.992143094939e+00 -7.093153196076e+00 -7.194163297248e+00 -7.295173398461e+00 -7.396183499728e+00 -7.497193601062e+00 -7.598203702481e+00 -7.699213804006e+00 -7.800223905667e+00 -7.901234007498e+00 -8.002244109544e+00 -8.103254211862e+00 -8.204264314521e+00 -8.305274417613e+00 -8.406284521250e+00 -8.507294625575e+00 -8.608304730768e+00 -8.709314837057e+00 -8.810324944729e+00 -8.911335054146e+00 -9.012345165765e+00 -9.113355280165e+00 -9.214365398073e+00 -9.315375520412e+00 -9.416385648343e+00 -9.517395783336e+00 -9.618405927248e+00 -9.719416082426e+00 -9.820426251839e+00 -9.921436439245e+00 -1.002244664940e+01 -1.012345688835e+01 -1.022446716374e+01 -1.032547748531e+01 -1.042648786548e+01 -1.052749832010e+01 -1.062850886945e+01 -1.072951953965e+01 -1.083053036445e+01 -1.093154138773e+01 -1.103255266700e+01 -1.113356427837e+01 -1.123457632379e+01 -1.133558894190e+01 -1.143660232483e+01 -1.153761674520e+01 -1.163863260155e+01 -1.173965049860e+01 -1.184067139882e+01 -1.194169693175e+01 -1.204273009337e+01 -1.214377706182e+01 -1.224485295575e+01 -1.234600710888e+01 -1.244753704402e+01 -1.257111195458e+01 -1.277226851514e+01 -1.299292625292e+01 -1.324562878460e+01 -1.355882703586e+01 -1.401410309574e+01 -1.464477439782e+01 -1.480332296854e+01 -1.486595245431e+01 -1.490622315381e+01 -1.494270998395e+01 -1.497828990481e+01 -1.501498117564e+01 -1.505461107769e+01 -1.509851907174e+01 -1.514742806311e+01 -1.520151419066e+01 -1.526055803691e+01 -1.532412158688e+01 -1.539167985341e+01 -1.546270430999e+01 -1.553670759544e+01 -1.561326400113e+01 -1.569201541600e+01 -1.577266827059e+01 -1.585498841901e+01 -1.593879310298e+01 -1.602393559659e+01 -1.611029279754e+01 -1.619775770903e+01 -1.628623496436e+01 -1.637563899123e+01 -1.646589320591e+01 -1.655692916123e+01 -1.664868566054e+01 -1.674110921300e+01 -1.683415308023e+01 -1.692777412011e+01 -1.702193156561e+01 -1.711658712982e+01 -1.721170514066e+01
-6.480386370546e+00 -6.581396471595e+00 -6.682406572655e+00 -6.783416673727e+00 -6.884426774817e+00 -6.985436875926e+00 -7.086446977062e+00 -7.187457078231e+00 -7.288467179441e+00 -7.389477280704e+00 -7.490487382033e+00 -7.591497483446e+00 -7.692507584964e+00 -7.793517686614e+00 -7.894527788433e+00 -7.995537890463e+00 -8.096547992761e+00 -8.197558095395e+00 -8.298568198455e+00 -8.399578302052e+00 -8.500588406327e+00 -8.601598511456e+00 -8.702608617665e+00 -8.803618725235e+00 -8.904628834523e+00 -9.005638945981e+00 -9.106649060176e+00 -9.207659177827e+00 -9.308669299840e+00 -9.409679427361e+00 -9.510689561836e+00 -9.611699705093e+00 -9.712709859444e+00 -9.813720027812e+00 -9.914730213897e+00 -1.001574042238e+01 -1.011675065922e+01 -1.021776093193e+01 -1.031877125012e+01 -1.041978162600e+01 -1.052079207516e+01 -1.062180261758e+01 -1.072281327894e+01 -1.082382409245e+01 -1.092483510125e+01 -1.102584636187e+01 -1.112685794911e+01 -1.122786996306e+01 -1.132888253976e+01 -1.142989586758e+01 -1.153091021349e+01 -1.163192596721e+01 -1.173294371904e+01 -1.183396440633e+01 -1.193498961130e+01 -1.203602223112e+01 -1.213706820541e+01 -1.223814193805e+01 -1.233928966461e+01 -1.244077934850e+01 -1.256030998343e+01 -1.276021687875e+01 -1.297891152529e+01 -1.322825124493e+01 -1.353460095864e+01 -1.397157138983e+01 -1.456552879315e+01 -1.470903137641e+01 -1.476681228667e+01 -1.480752277130e+01 -1.484636584716e+01 -1.488572988754e+01 -1.492754051154e+01 -1.497325400578e+01 -1.502369280589e+01 -1.507909745269e+01 -1.513929294599e+01 -1.520387057460e+01 -1.527232678276e+01 -1.534414998873e+01 -1.541886668996e+01 -1.549606253137e+01 -1.557538869628e+01 -1.565655923764e+01 -1.573934600212e+01 -1.582357134465e+01 -1.590909346467e+01 -1.599579379460e+01 -1.608356946736e+01 -1.617232877110e+01 -1.626198929238e+01 -1.635247715624e+01 -1.644372626686e+01 -1.653567743853e+01 -1.662827881714e+01 -1.672148517043e+01 -1.681525481859e+01 -1.690954831643e+01 -1.700432854677e+01 -1.709956087479e+01
-6.372756169640e+00 -6.473766270681e+00 -6.574776371730e+00 -6.675786472789e+00 -6.776796573861e+00 -6.877806674949e+00 -6.978816776057e+00 -7.079826877191e+00 -7.180836978357e+00 -7.281847079565e+00 -7.382857180824e+00 -7.483867282148e+00 -7.584877383554e+00 -7.685887485064e+00 -7.786897586706e+00 -7.887907688512e+00 -7.988917790527e+00 -8.089927892805e+00 -8.190937995415e+00 -8.291948098445e+00 -8.392958202003e+00 -8.493968306228e+00 -8.594978411295e+00 -8.695988517425e+00 -8.796998624897e+00 -8.898008734061e+00 -8.999018845361e+00 -9.100028959357e+00 -9.201039076758e+00 -9.302049198454e+00 -9.403059325576e+00 -9.504069459546e+00 -9.605079602166e+00 -9.706089755713e+00 -9.807099923065e+00 -9.908110107865e+00 -1.000912031473e+01 -1.011013054951e+01 -1.021114081963e+01 -1.031215113453e+01 -1.041316150623e+01 -1.051417195010e+01 -1.061518248579e+01 -1.071619313858e+01 -1.081720394114e+01 -1.091821493592e+01 -1.101922617852e+01 -1.112023774246e+01 -1.122124972610e+01 -1.132226226304e+01 -1.142327553811e+01 -1.152428981306e+01 -1.162530546949e+01 -1.172632308461e+01 -1.182734357315e+01 -1.192836847539e+01 -1.202940060212e+01 -1.213044568822e+01 -1.223151753781e+01 -1.233265987168e+01 -1.243411805861e+01 -1.255032588081e+01 -1.274889771195e+01 -1.296560781137e+01 -1.321158744704e+01 -1.351121220195e+01 -1.393056975278e+01 -1.448341722888e+01 -1.461370106541e+01 -1.466748381504e+01 -1.470976309206e+01 -1.475190582465e+01 -1.479601407703e+01 -1.484365905417e+01 -1.489576122175e+01 -1.495262465232e+01 -1.501411321946e+01 -1.507984315859e+01 -1.514932937697e+01 -1.522207563870e+01 -1.529762170116e+01 -1.537556452506e+01 -1.545556483779e+01 -1.553734470313e+01 -1.562068234625e+01 -1.570540556519e+01 -1.579137794727e+01 -1.587848599062e+01 -1.596663150186e+01 -1.605572694914e+01 -1.614569355346e+01 -1.623646056698e+01 -1.632796461479e+01 -1.642014885297e+01 -1.651296333077e+01 -1.660636455695e+01 -1.670031256059e+01 -1.679476945143e+01 -1.688969949114e+01 -1.698506926907e+01
-6.264916505842e+00 -6.365926606876e+00 -6.466936707916e+00 -6.567946808964e+00 -6.668956910023e+00 -6.769967011093e+00 -6.870977112180e+00 -6.971987213287e+00 -7.072997314419e+00 -7.174007415583e+00 -7.275017516787e+00 -7.376027618042e+00 -7.477037719362e+00 -7.578047820762e+00 -7.679057922264e+00 -7.780068023896e+00 -7.881078125690e+00 -7.982088227689e+00 -8.083098329947e+00 -8.184108432533e+00 -8.285118535531e+00 -8.386128639049e+00 -8.487138743224e+00 -8.588148848229e+00 -8.689158954279e+00 -8.790169061650e+00 -8.891179170687e+00 -8.992189281827e+00 -9.093199395622e+00 -9.194209512767e+00 -9.295219634143e+00 -9.396229760858e+00 -9.497239894315e+00 -9.598250036288e+00 -9.699260189017e+00 -9.800270355336e+00 -9.901280538832e+00 -1.000229074405e+01 -1.010330097674e+01 -1.020431124422e+01 -1.030532155578e+01 -1.040633192325e+01 -1.050734236174e+01 -1.060835289061e+01 -1.070936353471e+01 -1.081037432619e+01 -1.091138530679e+01 -1.101239653119e+01 -1.111340807163e+01 -1.121442002476e+01 -1.131543252178e+01 -1.141644574408e+01 -1.151745994834e+01 -1.161847550840e+01 -1.171949298898e+01 -1.182051328370e+01 -1.192153789400e+01 -1.202256955215e+01 -1.212361381037e+01 -1.222468395036e+01 -1.232582157441e+01 -1.242725407876e+01 -1.254052184185e+01 -1.273781592785e+01 -1.295243264797e+01 -1.319491081442e+01 -1.348765642251e+01 -1.388946301738e+01 -1.439791062002e+01 -1.451725699183e+01 -1.456843055569e+01 -1.461332060050e+01 -1.465972164113e+01 -1.470933437261e+01 -1.476317331277e+01 -1.482159720535e+01 -1.488449740719e+01 -1.495150552845e+01 -1.502214827654e+01 -1.509594070906e+01 -1.517243367519e+01 -1.525123687636e+01 -1.533201279931e+01 -1.541449883938e+01 -1.549847724066e+01 -1.558378132141e+01 -1.567028033310e+01 -1.575786626663e+01 -1.584644608348e+01 -1.593593692748e+01 -1.602626411682e+01 -1.611736044386e+01 -1.620916562188e+01 -1.630162548539e+01 -1.639469225954e+01 -1.648832442460e+01 -1.658248397043e+01 -1.667713480690e+01 -1.677224279644e+01 -1.686777595143e+01
-6.156568340416e+00 -6.257578441445e+00 -6.358588542479e+00 -6.459598643519e+00 -6.560608744566e+00 -6.661618845624e+00 -6.762628946693e+00 -6.863639047779e+00 -6.964649148884e+00 -7.065659250014e+00 -7.166669351175e+00 -7.267679452376e+00 -7.368689553628e+00 -7.469699654942e+00 -7.570709756335e+00 -7.671719857830e+00 -7.772729959451e+00 -7.873740061232e+00 -7.974750163214e+00 -8.075760265452e+00 -8.176770368011e+00 -8.277780470976e+00 -8.378790574452e+00 -8.479800678575e+00 -8.580810783512e+00 -8.681820889478e+00 -8.782830996743e+00 -8.883841105646e+00 -8.984851216617e+00 -9.085861330198e+00 -9.186871447074e+00 -9.287881568109e+00 -9.388891694394e+00 -9.489901827310e+00 -9.590911968598e+00 -9.691922120462e+00 -9.792932285689e+00 -9.893942467805e+00 -9.994952671276e+00 -1.009596290176e+01 -1.019697316646e+01 -1.029798347448e+01 -1.039899383748e+01 -1.050000427030e+01 -1.060101479196e+01 -1.070202542691e+01 -1.080303620671e+01 -1.090404717238e+01 -1.100505837762e+01 -1.110606989338e+01 -1.120708181455e+01 -1.130809426983e+01 -1.140910743713e+01 -1.151012156800e+01 -1.161113702850e+01 -1.171215437104e+01 -1.181317446853e+01 -1.191419878502e+01 -1.201522997834e+01 -1.211627343105e+01 -1.221734195159e+01 -1.231847528778e+01 -1.241988597157e+01 -1.253089555765e+01 -1.272650677775e+01 -1.293883853634e+01 -1.317754430043e+01 -1.346302776039e+01 -1.384689200783e+01 -1.430922289140e+01 -1.441972275531e+01 -1.447005665870e+01 -1.451854429824e+01 -1.457001212645e+01 -1.462555951331e+01 -1.468557643044e+01 -1.474996322710e+01 -1.481834787691e+01 -1.489025657710e+01 -1.496520798566e+01 -1.504275958800e+01 -1.512252699916e+01 -1.520418618964e+01 -1.528747611286e+01 -1.537218707284e+01 -1.545815762796e+01 -1.554526267015e+01 -1.563339992848e+01 -1.572248187512e+01 -1.581243074893e+01 -1.590317637907e+01 -1.599465547656e+01 -1.608681118221e+01 -1.617959233004e+01 -1.627295358594e+01 -1.636685560925e+01 -1.646126259011e+01 -1.655614048422e+01 -1.665145697957e+01 -1.674718171410e+01
-6.047397029629e+00 -6.148407130654e+00 -6.249417231682e+00 -6.350427332716e+00 -6.451437433755e+00 -6.552447534802e+00 -6.653457635858e+00 -6.754467736927e+00 -6.855477838011e+00 -6.956487939114e+00 -7.057498040242e+00 -7.158508141401e+00 -7.259518242598e+00 -7.360528343845e+00 -7.461538445153e+00 -7.562548546540e+00 -7.663558648025e+00 -7.764568749635e+00 -7.865578851401e+00 -7.966588953366e+00 -8.067599055581e+00 -8.168609158111e+00 -8.269619261039e+00 -8.370629364470e+00 -8.471639468535e+00 -8.572649573399e+00 -8.673659679274e+00 -8.774669786422e+00 -8.875679895179e+00 -8.976690005965e+00 -9.077700119312e+00 -9.178710235894e+00 -9.279720356556e+00 -9.380730482372e+00 -9.481740614695e+00 -9.582750755235e+00 -9.683760906154e+00 -9.784771070188e+00 -9.885781250796e+00 -9.986791452361e+00 -1.008780168044e+01 -1.018881194209e+01 -1.028982224626e+01 -1.039083260437e+01 -1.049184303100e+01 -1.059285354480e+01 -1.069386416976e+01 -1.079487493682e+01 -1.089588588624e+01 -1.099689707065e+01 -1.109790855961e+01 -1.119892044609e+01 -1.129993285621e+01 -1.140094596415e+01 -1.150196001609e+01 -1.160297537001e+01 -1.170399256562e+01 -1.180501245476e+01 -1.190603646398e+01 -1.200706717766e+01 -1.210810981429e+01 -1.220917673621e+01 -1.231030600350e+01 -1.241169737035e+01 -1.252049979026e+01 -1.271451510660e+01 -1.292429019269e+01 -1.315883484243e+01 -1.343648745882e+01 -1.380172590339e+01 -1.421790754828e+01 -1.432130996624e+01 -1.437268660047e+01 -1.442564340329e+01 -1.448269788092e+01 -1.454423375380e+01 -1.461011091935e+01 -1.467992368657e+01 -1.475317632736e+01 -1.482937790150e+01 -1.490808476679e+01 -1.498891541295e+01 -1.507155238500e+01 -1.515573892065e+01 -1.524127108194e+01 -1.532799194195e+01 -1.541578158241e+01 -1.550454344564e+01 -1.559419567448e+01 -1.568466589170e+01 -1.577588876080e+01 -1.586780522199e+01 -1.596036212528e+01 -1.605351158290e+01 -1.614721094299e+01 -1.624142320820e+01 -1.633611497211e+01 -1.643125446625e+01 -1.652681141903e+01 -1.662275728870e+01
-5.937061548901e+00 -6.038071649922e+00 -6.139081750947e+00 -6.240091851975e+00 -6.341101953008e+00 -6.442112054046e+00 -6.543122155092e+00 -6.644132256148e+00 -6.745142357215e+00 -6.846152458298e+00 -6.947162559399e+00 -7.048172660524e+00 -7.149182761680e+00 -7.250192862873e+00 -7.351202964115e+00 -7.452213065417e+00 -7.553223166796e+00 -7.654233268271e+00 -7.755243369868e+00 -7.856253471618e+00 -7.957263573563e+00 -8.058273675752e+00 -8.159283778250e+00 -8.260293881138e+00 -8.361303984517e+00 -8.462314088517e+00 -8.563324193300e+00 -8.664334299071e+00 -8.765344406090e+00 -8.866354514682e+00 -8.967364625261e+00 -9.068374738347e+00 -9.169384854598e+00 -9.270394974844e+00 -9.371405100134e+00 -9.472415231793e+00 -9.573425371494e+00 -9.674435521355e+00 -9.775445684051e+00 -9.876455862971e+00 -9.977466062402e+00 -1.007847628778e+01 -1.017948654602e+01 -1.028049684587e+01 -1.038150719852e+01 -1.048251761822e+01 -1.058352812323e+01 -1.068453873701e+01 -1.078554948985e+01 -1.088656042111e+01 -1.098757158227e+01 -1.108858304135e+01 -1.118959488924e+01 -1.129060724917e+01 -1.139162029131e+01 -1.149263425599e+01 -1.159364949254e+01 -1.169466652714e+01 -1.179568618944e+01 -1.189670986702e+01 -1.199774006906e+01 -1.209878184939e+01 -1.219984713363e+01 -1.230097238627e+01 -1.240234595345e+01 -1.250944635908e+01 -1.270137877624e+01 -1.290824786673e+01 -1.313813752757e+01 -1.340724986192e+01 -1.375304332248e+01 -1.412464847586e+01 -1.422244186247e+01 -1.427654623922e+01 -1.433461251255e+01 -1.439742009212e+01 -1.446467193601e+01 -1.453589329430e+01 -1.461051951761e+01 -1.468802793630e+01 -1.476796105216e+01 -1.484993336247e+01 -1.493362846137e+01 -1.501879243736e+01 -1.510522512584e+01 -1.519277289460e+01 -1.528132001967e+01 -1.537077526401e+01 -1.546106233655e+01 -1.555211434558e+01 -1.564387098094e+01 -1.573627762196e+01 -1.582928502327e+01 -1.592284878165e+01 -1.601692913019e+01 -1.611149151869e+01 -1.620650508152e+01 -1.630194052069e+01 -1.639776979483e+01 -1.649396635611e+01
-5.825185465170e+00 -5.926195566189e+00 -6.027205667210e+00 -6.128215768234e+00 -6.229225869261e+00 -6.330235970293e+00 -6.431246071331e+00 -6.532256172376e+00 -6.633266273431e+00 -6.734276374497e+00 -6.835286475578e+00 -6.936296576677e+00 -7.037306677799e+00 -7.138316778951e+00 -7.239326880140e+00 -7.340336981376e+00 -7.441347082671e+00 -7.542357184040e+00 -7.643367285504e+00 -7.744377387087e+00 -7.845387488819e+00 -7.946397590740e+00 -8.047407692900e+00 -8.148417795362e+00 -8.249427898203e+00 -8.350438001524e+00 -8.451448105450e+00 -8.552458210140e+00 -8.653468315794e+00 -8.754478422664e+00 -8.855488531069e+00 -8.956498641412e+00 -9.057508754200e+00 -9.158518870075e+00 -9.259528989847e+00 -9.360539114538e+00 -9.461549245440e+00 -9.562559384187e+00 -9.663569532843e+00 -9.764579694017e+00 -9.865589871013e+00 -9.966600068015e+00 -1.006761029033e+01 -1.016862054467e+01 -1.026963083962e+01 -1.037064118605e+01 -1.047165159786e+01 -1.057266209287e+01 -1.067367269395e+01 -1.077468343062e+01 -1.087569434125e+01 -1.097670547602e+01 -1.107771690121e+01 -1.117872870536e+01 -1.127974100851e+01 -1.138075397633e+01 -1.148176784271e+01 -1.158278294740e+01 -1.168379980185e+01 -1.178481921172e+01 -1.188584252284e+01 -1.198687216512e+01 -1.208791302171e+01 -1.218897657605e+01 -1.229009773037e+01 -1.239145427224e+01 -1.249690431614e+01 -1.268661629117e+01 -1.289015686354e+01 -1.311480932106e+01 -1.337458336948e+01 -1.370013153462e+01 -1.403013572368e+01 -1.412360264282e+01 -1.418171622245e+01 -1.424520022211e+01 -1.431356256145e+01 -1.438606803156e+01 -1.446202896995e+01 -1.454085245981e+01 -1.462204630198e+01 -1.470520960531e+01 -1.479002407236e+01 -1.487622335486e+01 -1.496361998936e+01 -1.505205810350e+01 -1.514142456288e+01 -1.523163258120e+01 -1.532261100815e+01 -1.541429829816e+01 -1.550663919353e+01 -1.559958359661e+01 -1.569308625453e+01 -1.578710635487e+01 -1.588160716469e+01 -1.597655661914e+01 -1.607192643363e+01 -1.616768991744e+01 -1.626382140873e+01 -1.636029649279e+01
-5.711350420532e+00 -5.812360521549e+00 -5.913370622567e+00 -6.014380723588e+00 -6.115390824612e+00 -6.216400925639e+00 -6.317411026670e+00 -6.418421127707e+00 -6.519431228752e+00 -6.620441329805e+00 -6.721451430869e+00 -6.822461531948e+00 -6.923471633044e+00 -7.024481734164e+00 -7.125491835311e+00 -7.226501936495e+00 -7.327512037724e+00 -7.428522139011e+00 -7.529532240370e+00 -7.630542341821e+00 -7.731552443387e+00 -7.832562545098e+00 -7.933572646993e+00 -8.034582749120e+00 -8.135592851539e+00 -8.236602954327e+00 -8.337613057581e+00 -8.438623161422e+00 -8.539633266005e+00 -8.640643371524e+00 -8.741653478224e+00 -8.842663586414e+00 -8.943673696486e+00 -9.044683808932e+00 -9.145693924375e+00 -9.246704043601e+00 -9.347714167604e+00 -9.448724297638e+00 -9.549734435288e+00 -9.650744582558e+00 -9.751754741983e+00 -9.852764916770e+00 -9.953775110981e+00 -1.005478532976e+01 -1.015579557965e+01 -1.025680586895e+01 -1.035781620824e+01 -1.045882661101e+01 -1.055983709454e+01 -1.066084768103e+01 -1.076185839915e+01 -1.086286928613e+01 -1.096388039065e+01 -1.106489177702e+01 -1.116590353113e+01 -1.126691576938e+01 -1.136792865235e+01 -1.146894240672e+01 -1.156995736155e+01 -1.167097401188e+01 -1.177199313691e+01 -1.187301603694e+01 -1.197404505627e+01 -1.207508489669e+01 -1.217614658154e+01 -1.227726343678e+01 -1.237860315427e+01 -1.248274851316e+01 -1.266971923676e+01 -1.286944401320e+01 -1.308821270655e+01 -1.333782410022e+01 -1.364249347431e+01 -1.393472975030e+01 -1.402518948062e+01 -1.408809187729e+01 -1.415695988505e+01 -1.423045370672e+01 -1.430761460260e+01 -1.438769746710e+01 -1.447013945281e+01 -1.455450589188e+01 -1.464045923498e+01 -1.472773723121e+01 -1.481613922139e+01 -1.490551230311e+01 -1.499574377224e+01 -1.508674981840e+01 -1.517846364653e+01 -1.527082863054e+01 -1.536379440155e+01 -1.545731532928e+01 -1.555135012576e+01 -1.564586155804e+01 -1.574081600627e+01 -1.583618387791e+01 -1.593193938860e+01 -1.602805850805e+01 -1.612451804962e+01 -1.622129582551e+01
-5.595093296329e+00 -5.696103397344e+00 -5.797113498361e+00 -5.898123599379e+00 -5.999133700399e+00 -6.100143801422e+00 -6.201153902449e+00 -6.302164003480e+00 -6.403174104516e+00 -6.504184205559e+00 -6.605194306611e+00 -6.706204407673e+00 -6.807214508749e+00 -6.908224609843e+00 -7.009234710958e+00 -7.110244812101e+00 -7.211254913279e+00 -7.312265014501e+00 -7.413275115778e+00 -7.514285217125e+00 -7.615295318560e+00 -7.716305420107e+00 -7.817315521794e+00 -7.918325623659e+00 -8.019335725747e+00 -8.120345828118e+00 -8.221355930845e+00 -8.322366034021e+00 -8.423376137765e+00 -8.524386242225e+00 -8.625396347588e+00 -8.726406454092e+00 -8.827416562035e+00 -8.928426671794e+00 -9.029436783846e+00 -9.130446898792e+00 -9.231457017390e+00 -9.332467140601e+00 -9.433477269634e+00 -9.534487406022e+00 -9.635497551698e+00 -9.736507709109e+00 -9.837517881353e+00 -9.938528072351e+00 -1.003953828707e+01 -1.014054853183e+01 -1.024155881463e+01 -1.034256914570e+01 -1.044357953805e+01 -1.054459000837e+01 -1.064560057809e+01 -1.074661127488e+01 -1.084762213466e+01 -1.094863320442e+01 -1.104964454621e+01 -1.115065624287e+01 -1.125166840666e+01 -1.135268119243e+01 -1.145369481865e+01 -1.155470960234e+01 -1.165572602013e+01 -1.175674482176e+01 -1.185776725711e+01 -1.195879557678e+01 -1.205983428649e+01 -1.216089392112e+01 -1.226200617858e+01 -1.236332882858e+01 -1.246663901751e+01 -1.265015059714e+01 -1.284552213231e+01 -1.305772941966e+01 -1.329639910087e+01 -1.357985275940e+01 -1.383881320583e+01 -1.392740293892e+01 -1.399539158761e+01 -1.406930235014e+01 -1.414738384265e+01 -1.422858578581e+01 -1.431220554663e+01 -1.439774312171e+01 -1.448482964537e+01 -1.457318818745e+01 -1.466261029023e+01 -1.475293966667e+01 -1.484406153080e+01 -1.493589286079e+01 -1.502837002286e+01 -1.512144056540e+01 -1.521505863676e+01 -1.530918287786e+01 -1.540377582988e+01 -1.549880371319e+01 -1.559423600948e+01 -1.569004556637e+01 -1.578620889952e+01 -1.588270457806e+01 -1.597951192284e+01 -1.607661101490e+01
-5.475908568101e+00 -5.576918669115e+00 -5.677928770130e+00 -5.778938871146e+00 -5.879948972164e+00 -5.980959073184e+00 -6.081969174206e+00 -6.182979275232e+00 -6.283989376262e+00 -6.384999477297e+00 -6.486009578339e+00 -6.587019679389e+00 -6.688029780449e+00 -6.789039881523e+00 -6.890049982613e+00 -6.991060083724e+00 -7.092070184862e+00 -7.193080286033e+00 -7.294090387246e+00 -7.395100488512e+00 -7.496110589845e+00 -7.597120691263e+00 -7.698130792788e+00 -7.799140894447e+00 -7.900150996277e+00 -8.001161098321e+00 -8.102171200636e+00 -8.203181303292e+00 -8.304191406380e+00 -8.405201510012e+00 -8.506211614331e+00 -8.607221719516e+00 -8.708231825795e+00 -8.809241933454e+00 -8.910252042855e+00 -9.011262154454e+00 -9.112272268829e+00 -9.213282386707e+00 -9.314292509009e+00 -9.415302636895e+00 -9.516312771833e+00 -9.617322915679e+00 -9.718333070781e+00 -9.819343240106e+00 -9.920353427418e+00 -1.002136363748e+01 -1.012237387635e+01 -1.022338415170e+01 -1.032439447333e+01 -1.042540485374e+01 -1.052641530892e+01 -1.062742585941e+01 -1.072843653174e+01 -1.082944736034e+01 -1.093045839028e+01 -1.103146968099e+01 -1.113248131189e+01 -1.123349339051e+01 -1.133450606518e+01 -1.143551954507e+01 -1.153653413361e+01 -1.163755028677e+01 -1.173856872128e+01 -1.183959063100e+01 -1.194061816317e+01 -1.204165560959e+01 -1.214271298019e+01 -1.224382026425e+01 -1.234512527155e+01 -1.244829825813e+01 -1.262735025344e+01 -1.281780336276e+01 -1.302278355182e+01 -1.324985442035e+01 -1.351214866230e+01 -1.374251596078e+01 -1.383023716201e+01 -1.390321743953e+01 -1.398167507954e+01 -1.406373255787e+01 -1.414838750964e+01 -1.423501371103e+01 -1.432318464370e+01 -1.441259595898e+01 -1.450302323652e+01 -1.459430435778e+01 -1.468631923778e+01 -1.477898281661e+01 -1.487223289024e+01 -1.496602011337e+01 -1.506030254377e+01 -1.515504276213e+01 -1.525020691385e+01 -1.534576445891e+01 -1.544168785818e+01 -1.553795237513e+01 -1.563453655800e+01 -1.573142136750e+01 -1.582858859089e+01 -1.592602056759e+01
-5.353257489890e+00 -5.454267590903e+00 -5.555277691917e+00 -5.656287792931e+00 -5.757297893947e+00 -5.858307994965e+00 -5.959318095984e+00 -6.060328197006e+00 -6.161338298031e+00 -6.262348399060e+00 -6.363358500094e+00 -6.464368601134e+00 -6.565378702182e+00 -6.666388803240e+00 -6.767398904311e+00 -6.868409005397e+00 -6.969419106503e+00 -7.070429207635e+00 -7.171439308798e+00 -7.272449410001e+00 -7.373459511255e+00 -7.474469612572e+00 -7.575479713970e+00 -7.676489815470e+00 -7.777499917098e+00 -7.878510018888e+00 -7.979520120882e+00 -8.080530223133e+00 -8.181540325710e+00 -8.282550428696e+00 -8.383560532201e+00 -8.484570636359e+00 -8.585580741341e+00 -8.686590847364e+00 -8.787600954700e+00 -8.888611063693e+00 -8.989621174778e+00 -9.090631288504e+00 -9.191641405563e+00 -9.292651526829e+00 -9.393661653409e+00 -9.494671786699e+00 -9.595681928464e+00 -9.696692080937e+00 -9.797702246943e+00 -9.898712430060e+00 -9.999722634822e+00 -1.010073286699e+01 -1.020174313387e+01 -1.030275344477e+01 -1.040376381159e+01 -1.050477424954e+01 -1.060578477816e+01 -1.070679542268e+01 -1.080780621585e+01 -1.090881720051e+01 -1.100982843320e+01 -1.111083998940e+01 -1.121185197133e+01 -1.131286451995e+01 -1.141387783396e+01 -1.151489220154e+01 -1.161590805548e+01 -1.171692607572e+01 -1.181794739390e+01 -1.191897404327e+01 -1.202001008173e+01 -1.212106495240e+01 -1.222216683611e+01 -1.232345340312e+01 -1.242648349802e+01 -1.260074879906e+01 -1.278572149680e+01 -1.298287172471e+01 -1.319788196139e+01 -1.343951639251e+01 -1.364585095161e+01 -1.373353155438e+01 -1.381113524762e+01 -1.389356046144e+01 -1.397900633022e+01 -1.406657899874e+01 -1.415574285953e+01 -1.424614342816e+01 -1.433753320189e+01 -1.442973531686e+01 -1.452262248019e+01 -1.461610456117e+01 -1.471011829853e+01 -1.480461605379e+01 -1.489955890442e+01 -1.499491290018e+01 -1.509064749548e+01 -1.518673513040e+01 -1.528315101555e+01 -1.537987279638e+01 -1.547688082707e+01 -1.557415809541e+01 -1.567168871902e+01 -1.576945723660e+01
-5.226585456943e+00 -5.327595557955e+00 -5.428605658968e+00 -5.529615759982e+00 -5.630625860996e+00 -5.731635962012e+00 -5.832646063029e+00 -5.933656164048e+00 -6.034666265069e+00 -6.135676366094e+00 -6.236686467121e+00 -6.337696568154e+00 -6.438706669192e+00 -6.539716770238e+00 -6.640726871293e+00 -6.741736972360e+00 -6.842747073442e+00 -6.943757174543e+00 -7.044767275667e+00 -7.145777376822e+00 -7.246787478014e+00 -7.347797579254e+00 -7.448807680554e+00 -7.549817781929e+00 -7.650827883401e+00 -7.751837984994e+00 -7.852848086739e+00 -7.953858188676e+00 -8.054868290856e+00 -8.155878393343e+00 -8.256888496216e+00 -8.357898599578e+00 -8.458908703555e+00 -8.559918808309e+00 -8.660928914045e+00 -8.761939021018e+00 -8.862949129553e+00 -8.963959240060e+00 -9.064969353056e+00 -9.165979469194e+00 -9.266989589298e+00 -9.367999714411e+00 -9.469009845849e+00 -9.570019985275e+00 -9.671030134795e+00 -9.772040297071e+00 -9.873050475476e+00 -9.974060674285e+00 -1.007507089892e+01 -1.017608115628e+01 -1.027709145514e+01 -1.037810180670e+01 -1.047911222529e+01 -1.058012272935e+01 -1.068113334264e+01 -1.078214409603e+01 -1.088315502987e+01 -1.098416619744e+01 -1.108517766983e+01 -1.118618954333e+01 -1.128720195064e+01 -1.138821507884e+01 -1.148922919908e+01 -1.159024471850e+01 -1.169126227627e+01 -1.179228293552e+01 -1.189330860450e+01 -1.199434308648e+01 -1.209539521382e+01 -1.219649125083e+01 -1.229775847411e+01 -1.240063968483e+01 -1.256979006585e+01 -1.274876194863e+01 -1.293759613144e+01 -1.314033857236e+01 -1.336225262521e+01 -1.354876128160e+01 -1.363704238153e+01 -1.371875166088e+01 -1.380455997410e+01 -1.389285549014e+01 -1.398287317304e+01 -1.407416674720e+01 -1.416644684512e+01 -1.425951450335e+01 -1.435323109137e+01 -1.444749842557e+01 -1.454224900401e+01 -1.463743499632e+01 -1.473301930557e+01 -1.482897079395e+01 -1.492526186142e+01 -1.502186765589e+01 -1.511876585197e+01 -1.521593636715e+01 -1.531336127164e+01 -1.541102513673e+01 -1.550891413324e+01 -1.560701489232e+01
-5.095347986309e+00 -5.196358087321e+00 -5.297368188333e+00 -5.398378289346e+00 -5.499388390359e+00 -5.600398491373e+00 -5.701408592389e+00 -5.802418693405e+00 -5.903428794424e+00 -6.004438895444e+00 -6.105448996467e+00 -6.206459097494e+00 -6.307469198525e+00 -6.408479299562e+00 -6.509489400605e+00 -6.610499501657e+00 -6.711509602720e+00 -6.812519703798e+00 -6.913529804892e+00 -7.014539906009e+00 -7.115550007154e+00 -7.216560108333e+00 -7.317570209558e+00 -7.418580310838e+00 -7.519590412189e+00 -7.620600513630e+00 -7.721610615183e+00 -7.822620716879e+00 -7.923630818754e+00 -8.024640920855e+00 -8.125651023243e+00 -8.226661125991e+00 -8.327671229194e+00 -8.428681332972e+00 -8.529691437474e+00 -8.630701542892e+00 -8.731711649464e+00 -8.832721757493e+00 -8.933731867361e+00 -9.034741979551e+00 -9.135752094671e+00 -9.236762213491e+00 -9.337772336983e+00 -9.438782466373e+00 -9.539792603215e+00 -9.640802749472e+00 -9.741812907626e+00 -9.842823080825e+00 -9.943833273053e+00 -1.004484348937e+01 -1.014585373621e+01 -1.024686402175e+01 -1.034787435645e+01 -1.044888475367e+01 -1.054989523059e+01 -1.065090580938e+01 -1.075191651883e+01 -1.085292739655e+01 -1.095393849221e+01 -1.105494987208e+01 -1.115596162590e+01 -1.125697387733e+01 -1.135798680064e+01 -1.145900064835e+01 -1.156001579947e+01 -1.166103284872e+01 -1.176205278461e+01 -1.186307737991e+01 -1.196411016345e+01 -1.206515931477e+01 -1.216624907749e+01 -1.226749607378e+01 -1.237022291038e+01 -1.253396134574e+01 -1.270649610629e+01 -1.288669466871e+01 -1.307725198907e+01 -1.328077059831e+01 -1.345117316717e+01 -1.354051000051e+01 -1.362575380256e+01 -1.371440088295e+01 -1.380506981371e+01 -1.389712292720e+01 -1.399019465329e+01 -1.408405124478e+01 -1.417853501657e+01 -1.427353707532e+01 -1.436898256878e+01 -1.446482073299e+01 -1.456101478225e+01 -1.465753545224e+01 -1.475435762261e+01 -1.485145886862e+01 -1.494881905778e+01 -1.504642015690e+01 -1.514424596009e+01 -1.524228229639e+01 -1.534051693939e+01 -1.543893843363e+01
-4.959044144888e+00 -5.060054245900e+00 -5.161064346911e+00 -5.262074447923e+00 -5.363084548936e+00 -5.464094649949e+00 -5.565104750963e+00 -5.666114851978e+00 -5.767124952994e+00 -5.868135054011e+00 -5.969145155031e+00 -6.070155256053e+00 -6.171165357079e+00 -6.272175458108e+00 -6.373185559143e+00 -6.474195660183e+00 -6.575205761232e+00 -6.676215862291e+00 -6.777225963363e+00 -6.878236064451e+00 -6.979246165560e+00 -7.080256266694e+00 -7.181266367860e+00 -7.282276469068e+00 -7.383286570327e+00 -7.484296671652e+00 -7.585306773059e+00 -7.686316874570e+00 -7.787326976212e+00 -7.888337078019e+00 -7.989347180035e+00 -8.090357282315e+00 -8.191367384927e+00 -8.292377487959e+00 -8.393387591521e+00 -8.494397695750e+00 -8.595407800823e+00 -8.696417906961e+00 -8.797428014441e+00 -8.898438123617e+00 -8.999448234933e+00 -9.100458348951e+00 -9.201468466380e+00 -9.302478588114e+00 -9.403488715287e+00 -9.504498849329e+00 -9.605508992050e+00 -9.706519145739e+00 -9.807529313296e+00 -9.908539498396e+00 -1.000954970570e+01 -1.011055994114e+01 -1.021157021226e+01 -1.031258052869e+01 -1.041359090275e+01 -1.051460135028e+01 -1.061561189171e+01 -1.071662255356e+01 -1.081763337050e+01 -1.091864438830e+01 -1.101965566801e+01 -1.112066729230e+01 -1.122167937507e+01 -1.132269207677e+01 -1.142370562988e+01 -1.152472038313e+01 -1.162573688356e+01 -1.172675603981e+01 -1.182777948007e+01 -1.192881044173e+01 -1.202985641563e+01 -1.213093953761e+01 -1.223216557473e+01 -1.233473390185e+01 -1.249282836502e+01 -1.265861492732e+01 -1.283006194893e+01 -1.300881100612e+01 -1.319555177250e+01 -1.335301829350e+01 -1.344370797099e+01 -1.353192835655e+01 -1.362292986136e+01 -1.371556089465e+01 -1.380929896572e+01 -1.390384797567e+01 -1.399902073261e+01 -1.409469259683e+01 -1.419077877200e+01 -1.428722229205e+01 -1.438398455637e+01 -1.448103691359e+01 -1.457835604963e+01 -1.467592164147e+01 -1.477371551984e+01 -1.487172143751e+01 -1.496992485060e+01 -1.506831278886e+01 -1.516687412527e+01 -1.526559899296e+01
-4.817254143842e+00 -4.918264244853e+00 -5.019274345864e+00 -5.120284446876e+00 -5.221294547887e+00 -5.322304648900e+00 -5.423314749912e+00 -5.524324850926e+00 -5.625334951940e+00 -5.726345052956e+00 -5.827355153973e+00 -5.928365254992e+00 -6.029375356013e+00 -6.130385457037e+00 -6.231395558065e+00 -6.332405659097e+00 -6.433415760135e+00 -6.534425861180e+00 -6.635435962235e+00 -6.736446063301e+00 -6.837456164382e+00 -6.938466265482e+00 -7.039476366605e+00 -7.140486467758e+00 -7.241496568947e+00 -7.342506670184e+00 -7.443516771481e+00 -7.544526872852e+00 -7.645536974318e+00 -7.746547075903e+00 -7.847557177639e+00 -7.948567279565e+00 -8.049577381731e+00 -8.150587484199e+00 -8.251597587049e+00 -8.352607690382e+00 -8.453617794322e+00 -8.554627899030e+00 -8.655638004707e+00 -8.756648111607e+00 -8.857658220050e+00 -8.958668330440e+00 -9.059678443290e+00 -9.160688559244e+00 -9.261698679118e+00 -9.362708803942e+00 -9.463718935017e+00 -9.564729073992e+00 -9.665739222951e+00 -9.766749384531e+00 -9.867759562079e+00 -9.968769759839e+00 -1.006977998321e+01 -1.017079023905e+01 -1.027180053612e+01 -1.037281088566e+01 -1.047382130205e+01 -1.057483180390e+01 -1.067584241535e+01 -1.077685316793e+01 -1.087786410329e+01 -1.097887527697e+01 -1.107988676415e+01 -1.118089866843e+01 -1.128191113570e+01 -1.138292437727e+01 -1.148393871004e+01 -1.158495463087e+01 -1.168597296462e+01 -1.178699518823e+01 -1.188802423519e+01 -1.198906688234e+01 -1.209014310027e+01 -1.219134772152e+01 -1.229375556029e+01 -1.244607011580e+01 -1.260495561317e+01 -1.276775623720e+01 -1.293534090084e+01 -1.310710120556e+01 -1.325430947623e+01 -1.334646899345e+01 -1.343715704100e+01 -1.353009452191e+01 -1.362433787119e+01 -1.371946371188e+01 -1.381523409138e+01 -1.391149968909e+01 -1.400816253133e+01 -1.410515672798e+01 -1.420243886977e+01 -1.429997925474e+01 -1.439775536601e+01 -1.449574851880e+01 -1.459394228028e+01 -1.469232197981e+01 -1.479087454099e+01 -1.488958826106e+01 -1.498845285486e+01 -1.508745954585e+01
-4.669675783765e+00 -4.770685884775e+00 -4.871695985786e+00 -4.972706086797e+00 -5.073716187808e+00 -5.174726288820e+00 -5.275736389832e+00 -5.376746490845e+00 -5.477756591858e+00 -5.578766692872e+00 -5.679776793887e+00 -5.780786894903e+00 -5.881796995921e+00 -5.982807096941e+00 -6.083817197964e+00 -6.184827298990e+00 -6.285837400020e+00 -6.386847501055e+00 -6.487857602097e+00 -6.588867703147e+00 -6.689877804207e+00 -6.790887905281e+00 -6.891898006372e+00 -6.992908107483e+00 -7.093918208621e+00 -7.194928309793e+00 -7.295938411006e+00 -7.396948512274e+00 -7.497958613608e+00 -7.598968715027e+00 -7.699978816554e+00 -7.800988918216e+00 -7.901999020048e+00 -8.003009122096e+00 -8.104019224416e+00 -8.205029327079e+00 -8.306039430174e+00 -8.407049533816e+00 -8.508059638147e+00 -8.609069743348e+00 -8.710079849647e+00 -8.811089957332e+00 -8.912100066766e+00 -9.013110178408e+00 -9.114120292839e+00 -9.215130410789e+00 -9.316140533184e+00 -9.417150661194e+00 -9.518160796297e+00 -9.619170940366e+00 -9.720181095769e+00 -9.821191265511e+00 -9.922201453404e+00 -1.002321166429e+01 -1.012422190434e+01 -1.022523218142e+01 -1.032624250560e+01 -1.042725288982e+01 -1.052826335077e+01 -1.062927391013e+01 -1.073028459621e+01 -1.083129544639e+01 -1.093230651052e+01 -1.103331785608e+01 -1.113432957603e+01 -1.123534180125e+01 -1.133635472128e+01 -1.143736862025e+01 -1.153838394350e+01 -1.163940142994e+01 -1.174042240171e+01 -1.184144948228e+01 -1.194248872323e+01 -1.204355791250e+01 -1.214474103834e+01 -1.224698919926e+01 -1.239350744267e+01 -1.254551572017e+01 -1.269999020829e+01 -1.285726841154e+01 -1.301591180395e+01 -1.315505054298e+01 -1.324869060932e+01 -1.334140101641e+01 -1.343591992184e+01 -1.353148138505e+01 -1.362774483114e+01 -1.372452044909e+01 -1.382168819782e+01 -1.391917255897e+01 -1.401692196707e+01 -1.411490318121e+01 -1.421309312863e+01 -1.431147400027e+01 -1.441003078530e+01 -1.450875022456e+01 -1.460762051117e+01 -1.470663114015e+01 -1.480577273226e+01 -1.490503717903e+01
-4.516153328488e+00 -4.617163429498e+00 -4.718173530509e+00 -4.819183631520e+00 -4.920193732531e+00 -5.021203833542e+00 -5.122213934553e+00 -5.223224035565e+00 -5.324234136578e+00 -5.425244237590e+00 -5.526254338604e+00 -5.627264439618e+00 -5.728274540634e+00 -5.829284641651e+00 -5.930294742670e+00 -6.031304843691e+00 -6.132314944715e+00 -6.233325045743e+00 -6.334335146775e+00 -6.435345247813e+00 -6.536355348859e+00 -6.637365449914e+00 -6.738375550980e+00 -6.839385652061e+00 -6.940395753161e+00 -7.041405854285e+00 -7.142415955438e+00 -7.243426056628e+00 -7.344436157866e+00 -7.445446259163e+00 -7.546456360536e+00 -7.647466462004e+00 -7.748476563591e+00 -7.849486665329e+00 -7.950496767259e+00 -8.051506869429e+00 -8.152516971902e+00 -8.253527074759e+00 -8.354537178100e+00 -8.455547282051e+00 -8.556557386773e+00 -8.657567492467e+00 -8.758577599389e+00 -8.859587707859e+00 -8.960597818286e+00 -9.061607931181e+00 -9.162618047194e+00 -9.263628167143e+00 -9.364638292065e+00 -9.465648423269e+00 -9.566658562413e+00 -9.667668711596e+00 -9.768678873477e+00 -9.869689051432e+00 -9.970699249752e+00 -1.007170947390e+01 -1.017271973083e+01 -1.027373002949e+01 -1.037474038131e+01 -1.047575080108e+01 -1.057676130798e+01 -1.067777192710e+01 -1.077878269152e+01 -1.087979364537e+01 -1.098080484839e+01 -1.108181638282e+01 -1.118282836449e+01 -1.128384096105e+01 -1.138485442381e+01 -1.148586914644e+01 -1.158688578185e+01 -1.168790549754e+01 -1.178893060800e+01 -1.188996644477e+01 -1.199102864225e+01 -1.209219063284e+01 -1.219428306786e+01 -1.233511957150e+01 -1.248045133346e+01 -1.262710700651e+01 -1.277508238050e+01 -1.292243967904e+01 -1.305528112066e+01 -1.315032063512e+01 -1.324468094971e+01 -1.334048489155e+01 -1.343711911527e+01 -1.353431095835e+01 -1.363190866082e+01 -1.372981850733e+01 -1.382797981701e+01 -1.392635307589e+01 -1.402491266809e+01 -1.412364054884e+01 -1.422252257372e+01 -1.432154668275e+01 -1.442070220593e+01 -1.451997966749e+01 -1.461937064195e+01 -1.471886764763e+01
-4.356692965213e+00 -4.457703066224e+00 -4.558713167234e+00 -4.659723268245e+00 -4.760733369255e+00 -4.861743470266e+00 -4.962753571277e+00 -5.063763672289e+00 -5.164773773300e+00 -5.265783874312e+00 -5.366793975325e+00 -5.467804076338e+00 -5.568814177352e+00 -5.669824278367e+00 -5.770834379383e+00 -5.871844480401e+00 -5.972854581420e+00 -6.073864682443e+00 -6.174874783468e+00 -6.275884884498e+00 -6.376894985532e+00 -6.477905086573e+00 -6.578915187623e+00 -6.679925288682e+00 -6.780935389754e+00 -6.881945490843e+00 -6.982955591952e+00 -7.083965693087e+00 -7.184975794254e+00 -7.285985895463e+00 -7.386995996724e+00 -7.488006098051e+00 -7.589016199461e+00 -7.690026300975e+00 -7.791036402621e+00 -7.892046504434e+00 -7.993056606457e+00 -8.094066708745e+00 -8.195076811368e+00 -8.296086914414e+00 -8.397097017993e+00 -8.498107122244e+00 -8.599117227345e+00 -8.700127333518e+00 -8.801137441044e+00 -8.902147550278e+00 -9.003157661668e+00 -9.104167775781e+00 -9.205177893331e+00 -9.306188015225e+00 -9.407198142605e+00 -9.508208276919e+00 -9.609218420000e+00 -9.710228574172e+00 -9.811238742382e+00 -9.912248928376e+00 -1.001325913692e+01 -1.011426937411e+01 -1.021527964773e+01 -1.031628996777e+01 -1.041730034716e+01 -1.051831080263e+01 -1.061932135609e+01 -1.072033203643e+01 -1.082134288216e+01 -1.092235394543e+01 -1.102336529803e+01 -1.112437704101e+01 -1.122538932066e+01 -1.132640235614e+01 -1.142741649069e+01 -1.152843229332e+01 -1.162945078086e+01 -1.173047396740e+01 -1.183150648654e+01 -1.193256189605e+01 -1.203370356344e+01 -1.213564736775e+01 -1.227104483366e+01 -1.241005935983e+01 -1.254954616385e+01 -1.268929609656e+01 -1.282709020066e+01 -1.295505052819e+01 -1.305136463022e+01 -1.314705744092e+01 -1.324390108812e+01 -1.334140489833e+01 -1.343935125925e+01 -1.353761946447e+01 -1.363613537252e+01 -1.373485132261e+01 -1.383373665073e+01 -1.393277149575e+01 -1.403194167948e+01 -1.413123594214e+01 -1.423064460591e+01 -1.433015910716e+01 -1.442977185814e+01 -1.452947611335e+01
-4.191461450639e+00 -4.292471551650e+00 -4.393481652660e+00 -4.494491753671e+00 -4.595501854681e+00 -4.696511955692e+00 -4.797522056702e+00 -4.898532157713e+00 -4.999542258724e+00 -5.100552359736e+00 -5.201562460748e+00 -5.302572561760e+00 -5.403582662772e+00 -5.504592763786e+00 -5.605602864800e+00 -5.706612965815e+00 -5.807623066832e+00 -5.908633167851e+00 -6.009643268871e+00 -6.110653369894e+00 -6.211663470921e+00 -6.312673571953e+00 -6.413683672989e+00 -6.514693774033e+00 -6.615703875086e+00 -6.716713976149e+00 -6.817724077227e+00 -6.918734178322e+00 -7.019744279440e+00 -7.120754380586e+00 -7.221764481767e+00 -7.322774582993e+00 -7.423784684276e+00 -7.524794785630e+00 -7.625804887075e+00 -7.726814988633e+00 -7.827825090335e+00 -7.928835192217e+00 -8.029845294328e+00 -8.130855396728e+00 -8.231865499492e+00 -8.332875602715e+00 -8.433885706517e+00 -8.534895811052e+00 -8.635905916509e+00 -8.736916023133e+00 -8.837926131227e+00 -8.938936241179e+00 -9.039946353477e+00 -9.140956468737e+00 -9.241966587737e+00 -9.342976711464e+00 -9.443986841165e+00 -9.544996978418e+00 -9.646007125225e+00 -9.747017284125e+00 -9.848027458346e+00 -9.949037651995e+00 -1.005004787032e+01 -1.015105812002e+01 -1.025206840971e+01 -1.035307875052e+01 -1.045408915688e+01 -1.055509964763e+01 -1.065611024766e+01 -1.075712099014e+01 -1.085813191997e+01 -1.095914309895e+01 -1.106015461407e+01 -1.116116659122e+01 -1.126217921897e+01 -1.136319279253e+01 -1.146420780110e+01 -1.156522511839e+01 -1.166624647359e+01 -1.176727584003e+01 -1.186832481944e+01 -1.196944738790e+01 -1.207125245064e+01 -1.220156518790e+01 -1.233474741361e+01 -1.246780547759e+01 -1.260041579770e+01 -1.273021270944e+01 -1.285440970162e+01 -1.295184829081e+01 -1.304861432470e+01 -1.314629615335e+01 -1.324450234059e+01 -1.334305956077e+01 -1.344187193740e+01 -1.354088084632e+01 -1.364004884193e+01 -1.373935207262e+01 -1.383877505949e+01 -1.393830662721e+01 -1.403793780411e+01 -1.413766083703e+01 -1.423746886943e+01 -1.433735583652e+01
-4.020768175034e+00 -4.121778276045e+00 -4.222788377055e+00 -4.323798478065e+00 -4.424808579076e+00 -4.525818680086e+00 -4.626828781097e+00 -4.727838882107e+00 -4.828848983118e+00 -4.929859084129e+00 -5.030869185140e+00 -5.131879286152e+00 -5.232889387164e+00 -5.333899488176e+00 -5.434909589189e+00 -5.535919690202e+00 -5.636929791217e+00 -5.737939892233e+00 -5.838949993250e+00 -5.939960094269e+00 -6.040970195290e+00 -6.141980296315e+00 -6.242990397343e+00 -6.344000498375e+00 -6.445010599414e+00 -6.546020700460e+00 -6.647030801516e+00 -6.748040902583e+00 -6.849051003666e+00 -6.950061104768e+00 -7.051071205893e+00 -7.152081307049e+00 -7.253091408243e+00 -7.354101509485e+00 -7.455111610787e+00 -7.556121712167e+00 -7.657131813643e+00 -7.758141915241e+00 -7.859152016993e+00 -7.960162118939e+00 -8.061172221131e+00 -8.162182323632e+00 -8.263192426523e+00 -8.364202529908e+00 -8.465212633914e+00 -8.566222738706e+00 -8.667232844489e+00 -8.768242951522e+00 -8.869253060135e+00 -8.970263170743e+00 -9.071273283868e+00 -9.172283400175e+00 -9.273293520500e+00 -9.374303645904e+00 -9.475313777729e+00 -9.576323917677e+00 -9.677334067908e+00 -9.778344231164e+00 -9.879354410938e+00 -9.980364611688e+00 -1.008137483912e+01 -1.018238510055e+01 -1.028339540544e+01 -1.038440576605e+01 -1.048541619841e+01 -1.058642672367e+01 -1.068743737002e+01 -1.078844817561e+01 -1.088945919295e+01 -1.099047049597e+01 -1.109148219159e+01 -1.119249443993e+01 -1.129350749164e+01 -1.139452176184e+01 -1.149553799153e+01 -1.159655764620e+01 -1.169758408926e+01 -1.179862712209e+01 -1.189973214535e+01 -1.200141052010e+01 -1.212707763957e+01 -1.225499699284e+01 -1.238240468019e+01 -1.250891757626e+01 -1.263210128481e+01 -1.275340717671e+01 -1.285181826642e+01 -1.294944578670e+01 -1.304780127651e+01 -1.314657298881e+01 -1.324562305024e+01 -1.334487536471e+01 -1.344428358676e+01 -1.354381827541e+01 -1.364346082799e+01 -1.374319913178e+01 -1.384302435979e+01 -1.394292936322e+01 -1.404290794187e+01 -1.414295461737e+01
-3.845034419107e+00 -3.946044520117e+00 -4.047054621127e+00 -4.148064722138e+00 -4.249074823148e+00 -4.350084924158e+00 -4.451095025169e+00 -4.552105126179e+00 -4.653115227190e+00 -4.754125328200e+00 -4.855135429211e+00 -4.956145530222e+00 -5.057155631234e+00 -5.158165732245e+00 -5.259175833257e+00 -5.360185934270e+00 -5.461196035283e+00 -5.562206136296e+00 -5.663216237311e+00 -5.764226338327e+00 -5.865236439345e+00 -5.966246540364e+00 -6.067256641387e+00 -6.168266742412e+00 -6.269276843441e+00 -6.370286944475e+00 -6.471297045515e+00 -6.572307146564e+00 -6.673317247622e+00 -6.774327348693e+00 -6.875337449780e+00 -6.976347550887e+00 -7.077357652019e+00 -7.178367753184e+00 -7.279377854389e+00 -7.380387955644e+00 -7.481398056965e+00 -7.582408158366e+00 -7.683418259870e+00 -7.784428361503e+00 -7.885438463300e+00 -7.986448565302e+00 -8.087458667564e+00 -8.188468770154e+00 -8.289478873158e+00 -8.390488976685e+00 -8.491499080871e+00 -8.592509185889e+00 -8.693519291958e+00 -8.794529399353e+00 -8.895539508423e+00 -8.996549619608e+00 -9.097559733464e+00 -9.198569850696e+00 -9.299579972192e+00 -9.400590099082e+00 -9.501600232793e+00 -9.602610375139e+00 -9.703620528424e+00 -9.804630695581e+00 -9.905640880353e+00 -1.000665108753e+01 -1.010766132326e+01 -1.020867159549e+01 -1.030968191450e+01 -1.041069229377e+01 -1.051170275103e+01 -1.061271330997e+01 -1.071372400261e+01 -1.081473487302e+01 -1.091574598324e+01 -1.101675742297e+01 -1.111776932655e+01 -1.121878190414e+01 -1.131979550373e+01 -1.142081074613e+01 -1.152182885821e+01 -1.162285265256e+01 -1.172389030971e+01 -1.182497956209e+01 -1.192654467742e+01 -1.204805808011e+01 -1.217132607644e+01 -1.229385511350e+01 -1.241523289441e+01 -1.253299915176e+01 -1.265208752617e+01 -1.275133004105e+01 -1.284964726090e+01 -1.294854278845e+01 -1.304776857556e+01 -1.314721503832e+01 -1.324682180026e+01 -1.334655222396e+01 -1.344638313865e+01 -1.354629999635e+01 -1.364629328904e+01 -1.374635603510e+01 -1.384648254082e+01 -1.394666785624e+01
-3.664755798975e+00 -3.765765899986e+00 -3.866776000996e+00 -3.967786102006e+00 -4.068796203016e+00 -4.169806304026e+00 -4.270816405037e+00 -4.371826506047e+00 -4.472836607057e+00 -4.573846708068e+00 -4.674856809078e+00 -4.775866910089e+00 -4.876877011100e+00 -4.977887112111e+00 -5.078897213122e+00 -5.179907314134e+00 -5.280917415146e+00 -5.381927516159e+00 -5.482937617172e+00 -5.583947718186e+00 -5.684957819201e+00 -5.785967920217e+00 -5.886978021235e+00 -5.987988122255e+00 -6.088998223278e+00 -6.190008324304e+00 -6.291018425334e+00 -6.392028526369e+00 -6.493038627411e+00 -6.594048728461e+00 -6.695058829522e+00 -6.796068930596e+00 -6.897079031686e+00 -6.998089132798e+00 -7.099099233936e+00 -7.200109335108e+00 -7.301119436322e+00 -7.402129537590e+00 -7.503139638925e+00 -7.604149740345e+00 -7.705159841872e+00 -7.806169943535e+00 -7.907180045369e+00 -8.008190147419e+00 -8.109200249741e+00 -8.210210352407e+00 -8.311220455506e+00 -8.412230559153e+00 -8.513240663491e+00 -8.614250768701e+00 -8.715260875013e+00 -8.816270982715e+00 -8.917281092173e+00 -9.018291203850e+00 -9.119301318328e+00 -9.220311436348e+00 -9.321321558845e+00 -9.422331687006e+00 -9.523341822337e+00 -9.624351966750e+00 -9.725362122681e+00 -9.826372293236e+00 -9.927382482393e+00 -1.002839269526e+01 -1.012940293842e+01 -1.023041322043e+01 -1.033142355245e+01 -1.043243394923e+01 -1.053344443041e+01 -1.063445502257e+01 -1.073546576227e+01 -1.083647670100e+01 -1.093748791316e+01 -1.103849951016e+01 -1.113951166624e+01 -1.124052466980e+01 -1.134153903508e+01 -1.144255577755e+01 -1.154357722266e+01 -1.164461012125e+01 -1.174568548198e+01 -1.184715132572e+01 -1.196502372963e+01 -1.208425611412e+01 -1.220263747943e+01 -1.231974154174e+01 -1.243310485051e+01 -1.255049088220e+01 -1.265044133275e+01 -1.274930956948e+01 -1.284863707478e+01 -1.294822657529e+01 -1.304799101397e+01 -1.314788248888e+01 -1.324787203561e+01 -1.334794139703e+01 -1.344807916778e+01 -1.354827786697e+01 -1.364853196785e+01 -1.374883693871e+01
-3.480464227558e+00 -3.581474328568e+00 -3.682484429578e+00 -3.783494530588e+00 -3.884504631599e+00 -3.985514732609e+00 -4.086524833619e+00 -4.187534934629e+00 -4.288545035639e+00 -4.389555136650e+00 -4.490565237660e+00 -4.591575338671e+00 -4.692585439681e+00 -4.793595540692e+00 -4.894605641703e+00 -4.995615742714e+00 -5.096625843725e+00 -5.197635944737e+00 -5.298646045749e+00 -5.399656146762e+00 -5.500666247775e+00 -5.601676348789e+00 -5.702686449805e+00 -5.803696550821e+00 -5.904706651839e+00 -6.005716752860e+00 -6.106726853883e+00 -6.207736954909e+00 -6.308747055940e+00 -6.409757156976e+00 -6.510767258019e+00 -6.611777359071e+00 -6.712787460133e+00 -6.813797561210e+00 -6.914807662303e+00 -7.015817763419e+00 -7.116827864562e+00 -7.217837965739e+00 -7.318848066961e+00 -7.419858168238e+00 -7.520868269585e+00 -7.621878371020e+00 -7.722888472567e+00 -7.823898574254e+00 -7.924908676118e+00 -8.025918778206e+00 -8.126928880577e+00 -8.227938983303e+00 -8.328949086480e+00 -8.429959190225e+00 -8.530969294686e+00 -8.631979400052e+00 -8.732989506560e+00 -8.833999614512e+00 -8.935009724286e+00 -9.036019836362e+00 -9.137029951348e+00 -9.238040070013e+00 -9.339050193331e+00 -9.440060322540e+00 -9.541070459212e+00 -9.642080605346e+00 -9.743090763497e+00 -9.844100936931e+00 -9.945111129842e+00 -1.004612134764e+01 -1.014713159736e+01 -1.024814188817e+01 -1.034915223217e+01 -1.045016264551e+01 -1.055117315000e+01 -1.065218377569e+01 -1.075319456482e+01 -1.085420557849e+01 -1.095521690812e+01 -1.105622869667e+01 -1.115724118066e+01 -1.125825478161e+01 -1.135927033128e+01 -1.146028973230e+01 -1.156131849766e+01 -1.166238184530e+01 -1.176376223493e+01 -1.187849937364e+01 -1.199428636845e+01 -1.210918783017e+01 -1.222277023460e+01 -1.233257889754e+01 -1.244865284645e+01 -1.254920785731e+01 -1.264851558456e+01 -1.274818800036e+01 -1.284806823722e+01 -1.294808715208e+01 -1.304820673569e+01 -1.314840408700e+01 -1.324866480346e+01 -1.334897992389e+01 -1.344934355194e+01 -1.354975131037e+01
