-1.932276478087e+01 -1.932276530562e+01 -1.932276596778e+01 -1.932276680333e+01 -1.932276785766e+01 -1.932276918805e+01 -1.932277086680e+01 -1.932277298509e+01 -1.932277565800e+01 -1.932277903073e+01 -1.932278328646e+01 -1.932278865632e+01 -1.932279543188e+01 -1.932280398099e+01 -1.932281476766e+01 -1.932282837717e+01 -1.932284554766e+01 -1.932286721000e+01 -1.932289453780e+01 -1.932292901049e+01 -1.932297249245e+01 -1.932302733239e+01 -1.932309648789e+01 -1.932318368122e+01 -1.932329359378e+01 -1.932343210820e+01 -1.932360660841e+01 -1.932382634990e+01 -1.932410291378e+01 -1.932445075902e+01 -1.932488788683e+01 -1.932543662887e+01 -1.932612456411e+01 -1.932698555689e+01 -1.932806088656e+01 -1.932940040359e+01 -1.933106359266e+01 -1.933312034586e+01 -1.933565114673e+01 -1.933874624357e+01 -1.934250326799e+01 -1.934702267582e+01 -1.935240042480e+01 -1.935871756154e+01 -1.936602696897e+01 -1.937433846629e+01 -1.938360463012e+01 -1.939371075045e+01 -1.940447266286e+01 -1.941564524638e+01 -1.942694200644e+01 -1.943806299226e+01 -1.944872559437e+01 -1.945869180919e+01 -1.946778683628e+01 -1.947590677263e+01 -1.948301637323e+01 -1.948914016529e+01 -1.949435113890e+01 -1.949876102329e+01 -1.950251538454e+01 -1.950579596209e+01 -1.950883196167e+01 -1.951192114850e+01 -1.951545985597e+01 -1.951997771847e+01 -1.952616800482e+01 -1.953489898650e+01 -1.954718825330e+01 -1.956413315609e+01 -1.958669058338e+01 -1.961567507354e+01 -1.965146113316e+01 -1.969404079481e+01 -1.974307482998e+01 -1.979801290703e+01 -1.985821234057e+01 -1.992302583031e+01 -1.999185106706e+01 -2.006415675820e+01 -2.013948457340e+01 -2.021744623992e+01 -2.029771405004e+01 -2.038001045463e+01 -2.046409873975e+01 -2.054977563074e+01 -2.063686551319e+01 -2.072521574675e+01 -2.081469285881e+01 -2.090517962410e+01 -2.099657291094e+01 -2.108878197765e+01 -2.118172695756e+01 -2.127533746284e+01 -2.136955132584e+01 -2.146431348519e+01 -2.155957500744e+01 -2.165529223546e+01 -2.175142605550e+01 -2.184794127330e+01
-1.921976243417e+01 -1.921976289816e+01 -1.921976348365e+01 -1.921976422245e+01 -1.921976515469e+01 -1.921976633104e+01 -1.921976781541e+01 -1.921976968843e+01 -1.921977205186e+01 -1.921977503410e+01 -1.921977879712e+01 -1.921978354531e+01 -1.921978953651e+01 -1.921979709603e+01 -1.921980663421e+01 -1.921981866870e+01 -1.921983385238e+01 -1.921985300862e+01 -1.921987717568e+01 -1.921990766246e+01 -1.921994611877e+01 -1.921999462342e+01 -1.922005579479e+01 -1.922013292934e+01 -1.922023017469e+01 -1.922035274544e+01 -1.922050719135e+01 -1.922070172921e+01 -1.922094665137e+01 -1.922125482499e+01 -1.922164229681e+01 -1.922212901672e+01 -1.922273968971e+01 -1.922350475665e+01 -1.922446148838e+01 -1.922565514982e+01 -1.922714014756e+01 -1.922898101006e+01 -1.923125296062e+01 -1.923404172971e+01 -1.923744212621e+01 -1.924155477465e+01 -1.924648038477e+01 -1.925231103765e+01 -1.925911836016e+01 -1.926693920114e+01 -1.927576050280e+01 -1.928550625474e+01 -1.929603024706e+01 -1.930711818006e+01 -1.931850110045e+01 -1.932987927765e+01 -1.934095245688e+01 -1.935145031236e+01 -1.936115691818e+01 -1.936992517822e+01 -1.937768040673e+01 -1.938441525489e+01 -1.939017998704e+01 -1.939507255669e+01 -1.939923244427e+01 -1.940284136447e+01 -1.940613303392e+01 -1.940941304057e+01 -1.941308786689e+01 -1.941769863468e+01 -1.942395021457e+01 -1.943272118632e+01 -1.944503703061e+01 -1.946200026659e+01 -1.948457091267e+01 -1.951356519322e+01 -1.954935872632e+01 -1.959194424628e+01 -1.964098298480e+01 -1.969592491375e+01 -1.975612755180e+01 -1.982094374025e+01 -1.988977127277e+01 -1.996207893211e+01 -2.003740844626e+01 -2.011537158781e+01 -2.019564068522e+01 -2.027793821863e+01 -2.036202749806e+01 -2.044770526854e+01 -2.053479593195e+01 -2.062314686151e+01 -2.071262459603e+01 -2.080311191979e+01 -2.089450570920e+01 -2.098671522938e+01 -2.107966061942e+01 -2.117327149645e+01 -2.126748569702e+01 -2.136224816344e+01 -2.145750996544e+01 -2.155322744865e+01 -2.164936150177e+01 -2.174587693269e+01
-1.911665915121e+01 -1.911665956104e+01 -1.911666007818e+01 -1.911666073073e+01 -1.911666155415e+01 -1.911666259318e+01 -1.911666390428e+01 -1.911666555866e+01 -1.911666764622e+01 -1.911667028036e+01 -1.911667360416e+01 -1.911667779817e+01 -1.911668309015e+01 -1.911668976746e+01 -1.911669819263e+01 -1.911670882295e+01 -1.911672223526e+01 -1.911673915707e+01 -1.911676050581e+01 -1.911678743826e+01 -1.911682141263e+01 -1.911686426668e+01 -1.911691831571e+01 -1.911698647545e+01 -1.911707241585e+01 -1.911718075312e+01 -1.911731728880e+01 -1.911748930647e+01 -1.911770593813e+01 -1.911797861388e+01 -1.911832160979e+01 -1.911875270824e+01 -1.911929398336e+01 -1.911997271798e+01 -1.912082244698e+01 -1.912188410138e+01 -1.912320719329e+01 -1.912485093017e+01 -1.912688507139e+01 -1.912939023931e+01 -1.913245727460e+01 -1.913618509767e+01 -1.914067644582e+01 -1.914603086802e+01 -1.915233457804e+01 -1.915964729976e+01 -1.916798714236e+01 -1.917731572601e+01 -1.918752690627e+01 -1.919844294853e+01 -1.920982127664e+01 -1.922137272196e+01 -1.923278902431e+01 -1.924377440047e+01 -1.925407466244e+01 -1.926349832263e+01 -1.927192692081e+01 -1.927931517994e+01 -1.928568425444e+01 -1.929111262578e+01 -1.929572923439e+01 -1.929971271809e+01 -1.930329956216e+01 -1.930680253246e+01 -1.931063846610e+01 -1.931536077895e+01 -1.932168709991e+01 -1.933050757059e+01 -1.934285669414e+01 -1.935984303480e+01 -1.938243038104e+01 -1.941143703831e+01 -1.944724002045e+01 -1.948983294767e+01 -1.953887763337e+01 -1.959382443304e+01 -1.965403112329e+01 -1.971885072439e+01 -1.978768116010e+01 -1.985999130841e+01 -1.993532297105e+01 -2.001328797797e+01 -2.009355870332e+01 -2.017585766428e+01 -2.025994820117e+01 -2.034562708391e+01 -2.043271873496e+01 -2.052107054474e+01 -2.061054906645e+01 -2.070103709650e+01 -2.079243152150e+01 -2.088464161516e+01 -2.097758752391e+01 -2.107119887107e+01 -2.116541349858e+01 -2.126017635335e+01 -2.135543850914e+01 -2.145115631509e+01 -2.154729066298e+01 -2.164380636343e+01
-1.901344668026e+01 -1.901344704178e+01 -1.901344749797e+01 -1.901344807360e+01 -1.901344879997e+01 -1.901344971654e+01 -1.901345087310e+01 -1.901345233250e+01 -1.901345417401e+01 -1.901345649770e+01 -1.901345942978e+01 -1.901346312952e+01 -1.901346779787e+01 -1.901347368835e+01 -1.901348112079e+01 -1.901349049868e+01 -1.901350233097e+01 -1.901351725963e+01 -1.901353609427e+01 -1.901355985580e+01 -1.901358983138e+01 -1.901362764340e+01 -1.901367533628e+01 -1.901373548530e+01 -1.901381133292e+01 -1.901390695934e+01 -1.901402749516e+01 -1.901417938584e+01 -1.901437071932e+01 -1.901461162957e+01 -1.901491479069e+01 -1.901529601632e+01 -1.901577497873e+01 -1.901637605814e+01 -1.901712932519e+01 -1.901807164400e+01 -1.901924785793e+01 -1.902071197854e+01 -1.902252823688e+01 -1.902477176954e+01 -1.902752859961e+01 -1.903089444340e+01 -1.903497175201e+01 -1.903986433580e+01 -1.904566900257e+01 -1.905246397818e+01 -1.906029456873e+01 -1.906915757631e+01 -1.907898721233e+01 -1.908964621996e+01 -1.910092599145e+01 -1.911255812815e+01 -1.912423716542e+01 -1.913565089708e+01 -1.914651227325e+01 -1.915658641111e+01 -1.916570810402e+01 -1.917378848433e+01 -1.918081279249e+01 -1.918683342743e+01 -1.919196324806e+01 -1.919637374140e+01 -1.920030159639e+01 -1.920406553505e+01 -1.920809261524e+01 -1.921294921635e+01 -1.921936689969e+01 -1.922824874262e+01 -1.924063956989e+01 -1.925765503383e+01 -1.928026347721e+01 -1.930928577905e+01 -1.934510070676e+01 -1.938770299892e+01 -1.943675520392e+01 -1.949170816211e+01 -1.955191997612e+01 -1.961674389245e+01 -1.968557799924e+01 -1.975789129491e+01 -1.983322567443e+01 -1.991119304022e+01 -1.999146582422e+01 -2.007376659044e+01 -2.015785871750e+01 -2.024353900680e+01 -2.033063190684e+01 -2.041898482975e+01 -2.050846434696e+01 -2.059895327021e+01 -2.069034849899e+01 -2.078255931791e+01 -2.087550588261e+01 -2.096911782433e+01 -2.106333299175e+01 -2.115809633766e+01 -2.125335894086e+01 -2.134907715497e+01 -2.144521187565e+01 -2.154172791698e+01
-1.891011664603e+01 -1.891011696475e+01 -1.891011736679e+01 -1.891011787398e+01 -1.891011851390e+01 -1.891011932130e+01 -1.891012034007e+01 -1.891012162554e+01 -1.891012324757e+01 -1.891012529427e+01 -1.891012787684e+01 -1.891013113555e+01 -1.891013524742e+01 -1.891014043575e+01 -1.891014698231e+01 -1.891015524251e+01 -1.891016566473e+01 -1.891017881454e+01 -1.891019540528e+01 -1.891021633654e+01 -1.891024274259e+01 -1.891027605342e+01 -1.891031807125e+01 -1.891037106681e+01 -1.891043789997e+01 -1.891052217077e+01 -1.891062840816e+01 -1.891076230509e+01 -1.891093101048e+01 -1.891114349015e+01 -1.891141097044e+01 -1.891174747961e+01 -1.891217050187e+01 -1.891270175781e+01 -1.891336811932e+01 -1.891420265687e+01 -1.891524579795e+01 -1.891654654377e+01 -1.891816364183e+01 -1.892016654016e+01 -1.892263585054e+01 -1.892566292532e+01 -1.892934802034e+01 -1.893379640814e+01 -1.893911178920e+01 -1.894538651943e+01 -1.895268864595e+01 -1.896104659359e+01 -1.897043352041e+01 -1.898075457418e+01 -1.899184099075e+01 -1.900345453898e+01 -1.901530387194e+01 -1.902707122301e+01 -1.903844470870e+01 -1.904914970797e+01 -1.905897329691e+01 -1.906777832774e+01 -1.907550727853e+01 -1.908217906940e+01 -1.908788377565e+01 -1.909278044637e+01 -1.909710235580e+01 -1.910117216967e+01 -1.910542652665e+01 -1.911044519270e+01 -1.911697480009e+01 -1.912593284747e+01 -1.913837596874e+01 -1.915542814605e+01 -1.917806323840e+01 -1.920710531270e+01 -1.924293534013e+01 -1.928554947086e+01 -1.933461118189e+01 -1.938957192617e+01 -1.944979021830e+01 -1.951461959069e+01 -1.958345833922e+01 -1.965577561456e+01 -1.973111342946e+01 -1.980908377798e+01 -1.988935916514e+01 -1.997166221415e+01 -2.005575635202e+01 -2.014143841996e+01 -2.022853289940e+01 -2.031688722993e+01 -2.040636800602e+01 -2.049685805876e+01 -2.058825430398e+01 -2.068046604004e+01 -2.077341343427e+01 -2.086702612785e+01 -2.096124197805e+01 -2.105600594503e+01 -2.115126911404e+01 -2.124698784429e+01 -2.134312303640e+01 -2.143963950880e+01
-1.880665933868e+01 -1.880665990071e+01 -1.880666047750e+01 -1.880666110039e+01 -1.880666180324e+01 -1.880666262422e+01 -1.880666360794e+01 -1.880666480787e+01 -1.880666628919e+01 -1.880666813237e+01 -1.880667043757e+01 -1.880667333000e+01 -1.880667696679e+01 -1.880668154546e+01 -1.880668731467e+01 -1.880669458769e+01 -1.880670375937e+01 -1.880671532750e+01 -1.880672991976e+01 -1.880674832762e+01 -1.880677154898e+01 -1.880680084193e+01 -1.880683779225e+01 -1.880688439829e+01 -1.880694317747e+01 -1.880701729973e+01 -1.880711075453e+01 -1.880722855927e+01 -1.880737701864e+01 -1.880756404619e+01 -1.880779956106e+01 -1.880809597437e+01 -1.880846878077e+01 -1.880893727002e+01 -1.880952537089e+01 -1.881026263250e+01 -1.881118533491e+01 -1.881233769680e+01 -1.881377310992e+01 -1.881555527171e+01 -1.881775900431e+01 -1.882047043803e+01 -1.882378610663e+01 -1.882781037040e+01 -1.883265049878e+01 -1.883840878518e+01 -1.884517134287e+01 -1.885299385152e+01 -1.886188552935e+01 -1.887179386485e+01 -1.888259376009e+01 -1.889408509693e+01 -1.890600173899e+01 -1.891803248254e+01 -1.892985112222e+01 -1.894114994762e+01 -1.895167000179e+01 -1.896122286064e+01 -1.896970190569e+01 -1.897708467930e+01 -1.898343062542e+01 -1.898887968103e+01 -1.899365677103e+01 -1.899808543116e+01 -1.900261050886e+01 -1.900782517596e+01 -1.901449215367e+01 -1.902354493648e+01 -1.903605366253e+01 -1.905315212198e+01 -1.907582087079e+01 -1.910488793009e+01 -1.914073704102e+01 -1.918336613512e+01 -1.923243986218e+01 -1.928741044906e+01 -1.934763693079e+01 -1.941247320098e+01 -1.948131781804e+01 -1.955364012496e+01 -1.962898228341e+01 -1.970695640327e+01 -1.978723508188e+01 -1.986954101729e+01 -1.995363769770e+01 -2.003932201464e+01 -2.012641849118e+01 -2.021477460161e+01 -2.030425696951e+01 -2.039474845050e+01 -2.048614598101e+01 -2.057835887679e+01 -2.067130731995e+01 -2.076492096427e+01 -2.085913767786e+01 -2.095390243020e+01 -2.104916631469e+01 -2.114488569763e+01 -2.124102148588e+01 -2.133753850338e+01
-1.870276800661e+01 -1.870283104022e+01 -1.870288111600e+01 -1.870292095033e+01 -1.870295270481e+01 -1.870297810311e+01 -1.870299852420e+01 -1.870301507700e+01 -1.870302866052e+01 -1.870304001259e+01 -1.870304974988e+01 -1.870305840137e+01 -1.870306643705e+01 -1.870307429349e+01 -1.870308239745e+01 -1.870309118910e+01 -1.870310114590e+01 -1.870311280845e+01 -1.870312680977e+01 -1.870314390957e+01 -1.870316503527e+01 -1.870319133196e+01 -1.870322422410e+01 -1.870326549181e+01 -1.870331736611e+01 -1.870338264760e+01 -1.870346485464e+01 -1.870356840821e+01 -1.870369886207e+01 -1.870386318860e+01 -1.870407013235e+01 -1.870433064526e+01 -1.870465841868e+01 -1.870507052786e+01 -1.870558820367e+01 -1.870623774186e+01 -1.870705155103e+01 -1.870806932377e+01 -1.870933928583e+01 -1.871091943321e+01 -1.871287859843e+01 -1.871529709290e+01 -1.871826655132e+01 -1.872188846672e+01 -1.872627078120e+01 -1.873152184643e+01 -1.873774118133e+01 -1.874500685053e+01 -1.875336006165e+01 -1.876278872365e+01 -1.877321300096e+01 -1.878447684117e+01 -1.879634938799e+01 -1.880853861723e+01 -1.882071657469e+01 -1.883255220863e+01 -1.884374545518e+01 -1.885405613235e+01 -1.886332346641e+01 -1.887147571326e+01 -1.887853285297e+01 -1.888460753372e+01 -1.888990980032e+01 -1.889475959187e+01 -1.889960755927e+01 -1.890505967215e+01 -1.891189550733e+01 -1.892106617271e+01 -1.893365722725e+01 -1.895081402649e+01 -1.897352527243e+01 -1.900262389606e+01 -1.903849712020e+01 -1.908114512366e+01 -1.913023403697e+01 -1.918521706423e+01 -1.924545389776e+01 -1.931029888737e+01 -1.937915092308e+01 -1.945147959087e+01 -1.952682724056e+01 -1.960480612835e+01 -1.968508896829e+01 -1.976739855300e+01 -1.985149844801e+01 -1.993718560847e+01 -2.002428461005e+01 -2.011264297093e+01 -2.020212735150e+01 -2.029262063835e+01 -2.038401979397e+01 -2.047623415613e+01 -2.056918392558e+01 -2.066279877205e+01 -2.075701657731e+01 -2.085178232271e+01 -2.094704711187e+01 -2.104276732010e+01 -2.113890386213e+01 -2.123542156889e+01
-1.857822156007e+01 -1.858250458512e+01 -1.858593505604e+01 -1.858867688012e+01 -1.859086460869e+01 -1.859260789808e+01 -1.859399560551e+01 -1.859509941019e+01 -1.859597693065e+01 -1.859667435758e+01 -1.859722864581e+01 -1.859766932033e+01 -1.859801995235e+01 -1.859829935899e+01 -1.859852257447e+01 -1.859870163466e+01 -1.859884621064e+01 -1.859896412135e+01 -1.859906175027e+01 -1.859914438709e+01 -1.859921651175e+01 -1.859928203559e+01 -1.859934451214e+01 -1.859940732868e+01 -1.859947388857e+01 -1.859954779408e+01 -1.859963303883e+01 -1.859973421996e+01 -1.859985678025e+01 -1.860000729185e+01 -1.860019379425e+01 -1.860042620099e+01 -1.860071679061e+01 -1.860108079866e+01 -1.860153712713e+01 -1.860210918575e+01 -1.860282587377e+01 -1.860372269864e+01 -1.860484300744e+01 -1.860623927160e+01 -1.860797431181e+01 -1.861012227161e+01 -1.861276904192e+01 -1.861601170758e+01 -1.861995644695e+01 -1.862471420619e+01 -1.863039346207e+01 -1.863708958752e+01 -1.864487086098e+01 -1.865376208875e+01 -1.866372806824e+01 -1.867466038942e+01 -1.868637176774e+01 -1.869860155861e+01 -1.871103398182e+01 -1.872332729252e+01 -1.873514889721e+01 -1.874620973732e+01 -1.875629205836e+01 -1.876526766665e+01 -1.877310764381e+01 -1.877988767676e+01 -1.878579454071e+01 -1.879113832936e+01 -1.879637166695e+01 -1.880211177269e+01 -1.880915539745e+01 -1.881847284030e+01 -1.883116722152e+01 -1.884839754466e+01 -1.887116243431e+01 -1.890030092232e+01 -1.893620460688e+01 -1.897887650057e+01 -1.902798460261e+01 -1.908298335065e+01 -1.914323326673e+01 -1.920808927667e+01 -1.927695068920e+01 -1.934928739721e+01 -1.942464198816e+01 -1.950262690310e+01 -1.958291500352e+01 -1.966522920153e+01 -1.974933316041e+01 -1.983502391567e+01 -1.992212610948e+01 -2.001048731547e+01 -2.009997424057e+01 -2.019046981052e+01 -2.028187102075e+01 -2.037408723682e+01 -2.046703868310e+01 -2.056065504946e+01 -2.065487423496e+01 -2.074964123588e+01 -2.084490716886e+01 -2.094062842052e+01 -2.103676591560e+01 -2.113328449381e+01
-1.813755678273e+01 -1.818553216000e+01 -1.822985375231e+01 -1.827009615487e+01 -1.830602608446e+01 -1.833759817547e+01 -1.836493269144e+01 -1.838828086616e+01 -1.840798475606e+01 -1.842443793925e+01 -1.843805163188e+01 -1.844922860054e+01 -1.845834531502e+01 -1.846574146948e+01 -1.847171534630e+01 -1.847652335937e+01 -1.848038228799e+01 -1.848347302334e+01 -1.848594498015e+01 -1.848792061387e+01 -1.848949970772e+01 -1.849076325341e+01 -1.849177685565e+01 -1.849259365651e+01 -1.849325681286e+01 -1.849380157933e+01 -1.849425705606e+01 -1.849464766145e+01 -1.849499438700e+01 -1.849531588697e+01 -1.849562945141e+01 -1.849595190637e+01 -1.849630048203e+01 -1.849669368591e+01 -1.849715221544e+01 -1.849769994013e+01 -1.849836497778e+01 -1.849918087919e+01 -1.850018791952e+01 -1.850143446725e+01 -1.850297835944e+01 -1.850488814837e+01 -1.850724399485e+01 -1.851013786529e+01 -1.851367254926e+01 -1.851795887466e+01 -1.852311040877e+01 -1.852923497950e+01 -1.853642264894e+01 -1.854473043686e+01 -1.855416516642e+01 -1.856466714610e+01 -1.857609859453e+01 -1.858824110407e+01 -1.860080540119e+01 -1.861345405333e+01 -1.862583429254e+01 -1.863761519979e+01 -1.864852256623e+01 -1.865836639495e+01 -1.866705953514e+01 -1.867462977316e+01 -1.868123018885e+01 -1.868715257846e+01 -1.869284579377e+01 -1.869893538790e+01 -1.870623486531e+01 -1.871573511465e+01 -1.872855916224e+01 -1.874588211394e+01 -1.876871469034e+01 -1.879790350629e+01 -1.883384565614e+01 -1.887654772380e+01 -1.892568006541e+01 -1.898069867478e+01 -1.904096512088e+01 -1.910583505638e+01 -1.917470831854e+01 -1.924705518771e+01 -1.932241855136e+01 -1.940041108403e+01 -1.948070583340e+01 -1.956302586253e+01 -1.964713495818e+01 -1.973283025740e+01 -1.981993648638e+01 -1.990830128883e+01 -1.999779143048e+01 -2.008828988652e+01 -2.017969369404e+01 -2.027191225374e+01 -2.036486581979e+01 -2.045848410753e+01 -2.055270503789e+01 -2.064747362604e+01 -2.074274100501e+01 -2.083846357579e+01 -2.093460227571e+01 -2.103112195563e+01
-1.740450386116e+01 -1.745797662326e+01 -1.751182516829e+01 -1.756622201539e+01 -1.762129833493e+01 -1.767709018002e+01 -1.773349225550e+01 -1.779023035761e+01 -1.784685910802e+01 -1.790278598288e+01 -1.795731761243e+01 -1.800972087689e+01 -1.805928960021e+01 -1.810540737425e+01 -1.814759802194e+01 -1.818555740747e+01 -1.821916361696e+01 -1.824846643106e+01 -1.827366052693e+01 -1.829504901169e+01 -1.831300423166e+01 -1.832793156094e+01 -1.834023977517e+01 -1.835031945816e+01 -1.835852921491e+01 -1.836518846841e+01 -1.837057523049e+01 -1.837492726975e+01 -1.837844535385e+01 -1.838129757075e+01 -1.838362404557e+01 -1.838554162618e+01 -1.838714830149e+01 -1.838852724873e+01 -1.838975049104e+01 -1.839088219665e+01 -1.839198167639e+01 -1.839310614312e+01 -1.839431328990e+01 -1.839566372292e+01 -1.839722325000e+01 -1.839906497112e+01 -1.840127103980e+01 -1.840393385820e+01 -1.840715633528e+01 -1.841105068623e+01 -1.841573511296e+01 -1.842132764108e+01 -1.842793649561e+01 -1.843564679998e+01 -1.844450418779e+01 -1.845449712501e+01 -1.846554113273e+01 -1.847746916891e+01 -1.849003247543e+01 -1.850291467859e+01 -1.851575892579e+01 -1.852820431654e+01 -1.853992539556e+01 -1.855066832047e+01 -1.856027969492e+01 -1.856872786350e+01 -1.857611982873e+01 -1.858271808387e+01 -1.858895949414e+01 -1.859547311566e+01 -1.860308763921e+01 -1.861281554286e+01 -1.862580225223e+01 -1.864324184265e+01 -1.866615978033e+01 -1.869541210378e+01 -1.873140280662e+01 -1.877414297021e+01 -1.882330592122e+01 -1.887834961528e+01 -1.893863694146e+01 -1.900352446915e+01 -1.907241270231e+01 -1.914477241017e+01 -1.922014685887e+01 -1.929814901768e+01 -1.937845216934e+01 -1.946077956755e+01 -1.954489515499e+01 -1.963059619697e+01 -1.971770752581e+01 -1.980607687373e+01 -1.989557108077e+01 -1.998607318462e+01 -2.007748027495e+01 -2.016970179688e+01 -2.026265804226e+01 -2.035627875860e+01 -2.045050189446e+01 -2.054527248887e+01 -2.064054169560e+01 -2.073626593377e+01 -2.083240615665e+01 -2.092892722918e+01
-1.666158612627e+01 -1.672757765980e+01 -1.679276148561e+01 -1.685728745030e+01 -1.692128836586e+01 -1.698487560507e+01 -1.704813513247e+01 -1.711112621964e+01 -1.717388494658e+01 -1.723643277222e+01 -1.729878732835e+01 -1.736096969109e+01 -1.742300166200e+01 -1.748488913323e+01 -1.754659276906e+01 -1.760799283281e+01 -1.766885849146e+01 -1.772883182995e+01 -1.778743330417e+01 -1.784409000667e+01 -1.789818279801e+01 -1.794910442463e+01 -1.799631878411e+01 -1.803941158603e+01 -1.807812464508e+01 -1.811236954782e+01 -1.814222068642e+01 -1.816789154326e+01 -1.818970059629e+01 -1.820803379115e+01 -1.822330942154e+01 -1.823594921095e+01 -1.824635722146e+01 -1.825490650090e+01 -1.826193233931e+01 -1.826773058045e+01 -1.827255944117e+01 -1.827664352755e+01 -1.828017905129e+01 -1.828333954642e+01 -1.828628162024e+01 -1.828915042757e+01 -1.829208463362e+01 -1.829522063437e+01 -1.829869574285e+01 -1.830264993748e+01 -1.830722562835e+01 -1.831256477367e+01 -1.831880264690e+01 -1.832605772894e+01 -1.833441770918e+01 -1.834392251853e+01 -1.835454664227e+01 -1.836618437291e+01 -1.837864257620e+01 -1.839164524240e+01 -1.840485214170e+01 -1.841789060283e+01 -1.843039598462e+01 -1.844205441908e+01 -1.845264195375e+01 -1.846205708477e+01 -1.847034728703e+01 -1.847773231992e+01 -1.848462601865e+01 -1.849165365560e+01 -1.849965591554e+01 -1.850966717588e+01 -1.852285780728e+01 -1.854044416763e+01 -1.856346968358e+01 -1.859280209671e+01 -1.862885405258e+01 -1.867164229068e+01 -1.872084387811e+01 -1.877591924160e+01 -1.883623293338e+01 -1.890114267809e+01 -1.897004982013e+01 -1.904242574520e+01 -1.911781419710e+01 -1.919582851689e+01 -1.927614228401e+01 -1.935847899272e+01 -1.944260278258e+01 -1.952831108081e+01 -1.961542885376e+01 -1.970380394544e+01 -1.979330328970e+01 -1.988381000318e+01 -1.997522124199e+01 -2.006744650734e+01 -2.016040613869e+01 -2.025402992417e+01 -2.034825584727e+01 -2.044302897715e+01 -2.053830049381e+01 -2.063402683924e+01 -2.073016898686e+01 -2.082669181940e+01
-1.563678634357e+01 -1.574381638197e+01 -1.584763698212e+01 -1.594816012366e+01 -1.604539734850e+01 -1.613944893738e+01 -1.623048618181e+01 -1.631873116437e+01 -1.640443726493e+01 -1.648787468781e+01 -1.656931487621e+01 -1.664902409591e+01 -1.672725413536e+01 -1.680423477348e+01 -1.688016535923e+01 -1.695520621350e+01 -1.702947154859e+01 -1.710302570560e+01 -1.717588313103e+01 -1.724801024013e+01 -1.731932561692e+01 -1.738969530534e+01 -1.745892258602e+01 -1.752673547567e+01 -1.759277824405e+01 -1.765661385497e+01 -1.771774199067e+01 -1.777563312080e+01 -1.782977449906e+01 -1.787972047575e+01 -1.792513804045e+01 -1.796583938763e+01 -1.800179625169e+01 -1.803313491520e+01 -1.806011488247e+01 -1.808309702392e+01 -1.810250789754e+01 -1.811880608703e+01 -1.813245446972e+01 -1.814390018217e+01 -1.815356229625e+01 -1.816182610594e+01 -1.816904241764e+01 -1.817553015240e+01 -1.818158070234e+01 -1.818746267661e+01 -1.819342583304e+01 -1.819970309420e+01 -1.820650962464e+01 -1.821403808823e+01 -1.822244954291e+01 -1.823186010966e+01 -1.824232466013e+01 -1.825382021803e+01 -1.826623319776e+01 -1.827935536160e+01 -1.829289275522e+01 -1.830648956550e+01 -1.831976535199e+01 -1.833236080438e+01 -1.834398565656e+01 -1.835446342130e+01 -1.836377047319e+01 -1.837206963389e+01 -1.837973843410e+01 -1.838738857623e+01 -1.839586764087e+01 -1.840623128271e+01 -1.841967732276e+01 -1.843744819651e+01 -1.846060917299e+01 -1.849004250997e+01 -1.852617168797e+01 -1.856902055586e+01 -1.861827088512e+01 -1.867338621162e+01 -1.873373318076e+01 -1.879867097164e+01 -1.886760198715e+01 -1.893999838976e+01 -1.901540452525e+01 -1.909343420349e+01 -1.917376137809e+01 -1.925610984678e+01 -1.934024399752e+01 -1.942596146188e+01 -1.951308737536e+01 -1.960146972308e+01 -1.969097555735e+01 -1.978148809445e+01 -1.987290457442e+01 -1.996513456928e+01 -2.005809847859e+01 -2.015172614183e+01 -2.024595558655e+01 -2.034073192000e+01 -2.043600635527e+01 -2.053173536329e+01 -2.062787994291e+01 -2.072440499932e+01
-1.448014749047e+01 -1.449904027490e+01 -1.455123532726e+01 -1.466147062183e+01 -1.479409724872e+01 -1.492609879453e+01 -1.505631009390e+01 -1.518566018607e+01 -1.531413445459e+01 -1.544126213831e+01 -1.556649506848e+01 -1.568928276083e+01 -1.580912053119e+01 -1.592561027922e+01 -1.603850080001e+01 -1.614770314139e+01 -1.625327972221e+01 -1.635541506493e+01 -1.645437898810e+01 -1.655048914839e+01 -1.664408029934e+01 -1.673547332886e+01 -1.682494894047e+01 -1.691272215995e+01 -1.699892087290e+01 -1.708357091504e+01 -1.716658920936e+01 -1.724778462134e+01 -1.732686519692e+01 -1.740345083426e+01 -1.747709164137e+01 -1.754729310595e+01 -1.761354885788e+01 -1.767538007937e+01 -1.773237811652e+01 -1.778424462446e+01 -1.783082269157e+01 -1.787211344557e+01 -1.790827548704e+01 -1.793960819066e+01 -1.796652315984e+01 -1.798950987092e+01 -1.800910147315e+01 -1.802584523001e+01 -1.804027997995e+01 -1.805292099007e+01 -1.806425109290e+01 -1.807471613343e+01 -1.808472241405e+01 -1.809463386810e+01 -1.810476703568e+01 -1.811538256664e+01 -1.812667300234e+01 -1.813874802301e+01 -1.815162004919e+01 -1.816519462721e+01 -1.817927071873e+01 -1.819355517184e+01 -1.820769308589e+01 -1.822131219273e+01 -1.823407623468e+01 -1.824574108012e+01 -1.825620834457e+01 -1.826557327564e+01 -1.827416420218e+01 -1.828256821275e+01 -1.829163319013e+01 -1.830243457429e+01 -1.831620011539e+01 -1.833420267427e+01 -1.835753403283e+01 -1.838709442392e+01 -1.842332087227e+01 -1.846624614532e+01 -1.851555792255e+01 -1.857072364624e+01 -1.863111259273e+01 -1.869608577004e+01 -1.876504691261e+01 -1.883746916065e+01 -1.891289761799e+01 -1.899094668506e+01 -1.907129078699e+01 -1.915365410408e+01 -1.923780133751e+01 -1.932353037657e+01 -1.941066657015e+01 -1.949905808139e+01 -1.958857211205e+01 -1.967909200421e+01 -1.977051510378e+01 -1.986275107218e+01 -1.995572038485e+01 -2.004935294605e+01 -2.014358683900e+01 -2.023836721901e+01 -2.033364534096e+01 -2.042937771231e+01 -2.052552536402e+01 -2.062205322965e+01
-1.446122962637e+01 -1.446149225991e+01 -1.446184142770e+01 -1.446231286210e+01 -1.446296266866e+01 -1.446388390108e+01 -1.446524209325e+01 -1.446735983755e+01 -1.447094664842e+01 -1.447783590990e+01 -1.449379630465e+01 -1.453828839990e+01 -1.464434606502e+01 -1.478380405096e+01 -1.492424745446e+01 -1.506326941352e+01 -1.520230733742e+01 -1.534150537220e+01 -1.548032332746e+01 -1.561804240258e+01 -1.575384819466e+01 -1.588691874567e+01 -1.601654237752e+01 -1.614221627194e+01 -1.626369487545e+01 -1.638097885396e+01 -1.649426079716e+01 -1.660384496706e+01 -1.671007234611e+01 -1.681323452002e+01 -1.691350948817e+01 -1.701091386288e+01 -1.710528330283e+01 -1.719628254234e+01 -1.728344120971e+01 -1.736620781916e+01 -1.744401293330e+01 -1.751633293637e+01 -1.758274720312e+01 -1.764298300008e+01 -1.769694403770e+01 -1.774472044949e+01 -1.778658034394e+01 -1.782294572853e+01 -1.785435783465e+01 -1.788143791033e+01 -1.790484907691e+01 -1.792526316055e+01 -1.794333419388e+01 -1.795967823390e+01 -1.797485772307e+01 -1.798936802529e+01 -1.800362401775e+01 -1.801794564980e+01 -1.803254305112e+01 -1.804750377536e+01 -1.806278654149e+01 -1.807822661211e+01 -1.809355705251e+01 -1.810844745056e+01 -1.812255805761e+01 -1.813560419594e+01 -1.814742434836e+01 -1.815804543046e+01 -1.816773860873e+01 -1.817705679932e+01 -1.818684143430e+01 -1.819818588989e+01 -1.821235047981e+01 -1.823064351082e+01 -1.825418887802e+01 -1.828390902256e+01 -1.832025786078e+01 -1.836327932541e+01 -1.841266850162e+01 -1.846789773122e+01 -1.852833959187e+01 -1.859335738777e+01 -1.866235652609e+01 -1.873481137609e+01 -1.881026799505e+01 -1.888834152656e+01 -1.896870698937e+01 -1.905108904565e+01 -1.913525279118e+01 -1.922099644005e+01 -1.930814561014e+01 -1.939654868903e+01 -1.948607306698e+01 -1.957660224467e+01 -1.966803370160e+01 -1.976027721194e+01 -1.985325334687e+01 -1.994689209240e+01 -2.004113160195e+01 -2.013591709151e+01 -2.023119986869e+01 -2.032693648705e+01 -2.042308801805e+01 -2.051961943110e+01
-1.446011628501e+01 -1.446015565829e+01 -1.446020576415e+01 -1.446026967264e+01 -1.446035142142e+01 -1.446045637682e+01 -1.446059176487e+01 -1.446076747543e+01 -1.446099732065e+01 -1.446130108122e+01 -1.446170798486e+01 -1.446226293671e+01 -1.446303839835e+01 -1.446415882816e+01 -1.446585595526e+01 -1.446860968440e+01 -1.447356639139e+01 -1.448403179197e+01 -1.451145413800e+01 -1.458900539098e+01 -1.472622942414e+01 -1.487433294247e+01 -1.502135238240e+01 -1.516884971905e+01 -1.531784590520e+01 -1.546797375310e+01 -1.561846131676e+01 -1.576826023465e+01 -1.591612172388e+01 -1.606079850699e+01 -1.620126813780e+01 -1.633688758736e+01 -1.646742200632e+01 -1.659290806381e+01 -1.671355403640e+01 -1.682949418572e+01 -1.694069058569e+01 -1.704687204597e+01 -1.714755703952e+01 -1.724213560802e+01 -1.732998033294e+01 -1.741055743634e+01 -1.748351608184e+01 -1.754874332116e+01 -1.760638137331e+01 -1.765681145636e+01 -1.770061326503e+01 -1.773851104925e+01 -1.777131639223e+01 -1.779987506057e+01 -1.782502182991e+01 -1.784754402106e+01 -1.786815232591e+01 -1.788745667924e+01 -1.790594544110e+01 -1.792396774465e+01 -1.794172104720e+01 -1.795924794887e+01 -1.797644731284e+01 -1.799310390769e+01 -1.800893811532e+01 -1.802367350176e+01 -1.803711649764e+01 -1.804923980876e+01 -1.806025887199e+01 -1.807068747034e+01 -1.808135536515e+01 -1.809337235188e+01 -1.810803431525e+01 -1.812669080997e+01 -1.815050451066e+01 -1.818042521280e+01 -1.821692783567e+01 -1.826007025392e+01 -1.830955681384e+01 -1.836486598869e+01 -1.842537448992e+01 -1.849044849885e+01 -1.855949552011e+01 -1.863199146551e+01 -1.870748358969e+01 -1.878558797018e+01 -1.886598037217e+01 -1.894838606404e+01 -1.903257063821e+01 -1.911833271774e+01 -1.920549825926e+01 -1.929391593312e+01 -1.938345336704e+01 -1.947399426162e+01 -1.956543626471e+01 -1.965768929264e+01 -1.975067403728e+01 -1.984432058770e+01 -1.993856718587e+01 -2.003335912429e+01 -2.012864777707e+01 -2.022438975590e+01 -2.032054618339e+01 -2.041708207410e+01
-1.445958860799e+01 -1.445959784389e+01 -1.445960952174e+01 -1.445962429502e+01 -1.445964299675e+01 -1.445966669166e+01 -1.445969674513e+01 -1.445973491540e+01 -1.445978347852e+01 -1.445984540012e+01 -1.445992457614e+01 -1.446002617718e+01 -1.446015715352e+01 -1.446032699684e+01 -1.446054892745e+01 -1.446084181524e+01 -1.446123342687e+01 -1.446176620376e+01 -1.446250819264e+01 -1.446357532378e+01 -1.446518121945e+01 -1.446776240069e+01 -1.447234395512e+01 -1.448182561091e+01 -1.450623839452e+01 -1.457739004952e+01 -1.471555953447e+01 -1.486988484092e+01 -1.502360692419e+01 -1.517873969341e+01 -1.533678682079e+01 -1.549754091121e+01 -1.566021480190e+01 -1.582348443231e+01 -1.598554333521e+01 -1.614441318576e+01 -1.629837677978e+01 -1.644628478079e+01 -1.658756062875e+01 -1.672194594290e+01 -1.684921173656e+01 -1.696895843768e+01 -1.708060470851e+01 -1.718349571004e+01 -1.727706427458e+01 -1.736097811334e+01 -1.743523253180e+01 -1.750017461418e+01 -1.755646641505e+01 -1.760500784519e+01 -1.764684325253e+01 -1.768307106061e+01 -1.771476747862e+01 -1.774292743293e+01 -1.776842091309e+01 -1.779196137013e+01 -1.781408393218e+01 -1.783513379740e+01 -1.785526788710e+01 -1.787447443154e+01 -1.789261471650e+01 -1.790948854809e+01 -1.792492068263e+01 -1.793886037362e+01 -1.795148064042e+01 -1.796325784554e+01 -1.797500752823e+01 -1.798785504708e+01 -1.800313520592e+01 -1.802224535431e+01 -1.804639475581e+01 -1.807656675082e+01 -1.811326227165e+01 -1.815655654502e+01 -1.820616546414e+01 -1.826157515381e+01 -1.832216748783e+01 -1.838731224356e+01 -1.845641954968e+01 -1.852896724993e+01 -1.860450409984e+01 -1.868264734864e+01 -1.876307369864e+01 -1.884550917979e+01 -1.892972000878e+01 -1.901550532298e+01 -1.910269150515e+01 -1.919112758145e+01 -1.928068147855e+01 -1.937123714874e+01 -1.946269245185e+01 -1.955495748330e+01 -1.964795308693e+01 -1.974160948171e+01 -1.983586502115e+01 -1.993066509416e+01 -2.002596115865e+01 -2.012170989961e+01 -2.021787250406e+01 -2.031441404353e+01
-1.445907034534e+01 -1.445907317838e+01 -1.445907675549e+01 -1.445908127281e+01 -1.445908697867e+01 -1.445909418762e+01 -1.445910329861e+01 -1.445911481826e+01 -1.445912939095e+01 -1.445914783802e+01 -1.445917120911e+01 -1.445920084999e+01 -1.445923849323e+01 -1.445928638096e+01 -1.445934743349e+01 -1.445942548544e+01 -1.445952562300e+01 -1.445965467798e+01 -1.445982197184e+01 -1.446004047326e+01 -1.446032866741e+01 -1.446071370865e+01 -1.446123701528e+01 -1.446196482110e+01 -1.446300960224e+01 -1.446457777465e+01 -1.446708898708e+01 -1.447152262581e+01 -1.448063213602e+01 -1.450396415813e+01 -1.457317737548e+01 -1.471352693100e+01 -1.487305047119e+01 -1.503251550356e+01 -1.519450440850e+01 -1.536093577747e+01 -1.553183031391e+01 -1.570645165081e+01 -1.588315233980e+01 -1.605933853460e+01 -1.623194493334e+01 -1.639822209936e+01 -1.655625110291e+01 -1.670481950219e+01 -1.684311518072e+01 -1.697038353730e+01 -1.708594820673e+01 -1.718934490972e+01 -1.728048170808e+01 -1.735972871293e+01 -1.742790637287e+01 -1.748618834295e+01 -1.753595917809e+01 -1.757866812688e+01 -1.761570625762e+01 -1.764831698318e+01 -1.767753825009e+01 -1.770417051539e+01 -1.772876616852e+01 -1.775163991212e+01 -1.777290285872e+01 -1.779252383392e+01 -1.781041881454e+01 -1.782656363023e+01 -1.784111646657e+01 -1.785452636699e+01 -1.786759546242e+01 -1.788146434338e+01 -1.789750998693e+01 -1.791718453178e+01 -1.794175273625e+01 -1.797223882103e+01 -1.800917577370e+01 -1.805266032778e+01 -1.810242271936e+01 -1.815795858773e+01 -1.821865623177e+01 -1.828388990931e+01 -1.835307302228e+01 -1.842568582775e+01 -1.850127895812e+01 -1.857947112940e+01 -1.865994021818e+01 -1.874241320939e+01 -1.882665710318e+01 -1.891247168264e+01 -1.899968386589e+01 -1.908814312623e+01 -1.917771776614e+01 -1.926829205439e+01 -1.935976411751e+01 -1.945204427615e+01 -1.954505356547e+01 -1.963872236782e+01 -1.973298917717e+01 -1.982779950378e+01 -1.992310491107e+01 -2.001886217629e+01 -2.011503256763e+01 -2.021158122831e+01
-1.445846397424e+01 -1.445846503649e+01 -1.445846637723e+01 -1.445846806953e+01 -1.445847020577e+01 -1.445847290267e+01 -1.445847630777e+01 -1.445848060772e+01 -1.445848603876e+01 -1.445849290010e+01 -1.445850157112e+01 -1.445851253346e+01 -1.445852639950e+01 -1.445854394943e+01 -1.445856617970e+01 -1.445859436695e+01 -1.445863015324e+01 -1.445867566109e+01 -1.445873365103e+01 -1.445880774126e+01 -1.445890272010e+01 -1.445902500112e+01 -1.445918330457e+01 -1.445938970996e+01 -1.445966134241e+01 -1.446002319004e+01 -1.446051304922e+01 -1.446119072878e+01 -1.446215644348e+01 -1.446359095119e+01 -1.446585344692e+01 -1.446975706425e+01 -1.447749963623e+01 -1.449647357309e+01 -1.455301708492e+01 -1.468466309080e+01 -1.484844446098e+01 -1.501261870367e+01 -1.517971912802e+01 -1.535264231300e+01 -1.553192386158e+01 -1.571714612418e+01 -1.590656398366e+01 -1.609673897770e+01 -1.628308012416e+01 -1.646117387046e+01 -1.662776969965e+01 -1.678079142724e+01 -1.691899312123e+01 -1.704170295191e+01 -1.714883883783e+01 -1.724095546517e+01 -1.731921376291e+01 -1.738523804611e+01 -1.744090287819e+01 -1.748811452410e+01 -1.752863476112e+01 -1.756396487550e+01 -1.759528607368e+01 -1.762344532432e+01 -1.764897835837e+01 -1.767216711323e+01 -1.769313193468e+01 -1.771195640783e+01 -1.772883371954e+01 -1.774420897819e+01 -1.775887731302e+01 -1.777399504099e+01 -1.779098391283e+01 -1.781135774935e+01 -1.783644658546e+01 -1.786732403840e+01 -1.790456233998e+01 -1.794828474067e+01 -1.799823920800e+01 -1.805393315923e+01 -1.811476285575e+01 -1.818010811548e+01 -1.824938640836e+01 -1.832208099626e+01 -1.839774485154e+01 -1.847599852145e+01 -1.855652135027e+01 -1.863904151790e+01 -1.872332700557e+01 -1.880917840566e+01 -1.889642330755e+01 -1.898491174555e+01 -1.907451249380e+01 -1.916511021848e+01 -1.925660338105e+01 -1.934890258517e+01 -1.944192910636e+01 -1.953561353238e+01 -1.962989453370e+01 -1.972471777320e+01 -1.982003494695e+01 -1.991580294828e+01 -2.001198314741e+01 -2.010854077781e+01
-1.445772380972e+01 -1.445772427556e+01 -1.445772486345e+01 -1.445772560538e+01 -1.445772654174e+01 -1.445772772354e+01 -1.445772921518e+01 -1.445773109804e+01 -1.445773347492e+01 -1.445773647577e+01 -1.445774026489e+01 -1.445774505020e+01 -1.445775109491e+01 -1.445775873257e+01 -1.445776838632e+01 -1.445778059371e+01 -1.445779603882e+01 -1.445781559410e+01 -1.445784037539e+01 -1.445787181470e+01 -1.445791175791e+01 -1.445796259741e+01 -1.445802745522e+01 -1.445811044061e+01 -1.445821702037e+01 -1.445835456498e+01 -1.445853317759e+01 -1.445876699587e+01 -1.445907631685e+01 -1.445949122600e+01 -1.446005813501e+01 -1.446085233903e+01 -1.446200410274e+01 -1.446375843943e+01 -1.446663040832e+01 -1.447187956905e+01 -1.448328199669e+01 -1.451453380805e+01 -1.460673192374e+01 -1.476492575483e+01 -1.493275145503e+01 -1.510210463617e+01 -1.527748281630e+01 -1.546076086876e+01 -1.565234282995e+01 -1.585133515462e+01 -1.605436027460e+01 -1.625542438393e+01 -1.644757899337e+01 -1.662519562923e+01 -1.678483339456e+01 -1.692498834158e+01 -1.704552881997e+01 -1.714741475033e+01 -1.723244566253e+01 -1.730296347721e+01 -1.736151504121e+01 -1.741054763570e+01 -1.745219369194e+01 -1.748815762615e+01 -1.751968949586e+01 -1.754762499486e+01 -1.757247819887e+01 -1.759457953403e+01 -1.761424842709e+01 -1.763197545471e+01 -1.764856785892e+01 -1.766520171844e+01 -1.768334568544e+01 -1.770458148103e+01 -1.773031466885e+01 -1.776167789432e+01 -1.779929103783e+01 -1.784330982860e+01 -1.789350402411e+01 -1.794939553886e+01 -1.801039044863e+01 -1.807587543629e+01 -1.814527805481e+01 -1.821807013932e+01 -1.829382272071e+01 -1.837215357389e+01 -1.845274387197e+01 -1.853532328569e+01 -1.861966102180e+01 -1.870555868439e+01 -1.879284470272e+01 -1.888136981339e+01 -1.897100338137e+01 -1.906163057086e+01 -1.915315026325e+01 -1.924547341710e+01 -1.933852160947e+01 -1.943222568584e+01 -1.952652453823e+01 -1.962136402104e+01 -1.971669599698e+01 -1.981247750507e+01 -1.990867004375e+01 -2.000523895982e+01
-1.445680673286e+01 -1.445680696397e+01 -1.445680725561e+01 -1.445680762364e+01 -1.445680808807e+01 -1.445680867419e+01 -1.445680941387e+01 -1.445681034740e+01 -1.445681152563e+01 -1.445681301276e+01 -1.445681488993e+01 -1.445681725962e+01 -1.445682025138e+01 -1.445682402904e+01 -1.445682879985e+01 -1.445683482624e+01 -1.445684244074e+01 -1.445685206518e+01 -1.445686423547e+01 -1.445687963356e+01 -1.445689912919e+01 -1.445692383470e+01 -1.445695517756e+01 -1.445699499776e+01 -1.445704567989e+01 -1.445711033567e+01 -1.445719306048e+01 -1.445729930220e+01 -1.445743640497e+01 -1.445761443456e+01 -1.445784747404e+01 -1.445815573819e+01 -1.445856918361e+01 -1.445913401066e+01 -1.445992514771e+01 -1.446107217832e+01 -1.446281874198e+01 -1.446567684524e+01 -1.447089859256e+01 -1.448224253710e+01 -1.451341117148e+01 -1.460625288757e+01 -1.476699987573e+01 -1.493781596936e+01 -1.511078658579e+01 -1.529096225371e+01 -1.548062032440e+01 -1.568061836910e+01 -1.589010308684e+01 -1.610460906895e+01 -1.631558845134e+01 -1.651324335334e+01 -1.669037363969e+01 -1.684363597235e+01 -1.697275270293e+01 -1.707940486378e+01 -1.716643216455e+01 -1.723718973305e+01 -1.729502361697e+01 -1.734290033781e+01 -1.738321144901e+01 -1.741772964542e+01 -1.744767600242e+01 -1.747386576786e+01 -1.749690986409e+01 -1.751744399167e+01 -1.753633514213e+01 -1.755479481722e+01 -1.757434279902e+01 -1.759663425576e+01 -1.762316050103e+01 -1.765512375331e+01 -1.769320114531e+01 -1.773758785783e+01 -1.778808022486e+01 -1.784421787741e+01 -1.790541890530e+01 -1.797107841298e+01 -1.804062993806e+01 -1.811355052168e+01 -1.818941417583e+01 -1.826784170170e+01 -1.834851654223e+01 -1.843117022168e+01 -1.851557347245e+01 -1.860152915972e+01 -1.868886676053e+01 -1.877743788836e+01 -1.886711264636e+01 -1.895777682139e+01 -1.904932982006e+01 -1.914168304505e+01 -1.923475845087e+01 -1.932848720570e+01 -1.942280847907e+01 -1.951766836535e+01 -1.961301893600e+01 -1.970881741274e+01 -1.980502545471e+01 -1.990160855086e+01
-1.445566238146e+01 -1.445566250782e+01 -1.445566266729e+01 -1.445566286851e+01 -1.445566312245e+01 -1.445566344289e+01 -1.445566384727e+01 -1.445566435758e+01 -1.445566500160e+01 -1.445566581437e+01 -1.445566684016e+01 -1.445566813485e+01 -1.445566976903e+01 -1.445567183186e+01 -1.445567443605e+01 -1.445567772404e+01 -1.445568187602e+01 -1.445568712000e+01 -1.445569374478e+01 -1.445570211646e+01 -1.445571269974e+01 -1.445572608533e+01 -1.445574302558e+01 -1.445576448105e+01 -1.445579168183e+01 -1.445582620916e+01 -1.445587010550e+01 -1.445592602482e+01 -1.445599744177e+01 -1.445608894815e+01 -1.445620668360e+01 -1.445635897771e+01 -1.445655733778e+01 -1.445681802331e+01 -1.445716466144e+01 -1.445763280701e+01 -1.445827836284e+01 -1.445919424739e+01 -1.446054634741e+01 -1.446265997002e+01 -1.446625900611e+01 -1.447325914139e+01 -1.449000360721e+01 -1.454002415456e+01 -1.466822289363e+01 -1.484025775346e+01 -1.501394581205e+01 -1.519274098701e+01 -1.538117361386e+01 -1.558121232597e+01 -1.579357784944e+01 -1.601568090115e+01 -1.623896616400e+01 -1.645029295061e+01 -1.663829715573e+01 -1.679758754987e+01 -1.692813186249e+01 -1.703293244337e+01 -1.711632040030e+01 -1.718282440366e+01 -1.723649878721e+01 -1.728060560290e+01 -1.731756027907e+01 -1.734905109830e+01 -1.737626495898e+01 -1.740016997332e+01 -1.742179711714e+01 -1.744243805302e+01 -1.746367790335e+01 -1.748725212025e+01 -1.751474772730e+01 -1.754744764661e+01 -1.758609691866e+01 -1.763093814860e+01 -1.768179977910e+01 -1.773824289558e+01 -1.779970016653e+01 -1.786557694333e+01 -1.793531407088e+01 -1.800839495677e+01 -1.808439728908e+01 -1.816294559239e+01 -1.824372611300e+01 -1.832647266913e+01 -1.841095788485e+01 -1.849698619118e+01 -1.858438836774e+01 -1.867301711918e+01 -1.876274346803e+01 -1.885345397726e+01 -1.894504870858e+01 -1.903743961883e+01 -1.913054913374e+01 -1.922430882454e+01 -1.931865820740e+01 -1.941354367665e+01 -1.950891756472e+01 -1.960473732177e+01 -1.970096480799e+01 -1.979756569017e+01
-1.445422907552e+01 -1.445422915013e+01 -1.445422924428e+01 -1.445422936309e+01 -1.445422951302e+01 -1.445422970221e+01 -1.445422994095e+01 -1.445423024222e+01 -1.445423062241e+01 -1.445423110219e+01 -1.445423170767e+01 -1.445423247180e+01 -1.445423343618e+01 -1.445423465336e+01 -1.445423618967e+01 -1.445423812893e+01 -1.445424057705e+01 -1.445424366789e+01 -1.445424757074e+01 -1.445425249981e+01 -1.445425872633e+01 -1.445426659408e+01 -1.445427653923e+01 -1.445428911601e+01 -1.445430502994e+01 -1.445432518114e+01 -1.445435072136e+01 -1.445438312954e+01 -1.445442431342e+01 -1.445447674781e+01 -1.445454366591e+01 -1.445462932935e+01 -1.445473941759e+01 -1.445488160469e+01 -1.445506643878e+01 -1.445530873063e+01 -1.445562983447e+01 -1.445606157240e+01 -1.445665336766e+01 -1.445748609660e+01 -1.445870126403e+01 -1.446056906548e+01 -1.446366945921e+01 -1.446946357870e+01 -1.448251714189e+01 -1.451975501383e+01 -1.462802840457e+01 -1.479688903247e+01 -1.497205976191e+01 -1.515132105855e+01 -1.534035007094e+01 -1.554188755641e+01 -1.575750470220e+01 -1.598553938041e+01 -1.621684935140e+01 -1.643492365498e+01 -1.662489537578e+01 -1.678070563649e+01 -1.690396105106e+01 -1.699985734366e+01 -1.707442727965e+01 -1.713311770894e+01 -1.718025353277e+01 -1.721899912827e+01 -1.725157878038e+01 -1.727961802032e+01 -1.730451511655e+01 -1.732774723640e+01 -1.735100707807e+01 -1.737612540893e+01 -1.740479579571e+01 -1.743839331643e+01 -1.747774231318e+01 -1.752314166171e+01 -1.757445813643e+01 -1.763127850529e+01 -1.769305293152e+01 -1.775919910485e+01 -1.782916670843e+01 -1.790244686617e+01 -1.797862176859e+01 -1.805732048847e+01 -1.813823271291e+01 -1.822109508331e+01 -1.830568255716e+01 -1.839180150054e+01 -1.847928430517e+01 -1.856798502787e+01 -1.865777583170e+01 -1.874854424337e+01 -1.884019113870e+01 -1.893262916368e+01 -1.902578133033e+01 -1.911957971156e+01 -1.921396425531e+01 -1.930888172957e+01 -1.940428479210e+01 -1.950013117787e+01 -1.959638299783e+01 -1.969300614067e+01
-1.445243045162e+01 -1.445243049843e+01 -1.445243055749e+01 -1.445243063202e+01 -1.445243072607e+01 -1.445243084474e+01 -1.445243099450e+01 -1.445243118348e+01 -1.445243142196e+01 -1.445243172289e+01 -1.445243210266e+01 -1.445243258191e+01 -1.445243318672e+01 -1.445243395000e+01 -1.445243491332e+01 -1.445243612914e+01 -1.445243766375e+01 -1.445243960086e+01 -1.445244204627e+01 -1.445244513368e+01 -1.445244903221e+01 -1.445245395583e+01 -1.445246017547e+01 -1.445246803453e+01 -1.445247796871e+01 -1.445249053163e+01 -1.445250642806e+01 -1.445252655716e+01 -1.445255206943e+01 -1.445258444230e+01 -1.445262558152e+01 -1.445267795940e+01 -1.445274480596e+01 -1.445283037875e+01 -1.445294035207e+01 -1.445308239336e+01 -1.445326704236e+01 -1.445350909929e+01 -1.445382990544e+01 -1.445426126805e+01 -1.445485259635e+01 -1.445568476380e+01 -1.445689931929e+01 -1.445876668049e+01 -1.446186774635e+01 -1.446766801343e+01 -1.448075828364e+01 -1.451820933513e+01 -1.462743845725e+01 -1.479766948793e+01 -1.497416132279e+01 -1.515520456785e+01 -1.534675486778e+01 -1.555188389600e+01 -1.577253164179e+01 -1.600665974414e+01 -1.624234689026e+01 -1.645863638444e+01 -1.663924370007e+01 -1.678075033362e+01 -1.688839701098e+01 -1.696995891583e+01 -1.703259678187e+01 -1.708187029385e+01 -1.712176547783e+01 -1.715509230001e+01 -1.718397419174e+01 -1.721028850802e+01 -1.723594075811e+01 -1.726289796933e+01 -1.729297728566e+01 -1.732765825362e+01 -1.736785622557e+01 -1.741393577674e+01 -1.746580875739e+01 -1.752309223024e+01 -1.758525705499e+01 -1.765173558045e+01 -1.772198805124e+01 -1.779551483850e+01 -1.787190359963e+01 -1.795078891314e+01 -1.803186465655e+01 -1.811487092131e+01 -1.819958552476e+01 -1.828581721014e+01 -1.837340035335e+01 -1.846219067798e+01 -1.855206175509e+01 -1.864290230247e+01 -1.873461420315e+01 -1.882711095640e+01 -1.892031630062e+01 -1.901416293073e+01 -1.910859133026e+01 -1.920354873097e+01 -1.929898819455e+01 -1.939486780982e+01 -1.949114999940e+01 -1.958780092786e+01
-1.445017180700e+01 -1.445017183780e+01 -1.445017187666e+01 -1.445017192570e+01 -1.445017198759e+01 -1.445017206568e+01 -1.445017216421e+01 -1.445017228856e+01 -1.445017244547e+01 -1.445017264347e+01 -1.445017289333e+01 -1.445017320864e+01 -1.445017360654e+01 -1.445017410867e+01 -1.445017474237e+01 -1.445017554211e+01 -1.445017655146e+01 -1.445017782539e+01 -1.445017943336e+01 -1.445018146311e+01 -1.445018402551e+01 -1.445018726073e+01 -1.445019134603e+01 -1.445019650575e+01 -1.445020302401e+01 -1.445021126095e+01 -1.445022167370e+01 -1.445023484327e+01 -1.445025150964e+01 -1.445027261740e+01 -1.445029937602e+01 -1.445033333998e+01 -1.445037651664e+01 -1.445043151361e+01 -1.445050174354e+01 -1.445059171421e+01 -1.445070744943e+01 -1.445085711574e+01 -1.445105198519e+01 -1.445130796731e+01 -1.445164814934e+01 -1.445210721529e+01 -1.445273958515e+01 -1.445363547716e+01 -1.445495542871e+01 -1.445701294177e+01 -1.446050194526e+01 -1.446724732795e+01 -1.448326726983e+01 -1.453113765220e+01 -1.465841829597e+01 -1.483389354791e+01 -1.501166428436e+01 -1.519581257483e+01 -1.539181207110e+01 -1.560276046633e+01 -1.583037793986e+01 -1.607010225487e+01 -1.630364988546e+01 -1.650586441468e+01 -1.666417199841e+01 -1.678211500914e+01 -1.686918785098e+01 -1.693453488479e+01 -1.698505426116e+01 -1.702557520512e+01 -1.705952530855e+01 -1.708956786918e+01 -1.711804668014e+01 -1.714717013408e+01 -1.717891825062e+01 -1.721489184056e+01 -1.725610914658e+01 -1.730300997786e+01 -1.735555818868e+01 -1.741340590790e+01 -1.747604803169e+01 -1.754293402652e+01 -1.761353656309e+01 -1.768736693618e+01 -1.776401936798e+01 -1.784313502647e+01 -1.792441284293e+01 -1.800759708790e+01 -1.809246905572e+01 -1.817884038847e+01 -1.826654788727e+01 -1.835544931713e+01 -1.844541997649e+01 -1.853635004673e+01 -1.862814265003e+01 -1.872071233651e+01 -1.881398373988e+01 -1.890789032230e+01 -1.900237322841e+01 -1.909738026284e+01 -1.919286498653e+01 -1.928878592590e+01 -1.938510588918e+01 -1.948179138250e+01
-1.444733588767e+01 -1.444733590871e+01 -1.444733593526e+01 -1.444733596877e+01 -1.444733601105e+01 -1.444733606439e+01 -1.444733613171e+01 -1.444733621666e+01 -1.444733632386e+01 -1.444733645913e+01 -1.444733662982e+01 -1.444733684522e+01 -1.444733711704e+01 -1.444733746005e+01 -1.444733789292e+01 -1.444733843919e+01 -1.444733912859e+01 -1.444733999865e+01 -1.444734109675e+01 -1.444734248273e+01 -1.444734423218e+01 -1.444734644058e+01 -1.444734922864e+01 -1.444735274895e+01 -1.444735719454e+01 -1.444736280976e+01 -1.444736990419e+01 -1.444737887040e+01 -1.444739020692e+01 -1.444740454785e+01 -1.444742270140e+01 -1.444744570037e+01 -1.444747486889e+01 -1.444751191162e+01 -1.444755903439e+01 -1.444761911006e+01 -1.444769591053e+01 -1.444779443832e+01 -1.444792141199e+01 -1.444808599713e+01 -1.444830094355e+01 -1.444858442153e+01 -1.444896311891e+01 -1.444947773881e+01 -1.445019337422e+01 -1.445122060060e+01 -1.445276253686e+01 -1.445523306888e+01 -1.445960336462e+01 -1.446864071888e+01 -1.449224711762e+01 -1.456562611155e+01 -1.472117607533e+01 -1.489814100064e+01 -1.507788296766e+01 -1.526679704581e+01 -1.546921110022e+01 -1.568807821928e+01 -1.592353960642e+01 -1.616417854520e+01 -1.638218129173e+01 -1.655464843948e+01 -1.668075647422e+01 -1.677158216967e+01 -1.683838649597e+01 -1.688939023981e+01 -1.693023525639e+01 -1.696498835892e+01 -1.699684923089e+01 -1.702850606929e+01 -1.706220325978e+01 -1.709969713103e+01 -1.714212250010e+01 -1.719000351316e+01 -1.724336258370e+01 -1.730189144253e+01 -1.736511223365e+01 -1.743249396468e+01 -1.750352363396e+01 -1.757772520531e+01 -1.765470067258e+01 -1.773409897861e+01 -1.781562507543e+01 -1.789902824039e+01 -1.798409395326e+01 -1.807063735876e+01 -1.815849819719e+01 -1.824753671372e+01 -1.833763031005e+01 -1.842867095302e+01 -1.852056327893e+01 -1.861322312340e+01 -1.870657621660e+01 -1.880055696119e+01 -1.889510731292e+01 -1.899017577985e+01 -1.908571653643e+01 -1.918168864717e+01 -1.927805539484e+01 -1.937478370613e+01
-1.444377804399e+01 -1.444377805880e+01 -1.444377807748e+01 -1.444377810105e+01 -1.444377813080e+01 -1.444377816834e+01 -1.444377821571e+01 -1.444377827548e+01 -1.444377835091e+01 -1.444377844609e+01 -1.444377856619e+01 -1.444377871775e+01 -1.444377890900e+01 -1.444377915034e+01 -1.444377945490e+01 -1.444377983923e+01 -1.444378032424e+01 -1.444378093633e+01 -1.444378170879e+01 -1.444378268370e+01 -1.444378391417e+01 -1.444378546726e+01 -1.444378742772e+01 -1.444378990262e+01 -1.444379302730e+01 -1.444379697295e+01 -1.444380195616e+01 -1.444380825122e+01 -1.444381620580e+01 -1.444382626108e+01 -1.444383897772e+01 -1.444385506956e+01 -1.444387544756e+01 -1.444390127764e+01 -1.444393405755e+01 -1.444397572012e+01 -1.444402877417e+01 -1.444409649970e+01 -1.444418322390e+01 -1.444429472013e+01 -1.444443880022e+01 -1.444462622049e+01 -1.444487211694e+01 -1.444519837225e+01 -1.444563770753e+01 -1.444624116248e+01 -1.444709272272e+01 -1.444834040212e+01 -1.445026959275e+01 -1.445350123508e+01 -1.445963053511e+01 -1.447377798054e+01 -1.451517125529e+01 -1.463313713889e+01 -1.480644111707e+01 -1.498432794270e+01 -1.516797899709e+01 -1.536342216584e+01 -1.557410745265e+01 -1.580219950312e+01 -1.604226156064e+01 -1.626934253141e+01 -1.645207487726e+01 -1.658368122986e+01 -1.667641906046e+01 -1.674358090299e+01 -1.679454728526e+01 -1.683571725062e+01 -1.687180481788e+01 -1.690644267930e+01 -1.694238669710e+01 -1.698163818153e+01 -1.702547235191e+01 -1.707450648109e+01 -1.712882693604e+01 -1.718816872661e+01 -1.725208389429e+01 -1.732006308861e+01 -1.739160939308e+01 -1.746626112080e+01 -1.754362929759e+01 -1.762337187671e+01 -1.770520087373e+01 -1.778887148291e+01 -1.787417416034e+01 -1.796092823535e+01 -1.804897697298e+01 -1.813818360196e+01 -1.822842806108e+01 -1.831960447615e+01 -1.841161931783e+01 -1.850438998161e+01 -1.859784352985e+01 -1.869191550921e+01 -1.878654886322e+01 -1.888169295738e+01 -1.897730271468e+01 -1.907333785678e+01 -1.916976224641e+01 -1.926654332470e+01
-1.443932078230e+01 -1.443932079296e+01 -1.443932080641e+01 -1.443932082338e+01 -1.443932084481e+01 -1.443932087184e+01 -1.443932090594e+01 -1.443932094898e+01 -1.443932100329e+01 -1.443932107183e+01 -1.443932115831e+01 -1.443932126743e+01 -1.443932140514e+01 -1.443932157891e+01 -1.443932179819e+01 -1.443932207491e+01 -1.443932242411e+01 -1.443932286479e+01 -1.443932342091e+01 -1.443932412274e+01 -1.443932500850e+01 -1.443932612641e+01 -1.443932753741e+01 -1.443932931846e+01 -1.443933156677e+01 -1.443933440525e+01 -1.443933798927e+01 -1.443934251542e+01 -1.443934823254e+01 -1.443935545592e+01 -1.443936458549e+01 -1.443937612915e+01 -1.443939073305e+01 -1.443940922098e+01 -1.443943264600e+01 -1.443946235876e+01 -1.443950009890e+01 -1.443954811897e+01 -1.443960935502e+01 -1.443968766573e+01 -1.443978817502e+01 -1.443991777514e+01 -1.444008588674e+01 -1.444030564572e+01 -1.444059582842e+01 -1.444098411547e+01 -1.444151292144e+01 -1.444225047853e+01 -1.444331358039e+01 -1.444491892724e+01 -1.444751409861e+01 -1.445216927731e+01 -1.446201413600e+01 -1.448847980114e+01 -1.457077088353e+01 -1.473195661688e+01 -1.490862604309e+01 -1.508858105734e+01 -1.527834445560e+01 -1.548191579395e+01 -1.570213139860e+01 -1.593724590938e+01 -1.616719986752e+01 -1.635571062573e+01 -1.648996378796e+01 -1.658292219779e+01 -1.664963154927e+01 -1.670034854272e+01 -1.674219513020e+01 -1.678048493043e+01 -1.681900995684e+01 -1.686025496980e+01 -1.690569949933e+01 -1.695606614510e+01 -1.701150864942e+01 -1.707180720688e+01 -1.713654519112e+01 -1.720523623030e+01 -1.727740082253e+01 -1.735259303568e+01 -1.743043414040e+01 -1.751059229845e+01 -1.759278765451e+01 -1.767678227720e+01 -1.776237244980e+01 -1.784938243203e+01 -1.793765966176e+01 -1.802707091366e+01 -1.811749915222e+01 -1.820884108574e+01 -1.830100538444e+01 -1.839391131780e+01 -1.848748755116e+01 -1.858167100977e+01 -1.867640582904e+01 -1.877164241039e+01 -1.886733658225e+01 -1.896344886194e+01 -1.905994381522e+01 -1.915678950734e+01
-1.443374786318e+01 -1.443374787100e+01 -1.443374788086e+01 -1.443374789330e+01 -1.443374790900e+01 -1.443374792882e+01 -1.443374795382e+01 -1.443374798537e+01 -1.443374802519e+01 -1.443374807543e+01 -1.443374813882e+01 -1.443374821882e+01 -1.443374831977e+01 -1.443374844715e+01 -1.443374860789e+01 -1.443374881074e+01 -1.443374906671e+01 -1.443374938972e+01 -1.443374979735e+01 -1.443375031177e+01 -1.443375096097e+01 -1.443375178028e+01 -1.443375281433e+01 -1.443375411945e+01 -1.443375576681e+01 -1.443375784631e+01 -1.443376047156e+01 -1.443376378621e+01 -1.443376797194e+01 -1.443377325869e+01 -1.443377993772e+01 -1.443378837832e+01 -1.443379904930e+01 -1.443381254673e+01 -1.443382963000e+01 -1.443385126896e+01 -1.443387870614e+01 -1.443391353965e+01 -1.443395783509e+01 -1.443401427882e+01 -1.443408639151e+01 -1.443417883201e+01 -1.443429783982e+01 -1.443445189741e+01 -1.443465275336e+01 -1.443491706119e+01 -1.443526911760e+01 -1.443574566951e+01 -1.443640486486e+01 -1.443734415522e+01 -1.443873942770e+01 -1.444094075854e+01 -1.444474367132e+01 -1.445231888192e+01 -1.447114305281e+01 -1.452920673687e+01 -1.467063723014e+01 -1.484606789842e+01 -1.502344434845e+01 -1.520844568174e+01 -1.540583195006e+01 -1.561848543657e+01 -1.584658986235e+01 -1.607458821983e+01 -1.626447936579e+01 -1.639853929849e+01 -1.649039514126e+01 -1.655620862621e+01 -1.660680360339e+01 -1.665003461512e+01 -1.669162988044e+01 -1.673508707325e+01 -1.678232804312e+01 -1.683420045544e+01 -1.689092729224e+01 -1.695233283920e+01 -1.701803107948e+01 -1.708755855389e+01 -1.716045365953e+01 -1.723628704943e+01 -1.731469124190e+01 -1.739534563539e+01 -1.747797950614e+01 -1.756236274247e+01 -1.764829832446e+01 -1.773561622322e+01 -1.782416873984e+01 -1.791382680200e+01 -1.800447693300e+01 -1.809601889002e+01 -1.818836394802e+01 -1.828143360084e+01 -1.837515842022e+01 -1.846947697386e+01 -1.856433481947e+01 -1.865968359662e+01 -1.875548021733e+01 -1.885168615252e+01 -1.894826681150e+01 -1.904519100935e+01
-1.442679827224e+01 -1.442679827805e+01 -1.442679828538e+01 -1.442679829462e+01 -1.442679830630e+01 -1.442679832102e+01 -1.442679833961e+01 -1.442679836306e+01 -1.442679839265e+01 -1.442679842999e+01 -1.442679847711e+01 -1.442679853656e+01 -1.442679861159e+01 -1.442679870627e+01 -1.442679882574e+01 -1.442679897649e+01 -1.442679916673e+01 -1.442679940680e+01 -1.442679970975e+01 -1.442680009205e+01 -1.442680057450e+01 -1.442680118335e+01 -1.442680195174e+01 -1.442680292151e+01 -1.442680414548e+01 -1.442680569038e+01 -1.442680764051e+01 -1.442681010238e+01 -1.442681321064e+01 -1.442681713556e+01 -1.442682209265e+01 -1.442682835477e+01 -1.442683626785e+01 -1.442684627084e+01 -1.442685892164e+01 -1.442687493063e+01 -1.442689520444e+01 -1.442692090364e+01 -1.442695351935e+01 -1.442699497629e+01 -1.442704777344e+01 -1.442711517912e+01 -1.442720150695e+01 -1.442731251538e+01 -1.442745600138e+01 -1.442764270993e+01 -1.442788777718e+01 -1.442821311494e+01 -1.442865154244e+01 -1.442925435995e+01 -1.443010620936e+01 -1.443135678658e+01 -1.443329609273e+01 -1.443655924423e+01 -1.444279323088e+01 -1.445735220722e+01 -1.450050110935e+01 -1.462125597482e+01 -1.479326526470e+01 -1.496859150460e+01 -1.514944254322e+01 -1.534121308768e+01 -1.554677069609e+01 -1.576697729091e+01 -1.598958650878e+01 -1.617688389738e+01 -1.630836982315e+01 -1.639831811219e+01 -1.646316420116e+01 -1.651410374723e+01 -1.655972363733e+01 -1.660570238223e+01 -1.665489407697e+01 -1.670842061150e+01 -1.676658231425e+01 -1.682924219168e+01 -1.689604062649e+01 -1.696653470805e+01 -1.704027979021e+01 -1.711686296450e+01 -1.719592854814e+01 -1.727716785289e+01 -1.736032010155e+01 -1.744516384640e+01 -1.753150958873e+01 -1.761919378087e+01 -1.770807428579e+01 -1.779802681002e+01 -1.788894199384e+01 -1.798072313791e+01 -1.807328455590e+01 -1.816655034413e+01 -1.826045331005e+01 -1.835493395162e+01 -1.844993950147e+01 -1.854542305981e+01 -1.864134281924e+01 -1.873766137941e+01 -1.883434514960e+01 -1.893136383509e+01
-1.441816063498e+01 -1.441816063934e+01 -1.441816064485e+01 -1.441816065180e+01 -1.441816066056e+01 -1.441816067162e+01 -1.441816068558e+01 -1.441816070319e+01 -1.441816072542e+01 -1.441816075346e+01 -1.441816078885e+01 -1.441816083351e+01 -1.441816088986e+01 -1.441816096097e+01 -1.441816105069e+01 -1.441816116392e+01 -1.441816130680e+01 -1.441816148710e+01 -1.441816171462e+01 -1.441816200173e+01 -1.441816236405e+01 -1.441816282128e+01 -1.441816339830e+01 -1.441816412651e+01 -1.441816504557e+01 -1.441816620552e+01 -1.441816766961e+01 -1.441816951770e+01 -1.441817185069e+01 -1.441817479617e+01 -1.441817851543e+01 -1.441818321257e+01 -1.441818914602e+01 -1.441819664330e+01 -1.441820611990e+01 -1.441821810377e+01 -1.441823326682e+01 -1.441825246621e+01 -1.441827679846e+01 -1.441830767124e+01 -1.441834689977e+01 -1.441839683788e+01 -1.441846055916e+01 -1.441854211231e+01 -1.441864688885e+01 -1.441878216659e+01 -1.441895793705e+01 -1.441918820860e+01 -1.441949314138e+01 -1.441990270986e+01 -1.442046333656e+01 -1.442125072043e+01 -1.442239672158e+01 -1.442415170201e+01 -1.442704918521e+01 -1.443242142087e+01 -1.444439828628e+01 -1.447844552270e+01 -1.458073336626e+01 -1.474759725706e+01 -1.492091076247e+01 -1.509795867691e+01 -1.528447666168e+01 -1.548318967974e+01 -1.569508003878e+01 -1.590992688733e+01 -1.609136278572e+01 -1.621859316444e+01 -1.630638663299e+01 -1.637051731852e+01 -1.642257914148e+01 -1.647170434191e+01 -1.652298374728e+01 -1.657826390807e+01 -1.663797998002e+01 -1.670202502928e+01 -1.677005629068e+01 -1.684164548141e+01 -1.691636175128e+01 -1.699380699496e+01 -1.707363709429e+01 -1.715555536869e+01 -1.723931145132e+01 -1.732469318177e+01 -1.741151927343e+01 -1.749963335295e+01 -1.758889950201e+01 -1.767919881205e+01 -1.777042659313e+01 -1.786249018849e+01 -1.795530739467e+01 -1.804880530147e+01 -1.814291929517e+01 -1.823759210595e+01 -1.833277290798e+01 -1.842841649837e+01 -1.852448256044e+01 -1.862093501031e+01 -1.871774142576e+01 -1.881487255400e+01
-1.440746896830e+01 -1.440746897160e+01 -1.440746897577e+01 -1.440746898102e+01 -1.440746898766e+01 -1.440746899603e+01 -1.440746900660e+01 -1.440746901993e+01 -1.440746903675e+01 -1.440746905798e+01 -1.440746908476e+01 -1.440746911857e+01 -1.440746916122e+01 -1.440746921504e+01 -1.440746928295e+01 -1.440746936866e+01 -1.440746947680e+01 -1.440746961327e+01 -1.440746978548e+01 -1.440747000278e+01 -1.440747027701e+01 -1.440747062307e+01 -1.440747105978e+01 -1.440747161090e+01 -1.440747230642e+01 -1.440747318421e+01 -1.440747429208e+01 -1.440747569041e+01 -1.440747745546e+01 -1.440747968361e+01 -1.440748249666e+01 -1.440748604862e+01 -1.440749053434e+01 -1.440749620051e+01 -1.440750335970e+01 -1.440751240841e+01 -1.440752385028e+01 -1.440753832613e+01 -1.440755665313e+01 -1.440757987609e+01 -1.440760933553e+01 -1.440764675874e+01 -1.440769438335e+01 -1.440775512773e+01 -1.440783283034e+01 -1.440793259308e+01 -1.440806128683e+01 -1.440822831700e+01 -1.440844682260e+01 -1.440873562783e+01 -1.440912256406e+01 -1.440965043202e+01 -1.441038840341e+01 -1.441145558795e+01 -1.441307473113e+01 -1.441571085847e+01 -1.442049270275e+01 -1.443079111338e+01 -1.445911235584e+01 -1.454672898359e+01 -1.470687706396e+01 -1.487791461842e+01 -1.505127558598e+01 -1.523265733662e+01 -1.542461924826e+01 -1.562791344829e+01 -1.583334165119e+01 -1.600647484741e+01 -1.612861786653e+01 -1.621449136395e+01 -1.627841478915e+01 -1.633259566565e+01 -1.638626722534e+01 -1.644333679545e+01 -1.650466979057e+01 -1.657019572124e+01 -1.663957171127e+01 -1.671237276754e+01 -1.678817535948e+01 -1.686659241971e+01 -1.694728993764e+01 -1.702998247973e+01 -1.711443000426e+01 -1.720042989398e+01 -1.728780952183e+01 -1.737642022188e+01 -1.746613284527e+01 -1.755683440340e+01 -1.764842538244e+01 -1.774081763865e+01 -1.783393287937e+01 -1.792770157010e+01 -1.802206201509e+01 -1.811695947785e+01 -1.821234534222e+01 -1.830817634155e+01 -1.840441386428e+01 -1.850102333579e+01 -1.859797367631e+01 -1.869523683265e+01
-1.439430103325e+01 -1.439430103576e+01 -1.439430103893e+01 -1.439430104293e+01 -1.439430104798e+01 -1.439430105436e+01 -1.439430106240e+01 -1.439430107254e+01 -1.439430108535e+01 -1.439430110151e+01 -1.439430112189e+01 -1.439430114762e+01 -1.439430118009e+01 -1.439430122105e+01 -1.439430127275e+01 -1.439430133798e+01 -1.439430142029e+01 -1.439430152416e+01 -1.439430165523e+01 -1.439430182062e+01 -1.439430202934e+01 -1.439430229272e+01 -1.439430262509e+01 -1.439430304453e+01 -1.439430357385e+01 -1.439430424186e+01 -1.439430508492e+01 -1.439430614896e+01 -1.439430749195e+01 -1.439430918714e+01 -1.439431132707e+01 -1.439431402870e+01 -1.439431743991e+01 -1.439432174778e+01 -1.439432718913e+01 -1.439433406401e+01 -1.439434275297e+01 -1.439435373928e+01 -1.439436763773e+01 -1.439438523203e+01 -1.439440752387e+01 -1.439443579781e+01 -1.439447170807e+01 -1.439451739603e+01 -1.439457565195e+01 -1.439465014152e+01 -1.439474573001e+01 -1.439486895780e+01 -1.439502875785e+01 -1.439523757453e+01 -1.439551317513e+01 -1.439588171517e+01 -1.439638320079e+01 -1.439708184524e+01 -1.439808724925e+01 -1.439960201661e+01 -1.440204257678e+01 -1.440639819926e+01 -1.441553908930e+01 -1.443994183577e+01 -1.451624341750e+01 -1.466904496784e+01 -1.483755775685e+01 -1.500715959083e+01 -1.518335597738e+01 -1.536850975648e+01 -1.556295206707e+01 -1.575779713790e+01 -1.592106340168e+01 -1.603814435756e+01 -1.612265876553e+01 -1.618707783625e+01 -1.624444474169e+01 -1.630336253570e+01 -1.636628950168e+01 -1.643333237776e+01 -1.650412708766e+01 -1.657823225686e+01 -1.665522023745e+01 -1.673470826005e+01 -1.681636918675e+01 -1.689992690694e+01 -1.698515084873e+01 -1.707184766416e+01 -1.715985346654e+01 -1.724902757619e+01 -1.733924798459e+01 -1.743040802748e+01 -1.752241377777e+01 -1.761518200603e+01 -1.770863870891e+01 -1.780271807381e+01 -1.789736163493e+01 -1.799251746982e+01 -1.808813942481e+01 -1.818418639761e+01 -1.828062168803e+01 -1.837741241772e+01 -1.847452901958e+01 -1.857194479542e+01
-1.437818091136e+01 -1.437818091328e+01 -1.437818091571e+01 -1.437818091876e+01 -1.437818092262e+01 -1.437818092749e+01 -1.437818093363e+01 -1.437818094139e+01 -1.437818095117e+01 -1.437818096352e+01 -1.437818097909e+01 -1.437818099875e+01 -1.437818102355e+01 -1.437818105485e+01 -1.437818109435e+01 -1.437818114418e+01 -1.437818120707e+01 -1.437818128643e+01 -1.437818138657e+01 -1.437818151293e+01 -1.437818167239e+01 -1.437818187361e+01 -1.437818212754e+01 -1.437818244797e+01 -1.437818285235e+01 -1.437818336266e+01 -1.437818400668e+01 -1.437818481946e+01 -1.437818584527e+01 -1.437818714001e+01 -1.437818877428e+01 -1.437819083729e+01 -1.437819344178e+01 -1.437819673029e+01 -1.437820088314e+01 -1.437820612855e+01 -1.437821275569e+01 -1.437822113122e+01 -1.437823172075e+01 -1.437824511647e+01 -1.437826207310e+01 -1.437828355501e+01 -1.437831079847e+01 -1.437834539473e+01 -1.437838940255e+01 -1.437844550256e+01 -1.437851721328e+01 -1.437860919947e+01 -1.437872772320e+01 -1.437888132255e+01 -1.437908186616e+01 -1.437934625403e+01 -1.437969928204e+01 -1.438017871828e+01 -1.438084486395e+01 -1.438179994647e+01 -1.438323126829e+01 -1.438551924224e+01 -1.438955285702e+01 -1.439785448727e+01 -1.441947751630e+01 -1.448710606478e+01 -1.463283607459e+01 -1.479811321581e+01 -1.496374716811e+01 -1.513459866941e+01 -1.531279281849e+01 -1.549814463767e+01 -1.568162816384e+01 -1.583434680804e+01 -1.594711686078e+01 -1.603098083237e+01 -1.609670336505e+01 -1.615818674317e+01 -1.622261603261e+01 -1.629112134655e+01 -1.636334946512e+01 -1.643881139417e+01 -1.651705616298e+01 -1.659769663127e+01 -1.668039982694e+01 -1.676490248986e+01 -1.685097933668e+01 -1.693844532104e+01 -1.702714488747e+01 -1.711694527288e+01 -1.720773172618e+01 -1.729940412061e+01 -1.739187437934e+01 -1.748506447615e+01 -1.757890498986e+01 -1.767333410957e+01 -1.776829685846e+01 -1.786374436576e+01 -1.795963315825e+01 -1.805592449777e+01 -1.815258377859e+01 -1.824957998686e+01 -1.834688522298e+01 -1.844447428650e+01
-1.435858763745e+01 -1.435858763892e+01 -1.435858764077e+01 -1.435858764312e+01 -1.435858764607e+01 -1.435858764980e+01 -1.435858765450e+01 -1.435858766044e+01 -1.435858766793e+01 -1.435858767739e+01 -1.435858768932e+01 -1.435858770437e+01 -1.435858772336e+01 -1.435858774733e+01 -1.435858777758e+01 -1.435858781575e+01 -1.435858786391e+01 -1.435858792468e+01 -1.435858800137e+01 -1.435858809814e+01 -1.435858822025e+01 -1.435858837434e+01 -1.435858856879e+01 -1.435858881417e+01 -1.435858912383e+01 -1.435858951460e+01 -1.435859000773e+01 -1.435859063008e+01 -1.435859141551e+01 -1.435859240679e+01 -1.435859365794e+01 -1.435859523719e+01 -1.435859723073e+01 -1.435859974749e+01 -1.435860292520e+01 -1.435860693806e+01 -1.435861200658e+01 -1.435861841007e+01 -1.435862650273e+01 -1.435863673426e+01 -1.435864967651e+01 -1.435866605821e+01 -1.435868681026e+01 -1.435871312569e+01 -1.435874653960e+01 -1.435878903716e+01 -1.435884320180e+01 -1.435891242210e+01 -1.435900118663e+01 -1.435911551449e+01 -1.435926360149e+01 -1.435945682151e+01 -1.435971133650e+01 -1.436005079831e+01 -1.436051111619e+01 -1.436114938975e+01 -1.436206191373e+01 -1.436342391911e+01 -1.436558805820e+01 -1.436936814803e+01 -1.437703397159e+01 -1.439661143920e+01 -1.445769813303e+01 -1.459637924240e+01 -1.475809841796e+01 -1.491947441625e+01 -1.508476550976e+01 -1.525581770232e+01 -1.543189753928e+01 -1.560359989394e+01 -1.574592918116e+01 -1.585563196736e+01 -1.593955612066e+01 -1.600742625915e+01 -1.607360135193e+01 -1.614340452073e+01 -1.621699404273e+01 -1.629380834931e+01 -1.637334116284e+01 -1.645517974337e+01 -1.653898697449e+01 -1.662449603016e+01 -1.671148746883e+01 -1.679978272975e+01 -1.688923357892e+01 -1.697971466968e+01 -1.707111830916e+01 -1.716335087869e+01 -1.725633022365e+01 -1.734998365803e+01 -1.744424651647e+01 -1.753906117474e+01 -1.763437632608e+01 -1.773014632395e+01 -1.782633053892e+01 -1.792289275074e+01 -1.801980059250e+01 -1.811702505010e+01 -1.821454001822e+01 -1.831232191319e+01
-1.433497158875e+01 -1.433497158988e+01 -1.433497159130e+01 -1.433497159310e+01 -1.433497159536e+01 -1.433497159822e+01 -1.433497160183e+01 -1.433497160638e+01 -1.433497161213e+01 -1.433497161938e+01 -1.433497162852e+01 -1.433497164006e+01 -1.433497165463e+01 -1.433497167301e+01 -1.433497169620e+01 -1.433497172546e+01 -1.433497176239e+01 -1.433497180899e+01 -1.433497186778e+01 -1.433497194198e+01 -1.433497203561e+01 -1.433497215376e+01 -1.433497230285e+01 -1.433497249099e+01 -1.433497272840e+01 -1.433497302800e+01 -1.433497340608e+01 -1.433497388320e+01 -1.433497448534e+01 -1.433497524525e+01 -1.433497620434e+01 -1.433497741485e+01 -1.433497894280e+01 -1.433498087156e+01 -1.433498330653e+01 -1.433498638094e+01 -1.433499026331e+01 -1.433499516695e+01 -1.433500136203e+01 -1.433500919112e+01 -1.433501908915e+01 -1.433503160913e+01 -1.433504745562e+01 -1.433506752857e+01 -1.433509298106e+01 -1.433512529636e+01 -1.433516639200e+01 -1.433521876231e+01 -1.433528567721e+01 -1.433537146526e+01 -1.433548192617e+01 -1.433562494880e+01 -1.433581146704e+01 -1.433605699283e+01 -1.433638418157e+01 -1.433682734409e+01 -1.433744086697e+01 -1.433831610153e+01 -1.433961841348e+01 -1.434167827659e+01 -1.434525103254e+01 -1.435241585394e+01 -1.437043442035e+01 -1.442640079281e+01 -1.455841262486e+01 -1.471623852730e+01 -1.487303970808e+01 -1.503255254373e+01 -1.519631268596e+01 -1.536304995185e+01 -1.552291576818e+01 -1.565574296244e+01 -1.576383822986e+01 -1.584842301027e+01 -1.591918650319e+01 -1.599022227231e+01 -1.606498338880e+01 -1.614306705746e+01 -1.622386591636e+01 -1.630691337247e+01 -1.639185132759e+01 -1.647840330539e+01 -1.656635033430e+01 -1.665551752089e+01 -1.674576224979e+01 -1.683696559802e+01 -1.692902637313e+01 -1.702185716062e+01 -1.711538157948e+01 -1.720953224166e+01 -1.730424926744e+01 -1.739947928815e+01 -1.749517475155e+01 -1.759129332541e+01 -1.768779731657e+01 -1.778465311567e+01 -1.788183068638e+01 -1.797930310405e+01 -1.807704614488e+01 -1.817503792636e+01
-1.430677962531e+01 -1.430677962617e+01 -1.430677962726e+01 -1.430677962864e+01 -1.430677963038e+01 -1.430677963257e+01 -1.430677963534e+01 -1.430677963883e+01 -1.430677964324e+01 -1.430677964880e+01 -1.430677965581e+01 -1.430677966467e+01 -1.430677967584e+01 -1.430677968993e+01 -1.430677970772e+01 -1.430677973017e+01 -1.430677975849e+01 -1.430677979424e+01 -1.430677983934e+01 -1.430677989625e+01 -1.430677996807e+01 -1.430678005869e+01 -1.430678017304e+01 -1.430678031735e+01 -1.430678049945e+01 -1.430678072924e+01 -1.430678101922e+01 -1.430678138517e+01 -1.430678184698e+01 -1.430678242978e+01 -1.430678316531e+01 -1.430678409361e+01 -1.430678526525e+01 -1.430678674414e+01 -1.430678861097e+01 -1.430679096773e+01 -1.430679394338e+01 -1.430679770101e+01 -1.430680244703e+01 -1.430680844291e+01 -1.430681602014e+01 -1.430682559955e+01 -1.430683771618e+01 -1.430685305164e+01 -1.430687247644e+01 -1.430689710575e+01 -1.430692837380e+01 -1.430696813419e+01 -1.430701879733e+01 -1.430708352187e+01 -1.430716648690e+01 -1.430727328829e+01 -1.430741153168e+01 -1.430759174803e+01 -1.430782885937e+01 -1.430814462645e+01 -1.430857194247e+01 -1.430916282194e+01 -1.431000436444e+01 -1.431125361107e+01 -1.431322273281e+01 -1.431662005914e+01 -1.432337602110e+01 -1.434016777389e+01 -1.439205768435e+01 -1.451784466130e+01 -1.467145569392e+01 -1.482338974069e+01 -1.497695463833e+01 -1.513336044133e+01 -1.529084263829e+01 -1.543918201017e+01 -1.556394923086e+01 -1.567185565701e+01 -1.575758265489e+01 -1.583173679439e+01 -1.590744348805e+01 -1.598660514096e+01 -1.606857933724e+01 -1.615279807878e+01 -1.623885888191e+01 -1.632645819466e+01 -1.641537659653e+01 -1.650543674821e+01 -1.659649916795e+01 -1.668844982520e+01 -1.678119309040e+01 -1.687464716587e+01 -1.696874106814e+01 -1.706341247622e+01 -1.715860617142e+01 -1.725427298429e+01 -1.735036909680e+01 -1.744685549019e+01 -1.754369742034e+01 -1.764086391188e+01 -1.773832728947e+01 -1.783606275349e+01 -1.793404800092e+01 -1.803226289232e+01
-1.427348854164e+01 -1.427348854230e+01 -1.427348854314e+01 -1.427348854419e+01 -1.427348854553e+01 -1.427348854721e+01 -1.427348854933e+01 -1.427348855201e+01 -1.427348855539e+01 -1.427348855965e+01 -1.427348856503e+01 -1.427348857182e+01 -1.427348858039e+01 -1.427348859120e+01 -1.427348860484e+01 -1.427348862206e+01 -1.427348864378e+01 -1.427348867119e+01 -1.427348870578e+01 -1.427348874943e+01 -1.427348880451e+01 -1.427348887401e+01 -1.427348896171e+01 -1.427348907238e+01 -1.427348921203e+01 -1.427348938826e+01 -1.427348961065e+01 -1.427348989128e+01 -1.427349024543e+01 -1.427349069235e+01 -1.427349125637e+01 -1.427349196818e+01 -1.427349286654e+01 -1.427349400041e+01 -1.427349543160e+01 -1.427349723822e+01 -1.427349951898e+01 -1.427350239863e+01 -1.427350603502e+01 -1.427351062787e+01 -1.427351643019e+01 -1.427352376273e+01 -1.427353303263e+01 -1.427354475754e+01 -1.427355959685e+01 -1.427357839260e+01 -1.427360222336e+01 -1.427363247605e+01 -1.427367094281e+01 -1.427371995355e+01 -1.427378256046e+01 -1.427386280027e+01 -1.427396607562e+01 -1.427409972516e+01 -1.427427390268e+01 -1.427450298256e+01 -1.427480790293e+01 -1.427522026834e+01 -1.427578996562e+01 -1.427660033963e+01 -1.427780121348e+01 -1.427968922769e+01 -1.428293382715e+01 -1.428934599888e+01 -1.430514469337e+01 -1.435373467304e+01 -1.447375610548e+01 -1.462287446657e+01 -1.476971903779e+01 -1.491725730746e+01 -1.506637552483e+01 -1.521487580734e+01 -1.535233828487e+01 -1.547082717330e+01 -1.557972206621e+01 -1.566692661584e+01 -1.574468291714e+01 -1.582463652473e+01 -1.590760308230e+01 -1.599289734329e+01 -1.608002579077e+01 -1.616864944228e+01 -1.625852726937e+01 -1.634947753423e+01 -1.644136048986e+01 -1.653406487700e+01 -1.662749929868e+01 -1.672158671184e+01 -1.681626094127e+01 -1.691146432357e+01 -1.700714602733e+01 -1.710326090490e+01 -1.719976875170e+01 -1.729663377366e+01 -1.739382410971e+01 -1.749131137100e+01 -1.758907021052e+01 -1.768707793257e+01 -1.778531414314e+01 -1.788376044174e+01
-1.423464429791e+01 -1.423464429842e+01 -1.423464429906e+01 -1.423464429987e+01 -1.423464430089e+01 -1.423464430218e+01 -1.423464430381e+01 -1.423464430586e+01 -1.423464430845e+01 -1.423464431172e+01 -1.423464431584e+01 -1.423464432105e+01 -1.423464432762e+01 -1.423464433591e+01 -1.423464434637e+01 -1.423464435956e+01 -1.423464437622e+01 -1.423464439723e+01 -1.423464442375e+01 -1.423464445721e+01 -1.423464449943e+01 -1.423464455272e+01 -1.423464461995e+01 -1.423464470479e+01 -1.423464481185e+01 -1.423464494695e+01 -1.423464511743e+01 -1.423464533257e+01 -1.423464560405e+01 -1.423464594664e+01 -1.423464637899e+01 -1.423464692461e+01 -1.423464761320e+01 -1.423464848227e+01 -1.423464957915e+01 -1.423465096366e+01 -1.423465271134e+01 -1.423465491769e+01 -1.423465770338e+01 -1.423466122110e+01 -1.423466566406e+01 -1.423467127696e+01 -1.423467837006e+01 -1.423468733715e+01 -1.423469867890e+01 -1.423471303302e+01 -1.423473121378e+01 -1.423475426412e+01 -1.423478352499e+01 -1.423482072888e+01 -1.423486812771e+01 -1.423492867089e+01 -1.423500625808e+01 -1.423510610669e+01 -1.423523530065e+01 -1.423540363604e+01 -1.423562497154e+01 -1.423591947723e+01 -1.423631756661e+01 -1.423686718341e+01 -1.423764829223e+01 -1.423880432764e+01 -1.424061846256e+01 -1.424372724198e+01 -1.424984349010e+01 -1.426481968518e+01 -1.431079129273e+01 -1.442568756588e+01 -1.456983425892e+01 -1.471147278955e+01 -1.485302667682e+01 -1.499507448487e+01 -1.513505314531e+01 -1.526256785265e+01 -1.537667914329e+01 -1.548740469001e+01 -1.557627375913e+01 -1.565757023726e+01 -1.574123886169e+01 -1.582743795536e+01 -1.591553659956e+01 -1.600512204352e+01 -1.609591914637e+01 -1.618773259606e+01 -1.628041778955e+01 -1.637386342841e+01 -1.646798059308e+01 -1.656269586546e+01 -1.665794710157e+01 -1.675368073287e+01 -1.684984991059e+01 -1.694641322511e+01 -1.704333387903e+01 -1.714057914009e+01 -1.723811989624e+01 -1.733593023516e+01 -1.743398704827e+01 -1.753226967028e+01 -1.763075955635e+01 -1.772943999668e+01
-1.418990219573e+01 -1.418990219612e+01 -1.418990219661e+01 -1.418990219723e+01 -1.418990219802e+01 -1.418990219901e+01 -1.418990220025e+01 -1.418990220183e+01 -1.418990220381e+01 -1.418990220632e+01 -1.418990220948e+01 -1.418990221347e+01 -1.418990221850e+01 -1.418990222485e+01 -1.418990223287e+01 -1.418990224298e+01 -1.418990225575e+01 -1.418990227185e+01 -1.418990229217e+01 -1.418990231782e+01 -1.418990235018e+01 -1.418990239101e+01 -1.418990244254e+01 -1.418990250756e+01 -1.418990258960e+01 -1.418990269314e+01 -1.418990282378e+01 -1.418990298865e+01 -1.418990319669e+01 -1.418990345923e+01 -1.418990379054e+01 -1.418990420864e+01 -1.418990473629e+01 -1.418990540219e+01 -1.418990624262e+01 -1.418990730336e+01 -1.418990864225e+01 -1.418991033235e+01 -1.418991246598e+01 -1.418991515988e+01 -1.418991856166e+01 -1.418992285816e+01 -1.418992828602e+01 -1.418993514522e+01 -1.418994381657e+01 -1.418995478414e+01 -1.418996866451e+01 -1.418998624495e+01 -1.419000853372e+01 -1.419003682708e+01 -1.419007279964e+01 -1.419011862778e+01 -1.419017716155e+01 -1.419025216849e+01 -1.419034868803e+01 -1.419047356036e+01 -1.419063624092e+01 -1.419085010029e+01 -1.419113458678e+01 -1.419151900430e+01 -1.419204950524e+01 -1.419280297700e+01 -1.419391712704e+01 -1.419566327974e+01 -1.419864969806e+01 -1.420450716919e+01 -1.421879077987e+01 -1.426257578013e+01 -1.437277439998e+01 -1.451189999451e+01 -1.464834387768e+01 -1.478408958505e+01 -1.491943377836e+01 -1.505151409492e+01 -1.517020362688e+01 -1.528176604552e+01 -1.539479414393e+01 -1.548539281674e+01 -1.556996806611e+01 -1.565680305840e+01 -1.574571530989e+01 -1.583616434361e+01 -1.592781271418e+01 -1.602043984038e+01 -1.611388943985e+01 -1.620804645215e+01 -1.630282216512e+01 -1.639814536544e+01 -1.649395699259e+01 -1.659020688695e+01 -1.668685167234e+01 -1.678385330644e+01 -1.688117812662e+01 -1.697879624592e+01 -1.707668111760e+01 -1.717480914815e+01 -1.727315933245e+01 -1.737171291980e+01 -1.747045311486e+01 -1.756936481278e+01
-1.413906146872e+01 -1.413906146902e+01 -1.413906146940e+01 -1.413906146987e+01 -1.413906147047e+01 -1.413906147123e+01 -1.413906147219e+01 -1.413906147339e+01 -1.413906147491e+01 -1.413906147683e+01 -1.413906147926e+01 -1.413906148231e+01 -1.413906148617e+01 -1.413906149104e+01 -1.413906149718e+01 -1.413906150493e+01 -1.413906151471e+01 -1.413906152705e+01 -1.413906154263e+01 -1.413906156228e+01 -1.413906158708e+01 -1.413906161837e+01 -1.413906165786e+01 -1.413906170768e+01 -1.413906177056e+01 -1.413906184990e+01 -1.413906195001e+01 -1.413906207635e+01 -1.413906223578e+01 -1.413906243696e+01 -1.413906269084e+01 -1.413906301121e+01 -1.413906341552e+01 -1.413906392576e+01 -1.413906456970e+01 -1.413906538240e+01 -1.413906640814e+01 -1.413906770286e+01 -1.413906933719e+01 -1.413907140043e+01 -1.413907400543e+01 -1.413907729496e+01 -1.413908144967e+01 -1.413908669838e+01 -1.413909333118e+01 -1.413910171626e+01 -1.413911232168e+01 -1.413912574362e+01 -1.413914274323e+01 -1.413916429534e+01 -1.413919165313e+01 -1.413922643544e+01 -1.413927074604e+01 -1.413932733958e+01 -1.413939985705e+01 -1.413949316782e+01 -1.413961388001e+01 -1.413977112603e+01 -1.413997781576e+01 -1.414025272046e+01 -1.414062411067e+01 -1.414113648533e+01 -1.414186392227e+01 -1.414293896998e+01 -1.414462245847e+01 -1.414749813011e+01 -1.415312753669e+01 -1.416682245696e+01 -1.420872924431e+01 -1.431447582079e+01 -1.444886321860e+01 -1.458025764807e+01 -1.471050020113e+01 -1.483963619154e+01 -1.496456113741e+01 -1.507564520194e+01 -1.518627565943e+01 -1.530175214369e+01 -1.539404395111e+01 -1.548152568974e+01 -1.557101326136e+01 -1.566218275494e+01 -1.575458921408e+01 -1.584795882717e+01 -1.594211812885e+01 -1.603694194880e+01 -1.613233879851e+01 -1.622823787092e+01 -1.632458205188e+01 -1.642132380001e+01 -1.651842262119e+01 -1.661584340098e+01 -1.671355528951e+01 -1.681153099519e+01 -1.690974632425e+01 -1.700817981500e+01 -1.710681240132e+01 -1.720562710241e+01 -1.730460874454e+01 -1.740374371467e+01
-1.408208758299e+01 -1.408208758322e+01 -1.408208758351e+01 -1.408208758388e+01 -1.408208758434e+01 -1.408208758492e+01 -1.408208758565e+01 -1.408208758657e+01 -1.408208758774e+01 -1.408208758921e+01 -1.408208759107e+01 -1.408208759341e+01 -1.408208759637e+01 -1.408208760010e+01 -1.408208760481e+01 -1.408208761076e+01 -1.408208761825e+01 -1.408208762772e+01 -1.408208763966e+01 -1.408208765472e+01 -1.408208767373e+01 -1.408208769773e+01 -1.408208772800e+01 -1.408208776620e+01 -1.408208781440e+01 -1.408208787523e+01 -1.408208795199e+01 -1.408208804884e+01 -1.408208817107e+01 -1.408208832530e+01 -1.408208851994e+01 -1.408208876555e+01 -1.408208907550e+01 -1.408208946664e+01 -1.408208996026e+01 -1.408209058324e+01 -1.408209136948e+01 -1.408209236183e+01 -1.408209361439e+01 -1.408209519551e+01 -1.408209719156e+01 -1.408209971174e+01 -1.408210289415e+01 -1.408210691357e+01 -1.408211199135e+01 -1.408211840813e+01 -1.408212652010e+01 -1.408213678006e+01 -1.408214976473e+01 -1.408216621043e+01 -1.408218706013e+01 -1.408221352606e+01 -1.408224717408e+01 -1.408229003901e+01 -1.408234478512e+01 -1.408241493364e+01 -1.408250519341e+01 -1.408262195402e+01 -1.408277404467e+01 -1.408297394463e+01 -1.408323979534e+01 -1.408359891196e+01 -1.408409427603e+01 -1.408479741099e+01 -1.408583622943e+01 -1.408746227107e+01 -1.409023798924e+01 -1.409566633834e+01 -1.410885974788e+01 -1.414924391872e+01 -1.425114057467e+01 -1.438072875556e+01 -1.450734218327e+01 -1.463249445852e+01 -1.475601096757e+01 -1.487459078703e+01 -1.497929633146e+01 -1.509031816576e+01 -1.520814199075e+01 -1.530201744476e+01 -1.539199603322e+01 -1.548368003605e+01 -1.557671467108e+01 -1.567073952868e+01 -1.576553956876e+01 -1.586097401737e+01 -1.595694450124e+01 -1.605337825542e+01 -1.615021870182e+01 -1.624742000674e+01 -1.634494390164e+01 -1.644275770593e+01 -1.654083301960e+01 -1.663914487552e+01 -1.673767120997e+01 -1.683639249506e+01 -1.693529142557e+01 -1.703435263098e+01 -1.713356241563e+01 -1.723290852888e+01
-1.401911739294e+01 -1.401911739312e+01 -1.401911739334e+01 -1.401911739362e+01 -1.401911739397e+01 -1.401911739442e+01 -1.401911739498e+01 -1.401911739569e+01 -1.401911739659e+01 -1.401911739772e+01 -1.401911739914e+01 -1.401911740094e+01 -1.401911740321e+01 -1.401911740607e+01 -1.401911740969e+01 -1.401911741425e+01 -1.401911742000e+01 -1.401911742727e+01 -1.401911743643e+01 -1.401911744799e+01 -1.401911746259e+01 -1.401911748100e+01 -1.401911750423e+01 -1.401911753355e+01 -1.401911757055e+01 -1.401911761723e+01 -1.401911767614e+01 -1.401911775047e+01 -1.401911784428e+01 -1.401911796265e+01 -1.401911811202e+01 -1.401911830051e+01 -1.401911853838e+01 -1.401911883855e+01 -1.401911921736e+01 -1.401911969541e+01 -1.401912029874e+01 -1.401912106018e+01 -1.401912202123e+01 -1.401912323429e+01 -1.401912476554e+01 -1.401912669864e+01 -1.401912913933e+01 -1.401913222137e+01 -1.401913611401e+01 -1.401914103164e+01 -1.401914724602e+01 -1.401915510211e+01 -1.401916503843e+01 -1.401917761349e+01 -1.401919354038e+01 -1.401921373228e+01 -1.401923936314e+01 -1.401927194934e+01 -1.401931346141e+01 -1.401936647933e+01 -1.401943441291e+01 -1.401952182183e+01 -1.401963489307e+01 -1.401978217552e+01 -1.401997575158e+01 -1.402023318463e+01 -1.402058091735e+01 -1.402106055432e+01 -1.402174131923e+01 -1.402274699308e+01 -1.402432094498e+01 -1.402700723337e+01 -1.403225939141e+01 -1.404502733471e+01 -1.408414168447e+01 -1.418260708928e+01 -1.430768606232e+01 -1.442988633230e+01 -1.455043751784e+01 -1.466897492456e+01 -1.478203570230e+01 -1.488152539464e+01 -1.499393940032e+01 -1.511385341143e+01 -1.520915834678e+01 -1.530123512404e+01 -1.539472299410e+01 -1.548929012333e+01 -1.558464851429e+01 -1.568062828928e+01 -1.577711772414e+01 -1.587403882119e+01 -1.597133367986e+01 -1.606895706877e+01 -1.616687221116e+01 -1.626504831932e+01 -1.636345904114e+01 -1.646208144257e+01 -1.656089536529e+01 -1.665988302035e+01 -1.675902868552e+01 -1.685831843815e+01 -1.695773991270e+01 -1.705728208558e+01
-1.395044583546e+01 -1.395044583559e+01 -1.395044583576e+01 -1.395044583598e+01 -1.395044583625e+01 -1.395044583659e+01 -1.395044583702e+01 -1.395044583757e+01 -1.395044583826e+01 -1.395044583912e+01 -1.395044584022e+01 -1.395044584160e+01 -1.395044584335e+01 -1.395044584555e+01 -1.395044584833e+01 -1.395044585184e+01 -1.395044585626e+01 -1.395044586184e+01 -1.395044586889e+01 -1.395044587778e+01 -1.395044588900e+01 -1.395044590315e+01 -1.395044592101e+01 -1.395044594355e+01 -1.395044597199e+01 -1.395044600788e+01 -1.395044605317e+01 -1.395044611032e+01 -1.395044618243e+01 -1.395044627343e+01 -1.395044638825e+01 -1.395044653316e+01 -1.395044671601e+01 -1.395044694676e+01 -1.395044723796e+01 -1.395044760543e+01 -1.395044806919e+01 -1.395044865447e+01 -1.395044939313e+01 -1.395045032544e+01 -1.395045150221e+01 -1.395045298766e+01 -1.395045486293e+01 -1.395045723062e+01 -1.395046022047e+01 -1.395046399668e+01 -1.395046876722e+01 -1.395047479572e+01 -1.395048241684e+01 -1.395049205597e+01 -1.395050425493e+01 -1.395051970548e+01 -1.395053929352e+01 -1.395056415791e+01 -1.395059576971e+01 -1.395063604058e+01 -1.395068747346e+01 -1.395075337639e+01 -1.395083817301e+01 -1.395094786583e+01 -1.395109074909e+01 -1.395127854567e+01 -1.395152829706e+01 -1.395186566155e+01 -1.395233101246e+01 -1.395299153108e+01 -1.395396736171e+01 -1.395549476620e+01 -1.395810206073e+01 -1.396320145520e+01 -1.397561180164e+01 -1.401367821679e+01 -1.410926032832e+01 -1.423006856714e+01 -1.434829109919e+01 -1.446477118254e+01 -1.457898119533e+01 -1.468732192329e+01 -1.478264597108e+01 -1.489714215917e+01 -1.501881506363e+01 -1.511537467321e+01 -1.520918775794e+01 -1.530414806062e+01 -1.539996826245e+01 -1.549641924190e+01 -1.559336777294e+01 -1.569072512907e+01 -1.578842948365e+01 -1.588643475038e+01 -1.598470477197e+01 -1.608321005800e+01 -1.618192586299e+01 -1.628083096604e+01 -1.637990688338e+01 -1.647913737934e+01 -1.657850814691e+01 -1.667800655558e+01 -1.677762142603e+01 -1.687734282868e+01
-1.387649689996e+01 -1.387649690006e+01 -1.387649690020e+01 -1.387649690036e+01 -1.387649690057e+01 -1.387649690083e+01 -1.387649690117e+01 -1.387649690159e+01 -1.387649690212e+01 -1.387649690279e+01 -1.387649690363e+01 -1.387649690470e+01 -1.387649690604e+01 -1.387649690774e+01 -1.387649690988e+01 -1.387649691258e+01 -1.387649691599e+01 -1.387649692029e+01 -1.387649692572e+01 -1.387649693257e+01 -1.387649694121e+01 -1.387649695212e+01 -1.387649696588e+01 -1.387649698325e+01 -1.387649700516e+01 -1.387649703281e+01 -1.387649706771e+01 -1.387649711174e+01 -1.387649716730e+01 -1.387649723741e+01 -1.387649732588e+01 -1.387649743752e+01 -1.387649757841e+01 -1.387649775619e+01 -1.387649798054e+01 -1.387649826365e+01 -1.387649862093e+01 -1.387649907182e+01 -1.387649964086e+01 -1.387650035903e+01 -1.387650126547e+01 -1.387650240959e+01 -1.387650385383e+01 -1.387650567708e+01 -1.387650797908e+01 -1.387651088598e+01 -1.387651455743e+01 -1.387651919562e+01 -1.387652505690e+01 -1.387653246662e+01 -1.387654183840e+01 -1.387655369903e+01 -1.387656872112e+01 -1.387658776605e+01 -1.387661194115e+01 -1.387664267683e+01 -1.387668183193e+01 -1.387673184031e+01 -1.387679591886e+01 -1.387687836954e+01 -1.387698503012e+01 -1.387712396779e+01 -1.387730658567e+01 -1.387754946240e+01 -1.387787756324e+01 -1.387833017861e+01 -1.387897270439e+01 -1.387992213085e+01 -1.388140862229e+01 -1.388394719371e+01 -1.388891592647e+01 -1.390102959324e+01 -1.393824311271e+01 -1.403118708884e+01 -1.414830708584e+01 -1.426302118938e+01 -1.437596751087e+01 -1.448647970083e+01 -1.459084156222e+01 -1.468291201630e+01 -1.479990783553e+01 -1.492299627620e+01 -1.502063299821e+01 -1.511586753650e+01 -1.521202395084e+01 -1.530886335111e+01 -1.540620644062e+01 -1.550394663253e+01 -1.560201427436e+01 -1.570036035927e+01 -1.579894820448e+01 -1.589774892150e+01 -1.599673888604e+01 -1.609589823427e+01 -1.619520990567e+01 -1.629465903515e+01 -1.639423257731e+01 -1.649391905101e+01 -1.659370832914e+01 -1.669359145103e+01
-1.379778472732e+01 -1.379778472740e+01 -1.379778472750e+01 -1.379778472763e+01 -1.379778472779e+01 -1.379778472800e+01 -1.379778472826e+01 -1.379778472858e+01 -1.379778472899e+01 -1.379778472951e+01 -1.379778473016e+01 -1.379778473098e+01 -1.379778473202e+01 -1.379778473333e+01 -1.379778473499e+01 -1.379778473707e+01 -1.379778473971e+01 -1.379778474303e+01 -1.379778474722e+01 -1.379778475251e+01 -1.379778475919e+01 -1.379778476762e+01 -1.379778477825e+01 -1.379778479166e+01 -1.379778480859e+01 -1.379778482996e+01 -1.379778485691e+01 -1.379778489093e+01 -1.379778493385e+01 -1.379778498801e+01 -1.379778505636e+01 -1.379778514260e+01 -1.379778525144e+01 -1.379778538877e+01 -1.379778556208e+01 -1.379778578078e+01 -1.379778605677e+01 -1.379778640506e+01 -1.379778684459e+01 -1.379778739931e+01 -1.379778809941e+01 -1.379778898303e+01 -1.379779009835e+01 -1.379779150623e+01 -1.379779328359e+01 -1.379779552765e+01 -1.379779836139e+01 -1.379780194044e+01 -1.379780646191e+01 -1.379781217570e+01 -1.379781939898e+01 -1.379782853498e+01 -1.379784009726e+01 -1.379785474155e+01 -1.379787330761e+01 -1.379789687503e+01 -1.379792683841e+01 -1.379796501012e+01 -1.379801376332e+01 -1.379807623479e+01 -1.379815661971e+01 -1.379826061145e+01 -1.379839607855e+01 -1.379857414485e+01 -1.379881098586e+01 -1.379913096507e+01 -1.379957243664e+01 -1.380019926099e+01 -1.380112573565e+01 -1.380257687113e+01 -1.380505660345e+01 -1.380991522965e+01 -1.382178640216e+01 -1.385831663900e+01 -1.394900602103e+01 -1.406288407922e+01 -1.417456255271e+01 -1.428449257666e+01 -1.439189046034e+01 -1.449293863976e+01 -1.458252190110e+01 -1.470221361957e+01 -1.482640181744e+01 -1.492494713751e+01 -1.502133646852e+01 -1.511846067629e+01 -1.521612700634e+01 -1.531419434613e+01 -1.541257861280e+01 -1.551122476916e+01 -1.561009396973e+01 -1.570915702401e+01 -1.580839086947e+01 -1.590777660347e+01 -1.600729830395e+01 -1.610694228002e+01 -1.620669660243e+01 -1.630655081205e+01 -1.640649571349e+01 -1.650652320099e+01
-1.371487188373e+01 -1.371487188379e+01 -1.371487188387e+01 -1.371487188397e+01 -1.371487188409e+01 -1.371487188425e+01 -1.371487188445e+01 -1.371487188470e+01 -1.371487188502e+01 -1.371487188542e+01 -1.371487188593e+01 -1.371487188656e+01 -1.371487188737e+01 -1.371487188838e+01 -1.371487188967e+01 -1.371487189128e+01 -1.371487189332e+01 -1.371487189590e+01 -1.371487189915e+01 -1.371487190325e+01 -1.371487190842e+01 -1.371487191495e+01 -1.371487192318e+01 -1.371487193358e+01 -1.371487194669e+01 -1.371487196324e+01 -1.371487198413e+01 -1.371487201048e+01 -1.371487204374e+01 -1.371487208570e+01 -1.371487213865e+01 -1.371487220547e+01 -1.371487228979e+01 -1.371487239618e+01 -1.371487253045e+01 -1.371487269988e+01 -1.371487291369e+01 -1.371487318351e+01 -1.371487352401e+01 -1.371487395372e+01 -1.371487449603e+01 -1.371487518047e+01 -1.371487604434e+01 -1.371487713472e+01 -1.371487851113e+01 -1.371488024875e+01 -1.371488244264e+01 -1.371488521303e+01 -1.371488871207e+01 -1.371489313248e+01 -1.371489871856e+01 -1.371490578042e+01 -1.371491471228e+01 -1.371492601627e+01 -1.371494033349e+01 -1.371495848502e+01 -1.371498152646e+01 -1.371501082145e+01 -1.371504814222e+01 -1.371509580949e+01 -1.371515689094e+01 -1.371523548969e+01 -1.371533717474e+01 -1.371546964381e+01 -1.371564378106e+01 -1.371587541667e+01 -1.371618840033e+01 -1.371662028959e+01 -1.371723364505e+01 -1.371814049986e+01 -1.371956157172e+01 -1.372199169864e+01 -1.372675888615e+01 -1.373843481748e+01 -1.377438261306e+01 -1.386321458004e+01 -1.397429422190e+01 -1.408338947073e+01 -1.419078162384e+01 -1.429558846480e+01 -1.439390458838e+01 -1.448162670055e+01 -1.460404344053e+01 -1.472906347784e+01 -1.482836470040e+01 -1.492568694142e+01 -1.502359157681e+01 -1.512192612396e+01 -1.522057965180e+01 -1.531948583283e+01 -1.541860117942e+01 -1.551789490138e+01 -1.561734378030e+01 -1.571692942185e+01 -1.581663672036e+01 -1.591645293276e+01 -1.601636709227e+01 -1.611636964498e+01 -1.621645222162e+01 -1.631660747027e+01
-1.362833104960e+01 -1.362833104965e+01 -1.362833104971e+01 -1.362833104978e+01 -1.362833104988e+01 -1.362833105000e+01 -1.362833105016e+01 -1.362833105035e+01 -1.362833105060e+01 -1.362833105091e+01 -1.362833105130e+01 -1.362833105180e+01 -1.362833105243e+01 -1.362833105321e+01 -1.362833105421e+01 -1.362833105547e+01 -1.362833105705e+01 -1.362833105905e+01 -1.362833106158e+01 -1.362833106476e+01 -1.362833106878e+01 -1.362833107386e+01 -1.362833108026e+01 -1.362833108833e+01 -1.362833109852e+01 -1.362833111138e+01 -1.362833112761e+01 -1.362833114809e+01 -1.362833117393e+01 -1.362833120654e+01 -1.362833124768e+01 -1.362833129960e+01 -1.362833136512e+01 -1.362833144779e+01 -1.362833155212e+01 -1.362833168377e+01 -1.362833184990e+01 -1.362833205954e+01 -1.362833232410e+01 -1.362833265797e+01 -1.362833307931e+01 -1.362833361105e+01 -1.362833428216e+01 -1.362833512919e+01 -1.362833619834e+01 -1.362833754793e+01 -1.362833925170e+01 -1.362834140286e+01 -1.362834411928e+01 -1.362834755017e+01 -1.362835188449e+01 -1.362835736180e+01 -1.362836428616e+01 -1.362837304416e+01 -1.362838412815e+01 -1.362839816682e+01 -1.362841596534e+01 -1.362843855889e+01 -1.362846728478e+01 -1.362850388113e+01 -1.362855062407e+01 -1.362861052261e+01 -1.362868760173e+01 -1.362878732504e+01 -1.362891724561e+01 -1.362908804495e+01 -1.362931526200e+01 -1.362962231402e+01 -1.363004609060e+01 -1.363064806714e+01 -1.363153839810e+01 -1.363293427124e+01 -1.363532314569e+01 -1.364001536931e+01 -1.365153616430e+01 -1.368705475330e+01 -1.377431249603e+01 -1.388301438404e+01 -1.398994220714e+01 -1.409522469060e+01 -1.419789756033e+01 -1.429397995196e+01 -1.438033963498e+01 -1.450539303564e+01 -1.463103118731e+01 -1.473095450409e+01 -1.482902724456e+01 -1.492755940120e+01 -1.502643226006e+01 -1.512555866351e+01 -1.522488627481e+01 -1.532438072844e+01 -1.542401762091e+01 -1.552377849377e+01 -1.562364869007e+01 -1.572361615348e+01 -1.582367070037e+01 -1.592380356129e+01 -1.602400709861e+01 -1.612427462678e+01
-1.353871425819e+01 -1.353871425823e+01 -1.353871425828e+01 -1.353871425834e+01 -1.353871425841e+01 -1.353871425851e+01 -1.353871425863e+01 -1.353871425878e+01 -1.353871425897e+01 -1.353871425922e+01 -1.353871425952e+01 -1.353871425991e+01 -1.353871426040e+01 -1.353871426101e+01 -1.353871426179e+01 -1.353871426277e+01 -1.353871426400e+01 -1.353871426556e+01 -1.353871426753e+01 -1.353871427001e+01 -1.353871427314e+01 -1.353871427710e+01 -1.353871428208e+01 -1.353871428838e+01 -1.353871429632e+01 -1.353871430634e+01 -1.353871431899e+01 -1.353871433494e+01 -1.353871435508e+01 -1.353871438049e+01 -1.353871441255e+01 -1.353871445301e+01 -1.353871450406e+01 -1.353871456848e+01 -1.353871464978e+01 -1.353871475236e+01 -1.353871488181e+01 -1.353871504517e+01 -1.353871525131e+01 -1.353871551146e+01 -1.353871583975e+01 -1.353871625406e+01 -1.353871677693e+01 -1.353871743683e+01 -1.353871826973e+01 -1.353871932102e+01 -1.353872064809e+01 -1.353872232343e+01 -1.353872443868e+01 -1.353872710978e+01 -1.353873048342e+01 -1.353873474542e+01 -1.353874013135e+01 -1.353874694023e+01 -1.353875555217e+01 -1.353876645138e+01 -1.353878025610e+01 -1.353879775814e+01 -1.353881997555e+01 -1.353884822355e+01 -1.353888421164e+01 -1.353893017858e+01 -1.353898908423e+01 -1.353906488814e+01 -1.353916296572e+01 -1.353929074917e+01 -1.353945875090e+01 -1.353968226715e+01 -1.353998435578e+01 -1.354040135271e+01 -1.354099383754e+01 -1.354187042239e+01 -1.354324542062e+01 -1.354560035975e+01 -1.355023171707e+01 -1.356163032895e+01 -1.359681673937e+01 -1.368277512384e+01 -1.378948371131e+01 -1.389461428706e+01 -1.399816056045e+01 -1.409909050928e+01 -1.419335946250e+01 -1.427874490761e+01 -1.440627068599e+01 -1.453236519596e+01 -1.463279627115e+01 -1.473147082499e+01 -1.483050630098e+01 -1.492981165428e+01 -1.502931841510e+01 -1.512898526721e+01 -1.522878504902e+01 -1.532869842100e+01 -1.542871071688e+01 -1.552881026848e+01 -1.562898746456e+01 -1.572923417826e+01 -1.582954340817e+01 -1.592990905838e+01
-1.344653138640e+01 -1.344653138643e+01 -1.344653138647e+01 -1.344653138652e+01 -1.344653138658e+01 -1.344653138665e+01 -1.344653138674e+01 -1.344653138686e+01 -1.344653138701e+01 -1.344653138720e+01 -1.344653138744e+01 -1.344653138774e+01 -1.344653138812e+01 -1.344653138861e+01 -1.344653138921e+01 -1.344653138998e+01 -1.344653139094e+01 -1.344653139216e+01 -1.344653139370e+01 -1.344653139564e+01 -1.344653139808e+01 -1.344653140117e+01 -1.344653140507e+01 -1.344653140999e+01 -1.344653141619e+01 -1.344653142402e+01 -1.344653143390e+01 -1.344653144637e+01 -1.344653146210e+01 -1.344653148195e+01 -1.344653150700e+01 -1.344653153861e+01 -1.344653157850e+01 -1.344653162883e+01 -1.344653169235e+01 -1.344653177249e+01 -1.344653187363e+01 -1.344653200126e+01 -1.344653216231e+01 -1.344653236555e+01 -1.344653262202e+01 -1.344653294569e+01 -1.344653335415e+01 -1.344653386965e+01 -1.344653452024e+01 -1.344653534140e+01 -1.344653637787e+01 -1.344653768622e+01 -1.344653933794e+01 -1.344654142337e+01 -1.344654405681e+01 -1.344654738289e+01 -1.344655158482e+01 -1.344655689485e+01 -1.344656360778e+01 -1.344657209842e+01 -1.344658284414e+01 -1.344659645453e+01 -1.344661371033e+01 -1.344663561534e+01 -1.344666346648e+01 -1.344669894947e+01 -1.344674427211e+01 -1.344680235347e+01 -1.344687709892e+01 -1.344697381083e+01 -1.344709982139e+01 -1.344726550324e+01 -1.344748595233e+01 -1.344778393043e+01 -1.344819531840e+01 -1.344877996191e+01 -1.344964521521e+01 -1.345100306327e+01 -1.345333028106e+01 -1.345791245795e+01 -1.346921497639e+01 -1.350414403582e+01 -1.358903634170e+01 -1.369409272072e+01 -1.379774740378e+01 -1.389987655970e+01 -1.399939274549e+01 -1.409219851089e+01 -1.417690515280e+01 -1.430669540012e+01 -1.443312993762e+01 -1.453397297828e+01 -1.463312890539e+01 -1.473256721901e+01 -1.483221923793e+01 -1.493203116507e+01 -1.503197036714e+01 -1.513201537198e+01 -1.523215085499e+01 -1.533236516906e+01 -1.543264903324e+01 -1.553299479367e+01 -1.563339597298e+01 -1.573384698914e+01
-1.335223760378e+01 -1.335223760380e+01 -1.335223760383e+01 -1.335223760387e+01 -1.335223760391e+01 -1.335223760397e+01 -1.335223760404e+01 -1.335223760414e+01 -1.335223760426e+01 -1.335223760440e+01 -1.335223760459e+01 -1.335223760483e+01 -1.335223760513e+01 -1.335223760550e+01 -1.335223760598e+01 -1.335223760658e+01 -1.335223760733e+01 -1.335223760829e+01 -1.335223760949e+01 -1.335223761101e+01 -1.335223761292e+01 -1.335223761534e+01 -1.335223761839e+01 -1.335223762225e+01 -1.335223762710e+01 -1.335223763324e+01 -1.335223764097e+01 -1.335223765074e+01 -1.335223766306e+01 -1.335223767860e+01 -1.335223769822e+01 -1.335223772298e+01 -1.335223775421e+01 -1.335223779363e+01 -1.335223784337e+01 -1.335223790614e+01 -1.335223798534e+01 -1.335223808529e+01 -1.335223821141e+01 -1.335223837056e+01 -1.335223857141e+01 -1.335223882486e+01 -1.335223914471e+01 -1.335223954836e+01 -1.335224005778e+01 -1.335224070071e+01 -1.335224151218e+01 -1.335224253644e+01 -1.335224382938e+01 -1.335224546163e+01 -1.335224752249e+01 -1.335225012490e+01 -1.335225341181e+01 -1.335225756424e+01 -1.335226281174e+01 -1.335226944563e+01 -1.335227783632e+01 -1.335228845560e+01 -1.335230190590e+01 -1.335231895883e+01 -1.335234060651e+01 -1.335236813073e+01 -1.335240319767e+01 -1.335244798964e+01 -1.335250539215e+01 -1.335257926598e+01 -1.335267485345e+01 -1.335279940456e+01 -1.335296317718e+01 -1.335318110289e+01 -1.335347570074e+01 -1.335388247917e+01 -1.335446068441e+01 -1.335531664632e+01 -1.335666046200e+01 -1.335896508114e+01 -1.336350745330e+01 -1.337473366004e+01 -1.340946028382e+01 -1.349347972731e+01 -1.359717942374e+01 -1.369963167412e+01 -1.380061196199e+01 -1.389898795065e+01 -1.399061977897e+01 -1.407486730485e+01 -1.420669401859e+01 -1.433338963731e+01 -1.443456564893e+01 -1.453410585114e+01 -1.463386599200e+01 -1.473379532094e+01 -1.483385155406e+01 -1.493400890305e+01 -1.503425038979e+01 -1.513456387238e+01 -1.523494010577e+01 -1.533537171335e+01 -1.543585260574e+01 -1.553637762601e+01
