-1.693059528324e+01 -1.693059549142e+01 -1.693059575412e+01 -1.693059608561e+01 -1.693059650390e+01 -1.693059703172e+01 -1.693059769774e+01 -1.693059853814e+01 -1.693059959860e+01 -1.693060093671e+01 -1.693060262517e+01 -1.693060475568e+01 -1.693060744396e+01 -1.693061083598e+01 -1.693061511591e+01 -1.693062051606e+01 -1.693062732948e+01 -1.693063592575e+01 -1.693064677099e+01 -1.693066045287e+01 -1.693067771230e+01 -1.693069948301e+01 -1.693072694146e+01 -1.693076156930e+01 -1.693080523161e+01 -1.693086027461e+01 -1.693092964740e+01 -1.693101705310e+01 -1.693112713566e+01 -1.693126570938e+01 -1.693144003888e+01 -1.693165917728e+01 -1.693193436934e+01 -1.693227952378e+01 -1.693271175345e+01 -1.693325197210e+01 -1.693392552020e+01 -1.693476276707e+01 -1.693579960007e+01 -1.693707766233e+01 -1.693864414077e+01 -1.694055084400e+01 -1.694285226540e+01 -1.694560233500e+01 -1.694884967727e+01 -1.695263146391e+01 -1.695696641269e+01 -1.696184808669e+01 -1.696724022123e+01 -1.697307605211e+01 -1.697926322636e+01 -1.698569473003e+01 -1.699226464158e+01 -1.699888606567e+01 -1.700550801835e+01 -1.701212862950e+01 -1.701880350021e+01 -1.702564969703e+01 -1.703284700888e+01 -1.704063842015e+01 -1.704933132593e+01 -1.705930006930e+01 -1.707098912823e+01 -1.708491483117e+01 -1.710166194855e+01 -1.712187024391e+01 -1.714620593673e+01 -1.717531541486e+01 -1.720976457773e+01 -1.724997595759e+01 -1.729618256757e+01 -1.734841543930e+01 -1.740652857314e+01 -1.747024805036e+01 -1.753922412295e+01 -1.761307127019e+01 -1.769139369832e+01 -1.777380158123e+01 -1.785992332984e+01 -1.794941562629e+01 -1.804197049331e+01 -1.813731842398e+01 -1.823522743887e+01 -1.833549874548e+01 -1.843796012556e+01 -1.854245838332e+01 -1.864885221981e+01 -1.875700668528e+01 -1.886678985825e+01 -1.897807173632e+01 -1.909072475754e+01 -1.920462511386e+01 -1.931965410577e+01 -1.943569908630e+01 -1.955265386774e+01 -1.967041868457e+01 -1.978889988853e+01 -1.990800954128e+01 -2.002766503430e+01 -2.014778883275e+01
-1.693059519145e+01 -1.693059537560e+01 -1.693059560797e+01 -1.693059590119e+01 -1.693059627119e+01 -1.693059673807e+01 -1.693059732720e+01 -1.693059807059e+01 -1.693059900862e+01 -1.693060019226e+01 -1.693060168581e+01 -1.693060357039e+01 -1.693060594837e+01 -1.693060894888e+01 -1.693061273485e+01 -1.693061751181e+01 -1.693062353902e+01 -1.693063114352e+01 -1.693064073772e+01 -1.693065284171e+01 -1.693066811122e+01 -1.693068737278e+01 -1.693071166798e+01 -1.693074230892e+01 -1.693078094774e+01 -1.693082966359e+01 -1.693089107116e+01 -1.693096845561e+01 -1.693106593993e+01 -1.693118869118e+01 -1.693134317323e+01 -1.693153745383e+01 -1.693178157357e+01 -1.693208798275e+01 -1.693247204846e+01 -1.693295262675e+01 -1.693355268267e+01 -1.693429992059e+01 -1.693522735742e+01 -1.693637372933e+01 -1.693778356797e+01 -1.693950671996e+01 -1.694159702634e+01 -1.694410985298e+01 -1.694709821232e+01 -1.695060739619e+01 -1.695466839758e+01 -1.695929093837e+01 -1.696445753964e+01 -1.697012053860e+01 -1.697620394609e+01 -1.698261129953e+01 -1.698923924317e+01 -1.699599492739e+01 -1.700281418811e+01 -1.700967741580e+01 -1.701662108289e+01 -1.702374453436e+01 -1.703121310915e+01 -1.703925940887e+01 -1.704818442347e+01 -1.705835942064e+01 -1.707022824426e+01 -1.708430813594e+01 -1.710118556775e+01 -1.712150224311e+01 -1.714592625175e+01 -1.717510572195e+01 -1.720960831083e+01 -1.724985856755e+01 -1.729609194172e+01 -1.734834224572e+01 -1.740646628295e+01 -1.747019255702e+01 -1.753917309640e+01 -1.761302348562e+01 -1.769134851826e+01 -1.777375863939e+01 -1.785988237332e+01 -1.794937644961e+01 -1.804193291495e+01 -1.813728227908e+01 -1.823519257742e+01 -1.833546503199e+01 -1.843792743902e+01 -1.854242661700e+01 -1.864882128070e+01 -1.875697649303e+01 -1.886676034370e+01 -1.897804283984e+01 -1.909069642735e+01 -1.920459730457e+01 -1.931962677718e+01 -1.943567220254e+01 -1.955262739664e+01 -1.967039259721e+01 -1.978887415891e+01 -1.990798414600e+01 -2.002763995230e+01 -2.014776404505e+01
-1.693059510987e+01 -1.693059527266e+01 -1.693059547808e+01 -1.693059573729e+01 -1.693059606437e+01 -1.693059647709e+01 -1.693059699789e+01 -1.693059765505e+01 -1.693059848429e+01 -1.693059953064e+01 -1.693060085096e+01 -1.693060251697e+01 -1.693060461916e+01 -1.693060727171e+01 -1.693061061865e+01 -1.693061484170e+01 -1.693062017012e+01 -1.693062689304e+01 -1.693063537519e+01 -1.693064607650e+01 -1.693065957693e+01 -1.693067660761e+01 -1.693069809006e+01 -1.693072518535e+01 -1.693075935587e+01 -1.693080244261e+01 -1.693085676170e+01 -1.693092522479e+01 -1.693101148859e+01 -1.693112013974e+01 -1.693125692228e+01 -1.693142901542e+01 -1.693164536950e+01 -1.693191710751e+01 -1.693225799677e+01 -1.693268499068e+01 -1.693321883085e+01 -1.693388468477e+01 -1.693471276975e+01 -1.693573887918e+01 -1.693700467911e+01 -1.693855758471e+01 -1.694044996398e+01 -1.694273736901e+01 -1.694547549744e+01 -1.694871568712e+01 -1.695249900282e+01 -1.695684941807e+01 -1.696176719093e+01 -1.696722412107e+01 -1.697316267113e+01 -1.697950061786e+01 -1.698614182442e+01 -1.699299212573e+01 -1.699997781680e+01 -1.700706354205e+01 -1.701426686059e+01 -1.702166815973e+01 -1.702941621521e+01 -1.703773084378e+01 -1.704690438562e+01 -1.705730319643e+01 -1.706936913664e+01 -1.708361946337e+01 -1.710064181365e+01 -1.712107955338e+01 -1.714560253985e+01 -1.717486065884e+01 -1.720942343674e+01 -1.724971763727e+01 -1.729598141993e+01 -1.734825169849e+01 -1.740638840081e+01 -1.747012272775e+01 -1.753910868498e+01 -1.761296308806e+01 -1.769129138658e+01 -1.777370433050e+01 -1.785983057336e+01 -1.794932690027e+01 -1.804188538697e+01 -1.813723656404e+01 -1.823514848560e+01 -1.833542239203e+01 -1.843788609787e+01 -1.854238643970e+01 -1.864878214960e+01 -1.875693830650e+01 -1.886672301427e+01 -1.897800629211e+01 -1.909066059583e+01 -1.920456213184e+01 -1.931959221241e+01 -1.943563820035e+01 -1.955259391636e+01 -1.967035960227e+01 -1.978884161641e+01 -1.990795202634e+01 -2.002760822886e+01 -2.014773269382e+01
-1.693059503738e+01 -1.693059518119e+01 -1.693059536266e+01 -1.693059559164e+01 -1.693059588059e+01 -1.693059624519e+01 -1.693059670526e+01 -1.693059728580e+01 -1.693059801835e+01 -1.693059894271e+01 -1.693060010910e+01 -1.693060158087e+01 -1.693060343798e+01 -1.693060578130e+01 -1.693060873808e+01 -1.693061246889e+01 -1.693061717626e+01 -1.693062311569e+01 -1.693063060947e+01 -1.693064006404e+01 -1.693065199197e+01 -1.693066703951e+01 -1.693068602130e+01 -1.693070996398e+01 -1.693074016091e+01 -1.693077824074e+01 -1.693082625330e+01 -1.693088677667e+01 -1.693096305059e+01 -1.693105914181e+01 -1.693118014823e+01 -1.693133244924e+01 -1.693152401039e+01 -1.693176475018e+01 -1.693206697563e+01 -1.693244588967e+01 -1.693292016697e+01 -1.693351258293e+01 -1.693425066190e+01 -1.693516728209e+01 -1.693630113399e+01 -1.693769687665e+01 -1.693940477449e+01 -1.694147953906e+01 -1.694397807023e+01 -1.694695583019e+01 -1.695046174691e+01 -1.695453188179e+01 -1.695918261891e+01 -1.696440475429e+01 -1.697016036439e+01 -1.697638439338e+01 -1.698299224734e+01 -1.698989332400e+01 -1.699700875942e+01 -1.700429045212e+01 -1.701173823652e+01 -1.701941301667e+01 -1.702744524524e+01 -1.703603957995e+01 -1.704547727153e+01 -1.705611762458e+01 -1.706839884764e+01 -1.708283703530e+01 -1.710002023410e+01 -1.712059304038e+01 -1.714522687750e+01 -1.717457335198e+01 -1.720920395136e+01 -1.724954785716e+01 -1.729584623442e+01 -1.734813944976e+01 -1.740629090865e+01 -1.747003481133e+01 -1.753902736133e+01 -1.761288674409e+01 -1.769121914153e+01 -1.777363564653e+01 -1.785976506026e+01 -1.794926423306e+01 -1.804182527609e+01 -1.813717874597e+01 -1.823509272043e+01 -1.833536846302e+01 -1.843783381147e+01 -1.854233562521e+01 -1.864873265824e+01 -1.875689000973e+01 -1.886667580148e+01 -1.897796006792e+01 -1.909061527743e+01 -1.920451764661e+01 -1.931954849606e+01 -1.943559519551e+01 -1.955255157157e+01 -1.967031787129e+01 -1.978880045764e+01 -1.990791140235e+01 -2.002756810597e+01 -2.014769304167e+01
-1.693059497298e+01 -1.693059509992e+01 -1.693059526011e+01 -1.693059546224e+01 -1.693059571730e+01 -1.693059603914e+01 -1.693059644526e+01 -1.693059695773e+01 -1.693059760437e+01 -1.693059842034e+01 -1.693059944995e+01 -1.693060074914e+01 -1.693060238850e+01 -1.693060445706e+01 -1.693060706717e+01 -1.693061036058e+01 -1.693061451610e+01 -1.693061975933e+01 -1.693062637480e+01 -1.693063472143e+01 -1.693064525185e+01 -1.693065853681e+01 -1.693067529587e+01 -1.693069643602e+01 -1.693072310008e+01 -1.693075672758e+01 -1.693079913088e+01 -1.693085259038e+01 -1.693091997330e+01 -1.693100488120e+01 -1.693111183272e+01 -1.693124648848e+01 -1.693141592629e+01 -1.693162897454e+01 -1.693189661172e+01 -1.693223243745e+01 -1.693265321613e+01 -1.693317948566e+01 -1.693383620929e+01 -1.693465342599e+01 -1.693566682153e+01 -1.693691809640e+01 -1.693845494977e+01 -1.694033043689e+01 -1.694260140732e+01 -1.694532572620e+01 -1.694855806688e+01 -1.695234429801e+01 -1.695671491068e+01 -1.696167851465e+01 -1.696721703760e+01 -1.697328461213e+01 -1.697981191031e+01 -1.698671670342e+01 -1.699391986568e+01 -1.700136448656e+01 -1.700903492977e+01 -1.701697299469e+01 -1.702528961718e+01 -1.703417211764e+01 -1.704388811851e+01 -1.705478746000e+01 -1.706730269295e+01 -1.708194724887e+01 -1.709930856206e+01 -1.712003182989e+01 -1.714478970877e+01 -1.717423541287e+01 -1.720894244987e+01 -1.724934262137e+01 -1.729568041397e+01 -1.734800002972e+01 -1.740616873808e+01 -1.746992406939e+01 -1.753892466714e+01 -1.761279023945e+01 -1.769112778552e+01 -1.777354878415e+01 -1.785968220552e+01 -1.794918497690e+01 -1.804174925273e+01 -1.813710562222e+01 -1.823502219289e+01 -1.833530025760e+01 -1.843776768340e+01 -1.854227135859e+01 -1.864867006493e+01 -1.875682892717e+01 -1.886661608978e+01 -1.897790160646e+01 -1.909055796147e+01 -1.920446138433e+01 -1.931949320614e+01 -1.943554080540e+01 -1.955249801622e+01 -1.967026509221e+01 -1.978874840220e+01 -1.990786002323e+01 -2.002751736058e+01 -2.014764289162e+01
-1.693059491577e+01 -1.693059502773e+01 -1.693059516901e+01 -1.693059534729e+01 -1.693059557224e+01 -1.693059585611e+01 -1.693059621430e+01 -1.693059666629e+01 -1.693059723662e+01 -1.693059795629e+01 -1.693059886440e+01 -1.693060001029e+01 -1.693060145620e+01 -1.693060328067e+01 -1.693060558281e+01 -1.693060848764e+01 -1.693061215291e+01 -1.693061677760e+01 -1.693062261274e+01 -1.693062997498e+01 -1.693063926366e+01 -1.693065098241e+01 -1.693066576623e+01 -1.693068441564e+01 -1.693070793950e+01 -1.693073760890e+01 -1.693077502461e+01 -1.693082220158e+01 -1.693088167444e+01 -1.693095662893e+01 -1.693105106499e+01 -1.693116999835e+01 -1.693131970800e+01 -1.693150803804e+01 -1.693174476194e+01 -1.693204201647e+01 -1.693241480959e+01 -1.693288160058e+01 -1.693346493988e+01 -1.693419213886e+01 -1.693509591278e+01 -1.693621490177e+01 -1.693759392412e+01 -1.693928375582e+01 -1.694134017125e+01 -1.694382194465e+01 -1.694678753926e+01 -1.695029035502e+01 -1.695437271835e+01 -1.695905929855e+01 -1.696435125398e+01 -1.697022294810e+01 -1.697662321798e+01 -1.698348263647e+01 -1.699072693408e+01 -1.699829510146e+01 -1.700615936526e+01 -1.701434386394e+01 -1.702293961538e+01 -1.703211482955e+01 -1.704212100521e+01 -1.705329589504e+01 -1.706606405066e+01 -1.708093438154e+01 -1.709849237080e+01 -1.711938294026e+01 -1.714427947380e+01 -1.717383657450e+01 -1.720862977775e+01 -1.724909369676e+01 -1.729547647167e+01 -1.734782655300e+01 -1.740601549423e+01 -1.746978451641e+01 -1.753879496760e+01 -1.761266824672e+01 -1.769101226467e+01 -1.777343893497e+01 -1.785957742173e+01 -1.794908474333e+01 -1.804165310729e+01 -1.813701314365e+01 -1.823493299750e+01 -1.833521399880e+01 -1.843768405161e+01 -1.854219008082e+01 -1.864859090322e+01 -1.875675167595e+01 -1.886654057215e+01 -1.897782766987e+01 -1.909048547349e+01 -1.920439022883e+01 -1.931942328031e+01 -1.943547201748e+01 -1.955243028393e+01 -1.967019834159e+01 -1.978868256673e+01 -1.990779504305e+01 -2.002745318183e+01 -2.014757946575e+01
-1.693059486495e+01 -1.693059496361e+01 -1.693059508810e+01 -1.693059524519e+01 -1.693059544342e+01 -1.693059569355e+01 -1.693059600918e+01 -1.693059640745e+01 -1.693059691001e+01 -1.693059754416e+01 -1.693059834436e+01 -1.693059935408e+01 -1.693060062818e+01 -1.693060223587e+01 -1.693060426447e+01 -1.693060682418e+01 -1.693061005399e+01 -1.693061412929e+01 -1.693061927131e+01 -1.693062575914e+01 -1.693063394477e+01 -1.693064427216e+01 -1.693065730113e+01 -1.693067373751e+01 -1.693069447100e+01 -1.693072062275e+01 -1.693075360511e+01 -1.693079519643e+01 -1.693084763469e+01 -1.693091373426e+01 -1.693099703119e+01 -1.693110196327e+01 -1.693123409201e+01 -1.693140037465e+01 -1.693160949459e+01 -1.693187225847e+01 -1.693220206647e+01 -1.693261545818e+01 -1.693313272915e+01 -1.693377859973e+01 -1.693458289715e+01 -1.693558118039e+01 -1.693681519420e+01 -1.693833298340e+01 -1.694018843755e+01 -1.694243998360e+01 -1.694514812975e+01 -1.694837163376e+01 -1.695216227785e+01 -1.695655862664e+01 -1.696157971015e+01 -1.696722019174e+01 -1.697344899500e+01 -1.698021324810e+01 -1.698744854139e+01 -1.699509499599e+01 -1.700311703305e+01 -1.701152373923e+01 -1.702038682403e+01 -1.702985426245e+01 -1.704015917154e+01 -1.705162449479e+01 -1.706466413993e+01 -1.707978025450e+01 -1.709755466413e+01 -1.711863083467e+01 -1.714368214920e+01 -1.717336423721e+01 -1.720825459257e+01 -1.724879080571e+01 -1.729522501107e+01 -1.734761034792e+01 -1.740582310706e+01 -1.746960859129e+01 -1.753863114151e+01 -1.761251403201e+01 -1.769086619044e+01 -1.777330002057e+01 -1.785944490977e+01 -1.794895798471e+01 -1.804153151818e+01 -1.813689619144e+01 -1.823482019702e+01 -1.833510491175e+01 -1.843757828654e+01 -1.854208729249e+01 -1.864849079072e+01 -1.875665397934e+01 -1.886644506771e+01 -1.897773416472e+01 -1.909039380015e+01 -1.920430024046e+01 -1.931933484689e+01 -1.943538502300e+01 -1.955234462435e+01 -1.967011392339e+01 -1.978859930578e+01 -1.990771286366e+01 -2.002737201590e+01 -2.014749925190e+01
-1.693059481979e+01 -1.693059490665e+01 -1.693059501624e+01 -1.693059515452e+01 -1.693059532902e+01 -1.693059554920e+01 -1.693059582704e+01 -1.693059617762e+01 -1.693059662001e+01 -1.693059717823e+01 -1.693059788261e+01 -1.693059877144e+01 -1.693059989298e+01 -1.693060130818e+01 -1.693060309391e+01 -1.693060534716e+01 -1.693060819032e+01 -1.693061177778e+01 -1.693061630431e+01 -1.693062201564e+01 -1.693062922171e+01 -1.693063831344e+01 -1.693064978385e+01 -1.693066425458e+01 -1.693068250936e+01 -1.693070553597e+01 -1.693073457906e+01 -1.693077120626e+01 -1.693081739112e+01 -1.693087561665e+01 -1.693094900445e+01 -1.693104147511e+01 -1.693115794667e+01 -1.693130457884e+01 -1.693148907134e+01 -1.693172102512e+01 -1.693201237440e+01 -1.693237789503e+01 -1.693283578967e+01 -1.693340834050e+01 -1.693412260465e+01 -1.693501110257e+01 -1.693611241404e+01 -1.693747154841e+01 -1.693913989717e+01 -1.694117451762e+01 -1.694363645543e+01 -1.694658782805e+01 -1.695008751140e+01 -1.695418555417e+01 -1.695891691505e+01 -1.696429572831e+01 -1.697031187598e+01 -1.697693188280e+01 -1.698410574283e+01 -1.699178012691e+01 -1.699991679141e+01 -1.700851355701e+01 -1.701762462666e+01 -1.702737752566e+01 -1.703798521378e+01 -1.704975317390e+01 -1.706308179872e+01 -1.707846385485e+01 -1.709647539319e+01 -1.711775687802e+01 -1.714298068068e+01 -1.717280290202e+01 -1.720780281349e+01 -1.724842110060e+01 -1.729491422906e+01 -1.734734048853e+01 -1.740558139124e+01 -1.746938674295e+01 -1.753842419016e+01 -1.761231908480e+01 -1.769068148838e+01 -1.777312435833e+01 -1.785927733990e+01 -1.794879768904e+01 -1.804137775904e+01 -1.813674829547e+01 -1.823467755077e+01 -1.833496696099e+01 -1.843744453628e+01 -1.854195730618e+01 -1.864836418788e+01 -1.875653043125e+01 -1.886632429151e+01 -1.897761591651e+01 -1.909027786816e+01 -1.920418643903e+01 -1.931922301163e+01 -1.943527500722e+01 -1.955223629652e+01 -1.967000716524e+01 -1.978849401094e+01 -1.990760893645e+01 -2.002726937019e+01 -2.014739781008e+01
-1.693059473009e+01 -1.693059481676e+01 -1.693059492129e+01 -1.693059504935e+01 -1.693059520790e+01 -1.693059540557e+01 -1.693059565308e+01 -1.693059596389e+01 -1.693059635488e+01 -1.693059684731e+01 -1.693059746792e+01 -1.693059825043e+01 -1.693059923737e+01 -1.693060048234e+01 -1.693060205299e+01 -1.693060403462e+01 -1.693060653487e+01 -1.693060968953e+01 -1.693061366991e+01 -1.693061869209e+01 -1.693062502868e+01 -1.693063302352e+01 -1.693064311026e+01 -1.693065583578e+01 -1.693067188960e+01 -1.693069214093e+01 -1.693071768523e+01 -1.693074990262e+01 -1.693079053111e+01 -1.693084175833e+01 -1.693090633596e+01 -1.693098772232e+01 -1.693109025922e+01 -1.693121939047e+01 -1.693138193010e+01 -1.693158638917e+01 -1.693184336999e+01 -1.693216603529e+01 -1.693257065674e+01 -1.693307724059e+01 -1.693371021652e+01 -1.693449915726e+01 -1.693547946750e+01 -1.693669294099e+01 -1.693818803171e+01 -1.694001962583e+01 -1.694224804577e+01 -1.694493699438e+01 -1.694815019726e+01 -1.695194668017e+01 -1.695637497586e+01 -1.696146709314e+01 -1.696723370629e+01 -1.697366250355e+01 -1.698072164802e+01 -1.698836959285e+01 -1.699657108612e+01 -1.700531754385e+01 -1.701464876676e+01 -1.702467277864e+01 -1.703558137759e+01 -1.704766023826e+01 -1.706129327677e+01 -1.707696092141e+01 -1.709523089305e+01 -1.711673868212e+01 -1.714215428503e+01 -1.717213346470e+01 -1.720725693076e+01 -1.724796850204e+01 -1.729452928913e+01 -1.734700320422e+01 -1.740527749089e+01 -1.746910690760e+01 -1.753816274403e+01 -1.761207265118e+01 -1.769044795516e+01 -1.777290223986e+01 -1.785906544953e+01 -1.794859499513e+01 -1.804118332954e+01 -1.813656127911e+01 -1.823449717193e+01 -1.833479251892e+01 -1.843727540513e+01 -1.854179293398e+01 -1.864820409354e+01 -1.875637419916e+01 -1.886617156401e+01 -1.897746638524e+01 -1.909013126539e+01 -1.920404253003e+01 -1.931908158855e+01 -1.943513588461e+01 -1.955209930807e+01 -1.966987216147e+01 -1.978836085735e+01 -1.990747751205e+01 -2.002713956611e+01 -2.014726952820e+01
-1.693058165590e+01 -1.693058443866e+01 -1.693058667555e+01 -1.693058848805e+01 -1.693058997459e+01 -1.693059121592e+01 -1.693059227947e+01 -1.693059322301e+01 -1.693059409782e+01 -1.693059495142e+01 -1.693059583020e+01 -1.693059678189e+01 -1.693059785821e+01 -1.693059911763e+01 -1.693060062858e+01 -1.693060247313e+01 -1.693060475149e+01 -1.693060758741e+01 -1.693061113489e+01 -1.693061558655e+01 -1.693062118408e+01 -1.693062823127e+01 -1.693063711048e+01 -1.693064830328e+01 -1.693066241640e+01 -1.693068021438e+01 -1.693070266062e+01 -1.693073096888e+01 -1.693076666793e+01 -1.693081168255e+01 -1.693086843485e+01 -1.693093997061e+01 -1.693103011651e+01 -1.693114367493e+01 -1.693128666415e+01 -1.693146661261e+01 -1.693169291641e+01 -1.693197726891e+01 -1.693233416959e+01 -1.693278151482e+01 -1.693334126563e+01 -1.693404017304e+01 -1.693491052012e+01 -1.693599080692e+01 -1.693732626030e+01 -1.693896899481e+01 -1.694097759137e+01 -1.694341581453e+01 -1.694635018808e+01 -1.694984624266e+01 -1.695396349169e+01 -1.695874962345e+01 -1.696423498704e+01 -1.697042905510e+01 -1.697732088773e+01 -1.698488537870e+01 -1.699309605923e+01 -1.700194364954e+01 -1.701145795847e+01 -1.702172982886e+01 -1.703292997642e+01 -1.704532252415e+01 -1.705927207043e+01 -1.707524350751e+01 -1.709379323733e+01 -1.711554932381e+01 -1.714117759600e+01 -1.717133233941e+01 -1.720659514122e+01 -1.724741286662e+01 -1.729405153153e+01 -1.734658113547e+01 -1.740489517968e+01 -1.746875384992e+01 -1.753783244127e+01 -1.761176114576e+01 -1.769015270046e+01 -1.777262139985e+01 -1.785879753633e+01 -1.794833870760e+01 -1.804093748996e+01 -1.813632481142e+01 -1.823426909557e+01 -1.833457194798e+01 -1.843706154836e+01 -1.854158509355e+01 -1.864800166122e+01 -1.875617664951e+01 -1.886597844487e+01 -1.897727730678e+01 -1.908994588914e+01 -1.920386055925e+01 -1.931890276052e+01 -1.943495996490e+01 -1.955192608643e+01 -1.966970144893e+01 -1.978819248390e+01 -1.990731132476e+01 -2.002697542735e+01 -2.014710731391e+01
-1.692948356862e+01 -1.692971180002e+01 -1.692989358526e+01 -1.693003824346e+01 -1.693015328126e+01 -1.693024472595e+01 -1.693031740529e+01 -1.693037517952e+01 -1.693042113193e+01 -1.693045772419e+01 -1.693048692245e+01 -1.693051029935e+01 -1.693052911637e+01 -1.693054439048e+01 -1.693055694818e+01 -1.693056746966e+01 -1.693057652524e+01 -1.693058460610e+01 -1.693059215074e+01 -1.693059956869e+01 -1.693060726266e+01 -1.693061565031e+01 -1.693062518692e+01 -1.693063638996e+01 -1.693064986707e+01 -1.693066634882e+01 -1.693068672802e+01 -1.693071210762e+01 -1.693074385970e+01 -1.693078369841e+01 -1.693083377074e+01 -1.693089676923e+01 -1.693097607212e+01 -1.693107591711e+01 -1.693120161614e+01 -1.693135981953e+01 -1.693155883871e+01 -1.693180903712e+01 -1.693212329810e+01 -1.693251757626e+01 -1.693301153355e+01 -1.693362925132e+01 -1.693439999359e+01 -1.693535897133e+01 -1.693654802120e+01 -1.693801606382e+01 -1.693981914895e+01 -1.694201983850e+01 -1.694468564499e+01 -1.694788627118e+01 -1.695168953959e+01 -1.695615621082e+01 -1.696133438782e+01 -1.696725482324e+01 -1.697392899263e+01 -1.698135195757e+01 -1.698951152192e+01 -1.699840391291e+01 -1.700805452953e+01 -1.701854084755e+01 -1.703001396732e+01 -1.704271567911e+01 -1.705698884038e+01 -1.707327954771e+01 -1.709212951831e+01 -1.711415642467e+01 -1.714001962813e+01 -1.717037037601e+01 -1.720579026905e+01 -1.724672894243e+01 -1.729345747967e+01 -1.734605239664e+01 -1.740441397938e+01 -1.746830833355e+01 -1.753741514516e+01 -1.761136741126e+01 -1.768977944440e+01 -1.777226634746e+01 -1.785845882017e+01 -1.794801468621e+01 -1.804062667533e+01 -1.813602584343e+01 -1.823398073473e+01 -1.833429307443e+01 -1.843679116188e+01 -1.854132231198e+01 -1.864774571572e+01 -1.875592687586e+01 -1.886573427150e+01 -1.897703824092e+01 -1.908971150300e+01 -1.920363047776e+01 -1.931867665161e+01 -1.943473753225e+01 -1.955170706435e+01 -1.966948559855e+01 -1.978797959034e+01 -1.990710119472e+01 -2.002676788687e+01 -2.014690220621e+01
-1.690244595339e+01 -1.690687005939e+01 -1.691078358659e+01 -1.691418958191e+01 -1.691711015535e+01 -1.691958164764e+01 -1.692164925099e+01 -1.692336211096e+01 -1.692476945686e+01 -1.692591790920e+01 -1.692684985956e+01 -1.692760270084e+01 -1.692820866241e+01 -1.692869503333e+01 -1.692908460456e+01 -1.692939621048e+01 -1.692964529194e+01 -1.692984443420e+01 -1.693000385554e+01 -1.693013183683e+01 -1.693023509086e+01 -1.693031907571e+01 -1.693038825857e+01 -1.693044633768e+01 -1.693049643006e+01 -1.693054123239e+01 -1.693058316205e+01 -1.693062448472e+01 -1.693066743468e+01 -1.693071433378e+01 -1.693076771501e+01 -1.693083045666e+01 -1.693090593392e+01 -1.693099819479e+01 -1.693111216846e+01 -1.693125391491e+01 -1.693143092556e+01 -1.693165248512e+01 -1.693193010525e+01 -1.693227803902e+01 -1.693271388244e+01 -1.693325926244e+01 -1.693394059936e+01 -1.693478991322e+01 -1.693584561421e+01 -1.693715317819e+01 -1.693876555619e+01 -1.694074310862e+01 -1.694315280452e+01 -1.694606640949e+01 -1.694955744869e+01 -1.695369692756e+01 -1.695854816984e+01 -1.696416168621e+01 -1.697057160929e+01 -1.697779567953e+01 -1.698584071336e+01 -1.699471468274e+01 -1.700444503916e+01 -1.701510118429e+01 -1.702681770533e+01 -1.703981463290e+01 -1.705441146820e+01 -1.707103247288e+01 -1.709020107467e+01 -1.711252108959e+01 -1.713864253438e+01 -1.716921153235e+01 -1.720480842474e+01 -1.724588506176e+01 -1.729271759214e+01 -1.734538939759e+01 -1.740380805140e+01 -1.746774607810e+01 -1.753688796037e+01 -1.761086978787e+01 -1.768930763433e+01 -1.777181752571e+01 -1.785803064082e+01 -1.794760507811e+01 -1.804023375853e+01 -1.813564789903e+01 -1.823361619620e+01 -1.833394052638e+01 -1.843644934013e+01 -1.854099010158e+01 -1.864742214488e+01 -1.875561110508e+01 -1.886542557841e+01 -1.897673600275e+01 -1.908941517910e+01 -1.920333959417e+01 -1.931839078869e+01 -1.943445631557e+01 -1.955143015814e+01 -1.966921270097e+01 -1.978771042986e+01 -1.990683552705e+01 -2.002650549219e+01 -2.014664288639e+01
-1.679642932123e+01 -1.680844695917e+01 -1.681964895536e+01 -1.683011707026e+01 -1.683993185150e+01 -1.684916621801e+01 -1.685787758957e+01 -1.686610108217e+01 -1.687384630578e+01 -1.688109932445e+01 -1.688782969470e+01 -1.689400082620e+01 -1.689958090551e+01 -1.690455168181e+01 -1.690891340551e+01 -1.691268559017e+01 -1.691590442185e+01 -1.691861821428e+01 -1.692088229944e+01 -1.692275437426e+01 -1.692429085255e+01 -1.692554437461e+01 -1.692656237290e+01 -1.692738647298e+01 -1.692805248546e+01 -1.692859077273e+01 -1.692902682335e+01 -1.692938191664e+01 -1.692967380263e+01 -1.692991735461e+01 -1.693012517425e+01 -1.693030814432e+01 -1.693047593340e+01 -1.693063746288e+01 -1.693080134953e+01 -1.693097633900e+01 -1.693117174647e+01 -1.693139792116e+01 -1.693166675104e+01 -1.693199222362e+01 -1.693239105578e+01 -1.693288340167e+01 -1.693349363893e+01 -1.693425121999e+01 -1.693519155331e+01 -1.693635684759e+01 -1.693779680840e+01 -1.693956902263e+01 -1.694173880917e+01 -1.694437827176e+01 -1.694756429474e+01 -1.695137532277e+01 -1.695588701764e+01 -1.696116732343e+01 -1.696727206459e+01 -1.697424279717e+01 -1.698210894970e+01 -1.699089599947e+01 -1.700064035441e+01 -1.701140992946e+01 -1.702332767329e+01 -1.703659417018e+01 -1.705150523424e+01 -1.706846088575e+01 -1.708796267805e+01 -1.711059669841e+01 -1.713700013070e+01 -1.716781125669e+01 -1.720360734627e+01 -1.724484151012e+01 -1.729179469942e+01 -1.734455736488e+01 -1.740304480519e+01 -1.746703644981e+01 -1.753622199825e+01 -1.761024094519e+01 -1.768871133641e+01 -1.777125025641e+01 -1.785748945086e+01 -1.794708735387e+01 -1.803973712514e+01 -1.813517018459e+01 -1.823315542123e+01 -1.833349490237e+01 -1.843601726959e+01 -1.854057017555e+01 -1.864701313536e+01 -1.875521195123e+01 -1.886503536745e+01 -1.897635394778e+01 -1.908904059704e+01 -1.920297188618e+01 -1.931802942464e+01 -1.943410082242e+01 -1.955108011168e+01 -1.966886771988e+01 -1.978737017109e+01 -1.990649968198e+01 -2.002617378310e+01 -2.014631506296e+01
-1.648557074545e+01 -1.652543419930e+01 -1.656217283840e+01 -1.659597918460e+01 -1.662704709399e+01 -1.665556793794e+01 -1.668172815009e+01 -1.670570744911e+01 -1.672767765425e+01 -1.674780219711e+01 -1.676623640450e+01 -1.678312834003e+01 -1.679861950989e+01 -1.681284437624e+01 -1.682592779194e+01 -1.683798032676e+01 -1.684909268375e+01 -1.685933134562e+01 -1.686873764555e+01 -1.687733145754e+01 -1.688511904992e+01 -1.689210311690e+01 -1.689829231142e+01 -1.690370800036e+01 -1.690838713056e+01 -1.691238140120e+01 -1.691575384328e+01 -1.691857420536e+01 -1.692091434995e+01 -1.692284443298e+01 -1.692443019728e+01 -1.692573138612e+01 -1.692680110139e+01 -1.692768586698e+01 -1.692842616702e+01 -1.692905727244e+01 -1.692961022216e+01 -1.693011287404e+01 -1.693059097885e+01 -1.693106925841e+01 -1.693157248653e+01 -1.693212658082e+01 -1.693275971507e+01 -1.693350345642e+01 -1.693439391724e+01 -1.693547288870e+01 -1.693678888719e+01 -1.693839799875e+01 -1.694036435004e+01 -1.694275998023e+01 -1.694566385572e+01 -1.694915979794e+01 -1.695333323442e+01 -1.695826698916e+01 -1.696403681849e+01 -1.697070801119e+01 -1.697833491090e+01 -1.698696537239e+01 -1.699665161995e+01 -1.700746763936e+01 -1.701953139465e+01 -1.703302843013e+01 -1.704823239235e+01 -1.706551787198e+01 -1.708536143254e+01 -1.710832739887e+01 -1.713503607883e+01 -1.716611448876e+01 -1.720213433717e+01 -1.724354848998e+01 -1.729064204689e+01 -1.734351248893e+01 -1.740208315446e+01 -1.746614082118e+01 -1.753538083023e+01 -1.760944641942e+01 -1.768795784732e+01 -1.777053341870e+01 -1.785680555413e+01 -1.794643309975e+01 -1.803910951411e+01 -1.813456647300e+01 -1.823257310847e+01 -1.833293172897e+01 -1.843547121739e+01 -1.854003946455e+01 -1.864649621414e+01 -1.875470747961e+01 -1.886454219231e+01 -1.897587107513e+01 -1.908856716408e+01 -1.920250713659e+01 -1.931757268884e+01 -1.943365150298e+01 -1.955063767286e+01 -1.966843168008e+01 -1.978694009705e+01 -1.990607518391e+01 -2.002575451022e+01 -2.014590069914e+01
-1.608339539723e+01 -1.608700734176e+01 -1.609241130873e+01 -1.610084119480e+01 -1.611453872269e+01 -1.613726580285e+01 -1.617370137313e+01 -1.622544183472e+01 -1.628669062068e+01 -1.634883516438e+01 -1.640731977669e+01 -1.646111366073e+01 -1.651025049253e+01 -1.655497984549e+01 -1.659557620918e+01 -1.663233176060e+01 -1.666554400699e+01 -1.669550850988e+01 -1.672251350175e+01 -1.674683594853e+01 -1.676873847138e+01 -1.678846629337e+01 -1.680624351780e+01 -1.682226874141e+01 -1.683671101258e+01 -1.684970786375e+01 -1.686136701315e+01 -1.687177224050e+01 -1.688099239641e+01 -1.688909131389e+01 -1.689613615411e+01 -1.690220247080e+01 -1.690737553401e+01 -1.691174858467e+01 -1.691541929517e+01 -1.691848574497e+01 -1.692104288447e+01 -1.692318001163e+01 -1.692497940187e+01 -1.692651598722e+01 -1.692785786812e+01 -1.692906742218e+01 -1.693020280475e+01 -1.693131968222e+01 -1.693247308126e+01 -1.693371926331e+01 -1.693511754036e+01 -1.693673193304e+01 -1.693863253827e+01 -1.694089642667e+01 -1.694360784494e+01 -1.694685748188e+01 -1.695074061086e+01 -1.695535410210e+01 -1.696079265168e+01 -1.696714510388e+01 -1.697449235261e+01 -1.698290876069e+01 -1.699246900140e+01 -1.700326141918e+01 -1.701540741373e+01 -1.702908435743e+01 -1.704454780650e+01 -1.706214780685e+01 -1.708233406622e+01 -1.710564550746e+01 -1.713268125273e+01 -1.716405298665e+01 -1.720032360815e+01 -1.724194353844e+01 -1.728920083231e+01 -1.734219960120e+01 -1.740087133529e+01 -1.746501052075e+01 -1.753431855586e+01 -1.760844278617e+01 -1.768700596029e+01 -1.776962779817e+01 -1.785594152941e+01 -1.794560650844e+01 -1.803831656860e+01 -1.813380370849e+01 -1.823183736698e+01 -1.833222015706e+01 -1.843478126624e+01 -1.853936888609e+01 -1.864584304898e+01 -1.875407003519e+01 -1.886391901243e+01 -1.897526090463e+01 -1.908796891352e+01 -1.920191985109e+01 -1.931699552308e+01 -1.943308370273e+01 -1.955007856177e+01 -1.966788065015e+01 -1.978639660129e+01 -1.990553873021e+01 -2.002522465574e+01 -2.014537704473e+01
-1.607430447091e+01 -1.607449668512e+01 -1.607474288431e+01 -1.607505949723e+01 -1.607546874979e+01 -1.607600121886e+01 -1.607669983828e+01 -1.607762640379e+01 -1.607887254807e+01 -1.608057905416e+01 -1.608297141983e+01 -1.608642846206e+01 -1.609162023740e+01 -1.609979067786e+01 -1.611330819809e+01 -1.613646799552e+01 -1.617533068348e+01 -1.623302184000e+01 -1.630281322415e+01 -1.637339797219e+01 -1.643894325737e+01 -1.649832281517e+01 -1.655169063694e+01 -1.659942063793e+01 -1.664192900288e+01 -1.667965997371e+01 -1.671306557564e+01 -1.674258887762e+01 -1.676864991241e+01 -1.679163436883e+01 -1.681188558341e+01 -1.682970082562e+01 -1.684533270111e+01 -1.685899550166e+01 -1.687087496201e+01 -1.688113891718e+01 -1.688994633600e+01 -1.689745310640e+01 -1.690381424538e+01 -1.690918328880e+01 -1.691371013775e+01 -1.691753860499e+01 -1.692080454246e+01 -1.692363498717e+01 -1.692614840058e+01 -1.692845585025e+01 -1.693066287660e+01 -1.693287175679e+01 -1.693518387979e+01 -1.693770195202e+01 -1.694053174989e+01 -1.694378313372e+01 -1.694757006238e+01 -1.695200944777e+01 -1.695721891747e+01 -1.696331395597e+01 -1.697040545247e+01 -1.697859926649e+01 -1.698799976306e+01 -1.699871902094e+01 -1.701089233160e+01 -1.702469875045e+01 -1.704038330329e+01 -1.705827567687e+01 -1.707879939255e+01 -1.710246582353e+01 -1.712984909847e+01 -1.716154128443e+01 -1.719809261348e+01 -1.723994814701e+01 -1.728739706706e+01 -1.734054925206e+01 -1.739934417841e+01 -1.746358427693e+01 -1.753297739685e+01 -1.760717538614e+01 -1.768580380677e+01 -1.776848403171e+01 -1.785485026762e+01 -1.794456249906e+01 -1.803731503046e+01 -1.813284026781e+01 -1.823090803729e+01 -1.833132133623e+01 -1.843390973658e+01 -1.853852180949e+01 -1.864501795178e+01 -1.875326478067e+01 -1.886313176236e+01 -1.897449007476e+01 -1.908721312895e+01 -1.920117790679e+01 -1.931626635238e+01 -1.943236635392e+01 -1.954937218143e+01 -1.966718447108e+01 -1.978570993326e+01 -1.990486095225e+01 -2.002455520902e+01 -2.014471542557e+01
-1.607369524174e+01 -1.607372209189e+01 -1.607375604728e+01 -1.607379901289e+01 -1.607385341926e+01 -1.607392237629e+01 -1.607400987751e+01 -1.607412107402e+01 -1.607426264744e+01 -1.607444332532e+01 -1.607467460696e+01 -1.607497180758e+01 -1.607535559742e+01 -1.607585433406e+01 -1.607650770821e+01 -1.607737264582e+01 -1.607853324472e+01 -1.608011825296e+01 -1.608233334041e+01 -1.608552387605e+01 -1.609030356092e+01 -1.609782872357e+01 -1.611037936024e+01 -1.613240308229e+01 -1.617115359683e+01 -1.623240242164e+01 -1.631011047906e+01 -1.638975608905e+01 -1.646310750784e+01 -1.652857707149e+01 -1.658639112107e+01 -1.663708106615e+01 -1.668126027651e+01 -1.671958615350e+01 -1.675271574879e+01 -1.678127172648e+01 -1.680582121884e+01 -1.682686760330e+01 -1.684485275811e+01 -1.686016582193e+01 -1.687315418537e+01 -1.688413336803e+01 -1.689339405206e+01 -1.690120611618e+01 -1.690782051900e+01 -1.691347019583e+01 -1.691837094365e+01 -1.692272285903e+01 -1.692671248632e+01 -1.693051553182e+01 -1.693429982215e+01 -1.693822810353e+01 -1.694246026975e+01 -1.694715466613e+01 -1.695246827209e+01 -1.695855585674e+01 -1.696556865858e+01 -1.697365371994e+01 -1.698295554721e+01 -1.699362196908e+01 -1.700581557544e+01 -1.701973073343e+01 -1.703561404511e+01 -1.705378380280e+01 -1.707464229501e+01 -1.709867441875e+01 -1.712642744703e+01 -1.715847034729e+01 -1.719533682681e+01 -1.723746324529e+01 -1.728513754054e+01 -1.733847402929e+01 -1.739741970581e+01 -1.746178504273e+01 -1.753128471364e+01 -1.760557550641e+01 -1.768428618153e+01 -1.776704005997e+01 -1.785347253798e+01 -1.794324438539e+01 -1.803605049998e+01 -1.813162380206e+01 -1.822973460660e+01 -1.833018639570e+01 -1.843280922620e+01 -1.853745214804e+01 -1.864397601791e+01 -1.875224787828e+01 -1.886213757226e+01 -1.897351659840e+01 -1.908625863212e+01 -1.920024086976e+01 -1.931534542999e+01 -1.943146034606e+01 -1.954848001192e+01 -1.966630517244e+01 -1.978484263507e+01 -1.990400487141e+01 -2.002370964078e+01 -2.014387973473e+01
-1.607361441091e+01 -1.607361997556e+01 -1.607362700060e+01 -1.607363587036e+01 -1.607364707098e+01 -1.607366121769e+01 -1.607367908977e+01 -1.607370167521e+01 -1.607373022814e+01 -1.607376634302e+01 -1.607381205097e+01 -1.607386994562e+01 -1.607394334912e+01 -1.607403653322e+01 -1.607415501722e+01 -1.607430597541e+01 -1.607449880368e+01 -1.607474592290e+01 -1.607506394419e+01 -1.607547540285e+01 -1.607601141497e+01 -1.607671588422e+01 -1.607765241616e+01 -1.607891617137e+01 -1.608065517403e+01 -1.608311071350e+01 -1.608669852993e+01 -1.609218180547e+01 -1.610105667008e+01 -1.611639995949e+01 -1.614435549025e+01 -1.619430653818e+01 -1.627031619638e+01 -1.635949586726e+01 -1.644532017622e+01 -1.652180546062e+01 -1.658844470607e+01 -1.664585196005e+01 -1.669483870636e+01 -1.673632966114e+01 -1.677126994634e+01 -1.680056293476e+01 -1.682503696069e+01 -1.684543419398e+01 -1.686241254044e+01 -1.687655325027e+01 -1.688836993691e+01 -1.689831721973e+01 -1.690679865369e+01 -1.691417414142e+01 -1.692076702119e+01 -1.692687082516e+01 -1.693275550453e+01 -1.693867280783e+01 -1.694486050722e+01 -1.695154531749e+01 -1.695894466699e+01 -1.696726795942e+01 -1.697671853611e+01 -1.698749800872e+01 -1.699981465048e+01 -1.701389676253e+01 -1.703001021661e+01 -1.704847698465e+01 -1.706968912305e+01 -1.709411137199e+01 -1.712226620161e+01 -1.715469844010e+01 -1.719192259010e+01 -1.723436327765e+01 -1.728230468081e+01 -1.733586394984e+01 -1.739499490911e+01 -1.745951607369e+01 -1.752914932711e+01 -1.760355690726e+01 -1.768237124680e+01 -1.776521798749e+01 -1.785173398709e+01 -1.794158099927e+01 -1.803445467090e+01 -1.813008857181e+01 -1.822825363355e+01 -1.832875394922e+01 -1.843142018672e+01 -1.853610199951e+01 -1.864266082417e+01 -1.875096423964e+01 -1.886088256459e+01 -1.897228770231e+01 -1.908505366182e+01 -1.919905791007e+01 -1.931418278593e+01 -1.943031650545e+01 -1.954735361876e+01 -1.966519500768e+01 -1.978374760193e+01 -1.990292398308e+01 -2.002264200920e+01 -2.014282455945e+01
-1.607359903257e+01 -1.607360056524e+01 -1.607360249949e+01 -1.607360494064e+01 -1.607360802166e+01 -1.607361191047e+01 -1.607361681919e+01 -1.607362301585e+01 -1.607363083921e+01 -1.607364071765e+01 -1.607365319316e+01 -1.607366895194e+01 -1.607368886353e+01 -1.607371403103e+01 -1.607374585571e+01 -1.607378612080e+01 -1.607383710049e+01 -1.607390170314e+01 -1.607398366094e+01 -1.607408778403e+01 -1.607422030552e+01 -1.607438935712e+01 -1.607460563725e+01 -1.607488336926e+01 -1.607524170979e+01 -1.607570687683e+01 -1.607631546821e+01 -1.607711982467e+01 -1.607819705633e+01 -1.607966495350e+01 -1.608171154808e+01 -1.608465339957e+01 -1.608905822541e+01 -1.609601989900e+01 -1.610780022653e+01 -1.612924130887e+01 -1.616969131675e+01 -1.623964930610e+01 -1.633402753907e+01 -1.643133464733e+01 -1.651875663621e+01 -1.659397238919e+01 -1.665757075317e+01 -1.671059220504e+01 -1.675433365336e+01 -1.679016323574e+01 -1.681939975101e+01 -1.684324489341e+01 -1.686275597340e+01 -1.687884422674e+01 -1.689228702712e+01 -1.690374628934e+01 -1.691378844435e+01 -1.692290341275e+01 -1.693152125209e+01 -1.694002591291e+01 -1.694876606325e+01 -1.695806341613e+01 -1.696821950539e+01 -1.697952236085e+01 -1.699225482713e+01 -1.700670601398e+01 -1.702318623426e+01 -1.704204372238e+01 -1.706367887566e+01 -1.708854970760e+01 -1.711716191815e+01 -1.715003956862e+01 -1.718767807668e+01 -1.723048877748e+01 -1.727875016849e+01 -1.733258077357e+01 -1.739194056387e+01 -1.745665612313e+01 -1.752645701824e+01 -1.760101157488e+01 -1.767995650130e+01 -1.776292024091e+01 -1.784954146495e+01 -1.793948316687e+01 -1.803244194137e+01 -1.812815217881e+01 -1.822638558798e+01 -1.832694703138e+01 -1.842966794625e+01 -1.853439874607e+01 -1.864100159802e+01 -1.874934475729e+01 -1.885929914233e+01 -1.897073716691e+01 -1.908353326089e+01 -1.919756523241e+01 -1.931271569785e+01 -1.942887310353e+01 -1.954593219615e+01 -1.966379402987e+01 -1.978236568827e+01 -1.990155989132e+01 -2.002129462136e+01 -2.014149286785e+01
-1.607359519301e+01 -1.607359571989e+01 -1.607359638477e+01 -1.607359722380e+01 -1.607359828261e+01 -1.607359961881e+01 -1.607360130508e+01 -1.607360343321e+01 -1.607360611910e+01 -1.607360950908e+01 -1.607361378798e+01 -1.607361918929e+01 -1.607362600808e+01 -1.607363461739e+01 -1.607364548902e+01 -1.607365922007e+01 -1.607367656680e+01 -1.607369848799e+01 -1.607372620059e+01 -1.607376125171e+01 -1.607380561189e+01 -1.607386179717e+01 -1.607393302981e+01 -1.607402345238e+01 -1.607413841614e+01 -1.607428487519e+01 -1.607447193440e+01 -1.607471162606e+01 -1.607502003613e+01 -1.607541898043e+01 -1.607593857427e+01 -1.607662130720e+01 -1.607752875725e+01 -1.607875315149e+01 -1.608043829937e+01 -1.608281975574e+01 -1.608630711397e+01 -1.609166513761e+01 -1.610044022960e+01 -1.611599264646e+01 -1.614567443916e+01 -1.620231838940e+01 -1.629318324332e+01 -1.640040368869e+01 -1.650084218108e+01 -1.658707465361e+01 -1.665884913999e+01 -1.671743256176e+01 -1.676460110539e+01 -1.680231769375e+01 -1.683247526302e+01 -1.685675714609e+01 -1.687659065928e+01 -1.689315672142e+01 -1.690742505631e+01 -1.692019609607e+01 -1.693214007040e+01 -1.694382966301e+01 -1.695576586631e+01 -1.696839834421e+01 -1.698214240763e+01 -1.699739483203e+01 -1.701455008685e+01 -1.703401694354e+01 -1.705623302986e+01 -1.708167244316e+01 -1.711084034368e+01 -1.714424997341e+01 -1.718238250198e+01 -1.722563739425e+01 -1.727428718225e+01 -1.732845109318e+01 -1.738809493464e+01 -1.745305361730e+01 -1.752306507752e+01 -1.759780457851e+01 -1.767691389819e+01 -1.776002491332e+01 -1.784677856943e+01 -1.793683943171e+01 -1.802990529702e+01 -1.812571159256e+01 -1.822403100608e+01 -1.832466936775e+01 -1.842745908212e+01 -1.853225151869e+01 -1.863890976415e+01 -1.874730292539e+01 -1.885730267662e+01 -1.896878207512e+01 -1.908161608114e+01 -1.919568293275e+01 -1.931086559572e+01 -1.942705280602e+01 -1.954413955752e+01 -1.966202712100e+01 -1.978062277334e+01 -1.989983940847e+01 -2.001959516491e+01 -2.013981317082e+01
-1.607359400482e+01 -1.607359422053e+01 -1.607359449273e+01 -1.607359483621e+01 -1.607359526965e+01 -1.607359581661e+01 -1.607359650682e+01 -1.607359737783e+01 -1.607359847699e+01 -1.607359986410e+01 -1.607360161465e+01 -1.607360382392e+01 -1.607360661223e+01 -1.607361013152e+01 -1.607361457368e+01 -1.607362018118e+01 -1.607362726041e+01 -1.607363619878e+01 -1.607364748631e+01 -1.607366174325e+01 -1.607367975528e+01 -1.607370251870e+01 -1.607373129846e+01 -1.607376770317e+01 -1.607381378258e+01 -1.607387215524e+01 -1.607394617694e+01 -1.607404016550e+01 -1.607415970437e+01 -1.607431205897e+01 -1.607450675741e+01 -1.607475641726e+01 -1.607507795058e+01 -1.607549436763e+01 -1.607603756126e+01 -1.607675275740e+01 -1.607770591891e+01 -1.607899664007e+01 -1.608078182514e+01 -1.608332191813e+01 -1.608707773446e+01 -1.609292957639e+01 -1.610271055691e+01 -1.612053953474e+01 -1.615561861422e+01 -1.622317676528e+01 -1.632735897387e+01 -1.644280202225e+01 -1.654642509197e+01 -1.663279369611e+01 -1.670251613959e+01 -1.675770967340e+01 -1.680103926518e+01 -1.683517162652e+01 -1.686246002804e+01 -1.688484544761e+01 -1.690388016492e+01 -1.692079827643e+01 -1.693659208773e+01 -1.695207802612e+01 -1.696794865508e+01 -1.698481276722e+01 -1.700322690379e+01 -1.702372083654e+01 -1.704681742705e+01 -1.707304462989e+01 -1.710293544797e+01 -1.713701195439e+01 -1.717575318044e+01 -1.721955311004e+01 -1.726868107598e+01 -1.732325803558e+01 -1.738325622827e+01 -1.744851968433e+01 -1.751879578891e+01 -1.759376792441e+01 -1.767308400845e+01 -1.775638019364e+01 -1.784330030930e+01 -1.793351092573e+01 -1.802671136854e+01 -1.812263837518e+01 -1.822106586503e+01 -1.832180088334e+01 -1.842467704899e+01 -1.852954693210e+01 -1.863627477513e+01 -1.874473075637e+01 -1.885478750143e+01 -1.896631887797e+01 -1.907920051419e+01 -1.919331118930e+01 -1.930853430844e+01 -1.942475897151e+01 -1.954188048262e+01 -1.965980038433e+01 -1.977842619604e+01 -1.989767102989e+01 -2.001745322042e+01 -2.013769606987e+01
-1.607359356828e+01 -1.607359366966e+01 -1.607359379760e+01 -1.607359395904e+01 -1.607359416276e+01 -1.607359441983e+01 -1.607359474422e+01 -1.607359515357e+01 -1.607359567012e+01 -1.607359632197e+01 -1.607359714455e+01 -1.607359818261e+01 -1.607359949260e+01 -1.607360114581e+01 -1.607360323222e+01 -1.607360586545e+01 -1.607360918894e+01 -1.607361338392e+01 -1.607361867928e+01 -1.607362536429e+01 -1.607363380465e+01 -1.607364446287e+01 -1.607365792429e+01 -1.607367493023e+01 -1.607369642049e+01 -1.607372358793e+01 -1.607375794888e+01 -1.607380143458e+01 -1.607385651064e+01 -1.607392633443e+01 -1.607401496454e+01 -1.607412764291e+01 -1.607427118028e+01 -1.607445449181e+01 -1.607468935609e+01 -1.607499151552e+01 -1.607538231380e+01 -1.607589120692e+01 -1.607655974721e+01 -1.607744815717e+01 -1.607864667571e+01 -1.608029619005e+01 -1.608262810187e+01 -1.608604699612e+01 -1.609131636004e+01 -1.610001170425e+01 -1.611568900273e+01 -1.614666274757e+01 -1.620897837246e+01 -1.631342375120e+01 -1.643708973695e+01 -1.654991828588e+01 -1.664300780283e+01 -1.671678280717e+01 -1.677408525338e+01 -1.681848416805e+01 -1.685340257008e+01 -1.688171221378e+01 -1.690567606640e+01 -1.692704261019e+01 -1.694717360037e+01 -1.696715732074e+01 -1.698789588423e+01 -1.701016867622e+01 -1.703467656955e+01 -1.706206975069e+01 -1.709295938374e+01 -1.712791220675e+01 -1.716742903669e+01 -1.721191296286e+01 -1.726163814210e+01 -1.731673138309e+01 -1.737717367444e+01 -1.744281994847e+01 -1.751342877497e+01 -1.758869333916e+01 -1.766826916365e+01 -1.775179781400e+01 -1.783892681695e+01 -1.792932531766e+01 -1.802269459096e+01 -1.811877303000e+01 -1.821733610133e+01 -1.831819237286e+01 -1.842117698454e+01 -1.852614401143e+01 -1.863295914619e+01 -1.874149391290e+01 -1.885162213332e+01 -1.896321869450e+01 -1.907616006488e+01 -1.919032570390e+01 -1.930559956845e+01 -1.942187121485e+01 -1.953903633589e+01 -1.965699681438e+01 -1.977566047330e+01 -1.989494069803e+01 -2.001475606852e+01 -2.013503010511e+01
-1.607359338408e+01 -1.607359343723e+01 -1.607359350430e+01 -1.607359358894e+01 -1.607359369574e+01 -1.607359383051e+01 -1.607359400056e+01 -1.607359421516e+01 -1.607359448595e+01 -1.607359482765e+01 -1.607359525885e+01 -1.607359580298e+01 -1.607359648963e+01 -1.607359735612e+01 -1.607359844960e+01 -1.607359982955e+01 -1.607360157105e+01 -1.607360376890e+01 -1.607360654280e+01 -1.607361004390e+01 -1.607361446312e+01 -1.607362004165e+01 -1.607362708435e+01 -1.607363597660e+01 -1.607364720592e+01 -1.607366138939e+01 -1.607367930870e+01 -1.607370195509e+01 -1.607373058712e+01 -1.607376680532e+01 -1.607381264928e+01 -1.607387072467e+01 -1.607394437101e+01 -1.607403788561e+01 -1.607415682607e+01 -1.607430842532e+01 -1.607450217086e+01 -1.607475063013e+01 -1.607507065442e+01 -1.607548518355e+01 -1.607602603624e+01 -1.607673838068e+01 -1.607768819538e+01 -1.607897532107e+01 -1.608075758214e+01 -1.608329832808e+01 -1.608706745268e+01 -1.609297518993e+01 -1.610296213782e+01 -1.612156326692e+01 -1.615952748932e+01 -1.623584337698e+01 -1.635554249528e+01 -1.648557512585e+01 -1.659834697771e+01 -1.668840006202e+01 -1.675798191389e+01 -1.681132523865e+01 -1.685291627598e+01 -1.688658791896e+01 -1.691532140572e+01 -1.694136581955e+01 -1.696642959625e+01 -1.699184785372e+01 -1.701870416977e+01 -1.704791042498e+01 -1.708025259774e+01 -1.711640911068e+01 -1.715694785203e+01 -1.720231002959e+01 -1.725279193175e+01 -1.730853591315e+01 -1.736953717163e+01 -1.743566508345e+01 -1.750669221663e+01 -1.758232399922e+01 -1.766222559093e+01 -1.774604552059e+01 -1.783343610828e+01 -1.792406982802e+01 -1.801765044717e+01 -1.811391845063e+01 -1.821265124446e+01 -1.831365929941e+01 -1.841677965561e+01 -1.852186826971e+01 -1.862879264996e+01 -1.873742600776e+01 -1.884764366627e+01 -1.895932179306e+01 -1.907233791197e+01 -1.918657233628e+01 -1.930190971444e+01 -1.941824017395e+01 -1.953545989334e+01 -1.965347118032e+01 -1.977218223686e+01 -1.989150678943e+01 -2.001136372459e+01 -2.013167683516e+01
-1.607359329711e+01 -1.607359332749e+01 -1.607359336583e+01 -1.607359341421e+01 -1.607359347525e+01 -1.607359355227e+01 -1.607359364947e+01 -1.607359377212e+01 -1.607359392689e+01 -1.607359412219e+01 -1.607359436864e+01 -1.607359467962e+01 -1.607359507205e+01 -1.607359556725e+01 -1.607359619216e+01 -1.607359698074e+01 -1.607359797589e+01 -1.607359923173e+01 -1.607360081659e+01 -1.607360281673e+01 -1.607360534106e+01 -1.607360852709e+01 -1.607361254852e+01 -1.607361762475e+01 -1.607362403302e+01 -1.607363212382e+01 -1.607364234036e+01 -1.607365524354e+01 -1.607367154361e+01 -1.607369214086e+01 -1.607371817772e+01 -1.607375110612e+01 -1.607379277468e+01 -1.607384554259e+01 -1.607391242947e+01 -1.607399731445e+01 -1.607410520385e+01 -1.607424259608e+01 -1.607441798743e+01 -1.607464258674e+01 -1.607493134810e+01 -1.607530450223e+01 -1.607578989529e+01 -1.607642668419e+01 -1.607727140632e+01 -1.607840840691e+01 -1.607996871295e+01 -1.608216635560e+01 -1.608537351266e+01 -1.609028962833e+01 -1.609835897221e+01 -1.611288719636e+01 -1.614197689252e+01 -1.620326142948e+01 -1.631389649593e+01 -1.645183365554e+01 -1.657799599602e+01 -1.667952420327e+01 -1.675758083465e+01 -1.681711522834e+01 -1.686362088237e+01 -1.690176792996e+01 -1.693511075610e+01 -1.696626712614e+01 -1.699718121178e+01 -1.702933603564e+01 -1.706389415902e+01 -1.710177870774e+01 -1.714371224513e+01 -1.719023043640e+01 -1.724168627587e+01 -1.729825773390e+01 -1.735996554221e+01 -1.742670026770e+01 -1.749825311798e+01 -1.757434537561e+01 -1.765465469543e+01 -1.773883870532e+01 -1.782655600820e+01 -1.791748341229e+01 -1.801132788193e+01 -1.810783254315e+01 -1.820677722671e+01 -1.830797477285e+01 -1.841126458686e+01 -1.851650497023e+01 -1.862356569784e+01 -1.873232209144e+01 -1.884265135504e+01 -1.895443126171e+01 -1.906754065869e+01 -1.918186092894e+01 -1.929727758581e+01 -1.941368146963e+01 -1.953096936414e+01 -1.964904410585e+01 -1.976781436827e+01 -1.988719430233e+01 -2.000710317626e+01 -2.012746512232e+01
-1.607359325210e+01 -1.607359327069e+01 -1.607359329416e+01 -1.607359332376e+01 -1.607359336112e+01 -1.607359340826e+01 -1.607359346775e+01 -1.607359354282e+01 -1.607359363754e+01 -1.607359375706e+01 -1.607359390789e+01 -1.607359409821e+01 -1.607359433838e+01 -1.607359464143e+01 -1.607359502386e+01 -1.607359550645e+01 -1.607359611542e+01 -1.607359688391e+01 -1.607359785369e+01 -1.607359907752e+01 -1.607360062197e+01 -1.607360257112e+01 -1.607360503108e+01 -1.607360813586e+01 -1.607361205469e+01 -1.607361700138e+01 -1.607362324606e+01 -1.607363113021e+01 -1.607364108566e+01 -1.607365365882e+01 -1.607366954160e+01 -1.607368961089e+01 -1.607371497934e+01 -1.607374706076e+01 -1.607378765490e+01 -1.607383905798e+01 -1.607390420807e+01 -1.607398687807e+01 -1.607409193473e+01 -1.607422569134e+01 -1.607439639576e+01 -1.607461491857e+01 -1.607489574529e+01 -1.607525844395e+01 -1.607572990006e+01 -1.607634783670e+01 -1.607716657599e+01 -1.607826689848e+01 -1.607977381270e+01 -1.608189059635e+01 -1.608496889522e+01 -1.608966588782e+01 -1.609733202742e+01 -1.611105692164e+01 -1.613852357803e+01 -1.619739322418e+01 -1.630828046356e+01 -1.645236202776e+01 -1.658592569007e+01 -1.669295743128e+01 -1.677475158044e+01 -1.683728760633e+01 -1.688696345811e+01 -1.692900018605e+01 -1.696723643939e+01 -1.700441996099e+01 -1.704253181841e+01 -1.708301870875e+01 -1.712693433644e+01 -1.717501990591e+01 -1.722775330798e+01 -1.728538822361e+01 -1.734799355904e+01 -1.741549390801e+01 -1.748770703774e+01 -1.756437561079e+01 -1.764519388007e+01 -1.772983155356e+01 -1.781795556227e+01 -1.790924840009e+01 -1.800342114544e+01 -1.810022025612e+01 -1.819942858280e+01 -1.830086190227e+01 -1.840436254991e+01 -1.850979173695e+01 -1.861702205758e+01 -1.872593146495e+01 -1.883639951302e+01 -1.894830598335e+01 -1.906153137905e+01 -1.917595841998e+01 -1.929147369817e+01 -1.940796894069e+01 -1.952534168244e+01 -1.964349541535e+01 -1.976233939709e+01 -1.988178830455e+01 -2.000176187916e+01 -2.012218467431e+01
-1.607359322697e+01 -1.607359323898e+01 -1.607359325414e+01 -1.607359327327e+01 -1.607359329741e+01 -1.607359332787e+01 -1.607359336630e+01 -1.607359341480e+01 -1.607359347600e+01 -1.607359355322e+01 -1.607359365067e+01 -1.607359377363e+01 -1.607359392880e+01 -1.607359412460e+01 -1.607359437167e+01 -1.607359468345e+01 -1.607359507688e+01 -1.607359557335e+01 -1.607359619985e+01 -1.607359699045e+01 -1.607359798814e+01 -1.607359924719e+01 -1.607360083611e+01 -1.607360284137e+01 -1.607360537217e+01 -1.607360856637e+01 -1.607361259810e+01 -1.607361768736e+01 -1.607362411211e+01 -1.607363222373e+01 -1.607364246664e+01 -1.607365540319e+01 -1.607367174555e+01 -1.607369239646e+01 -1.607371850150e+01 -1.607375151669e+01 -1.607379329596e+01 -1.607384620552e+01 -1.607391327426e+01 -1.607399839378e+01 -1.607410658739e+01 -1.607424437697e+01 -1.607442029193e+01 -1.607464558888e+01 -1.607493529268e+01 -1.607530974196e+01 -1.607579695343e+01 -1.607643636436e+01 -1.607728499515e+01 -1.607842807020e+01 -1.607999832496e+01 -1.608221338465e+01 -1.608545375800e+01 -1.609044063157e+01 -1.609868356743e+01 -1.611371505663e+01 -1.614449284896e+01 -1.621130495805e+01 -1.633399193272e+01 -1.648532414979e+01 -1.662079288049e+01 -1.672739374262e+01 -1.680861267794e+01 -1.687172940751e+01 -1.692372630070e+01 -1.696992024295e+01 -1.701404472124e+01 -1.705866622167e+01 -1.710553739484e+01 -1.715582992452e+01 -1.721028254004e+01 -1.726930448139e+01 -1.733305790215e+01 -1.740152627018e+01 -1.747456806854e+01 -1.755195621686e+01 -1.763340764999e+01 -1.771860839796e+01 -1.780723656543e+01 -1.789898216702e+01 -1.799356159542e+01 -1.809072550544e+01 -1.819026049017e+01 -1.829198594270e+01 -1.839574780579e+01 -1.850141088125e+01 -1.860885125348e+01 -1.871795014364e+01 -1.882859003212e+01 -1.894065320599e+01 -1.905402223464e+01 -1.916858150411e+01 -1.928421894721e+01 -1.940082738961e+01 -1.951830529413e+01 -1.963655696093e+01 -1.975549236750e+01 -1.987502683900e+01 -1.999508070052e+01 -2.011557902539e+01
-1.607359321204e+01 -1.607359322014e+01 -1.607359323036e+01 -1.607359324326e+01 -1.607359325954e+01 -1.607359328009e+01 -1.607359330601e+01 -1.607359333872e+01 -1.607359337999e+01 -1.607359343208e+01 -1.607359349780e+01 -1.607359358073e+01 -1.607359368538e+01 -1.607359381744e+01 -1.607359398408e+01 -1.607359419435e+01 -1.607359445969e+01 -1.607359479452e+01 -1.607359521704e+01 -1.607359575022e+01 -1.607359642305e+01 -1.607359727211e+01 -1.607359834359e+01 -1.607359969576e+01 -1.607360140221e+01 -1.607360355582e+01 -1.607360627388e+01 -1.607360970450e+01 -1.607361403473e+01 -1.607361950092e+01 -1.607362640174e+01 -1.607363511481e+01 -1.607364611778e+01 -1.607366001520e+01 -1.607367757290e+01 -1.607369976195e+01 -1.607372781519e+01 -1.607376330037e+01 -1.607380821509e+01 -1.607386511105e+01 -1.607393725816e+01 -1.607402886335e+01 -1.607414536615e+01 -1.607429384387e+01 -1.607448357691e+01 -1.607472685364e+01 -1.607504014392e+01 -1.607544585733e+01 -1.607597506105e+01 -1.607667183476e+01 -1.607760054323e+01 -1.607885857979e+01 -1.608059999422e+01 -1.608308234114e+01 -1.608676731564e+01 -1.609255833681e+01 -1.610242273650e+01 -1.612116174957e+01 -1.616113571396e+01 -1.624735774537e+01 -1.639033719289e+01 -1.654629579398e+01 -1.667764970398e+01 -1.677907106450e+01 -1.685705954475e+01 -1.692001444419e+01 -1.697485362287e+01 -1.702643282386e+01 -1.707796650139e+01 -1.713152092255e+01 -1.718837134553e+01 -1.724924300301e+01 -1.731448166296e+01 -1.738417882172e+01 -1.745826027377e+01 -1.753654438491e+01 -1.761878024983e+01 -1.770467644428e+01 -1.779392628394e+01 -1.788622983070e+01 -1.798131037389e+01 -1.807892384591e+01 -1.817886144668e+01 -1.828094698481e+01 -1.838503080745e+01 -1.849098211482e+01 -1.859868128530e+01 -1.870801357805e+01 -1.881886510244e+01 -1.893112125996e+01 -1.904466718999e+01 -1.915938934802e+01 -1.927517732677e+01 -1.939192530636e+01 -1.950953288928e+01 -1.962790536600e+01 -1.974695359516e+01 -1.986659369565e+01 -1.998674670786e+01 -2.010733834303e+01
-1.607359320269e+01 -1.607359320834e+01 -1.607359321548e+01 -1.607359322448e+01 -1.607359323584e+01 -1.607359325018e+01 -1.607359326827e+01 -1.607359329109e+01 -1.607359331990e+01 -1.607359335625e+01 -1.607359340211e+01 -1.607359345999e+01 -1.607359353302e+01 -1.607359362517e+01 -1.607359374146e+01 -1.607359388820e+01 -1.607359407337e+01 -1.607359430703e+01 -1.607359460187e+01 -1.607359497394e+01 -1.607359544345e+01 -1.607359603593e+01 -1.607359678359e+01 -1.607359772710e+01 -1.607359891776e+01 -1.607360042037e+01 -1.607360231669e+01 -1.607360470997e+01 -1.607360773057e+01 -1.607361154315e+01 -1.607361635566e+01 -1.607362243091e+01 -1.607363010106e+01 -1.607363978615e+01 -1.607365201763e+01 -1.607366746841e+01 -1.607368699126e+01 -1.607371166807e+01 -1.607374287335e+01 -1.607378235650e+01 -1.607383234898e+01 -1.607389570519e+01 -1.607397608918e+01 -1.607407822517e+01 -1.607420823808e+01 -1.607437412398e+01 -1.607458641246e+01 -1.607485911964e+01 -1.607521115478e+01 -1.607566845732e+01 -1.607626735414e+01 -1.607706003999e+01 -1.607812393047e+01 -1.607957847543e+01 -1.608161729991e+01 -1.608457432839e+01 -1.608907231773e+01 -1.609639241403e+01 -1.610949517559e+01 -1.613598674338e+01 -1.619486459800e+01 -1.631327659272e+01 -1.647572725192e+01 -1.662855592430e+01 -1.675036581012e+01 -1.684399451331e+01 -1.691853519374e+01 -1.698245561605e+01 -1.704180341456e+01 -1.710047121619e+01 -1.716083354237e+01 -1.722425733431e+01 -1.729145485274e+01 -1.736272467509e+01 -1.743811209450e+01 -1.751750875331e+01 -1.760071170332e+01 -1.768746164933e+01 -1.777747302975e+01 -1.787045950958e+01 -1.796615338951e+01 -1.806431722699e+01 -1.816474784337e+01 -1.826727437712e+01 -1.837175249312e+01 -1.847805672727e+01 -1.858607269812e+01 -1.869569062119e+01 -1.880680108203e+01 -1.891929333624e+01 -1.903305570707e+01 -1.914797720990e+01 -1.926394948274e+01 -1.938086836583e+01 -1.949863485173e+01 -1.961715543480e+01 -1.973634204353e+01 -1.985611176062e+01 -1.997638649610e+01 -2.009709273783e+01
-1.607359319658e+01 -1.607359320063e+01 -1.607359320575e+01 -1.607359321220e+01 -1.607359322035e+01 -1.607359323063e+01 -1.607359324360e+01 -1.607359325997e+01 -1.607359328063e+01 -1.607359330669e+01 -1.607359333958e+01 -1.607359338108e+01 -1.607359343345e+01 -1.607359349953e+01 -1.607359358291e+01 -1.607359368813e+01 -1.607359382091e+01 -1.607359398845e+01 -1.607359419987e+01 -1.607359446666e+01 -1.607359480332e+01 -1.607359522814e+01 -1.607359576423e+01 -1.607359644072e+01 -1.607359729441e+01 -1.607359837173e+01 -1.607359973128e+01 -1.607360144703e+01 -1.607360361239e+01 -1.607360634529e+01 -1.607360979463e+01 -1.607361414851e+01 -1.607361964457e+01 -1.607362658314e+01 -1.607363534390e+01 -1.607364640716e+01 -1.607366038086e+01 -1.607367803511e+01 -1.607370034645e+01 -1.607372855476e+01 -1.607376423684e+01 -1.607380940194e+01 -1.607386661697e+01 -1.607393917174e+01 -1.607403129945e+01 -1.607414847476e+01 -1.607429782258e+01 -1.607448868883e+01 -1.607473345383e+01 -1.607504871958e+01 -1.607545709086e+01 -1.607598993275e+01 -1.607669179771e+01 -1.607762783620e+01 -1.607889682210e+01 -1.608065540010e+01 -1.608316642569e+01 -1.608690360627e+01 -1.609280134122e+01 -1.610292024409e+01 -1.612238995959e+01 -1.616479044786e+01 -1.625831453737e+01 -1.641429784462e+01 -1.658301788845e+01 -1.672412904079e+01 -1.683347535888e+01 -1.691981634880e+01 -1.699297028080e+01 -1.706017909461e+01 -1.712601171665e+01 -1.719313571219e+01 -1.726300201760e+01 -1.733631826238e+01 -1.741335482994e+01 -1.749413082441e+01 -1.757851973208e+01 -1.766631020580e+01 -1.775724691553e+01 -1.785106232350e+01 -1.794750064272e+01 -1.804633274647e+01 -1.814736224160e+01 -1.825042460146e+01 -1.835538181492e+01 -1.846211480676e+01 -1.857051552211e+01 -1.868048020794e+01 -1.879190493311e+01 -1.890468369634e+01 -1.901870874647e+01 -1.913387225055e+01 -1.925006835297e+01 -1.936719491502e+01 -1.948515461064e+01 -1.960385538383e+01 -1.972321044892e+01 -1.984313804710e+01 -1.996356113503e+01 -2.008440713722e+01
-1.607359319244e+01 -1.607359319541e+01 -1.607359319916e+01 -1.607359320389e+01 -1.607359320986e+01 -1.607359321739e+01 -1.607359322690e+01 -1.607359323889e+01 -1.607359325403e+01 -1.607359327313e+01 -1.607359329723e+01 -1.607359332764e+01 -1.607359336601e+01 -1.607359341443e+01 -1.607359347553e+01 -1.607359355263e+01 -1.607359364992e+01 -1.607359377269e+01 -1.607359392761e+01 -1.607359412310e+01 -1.607359436978e+01 -1.607359468107e+01 -1.607359507388e+01 -1.607359556956e+01 -1.607359619507e+01 -1.607359698442e+01 -1.607359798053e+01 -1.607359923759e+01 -1.607360082399e+01 -1.607360282608e+01 -1.607360535287e+01 -1.607360854202e+01 -1.607361256739e+01 -1.607361764862e+01 -1.607362406324e+01 -1.607363216210e+01 -1.607364238892e+01 -1.607365530521e+01 -1.607367162206e+01 -1.607369224085e+01 -1.607371830551e+01 -1.607375126996e+01 -1.607379298556e+01 -1.607384581535e+01 -1.607391278440e+01 -1.607399777971e+01 -1.607410581917e+01 -1.607424341866e+01 -1.607441910125e+01 -1.607464411798e+01 -1.607493349106e+01 -1.607530756437e+01 -1.607579437803e+01 -1.607643343376e+01 -1.607728190864e+01 -1.607842539694e+01 -1.607999752113e+01 -1.608221813635e+01 -1.608547380236e+01 -1.609050397207e+01 -1.609888141998e+01 -1.611439339544e+01 -1.614713494355e+01 -1.622176105625e+01 -1.636482138432e+01 -1.654315343921e+01 -1.670166894071e+01 -1.682622000247e+01 -1.692417515449e+01 -1.700643000226e+01 -1.708137309648e+01 -1.715422105022e+01 -1.722791197969e+01 -1.730397536399e+01 -1.738312369904e+01 -1.746561360586e+01 -1.755145023062e+01 -1.764049858998e+01 -1.773254871013e+01 -1.782735991654e+01 -1.792469251762e+01 -1.802432788276e+01 -1.812607771274e+01 -1.822978485763e+01 -1.833531867325e+01 -1.844256760059e+01 -1.855143111489e+01 -1.866181272054e+01 -1.877361514449e+01 -1.888673818251e+01 -1.900107889600e+01 -1.911653331151e+01 -1.923299862638e+01 -1.935037514341e+01 -1.946856755050e+01 -1.958748551748e+01 -1.970704378497e+01 -1.982716196921e+01 -1.994776427116e+01 -2.006877923152e+01
-1.607359318955e+01 -1.607359319177e+01 -1.607359319456e+01 -1.607359319809e+01 -1.607359320254e+01 -1.607359320816e+01 -1.607359321525e+01 -1.607359322419e+01 -1.607359323547e+01 -1.607359324971e+01 -1.607359326768e+01 -1.607359329035e+01 -1.607359331896e+01 -1.607359335507e+01 -1.607359340062e+01 -1.607359345811e+01 -1.607359353065e+01 -1.607359362218e+01 -1.607359373768e+01 -1.607359388343e+01 -1.607359406735e+01 -1.607359429944e+01 -1.607359459230e+01 -1.607359496185e+01 -1.607359542820e+01 -1.607359601668e+01 -1.607359675931e+01 -1.607359769645e+01 -1.607359887909e+01 -1.607360037156e+01 -1.607360225509e+01 -1.607360463223e+01 -1.607360763246e+01 -1.607361141932e+01 -1.607361619937e+01 -1.607362223363e+01 -1.607362985201e+01 -1.607363947171e+01 -1.607365162058e+01 -1.607366696697e+01 -1.607368635783e+01 -1.607371086767e+01 -1.607374186163e+01 -1.607378107707e+01 -1.607383073010e+01 -1.607389365531e+01 -1.607397349120e+01 -1.607407492877e+01 -1.607420404942e+01 -1.607436879182e+01 -1.607457960890e+01 -1.607485041327e+01 -1.607519997227e+01 -1.607565402756e+01 -1.607624862511e+01 -1.607703555277e+01 -1.607809162537e+01 -1.607953539438e+01 -1.608155915216e+01 -1.608449499945e+01 -1.608896415846e+01 -1.609625267000e+01 -1.610937195901e+01 -1.613627513738e+01 -1.619789215388e+01 -1.632730799693e+01 -1.651015450073e+01 -1.668383651518e+01 -1.682265054866e+01 -1.693168367846e+01 -1.702264876080e+01 -1.710500533578e+01 -1.718456820392e+01 -1.726451682444e+01 -1.734645194979e+01 -1.743109576793e+01 -1.751869784776e+01 -1.760925491482e+01 -1.770262986427e+01 -1.779862256694e+01 -1.789701599367e+01 -1.799760503008e+01 -1.810021094995e+01 -1.820468497214e+01 -1.831090479482e+01 -1.841876749061e+01 -1.852818132745e+01 -1.863905841348e+01 -1.875130946899e+01 -1.886484131397e+01 -1.897955687020e+01 -1.909535686270e+01 -1.921214218368e+01 -1.932981606099e+01 -1.944828556856e+01 -1.956746240323e+01 -1.968726309055e+01 -1.980760885373e+01 -1.992842535070e+01 -2.004964243314e+01
-1.607359318749e+01 -1.607359318916e+01 -1.607359319128e+01 -1.607359319394e+01 -1.607359319731e+01 -1.607359320156e+01 -1.607359320691e+01 -1.607359321367e+01 -1.607359322221e+01 -1.607359323297e+01 -1.607359324656e+01 -1.607359326370e+01 -1.607359328533e+01 -1.607359331262e+01 -1.607359334707e+01 -1.607359339053e+01 -1.607359344537e+01 -1.607359351457e+01 -1.607359360190e+01 -1.607359371209e+01 -1.607359385114e+01 -1.607359402661e+01 -1.607359424802e+01 -1.607359452741e+01 -1.607359487998e+01 -1.607359532488e+01 -1.607359588631e+01 -1.607359659478e+01 -1.607359748883e+01 -1.607359861707e+01 -1.607360004090e+01 -1.607360183779e+01 -1.607360410556e+01 -1.607360696773e+01 -1.607361058029e+01 -1.607361514026e+01 -1.607362089658e+01 -1.607362816388e+01 -1.607363734001e+01 -1.607364892825e+01 -1.607366356574e+01 -1.607368205978e+01 -1.607370543426e+01 -1.607373498965e+01 -1.607377238039e+01 -1.607381971576e+01 -1.607387969213e+01 -1.607395576793e+01 -1.607405239775e+01 -1.607417534971e+01 -1.607433214226e+01 -1.607453265676e+01 -1.607479001469e+01 -1.607512186554e+01 -1.607555233174e+01 -1.607611504357e+01 -1.607685805593e+01 -1.607785216843e+01 -1.607920574073e+01 -1.608109271689e+01 -1.608380962957e+01 -1.608790222133e+01 -1.609447804317e+01 -1.610607497179e+01 -1.612931281933e+01 -1.618228231530e+01 -1.630004333794e+01 -1.648432844574e+01 -1.667089709538e+01 -1.682287569819e+01 -1.694217100350e+01 -1.704124630013e+01 -1.713054373445e+01 -1.721640971036e+01 -1.730222862209e+01 -1.738966012365e+01 -1.747943385380e+01 -1.757179232399e+01 -1.766672580984e+01 -1.776410042979e+01 -1.786373340652e+01 -1.796543793274e+01 -1.806904669297e+01 -1.817442012506e+01 -1.828144501598e+01 -1.839002802468e+01 -1.850008742203e+01 -1.861154531675e+01 -1.872432188497e+01 -1.883833236628e+01 -1.895348676254e+01 -1.906969148274e+01 -1.918685186266e+01 -1.930487460555e+01 -1.942366957907e+01 -1.954315082464e+01 -1.966323691833e+01 -1.978385092659e+01 -1.990492018178e+01 -2.002637604821e+01
-1.607359318598e+01 -1.607359318726e+01 -1.607359318888e+01 -1.607359319092e+01 -1.607359319349e+01 -1.607359319674e+01 -1.607359320084e+01 -1.607359320601e+01 -1.607359321253e+01 -1.607359322076e+01 -1.607359323115e+01 -1.607359324425e+01 -1.607359326079e+01 -1.607359328166e+01 -1.607359330800e+01 -1.607359334123e+01 -1.607359338316e+01 -1.607359343607e+01 -1.607359350284e+01 -1.607359358710e+01 -1.607359369341e+01 -1.607359382757e+01 -1.607359399686e+01 -1.607359421049e+01 -1.607359448005e+01 -1.607359482022e+01 -1.607359524947e+01 -1.607359579114e+01 -1.607359647468e+01 -1.607359733727e+01 -1.607359842582e+01 -1.607359979953e+01 -1.607360153318e+01 -1.607360372112e+01 -1.607360648252e+01 -1.607360996785e+01 -1.607361436719e+01 -1.607361992065e+01 -1.607362693174e+01 -1.607363578415e+01 -1.607364696327e+01 -1.607366108352e+01 -1.607367892324e+01 -1.607370146949e+01 -1.607372997565e+01 -1.607376603582e+01 -1.607381168165e+01 -1.607386950910e+01 -1.607394284602e+01 -1.607403597583e+01 -1.607415444023e+01 -1.607430545473e+01 -1.607449848976e+01 -1.607474610007e+01 -1.607506513763e+01 -1.607547857540e+01 -1.607601833882e+01 -1.607672986668e+01 -1.607767977793e+01 -1.607896941874e+01 -1.608076025727e+01 -1.608332499032e+01 -1.608715965633e+01 -1.609325660858e+01 -1.610385369124e+01 -1.612472437813e+01 -1.617196278214e+01 -1.628085345660e+01 -1.646533491971e+01 -1.666299441107e+01 -1.682671726064e+01 -1.695525832038e+01 -1.706169725807e+01 -1.715736149858e+01 -1.724904804196e+01 -1.734030313448e+01 -1.743282726497e+01 -1.752734939836e+01 -1.762410143633e+01 -1.772306842208e+01 -1.782412488105e+01 -1.792711136834e+01 -1.803187491186e+01 -1.813828590481e+01 -1.824624054325e+01 -1.835565564236e+01 -1.846646044945e+01 -1.857858839235e+01 -1.869197061906e+01 -1.880653232416e+01 -1.892219198330e+01 -1.903886283744e+01 -1.915645553692e+01 -1.927488088456e+01 -1.939405198196e+01 -1.951388553784e+01 -1.963430243606e+01 -1.975522781036e+01 -1.987659087450e+01 -1.999832470043e+01
-1.607359318487e+01 -1.607359318586e+01 -1.607359318710e+01 -1.607359318868e+01 -1.607359319066e+01 -1.607359319317e+01 -1.607359319633e+01 -1.607359320032e+01 -1.607359320535e+01 -1.607359321170e+01 -1.607359321972e+01 -1.607359322983e+01 -1.607359324259e+01 -1.607359325869e+01 -1.607359327901e+01 -1.607359330466e+01 -1.607359333701e+01 -1.607359337784e+01 -1.607359342936e+01 -1.607359349437e+01 -1.607359357640e+01 -1.607359367992e+01 -1.607359381055e+01 -1.607359397538e+01 -1.607359418337e+01 -1.607359444584e+01 -1.607359477704e+01 -1.607359519499e+01 -1.607359572239e+01 -1.607359638793e+01 -1.607359722779e+01 -1.607359828766e+01 -1.607359962518e+01 -1.607360131314e+01 -1.607360344342e+01 -1.607360613203e+01 -1.607360952547e+01 -1.607361380878e+01 -1.607361921573e+01 -1.607362604175e+01 -1.607363466037e+01 -1.607364554404e+01 -1.607365929076e+01 -1.607367665801e+01 -1.607369860629e+01 -1.607372635501e+01 -1.607376145481e+01 -1.607380588142e+01 -1.607386215859e+01 -1.607393352029e+01 -1.607402412709e+01 -1.607413935835e+01 -1.607428621287e+01 -1.607447386771e+01 -1.607471447413e+01 -1.607502431812e+01 -1.607542556007e+01 -1.607594892569e+01 -1.607663802283e+01 -1.607755656333e+01 -1.607880105414e+01 -1.608052443517e+01 -1.608298329408e+01 -1.608664053977e+01 -1.609241299123e+01 -1.610234506084e+01 -1.612166848841e+01 -1.616514094894e+01 -1.626779786662e+01 -1.645246621125e+01 -1.665973389363e+01 -1.683376594149e+01 -1.697041768063e+01 -1.708339420966e+01 -1.718479869474e+01 -1.728178732948e+01 -1.737802113269e+01 -1.747521971409e+01 -1.757410049086e+01 -1.767488079877e+01 -1.777754233236e+01 -1.788197277465e+01 -1.798803983719e+01 -1.809562502987e+01 -1.820463373887e+01 -1.831499283935e+01 -1.842664302052e+01 -1.853953006200e+01 -1.865359751937e+01 -1.876878215175e+01 -1.888501246275e+01 -1.900220985163e+01 -1.912029130032e+01 -1.923917242564e+01 -1.935877003879e+01 -1.947900383424e+01 -1.959979723509e+01 -1.972107763353e+01 -1.984277630042e+01 -1.996482818525e+01
-1.607359318403e+01 -1.607359318480e+01 -1.607359318576e+01 -1.607359318699e+01 -1.607359318853e+01 -1.607359319048e+01 -1.607359319294e+01 -1.607359319604e+01 -1.607359319995e+01 -1.607359320489e+01 -1.607359321112e+01 -1.607359321898e+01 -1.607359322890e+01 -1.607359324142e+01 -1.607359325721e+01 -1.607359327714e+01 -1.607359330230e+01 -1.607359333403e+01 -1.607359337408e+01 -1.607359342462e+01 -1.607359348839e+01 -1.607359356885e+01 -1.607359367039e+01 -1.607359379852e+01 -1.607359396021e+01 -1.607359416423e+01 -1.607359442169e+01 -1.607359474656e+01 -1.607359515652e+01 -1.607359567385e+01 -1.607359632668e+01 -1.607359715050e+01 -1.607359819012e+01 -1.607359950209e+01 -1.607360115779e+01 -1.607360324736e+01 -1.607360588459e+01 -1.607360921315e+01 -1.607361341455e+01 -1.607361871807e+01 -1.607362541346e+01 -1.607363386704e+01 -1.607364454216e+01 -1.607365802523e+01 -1.607367505903e+01 -1.607369658530e+01 -1.607372379955e+01 -1.607375822175e+01 -1.607380178830e+01 -1.607385697210e+01 -1.607392694113e+01 -1.607401576962e+01 -1.607412872308e+01 -1.607427264845e+01 -1.607445651765e+01 -1.607469220037e+01 -1.607499558871e+01 -1.607538827928e+01 -1.607590016855e+01 -1.607657360439e+01 -1.607747030869e+01 -1.607868349686e+01 -1.608036035271e+01 -1.608274669337e+01 -1.608628353561e+01 -1.609183849956e+01 -1.610133208755e+01 -1.611965403753e+01 -1.616071466054e+01 -1.625936309790e+01 -1.644486646782e+01 -1.666056995843e+01 -1.684345332348e+01 -1.698704191129e+01 -1.710571187744e+01 -1.721221790159e+01 -1.731398016552e+01 -1.741472761840e+01 -1.751617690464e+01 -1.761902346066e+01 -1.772346761056e+01 -1.782949038797e+01 -1.793699632805e+01 -1.804588174816e+01 -1.815606082237e+01 -1.826746949668e+01 -1.838005951692e+01 -1.849378945961e+01 -1.860861642739e+01 -1.872449030423e+01 -1.884135129323e+01 -1.895913046861e+01 -1.907775234313e+01 -1.919713818717e+01 -1.931720905179e+01 -1.943788793191e+01 -1.955910098162e+01 -1.968077798828e+01 -1.980285240044e+01 -1.992526116698e+01
-1.607359318339e+01 -1.607359318399e+01 -1.607359318475e+01 -1.607359318570e+01 -1.607359318691e+01 -1.607359318843e+01 -1.607359319035e+01 -1.607359319278e+01 -1.607359319584e+01 -1.607359319970e+01 -1.607359320457e+01 -1.607359321072e+01 -1.607359321848e+01 -1.607359322827e+01 -1.607359324062e+01 -1.607359325621e+01 -1.607359327588e+01 -1.607359330070e+01 -1.607359333202e+01 -1.607359337154e+01 -1.607359342141e+01 -1.607359348434e+01 -1.607359356374e+01 -1.607359366395e+01 -1.607359379039e+01 -1.607359394994e+01 -1.607359415127e+01 -1.607359440533e+01 -1.607359472593e+01 -1.607359513048e+01 -1.607359564099e+01 -1.607359628521e+01 -1.607359709817e+01 -1.607359812408e+01 -1.607359941875e+01 -1.607360105262e+01 -1.607360311463e+01 -1.607360571706e+01 -1.607360900171e+01 -1.607361314765e+01 -1.607361838115e+01 -1.607362498811e+01 -1.607363332997e+01 -1.607364386392e+01 -1.607365716853e+01 -1.607367397663e+01 -1.607369521730e+01 -1.607372206984e+01 -1.607375603357e+01 -1.607379901824e+01 -1.607385346248e+01 -1.607392248971e+01 -1.607401011600e+01 -1.607412153018e+01 -1.607426347706e+01 -1.607444479087e+01 -1.607467715261e+01 -1.607497619109e+01 -1.607536312706e+01 -1.607586730611e+01 -1.607653024232e+01 -1.607741234718e+01 -1.607860468115e+01 -1.608025068653e+01 -1.608258924206e+01 -1.608604742233e+01 -1.609146198014e+01 -1.610067719932e+01 -1.611837793045e+01 -1.615798847322e+01 -1.625442734928e+01 -1.644166049705e+01 -1.666482516272e+01 -1.685512879638e+01 -1.700451257735e+01 -1.712806185426e+01 -1.723904745597e+01 -1.734506252273e+01 -1.744986155979e+01 -1.755513876212e+01 -1.766155969643e+01 -1.776930729659e+01 -1.787836491183e+01 -1.798865614152e+01 -1.810010524004e+01 -1.821265553669e+01 -1.832626828353e+01 -1.844091432550e+01 -1.855656483805e+01 -1.867318413269e+01 -1.879072580466e+01 -1.890913230483e+01 -1.902833710640e+01 -1.914826816048e+01 -1.926885139207e+01 -1.939001343156e+01 -1.951168331690e+01 -1.963379329776e+01 -1.975627904316e+01 -1.987907955065e+01
-1.607359318290e+01 -1.607359318337e+01 -1.607359318396e+01 -1.607359318472e+01 -1.607359318566e+01 -1.607359318686e+01 -1.607359318837e+01 -1.607359319028e+01 -1.607359319268e+01 -1.607359319572e+01 -1.607359319954e+01 -1.607359320438e+01 -1.607359321047e+01 -1.607359321817e+01 -1.607359322787e+01 -1.607359324012e+01 -1.607359325558e+01 -1.607359327508e+01 -1.607359329970e+01 -1.607359333075e+01 -1.607359336994e+01 -1.607359341939e+01 -1.607359348180e+01 -1.607359356054e+01 -1.607359365990e+01 -1.607359378528e+01 -1.607359394350e+01 -1.607359414314e+01 -1.607359439507e+01 -1.607359471298e+01 -1.607359511415e+01 -1.607359562038e+01 -1.607359625920e+01 -1.607359706535e+01 -1.607359808266e+01 -1.607359936647e+01 -1.607360098665e+01 -1.607360303137e+01 -1.607360561198e+01 -1.607360886908e+01 -1.607361298025e+01 -1.607361816982e+01 -1.607362472131e+01 -1.607363299311e+01 -1.607364343852e+01 -1.607365663122e+01 -1.607367329780e+01 -1.607369435937e+01 -1.607372098515e+01 -1.607375466146e+01 -1.607379728143e+01 -1.607385126222e+01 -1.607391969943e+01 -1.607400657281e+01 -1.607411702337e+01 -1.607425773236e+01 -1.607443744839e+01 -1.607466773545e+01 -1.607496405945e+01 -1.607534740938e+01 -1.607584679233e+01 -1.607650321248e+01 -1.607737628431e+01 -1.607855576655e+01 -1.608018286070e+01 -1.608249233594e+01 -1.608590313128e+01 -1.609123436400e+01 -1.610028815645e+01 -1.611764236631e+01 -1.615650561517e+01 -1.625216204606e+01 -1.644201308589e+01 -1.667176295291e+01 -1.686813110756e+01 -1.702225542390e+01 -1.714993168901e+01 -1.726480981536e+01 -1.737457604992e+01 -1.748297547749e+01 -1.759166478113e+01 -1.770127509213e+01 -1.781197330050e+01 -1.792374773906e+01 -1.803654175027e+01 -1.815030529762e+01 -1.826500647298e+01 -1.838062650010e+01 -1.849715011853e+01 -1.861455678815e+01 -1.873281502267e+01 -1.885188048238e+01 -1.897169730569e+01 -1.909220143150e+01 -1.921332448927e+01 -1.933499716605e+01 -1.945715152899e+01 -1.957972229134e+01 -1.970264729440e+01 -1.982586754033e+01
-1.607359318252e+01 -1.607359318289e+01 -1.607359318336e+01 -1.607359318395e+01 -1.607359318470e+01 -1.607359318564e+01 -1.607359318683e+01 -1.607359318834e+01 -1.607359319024e+01 -1.607359319263e+01 -1.607359319565e+01 -1.607359319946e+01 -1.607359320427e+01 -1.607359321034e+01 -1.607359321800e+01 -1.607359322766e+01 -1.607359323986e+01 -1.607359325524e+01 -1.607359327466e+01 -1.607359329916e+01 -1.607359333008e+01 -1.607359336909e+01 -1.607359341832e+01 -1.607359348043e+01 -1.607359355882e+01 -1.607359365773e+01 -1.607359378254e+01 -1.607359394004e+01 -1.607359413879e+01 -1.607359438958e+01 -1.607359470605e+01 -1.607359510540e+01 -1.607359560933e+01 -1.607359624526e+01 -1.607359704776e+01 -1.607359806046e+01 -1.607359933846e+01 -1.607360095130e+01 -1.607360298675e+01 -1.607360555567e+01 -1.607360879801e+01 -1.607361289054e+01 -1.607361805658e+01 -1.607362457835e+01 -1.607363281261e+01 -1.607364321059e+01 -1.607365634334e+01 -1.607367293410e+01 -1.607369389977e+01 -1.607372040411e+01 -1.607375392655e+01 -1.607379635132e+01 -1.607385008414e+01 -1.607391820580e+01 -1.607400467672e+01 -1.607411461253e+01 -1.607425466083e+01 -1.607443352503e+01 -1.607466270754e+01 -1.607495758895e+01 -1.607533903748e+01 -1.607583588496e+01 -1.607648887370e+01 -1.607735721283e+01 -1.607853000735e+01 -1.608014735165e+01 -1.608244202913e+01 -1.608582917120e+01 -1.609112004470e+01 -1.610009962328e+01 -1.611731070154e+01 -1.615595081997e+01 -1.625193710265e+01 -1.644515118754e+01 -1.668064959089e+01 -1.688184589016e+01 -1.703977760297e+01 -1.717090694420e+01 -1.728913553126e+01 -1.740217829577e+01 -1.751374451526e+01 -1.762544327729e+01 -1.773786981646e+01 -1.785117735401e+01 -1.796536118000e+01 -1.808038377613e+01 -1.819621767200e+01 -1.831285112667e+01 -1.843028043799e+01 -1.854849989416e+01 -1.866749395850e+01 -1.878723330625e+01 -1.890767471966e+01 -1.902876381426e+01 -1.915043909043e+01 -1.927263592278e+01 -1.939528962793e+01 -1.951833735796e+01 -1.964171899605e+01 -1.976537740242e+01
-1.607359318222e+01 -1.607359318251e+01 -1.607359318289e+01 -1.607359318335e+01 -1.607359318395e+01 -1.607359318469e+01 -1.607359318564e+01 -1.607359318683e+01 -1.607359318833e+01 -1.607359319022e+01 -1.607359319261e+01 -1.607359319563e+01 -1.607359319943e+01 -1.607359320424e+01 -1.607359321030e+01 -1.607359321794e+01 -1.607359322759e+01 -1.607359323977e+01 -1.607359325513e+01 -1.607359327452e+01 -1.607359329898e+01 -1.607359332985e+01 -1.607359336881e+01 -1.607359341796e+01 -1.607359347998e+01 -1.607359355825e+01 -1.607359365702e+01 -1.607359378164e+01 -1.607359393890e+01 -1.607359413735e+01 -1.607359438776e+01 -1.607359470376e+01 -1.607359510251e+01 -1.607359560569e+01 -1.607359624066e+01 -1.607359704195e+01 -1.607359805313e+01 -1.607359932921e+01 -1.607360093963e+01 -1.607360297203e+01 -1.607360553708e+01 -1.607360877455e+01 -1.607361286093e+01 -1.607361801921e+01 -1.607362453118e+01 -1.607363275306e+01 -1.607364313540e+01 -1.607365624838e+01 -1.607367281417e+01 -1.607369374824e+01 -1.607372021262e+01 -1.607375368444e+01 -1.607379604508e+01 -1.607384969652e+01 -1.607391771478e+01 -1.607400405409e+01 -1.607411382200e+01 -1.607425365549e+01 -1.607443224387e+01 -1.607466107063e+01 -1.607495549057e+01 -1.607533633627e+01 -1.607583238925e+01 -1.607648431932e+01 -1.607735122866e+01 -1.607852206077e+01 -1.608013666122e+01 -1.608242742928e+01 -1.608580893863e+01 -1.609109192007e+01 -1.610006283066e+01 -1.611728305736e+01 -1.615609422672e+01 -1.625326964155e+01 -1.645037260423e+01 -1.669080377258e+01 -1.689574406905e+01 -1.705668619062e+01 -1.719067826781e+01 -1.731176504369e+01 -1.742764226867e+01 -1.754196535544e+01 -1.765629031749e+01 -1.777117740335e+01 -1.788676889659e+01 -1.800306820084e+01 -1.812005544133e+01 -1.823772222398e+01 -1.835607265769e+01 -1.847511394449e+01 -1.859484652238e+01 -1.871525752193e+01 -1.883631849486e+01 -1.895798685883e+01 -1.908020964747e+01 -1.920292794759e+01 -1.932608077164e+01 -1.944960775660e+01 -1.957345066231e+01 -1.969755397207e+01
-1.607359318199e+01 -1.607359318222e+01 -1.607359318252e+01 -1.607359318289e+01 -1.607359318336e+01 -1.607359318395e+01 -1.607359318470e+01 -1.607359318564e+01 -1.607359318683e+01 -1.607359318833e+01 -1.607359319023e+01 -1.607359319262e+01 -1.607359319564e+01 -1.607359319945e+01 -1.607359320425e+01 -1.607359321032e+01 -1.607359321797e+01 -1.607359322763e+01 -1.607359323981e+01 -1.607359325519e+01 -1.607359327459e+01 -1.607359329908e+01 -1.607359332997e+01 -1.607359336896e+01 -1.607359341815e+01 -1.607359348023e+01 -1.607359355856e+01 -1.607359365740e+01 -1.607359378213e+01 -1.607359393952e+01 -1.607359413812e+01 -1.607359438874e+01 -1.607359470499e+01 -1.607359510406e+01 -1.607359560765e+01 -1.607359624314e+01 -1.607359704507e+01 -1.607359805707e+01 -1.607359933419e+01 -1.607360094591e+01 -1.607360297995e+01 -1.607360554709e+01 -1.607360878718e+01 -1.607361287687e+01 -1.607361803934e+01 -1.607362455660e+01 -1.607363278516e+01 -1.607364317595e+01 -1.607365629963e+01 -1.607367287895e+01 -1.607369383019e+01 -1.607372031632e+01 -1.607375381578e+01 -1.607379621158e+01 -1.607384990786e+01 -1.607391798346e+01 -1.607400439632e+01 -1.607411425903e+01 -1.607425421535e+01 -1.607443296401e+01 -1.607466200178e+01 -1.607495670263e+01 -1.607533792764e+01 -1.607583450212e+01 -1.607648716586e+01 -1.607735513828e+01 -1.607852757050e+01 -1.608014470188e+01 -1.608243974431e+01 -1.608582913705e+01 -1.609112851892e+01 -1.610013968632e+01 -1.611748259368e+01 -1.615675909391e+01 -1.625576525738e+01 -1.645705239542e+01 -1.670163143368e+01 -1.690940061307e+01 -1.707269121906e+01 -1.720903719950e+01 -1.733254128378e+01 -1.745084745914e+01 -1.756754641102e+01 -1.768413934116e+01 -1.780115394552e+01 -1.791872417812e+01 -1.803686196439e+01 -1.815556307866e+01 -1.827483478127e+01 -1.839469326695e+01 -1.851515330011e+01 -1.863621896176e+01 -1.875787849107e+01 -1.888010357279e+01 -1.900285204037e+01 -1.912607232428e+01 -1.924970802700e+01 -1.937370155917e+01 -1.949799646379e+01 -1.962253857613e+01
-1.607359318180e+01 -1.607359318199e+01 -1.607359318222e+01 -1.607359318252e+01 -1.607359318289e+01 -1.607359318336e+01 -1.607359318396e+01 -1.607359318471e+01 -1.607359318565e+01 -1.607359318685e+01 -1.607359318835e+01 -1.607359319025e+01 -1.607359319265e+01 -1.607359319568e+01 -1.607359319949e+01 -1.607359320431e+01 -1.607359321039e+01 -1.607359321806e+01 -1.607359322775e+01 -1.607359323996e+01 -1.607359325538e+01 -1.607359327483e+01 -1.607359329937e+01 -1.607359333034e+01 -1.607359336943e+01 -1.607359341874e+01 -1.607359348097e+01 -1.607359355950e+01 -1.607359365859e+01 -1.607359378363e+01 -1.607359394141e+01 -1.607359414052e+01 -1.607359439176e+01 -1.607359470880e+01 -1.607359510887e+01 -1.607359561372e+01 -1.607359625080e+01 -1.607359705474e+01 -1.607359806927e+01 -1.607359934959e+01 -1.607360096534e+01 -1.607360300448e+01 -1.607360557804e+01 -1.607360882624e+01 -1.607361292619e+01 -1.607361810160e+01 -1.607362463520e+01 -1.607363288442e+01 -1.607364330131e+01 -1.607365645800e+01 -1.607367307908e+01 -1.607369408317e+01 -1.607372063628e+01 -1.607375422070e+01 -1.607379672441e+01 -1.607385055798e+01 -1.607391880864e+01 -1.607400544534e+01 -1.607411559524e+01 -1.607425592166e+01 -1.607443514994e+01 -1.607466481368e+01 -1.607496033889e+01 -1.607534266203e+01 -1.607584072095e+01 -1.607649542945e+01 -1.607736628773e+01 -1.607854292375e+01 -1.608016643895e+01 -1.608247172953e+01 -1.608587886479e+01 -1.609121235570e+01 -1.610029943628e+01 -1.611784779792e+01 -1.615780352352e+01 -1.625907796303e+01 -1.646464929950e+01 -1.671264448437e+01 -1.692249691794e+01 -1.708759803971e+01 -1.722586472291e+01 -1.735139624426e+01 -1.747176496317e+01 -1.759049169842e+01 -1.770902384645e+01 -1.782785977359e+01 -1.794712732879e+01 -1.806684678509e+01 -1.818702739107e+01 -1.830768895858e+01 -1.842885666328e+01 -1.855055028521e+01 -1.867277579756e+01 -1.879552157856e+01 -1.891875906155e+01 -1.904244641525e+01 -1.916653343169e+01 -1.929096607679e+01 -1.941568983956e+01 -1.954065171035e+01
-1.607359318166e+01 -1.607359318181e+01 -1.607359318199e+01 -1.607359318223e+01 -1.607359318252e+01 -1.607359318290e+01 -1.607359318337e+01 -1.607359318397e+01 -1.607359318472e+01 -1.607359318567e+01 -1.607359318687e+01 -1.607359318838e+01 -1.607359319029e+01 -1.607359319269e+01 -1.607359319573e+01 -1.607359319956e+01 -1.607359320440e+01 -1.607359321050e+01 -1.607359321820e+01 -1.607359322792e+01 -1.607359324018e+01 -1.607359325565e+01 -1.607359327517e+01 -1.607359329981e+01 -1.607359333089e+01 -1.607359337012e+01 -1.607359341962e+01 -1.607359348207e+01 -1.607359356089e+01 -1.607359366034e+01 -1.607359378584e+01 -1.607359394420e+01 -1.607359414404e+01 -1.607359439620e+01 -1.607359471440e+01 -1.607359511594e+01 -1.607359562265e+01 -1.607359626206e+01 -1.607359706895e+01 -1.607359808721e+01 -1.607359937222e+01 -1.607360099390e+01 -1.607360304053e+01 -1.607360562354e+01 -1.607360888368e+01 -1.607361299868e+01 -1.607361819312e+01 -1.607362475075e+01 -1.607363303032e+01 -1.607364348558e+01 -1.607365669078e+01 -1.607367337322e+01 -1.607369445498e+01 -1.607372110649e+01 -1.607375481569e+01 -1.607379747784e+01 -1.607385151294e+01 -1.607392002044e+01 -1.607400698537e+01 -1.607411755611e+01 -1.607425842441e+01 -1.607443835415e+01 -1.607466893210e+01 -1.607496565914e+01 -1.607534957968e+01 -1.607584979182e+01 -1.607650745559e+01 -1.607738246552e+01 -1.607856511331e+01 -1.608019768765e+01 -1.608251737457e+01 -1.608594909990e+01 -1.609132900577e+01 -1.610051680266e+01 -1.611832822442e+01 -1.615911044012e+01 -1.626293269112e+01 -1.647271034489e+01 -1.672346480440e+01 -1.693481200293e+01 -1.710129371305e+01 -1.724111607378e+01 -1.736833444016e+01 -1.749043947703e+01 -1.761088126412e+01 -1.773105623066e+01 -1.785143689456e+01 -1.797214675232e+01 -1.809321385656e+01 -1.821465879518e+01 -1.833651126377e+01 -1.845880296320e+01 -1.858155682913e+01 -1.870477956731e+01 -1.882845914126e+01 -1.895256656897e+01 -1.907706033544e+01 -1.920189152940e+01 -1.932700827419e+01 -1.945235878264e+01
-1.607359318154e+01 -1.607359318166e+01 -1.607359318181e+01 -1.607359318200e+01 -1.607359318223e+01 -1.607359318253e+01 -1.607359318291e+01 -1.607359318338e+01 -1.607359318398e+01 -1.607359318474e+01 -1.607359318569e+01 -1.607359318689e+01 -1.607359318841e+01 -1.607359319033e+01 -1.607359319274e+01 -1.607359319579e+01 -1.607359319964e+01 -1.607359320450e+01 -1.607359321063e+01 -1.607359321836e+01 -1.607359322812e+01 -1.607359324044e+01 -1.607359325598e+01 -1.607359327559e+01 -1.607359330033e+01 -1.607359333155e+01 -1.607359337095e+01 -1.607359342066e+01 -1.607359348340e+01 -1.607359356256e+01 -1.607359366245e+01 -1.607359378850e+01 -1.607359394756e+01 -1.607359414827e+01 -1.607359440155e+01 -1.607359472115e+01 -1.607359512446e+01 -1.607359563339e+01 -1.607359627562e+01 -1.607359708606e+01 -1.607359810880e+01 -1.607359939947e+01 -1.607360102829e+01 -1.607360308392e+01 -1.607360567831e+01 -1.607360895281e+01 -1.607361308594e+01 -1.607361830327e+01 -1.607362488983e+01 -1.607363320594e+01 -1.607364370737e+01 -1.607365697094e+01 -1.607367372723e+01 -1.607369490246e+01 -1.607372167237e+01 -1.607375553170e+01 -1.607379838448e+01 -1.607385266200e+01 -1.607392147843e+01 -1.607400883807e+01 -1.607411991476e+01 -1.607426143432e+01 -1.607444220677e+01 -1.607467388249e+01 -1.607497205175e+01 -1.607535788764e+01 -1.607586067892e+01 -1.607652187786e+01 -1.607740184568e+01 -1.607859165697e+01 -1.608023499511e+01 -1.608257172245e+01 -1.608603240519e+01 -1.609146658218e+01 -1.610077094650e+01 -1.611888217129e+01 -1.616058228670e+01 -1.626709381981e+01 -1.648087140811e+01 -1.673381706276e+01 -1.694620770760e+01 -1.711373111215e+01 -1.725480448956e+01 -1.738341566206e+01 -1.750697063607e+01 -1.762885088491e+01 -1.775040580558e+01 -1.787208547455e+01 -1.799401033709e+01 -1.811621543254e+01 -1.823873072428e+01 -1.836159358276e+01 -1.848484035332e+01 -1.860849581774e+01 -1.873256668842e+01 -1.885704023519e+01 -1.898188702091e+01 -1.910706584697e+01 -1.923252900634e+01 -1.935822654693e+01
-1.607359318145e+01 -1.607359318154e+01 -1.607359318166e+01 -1.607359318181e+01 -1.607359318200e+01 -1.607359318224e+01 -1.607359318254e+01 -1.607359318291e+01 -1.607359318339e+01 -1.607359318399e+01 -1.607359318475e+01 -1.607359318571e+01 -1.607359318692e+01 -1.607359318844e+01 -1.607359319037e+01 -1.607359319280e+01 -1.607359319586e+01 -1.607359319973e+01 -1.607359320461e+01 -1.607359321077e+01 -1.607359321854e+01 -1.607359322835e+01 -1.607359324072e+01 -1.607359325633e+01 -1.607359327604e+01 -1.607359330090e+01 -1.607359333227e+01 -1.607359337186e+01 -1.607359342181e+01 -1.607359348484e+01 -1.607359356438e+01 -1.607359366475e+01 -1.607359379140e+01 -1.607359395122e+01 -1.607359415290e+01 -1.607359440738e+01 -1.607359472851e+01 -1.607359513374e+01 -1.607359564511e+01 -1.607359629041e+01 -1.607359710473e+01 -1.607359813235e+01 -1.607359942919e+01 -1.607360106580e+01 -1.607360313127e+01 -1.607360573807e+01 -1.607360902823e+01 -1.607361318115e+01 -1.607361842346e+01 -1.607362504156e+01 -1.607363339754e+01 -1.607364394935e+01 -1.607365727661e+01 -1.607367411345e+01 -1.607369539065e+01 -1.607372228972e+01 -1.607375631284e+01 -1.607379937355e+01 -1.607385391550e+01 -1.607392306889e+01 -1.607401085900e+01 -1.607412248744e+01 -1.607426471710e+01 -1.607444640827e+01 -1.607467928051e+01 -1.607497902129e+01 -1.607536694357e+01 -1.607587254309e+01 -1.607653758911e+01 -1.607742294844e+01 -1.607862054264e+01 -1.608027556128e+01 -1.608263075092e+01 -1.608612273971e+01 -1.609161541205e+01 -1.610104485257e+01 -1.611947537089e+01 -1.616213820836e+01 -1.627137150860e+01 -1.648885285285e+01 -1.674351480393e+01 -1.695661194539e+01 -1.712491320968e+01 -1.726698572765e+01 -1.739673875677e+01 -1.752149556543e+01 -1.764457314583e+01 -1.776727835231e+01 -1.789004197521e+01 -1.801298233184e+01 -1.813614056225e+01 -1.825955427667e+01 -1.838326674031e+01 -1.850731753793e+01 -1.863173240572e+01 -1.875651763839e+01 -1.888165970358e+01 -1.900712873141e+01 -1.913288383844e+01 -1.925887841037e+01
-1.607359318138e+01 -1.607359318145e+01 -1.607359318155e+01 -1.607359318167e+01 -1.607359318182e+01 -1.607359318200e+01 -1.607359318224e+01 -1.607359318254e+01 -1.607359318292e+01 -1.607359318340e+01 -1.607359318401e+01 -1.607359318477e+01 -1.607359318573e+01 -1.607359318695e+01 -1.607359318848e+01 -1.607359319042e+01 -1.607359319286e+01 -1.607359319594e+01 -1.607359319982e+01 -1.607359320473e+01 -1.607359321092e+01 -1.607359321872e+01 -1.607359322858e+01 -1.607359324101e+01 -1.607359325670e+01 -1.607359327650e+01 -1.607359330148e+01 -1.607359333301e+01 -1.607359337279e+01 -1.607359342299e+01 -1.607359348633e+01 -1.607359356626e+01 -1.607359366712e+01 -1.607359379439e+01 -1.607359395499e+01 -1.607359415764e+01 -1.607359441337e+01 -1.607359473607e+01 -1.607359514328e+01 -1.607359565715e+01 -1.607359630560e+01 -1.607359712389e+01 -1.607359815654e+01 -1.607359945972e+01 -1.607360110433e+01 -1.607360317989e+01 -1.607360579944e+01 -1.607360910569e+01 -1.607361327892e+01 -1.607361854689e+01 -1.607362519740e+01 -1.607363359431e+01 -1.607364419786e+01 -1.607365759052e+01 -1.607367451011e+01 -1.607369589202e+01 -1.607372292374e+01 -1.607375711505e+01 -1.607380038931e+01 -1.607385520280e+01 -1.607392470221e+01 -1.607401293435e+01 -1.607412512934e+01 -1.607426808813e+01 -1.607445072255e+01 -1.607468482317e+01 -1.607498617719e+01 -1.607537624096e+01 -1.607588472243e+01 -1.607655371573e+01 -1.607744460559e+01 -1.607865018073e+01 -1.608031717195e+01 -1.608269127481e+01 -1.608621530948e+01 -1.609176779324e+01 -1.610132489665e+01 -1.612008014185e+01 -1.616371235541e+01 -1.627560341626e+01 -1.649645094336e+01 -1.675244381234e+01 -1.696600262922e+01 -1.713487896653e+01 -1.727774443039e+01 -1.740842749766e+01 -1.753417380240e+01 -1.765824120279e+01 -1.778189868049e+01 -1.790556056955e+01 -1.802934369320e+01 -1.815329440513e+01 -1.827745648745e+01 -1.840187769395e+01 -1.852659981965e+01 -1.865164896786e+01 -1.877703079152e+01 -1.890273094633e+01 -1.902871917766e+01 -1.915495490717e+01
-1.607359318132e+01 -1.607359318138e+01 -1.607359318145e+01 -1.607359318155e+01 -1.607359318167e+01 -1.607359318182e+01 -1.607359318201e+01 -1.607359318225e+01 -1.607359318255e+01 -1.607359318293e+01 -1.607359318341e+01 -1.607359318402e+01 -1.607359318479e+01 -1.607359318576e+01 -1.607359318698e+01 -1.607359318852e+01 -1.607359319046e+01 -1.607359319291e+01 -1.607359319601e+01 -1.607359319991e+01 -1.607359320484e+01 -1.607359321106e+01 -1.607359321890e+01 -1.607359322881e+01 -1.607359324130e+01 -1.607359325706e+01 -1.607359327696e+01 -1.607359330206e+01 -1.607359333374e+01 -1.607359337371e+01 -1.607359342414e+01 -1.607359348779e+01 -1.607359356810e+01 -1.607359366944e+01 -1.607359379732e+01 -1.607359395869e+01 -1.607359416232e+01 -1.607359441927e+01 -1.607359474351e+01 -1.607359515267e+01 -1.607359566900e+01 -1.607359632055e+01 -1.607359714277e+01 -1.607359818036e+01 -1.607359948977e+01 -1.607360114226e+01 -1.607360322776e+01 -1.607360585985e+01 -1.607360918194e+01 -1.607361337518e+01 -1.607361866840e+01 -1.607362535081e+01 -1.607363378802e+01 -1.607364444250e+01 -1.607365789956e+01 -1.607367490059e+01 -1.607369638560e+01 -1.607372354790e+01 -1.607375790479e+01 -1.607380138927e+01 -1.607385647009e+01 -1.607392631012e+01 -1.607401497743e+01 -1.607412773014e+01 -1.607427140670e+01 -1.607445496969e+01 -1.607469027956e+01 -1.607499322166e+01 -1.607538539350e+01 -1.607589671193e+01 -1.607656959081e+01 -1.607746592462e+01 -1.607867935560e+01 -1.608035813140e+01 -1.608275084987e+01 -1.608630642470e+01 -1.609191777044e+01 -1.610160046843e+01 -1.612067469931e+01 -1.616525253603e+01 -1.627967344075e+01 -1.650352662829e+01 -1.676054563687e+01 -1.697439363898e+01 -1.714369147003e+01 -1.728718283327e+01 -1.741861903264e+01 -1.754517511224e+01 -1.767005580066e+01 -1.779449681417e+01 -1.791889852252e+01 -1.804337668144e+01 -1.816798202737e+01 -1.829276328445e+01 -1.841777160068e+01 -1.854305023996e+01 -1.866862530046e+01 -1.879450169707e+01 -1.892066431651e+01 -1.904708257321e+01
-1.607359318127e+01 -1.607359318132e+01 -1.607359318138e+01 -1.607359318146e+01 -1.607359318155e+01 -1.607359318167e+01 -1.607359318182e+01 -1.607359318201e+01 -1.607359318225e+01 -1.607359318256e+01 -1.607359318294e+01 -1.607359318342e+01 -1.607359318403e+01 -1.607359318480e+01 -1.607359318578e+01 -1.607359318700e+01 -1.607359318855e+01 -1.607359319050e+01 -1.607359319297e+01 -1.607359319607e+01 -1.607359320000e+01 -1.607359320495e+01 -1.607359321119e+01 -1.607359321908e+01 -1.607359322902e+01 -1.607359324157e+01 -1.607359325741e+01 -1.607359327739e+01 -1.607359330261e+01 -1.607359333443e+01 -1.607359337458e+01 -1.607359342525e+01 -1.607359348918e+01 -1.607359356986e+01 -1.607359367166e+01 -1.607359380012e+01 -1.607359396222e+01 -1.607359416677e+01 -1.607359442489e+01 -1.607359475061e+01 -1.607359516162e+01 -1.607359568029e+01 -1.607359633480e+01 -1.607359716075e+01 -1.607359820306e+01 -1.607359951842e+01 -1.607360117841e+01 -1.607360327339e+01 -1.607360591744e+01 -1.607360925463e+01 -1.607361346693e+01 -1.607361878422e+01 -1.607362549703e+01 -1.607363397266e+01 -1.607364467569e+01 -1.607365819412e+01 -1.607367527278e+01 -1.607369685605e+01 -1.607372414282e+01 -1.607375865754e+01 -1.607380234239e+01 -1.607385767802e+01 -1.607392784274e+01 -1.607401692484e+01 -1.607413020919e+01 -1.607427456995e+01 -1.607445901809e+01 -1.607469548072e+01 -1.607499993677e+01 -1.607539411839e+01 -1.607590814164e+01 -1.607658472543e+01 -1.607748625065e+01 -1.607870717409e+01 -1.608039719151e+01 -1.608280767245e+01 -1.608639335256e+01 -1.609206090816e+01 -1.610186359749e+01 -1.612124248479e+01 -1.616671885812e+01 -1.628349397112e+01 -1.650999342663e+01 -1.676780293597e+01 -1.698182332889e+01 -1.715142846849e+01 -1.729541190345e+01 -1.742745497361e+01 -1.755467024133e+01 -1.768021556781e+01 -1.780529780091e+01 -1.793030551971e+01 -1.805535369829e+01 -1.818049671161e+01 -1.830578721785e+01 -1.843127891722e+01 -1.855701601669e+01 -1.868302438535e+01 -1.880930818225e+01 -1.893585159274e+01
-1.607359318124e+01 -1.607359318128e+01 -1.607359318132e+01 -1.607359318138e+01 -1.607359318146e+01 -1.607359318155e+01 -1.607359318167e+01 -1.607359318183e+01 -1.607359318202e+01 -1.607359318226e+01 -1.607359318256e+01 -1.607359318295e+01 -1.607359318343e+01 -1.607359318405e+01 -1.607359318482e+01 -1.607359318580e+01 -1.607359318703e+01 -1.607359318858e+01 -1.607359319054e+01 -1.607359319302e+01 -1.607359319614e+01 -1.607359320008e+01 -1.607359320505e+01 -1.607359321132e+01 -1.607359321924e+01 -1.607359322922e+01 -1.607359324183e+01 -1.607359325773e+01 -1.607359327780e+01 -1.607359330312e+01 -1.607359333507e+01 -1.607359337539e+01 -1.607359342627e+01 -1.607359349047e+01 -1.607359357149e+01 -1.607359367372e+01 -1.607359380272e+01 -1.607359396550e+01 -1.607359417091e+01 -1.607359443011e+01 -1.607359475719e+01 -1.607359516993e+01 -1.607359569078e+01 -1.607359634803e+01 -1.607359717745e+01 -1.607359822413e+01 -1.607359954501e+01 -1.607360121197e+01 -1.607360331574e+01 -1.607360597089e+01 -1.607360932210e+01 -1.607361355209e+01 -1.607361889173e+01 -1.607362563277e+01 -1.607363414405e+01 -1.607364489214e+01 -1.607365846755e+01 -1.607367561828e+01 -1.607369729276e+01 -1.607372469508e+01 -1.607375935630e+01 -1.607380322716e+01 -1.607385879933e+01 -1.607392926547e+01 -1.607401873264e+01 -1.607413251055e+01 -1.607427750652e+01 -1.607446277648e+01 -1.607470030943e+01 -1.607500617124e+01 -1.607540221916e+01 -1.607591875443e+01 -1.607659877950e+01 -1.607750512754e+01 -1.607873301309e+01 -1.608043347956e+01 -1.608286047749e+01 -1.608647416752e+01 -1.609219405998e+01 -1.610210857244e+01 -1.612177147569e+01 -1.616808225448e+01 -1.628700617323e+01 -1.651580578945e+01 -1.677422733616e+01 -1.698834555394e+01 -1.715817515520e+01 -1.730254473817e+01 -1.743507491907e+01 -1.756282434869e+01 -1.768891026806e+01 -1.781451476204e+01 -1.794001650704e+01 -1.806552989033e+01 -1.819111227948e+01 -1.831681945114e+01 -1.844270701583e+01 -1.856881975662e+01 -1.869518318994e+01 -1.882180074705e+01
-1.607359318121e+01 -1.607359318124e+01 -1.607359318128e+01 -1.607359318132e+01 -1.607359318138e+01 -1.607359318146e+01 -1.607359318156e+01 -1.607359318168e+01 -1.607359318183e+01 -1.607359318202e+01 -1.607359318226e+01 -1.607359318257e+01 -1.607359318296e+01 -1.607359318344e+01 -1.607359318406e+01 -1.607359318483e+01 -1.607359318581e+01 -1.607359318705e+01 -1.607359318861e+01 -1.607359319058e+01 -1.607359319306e+01 -1.607359319619e+01 -1.607359320015e+01 -1.607359320514e+01 -1.607359321143e+01 -1.607359321938e+01 -1.607359322941e+01 -1.607359324206e+01 -1.607359325802e+01 -1.607359327816e+01 -1.607359330358e+01 -1.607359333565e+01 -1.607359337613e+01 -1.607359342720e+01 -1.607359349164e+01 -1.607359357297e+01 -1.607359367558e+01 -1.607359380507e+01 -1.607359396847e+01 -1.607359417466e+01 -1.607359443484e+01 -1.607359476316e+01 -1.607359517747e+01 -1.607359570029e+01 -1.607359636004e+01 -1.607359719259e+01 -1.607359824324e+01 -1.607359956913e+01 -1.607360124241e+01 -1.607360335416e+01 -1.607360601938e+01 -1.607360938330e+01 -1.607361362934e+01 -1.607361898925e+01 -1.607362575590e+01 -1.607363429953e+01 -1.607364508849e+01 -1.607365871558e+01 -1.607367593168e+01 -1.607369768890e+01 -1.607372519603e+01 -1.607375999016e+01 -1.607380402976e+01 -1.607385981651e+01 -1.607393055608e+01 -1.607402037259e+01 -1.607413459826e+01 -1.607428017053e+01 -1.607446618612e+01 -1.607470469021e+01 -1.607501182763e+01 -1.607540956924e+01 -1.607592838444e+01 -1.607661153335e+01 -1.607752226025e+01 -1.607875646871e+01 -1.608046642829e+01 -1.608290843928e+01 -1.608654760548e+01 -1.609231514247e+01 -1.610233156373e+01 -1.612225348517e+01 -1.616932291976e+01 -1.629016965336e+01 -1.652094878531e+01 -1.677984987324e+01 -1.699402293412e+01 -1.716401890719e+01 -1.730869191477e+01 -1.744161205659e+01 -1.756979270188e+01 -1.769631652516e+01 -1.782234462519e+01 -1.794824741449e+01 -1.807413883180e+01 -1.820007868953e+01 -1.832612522927e+01 -1.845233548604e+01 -1.857875456773e+01 -1.870540758108e+01
-1.607359318118e+01 -1.607359318121e+01 -1.607359318124e+01 -1.607359318128e+01 -1.607359318132e+01 -1.607359318138e+01 -1.607359318146e+01 -1.607359318156e+01 -1.607359318168e+01 -1.607359318183e+01 -1.607359318202e+01 -1.607359318227e+01 -1.607359318257e+01 -1.607359318296e+01 -1.607359318345e+01 -1.607359318407e+01 -1.607359318485e+01 -1.607359318583e+01 -1.607359318707e+01 -1.607359318863e+01 -1.607359319061e+01 -1.607359319310e+01 -1.607359319625e+01 -1.607359320021e+01 -1.607359320522e+01 -1.607359321154e+01 -1.607359321951e+01 -1.607359322957e+01 -1.607359324226e+01 -1.607359325828e+01 -1.607359327849e+01 -1.607359330399e+01 -1.607359333617e+01 -1.607359337678e+01 -1.607359342802e+01 -1.607359349269e+01 -1.607359357428e+01 -1.607359367724e+01 -1.607359380716e+01 -1.607359397111e+01 -1.607359417799e+01 -1.607359443904e+01 -1.607359476846e+01 -1.607359518416e+01 -1.607359570873e+01 -1.607359637069e+01 -1.607359720604e+01 -1.607359826021e+01 -1.607359959054e+01 -1.607360126943e+01 -1.607360338827e+01 -1.607360606243e+01 -1.607360943764e+01 -1.607361369793e+01 -1.607361907584e+01 -1.607362586521e+01 -1.607363443756e+01 -1.607364526282e+01 -1.607365893580e+01 -1.607367620994e+01 -1.607369804063e+01 -1.607372564082e+01 -1.607376055294e+01 -1.607380474237e+01 -1.607386071965e+01 -1.607393170202e+01 -1.607402182872e+01 -1.607413645199e+01 -1.607428253602e+01 -1.607446921377e+01 -1.607470858035e+01 -1.607501685074e+01 -1.607541609679e+01 -1.607593693745e+01 -1.607662286197e+01 -1.607753748043e+01 -1.607877730973e+01 -1.608049571144e+01 -1.608295108004e+01 -1.608661292847e+01 -1.609242292376e+01 -1.610253026577e+01 -1.612268348072e+01 -1.617042873913e+01 -1.629296615708e+01 -1.652542948225e+01 -1.678471375608e+01 -1.699892197771e+01 -1.716904563045e+01 -1.731395843142e+01 -1.744719044022e+01 -1.757571817375e+01 -1.770259549024e+01 -1.782896594203e+01 -1.795519310217e+01 -1.808139056562e+01 -1.820762013288e+01 -1.833394199043e+01 -1.846041423254e+01 -1.858708212394e+01
