-2.010163752540e+01 -2.010163778113e+01 -2.010163810383e+01 -2.010163851103e+01 -2.010163902486e+01 -2.010163967322e+01 -2.010164049137e+01 -2.010164152374e+01 -2.010164282642e+01 -2.010164447020e+01 -2.010164654437e+01 -2.010164916161e+01 -2.010165246409e+01 -2.010165663118e+01 -2.010166188919e+01 -2.010166852364e+01 -2.010167689470e+01 -2.010168745673e+01 -2.010170078282e+01 -2.010171759578e+01 -2.010173880707e+01 -2.010176556593e+01 -2.010179932101e+01 -2.010184189798e+01 -2.010189559677e+01 -2.010196331361e+01 -2.010204869363e+01 -2.010215632138e+01 -2.010229195795e+01 -2.010246283507e+01 -2.010267801798e+01 -2.010294885061e+01 -2.010328949707e+01 -2.010371759365e+01 -2.010425502257e+01 -2.010492881299e+01 -2.010577216227e+01 -2.010682554953e+01 -2.010813787871e+01 -2.010976753574e+01 -2.011178316902e+01 -2.011426390235e+01 -2.011729856945e+01 -2.012098343870e+01 -2.012541781668e+01 -2.013069695203e+01 -2.013690190709e+01 -2.014408662574e+01 -2.015226334304e+01 -2.016138863940e+01 -2.017135348311e+01 -2.018198095734e+01 -2.019303446992e+01 -2.020423694427e+01 -2.021529837416e+01 -2.022594643389e+01 -2.023595383936e+01 -2.024515736894e+01 -2.025346629013e+01 -2.026086111268e+01 -2.026738590962e+01 -2.027313841037e+01 -2.027826188912e+01 -2.028294212844e+01 -2.028741194107e+01 -2.029196503059e+01 -2.029697997504e+01 -2.030295280533e+01 -2.031053153760e+01 -2.032053735184e+01 -2.033394793913e+01 -2.035181890394e+01 -2.037514144174e+01 -2.040467534621e+01 -2.044082434347e+01 -2.048360428424e+01 -2.053270453095e+01 -2.058760156813e+01 -2.064767156897e+01 -2.071228660126e+01 -2.078086002212e+01 -2.085287509117e+01 -2.092788961558e+01 -2.100553090956e+01 -2.108548598085e+01 -2.116749052518e+01 -2.125131879924e+01 -2.133677533679e+01 -2.142368870527e+01 -2.151190708011e+01 -2.160129524676e+01 -2.169173259275e+01 -2.178311167183e+01 -2.187533701200e+01 -2.196832397704e+01 -2.206199762170e+01 -2.215629155991e+01 -2.225114689139e+01 -2.234651122517e+01 -2.244233782079e+01
-1.999888769358e+01 -1.999888792019e+01 -1.999888820615e+01 -1.999888856698e+01 -1.999888902230e+01 -1.999888959684e+01 -1.999889032182e+01 -1.999889123664e+01 -1.999889239100e+01 -1.999889384761e+01 -1.999889568562e+01 -1.999889800487e+01 -1.999890093135e+01 -1.999890462403e+01 -1.999890928346e+01 -1.999891516266e+01 -1.999892258086e+01 -1.999893194074e+01 -1.999894375027e+01 -1.999895865013e+01 -1.999897744832e+01 -1.999900116367e+01 -1.999903108066e+01 -1.999906881829e+01 -1.999911641655e+01 -1.999917644496e+01 -1.999925213851e+01 -1.999934756749e+01 -1.999946784937e+01 -1.999961941203e+01 -1.999981031955e+01 -2.000005067328e+01 -2.000035310208e+01 -2.000073335625e+01 -2.000121101833e+01 -2.000181034025e+01 -2.000256120760e+01 -2.000350021604e+01 -2.000467181781e+01 -2.000612945417e+01 -2.000793652669e+01 -2.001016697313e+01 -2.001290510267e+01 -2.001624422078e+01 -2.002028346355e+01 -2.002512222063e+01 -2.003085164106e+01 -2.003754309454e+01 -2.004523418746e+01 -2.005391399246e+01 -2.006351032412e+01 -2.007388271270e+01 -2.008482457919e+01 -2.009607656342e+01 -2.010735015662e+01 -2.011835766883e+01 -2.012884248374e+01 -2.013860354620e+01 -2.014751011654e+01 -2.015550602392e+01 -2.016260560806e+01 -2.016888532015e+01 -2.017447539952e+01 -2.017955557461e+01 -2.018435792015e+01 -2.018917912079e+01 -2.019440318007e+01 -2.020053311433e+01 -2.020822491577e+01 -2.021830830651e+01 -2.023176960647e+01 -2.024967248557e+01 -2.027301490882e+01 -2.030256162398e+01 -2.033871946559e+01 -2.038150597783e+01 -2.043061137545e+01 -2.048551258399e+01 -2.054558603388e+01 -2.061020395753e+01 -2.067877982855e+01 -2.075079699130e+01 -2.082581331691e+01 -2.090345616916e+01 -2.098341259503e+01 -2.106541832200e+01 -2.114924763275e+01 -2.123470508262e+01 -2.132161925704e+01 -2.140983834652e+01 -2.149922714916e+01 -2.158966506310e+01 -2.168104465102e+01 -2.177327044839e+01 -2.186625782532e+01 -2.195993184196e+01 -2.205422611681e+01 -2.214908175356e+01 -2.224444636466e+01 -2.234027321263e+01
-1.989605959459e+01 -1.989605979527e+01 -1.989606004851e+01 -1.989606036806e+01 -1.989606077128e+01 -1.989606128008e+01 -1.989606192212e+01 -1.989606273227e+01 -1.989606375456e+01 -1.989606504452e+01 -1.989606667224e+01 -1.989606872616e+01 -1.989607131784e+01 -1.989607458808e+01 -1.989607871449e+01 -1.989608392118e+01 -1.989609049088e+01 -1.989609878026e+01 -1.989610923926e+01 -1.989612243540e+01 -1.989613908447e+01 -1.989616008912e+01 -1.989618658747e+01 -1.989622001423e+01 -1.989626217751e+01 -1.989631535528e+01 -1.989638241623e+01 -1.989646697112e+01 -1.989657356163e+01 -1.989670789566e+01 -1.989687713913e+01 -1.989709027646e+01 -1.989735855290e+01 -1.989769601342e+01 -1.989812015223e+01 -1.989865268526e+01 -1.989932045183e+01 -1.990015644059e+01 -1.990120091411e+01 -1.990250257351e+01 -1.990411965300e+01 -1.990612076063e+01 -1.990858518256e+01 -1.991160224801e+01 -1.991526922790e+01 -1.991968715100e+01 -1.992495393676e+01 -1.993115446334e+01 -1.993834771774e+01 -1.994655206749e+01 -1.995573085397e+01 -1.996578160704e+01 -1.997653265480e+01 -1.998775016253e+01 -1.999915645558e+01 -2.001045736429e+01 -2.002137347772e+01 -2.003166893925e+01 -2.004117240887e+01 -2.004978759137e+01 -2.005749403043e+01 -2.006434144096e+01 -2.007044208265e+01 -2.007596569706e+01 -2.008114084644e+01 -2.008626549837e+01 -2.009172827158e+01 -2.009803903603e+01 -2.010586212050e+01 -2.011603648681e+01 -2.012955798116e+01 -2.014749930024e+01 -2.017086606975e+01 -2.020042870739e+01 -2.023659765525e+01 -2.027939245986e+01 -2.032850436770e+01 -2.038341085049e+01 -2.044348866173e+01 -2.050811024163e+01 -2.057668921103e+01 -2.064870902145e+01 -2.072372762488e+01 -2.080137244774e+01 -2.088133058666e+01 -2.096333780922e+01 -2.104716843102e+01 -2.113262703465e+01 -2.121954222830e+01 -2.130776222156e+01 -2.139715182853e+01 -2.148759046075e+01 -2.157897069218e+01 -2.167119706776e+01 -2.176418496561e+01 -2.185785945267e+01 -2.195215415327e+01 -2.204701017609e+01 -2.214237513791e+01 -2.223820230504e+01
-1.979314588430e+01 -1.979314606189e+01 -1.979314628598e+01 -1.979314656876e+01 -1.979314692558e+01 -1.979314737584e+01 -1.979314794399e+01 -1.979314866092e+01 -1.979314956557e+01 -1.979315070710e+01 -1.979315214753e+01 -1.979315396511e+01 -1.979315625859e+01 -1.979315915256e+01 -1.979316280421e+01 -1.979316741187e+01 -1.979317322577e+01 -1.979318056159e+01 -1.979318981756e+01 -1.979320149601e+01 -1.979321623055e+01 -1.979323482027e+01 -1.979325827277e+01 -1.979328785843e+01 -1.979332517851e+01 -1.979337225073e+01 -1.979343161675e+01 -1.979350647662e+01 -1.979360085709e+01 -1.979371982140e+01 -1.979386973021e+01 -1.979405856466e+01 -1.979429632441e+01 -1.979459551467e+01 -1.979497173706e+01 -1.979544439793e+01 -1.979603754468e+01 -1.979678083227e+01 -1.979771060728e+01 -1.979887107128e+01 -1.980031544420e+01 -1.980210698777e+01 -1.980431966325e+01 -1.980703808793e+01 -1.981035632840e+01 -1.981437495187e+01 -1.981919570224e+01 -1.982491325782e+01 -1.983160387233e+01 -1.983931139196e+01 -1.984803218344e+01 -1.985770170956e+01 -1.986818640615e+01 -1.987928452831e+01 -1.989073825516e+01 -1.990225662955e+01 -1.991354570933e+01 -1.992433998737e+01 -1.993442883948e+01 -1.994367366751e+01 -1.995201463243e+01 -1.995946905147e+01 -1.996612562324e+01 -1.997213935802e+01 -1.997773174138e+01 -1.998319967081e+01 -1.998893509179e+01 -1.999545429150e+01 -2.000343013878e+01 -2.001371149119e+01 -2.002730466016e+01 -2.004529242429e+01 -2.006868907756e+01 -2.009827153598e+01 -2.013445443910e+01 -2.017725970892e+01 -2.022637984471e+01 -2.028129299576e+01 -2.034137632155e+01 -2.040600252463e+01 -2.047458541193e+01 -2.054660857036e+01 -2.062163005417e+01 -2.069927736897e+01 -2.077923767416e+01 -2.086124678803e+01 -2.094507906777e+01 -2.103053913044e+01 -2.111745561303e+01 -2.120567674922e+01 -2.129506737334e+01 -2.138550691392e+01 -2.147688795915e+01 -2.156911506595e+01 -2.166210362258e+01 -2.175577870455e+01 -2.185007394357e+01 -2.194493045463e+01 -2.204029585999e+01 -2.213612343074e+01
-1.969013884484e+01 -1.969013900185e+01 -1.969013919999e+01 -1.969013945000e+01 -1.969013976548e+01 -1.969014016357e+01 -1.969014066590e+01 -1.969014129976e+01 -1.969014209960e+01 -1.969014310887e+01 -1.969014438242e+01 -1.969014598942e+01 -1.969014801720e+01 -1.969015057590e+01 -1.969015380453e+01 -1.969015787844e+01 -1.969016301889e+01 -1.969016950502e+01 -1.969017768898e+01 -1.969018801499e+01 -1.969020104341e+01 -1.969021748095e+01 -1.969023821887e+01 -1.969026438094e+01 -1.969029738384e+01 -1.969033901302e+01 -1.969039151803e+01 -1.969045773196e+01 -1.969054122106e+01 -1.969064647150e+01 -1.969077912220e+01 -1.969094625368e+01 -1.969115674517e+01 -1.969142171337e+01 -1.969175504741e+01 -1.969217405505e+01 -1.969270023264e+01 -1.969336016686e+01 -1.969418656508e+01 -1.969521939222e+01 -1.969650705996e+01 -1.969810756518e+01 -1.970008940248e+01 -1.970253197864e+01 -1.970552513671e+01 -1.970916726942e+01 -1.971356140201e+01 -1.971880861895e+01 -1.972499839566e+01 -1.973219588374e+01 -1.974042705590e+01 -1.974966377555e+01 -1.975981201886e+01 -1.977070709770e+01 -1.978211919223e+01 -1.979377049276e+01 -1.980536216050e+01 -1.981660629193e+01 -1.982725650250e+01 -1.983713144418e+01 -1.984612824106e+01 -1.985422626919e+01 -1.986148459139e+01 -1.986803792189e+01 -1.987409621077e+01 -1.987995213343e+01 -1.988599905371e+01 -1.989275881764e+01 -1.990091279669e+01 -1.991132030704e+01 -1.992499908255e+01 -1.994304313120e+01 -1.996647655155e+01 -1.999608371729e+01 -2.003228416463e+01 -2.007510264283e+01 -2.012423317679e+01 -2.017915475777e+01 -2.023924505563e+01 -2.030387710407e+01 -2.037246494512e+01 -2.044449233688e+01 -2.051951746279e+01 -2.059716792858e+01 -2.067713097300e+01 -2.075914247845e+01 -2.084297685468e+01 -2.092843876236e+01 -2.101535687485e+01 -2.110357945634e+01 -2.119297136671e+01 -2.128341205597e+01 -2.137479413030e+01 -2.146702216179e+01 -2.156001155148e+01 -2.165368738578e+01 -2.174798330568e+01 -2.184284043416e+01 -2.193820640043e+01 -2.203403448158e+01
-1.958703044550e+01 -1.958703058418e+01 -1.958703075917e+01 -1.958703097998e+01 -1.958703125861e+01 -1.958703161019e+01 -1.958703205385e+01 -1.958703261367e+01 -1.958703332008e+01 -1.958703421147e+01 -1.958703533626e+01 -1.958703675556e+01 -1.958703854649e+01 -1.958704080635e+01 -1.958704365788e+01 -1.958704725600e+01 -1.958705179612e+01 -1.958705752481e+01 -1.958706475313e+01 -1.958707387349e+01 -1.958708538089e+01 -1.958709989969e+01 -1.958711821733e+01 -1.958714132677e+01 -1.958717047996e+01 -1.958720725496e+01 -1.958725364045e+01 -1.958731214155e+01 -1.958738591267e+01 -1.958747892350e+01 -1.958759616621e+01 -1.958774391321e+01 -1.958793003658e+01 -1.958816440198e+01 -1.958845935122e+01 -1.958883028863e+01 -1.958929638558e+01 -1.958988141461e+01 -1.959061471732e+01 -1.959153229624e+01 -1.959267799665e+01 -1.959410470557e+01 -1.959587543631e+01 -1.959806408415e+01 -1.960075552957e+01 -1.960404463814e+01 -1.960803358246e+01 -1.961282683993e+01 -1.961852328183e+01 -1.962520507080e+01 -1.963292372902e+01 -1.964168475285e+01 -1.965143337610e+01 -1.966204511277e+01 -1.967332492423e+01 -1.968501770585e+01 -1.969683021618e+01 -1.970846131079e+01 -1.971963474606e+01 -1.973012815114e+01 -1.973979341834e+01 -1.974856699387e+01 -1.975647198975e+01 -1.976361650169e+01 -1.977019351350e+01 -1.977648737644e+01 -1.978289017569e+01 -1.978992788605e+01 -1.979828998882e+01 -1.980884665437e+01 -1.982262797666e+01 -1.984074042435e+01 -1.986421917731e+01 -1.989385717842e+01 -1.993007969105e+01 -1.997291484018e+01 -2.002205851362e+01 -2.007699075033e+01 -2.013708986200e+01 -2.020172930029e+01 -2.027032340424e+01 -2.034235614826e+01 -2.041738587905e+01 -2.049504032888e+01 -2.057500683676e+01 -2.065702136614e+01 -2.074085839325e+01 -2.082632263384e+01 -2.091324280728e+01 -2.100146721630e+01 -2.109086075311e+01 -2.118130289485e+01 -2.127268627047e+01 -2.136491547123e+01 -2.145790591434e+01 -2.155158269996e+01 -2.164587948083e+01 -2.174073739006e+01 -2.183610406561e+01 -2.193193279219e+01
-1.948381242746e+01 -1.948381254978e+01 -1.948381270413e+01 -1.948381289890e+01 -1.948381314466e+01 -1.948381345478e+01 -1.948381384611e+01 -1.948381433990e+01 -1.948381496300e+01 -1.948381574925e+01 -1.948381674138e+01 -1.948381799329e+01 -1.948381957300e+01 -1.948382156634e+01 -1.948382408158e+01 -1.948382725537e+01 -1.948383126010e+01 -1.948383631327e+01 -1.948384268928e+01 -1.948385073432e+01 -1.948386088511e+01 -1.948387369249e+01 -1.948388985126e+01 -1.948391023764e+01 -1.948393595648e+01 -1.948396840065e+01 -1.948400932572e+01 -1.948406094369e+01 -1.948412604063e+01 -1.948420812391e+01 -1.948431160626e+01 -1.948444203515e+01 -1.948460637774e+01 -1.948481337339e+01 -1.948507396727e+01 -1.948540183997e+01 -1.948581404836e+01 -1.948633179144e+01 -1.948698131044e+01 -1.948779492274e+01 -1.948881217114e+01 -1.949008104054e+01 -1.949165914667e+01 -1.949361473319e+01 -1.949602721811e+01 -1.949898691155e+01 -1.950259339462e+01 -1.950695193833e+01 -1.951216731104e+01 -1.951833446959e+01 -1.952552606491e+01 -1.953377750119e+01 -1.954307143413e+01 -1.955332482132e+01 -1.956438243023e+01 -1.957602042437e+01 -1.958796187835e+01 -1.959990306304e+01 -1.961154614392e+01 -1.962263198761e+01 -1.963296708090e+01 -1.964244105861e+01 -1.965103491438e+01 -1.965882321296e+01 -1.966597554588e+01 -1.967276274399e+01 -1.967957193547e+01 -1.968693103407e+01 -1.969553673017e+01 -1.970627017076e+01 -1.972017466930e+01 -1.973837045136e+01 -1.976190520438e+01 -1.979158172781e+01 -1.982783200029e+01 -1.987068818970e+01 -1.991984846426e+01 -1.997479416813e+01 -2.003490442026e+01 -2.009955319975e+01 -2.016815522078e+01 -2.024019473095e+01 -2.031523028329e+01 -2.039288976990e+01 -2.047286065657e+01 -2.055487900911e+01 -2.063871938776e+01 -2.072418657794e+01 -2.081110935715e+01 -2.089933607682e+01 -2.098873167007e+01 -2.107917564830e+01 -2.117056066928e+01 -2.126279134846e+01 -2.135578312353e+01 -2.144946111202e+01 -2.154375898153e+01 -2.163861787796e+01 -2.173398545034e+01 -2.182981499302e+01
-1.938047640952e+01 -1.938047651857e+01 -1.938047665554e+01 -1.938047682790e+01 -1.938047704500e+01 -1.938047731864e+01 -1.938047766368e+01 -1.938047809889e+01 -1.938047864790e+01 -1.938047934055e+01 -1.938048021447e+01 -1.938048131715e+01 -1.938048270850e+01 -1.938048446410e+01 -1.938048667933e+01 -1.938048947455e+01 -1.938049300158e+01 -1.938049745199e+01 -1.938050306749e+01 -1.938051015299e+01 -1.938051909317e+01 -1.938053037328e+01 -1.938054460540e+01 -1.938056256148e+01 -1.938058521500e+01 -1.938061379337e+01 -1.938064984384e+01 -1.938069531633e+01 -1.938075266738e+01 -1.938082499051e+01 -1.938091617929e+01 -1.938103113092e+01 -1.938117599978e+01 -1.938135851174e+01 -1.938158835239e+01 -1.938187764322e+01 -1.938224152136e+01 -1.938269883803e+01 -1.938327298814e+01 -1.938399287769e+01 -1.938489402227e+01 -1.938601974817e+01 -1.938742243087e+01 -1.938916465015e+01 -1.939132006120e+01 -1.939397367433e+01 -1.939722110777e+01 -1.940116624701e+01 -1.940591665405e+01 -1.941157609642e+01 -1.941823381550e+01 -1.942595073702e+01 -1.943474379544e+01 -1.944457078510e+01 -1.945531930105e+01 -1.946680378931e+01 -1.947877387982e+01 -1.949093482679e+01 -1.950297760688e+01 -1.951461332582e+01 -1.952560545302e+01 -1.953579468701e+01 -1.954511442425e+01 -1.955359850718e+01 -1.956138578193e+01 -1.956872715542e+01 -1.957599993064e+01 -1.958373078129e+01 -1.959262199718e+01 -1.960356540342e+01 -1.961761822548e+01 -1.963591577156e+01 -1.965951981636e+01 -1.968924450486e+01 -1.972552970796e+01 -1.976841244921e+01 -1.981759369440e+01 -1.987255641528e+01 -1.993268074617e+01 -1.999734133153e+01 -2.006595335915e+01 -2.013800142167e+01 -2.021304433267e+01 -2.029071018623e+01 -2.037068660819e+01 -2.045270979378e+01 -2.053655440939e+01 -2.062202532843e+01 -2.070895140190e+01 -2.079718104279e+01 -2.088657923588e+01 -2.097702553594e+01 -2.106841263709e+01 -2.116064518543e+01 -2.125363864449e+01 -2.134731815376e+01 -2.144161739965e+01 -2.153647754422e+01 -2.163184625049e+01 -2.172767682500e+01
-1.927700859417e+01 -1.927700982365e+01 -1.927701084244e+01 -1.927701170591e+01 -1.927701246096e+01 -1.927701314863e+01 -1.927701380629e+01 -1.927701446967e+01 -1.927701517482e+01 -1.927701596005e+01 -1.927701686803e+01 -1.927701794810e+01 -1.927701925894e+01 -1.927702087177e+01 -1.927702287422e+01 -1.927702537507e+01 -1.927702851017e+01 -1.927703244983e+01 -1.927703740801e+01 -1.927704365398e+01 -1.927705152687e+01 -1.927706145408e+01 -1.927707397436e+01 -1.927708976700e+01 -1.927710968845e+01 -1.927713481852e+01 -1.927716651845e+01 -1.927720650390e+01 -1.927725693671e+01 -1.927732053994e+01 -1.927740074203e+01 -1.927750185703e+01 -1.927762930939e+01 -1.927778991344e+01 -1.927799221951e+01 -1.927824694029e+01 -1.927856747255e+01 -1.927897052991e+01 -1.927947690159e+01 -1.928011234801e+01 -1.928090863571e+01 -1.928190469814e+01 -1.928314788086e+01 -1.928469518665e+01 -1.928661437007e+01 -1.928898464014e+01 -1.929189661181e+01 -1.929545101216e+01 -1.929975552315e+01 -1.930491908493e+01 -1.931104308183e+01 -1.931820920291e+01 -1.932646450888e+01 -1.933580535184e+01 -1.934616308071e+01 -1.935739545236e+01 -1.936928770452e+01 -1.938156581386e+01 -1.939392162810e+01 -1.940604622208e+01 -1.941766544079e+01 -1.942857138131e+01 -1.943864575257e+01 -1.944787469760e+01 -1.945635824530e+01 -1.946431972360e+01 -1.947212034622e+01 -1.948028110900e+01 -1.948950732376e+01 -1.950070057061e+01 -1.951493238164e+01 -1.953335444263e+01 -1.955704434309e+01 -1.958682929025e+01 -1.962315844966e+01 -1.966607469153e+01 -1.971528242013e+01 -1.977026663821e+01 -1.983040875702e+01 -1.989508426009e+01 -1.996370893284e+01 -2.003576780350e+01 -2.011082001457e+01 -2.018849391517e+01 -2.026847733335e+01 -2.035050662775e+01 -2.043435659886e+01 -2.051983223129e+01 -2.060676246886e+01 -2.069499580238e+01 -2.078439728191e+01 -2.087484651699e+01 -2.096623624775e+01 -2.105847115895e+01 -2.115146674681e+01 -2.124514817861e+01 -2.133944916448e+01 -2.143431088691e+01 -2.152968102662e+01 -2.162551290555e+01
-1.917227450351e+01 -1.917251143571e+01 -1.917269934523e+01 -1.917284837602e+01 -1.917296658425e+01 -1.917306036685e+01 -1.917313480330e+01 -1.917319392800e+01 -1.917324094721e+01 -1.917327841180e+01 -1.917330835501e+01 -1.917333240230e+01 -1.917335185937e+01 -1.917336778287e+01 -1.917338103765e+01 -1.917339234371e+01 -1.917340231522e+01 -1.917341149389e+01 -1.917342037834e+01 -1.917342945118e+01 -1.917343920519e+01 -1.917345017009e+01 -1.917346294118e+01 -1.917347821161e+01 -1.917349680988e+01 -1.917351974456e+01 -1.917354825865e+01 -1.917358389637e+01 -1.917362858597e+01 -1.917368474270e+01 -1.917375539709e+01 -1.917384435513e+01 -1.917395639770e+01 -1.917409752885e+01 -1.917427528369e+01 -1.917449910878e+01 -1.917478082957e+01 -1.917513522053e+01 -1.917558069399e+01 -1.917614012170e+01 -1.917684179800e+01 -1.917772054222e+01 -1.917881891781e+01 -1.918018851281e+01 -1.918189117380e+01 -1.918400001058e+01 -1.918659988540e+01 -1.918978697270e+01 -1.919366683786e+01 -1.919835037283e+01 -1.920394691263e+01 -1.921055404223e+01 -1.921824410629e+01 -1.922704833292e+01 -1.923694071873e+01 -1.924782509407e+01 -1.925952953082e+01 -1.927181180752e+01 -1.928437764798e+01 -1.929691026173e+01 -1.930910651910e+01 -1.932071339270e+01 -1.933155903873e+01 -1.934157584530e+01 -1.935081664001e+01 -1.935946834495e+01 -1.936786825568e+01 -1.937652569295e+01 -1.938614512091e+01 -1.939763605129e+01 -1.941208422992e+01 -1.943065888634e+01 -1.945445527813e+01 -1.948431564371e+01 -1.952070011247e+01 -1.956365860983e+01 -1.961289977262e+01 -1.966791113899e+01 -1.972807572559e+01 -1.979277007340e+01 -1.986141072165e+01 -1.993348324806e+01 -2.000854721029e+01 -2.008623127933e+01 -2.016622353848e+01 -2.024826055277e+01 -2.033211729201e+01 -2.041759888124e+01 -2.050453438157e+01 -2.059277238208e+01 -2.068217801530e+01 -2.077263095999e+01 -2.086402401438e+01 -2.095626191210e+01 -2.104926019069e+01 -2.114294405251e+01 -2.123724723768e+01 -2.133211095453e+01 -2.142748290612e+01 -2.152331643386e+01
-1.899877936417e+01 -1.901239575592e+01 -1.902356421663e+01 -1.903266640351e+01 -1.904004524249e+01 -1.904600086666e+01 -1.905079059774e+01 -1.905463149360e+01 -1.905770430647e+01 -1.906015802749e+01 -1.906211447859e+01 -1.906367263153e+01 -1.906491248906e+01 -1.906589846531e+01 -1.906668226504e+01 -1.906730529625e+01 -1.906780066742e+01 -1.906819482600e+01 -1.906850889378e+01 -1.906875975030e+01 -1.906896090939e+01 -1.906912322784e+01 -1.906925547915e+01 -1.906936481999e+01 -1.906945717259e+01 -1.906953754229e+01 -1.906961028666e+01 -1.906967935013e+01 -1.906974847651e+01 -1.906982141041e+01 -1.906990209814e+01 -1.906999489849e+01 -1.907010481388e+01 -1.907023775344e+01 -1.907040084021e+01 -1.907060277626e+01 -1.907085428096e+01 -1.907116861866e+01 -1.907156223327e+01 -1.907205550614e+01 -1.907267365101e+01 -1.907344775226e+01 -1.907441593885e+01 -1.907562466144e+01 -1.907713000065e+01 -1.907899887364e+01 -1.908130991999e+01 -1.908415373325e+01 -1.908763196810e+01 -1.909185471662e+01 -1.909693545819e+01 -1.910298292973e+01 -1.911008954906e+01 -1.911831667071e+01 -1.912767800505e+01 -1.913812385593e+01 -1.914953002791e+01 -1.916169568264e+01 -1.917435346477e+01 -1.918719271350e+01 -1.919989319496e+01 -1.921216393120e+01 -1.922378080125e+01 -1.923461823728e+01 -1.924467383671e+01 -1.925408839610e+01 -1.926316582367e+01 -1.927239590370e+01 -1.928247669867e+01 -1.929432256348e+01 -1.930903260695e+01 -1.932779448702e+01 -1.935172305842e+01 -1.938167782944e+01 -1.941813187523e+01 -1.946114364877e+01 -1.951042700253e+01 -1.956547263999e+01 -1.962566559506e+01 -1.969038374045e+01 -1.975904456542e+01 -1.983113434050e+01 -1.990621314692e+01 -1.998391006172e+01 -2.006391349031e+01 -2.014596025816e+01 -2.022982554882e+01 -2.031531466467e+01 -2.040225681485e+01 -2.049050071259e+01 -2.057991159455e+01 -2.067036922692e+01 -2.076176648131e+01 -2.085400815313e+01 -2.094700983206e+01 -2.104069676478e+01 -2.113500272934e+01 -2.122986896667e+01 -2.132524320809e+01 -2.142107881960e+01
-1.831421503699e+01 -1.837023538367e+01 -1.842653940937e+01 -1.848236551311e+01 -1.853688333795e+01 -1.858926168754e+01 -1.863873493869e+01 -1.868466071395e+01 -1.872656250836e+01 -1.876415280245e+01 -1.879733507619e+01 -1.882618659565e+01 -1.885092690623e+01 -1.887187868889e+01 -1.888942762243e+01 -1.890398645266e+01 -1.891596633760e+01 -1.892575646992e+01 -1.893371144832e+01 -1.894014501425e+01 -1.894532848975e+01 -1.894949234824e+01 -1.895282963369e+01 -1.895550027711e+01 -1.895763566543e+01 -1.895934306278e+01 -1.896070966434e+01 -1.896180618455e+01 -1.896268995913e+01 -1.896340758582e+01 -1.896399715263e+01 -1.896449011274e+01 -1.896491286771e+01 -1.896528811849e+01 -1.896563603995e+01 -1.896597533003e+01 -1.896632418052e+01 -1.896670121239e+01 -1.896712641535e+01 -1.896762212734e+01 -1.896821408532e+01 -1.896893257140e+01 -1.896981366678e+01 -1.897090060669e+01 -1.897224519828e+01 -1.897390921579e+01 -1.897596561587e+01 -1.897849931838e+01 -1.898160717144e+01 -1.898539657650e+01 -1.898998211768e+01 -1.899547948057e+01 -1.900199605411e+01 -1.900961800789e+01 -1.901839443147e+01 -1.902832031439e+01 -1.903932152132e+01 -1.905124597941e+01 -1.906386536079e+01 -1.907689007905e+01 -1.908999750445e+01 -1.910286989566e+01 -1.911523617655e+01 -1.912691162305e+01 -1.913783192213e+01 -1.914808171414e+01 -1.915792052378e+01 -1.916780862135e+01 -1.917842998657e+01 -1.919069899673e+01 -1.920572613934e+01 -1.922471787139e+01 -1.924881055597e+01 -1.927888348256e+01 -1.931542501402e+01 -1.935850392099e+01 -1.940784048644e+01 -1.946292936451e+01 -1.952315812180e+01 -1.958790630659e+01 -1.965659260436e+01 -1.972870415838e+01 -1.980380170970e+01 -1.988151484725e+01 -1.996153238262e+01 -2.004359146977e+01 -2.012746756195e+01 -2.021296618525e+01 -2.029991673574e+01 -2.038816808327e+01 -2.047758559603e+01 -2.056804915055e+01 -2.065945171113e+01 -2.075169815113e+01 -2.084470412613e+01 -2.093839493878e+01 -2.103270441500e+01 -2.112757383692e+01 -2.122295097155e+01 -2.131878921592e+01
-1.757497192886e+01 -1.763022692581e+01 -1.768532963033e+01 -1.774028917845e+01 -1.779513740204e+01 -1.784994861947e+01 -1.790484873335e+01 -1.796000593590e+01 -1.801560047031e+01 -1.807177767863e+01 -1.812859434502e+01 -1.818597099351e+01 -1.824366159393e+01 -1.830124787075e+01 -1.835815984925e+01 -1.841371918263e+01 -1.846719824052e+01 -1.851788609084e+01 -1.856515207993e+01 -1.860849846062e+01 -1.864759542289e+01 -1.868229493073e+01 -1.871262355416e+01 -1.873875811766e+01 -1.876099044986e+01 -1.877968821437e+01 -1.879525782407e+01 -1.880811345210e+01 -1.881865396094e+01 -1.882724778425e+01 -1.883422467263e+01 -1.883987272611e+01 -1.884443910618e+01 -1.884813304644e+01 -1.885113010389e+01 -1.885357691260e+01 -1.885559597055e+01 -1.885729019387e+01 -1.885874711544e+01 -1.886004269747e+01 -1.886124478308e+01 -1.886241624007e+01 -1.886361785838e+01 -1.886491105472e+01 -1.886636041531e+01 -1.886803606787e+01 -1.887001581380e+01 -1.887238686586e+01 -1.887524692247e+01 -1.887870416906e+01 -1.888287564531e+01 -1.888788329317e+01 -1.889384697543e+01 -1.890087393767e+01 -1.890904470327e+01 -1.891839633231e+01 -1.892890529008e+01 -1.894047356240e+01 -1.895292254040e+01 -1.896599888214e+01 -1.897939463071e+01 -1.899278066277e+01 -1.900584925643e+01 -1.901835977386e+01 -1.903018214159e+01 -1.904133560425e+01 -1.905202329626e+01 -1.906266384272e+01 -1.907391692838e+01 -1.908668985913e+01 -1.910210089404e+01 -1.912137481325e+01 -1.914567122545e+01 -1.917589196250e+01 -1.921254342227e+01 -1.925570686121e+01 -1.930511049024e+01 -1.936025389078e+01 -1.942052780554e+01 -1.948531388840e+01 -1.955403232926e+01 -1.962617136967e+01 -1.970129258136e+01 -1.977902619801e+01 -1.985906154297e+01 -1.994113618428e+01 -2.002502591518e+01 -2.011053654394e+01 -2.019749770233e+01 -2.028575845788e+01 -2.037518434468e+01 -2.046565537856e+01 -2.055706464076e+01 -2.064931710306e+01 -2.074232850420e+01 -2.083602421750e+01 -2.093033812929e+01 -2.102521157375e+01 -2.112059236290e+01 -2.121643393300e+01
-1.672515985069e+01 -1.680069955494e+01 -1.687467855002e+01 -1.694721180599e+01 -1.701842403173e+01 -1.708844633465e+01 -1.715741309106e+01 -1.722545851061e+01 -1.729271245954e+01 -1.735929530897e+01 -1.742531215294e+01 -1.749084768116e+01 -1.755596382578e+01 -1.762070218591e+01 -1.768509152344e+01 -1.774915761382e+01 -1.781292988352e+01 -1.787643847680e+01 -1.793969778594e+01 -1.800267748503e+01 -1.806526763068e+01 -1.812724792994e+01 -1.818827129116e+01 -1.824786841944e+01 -1.830547499920e+01 -1.836047777931e+01 -1.841227197454e+01 -1.846032038403e+01 -1.850420457974e+01 -1.854366031599e+01 -1.857859264056e+01 -1.860907034922e+01 -1.863530335219e+01 -1.865760914419e+01 -1.867637531654e+01 -1.869202407754e+01 -1.870498275665e+01 -1.871566208929e+01 -1.872444231435e+01 -1.873166601684e+01 -1.873763617617e+01 -1.874261785728e+01 -1.874684220512e+01 -1.875051171380e+01 -1.875380604016e+01 -1.875688786825e+01 -1.875990848715e+01 -1.876301281948e+01 -1.876634363712e+01 -1.877004463446e+01 -1.877426191364e+01 -1.877914330032e+01 -1.878483480617e+01 -1.879147357377e+01 -1.879917690347e+01 -1.880802759968e+01 -1.881805695476e+01 -1.882922810790e+01 -1.884142389374e+01 -1.885444398203e+01 -1.886801542470e+01 -1.888181840740e+01 -1.889552562041e+01 -1.890885059713e+01 -1.892159911309e+01 -1.893371887194e+01 -1.894534516673e+01 -1.895684140706e+01 -1.896883025718e+01 -1.898220220123e+01 -1.899807755057e+01 -1.901769769585e+01 -1.904224684484e+01 -1.907265233323e+01 -1.910944178727e+01 -1.915271156261e+01 -1.920219963694e+01 -1.925741172928e+01 -1.931774255922e+01 -1.938257642242e+01 -1.945133539805e+01 -1.952350910782e+01 -1.959866016800e+01 -1.967641962342e+01 -1.975647744163e+01 -1.983857171205e+01 -1.992247865626e+01 -2.000800443808e+01 -2.009497898642e+01 -2.018325161798e+01 -2.027268807609e+01 -2.036316855222e+01 -2.045458627514e+01 -2.054684634080e+01 -2.063986459283e+01 -2.073356649370e+01 -2.082788600602e+01 -2.092276452959e+01 -2.101814993327e+01 -2.111399570282e+01
-1.566636296522e+01 -1.571804291943e+01 -1.579579009238e+01 -1.589251995317e+01 -1.599515092237e+01 -1.609716960811e+01 -1.619728827275e+01 -1.629542245884e+01 -1.639160385201e+01 -1.648583503957e+01 -1.657809685757e+01 -1.666838368821e+01 -1.675672569932e+01 -1.684318982113e+01 -1.692787602506e+01 -1.701090956026e+01 -1.709243364091e+01 -1.717260103633e+01 -1.725156419144e+01 -1.732946406188e+01 -1.740641877448e+01 -1.748251397530e+01 -1.755779657813e+01 -1.763227221412e+01 -1.770590455127e+01 -1.777861313251e+01 -1.785026676646e+01 -1.792067207830e+01 -1.798956049283e+01 -1.805657978334e+01 -1.812129680931e+01 -1.818321582025e+01 -1.824181261180e+01 -1.829658038924e+01 -1.834707981438e+01 -1.839298427831e+01 -1.843411229143e+01 -1.847044176891e+01 -1.850210508543e+01 -1.852936783350e+01 -1.855259703915e+01 -1.857222551744e+01 -1.858871821074e+01 -1.860254444224e+01 -1.861415787309e+01 -1.862398418766e+01 -1.863241540598e+01 -1.863980920194e+01 -1.864649150996e+01 -1.865276082654e+01 -1.865889279904e+01 -1.866514385224e+01 -1.867175271476e+01 -1.867893881549e+01 -1.868689672554e+01 -1.869578626495e+01 -1.870571871564e+01 -1.871674083644e+01 -1.872881991090e+01 -1.874183442422e+01 -1.875557546792e+01 -1.876976296521e+01 -1.878407818646e+01 -1.879821055179e+01 -1.881191385477e+01 -1.882506605813e+01 -1.883772768139e+01 -1.885019460565e+01 -1.886303867187e+01 -1.887712161825e+01 -1.889355792857e+01 -1.891360244256e+01 -1.893846478018e+01 -1.896910090529e+01 -1.900606336006e+01 -1.904946673374e+01 -1.909906101882e+01 -1.915435956556e+01 -1.921476206290e+01 -1.927965611428e+01 -1.934846616695e+01 -1.942068357407e+01 -1.949587226329e+01 -1.957366429854e+01 -1.965375045720e+01 -1.973586948449e+01 -1.981979814097e+01 -1.990534303806e+01 -1.999233447885e+01 -2.008062209395e+01 -2.017007189029e+01 -2.026056428072e+01 -2.035199267996e+01 -2.044426234045e+01 -2.053728923809e+01 -2.063099894778e+01 -2.072532552827e+01 -2.082021046212e+01 -2.091560168991e+01 -2.101145275980e+01
-1.558403087425e+01 -1.558483856481e+01 -1.558590379196e+01 -1.558732603831e+01 -1.558925538185e+01 -1.559192715831e+01 -1.559572746707e+01 -1.560132312899e+01 -1.560993038274e+01 -1.562387700015e+01 -1.564768284020e+01 -1.568935963171e+01 -1.575851177393e+01 -1.585565841104e+01 -1.596701762232e+01 -1.608044447167e+01 -1.619228083751e+01 -1.630199895143e+01 -1.640959660535e+01 -1.651512871097e+01 -1.661860706906e+01 -1.672001237044e+01 -1.681933763832e+01 -1.691661669158e+01 -1.701192703136e+01 -1.710538079149e+01 -1.719710662014e+01 -1.728722628016e+01 -1.737582890936e+01 -1.746294682871e+01 -1.754853655427e+01 -1.763246713847e+01 -1.771451611709e+01 -1.779437232034e+01 -1.787164502681e+01 -1.794587985732e+01 -1.801658240490e+01 -1.808325008467e+01 -1.814541093245e+01 -1.820266565401e+01 -1.825472712557e+01 -1.830145077641e+01 -1.834285042586e+01 -1.837909702770e+01 -1.841050146219e+01 -1.843748571775e+01 -1.846054849704e+01 -1.848023116105e+01 -1.849708841321e+01 -1.851166601031e+01 -1.852448578849e+01 -1.853603682351e+01 -1.854677069896e+01 -1.855709854176e+01 -1.856738757207e+01 -1.857795533486e+01 -1.858906055205e+01 -1.860089071644e+01 -1.861354813640e+01 -1.862703791937e+01 -1.864126284304e+01 -1.865603048343e+01 -1.867107675578e+01 -1.868610719745e+01 -1.870085377398e+01 -1.871514210441e+01 -1.872896260619e+01 -1.874253830759e+01 -1.875637932834e+01 -1.877130688710e+01 -1.878842069717e+01 -1.880898483226e+01 -1.883423471105e+01 -1.886515827700e+01 -1.890233725342e+01 -1.894590821003e+01 -1.899563588869e+01 -1.905104310440e+01 -1.911153573902e+01 -1.917650552710e+01 -1.924537987707e+01 -1.931765230946e+01 -1.939288839514e+01 -1.947072147611e+01 -1.955084334611e+01 -1.963299357400e+01 -1.971694959769e+01 -1.980251859136e+01 -1.988953132877e+01 -1.997783783550e+01 -2.006730445032e+01 -2.015781186476e+01 -2.024925372771e+01 -2.034153548873e+01 -2.043457329033e+01 -2.052829284902e+01 -2.062262834470e+01 -2.071752136425e+01 -2.081291993859e+01 -2.090877769453e+01
-1.558031391491e+01 -1.558040945847e+01 -1.558053072428e+01 -1.558068487428e+01 -1.558088120838e+01 -1.558113189023e+01 -1.558145297250e+01 -1.558186587672e+01 -1.558239958280e+01 -1.558309395970e+01 -1.558400499330e+01 -1.558521328436e+01 -1.558683841447e+01 -1.558906431601e+01 -1.559218628893e+01 -1.559670276877e+01 -1.560350393096e+01 -1.561427513782e+01 -1.563235566397e+01 -1.566429641986e+01 -1.572084696942e+01 -1.581066502078e+01 -1.592605295315e+01 -1.604967727993e+01 -1.617299958878e+01 -1.629429015633e+01 -1.641341630742e+01 -1.653050236411e+01 -1.664559071661e+01 -1.675860496525e+01 -1.686943560519e+01 -1.697801237356e+01 -1.708431479084e+01 -1.718835037701e+01 -1.729011047316e+01 -1.738952078055e+01 -1.748640029214e+01 -1.758043966743e+01 -1.767120433859e+01 -1.775816134378e+01 -1.784072424471e+01 -1.791830825216e+01 -1.799038746567e+01 -1.805654705676e+01 -1.811652455124e+01 -1.817023585848e+01 -1.821778356048e+01 -1.825944740146e+01 -1.829565963601e+01 -1.832697015533e+01 -1.835400734691e+01 -1.837744015293e+01 -1.839794509697e+01 -1.841617984750e+01 -1.843276288077e+01 -1.844825746394e+01 -1.846315769796e+01 -1.847787476364e+01 -1.849272272808e+01 -1.850790510889e+01 -1.852350547985e+01 -1.853948709256e+01 -1.855570699267e+01 -1.857194884613e+01 -1.858797573548e+01 -1.860360040175e+01 -1.861876686495e+01 -1.863363417932e+01 -1.864864869434e+01 -1.866458364105e+01 -1.868251640351e+01 -1.870371622573e+01 -1.872944479380e+01 -1.876072582825e+01 -1.879817520992e+01 -1.884195595565e+01 -1.889185086312e+01 -1.894739444718e+01 -1.900800028124e+01 -1.907306524238e+01 -1.914202043054e+01 -1.921436207200e+01 -1.928965779148e+01 -1.936754253020e+01 -1.944770935492e+01 -1.952989886703e+01 -1.961388935413e+01 -1.969948869690e+01 -1.978652826025e+01 -1.987485856612e+01 -1.996434637038e+01 -2.005487271505e+01 -2.014633154354e+01 -2.023862855339e+01 -2.033168009677e+01 -2.042541206841e+01 -2.051975880070e+01 -2.061466201184e+01 -2.071006984647e+01 -2.080593603049e+01
-1.557865910035e+01 -1.557867758309e+01 -1.557870093245e+01 -1.557873043872e+01 -1.557876773960e+01 -1.557881491684e+01 -1.557887462169e+01 -1.557895023886e+01 -1.557904610229e+01 -1.557916778237e+01 -1.557932247241e+01 -1.557951951623e+01 -1.557977114015e+01 -1.558009348835e+01 -1.558050811946e+01 -1.558104422477e+01 -1.558174200984e+01 -1.558265801644e+01 -1.558387380225e+01 -1.558551067578e+01 -1.558775586066e+01 -1.559091133755e+01 -1.559549012025e+01 -1.560241686952e+01 -1.561346554807e+01 -1.563221793820e+01 -1.566587869230e+01 -1.572657745596e+01 -1.582409360578e+01 -1.594924840346e+01 -1.608284817454e+01 -1.621609708223e+01 -1.634735112407e+01 -1.647663143145e+01 -1.660412188185e+01 -1.672975645015e+01 -1.685325499258e+01 -1.697431111411e+01 -1.709263682711e+01 -1.720795546234e+01 -1.731993605568e+01 -1.742813275851e+01 -1.753196024003e+01 -1.763071823398e+01 -1.772365859985e+01 -1.781007564491e+01 -1.788939711303e+01 -1.796125693946e+01 -1.802553819750e+01 -1.808238275929e+01 -1.813217110558e+01 -1.817548031897e+01 -1.821303015437e+01 -1.824562641280e+01 -1.827410839891e+01 -1.829930405872e+01 -1.832199347496e+01 -1.834287945961e+01 -1.836256336942e+01 -1.838152498819e+01 -1.840010709311e+01 -1.841850759173e+01 -1.843678405692e+01 -1.845487616869e+01 -1.847265032038e+01 -1.848996742541e+01 -1.850677032977e+01 -1.852318164162e+01 -1.853959568023e+01 -1.855673870995e+01 -1.857566244035e+01 -1.859763891360e+01 -1.862395731488e+01 -1.865568165670e+01 -1.869346780169e+01 -1.873751050327e+01 -1.878761457687e+01 -1.884332893742e+01 -1.890407666919e+01 -1.896926102427e+01 -1.903831768710e+01 -1.911074624996e+01 -1.918611689667e+01 -1.926406656389e+01 -1.934428990872e+01 -1.942652882386e+01 -1.951056266063e+01 -1.959620018479e+01 -1.968327350245e+01 -1.977163375816e+01 -1.986114823134e+01 -1.995169840403e+01 -2.004317858956e+01 -2.013549479704e+01 -2.022856364205e+01 -2.032231124335e+01 -2.041667212502e+01 -2.051158817034e+01 -2.060700766699e+01 -2.070288446545e+01
-1.557707441899e+01 -1.557707927056e+01 -1.557708539442e+01 -1.557709312481e+01 -1.557710288418e+01 -1.557711520665e+01 -1.557713076783e+01 -1.557715042294e+01 -1.557717525537e+01 -1.557720663901e+01 -1.557724631831e+01 -1.557729651193e+01 -1.557736004729e+01 -1.557744053689e+01 -1.557754261115e+01 -1.557767222908e+01 -1.557783709817e+01 -1.557804725017e+01 -1.557831584439e+01 -1.557866031095e+01 -1.557910401555e+01 -1.557967874758e+01 -1.558042854968e+01 -1.558141581083e+01 -1.558273132973e+01 -1.558451164971e+01 -1.558697036692e+01 -1.559045774741e+01 -1.559558098232e+01 -1.560346130113e+01 -1.561630919164e+01 -1.563869896662e+01 -1.567984733846e+01 -1.575403544846e+01 -1.586811476849e+01 -1.600610243737e+01 -1.614922872946e+01 -1.629130234315e+01 -1.643159899508e+01 -1.657040814932e+01 -1.670775660440e+01 -1.684316051226e+01 -1.697596333665e+01 -1.710540429554e+01 -1.723068853303e+01 -1.735093982306e+01 -1.746518818548e+01 -1.757242333163e+01 -1.767170409533e+01 -1.776228750974e+01 -1.784373758775e+01 -1.791598570184e+01 -1.797933264846e+01 -1.803439968135e+01 -1.808204675952e+01 -1.812327887134e+01 -1.815915708141e+01 -1.819072363763e+01 -1.821894372553e+01 -1.824466236851e+01 -1.826857396946e+01 -1.829120340782e+01 -1.831290027396e+01 -1.833385038929e+01 -1.835410992540e+01 -1.837366622879e+01 -1.839252544574e+01 -1.841082014259e+01 -1.842892011975e+01 -1.844751667023e+01 -1.846763867679e+01 -1.849056140945e+01 -1.851760397200e+01 -1.854987600535e+01 -1.858808006461e+01 -1.863244880697e+01 -1.868281374748e+01 -1.873874142226e+01 -1.879966661004e+01 -1.886500042412e+01 -1.893418421479e+01 -1.900672174342e+01 -1.908218636980e+01 -1.916021751147e+01 -1.924051180589e+01 -1.932281275594e+01 -1.940690104093e+01 -1.949258653280e+01 -1.957970226470e+01 -1.966810016061e+01 -1.975764815566e+01 -1.984822828335e+01 -1.993973532075e+01 -2.003207566769e+01 -2.012516627023e+01 -2.021893352820e+01 -2.031331220626e+01 -2.040824439494e+01 -2.050367856151e+01 -2.059956871289e+01
-1.557528459083e+01 -1.557528619715e+01 -1.557528822431e+01 -1.557529078261e+01 -1.557529401135e+01 -1.557529808639e+01 -1.557530322982e+01 -1.557530972220e+01 -1.557531791800e+01 -1.557532826528e+01 -1.557534133058e+01 -1.557535783068e+01 -1.557537867307e+01 -1.557540500769e+01 -1.557543829324e+01 -1.557548038270e+01 -1.557553363390e+01 -1.557560105365e+01 -1.557568648676e+01 -1.557579486647e+01 -1.557593254970e+01 -1.557610777186e+01 -1.557633127339e+01 -1.557661717859e+01 -1.557698425416e+01 -1.557745775494e+01 -1.557807220514e+01 -1.557887571914e+01 -1.557993695019e+01 -1.558135670897e+01 -1.558328826464e+01 -1.558597462484e+01 -1.558982091480e+01 -1.559554367394e+01 -1.560449795013e+01 -1.561942533456e+01 -1.564611464370e+01 -1.569608650529e+01 -1.578506192682e+01 -1.591466467880e+01 -1.606339039700e+01 -1.621482826749e+01 -1.636505639889e+01 -1.651408713211e+01 -1.666218402868e+01 -1.680884907850e+01 -1.695293614132e+01 -1.709301934029e+01 -1.722754793594e+01 -1.735494730428e+01 -1.747372317954e+01 -1.758261205289e+01 -1.768074092867e+01 -1.776774440362e+01 -1.784380155281e+01 -1.790958457699e+01 -1.796613993595e+01 -1.801473827615e+01 -1.805672797502e+01 -1.809341437638e+01 -1.812597238383e+01 -1.815539072232e+01 -1.818244346286e+01 -1.820768640100e+01 -1.823147948385e+01 -1.825403884588e+01 -1.827552101249e+01 -1.829613601793e+01 -1.831627466859e+01 -1.833661844991e+01 -1.835818407242e+01 -1.838225402112e+01 -1.841018101768e+01 -1.844312632286e+01 -1.848184664152e+01 -1.852661953861e+01 -1.857730864970e+01 -1.863350190950e+01 -1.869464837232e+01 -1.876016878040e+01 -1.882951144328e+01 -1.890218525738e+01 -1.897776750438e+01 -1.905590067230e+01 -1.913628385456e+01 -1.921866255438e+01 -1.930281910335e+01 -1.938856475150e+01 -1.947573368826e+01 -1.956417881062e+01 -1.965376887291e+01 -1.974438659803e+01 -1.983592734313e+01 -1.992829799692e+01 -2.002141591915e+01 -2.011520786160e+01 -2.020960889025e+01 -2.030456135529e+01 -2.040001394906e+01 -2.049592087457e+01
-1.557316772895e+01 -1.557316836700e+01 -1.557316917215e+01 -1.557317018819e+01 -1.557317147037e+01 -1.557317308842e+01 -1.557317513039e+01 -1.557317770739e+01 -1.557318095973e+01 -1.557318506456e+01 -1.557319024562e+01 -1.557319678552e+01 -1.557320504136e+01 -1.557321546449e+01 -1.557322862569e+01 -1.557324524707e+01 -1.557326624294e+01 -1.557329277192e+01 -1.557332630384e+01 -1.557336870598e+01 -1.557342235459e+01 -1.557349028040e+01 -1.557357635946e+01 -1.557368556614e+01 -1.557382431208e+01 -1.557400090638e+01 -1.557422619016e+01 -1.557451442766e+01 -1.557488458414e+01 -1.557536220299e+01 -1.557598223947e+01 -1.557679347304e+01 -1.557786562191e+01 -1.557930127725e+01 -1.558125683789e+01 -1.558398114461e+01 -1.558789096426e+01 -1.559372798257e+01 -1.560290653500e+01 -1.561832029082e+01 -1.564616442120e+01 -1.569892069778e+01 -1.579348862345e+01 -1.593060434314e+01 -1.608677749813e+01 -1.624554602218e+01 -1.640348203114e+01 -1.656088136630e+01 -1.671777496799e+01 -1.687295900815e+01 -1.702432173338e+01 -1.716938034534e+01 -1.730566860527e+01 -1.743106226894e+01 -1.754403496999e+01 -1.764382553050e+01 -1.773048421018e+01 -1.780478817368e+01 -1.786805318288e+01 -1.792189744246e+01 -1.796801627333e+01 -1.800800603667e+01 -1.804325003720e+01 -1.807486234340e+01 -1.810368080698e+01 -1.813030343337e+01 -1.815516600114e+01 -1.817865789210e+01 -1.820126376847e+01 -1.822370016203e+01 -1.824699418701e+01 -1.827244507907e+01 -1.830144465242e+01 -1.833521224434e+01 -1.837456662741e+01 -1.841983795032e+01 -1.847092807350e+01 -1.852745065874e+01 -1.858887202547e+01 -1.865462460935e+01 -1.872416520106e+01 -1.879700897751e+01 -1.887273803274e+01 -1.895099863343e+01 -1.903149290304e+01 -1.911396881823e+01 -1.919821075761e+01 -1.928403168137e+01 -1.937126721585e+01 -1.945977146857e+01 -1.954941421414e+01 -1.964007903470e+01 -1.973166201082e+01 -1.982407064130e+01 -1.991722280234e+01 -2.001104568523e+01 -2.010547473246e+01 -2.020045261869e+01 -2.029592831763e+01 -2.039185627754e+01
-1.557060848577e+01 -1.557060877832e+01 -1.557060914748e+01 -1.557060961331e+01 -1.557061020115e+01 -1.557061094295e+01 -1.557061187903e+01 -1.557061306031e+01 -1.557061455102e+01 -1.557061643226e+01 -1.557061880641e+01 -1.557062180269e+01 -1.557062558429e+01 -1.557063035728e+01 -1.557063638195e+01 -1.557064398713e+01 -1.557065358843e+01 -1.557066571130e+01 -1.557068102043e+01 -1.557070035719e+01 -1.557072478741e+01 -1.557075566273e+01 -1.557079469938e+01 -1.557084408007e+01 -1.557090658647e+01 -1.557098577266e+01 -1.557108619417e+01 -1.557121371378e+01 -1.557137591474e+01 -1.557158266748e+01 -1.557184692058e+01 -1.557218582688e+01 -1.557262238424e+01 -1.557318788983e+01 -1.557392572230e+01 -1.557489737018e+01 -1.557619241396e+01 -1.557794578544e+01 -1.558036911269e+01 -1.558381090699e+01 -1.558887954018e+01 -1.559671161633e+01 -1.560959301785e+01 -1.563241820370e+01 -1.567561945709e+01 -1.575678279160e+01 -1.588599127223e+01 -1.604432411823e+01 -1.620918373259e+01 -1.637398454581e+01 -1.653871336138e+01 -1.670350181947e+01 -1.686674088238e+01 -1.702533784676e+01 -1.717564392872e+01 -1.731429231144e+01 -1.743882269191e+01 -1.754798542925e+01 -1.764176506385e+01 -1.772118490827e+01 -1.778797486189e+01 -1.784420103314e+01 -1.789194511986e+01 -1.793308245070e+01 -1.796916660489e+01 -1.800140613960e+01 -1.803071534622e+01 -1.805782438022e+01 -1.808343203590e+01 -1.810836956023e+01 -1.813371932471e+01 -1.816081834515e+01 -1.819110728563e+01 -1.822587099769e+01 -1.826599849009e+01 -1.831188057273e+01 -1.836346395947e+01 -1.842039284545e+01 -1.848215418294e+01 -1.854819445317e+01 -1.861798068013e+01 -1.869103565364e+01 -1.876694732575e+01 -1.884536657995e+01 -1.892599925391e+01 -1.900859636478e+01 -1.909294481372e+01 -1.917885967269e+01 -1.926617834558e+01 -1.935475643970e+01 -1.944446499520e+01 -1.953518866110e+01 -1.962682441700e+01 -1.971928052035e+01 -1.981247548987e+01 -1.990633706402e+01 -2.000080115414e+01 -2.009581083921e+01 -2.019131544362e+01 -2.028726972142e+01
-1.556747383267e+01 -1.556747398289e+01 -1.556747417244e+01 -1.556747441163e+01 -1.556747471346e+01 -1.556747509433e+01 -1.556747557495e+01 -1.556747618144e+01 -1.556747694677e+01 -1.556747791255e+01 -1.556747913131e+01 -1.556748066933e+01 -1.556748261029e+01 -1.556748505980e+01 -1.556748815121e+01 -1.556749205291e+01 -1.556749697752e+01 -1.556750319364e+01 -1.556751104060e+01 -1.556752094733e+01 -1.556753345612e+01 -1.556754925306e+01 -1.556756920667e+01 -1.556759441739e+01 -1.556762628094e+01 -1.556766656996e+01 -1.556771753956e+01 -1.556778206471e+01 -1.556786382035e+01 -1.556796751966e+01 -1.556809923265e+01 -1.556826681760e+01 -1.556848051448e+01 -1.556875377537e+01 -1.556910445113e+01 -1.556955652716e+01 -1.557014273182e+01 -1.557090857729e+01 -1.557191883912e+01 -1.557326836018e+01 -1.557510088241e+01 -1.557764357225e+01 -1.558127405673e+01 -1.558665919072e+01 -1.559506237298e+01 -1.560906511898e+01 -1.563427342111e+01 -1.568261850613e+01 -1.577302842642e+01 -1.591239736855e+01 -1.607757291189e+01 -1.624763752260e+01 -1.641790073918e+01 -1.658877922724e+01 -1.675969468755e+01 -1.692749782840e+01 -1.708754002406e+01 -1.723504933398e+01 -1.736651849908e+01 -1.748029036827e+01 -1.757651730726e+01 -1.765673162735e+01 -1.772326648749e+01 -1.777871123860e+01 -1.782551322973e+01 -1.786575975386e+01 -1.790112005662e+01 -1.793290887152e+01 -1.796223281901e+01 -1.799017611183e+01 -1.801796249363e+01 -1.804701215001e+01 -1.807883553637e+01 -1.811479402639e+01 -1.815585569342e+01 -1.820248023305e+01 -1.825466608671e+01 -1.831209309165e+01 -1.837427248092e+01 -1.844066737046e+01 -1.851075697516e+01 -1.858407320847e+01 -1.866021108137e+01 -1.873882706740e+01 -1.881963152013e+01 -1.890237916690e+01 -1.898685999651e+01 -1.907289167280e+01 -1.916031378614e+01 -1.924898379210e+01 -1.933877429293e+01 -1.942957125614e+01 -1.952127277350e+01 -1.961378804177e+01 -1.970703637579e+01 -1.980094619237e+01 -1.989545398444e+01 -1.999050333277e+01 -2.008604399725e+01 -2.018203111184e+01
-1.556360431659e+01 -1.556360440093e+01 -1.556360450734e+01 -1.556360464163e+01 -1.556360481108e+01 -1.556360502491e+01 -1.556360529472e+01 -1.556360563520e+01 -1.556360606485e+01 -1.556360660702e+01 -1.556360729118e+01 -1.556360815453e+01 -1.556360924402e+01 -1.556361061889e+01 -1.556361235394e+01 -1.556361454356e+01 -1.556361730695e+01 -1.556362079456e+01 -1.556362519642e+01 -1.556363075251e+01 -1.556363776600e+01 -1.556364662003e+01 -1.556365779890e+01 -1.556367191518e+01 -1.556368974407e+01 -1.556371226737e+01 -1.556374072966e+01 -1.556377671062e+01 -1.556382221822e+01 -1.556387980974e+01 -1.556395274979e+01 -1.556404521852e+01 -1.556416258853e+01 -1.556431179762e+01 -1.556450185772e+01 -1.556474456113e+01 -1.556505547993e+01 -1.556545541166e+01 -1.556597252451e+01 -1.556664563339e+01 -1.556752936926e+01 -1.556870264299e+01 -1.557028309830e+01 -1.557245300083e+01 -1.557550821428e+01 -1.557995675444e+01 -1.558673101184e+01 -1.559767650233e+01 -1.561672710901e+01 -1.565256003792e+01 -1.572206427352e+01 -1.584246770547e+01 -1.600297292001e+01 -1.617592964614e+01 -1.635023585943e+01 -1.652535642903e+01 -1.670122518316e+01 -1.687471692687e+01 -1.704008315853e+01 -1.719124970627e+01 -1.732392765992e+01 -1.743652020685e+01 -1.752984558153e+01 -1.760629741888e+01 -1.766894948518e+01 -1.772087822266e+01 -1.776478453929e+01 -1.780288014266e+01 -1.783696101415e+01 -1.786858608952e+01 -1.789927414801e+01 -1.793062018637e+01 -1.796425094894e+01 -1.800162593209e+01 -1.804380397500e+01 -1.809132216668e+01 -1.814423744188e+01 -1.820227037978e+01 -1.826496022255e+01 -1.833178943019e+01 -1.840225150401e+01 -1.847588913389e+01 -1.855230572819e+01 -1.863116445209e+01 -1.871218109399e+01 -1.879511486702e+01 -1.887975950798e+01 -1.896593583749e+01 -1.905348611653e+01 -1.914227006356e+01 -1.923216219699e+01 -1.932305010431e+01 -1.941483324553e+01 -1.950742197415e+01 -1.960073658626e+01 -1.969470633545e+01 -1.978926843256e+01 -1.988436707818e+01 -1.997995257044e+01 -2.007598051313e+01
-1.555880745365e+01 -1.555880750444e+01 -1.555880756854e+01 -1.555880764942e+01 -1.555880775148e+01 -1.555880788027e+01 -1.555880804279e+01 -1.555880824786e+01 -1.555880850664e+01 -1.555880883318e+01 -1.555880924524e+01 -1.555880976521e+01 -1.555881042136e+01 -1.555881124937e+01 -1.555881229425e+01 -1.555881361283e+01 -1.555881527684e+01 -1.555881737680e+01 -1.555882002701e+01 -1.555882337177e+01 -1.555882759329e+01 -1.555883292170e+01 -1.555883964771e+01 -1.555884813867e+01 -1.555885885893e+01 -1.555887239575e+01 -1.555888949223e+01 -1.555891108938e+01 -1.555893837993e+01 -1.555897287738e+01 -1.555901650512e+01 -1.555907171188e+01 -1.555914162247e+01 -1.555923023597e+01 -1.555934268899e+01 -1.555948560928e+01 -1.555966759746e+01 -1.555989989372e+01 -1.556019731821e+01 -1.556057962667e+01 -1.556107351372e+01 -1.556171565829e+01 -1.556255750438e+01 -1.556367304387e+01 -1.556517202057e+01 -1.556722341210e+01 -1.557009949670e+01 -1.557426376505e+01 -1.558055861374e+01 -1.559063493151e+01 -1.560798818881e+01 -1.564038266221e+01 -1.570369624124e+01 -1.581739533164e+01 -1.597611756126e+01 -1.615104896297e+01 -1.632813389533e+01 -1.650626081670e+01 -1.668528485675e+01 -1.686133438159e+01 -1.702729196468e+01 -1.717605164853e+01 -1.730337029877e+01 -1.740864717223e+01 -1.749401583183e+01 -1.756296281754e+01 -1.761922348186e+01 -1.766617018292e+01 -1.770662248066e+01 -1.774292445243e+01 -1.777713514069e+01 -1.781119166877e+01 -1.784693395910e+01 -1.788596705239e+01 -1.792946158715e+01 -1.797804235012e+01 -1.803183122226e+01 -1.809059416167e+01 -1.815390584801e+01 -1.822125881749e+01 -1.829217484347e+01 -1.836620514730e+01 -1.844296296502e+01 -1.852211935745e+01 -1.860339657040e+01 -1.868655917854e+01 -1.877140542114e+01 -1.885775992734e+01 -1.894546819171e+01 -1.903439268075e+01 -1.912441024560e+01 -1.921541044982e+01 -1.930729442504e+01 -1.939997393985e+01 -1.949337049208e+01 -1.958741436101e+01 -1.968204363831e+01 -1.977720328564e+01 -1.987284426259e+01 -1.996892275072e+01
-1.555285126820e+01 -1.555285130053e+01 -1.555285134133e+01 -1.555285139281e+01 -1.555285145778e+01 -1.555285153976e+01 -1.555285164321e+01 -1.555285177374e+01 -1.555285193846e+01 -1.555285214631e+01 -1.555285240860e+01 -1.555285273957e+01 -1.555285315722e+01 -1.555285368424e+01 -1.555285434930e+01 -1.555285518854e+01 -1.555285624760e+01 -1.555285758407e+01 -1.555285927065e+01 -1.555286139911e+01 -1.555286408530e+01 -1.555286747547e+01 -1.555287175433e+01 -1.555287715515e+01 -1.555288397260e+01 -1.555289257907e+01 -1.555290344529e+01 -1.555291716661e+01 -1.555293449642e+01 -1.555295638881e+01 -1.555298405320e+01 -1.555301902447e+01 -1.555306325342e+01 -1.555311922414e+01 -1.555319010727e+01 -1.555327996168e+01 -1.555339400262e+01 -1.555353896230e+01 -1.555372358171e+01 -1.555395929237e+01 -1.555426117971e+01 -1.555464937458e+01 -1.555515111452e+01 -1.555580388587e+01 -1.555666037157e+01 -1.555779653470e+01 -1.555932538980e+01 -1.556142161220e+01 -1.556436798503e+01 -1.556864868614e+01 -1.557515002804e+01 -1.558562387784e+01 -1.560381357642e+01 -1.563808146015e+01 -1.570532617670e+01 -1.582470049593e+01 -1.598754723277e+01 -1.616455779010e+01 -1.634337144158e+01 -1.652342158475e+01 -1.670373457340e+01 -1.687859554601e+01 -1.703927170081e+01 -1.717860258527e+01 -1.729390408224e+01 -1.738666818597e+01 -1.746068261166e+01 -1.752033795588e+01 -1.756970460716e+01 -1.761225122578e+01 -1.765090843415e+01 -1.768822299382e+01 -1.772642977474e+01 -1.776738077201e+01 -1.781240408894e+01 -1.786222955181e+01 -1.791705079169e+01 -1.797668282303e+01 -1.804073397329e+01 -1.810872247278e+01 -1.818018681033e+01 -1.825469286082e+01 -1.833186512324e+01 -1.841138380621e+01 -1.849297870558e+01 -1.857642071308e+01 -1.866151340747e+01 -1.874808595916e+01 -1.883598773601e+01 -1.892508450856e+01 -1.901525594131e+01 -1.910639398694e+01 -1.919840180218e+01 -1.929119287266e+01 -1.938469015631e+01 -1.947882518015e+01 -1.957353710843e+01 -1.966877183058e+01 -1.976448111325e+01 -1.986062184365e+01
-1.554545791654e+01 -1.554545793804e+01 -1.554545796516e+01 -1.554545799938e+01 -1.554545804256e+01 -1.554545809706e+01 -1.554545816582e+01 -1.554545825259e+01 -1.554545836208e+01 -1.554545850024e+01 -1.554545867458e+01 -1.554545889458e+01 -1.554545917219e+01 -1.554545952250e+01 -1.554545996455e+01 -1.554546052237e+01 -1.554546122629e+01 -1.554546211457e+01 -1.554546323552e+01 -1.554546465011e+01 -1.554546643528e+01 -1.554546868817e+01 -1.554547153142e+01 -1.554547511986e+01 -1.554547964903e+01 -1.554548536589e+01 -1.554549258245e+01 -1.554550169304e+01 -1.554551319617e+01 -1.554552772243e+01 -1.554554606995e+01 -1.554556924973e+01 -1.554559854373e+01 -1.554563557944e+01 -1.554568242643e+01 -1.554574172156e+01 -1.554581683300e+01 -1.554591207657e+01 -1.554603300419e+01 -1.554618679334e+01 -1.554638278031e+01 -1.554663320334e+01 -1.554695425867e+01 -1.554736763632e+01 -1.554790281231e+01 -1.554860057342e+01 -1.554951862252e+01 -1.555074083993e+01 -1.555239326599e+01 -1.555467308868e+01 -1.555790429847e+01 -1.556265167459e+01 -1.556997138065e+01 -1.558200140040e+01 -1.560340817201e+01 -1.564461201882e+01 -1.572505439209e+01 -1.585969163946e+01 -1.602974323790e+01 -1.620821186695e+01 -1.638775032607e+01 -1.656838895802e+01 -1.674696914157e+01 -1.691493856195e+01 -1.706287625765e+01 -1.718571923359e+01 -1.728401016932e+01 -1.736171563616e+01 -1.742383745892e+01 -1.747513062228e+01 -1.751972317274e+01 -1.756112118521e+01 -1.760224958740e+01 -1.764540521391e+01 -1.769217520168e+01 -1.774343286483e+01 -1.779945424219e+01 -1.786010601255e+01 -1.792503135810e+01 -1.799377553481e+01 -1.806589496119e+01 -1.814097155080e+01 -1.821864236387e+01 -1.829859796409e+01 -1.838057679815e+01 -1.846435706905e+01 -1.854974858753e+01 -1.863658586152e+01 -1.872472283754e+01 -1.881402921049e+01 -1.890438799926e+01 -1.899569401398e+01 -1.908785283945e+01 -1.918078002410e+01 -1.927440028284e+01 -1.936864664628e+01 -1.946345957297e+01 -1.955878607320e+01 -1.965457888985e+01 -1.975079576463e+01
-1.553629792703e+01 -1.553629794181e+01 -1.553629796046e+01 -1.553629798399e+01 -1.553629801368e+01 -1.553629805115e+01 -1.553629809843e+01 -1.553629815809e+01 -1.553629823337e+01 -1.553629832836e+01 -1.553629844823e+01 -1.553629859950e+01 -1.553629879037e+01 -1.553629903122e+01 -1.553629933515e+01 -1.553629971868e+01 -1.553630020264e+01 -1.553630081336e+01 -1.553630158402e+01 -1.553630255654e+01 -1.553630378380e+01 -1.553630533255e+01 -1.553630728705e+01 -1.553630975367e+01 -1.553631286671e+01 -1.553631679572e+01 -1.553632175486e+01 -1.553632801464e+01 -1.553633591686e+01 -1.553634589355e+01 -1.553635849101e+01 -1.553637440047e+01 -1.553639449705e+01 -1.553641988975e+01 -1.553645198548e+01 -1.553649257152e+01 -1.553654392241e+01 -1.553660893911e+01 -1.553669133177e+01 -1.553679586194e+01 -1.553692866707e+01 -1.553709770122e+01 -1.553731334285e+01 -1.553758924864e+01 -1.553794357846e+01 -1.553840079602e+01 -1.553899438983e+01 -1.553977111607e+01 -1.554079785388e+01 -1.554217313911e+01 -1.554404748519e+01 -1.554666112904e+01 -1.555041851166e+01 -1.555604559253e+01 -1.556494708649e+01 -1.558007064814e+01 -1.560800904457e+01 -1.566301753491e+01 -1.576636121823e+01 -1.592026678655e+01 -1.609569618497e+01 -1.627408638400e+01 -1.645319928857e+01 -1.663183820599e+01 -1.680295025450e+01 -1.695591159090e+01 -1.708355865354e+01 -1.718539203839e+01 -1.726545899419e+01 -1.732928087427e+01 -1.738224048005e+01 -1.742909864255e+01 -1.747384812410e+01 -1.751956433950e+01 -1.756830414708e+01 -1.762117641396e+01 -1.767856537568e+01 -1.774039257896e+01 -1.780633521387e+01 -1.787596516460e+01 -1.794885701005e+01 -1.802460945265e+01 -1.810287306466e+01 -1.818334978518e+01 -1.826578772312e+01 -1.834997335759e+01 -1.843572363147e+01 -1.852287921634e+01 -1.861129938510e+01 -1.870085842509e+01 -1.879144329976e+01 -1.888295219243e+01 -1.897529356295e+01 -1.906838540827e+01 -1.916215453301e+01 -1.925653575925e+01 -1.935147109008e+01 -1.944690887544e+01 -1.954280302667e+01 -1.963911230964e+01
-1.552498599960e+01 -1.552498601003e+01 -1.552498602319e+01 -1.552498603980e+01 -1.552498606076e+01 -1.552498608720e+01 -1.552498612057e+01 -1.552498616268e+01 -1.552498621582e+01 -1.552498628287e+01 -1.552498636747e+01 -1.552498647424e+01 -1.552498660896e+01 -1.552498677896e+01 -1.552498699347e+01 -1.552498726417e+01 -1.552498760575e+01 -1.552498803679e+01 -1.552498858071e+01 -1.552498926709e+01 -1.552499013324e+01 -1.552499122627e+01 -1.552499260561e+01 -1.552499434630e+01 -1.552499654306e+01 -1.552499931546e+01 -1.552500281449e+01 -1.552500723079e+01 -1.552501280518e+01 -1.552501984189e+01 -1.552502872539e+01 -1.552503994176e+01 -1.552505410583e+01 -1.552507199578e+01 -1.552509459734e+01 -1.552512316033e+01 -1.552515927145e+01 -1.552520494828e+01 -1.552526276129e+01 -1.552533599364e+01 -1.552542885185e+01 -1.552554674667e+01 -1.552569667210e+01 -1.552588772430e+01 -1.552613182429e+01 -1.552644474452e+01 -1.552684760098e+01 -1.552736907893e+01 -1.552804885320e+01 -1.552894302374e+01 -1.553013309015e+01 -1.553174142834e+01 -1.553395934210e+01 -1.553710089345e+01 -1.554171313463e+01 -1.554881860516e+01 -1.556048808013e+01 -1.558125321001e+01 -1.562131203344e+01 -1.570003606123e+01 -1.583297757245e+01 -1.600146158881e+01 -1.617780249509e+01 -1.635452094582e+01 -1.653100851996e+01 -1.670195367101e+01 -1.685661724764e+01 -1.698639348547e+01 -1.708991563217e+01 -1.717124683197e+01 -1.723628120180e+01 -1.729093613747e+01 -1.734053379002e+01 -1.738936134081e+01 -1.744032608464e+01 -1.749498201741e+01 -1.755389269136e+01 -1.761704580988e+01 -1.768414989006e+01 -1.775480045448e+01 -1.782858884950e+01 -1.790513023765e+01 -1.798408901731e+01 -1.806517913893e+01 -1.814815915689e+01 -1.823282466210e+01 -1.831900056492e+01 -1.840653450348e+01 -1.849529182773e+01 -1.858515210450e+01 -1.867600685942e+01 -1.876775819600e+01 -1.886031792801e+01 -1.895360691726e+01 -1.904755441935e+01 -1.914209736193e+01 -1.923717956700e+01 -1.933275096498e+01 -1.942876684813e+01 -1.952518719472e+01
-1.551107971324e+01 -1.551107972075e+01 -1.551107973023e+01 -1.551107974219e+01 -1.551107975729e+01 -1.551107977633e+01 -1.551107980037e+01 -1.551107983069e+01 -1.551107986896e+01 -1.551107991725e+01 -1.551107997818e+01 -1.551108005507e+01 -1.551108015209e+01 -1.551108027452e+01 -1.551108042901e+01 -1.551108062396e+01 -1.551108086995e+01 -1.551108118037e+01 -1.551108157208e+01 -1.551108206638e+01 -1.551108269014e+01 -1.551108347726e+01 -1.551108447055e+01 -1.551108572402e+01 -1.551108730585e+01 -1.551108930212e+01 -1.551109182146e+01 -1.551109500105e+01 -1.551109901411e+01 -1.551110407939e+01 -1.551111047324e+01 -1.551111854486e+01 -1.551112873566e+01 -1.551114160387e+01 -1.551115785586e+01 -1.551117838611e+01 -1.551120432833e+01 -1.551123712112e+01 -1.551127859260e+01 -1.551133107017e+01 -1.551139752360e+01 -1.551148175335e+01 -1.551158864054e+01 -1.551172448270e+01 -1.551189745097e+01 -1.551211822281e+01 -1.551240087409e+01 -1.551276416480e+01 -1.551323343843e+01 -1.551384350886e+01 -1.551464319158e+01 -1.551570268028e+01 -1.551712606520e+01 -1.551907361013e+01 -1.552180361512e+01 -1.552575614143e+01 -1.553173258647e+01 -1.554131013966e+01 -1.555785712173e+01 -1.558898214021e+01 -1.565070852647e+01 -1.576348204803e+01 -1.592172633798e+01 -1.609473765613e+01 -1.626843633221e+01 -1.644142606538e+01 -1.660979833456e+01 -1.676335721342e+01 -1.689291441512e+01 -1.699661859728e+01 -1.707848466072e+01 -1.714457631355e+01 -1.720123323269e+01 -1.725420950188e+01 -1.730779134712e+01 -1.736439755185e+01 -1.742495699536e+01 -1.748956712467e+01 -1.755796710278e+01 -1.762976987891e+01 -1.770457972519e+01 -1.778202628383e+01 -1.786178708452e+01 -1.794358808720e+01 -1.802719866683e+01 -1.811242410110e+01 -1.819909793992e+01 -1.828707549331e+01 -1.837622888545e+01 -1.846644362517e+01 -1.855761641202e+01 -1.864965382203e+01 -1.874247151326e+01 -1.883599364308e+01 -1.893015229483e+01 -1.902488683148e+01 -1.912014318360e+01 -1.921587311777e+01 -1.931203353392e+01 -1.940858582464e+01
-1.549408285470e+01 -1.549408286019e+01 -1.549408286712e+01 -1.549408287587e+01 -1.549408288691e+01 -1.549408290084e+01 -1.549408291841e+01 -1.549408294059e+01 -1.549408296857e+01 -1.549408300389e+01 -1.549408304845e+01 -1.549408310467e+01 -1.549408317563e+01 -1.549408326516e+01 -1.549408337813e+01 -1.549408352069e+01 -1.549408370059e+01 -1.549408392759e+01 -1.549408421404e+01 -1.549408457550e+01 -1.549408503163e+01 -1.549408560722e+01 -1.549408633356e+01 -1.549408725014e+01 -1.549408840680e+01 -1.549408986646e+01 -1.549409170853e+01 -1.549409403325e+01 -1.549409696719e+01 -1.549410067015e+01 -1.549410534394e+01 -1.549411124349e+01 -1.549411869090e+01 -1.549412809328e+01 -1.549413996540e+01 -1.549415495856e+01 -1.549417389726e+01 -1.549419782628e+01 -1.549422807089e+01 -1.549426631442e+01 -1.549431469877e+01 -1.549437595510e+01 -1.549445357544e+01 -1.549455203983e+01 -1.549467712038e+01 -1.549483629361e+01 -1.549503930830e+01 -1.549529898181e+01 -1.549563234031e+01 -1.549606229106e+01 -1.549662014299e+01 -1.549734952608e+01 -1.549831270403e+01 -1.549960115795e+01 -1.550135416154e+01 -1.550379313873e+01 -1.550728915498e+01 -1.551250484447e+01 -1.552071565723e+01 -1.553458759852e+01 -1.556009484300e+01 -1.561040566921e+01 -1.570647713974e+01 -1.585296242537e+01 -1.602130627751e+01 -1.619134397881e+01 -1.635992730522e+01 -1.652397235773e+01 -1.667426394608e+01 -1.680176277348e+01 -1.690463881386e+01 -1.698673521168e+01 -1.705404102485e+01 -1.711320746188e+01 -1.717022082898e+01 -1.722901979692e+01 -1.729132574884e+01 -1.735748813818e+01 -1.742729449075e+01 -1.750036692974e+01 -1.757631544974e+01 -1.765477982498e+01 -1.773544855548e+01 -1.781805866786e+01 -1.790239011121e+01 -1.798825800638e+01 -1.807550493173e+01 -1.816399438423e+01 -1.825360583343e+01 -1.834423131120e+01 -1.843577325171e+01 -1.852814322522e+01 -1.862126120700e+01 -1.871505507167e+01 -1.880946010312e+01 -1.890441842887e+01 -1.899987837948e+01 -1.909579381686e+01 -1.919212348000e+01 -1.928883038315e+01
-1.547345527101e+01 -1.547345527508e+01 -1.547345528020e+01 -1.547345528667e+01 -1.547345529484e+01 -1.547345530514e+01 -1.547345531814e+01 -1.547345533455e+01 -1.547345535525e+01 -1.547345538137e+01 -1.547345541433e+01 -1.547345545592e+01 -1.547345550841e+01 -1.547345557464e+01 -1.547345565821e+01 -1.547345576366e+01 -1.547345589673e+01 -1.547345606465e+01 -1.547345627653e+01 -1.547345654391e+01 -1.547345688131e+01 -1.547345730707e+01 -1.547345784433e+01 -1.547345852230e+01 -1.547345937785e+01 -1.547346045749e+01 -1.547346181994e+01 -1.547346353933e+01 -1.547346570921e+01 -1.547346844771e+01 -1.547347190396e+01 -1.547347626631e+01 -1.547348177265e+01 -1.547348872355e+01 -1.547349749886e+01 -1.547350857884e+01 -1.547352257103e+01 -1.547354024445e+01 -1.547356257333e+01 -1.547359079314e+01 -1.547362647266e+01 -1.547367160718e+01 -1.547372873961e+01 -1.547380111915e+01 -1.547389291095e+01 -1.547400947588e+01 -1.547415774892e+01 -1.547434675835e+01 -1.547458835068e+01 -1.547489822376e+01 -1.547529743342e+01 -1.547581465029e+01 -1.547648964385e+01 -1.547737884869e+01 -1.547856461134e+01 -1.548017124944e+01 -1.548239440111e+01 -1.548555789497e+01 -1.549023153674e+01 -1.549749357745e+01 -1.550955865350e+01 -1.553133633799e+01 -1.557386667864e+01 -1.565697670711e+01 -1.579181323561e+01 -1.595441678676e+01 -1.612012570532e+01 -1.628359903893e+01 -1.644211824748e+01 -1.658751703259e+01 -1.671172703676e+01 -1.681332242743e+01 -1.689573920517e+01 -1.696464418026e+01 -1.702690420616e+01 -1.708847443509e+01 -1.715264546010e+01 -1.722040877042e+01 -1.729169125166e+01 -1.736612311856e+01 -1.744330922189e+01 -1.752289188802e+01 -1.760456640387e+01 -1.768807863382e+01 -1.777321799944e+01 -1.785980903204e+01 -1.794770331317e+01 -1.803677274832e+01 -1.812690451529e+01 -1.821799760210e+01 -1.830996063348e+01 -1.840271062126e+01 -1.849617227770e+01 -1.859027757748e+01 -1.868496534903e+01 -1.878018079196e+01 -1.887587491200e+01 -1.897200391344e+01 -1.906852859705e+01 -1.916541380017e+01
-1.544863095365e+01 -1.544863095668e+01 -1.544863096050e+01 -1.544863096533e+01 -1.544863097142e+01 -1.544863097911e+01 -1.544863098881e+01 -1.544863100104e+01 -1.544863101649e+01 -1.544863103597e+01 -1.544863106056e+01 -1.544863109159e+01 -1.544863113074e+01 -1.544863118015e+01 -1.544863124249e+01 -1.544863132115e+01 -1.544863142042e+01 -1.544863154568e+01 -1.544863170375e+01 -1.544863190320e+01 -1.544863215489e+01 -1.544863247250e+01 -1.544863287327e+01 -1.544863337901e+01 -1.544863401720e+01 -1.544863482255e+01 -1.544863583883e+01 -1.544863712133e+01 -1.544863873981e+01 -1.544864078234e+01 -1.544864336010e+01 -1.544864661345e+01 -1.544865071968e+01 -1.544865590267e+01 -1.544866244528e+01 -1.544867070498e+01 -1.544868113369e+01 -1.544869430303e+01 -1.544871093647e+01 -1.544873195041e+01 -1.544875850674e+01 -1.544879208045e+01 -1.544883454696e+01 -1.544888829550e+01 -1.544895637744e+01 -1.544904270189e+01 -1.544915229639e+01 -1.544929165853e+01 -1.544946923705e+01 -1.544969610166e+01 -1.544998689384e+01 -1.545036120787e+01 -1.545084564939e+01 -1.545147699619e+01 -1.545230721717e+01 -1.545341175160e+01 -1.545490377410e+01 -1.545696002841e+01 -1.545987036838e+01 -1.546413917867e+01 -1.547070862457e+01 -1.548148728840e+01 -1.550066294547e+01 -1.553773134030e+01 -1.561098837527e+01 -1.573521048850e+01 -1.589140644038e+01 -1.605215531089e+01 -1.620993939794e+01 -1.636208127528e+01 -1.650154539505e+01 -1.662187108372e+01 -1.672225911981e+01 -1.680537752115e+01 -1.687637288458e+01 -1.694224815077e+01 -1.700864193638e+01 -1.707803424436e+01 -1.715080750420e+01 -1.722664802418e+01 -1.730513774082e+01 -1.738591713582e+01 -1.746867896561e+01 -1.755317402053e+01 -1.763919899634e+01 -1.772658664611e+01 -1.781519698900e+01 -1.790491016683e+01 -1.799562113849e+01 -1.808723606617e+01 -1.817967006052e+01 -1.827284590164e+01 -1.836669336650e+01 -1.846114884124e+01 -1.855615498603e+01 -1.865166033419e+01 -1.874761880448e+01 -1.884398916019e+01 -1.894073446181e+01 -1.903782155106e+01
-1.541904524738e+01 -1.541904524965e+01 -1.541904525252e+01 -1.541904525615e+01 -1.541904526072e+01 -1.541904526649e+01 -1.541904527376e+01 -1.541904528295e+01 -1.541904529454e+01 -1.541904530917e+01 -1.541904532762e+01 -1.541904535091e+01 -1.541904538030e+01 -1.541904541738e+01 -1.541904546417e+01 -1.541904552321e+01 -1.541904559772e+01 -1.541904569174e+01 -1.541904581037e+01 -1.541904596008e+01 -1.541904614898e+01 -1.541904638736e+01 -1.541904668816e+01 -1.541904706774e+01 -1.541904754673e+01 -1.541904815116e+01 -1.541904891390e+01 -1.541904987642e+01 -1.541905109108e+01 -1.541905262393e+01 -1.541905455840e+01 -1.541905699975e+01 -1.541906008095e+01 -1.541906396985e+01 -1.541906887849e+01 -1.541907507471e+01 -1.541908289700e+01 -1.541909277326e+01 -1.541910524468e+01 -1.541912099617e+01 -1.541914089517e+01 -1.541916604134e+01 -1.541919783044e+01 -1.541923803671e+01 -1.541928891985e+01 -1.541935336473e+01 -1.541943506552e+01 -1.541953877061e+01 -1.541967061242e+01 -1.541983855781e+01 -1.542005303358e+01 -1.542032781193e+01 -1.542068129244e+01 -1.542113840617e+01 -1.542173352722e+01 -1.542251507437e+01 -1.542355306217e+01 -1.542495203310e+01 -1.542687431746e+01 -1.542958429055e+01 -1.543353818208e+01 -1.543957991911e+01 -1.544940100196e+01 -1.546668060173e+01 -1.549978513184e+01 -1.556554294489e+01 -1.568051158671e+01 -1.583001517723e+01 -1.598527276025e+01 -1.613691100035e+01 -1.628213334390e+01 -1.641514290864e+01 -1.653158252582e+01 -1.663125127263e+01 -1.671559904743e+01 -1.678915509737e+01 -1.685899110492e+01 -1.693018806562e+01 -1.700442088877e+01 -1.708165613035e+01 -1.716147834573e+01 -1.724350068635e+01 -1.732740649282e+01 -1.741294538005e+01 -1.749991776420e+01 -1.758816252304e+01 -1.767754690110e+01 -1.776795862787e+01 -1.785930015830e+01 -1.795148477456e+01 -1.804443415948e+01 -1.813807702607e+01 -1.823234841657e+01 -1.832718933798e+01 -1.842254648607e+01 -1.851837192013e+01 -1.861462265135e+01 -1.871126016933e+01 -1.880824995059e+01 -1.890556098734e+01
-1.538417049681e+01 -1.538417049853e+01 -1.538417050069e+01 -1.538417050342e+01 -1.538417050687e+01 -1.538417051122e+01 -1.538417051671e+01 -1.538417052363e+01 -1.538417053237e+01 -1.538417054339e+01 -1.538417055731e+01 -1.538417057486e+01 -1.538417059702e+01 -1.538417062497e+01 -1.538417066025e+01 -1.538417070476e+01 -1.538417076093e+01 -1.538417083181e+01 -1.538417092125e+01 -1.538417103411e+01 -1.538417117652e+01 -1.538417135623e+01 -1.538417158300e+01 -1.538417186915e+01 -1.538417223024e+01 -1.538417268590e+01 -1.538417326090e+01 -1.538417398649e+01 -1.538417490214e+01 -1.538417605764e+01 -1.538417751583e+01 -1.538417935607e+01 -1.538418167850e+01 -1.538418460960e+01 -1.538418830903e+01 -1.538419297849e+01 -1.538419887273e+01 -1.538420631373e+01 -1.538421570844e+01 -1.538422757159e+01 -1.538424255450e+01 -1.538426148205e+01 -1.538428539981e+01 -1.538431563468e+01 -1.538435387313e+01 -1.538440226259e+01 -1.538446354388e+01 -1.538454122551e+01 -1.538463981533e+01 -1.538476513206e+01 -1.538492473005e+01 -1.538512848810e+01 -1.538538944130e+01 -1.538572498254e+01 -1.538615864217e+01 -1.538672280093e+01 -1.538746296290e+01 -1.538844473943e+01 -1.538976575657e+01 -1.539157696269e+01 -1.539412293523e+01 -1.539782313903e+01 -1.540344787715e+01 -1.541252878781e+01 -1.542837427895e+01 -1.545851138038e+01 -1.551849149563e+01 -1.562556543324e+01 -1.576838013534e+01 -1.591776031690e+01 -1.606294645355e+01 -1.620099496854e+01 -1.632750424588e+01 -1.644054973989e+01 -1.654024128876e+01 -1.662634516469e+01 -1.670280954305e+01 -1.677671861286e+01 -1.685245385569e+01 -1.693101707452e+01 -1.701214166703e+01 -1.709541142001e+01 -1.718048526453e+01 -1.726710260808e+01 -1.735506234119e+01 -1.744420630945e+01 -1.753440704190e+01 -1.762555867526e+01 -1.771757047434e+01 -1.781036247821e+01 -1.790386278715e+01 -1.799800602157e+01 -1.809273253756e+01 -1.818798804877e+01 -1.828372338726e+01 -1.837989424283e+01 -1.847646082318e+01 -1.857338744642e+01 -1.867064210500e+01 -1.876819603910e+01
-1.534355720759e+01 -1.534355720889e+01 -1.534355721052e+01 -1.534355721259e+01 -1.534355721520e+01 -1.534355721849e+01 -1.534355722264e+01 -1.534355722787e+01 -1.534355723448e+01 -1.534355724282e+01 -1.534355725335e+01 -1.534355726663e+01 -1.534355728338e+01 -1.534355730453e+01 -1.534355733121e+01 -1.534355736488e+01 -1.534355740736e+01 -1.534355746097e+01 -1.534355752862e+01 -1.534355761398e+01 -1.534355772169e+01 -1.534355785762e+01 -1.534355802913e+01 -1.534355824557e+01 -1.534355851868e+01 -1.534355886331e+01 -1.534355929820e+01 -1.534355984699e+01 -1.534356053951e+01 -1.534356141342e+01 -1.534356251625e+01 -1.534356390797e+01 -1.534356566432e+01 -1.534356788088e+01 -1.534357067834e+01 -1.534357420910e+01 -1.534357866564e+01 -1.534358429108e+01 -1.534359139267e+01 -1.534360035878e+01 -1.534361168058e+01 -1.534362597956e+01 -1.534364404275e+01 -1.534366686771e+01 -1.534369572026e+01 -1.534373220904e+01 -1.534377838205e+01 -1.534383685272e+01 -1.534391096567e+01 -1.534400501683e+01 -1.534412454927e+01 -1.534427675601e+01 -1.534447103774e+01 -1.534471978950e+01 -1.534503953492e+01 -1.534545260306e+01 -1.534598967871e+01 -1.534669380897e+01 -1.534762693309e+01 -1.534888097913e+01 -1.535059764718e+01 -1.535300567380e+01 -1.535649560007e+01 -1.536178083926e+01 -1.537027165364e+01 -1.538499840542e+01 -1.541285293560e+01 -1.546831942217e+01 -1.556870792525e+01 -1.570503458124e+01 -1.584832260128e+01 -1.598692948335e+01 -1.611782607036e+01 -1.623819634438e+01 -1.634869089214e+01 -1.644922803589e+01 -1.653749696753e+01 -1.661703891246e+01 -1.669490739209e+01 -1.677475533508e+01 -1.685709613919e+01 -1.694156611135e+01 -1.702779332352e+01 -1.711549235708e+01 -1.720445307553e+01 -1.729451586394e+01 -1.738555578939e+01 -1.747747165175e+01 -1.757017842161e+01 -1.766360221148e+01 -1.775767713336e+01 -1.785234349013e+01 -1.794754683989e+01 -1.804323755683e+01 -1.813937059884e+01 -1.823590529485e+01 -1.833280506886e+01 -1.843003709533e+01 -1.852757191695e+01 -1.862538306137e+01
-1.529687541877e+01 -1.529687541975e+01 -1.529687542099e+01 -1.529687542256e+01 -1.529687542453e+01 -1.529687542703e+01 -1.529687543018e+01 -1.529687543415e+01 -1.529687543916e+01 -1.529687544548e+01 -1.529687545347e+01 -1.529687546354e+01 -1.529687547624e+01 -1.529687549228e+01 -1.529687551251e+01 -1.529687553804e+01 -1.529687557026e+01 -1.529687561091e+01 -1.529687566221e+01 -1.529687572695e+01 -1.529687580863e+01 -1.529687591171e+01 -1.529687604178e+01 -1.529687620590e+01 -1.529687641301e+01 -1.529687667436e+01 -1.529687700415e+01 -1.529687742030e+01 -1.529687794545e+01 -1.529687860814e+01 -1.529687944440e+01 -1.529688049971e+01 -1.529688183148e+01 -1.529688351216e+01 -1.529688563322e+01 -1.529688831015e+01 -1.529689168877e+01 -1.529689595325e+01 -1.529690133625e+01 -1.529690813175e+01 -1.529691671135e+01 -1.529692754498e+01 -1.529694122728e+01 -1.529695851122e+01 -1.529698035111e+01 -1.529700795786e+01 -1.529704287015e+01 -1.529708704672e+01 -1.529714298675e+01 -1.529721388806e+01 -1.529730385720e+01 -1.529741819140e+01 -1.529756376235e+01 -1.529774954698e+01 -1.529798737544e+01 -1.529829300808e+01 -1.529868772545e+01 -1.529920074272e+01 -1.529987299593e+01 -1.530076330012e+01 -1.530195879048e+01 -1.530359348798e+01 -1.530588316706e+01 -1.530919508219e+01 -1.531419763952e+01 -1.532220675322e+01 -1.533603963300e+01 -1.536209991063e+01 -1.541399077875e+01 -1.550873370605e+01 -1.563889978788e+01 -1.577606292669e+01 -1.590815699765e+01 -1.603217760678e+01 -1.614708650389e+01 -1.625606411690e+01 -1.635819888089e+01 -1.644885847925e+01 -1.653146342580e+01 -1.661300500404e+01 -1.669646539683e+01 -1.678204036592e+01 -1.686936314638e+01 -1.695811281533e+01 -1.704805956253e+01 -1.713903619934e+01 -1.723091664712e+01 -1.732360202783e+01 -1.741701149416e+01 -1.751107623638e+01 -1.760573573156e+01 -1.770093555026e+01 -1.779662618851e+01 -1.789276251046e+01 -1.798930348423e+01 -1.808621199443e+01 -1.818345461896e+01 -1.828100134212e+01 -1.837882522397e+01 -1.847690205870e+01
-1.524394934065e+01 -1.524394934140e+01 -1.524394934234e+01 -1.524394934353e+01 -1.524394934504e+01 -1.524394934693e+01 -1.524394934933e+01 -1.524394935235e+01 -1.524394935615e+01 -1.524394936096e+01 -1.524394936703e+01 -1.524394937468e+01 -1.524394938434e+01 -1.524394939653e+01 -1.524394941191e+01 -1.524394943132e+01 -1.524394945581e+01 -1.524394948671e+01 -1.524394952571e+01 -1.524394957491e+01 -1.524394963701e+01 -1.524394971536e+01 -1.524394981423e+01 -1.524394993899e+01 -1.524395009642e+01 -1.524395029507e+01 -1.524395054575e+01 -1.524395086208e+01 -1.524395126126e+01 -1.524395176497e+01 -1.524395240062e+01 -1.524395320275e+01 -1.524395421500e+01 -1.524395549242e+01 -1.524395710450e+01 -1.524395913900e+01 -1.524396170667e+01 -1.524396494739e+01 -1.524396903780e+01 -1.524397420107e+01 -1.524398071914e+01 -1.524398894844e+01 -1.524399933969e+01 -1.524401246319e+01 -1.524402904108e+01 -1.524404998856e+01 -1.524407646688e+01 -1.524410995150e+01 -1.524415232056e+01 -1.524420597018e+01 -1.524427396596e+01 -1.524436024408e+01 -1.524446988106e+01 -1.524460946084e+01 -1.524478758198e+01 -1.524501557204e+01 -1.524530851528e+01 -1.524568676846e+01 -1.524617826019e+01 -1.524682209232e+01 -1.524767438960e+01 -1.524881820268e+01 -1.525038108651e+01 -1.525256804987e+01 -1.525572730382e+01 -1.526049106929e+01 -1.526810072958e+01 -1.528120761624e+01 -1.530583601514e+01 -1.535486490293e+01 -1.544484481249e+01 -1.556926540898e+01 -1.570044829576e+01 -1.582628303768e+01 -1.594391674358e+01 -1.605425078357e+01 -1.616278455025e+01 -1.626709219380e+01 -1.636017380415e+01 -1.644567642744e+01 -1.653050213672e+01 -1.661706374357e+01 -1.670537956581e+01 -1.679511327720e+01 -1.688600232405e+01 -1.697786334801e+01 -1.707056419596e+01 -1.716400528535e+01 -1.725810799370e+01 -1.735280729217e+01 -1.744804715486e+01 -1.754377783618e+01 -1.763995437432e+01 -1.773653584768e+01 -1.783348503164e+01 -1.793076820678e+01 -1.802835497279e+01 -1.812621801273e+01 -1.822433281096e+01 -1.832267735159e+01
-1.518477834527e+01 -1.518477834584e+01 -1.518477834656e+01 -1.518477834747e+01 -1.518477834861e+01 -1.518477835006e+01 -1.518477835188e+01 -1.518477835418e+01 -1.518477835708e+01 -1.518477836075e+01 -1.518477836537e+01 -1.518477837120e+01 -1.518477837856e+01 -1.518477838785e+01 -1.518477839957e+01 -1.518477841436e+01 -1.518477843302e+01 -1.518477845657e+01 -1.518477848628e+01 -1.518477852378e+01 -1.518477857109e+01 -1.518477863080e+01 -1.518477870613e+01 -1.518477880120e+01 -1.518477892116e+01 -1.518477907253e+01 -1.518477926355e+01 -1.518477950459e+01 -1.518477980875e+01 -1.518478019257e+01 -1.518478067691e+01 -1.518478128810e+01 -1.518478205938e+01 -1.518478303269e+01 -1.518478426097e+01 -1.518478581104e+01 -1.518478776727e+01 -1.518479023616e+01 -1.518479335221e+01 -1.518479728526e+01 -1.518480224988e+01 -1.518480851717e+01 -1.518481642982e+01 -1.518482642119e+01 -1.518483903963e+01 -1.518485497941e+01 -1.518487512046e+01 -1.518490057919e+01 -1.518493277407e+01 -1.518497351061e+01 -1.518502509213e+01 -1.518509046531e+01 -1.518517341328e+01 -1.518527881467e+01 -1.518541299587e+01 -1.518558421771e+01 -1.518580336048e+01 -1.518608490909e+01 -1.518644840512e+01 -1.518692064819e+01 -1.518753914136e+01 -1.518835768300e+01 -1.518945582474e+01 -1.519095564314e+01 -1.519305314173e+01 -1.519608083456e+01 -1.520064160477e+01 -1.520791746306e+01 -1.522042968061e+01 -1.524390636885e+01 -1.529063637374e+01 -1.537660373158e+01 -1.549575424521e+01 -1.562125951865e+01 -1.574124806845e+01 -1.585313957374e+01 -1.595988427403e+01 -1.606896418376e+01 -1.617579199589e+01 -1.627116451620e+01 -1.635929972439e+01 -1.644698085925e+01 -1.653616402839e+01 -1.662677967254e+01 -1.671853952626e+01 -1.681123275757e+01 -1.690471429666e+01 -1.699887990462e+01 -1.709365072214e+01 -1.718896389216e+01 -1.728476680749e+01 -1.738101367338e+01 -1.747766356514e+01 -1.757467941817e+01 -1.767202754861e+01 -1.776967741958e+01 -1.786760147124e+01 -1.796577492678e+01 -1.806417555571e+01 -1.816278341098e+01
-1.511953956254e+01 -1.511953956298e+01 -1.511953956353e+01 -1.511953956422e+01 -1.511953956509e+01 -1.511953956620e+01 -1.511953956759e+01 -1.511953956935e+01 -1.511953957157e+01 -1.511953957437e+01 -1.511953957790e+01 -1.511953958236e+01 -1.511953958798e+01 -1.511953959508e+01 -1.511953960403e+01 -1.511953961533e+01 -1.511953962959e+01 -1.511953964758e+01 -1.511953967028e+01 -1.511953969893e+01 -1.511953973508e+01 -1.511953978070e+01 -1.511953983826e+01 -1.511953991090e+01 -1.511954000256e+01 -1.511954011822e+01 -1.511954026416e+01 -1.511954044833e+01 -1.511954068073e+01 -1.511954097398e+01 -1.511954134404e+01 -1.511954181101e+01 -1.511954240029e+01 -1.511954314392e+01 -1.511954408233e+01 -1.511954526656e+01 -1.511954676106e+01 -1.511954864714e+01 -1.511955102751e+01 -1.511955403182e+01 -1.511955782384e+01 -1.511956261043e+01 -1.511956865297e+01 -1.511957628186e+01 -1.511958591492e+01 -1.511959808078e+01 -1.511961344885e+01 -1.511963286742e+01 -1.511965741281e+01 -1.511968845251e+01 -1.511972772714e+01 -1.511977745710e+01 -1.511984048297e+01 -1.511992045147e+01 -1.512002206507e+01 -1.512015142133e+01 -1.512031648160e+01 -1.512052773071e+01 -1.512079912527e+01 -1.512114949127e+01 -1.512160464210e+01 -1.512220069241e+01 -1.512298943461e+01 -1.512404742884e+01 -1.512549211506e+01 -1.512751196595e+01 -1.513042655146e+01 -1.513481495019e+01 -1.514181184778e+01 -1.515383657534e+01 -1.517638650454e+01 -1.522127117887e+01 -1.530387592877e+01 -1.541827202699e+01 -1.553852835564e+01 -1.565320103875e+01 -1.576008548298e+01 -1.586422815187e+01 -1.597467939913e+01 -1.608414614759e+01 -1.618157001900e+01 -1.627202328822e+01 -1.636213634491e+01 -1.645351005130e+01 -1.654604257254e+01 -1.663949539252e+01 -1.673370118328e+01 -1.682854562679e+01 -1.692394646422e+01 -1.701984102257e+01 -1.711617880807e+01 -1.721291709837e+01 -1.731001840475e+01 -1.740744909866e+01 -1.750517872809e+01 -1.760317969450e+01 -1.770142707055e+01 -1.779989843420e+01 -1.789857367270e+01 -1.799743475750e+01
-1.504857118720e+01 -1.504857118754e+01 -1.504857118796e+01 -1.504857118849e+01 -1.504857118916e+01 -1.504857119001e+01 -1.504857119108e+01 -1.504857119242e+01 -1.504857119412e+01 -1.504857119627e+01 -1.504857119897e+01 -1.504857120239e+01 -1.504857120670e+01 -1.504857121214e+01 -1.504857121900e+01 -1.504857122766e+01 -1.504857123859e+01 -1.504857125238e+01 -1.504857126978e+01 -1.504857129174e+01 -1.504857131944e+01 -1.504857135441e+01 -1.504857139852e+01 -1.504857145419e+01 -1.504857152444e+01 -1.504857161308e+01 -1.504857172493e+01 -1.504857186608e+01 -1.504857204419e+01 -1.504857226894e+01 -1.504857255255e+01 -1.504857291043e+01 -1.504857336204e+01 -1.504857393194e+01 -1.504857465110e+01 -1.504857555864e+01 -1.504857670391e+01 -1.504857814924e+01 -1.504857997328e+01 -1.504858227534e+01 -1.504858518082e+01 -1.504858884809e+01 -1.504859347721e+01 -1.504859932097e+01 -1.504860669889e+01 -1.504861601503e+01 -1.504862778066e+01 -1.504864264312e+01 -1.504866142283e+01 -1.504868516067e+01 -1.504871517913e+01 -1.504875316152e+01 -1.504880125517e+01 -1.504886220712e+01 -1.504893954401e+01 -1.504903781339e+01 -1.504916291192e+01 -1.504932253850e+01 -1.504952683216e+01 -1.504978928898e+01 -1.505012811329e+01 -1.505056826540e+01 -1.505114466542e+01 -1.505190739095e+01 -1.505293046482e+01 -1.505432743129e+01 -1.505628050727e+01 -1.505909865624e+01 -1.506334176459e+01 -1.507010705939e+01 -1.508173463922e+01 -1.510354384382e+01 -1.514695829988e+01 -1.522676759222e+01 -1.533694605845e+01 -1.545246811905e+01 -1.556242363503e+01 -1.566506427089e+01 -1.576751989260e+01 -1.587996249845e+01 -1.599199478078e+01 -1.609117794124e+01 -1.618362446722e+01 -1.627577591472e+01 -1.636896626055e+01 -1.646308714777e+01 -1.655794669606e+01 -1.665341295285e+01 -1.674939595572e+01 -1.684583068243e+01 -1.694266715425e+01 -1.703986467267e+01 -1.713738848160e+01 -1.723520790766e+01 -1.733329538991e+01 -1.743162600912e+01 -1.753017725474e+01 -1.762892886678e+01 -1.772786267271e+01 -1.782696239888e+01
-1.497233984794e+01 -1.497233984819e+01 -1.497233984852e+01 -1.497233984893e+01 -1.497233984944e+01 -1.497233985009e+01 -1.497233985091e+01 -1.497233985195e+01 -1.497233985326e+01 -1.497233985491e+01 -1.497233985699e+01 -1.497233985962e+01 -1.497233986293e+01 -1.497233986711e+01 -1.497233987239e+01 -1.497233987905e+01 -1.497233988745e+01 -1.497233989806e+01 -1.497233991144e+01 -1.497233992832e+01 -1.497233994963e+01 -1.497233997652e+01 -1.497234001044e+01 -1.497234005325e+01 -1.497234010727e+01 -1.497234017544e+01 -1.497234026146e+01 -1.497234037000e+01 -1.497234050696e+01 -1.497234067980e+01 -1.497234089789e+01 -1.497234117310e+01 -1.497234152039e+01 -1.497234195862e+01 -1.497234251164e+01 -1.497234320950e+01 -1.497234409016e+01 -1.497234520152e+01 -1.497234660405e+01 -1.497234837407e+01 -1.497235060795e+01 -1.497235342739e+01 -1.497235698605e+01 -1.497236147809e+01 -1.497236714879e+01 -1.497237430823e+01 -1.497238334850e+01 -1.497239476573e+01 -1.497240918812e+01 -1.497242741178e+01 -1.497245044682e+01 -1.497247957661e+01 -1.497251643467e+01 -1.497256310487e+01 -1.497262225310e+01 -1.497269730186e+01 -1.497279266458e+01 -1.497291406411e+01 -1.497306897279e+01 -1.497326723170e+01 -1.497352194112e+01 -1.497385077289e+01 -1.497427795947e+01 -1.497483740681e+01 -1.497557774542e+01 -1.497657087271e+01 -1.497792709940e+01 -1.497982350782e+01 -1.498256047536e+01 -1.498668261200e+01 -1.499325791738e+01 -1.500456592179e+01 -1.502579101782e+01 -1.506804978976e+01 -1.514556036491e+01 -1.525205953261e+01 -1.536340610375e+01 -1.546926500849e+01 -1.556840194372e+01 -1.566996579195e+01 -1.578480915378e+01 -1.589919684511e+01 -1.599983944127e+01 -1.609396957761e+01 -1.618781226065e+01 -1.628249754044e+01 -1.637792770833e+01 -1.647394986413e+01 -1.657046028410e+01 -1.666738816579e+01 -1.676468201115e+01 -1.686230186219e+01 -1.696021485870e+01 -1.705839272685e+01 -1.715681041931e+01 -1.725544542562e+01 -1.735427743875e+01 -1.745328817461e+01 -1.755246122830e+01 -1.765178191830e+01
-1.489139851006e+01 -1.489139851026e+01 -1.489139851051e+01 -1.489139851082e+01 -1.489139851122e+01 -1.489139851172e+01 -1.489139851236e+01 -1.489139851316e+01 -1.489139851417e+01 -1.489139851544e+01 -1.489139851705e+01 -1.489139851907e+01 -1.489139852163e+01 -1.489139852486e+01 -1.489139852893e+01 -1.489139853407e+01 -1.489139854056e+01 -1.489139854874e+01 -1.489139855907e+01 -1.489139857210e+01 -1.489139858855e+01 -1.489139860930e+01 -1.489139863548e+01 -1.489139866852e+01 -1.489139871021e+01 -1.489139876282e+01 -1.489139882921e+01 -1.489139891298e+01 -1.489139901868e+01 -1.489139915207e+01 -1.489139932039e+01 -1.489139953279e+01 -1.489139980081e+01 -1.489140013903e+01 -1.489140056582e+01 -1.489140110439e+01 -1.489140178403e+01 -1.489140264169e+01 -1.489140372402e+01 -1.489140508992e+01 -1.489140681371e+01 -1.489140898925e+01 -1.489141173506e+01 -1.489141520079e+01 -1.489141957552e+01 -1.489142509814e+01 -1.489143207063e+01 -1.489144087485e+01 -1.489145199399e+01 -1.489146603986e+01 -1.489148378783e+01 -1.489150622166e+01 -1.489153459131e+01 -1.489157048780e+01 -1.489161594080e+01 -1.489167354696e+01 -1.489174664005e+01 -1.489183951923e+01 -1.489195775958e+01 -1.489210864100e+01 -1.489230175208e+01 -1.489254985851e+01 -1.489287018331e+01 -1.489328634787e+01 -1.489383141064e+01 -1.489455280005e+01 -1.489552066091e+01 -1.489684266198e+01 -1.489869173881e+01 -1.490136143535e+01 -1.490538442685e+01 -1.491180639405e+01 -1.492286173433e+01 -1.494363526757e+01 -1.498500294230e+01 -1.506064817305e+01 -1.516398914844e+01 -1.527172518866e+01 -1.537409184555e+01 -1.547040584558e+01 -1.557173076415e+01 -1.568919310493e+01 -1.580564756412e+01 -1.590747079448e+01 -1.600300387074e+01 -1.609823725845e+01 -1.619414677611e+01 -1.629065100519e+01 -1.638762908346e+01 -1.648499958234e+01 -1.658270673566e+01 -1.668070968714e+01 -1.677897644205e+01 -1.687748046124e+01 -1.697619877607e+01 -1.707511099197e+01 -1.717419879265e+01 -1.727344569576e+01 -1.737283690553e+01 -1.747235918135e+01
-1.480634241033e+01 -1.480634241048e+01 -1.480634241068e+01 -1.480634241092e+01 -1.480634241123e+01 -1.480634241162e+01 -1.480634241211e+01 -1.480634241273e+01 -1.480634241351e+01 -1.480634241450e+01 -1.480634241574e+01 -1.480634241731e+01 -1.480634241929e+01 -1.480634242179e+01 -1.480634242495e+01 -1.480634242893e+01 -1.480634243395e+01 -1.480634244029e+01 -1.480634244829e+01 -1.480634245839e+01 -1.480634247113e+01 -1.480634248720e+01 -1.480634250748e+01 -1.480634253307e+01 -1.480634256537e+01 -1.480634260612e+01 -1.480634265754e+01 -1.480634272243e+01 -1.480634280431e+01 -1.480634290764e+01 -1.480634303802e+01 -1.480634320254e+01 -1.480634341015e+01 -1.480634367213e+01 -1.480634400271e+01 -1.480634441988e+01 -1.480634494630e+01 -1.480634561061e+01 -1.480634644893e+01 -1.480634750686e+01 -1.480634884195e+01 -1.480635052687e+01 -1.480635265335e+01 -1.480635533723e+01 -1.480635872481e+01 -1.480636300090e+01 -1.480636839900e+01 -1.480637521429e+01 -1.480638382003e+01 -1.480639468853e+01 -1.480640841784e+01 -1.480642576587e+01 -1.480644769429e+01 -1.480647542500e+01 -1.480651051330e+01 -1.480655494344e+01 -1.480661125401e+01 -1.480668270441e+01 -1.480677349819e+01 -1.480688908688e+01 -1.480703658979e+01 -1.480722538517e+01 -1.480746796066e+01 -1.480778116746e+01 -1.480818812264e+01 -1.480872118863e+01 -1.480942681252e+01 -1.481037371935e+01 -1.481166745848e+01 -1.481347768056e+01 -1.481609260471e+01 -1.482003580528e+01 -1.482633641241e+01 -1.483719639357e+01 -1.485762987538e+01 -1.489832756882e+01 -1.497248153773e+01 -1.507315222532e+01 -1.517781895682e+01 -1.527725475098e+01 -1.537134616272e+01 -1.547293920219e+01 -1.559308130842e+01 -1.571128512411e+01 -1.581404574532e+01 -1.591073514199e+01 -1.600710520627e+01 -1.610401271754e+01 -1.620139415276e+01 -1.629915443681e+01 -1.639722965719e+01 -1.649557584762e+01 -1.659416055522e+01 -1.669295814778e+01 -1.679194720838e+01 -1.689110911954e+01 -1.699042732945e+01 -1.708988699024e+01 -1.718947477309e+01 -1.728917874430e+01
-1.471776946180e+01 -1.471776946192e+01 -1.471776946207e+01 -1.471776946226e+01 -1.471776946250e+01 -1.471776946280e+01 -1.471776946319e+01 -1.471776946367e+01 -1.471776946427e+01 -1.471776946504e+01 -1.471776946601e+01 -1.471776946723e+01 -1.471776946877e+01 -1.471776947071e+01 -1.471776947317e+01 -1.471776947626e+01 -1.471776948017e+01 -1.471776948510e+01 -1.471776949131e+01 -1.471776949916e+01 -1.471776950906e+01 -1.471776952156e+01 -1.471776953732e+01 -1.471776955722e+01 -1.471776958232e+01 -1.471776961400e+01 -1.471776965398e+01 -1.471776970442e+01 -1.471776976807e+01 -1.471776984839e+01 -1.471776994974e+01 -1.471777007763e+01 -1.471777023902e+01 -1.471777044266e+01 -1.471777069964e+01 -1.471777102392e+01 -1.471777143313e+01 -1.471777194951e+01 -1.471777260114e+01 -1.471777342347e+01 -1.471777446121e+01 -1.471777577083e+01 -1.471777742360e+01 -1.471777950951e+01 -1.471778214220e+01 -1.471778546516e+01 -1.471778965968e+01 -1.471779495482e+01 -1.471780164013e+01 -1.471781008176e+01 -1.471782074305e+01 -1.471783421063e+01 -1.471785122805e+01 -1.471787273870e+01 -1.471789994129e+01 -1.471793436169e+01 -1.471797794664e+01 -1.471803318688e+01 -1.471810328054e+01 -1.471819235251e+01 -1.471830575277e+01 -1.471845046883e+01 -1.471863570669e+01 -1.471887372687e+01 -1.471918107779e+01 -1.471958046755e+01 -1.472010369694e+01 -1.472079642641e+01 -1.472172625235e+01 -1.472299705768e+01 -1.472477594713e+01 -1.472734709273e+01 -1.473122733485e+01 -1.473743399971e+01 -1.474814692864e+01 -1.476833278516e+01 -1.480854259452e+01 -1.488152319851e+01 -1.497996669511e+01 -1.508206127935e+01 -1.517906896240e+01 -1.527144928895e+01 -1.537368146061e+01 -1.549644558252e+01 -1.561608869989e+01 -1.571958335802e+01 -1.581721885629e+01 -1.591451229226e+01 -1.601223012718e+01 -1.611032508912e+01 -1.620872260705e+01 -1.630737249788e+01 -1.640624006600e+01 -1.650529951554e+01 -1.660453031620e+01 -1.670391521049e+01 -1.680343914748e+01 -1.690308873870e+01 -1.700285199007e+01 -1.710271815831e+01
-1.462624921551e+01 -1.462624921560e+01 -1.462624921572e+01 -1.462624921586e+01 -1.462624921605e+01 -1.462624921629e+01 -1.462624921658e+01 -1.462624921696e+01 -1.462624921743e+01 -1.462624921803e+01 -1.462624921879e+01 -1.462624921974e+01 -1.462624922094e+01 -1.462624922246e+01 -1.462624922437e+01 -1.462624922678e+01 -1.462624922983e+01 -1.462624923367e+01 -1.462624923852e+01 -1.462624924464e+01 -1.462624925236e+01 -1.462624926211e+01 -1.462624927441e+01 -1.462624928992e+01 -1.462624930950e+01 -1.462624933421e+01 -1.462624936539e+01 -1.462624940473e+01 -1.462624945437e+01 -1.462624951701e+01 -1.462624959606e+01 -1.462624969581e+01 -1.462624982168e+01 -1.462624998050e+01 -1.462625018093e+01 -1.462625043384e+01 -1.462625075298e+01 -1.462625115571e+01 -1.462625166391e+01 -1.462625230523e+01 -1.462625311453e+01 -1.462625413584e+01 -1.462625542473e+01 -1.462625705133e+01 -1.462625910422e+01 -1.462626169522e+01 -1.462626496558e+01 -1.462626909370e+01 -1.462627430503e+01 -1.462628088454e+01 -1.462628919261e+01 -1.462629968523e+01 -1.462631293981e+01 -1.462632968817e+01 -1.462635085884e+01 -1.462637763171e+01 -1.462641150873e+01 -1.462645440618e+01 -1.462650877595e+01 -1.462657776654e+01 -1.462666543908e+01 -1.462677706141e+01 -1.462691951465e+01 -1.462710186599e+01 -1.462733619342e+01 -1.462763880291e+01 -1.462803207644e+01 -1.462854736952e+01 -1.462922972340e+01 -1.463014585455e+01 -1.463139836295e+01 -1.463315242708e+01 -1.463568923040e+01 -1.463952081365e+01 -1.464565651926e+01 -1.465626223047e+01 -1.467627540489e+01 -1.471614296020e+01 -1.478821648379e+01 -1.488482441161e+01 -1.498478872230e+01 -1.507980595959e+01 -1.517089861207e+01 -1.527402210620e+01 -1.539926941822e+01 -1.552007133593e+01 -1.562413494268e+01 -1.572253921397e+01 -1.582057981384e+01 -1.591895328143e+01 -1.601762649611e+01 -1.611654107587e+01 -1.621565759233e+01 -1.631494864426e+01 -1.641439372201e+01 -1.651397639390e+01 -1.661368277987e+01 -1.671350074551e+01 -1.681341949525e+01 -1.691342937090e+01
-1.453230186473e+01 -1.453230186481e+01 -1.453230186490e+01 -1.453230186501e+01 -1.453230186516e+01 -1.453230186534e+01 -1.453230186558e+01 -1.453230186587e+01 -1.453230186624e+01 -1.453230186671e+01 -1.453230186730e+01 -1.453230186804e+01 -1.453230186898e+01 -1.453230187017e+01 -1.453230187167e+01 -1.453230187355e+01 -1.453230187594e+01 -1.453230187894e+01 -1.453230188274e+01 -1.453230188752e+01 -1.453230189357e+01 -1.453230190119e+01 -1.453230191081e+01 -1.453230192295e+01 -1.453230193826e+01 -1.453230195759e+01 -1.453230198198e+01 -1.453230201275e+01 -1.453230205159e+01 -1.453230210059e+01 -1.453230216242e+01 -1.453230224045e+01 -1.453230233890e+01 -1.453230246315e+01 -1.453230261992e+01 -1.453230281776e+01 -1.453230306740e+01 -1.453230338242e+01 -1.453230377995e+01 -1.453230428159e+01 -1.453230491462e+01 -1.453230571347e+01 -1.453230672160e+01 -1.453230799384e+01 -1.453230959944e+01 -1.453231162582e+01 -1.453231418337e+01 -1.453231741150e+01 -1.453232148633e+01 -1.453232663039e+01 -1.453233312498e+01 -1.453234132584e+01 -1.453235168310e+01 -1.453236476675e+01 -1.453238129919e+01 -1.453240219708e+01 -1.453242862520e+01 -1.453246206633e+01 -1.453250441237e+01 -1.453255808416e+01 -1.453262619048e+01 -1.453271274161e+01 -1.453282293990e+01 -1.453296358179e+01 -1.453314362428e+01 -1.453337500089e+01 -1.453367382640e+01 -1.453406222690e+01 -1.453457121068e+01 -1.453524534023e+01 -1.453615065908e+01 -1.453738880098e+01 -1.453912352437e+01 -1.454163387845e+01 -1.454542864245e+01 -1.455151216129e+01 -1.456204263501e+01 -1.458194221357e+01 -1.462158361308e+01 -1.469296531416e+01 -1.478807615198e+01 -1.488629282220e+01 -1.497969235450e+01 -1.506983919655e+01 -1.517400768313e+01 -1.530155040045e+01 -1.542327090235e+01 -1.552777220345e+01 -1.562679786239e+01 -1.572544089135e+01 -1.582434318211e+01 -1.592348347376e+01 -1.602281611680e+01 -1.612231010967e+01 -1.622194379889e+01 -1.632170087881e+01 -1.642156821174e+01 -1.652153465618e+01 -1.662159045467e+01 -1.672172692735e+01
-1.443638671155e+01 -1.443638671161e+01 -1.443638671168e+01 -1.443638671177e+01 -1.443638671189e+01 -1.443638671203e+01 -1.443638671221e+01 -1.443638671244e+01 -1.443638671273e+01 -1.443638671310e+01 -1.443638671356e+01 -1.443638671415e+01 -1.443638671489e+01 -1.443638671582e+01 -1.443638671699e+01 -1.443638671847e+01 -1.443638672034e+01 -1.443638672270e+01 -1.443638672567e+01 -1.443638672943e+01 -1.443638673416e+01 -1.443638674014e+01 -1.443638674769e+01 -1.443638675721e+01 -1.443638676922e+01 -1.443638678438e+01 -1.443638680350e+01 -1.443638682764e+01 -1.443638685809e+01 -1.443638689652e+01 -1.443638694502e+01 -1.443638700621e+01 -1.443638708342e+01 -1.443638718086e+01 -1.443638730381e+01 -1.443638745896e+01 -1.443638765474e+01 -1.443638790180e+01 -1.443638821355e+01 -1.443638860695e+01 -1.443638910339e+01 -1.443638972985e+01 -1.443639052042e+01 -1.443639151808e+01 -1.443639277712e+01 -1.443639436606e+01 -1.443639637142e+01 -1.443639890244e+01 -1.443640209709e+01 -1.443640612966e+01 -1.443641122038e+01 -1.443641764764e+01 -1.443642576349e+01 -1.443643601343e+01 -1.443644896155e+01 -1.443646532282e+01 -1.443648600447e+01 -1.443651215934e+01 -1.443654525503e+01 -1.443658716417e+01 -1.443664028306e+01 -1.443670768915e+01 -1.443679335258e+01 -1.443690242419e+01 -1.443704163388e+01 -1.443721985232e+01 -1.443744890019e+01 -1.443774474359e+01 -1.443812931068e+01 -1.443863334316e+01 -1.443930103937e+01 -1.444019793782e+01 -1.444142496034e+01 -1.444314484745e+01 -1.444563518302e+01 -1.444940266810e+01 -1.445544889978e+01 -1.446592901809e+01 -1.448575999933e+01 -1.452526269317e+01 -1.459612572631e+01 -1.469002510330e+01 -1.478681906710e+01 -1.487891302066e+01 -1.496838396158e+01 -1.507367297608e+01 -1.520329950774e+01 -1.532574131700e+01 -1.543057759133e+01 -1.553010335531e+01 -1.562923066290e+01 -1.572855832537e+01 -1.582807478724e+01 -1.592774439340e+01 -1.602754274998e+01 -1.612745273795e+01 -1.622746139746e+01 -1.632755823668e+01 -1.642773432961e+01 -1.652798184902e+01
-1.433889830720e+01 -1.433889830724e+01 -1.433889830730e+01 -1.433889830737e+01 -1.433889830746e+01 -1.433889830757e+01 -1.433889830772e+01 -1.433889830790e+01 -1.433889830813e+01 -1.433889830841e+01 -1.433889830878e+01 -1.433889830924e+01 -1.433889830982e+01 -1.433889831055e+01 -1.433889831147e+01 -1.433889831263e+01 -1.433889831410e+01 -1.433889831596e+01 -1.433889831829e+01 -1.433889832125e+01 -1.433889832497e+01 -1.433889832967e+01 -1.433889833560e+01 -1.433889834308e+01 -1.433889835252e+01 -1.433889836443e+01 -1.433889837947e+01 -1.433889839843e+01 -1.433889842237e+01 -1.433889845258e+01 -1.433889849069e+01 -1.433889853878e+01 -1.433889859947e+01 -1.433889867605e+01 -1.433889877269e+01 -1.433889889463e+01 -1.433889904850e+01 -1.433889924267e+01 -1.433889948769e+01 -1.433889979687e+01 -1.433890018703e+01 -1.433890067938e+01 -1.433890130069e+01 -1.433890208474e+01 -1.433890307419e+01 -1.433890432286e+01 -1.433890589872e+01 -1.433890788757e+01 -1.433891039776e+01 -1.433891356612e+01 -1.433891756550e+01 -1.433892261433e+01 -1.433892898872e+01 -1.433893703783e+01 -1.433894720350e+01 -1.433896004522e+01 -1.433897627212e+01 -1.433899678403e+01 -1.433902272443e+01 -1.433905554904e+01 -1.433909711541e+01 -1.433914980061e+01 -1.433921665763e+01 -1.433930162530e+01 -1.433940981431e+01 -1.433954790284e+01 -1.433972469462e+01 -1.433995192320e+01 -1.434024544035e+01 -1.434062702299e+01 -1.434112721078e+01 -1.434178992916e+01 -1.434268034396e+01 -1.434389886360e+01 -1.434560752007e+01 -1.434808293756e+01 -1.435183061317e+01 -1.435785101063e+01 -1.436829942383e+01 -1.438809460616e+01 -1.442752221601e+01 -1.449800140347e+01 -1.459092711090e+01 -1.468656987334e+01 -1.477761625176e+01 -1.486661992944e+01 -1.497304554758e+01 -1.510453866837e+01 -1.522754517255e+01 -1.533263707811e+01 -1.543256394308e+01 -1.553207956914e+01 -1.563174856829e+01 -1.573156720672e+01 -1.583150766832e+01 -1.593155074525e+01 -1.603168289900e+01 -1.613189383296e+01 -1.623217517808e+01 -1.633251979613e+01
-1.424016806720e+01 -1.424016806724e+01 -1.424016806728e+01 -1.424016806734e+01 -1.424016806741e+01 -1.424016806750e+01 -1.424016806761e+01 -1.424016806776e+01 -1.424016806794e+01 -1.424016806816e+01 -1.424016806845e+01 -1.424016806881e+01 -1.424016806927e+01 -1.424016806984e+01 -1.424016807057e+01 -1.424016807149e+01 -1.424016807264e+01 -1.424016807410e+01 -1.424016807594e+01 -1.424016807827e+01 -1.424016808120e+01 -1.424016808490e+01 -1.424016808957e+01 -1.424016809546e+01 -1.424016810289e+01 -1.424016811227e+01 -1.424016812411e+01 -1.424016813904e+01 -1.424016815789e+01 -1.424016818167e+01 -1.424016821168e+01 -1.424016824954e+01 -1.424016829733e+01 -1.424016835762e+01 -1.424016843371e+01 -1.424016852971e+01 -1.424016865086e+01 -1.424016880374e+01 -1.424016899665e+01 -1.424016924008e+01 -1.424016954727e+01 -1.424016993490e+01 -1.424017042406e+01 -1.424017104135e+01 -1.424017182032e+01 -1.424017280336e+01 -1.424017404395e+01 -1.424017560961e+01 -1.424017758559e+01 -1.424018007953e+01 -1.424018322738e+01 -1.424018720088e+01 -1.424019221705e+01 -1.424019855021e+01 -1.424020654727e+01 -1.424021664723e+01 -1.424022940599e+01 -1.424024552813e+01 -1.424026590773e+01 -1.424029168096e+01 -1.424032429432e+01 -1.424036559362e+01 -1.424041794102e+01 -1.424048437049e+01 -1.424056879664e+01 -1.424067629908e+01 -1.424081351609e+01 -1.424098919993e+01 -1.424121501731e+01 -1.424150673284e+01 -1.424188600890e+01 -1.424238323345e+01 -1.424304212965e+01 -1.424392759207e+01 -1.424513966561e+01 -1.424683990328e+01 -1.424930433562e+01 -1.425303786802e+01 -1.425904091217e+01 -1.426947095724e+01 -1.428925285754e+01 -1.432864907032e+01 -1.439884681124e+01 -1.449099375447e+01 -1.458570954993e+01 -1.467591952498e+01 -1.476461382586e+01 -1.487214874103e+01 -1.500529767760e+01 -1.512874813764e+01 -1.523403514327e+01 -1.533428282688e+01 -1.543410916408e+01 -1.553405149485e+01 -1.563411232695e+01 -1.573426999244e+01 -1.583450935753e+01 -1.593481971285e+01 -1.603519288127e+01 -1.613562219436e+01
