-1.445808696893e+01 -1.445891062620e+01 -1.445966049861e+01 -1.446034313571e+01 -1.446096283411e+01 -1.446152220954e+01 -1.446202295025e+01 -1.446246658191e+01 -1.446285507542e+01 -1.446319119423e+01 -1.446347856753e+01 -1.446372154880e+01 -1.446392495316e+01 -1.446409376336e+01 -1.446423286816e+01 -1.446434686623e+01 -1.446443994291e+01 -1.446451581211e+01 -1.446457770846e+01 -1.446462841402e+01 -1.446467030611e+01 -1.446470541619e+01 -1.446473549300e+01 -1.446476206602e+01 -1.446478650726e+01 -1.446481009091e+01 -1.446483405123e+01 -1.446485963962e+01 -1.446488818201e+01 -1.446492113744e+01 -1.446496015860e+01 -1.446500715409e+01 -1.446506435106e+01 -1.446513435511e+01 -1.446522020179e+01 -1.446532539138e+01 -1.446545389530e+01 -1.446561012079e+01 -1.446579882134e+01 -1.446602494710e+01 -1.446629344587e+01 -1.446660905218e+01 -1.446697614006e+01 -1.446739875371e+01 -1.446788095621e+01 -1.446842763137e+01 -1.446904583093e+01 -1.446974669249e+01 -1.447054789920e+01 -1.447147664888e+01 -1.447257316223e+01 -1.447389485394e+01 -1.447552133821e+01 -1.447756033526e+01 -1.448015419657e+01 -1.448348618068e+01 -1.448778505979e+01 -1.449332671185e+01 -1.450043240722e+01 -1.450946336177e+01 -1.452082233820e+01 -1.453492593943e+01 -1.455220255243e+01 -1.457305934589e+01 -1.459785316758e+01 -1.462689974024e+01 -1.466040299570e+01 -1.469850919577e+01 -1.474128018182e+01 -1.478870716425e+01 -1.484072511973e+01 -1.489722570142e+01 -1.495807310947e+01 -1.502310720086e+01 -1.509213731464e+01 -1.516494125809e+01 -1.524128180730e+01 -1.532092118929e+01 -1.540362956202e+01 -1.548919141227e+01 -1.557741196817e+01 -1.566812148663e+01 -1.576117922439e+01 -1.585647671193e+01 -1.595393961803e+01 -1.605352587902e+01 -1.615521626120e+01 -1.625899025751e+01 -1.636479163235e+01 -1.647252722258e+01 -1.658209278344e+01 -1.669338380945e+01 -1.680629722132e+01 -1.692073209347e+01 -1.703659033903e+01 -1.715377734617e+01 -1.727220244162e+01 -1.739177226064e+01 -1.751242646577e+01 -1.763406678268e+01
-1.443752366422e+01 -1.444127904284e+01 -1.444447076229e+01 -1.444719931722e+01 -1.444954471090e+01 -1.445157123336e+01 -1.445333099213e+01 -1.445486647718e+01 -1.445621236628e+01 -1.445739676766e+01 -1.445844212005e+01 -1.445936597292e+01 -1.446018181776e+01 -1.446090003599e+01 -1.446152891046e+01 -1.446207556991e+01 -1.446254672847e+01 -1.446294913947e+01 -1.446328976361e+01 -1.446357571834e+01 -1.446381410350e+01 -1.446401179218e+01 -1.446417524877e+01 -1.446431040576e+01 -1.446442260653e+01 -1.446451660663e+01 -1.446459662011e+01 -1.446466639646e+01 -1.446472931663e+01 -1.446478849911e+01 -1.446484691052e+01 -1.446490747700e+01 -1.446497319363e+01 -1.446504722946e+01 -1.446513302439e+01 -1.446523437218e+01 -1.446535548140e+01 -1.446550100332e+01 -1.446567601466e+01 -1.446588594559e+01 -1.446613645267e+01 -1.446643325576e+01 -1.446678198964e+01 -1.446718816087e+01 -1.446765734016e+01 -1.446819574220e+01 -1.446881133397e+01 -1.446951556604e+01 -1.447032575883e+01 -1.447126813608e+01 -1.447238150994e+01 -1.447372168206e+01 -1.447536666946e+01 -1.447742278583e+01 -1.448003129670e+01 -1.448337480369e+01 -1.448768194569e+01 -1.449322902167e+01 -1.450033815062e+01 -1.450937153640e+01 -1.452073261487e+01 -1.453483847536e+01 -1.455211762706e+01 -1.457297725851e+01 -1.459777423077e+01 -1.462682403604e+01 -1.466033068194e+01 -1.469844029527e+01 -1.474121464616e+01 -1.478864488872e+01 -1.484066594938e+01 -1.489716945489e+01 -1.495801958767e+01 -1.502305620701e+01 -1.509208866850e+01 -1.516489479272e+01 -1.524123736162e+01 -1.532087860829e+01 -1.540358869642e+01 -1.548915212006e+01 -1.557737411358e+01 -1.566808493996e+01 -1.576114386135e+01 -1.585644241294e+01 -1.595390626804e+01 -1.605349336863e+01 -1.615518449049e+01 -1.625895914402e+01 -1.636476111532e+01 -1.647249725363e+01 -1.658206331949e+01 -1.669335481137e+01 -1.680626865344e+01 -1.692070392322e+01 -1.703656253658e+01 -1.715374988412e+01 -1.727217529479e+01 -1.739174541298e+01 -1.751239988122e+01 -1.763404044860e+01
-1.424475744047e+01 -1.429780502140e+01 -1.433592551336e+01 -1.436380106874e+01 -1.438455755394e+01 -1.440028306698e+01 -1.441239018690e+01 -1.442184931161e+01 -1.442933977542e+01 -1.443533958657e+01 -1.444020064724e+01 -1.444417730550e+01 -1.444745976810e+01 -1.445019158708e+01 -1.445248227084e+01 -1.445441600459e+01 -1.445605775524e+01 -1.445745769213e+01 -1.445865457445e+01 -1.445967850969e+01 -1.446055327224e+01 -1.446129821769e+01 -1.446192976258e+01 -1.446246241299e+01 -1.446290938145e+01 -1.446328288521e+01 -1.446359424270e+01 -1.446385387573e+01 -1.446407129584e+01 -1.446425511903e+01 -1.446441312574e+01 -1.446455236486e+01 -1.446467929197e+01 -1.446479992895e+01 -1.446492003236e+01 -1.446504525892e+01 -1.446518131653e+01 -1.446533408941e+01 -1.446550972491e+01 -1.446571467082e+01 -1.446595565666e+01 -1.446623962518e+01 -1.446657364319e+01 -1.446696485660e+01 -1.446742059757e+01 -1.446794879149e+01 -1.446855883097e+01 -1.446926306965e+01 -1.447007904132e+01 -1.447103245394e+01 -1.447216097748e+01 -1.447351885455e+01 -1.447518238026e+01 -1.447725622629e+01 -1.447988030302e+01 -1.448323631868e+01 -1.448755261981e+01 -1.449310586273e+01 -1.450021903499e+01 -1.450925540093e+01 -1.452061912174e+01 -1.453472784132e+01 -1.455201020724e+01 -1.457287343066e+01 -1.459767438895e+01 -1.462672828487e+01 -1.466023921999e+01 -1.469835315109e+01 -1.474113175828e+01 -1.478856612449e+01 -1.484059111273e+01 -1.489709831633e+01 -1.495795189529e+01 -1.502299171190e+01 -1.509202714264e+01 -1.516483602496e+01 -1.524118114824e+01 -1.532082475323e+01 -1.540353701088e+01 -1.548910242445e+01 -1.557732623618e+01 -1.566803871672e+01 -1.576109913510e+01 -1.585639903244e+01 -1.595386408775e+01 -1.605345225023e+01 -1.615514430758e+01 -1.625891979232e+01 -1.636472251797e+01 -1.647245934944e+01 -1.658202605399e+01 -1.669331813506e+01 -1.680623252121e+01 -1.692066829388e+01 -1.703652737239e+01 -1.715371515045e+01 -1.727214095980e+01 -1.739171145634e+01 -1.751236625735e+01 -1.763400714151e+01
-1.246674643332e+01 -1.264035208253e+01 -1.282681039211e+01 -1.302886840932e+01 -1.325179328152e+01 -1.349617054090e+01 -1.374461902882e+01 -1.395913510679e+01 -1.411627854191e+01 -1.422199525318e+01 -1.429182317747e+01 -1.433853953799e+01 -1.437053441914e+01 -1.439302323738e+01 -1.440922527482e+01 -1.442116419898e+01 -1.443014065376e+01 -1.443701144004e+01 -1.444235386674e+01 -1.444656684706e+01 -1.444993035534e+01 -1.445264460590e+01 -1.445485467485e+01 -1.445666698386e+01 -1.445816065061e+01 -1.445939551591e+01 -1.446041788084e+01 -1.446126456506e+01 -1.446196569820e+01 -1.446254657261e+01 -1.446302883938e+01 -1.446343128185e+01 -1.446377034402e+01 -1.446406053259e+01 -1.446431476163e+01 -1.446454467205e+01 -1.446476093481e+01 -1.446497353368e+01 -1.446519201682e+01 -1.446542570425e+01 -1.446568384054e+01 -1.446597568940e+01 -1.446631058320e+01 -1.446669796828e+01 -1.446714752693e+01 -1.446766950372e+01 -1.446827540536e+01 -1.446897926210e+01 -1.446979962307e+01 -1.447076241192e+01 -1.447190471517e+01 -1.447327953879e+01 -1.447496153836e+01 -1.447705363721e+01 -1.447969417842e+01 -1.448306374561e+01 -1.448739021218e+01 -1.449295050053e+01 -1.450006846767e+01 -1.450910850668e+01 -1.452047555708e+01 -1.453458789759e+01 -1.455187433421e+01 -1.457274210471e+01 -1.459754810641e+01 -1.462660717935e+01 -1.466012354102e+01 -1.469824293428e+01 -1.474102692547e+01 -1.478846650761e+01 -1.484049646364e+01 -1.489700834457e+01 -1.495786628217e+01 -1.502291014250e+01 -1.509194932850e+01 -1.516476169901e+01 -1.524111005282e+01 -1.532075664037e+01 -1.540347164181e+01 -1.548903957204e+01 -1.557726568326e+01 -1.566798025584e+01 -1.576104256744e+01 -1.585634416676e+01 -1.595381074000e+01 -1.605340024546e+01 -1.615509348592e+01 -1.625887002188e+01 -1.636467370155e+01 -1.647241140963e+01 -1.658197892193e+01 -1.669327174814e+01 -1.680618682238e+01 -1.692062323103e+01 -1.703648289783e+01 -1.715367122035e+01 -1.727209753390e+01 -1.739166850893e+01 -1.751232373082e+01 -1.763396501562e+01
-1.242941818903e+01 -1.242944086799e+01 -1.242947290587e+01 -1.242951998720e+01 -1.242959334242e+01 -1.242971869872e+01 -1.242997072777e+01 -1.243069136748e+01 -1.243566627870e+01 -1.258893634179e+01 -1.277526764641e+01 -1.297774476600e+01 -1.320377869562e+01 -1.345940643683e+01 -1.373359958770e+01 -1.397798823668e+01 -1.415106989071e+01 -1.425929362847e+01 -1.432572398587e+01 -1.436746654941e+01 -1.439464362147e+01 -1.441297884133e+01 -1.442575400244e+01 -1.443491207168e+01 -1.444163290588e+01 -1.444667411023e+01 -1.445052184625e+01 -1.445350241745e+01 -1.445583933708e+01 -1.445768946390e+01 -1.445916571920e+01 -1.446035158745e+01 -1.446131046763e+01 -1.446209175528e+01 -1.446273484954e+01 -1.446327185347e+01 -1.446372945638e+01 -1.446413030094e+01 -1.446449401591e+01 -1.446483801810e+01 -1.446517814142e+01 -1.446552912723e+01 -1.446590500424e+01 -1.446631939648e+01 -1.446678582477e+01 -1.446731810867e+01 -1.446793102529e+01 -1.446864142404e+01 -1.446947001563e+01 -1.447044403711e+01 -1.447160094560e+01 -1.447299322756e+01 -1.447469433094e+01 -1.447680559297e+01 -1.447946375210e+01 -1.448284812775e+01 -1.448718597266e+01 -1.449275438712e+01 -1.449987809464e+01 -1.450892268887e+01 -1.452029394605e+01 -1.453441087637e+01 -1.455170247044e+01 -1.457257599839e+01 -1.459738838192e+01 -1.462645400778e+01 -1.465997723531e+01 -1.469810353870e+01 -1.474089434054e+01 -1.478834052024e+01 -1.484037675974e+01 -1.489689455650e+01 -1.495775800666e+01 -1.502280698111e+01 -1.509185091633e+01 -1.516466769824e+01 -1.524102013758e+01 -1.532067049705e+01 -1.540338896846e+01 -1.548896008140e+01 -1.557718910069e+01 -1.566790631897e+01 -1.576097102489e+01 -1.585627477663e+01 -1.595374326955e+01 -1.605333447342e+01 -1.615502921013e+01 -1.625880707550e+01 -1.636461196164e+01 -1.647235077833e+01 -1.658191931212e+01 -1.669321308066e+01 -1.680612902509e+01 -1.692056623805e+01 -1.703642664881e+01 -1.715361565989e+01 -1.727204261108e+01 -1.739161419121e+01 -1.751226994539e+01 -1.763391173684e+01
-1.242936093188e+01 -1.242936438332e+01 -1.242936882444e+01 -1.242937456991e+01 -1.242938205488e+01 -1.242939189518e+01 -1.242940498792e+01 -1.242942268854e+01 -1.242944714233e+01 -1.242948195500e+01 -1.242953369017e+01 -1.242961569002e+01 -1.242975987407e+01 -1.243006614470e+01 -1.243107755767e+01 -1.245502268443e+01 -1.263229324776e+01 -1.282507373558e+01 -1.303774110942e+01 -1.328039779297e+01 -1.356135549259e+01 -1.385812527000e+01 -1.409643583963e+01 -1.424320571760e+01 -1.432605408424e+01 -1.437372466305e+01 -1.440250098503e+01 -1.442074830356e+01 -1.443283341611e+01 -1.444113782167e+01 -1.444702050455e+01 -1.445129595437e+01 -1.445446931532e+01 -1.445686719888e+01 -1.445870808752e+01 -1.446014299322e+01 -1.446127955982e+01 -1.446219680511e+01 -1.446295442466e+01 -1.446359884789e+01 -1.446416729830e+01 -1.446469058958e+01 -1.446519509867e+01 -1.446570419738e+01 -1.446623934655e+01 -1.446682103221e+01 -1.446746973675e+01 -1.446820717100e+01 -1.446905802655e+01 -1.447005251912e+01 -1.447122996749e+01 -1.447264358401e+01 -1.447436653862e+01 -1.447649917265e+01 -1.447917691033e+01 -1.448257788776e+01 -1.448692871805e+01 -1.449250665666e+01 -1.449963732303e+01 -1.450868760674e+01 -1.452006419492e+01 -1.453418694939e+01 -1.455148508101e+01 -1.457236590106e+01 -1.459718636102e+01 -1.462626028287e+01 -1.465979219807e+01 -1.469792724382e+01 -1.474072666121e+01 -1.478818118615e+01 -1.484022537320e+01 -1.489675065212e+01 -1.495762107413e+01 -1.502267651626e+01 -1.509172645750e+01 -1.516454881815e+01 -1.524090642409e+01 -1.532056155356e+01 -1.540328441310e+01 -1.548885955092e+01 -1.557709224778e+01 -1.566781281185e+01 -1.576088054564e+01 -1.585618701938e+01 -1.595365793995e+01 -1.605325129168e+01 -1.615494792054e+01 -1.625872746708e+01 -1.636453387889e+01 -1.647227409749e+01 -1.658184392303e+01 -1.669313888322e+01 -1.680605592807e+01 -1.692049415814e+01 -1.703635550973e+01 -1.715354539155e+01 -1.727197314910e+01 -1.739154549439e+01 -1.751220192174e+01 -1.763384435393e+01
-1.242935166368e+01 -1.242935256026e+01 -1.242935369750e+01 -1.242935514199e+01 -1.242935697996e+01 -1.242935932380e+01 -1.242936232127e+01 -1.242936616860e+01 -1.242937112985e+01 -1.242937756623e+01 -1.242938598189e+01 -1.242939709877e+01 -1.242941198414e+01 -1.242943228106e+01 -1.242946065337e+01 -1.242950172224e+01 -1.242956427058e+01 -1.242966729580e+01 -1.242986092534e+01 -1.243033355305e+01 -1.243266501734e+01 -1.253055541819e+01 -1.271685662931e+01 -1.292054523428e+01 -1.315106718420e+01 -1.342258881913e+01 -1.373995238037e+01 -1.403893550755e+01 -1.422998263021e+01 -1.432964016544e+01 -1.438180837384e+01 -1.441091554134e+01 -1.442826949937e+01 -1.443922344281e+01 -1.444645329720e+01 -1.445141842258e+01 -1.445493667933e+01 -1.445750129538e+01 -1.445942190903e+01 -1.446090094898e+01 -1.446207591744e+01 -1.446304382681e+01 -1.446387588032e+01 -1.446462660489e+01 -1.446533973702e+01 -1.446605219387e+01 -1.446679696854e+01 -1.446760554537e+01 -1.446851032205e+01 -1.446954747518e+01 -1.447076066310e+01 -1.447220588474e+01 -1.447395767712e+01 -1.447611660009e+01 -1.447881756821e+01 -1.448223800290e+01 -1.448660412325e+01 -1.449219348010e+01 -1.449933271237e+01 -1.450839015883e+01 -1.451977352570e+01 -1.453390368019e+01 -1.455121010398e+01 -1.457210016322e+01 -1.459693084576e+01 -1.462601527281e+01 -1.465955818200e+01 -1.469770428888e+01 -1.474051460538e+01 -1.478797968627e+01 -1.484003392566e+01 -1.489656866761e+01 -1.495744790677e+01 -1.502251152808e+01 -1.509156906439e+01 -1.516439847966e+01 -1.524076261902e+01 -1.532042378033e+01 -1.540315218887e+01 -1.548873241630e+01 -1.557696976360e+01 -1.566769455857e+01 -1.576076612126e+01 -1.585607603710e+01 -1.595355002758e+01 -1.605314609538e+01 -1.615484511696e+01 -1.625862678936e+01 -1.636443513038e+01 -1.647217712168e+01 -1.658174858065e+01 -1.669304504768e+01 -1.680596348403e+01 -1.692040300026e+01 -1.703626554152e+01 -1.715345652442e+01 -1.727188530163e+01 -1.739145861444e+01 -1.751211589310e+01 -1.763375913552e+01
-1.242934942882e+01 -1.242934973152e+01 -1.242935011415e+01 -1.242935059806e+01 -1.242935121040e+01 -1.242935198583e+01 -1.242935296873e+01 -1.242935421607e+01 -1.242935580141e+01 -1.242935782020e+01 -1.242936039726e+01 -1.242936369728e+01 -1.242936794001e+01 -1.242937342294e+01 -1.242938055594e+01 -1.242938991644e+01 -1.242940234081e+01 -1.242941908366e+01 -1.242944211247e+01 -1.242947469453e+01 -1.242952268197e+01 -1.242959770215e+01 -1.242972662094e+01 -1.242998857092e+01 -1.243075795282e+01 -1.243622296587e+01 -1.260201029019e+01 -1.279657890461e+01 -1.301276837195e+01 -1.326444740592e+01 -1.357091882390e+01 -1.391893843066e+01 -1.418504168302e+01 -1.431961459714e+01 -1.438279979970e+01 -1.441479011980e+01 -1.443249401345e+01 -1.444305338009e+01 -1.444973574111e+01 -1.445418739697e+01 -1.445728696125e+01 -1.445953921282e+01 -1.446124956557e+01 -1.446261252439e+01 -1.446375856177e+01 -1.446478023749e+01 -1.446574750585e+01 -1.446671727357e+01 -1.446773998382e+01 -1.446886489183e+01 -1.447014513464e+01 -1.447164336622e+01 -1.447343845793e+01 -1.447563343296e+01 -1.447836432116e+01 -1.448180893448e+01 -1.448619380749e+01 -1.449179723748e+01 -1.449894719669e+01 -1.450801373844e+01 -1.451940575812e+01 -1.453354532999e+01 -1.455086227995e+01 -1.457176405083e+01 -1.459660767508e+01 -1.462570540870e+01 -1.465926223229e+01 -1.469742233518e+01 -1.474024644023e+01 -1.478772487357e+01 -1.483979182743e+01 -1.489633853742e+01 -1.495722892708e+01 -1.502230289145e+01 -1.509137003174e+01 -1.516420836742e+01 -1.524058076805e+01 -1.532024955638e+01 -1.540298498137e+01 -1.548857164441e+01 -1.557681487200e+01 -1.566754501678e+01 -1.576062142098e+01 -1.585593568927e+01 -1.595341356157e+01 -1.605301306378e+01 -1.615471511086e+01 -1.625849947125e+01 -1.636431025158e+01 -1.647205448428e+01 -1.658162800857e+01 -1.669292638088e+01 -1.680584657666e+01 -1.692028771913e+01 -1.703615176466e+01 -1.715334413980e+01 -1.727177420632e+01 -1.739134874240e+01 -1.751200709761e+01 -1.763365136452e+01
-1.242934874578e+01 -1.242934886868e+01 -1.242934902387e+01 -1.242934921987e+01 -1.242934946748e+01 -1.242934978038e+01 -1.242935017593e+01 -1.242935067621e+01 -1.242935130933e+01 -1.242935211118e+01 -1.242935312771e+01 -1.242935441799e+01 -1.242935605829e+01 -1.242935814772e+01 -1.242936081603e+01 -1.242936423462e+01 -1.242936863266e+01 -1.242937432109e+01 -1.242938172952e+01 -1.242939146535e+01 -1.242940441232e+01 -1.242942190360e+01 -1.242944604504e+01 -1.242948036686e+01 -1.242953127275e+01 -1.242961171539e+01 -1.242975244781e+01 -1.243004844079e+01 -1.243100015199e+01 -1.244879421170e+01 -1.262976057004e+01 -1.282858590169e+01 -1.305203034729e+01 -1.331714939037e+01 -1.364884232777e+01 -1.401743588955e+01 -1.425807852324e+01 -1.436258887680e+01 -1.440833751408e+01 -1.443086302402e+01 -1.444318797956e+01 -1.445051242209e+01 -1.445519764065e+01 -1.445839033461e+01 -1.446070682189e+01 -1.446250095094e+01 -1.446399056653e+01 -1.446532026837e+01 -1.446659480005e+01 -1.446789839270e+01 -1.446930743457e+01 -1.447090029741e+01 -1.447276641891e+01 -1.447501570771e+01 -1.447778847452e+01 -1.448126515450e+01 -1.448567412556e+01 -1.449129544533e+01 -1.449845908642e+01 -1.450753728347e+01 -1.451894039692e+01 -1.453309197745e+01 -1.455042230323e+01 -1.457133892882e+01 -1.459619894162e+01 -1.462531353635e+01 -1.465888797345e+01 -1.469706578776e+01 -1.473990733770e+01 -1.478740266110e+01 -1.483948569648e+01 -1.489604754220e+01 -1.495695203253e+01 -1.502203907552e+01 -1.509111835918e+01 -1.516396797361e+01 -1.524035081948e+01 -1.532002925102e+01 -1.540277354730e+01 -1.548836834719e+01 -1.557661900956e+01 -1.566735591843e+01 -1.576043844407e+01 -1.585575821547e+01 -1.595324099586e+01 -1.605284484043e+01 -1.615455071282e+01 -1.625833847169e+01 -1.636415233598e+01 -1.647189940244e+01 -1.658147553789e+01 -1.669277631903e+01 -1.680569873927e+01 -1.692014193782e+01 -1.703600788521e+01 -1.715320202061e+01 -1.727163371723e+01 -1.739120979979e+01 -1.751186951628e+01 -1.763351507852e+01
-1.242934849647e+01 -1.242934855394e+01 -1.242934862647e+01 -1.242934871805e+01 -1.242934883366e+01 -1.242934897964e+01 -1.242934916400e+01 -1.242934939690e+01 -1.242934969117e+01 -1.242935006315e+01 -1.242935053354e+01 -1.242935112873e+01 -1.242935188238e+01 -1.242935283754e+01 -1.242935404949e+01 -1.242935558953e+01 -1.242935755014e+01 -1.242936005211e+01 -1.242936325463e+01 -1.242936736980e+01 -1.242937268421e+01 -1.242937959177e+01 -1.242938864580e+01 -1.242940064481e+01 -1.242941678103e+01 -1.242943891304e+01 -1.242947010349e+01 -1.242951578155e+01 -1.242958657923e+01 -1.242970653435e+01 -1.242994388184e+01 -1.243059652118e+01 -1.243485869442e+01 -1.258122891680e+01 -1.277657814665e+01 -1.299448647073e+01 -1.325117657822e+01 -1.357536513069e+01 -1.397025485358e+01 -1.425453966523e+01 -1.436962951185e+01 -1.441524071217e+01 -1.443623576969e+01 -1.444726257245e+01 -1.445370204103e+01 -1.445783244009e+01 -1.446072185491e+01 -1.446292802415e+01 -1.446477034116e+01 -1.446645151482e+01 -1.446811689154e+01 -1.446988681755e+01 -1.447187714588e+01 -1.447421472302e+01 -1.447705079573e+01 -1.448057295013e+01 -1.448501450263e+01 -1.449065934424e+01 -1.449784077953e+01 -1.450693405988e+01 -1.451835146929e+01 -1.453251840133e+01 -1.454986574682e+01 -1.457080122835e+01 -1.459568200210e+01 -1.462481797161e+01 -1.465841470948e+01 -1.469661493984e+01 -1.473947856210e+01 -1.478699525085e+01 -1.483909862628e+01 -1.489567961316e+01 -1.495660193383e+01 -1.502170551323e+01 -1.509080014963e+01 -1.516366402321e+01 -1.524006007427e+01 -1.531975069693e+01 -1.540250620848e+01 -1.548811129513e+01 -1.557637135669e+01 -1.566711681691e+01 -1.576020708148e+01 -1.585553381016e+01 -1.595302279559e+01 -1.605263213000e+01 -1.615434283845e+01 -1.625813489357e+01 -1.636395265638e+01 -1.647170330509e+01 -1.658128274140e+01 -1.669258656765e+01 -1.680551179996e+01 -1.691995759773e+01 -1.703582594943e+01 -1.715302231011e+01 -1.727145606749e+01 -1.739103410486e+01 -1.751169554256e+01 -1.763334274238e+01
-1.242934839174e+01 -1.242934842175e+01 -1.242934845962e+01 -1.242934850743e+01 -1.242934856777e+01 -1.242934864393e+01 -1.242934874008e+01 -1.242934886148e+01 -1.242934901478e+01 -1.242934920839e+01 -1.242934945297e+01 -1.242934976204e+01 -1.242935015275e+01 -1.242935064689e+01 -1.242935127221e+01 -1.242935206414e+01 -1.242935306804e+01 -1.242935434220e+01 -1.242935596187e+01 -1.242935802477e+01 -1.242936065881e+01 -1.242936403284e+01 -1.242936837251e+01 -1.242937398366e+01 -1.242938128845e+01 -1.242939088293e+01 -1.242940363289e+01 -1.242942084163e+01 -1.242944456228e+01 -1.242947822449e+01 -1.242952801997e+01 -1.242960638859e+01 -1.242974256384e+01 -1.243002521243e+01 -1.243090258176e+01 -1.243984270183e+01 -1.262141859631e+01 -1.282179280009e+01 -1.304824360931e+01 -1.332097116129e+01 -1.367650490439e+01 -1.408874987186e+01 -1.431989639589e+01 -1.440003994460e+01 -1.443111222674e+01 -1.444558744796e+01 -1.445341876291e+01 -1.445822574280e+01 -1.446154135948e+01 -1.446410446400e+01 -1.446631983453e+01 -1.446844304555e+01 -1.447066501794e+01 -1.447315650663e+01 -1.447609557353e+01 -1.447968684820e+01 -1.448417501024e+01 -1.448985199295e+01 -1.449705708225e+01 -1.450617009793e+01 -1.451760604056e+01 -1.453179266041e+01 -1.454916169996e+01 -1.457012114063e+01 -1.459502822714e+01 -1.462419130856e+01 -1.465781628951e+01 -1.469604489494e+01 -1.473893644682e+01 -1.478648016266e+01 -1.483860926413e+01 -1.489521445644e+01 -1.495615932200e+01 -1.502128380771e+01 -1.509039785217e+01 -1.516327975057e+01 -1.523969249384e+01 -1.531939852668e+01 -1.540216821491e+01 -1.548778630454e+01 -1.557605824719e+01 -1.566681451683e+01 -1.575991456398e+01 -1.585525008722e+01 -1.595274691637e+01 -1.605236319041e+01 -1.615408001191e+01 -1.625787749746e+01 -1.636370018777e+01 -1.647145536421e+01 -1.658103897263e+01 -1.669234664779e+01 -1.680527543447e+01 -1.691972451762e+01 -1.703559590834e+01 -1.715279508180e+01 -1.727123144403e+01 -1.739081195195e+01 -1.751147556571e+01 -1.763312483552e+01
-1.242934834245e+01 -1.242934835955e+01 -1.242934838113e+01 -1.242934840836e+01 -1.242934844272e+01 -1.242934848610e+01 -1.242934854084e+01 -1.242934860995e+01 -1.242934869718e+01 -1.242934880731e+01 -1.242934894637e+01 -1.242934912198e+01 -1.242934934381e+01 -1.242934962409e+01 -1.242934997834e+01 -1.242935042627e+01 -1.242935099297e+01 -1.242935171041e+01 -1.242935261951e+01 -1.242935377270e+01 -1.242935523759e+01 -1.242935710173e+01 -1.242935947930e+01 -1.242936252047e+01 -1.242936642484e+01 -1.242937146122e+01 -1.242937799769e+01 -1.242938654872e+01 -1.242939785223e+01 -1.242941300145e+01 -1.242943368389e+01 -1.242946264501e+01 -1.242950466957e+01 -1.242956890918e+01 -1.242967534403e+01 -1.242987749984e+01 -1.243038270519e+01 -1.243304434635e+01 -1.254353573844e+01 -1.273676549560e+01 -1.295179996795e+01 -1.320451055240e+01 -1.352760596941e+01 -1.395550135870e+01 -1.428190574776e+01 -1.439278368118e+01 -1.443037802678e+01 -1.444642185008e+01 -1.445472202033e+01 -1.445977241379e+01 -1.446334014561e+01 -1.446624462388e+01 -1.446893684710e+01 -1.447171846825e+01 -1.447483859048e+01 -1.447854316035e+01 -1.448310254607e+01 -1.448882559177e+01 -1.449606298918e+01 -1.450520216993e+01 -1.451666231252e+01 -1.453087428493e+01 -1.454827104007e+01 -1.456926096442e+01 -1.459420142240e+01 -1.462339891647e+01 -1.465705967872e+01 -1.469532421000e+01 -1.473825110709e+01 -1.478582901323e+01 -1.483799065251e+01 -1.489462645261e+01 -1.495559982155e+01 -1.502075073498e+01 -1.508988931030e+01 -1.516279399000e+01 -1.523922782985e+01 -1.531895333861e+01 -1.540174094389e+01 -1.548737546714e+01 -1.557566242562e+01 -1.566643235677e+01 -1.575954476775e+01 -1.585489140624e+01 -1.595239814897e+01 -1.605202319388e+01 -1.615374774137e+01 -1.625755208970e+01 -1.636338100686e+01 -1.647114190496e+01 -1.658073078571e+01 -1.669204332482e+01 -1.680497660330e+01 -1.691942983836e+01 -1.703530506972e+01 -1.715250779792e+01 -1.727094745215e+01 -1.739053108174e+01 -1.751119744632e+01 -1.763284933224e+01
-1.242934831701e+01 -1.242934832745e+01 -1.242934834061e+01 -1.242934835723e+01 -1.242934837820e+01 -1.242934840466e+01 -1.242934843805e+01 -1.242934848020e+01 -1.242934853340e+01 -1.242934860055e+01 -1.242934868532e+01 -1.242934879234e+01 -1.242934892746e+01 -1.242934909811e+01 -1.242934931365e+01 -1.242934958598e+01 -1.242934993016e+01 -1.242935036533e+01 -1.242935091585e+01 -1.242935161276e+01 -1.242935249571e+01 -1.242935361558e+01 -1.242935503787e+01 -1.242935684736e+01 -1.242935915452e+01 -1.242936210446e+01 -1.242936588979e+01 -1.242937076945e+01 -1.242937709720e+01 -1.242938536613e+01 -1.242939628100e+01 -1.242941088136e+01 -1.242943076288e+01 -1.242945850291e+01 -1.242949855053e+01 -1.242955930413e+01 -1.242965875033e+01 -1.242984359854e+01 -1.243028404067e+01 -1.243231237221e+01 -1.252130675645e+01 -1.271275518013e+01 -1.292543691165e+01 -1.317419197230e+01 -1.349140425656e+01 -1.392568983289e+01 -1.428360431496e+01 -1.439871907819e+01 -1.443483743594e+01 -1.444977509511e+01 -1.445756079510e+01 -1.446251048884e+01 -1.446628486991e+01 -1.446967151837e+01 -1.447313991310e+01 -1.447704684527e+01 -1.448172409203e+01 -1.448751744913e+01 -1.449480067023e+01 -1.450397515208e+01 -1.451546717520e+01 -1.452971196680e+01 -1.454714423781e+01 -1.456817301478e+01 -1.459315583514e+01 -1.462239704583e+01 -1.465610316003e+01 -1.469441318966e+01 -1.473738482286e+01 -1.478500598290e+01 -1.483720877472e+01 -1.489388327556e+01 -1.495489267694e+01 -1.502007699246e+01 -1.508924656780e+01 -1.516218003459e+01 -1.523864053190e+01 -1.531839064976e+01 -1.540120089451e+01 -1.548685618273e+01 -1.557516211482e+01 -1.566594930846e+01 -1.575907734241e+01 -1.585443802633e+01 -1.595195729616e+01 -1.605159342419e+01 -1.615332773409e+01 -1.625714075336e+01 -1.636297753747e+01 -1.647074566424e+01 -1.658034120608e+01 -1.669165989043e+01 -1.680459884404e+01 -1.691905732489e+01 -1.703493740881e+01 -1.715214462843e+01 -1.727058844215e+01 -1.739017601510e+01 -1.751084585648e+01 -1.763250104805e+01
-1.242934830284e+01 -1.242934830956e+01 -1.242934831805e+01 -1.242934832875e+01 -1.242934834226e+01 -1.242934835930e+01 -1.242934838081e+01 -1.242934840796e+01 -1.242934844223e+01 -1.242934848547e+01 -1.242934854005e+01 -1.242934860894e+01 -1.242934869591e+01 -1.242934880571e+01 -1.242934894435e+01 -1.242934911943e+01 -1.242934934059e+01 -1.242934962002e+01 -1.242934997319e+01 -1.242935041976e+01 -1.242935098473e+01 -1.242935169998e+01 -1.242935260628e+01 -1.242935375591e+01 -1.242935521624e+01 -1.242935707454e+01 -1.242935944458e+01 -1.242936247598e+01 -1.242936636761e+01 -1.242937138720e+01 -1.242937790130e+01 -1.242938642207e+01 -1.242939768384e+01 -1.242941277402e+01 -1.242943337015e+01 -1.242946219933e+01 -1.242950400947e+01 -1.242956786896e+01 -1.242967353538e+01 -1.242987376038e+01 -1.243037150999e+01 -1.243295693315e+01 -1.254158773385e+01 -1.273561737181e+01 -1.295212132420e+01 -1.320812755251e+01 -1.354138619792e+01 -1.400108722062e+01 -1.432489209163e+01 -1.441462999515e+01 -1.444273530904e+01 -1.445485420409e+01 -1.446166888500e+01 -1.446651425713e+01 -1.447073403421e+01 -1.447504103512e+01 -1.447993298676e+01 -1.448584314574e+01 -1.449319515831e+01 -1.450241852928e+01 -1.451395303384e+01 -1.452824059719e+01 -1.454571856338e+01 -1.456679697451e+01 -1.459183363837e+01 -1.462113044364e+01 -1.465489407387e+01 -1.469326174533e+01 -1.473629001109e+01 -1.478396589447e+01 -1.483622073327e+01 -1.489294416312e+01 -1.495399910806e+01 -1.501922563224e+01 -1.508843437338e+01 -1.516140420701e+01 -1.523789837954e+01 -1.531767958424e+01 -1.540051842785e+01 -1.548619994692e+01 -1.557452984713e+01 -1.566533884765e+01 -1.575848661763e+01 -1.585386504504e+01 -1.595140014045e+01 -1.605105026979e+01 -1.615279691204e+01 -1.625662088368e+01 -1.636246760375e+01 -1.647024486031e+01 -1.657984881525e+01 -1.669117526132e+01 -1.680412138303e+01 -1.691858648981e+01 -1.703447270310e+01 -1.715168559603e+01 -1.727013466388e+01 -1.738972721646e+01 -1.751040145135e+01 -1.763206081871e+01
-1.242934829444e+01 -1.242934829896e+01 -1.242934830466e+01 -1.242934831186e+01 -1.242934832094e+01 -1.242934833240e+01 -1.242934834687e+01 -1.242934836512e+01 -1.242934838816e+01 -1.242934841723e+01 -1.242934845392e+01 -1.242934850023e+01 -1.242934855868e+01 -1.242934863246e+01 -1.242934872561e+01 -1.242934884320e+01 -1.242934899169e+01 -1.242934917923e+01 -1.242934941614e+01 -1.242934971549e+01 -1.242935009388e+01 -1.242935057242e+01 -1.242935117794e+01 -1.242935194472e+01 -1.242935291659e+01 -1.242935414987e+01 -1.242935571720e+01 -1.242935771286e+01 -1.242936026006e+01 -1.242936352129e+01 -1.242936771327e+01 -1.242937312913e+01 -1.242938017236e+01 -1.242938941075e+01 -1.242940166551e+01 -1.242941816621e+01 -1.242944083656e+01 -1.242947286135e+01 -1.242951992155e+01 -1.242959323980e+01 -1.242971852325e+01 -1.242997038161e+01 -1.243069056861e+01 -1.243567180336e+01 -1.259691691769e+01 -1.279713417477e+01 -1.302368487676e+01 -1.329892039256e+01 -1.367342770006e+01 -1.415491303902e+01 -1.437749028858e+01 -1.443263541957e+01 -1.445160852507e+01 -1.446089238337e+01 -1.446702027843e+01 -1.447222574889e+01 -1.447755627261e+01 -1.448368283552e+01 -1.449114748984e+01 -1.450044161491e+01 -1.451203365504e+01 -1.452637744352e+01 -1.454391451836e+01 -1.456505653559e+01 -1.459016175605e+01 -1.461952935371e+01 -1.465336598216e+01 -1.469180671348e+01 -1.473490668894e+01 -1.478265181172e+01 -1.483497247436e+01 -1.489175775753e+01 -1.495287025698e+01 -1.501815010491e+01 -1.508740831369e+01 -1.516042407469e+01 -1.523696077345e+01 -1.531678123442e+01 -1.539965619271e+01 -1.548537083594e+01 -1.557373100329e+01 -1.566456754211e+01 -1.575774023580e+01 -1.585314107108e+01 -1.595069615259e+01 -1.605036396410e+01 -1.615212617994e+01 -1.625596398060e+01 -1.636182324496e+01 -1.646961202796e+01 -1.657922660475e+01 -1.669056285051e+01 -1.680351802266e+01 -1.691799149554e+01 -1.703388544817e+01 -1.715110550473e+01 -1.726956120704e+01 -1.738916004518e+01 -1.750983983058e+01 -1.763150447114e+01
-1.242934828918e+01 -1.242934829233e+01 -1.242934829630e+01 -1.242934830130e+01 -1.242934830762e+01 -1.242934831560e+01 -1.242934832566e+01 -1.242934833835e+01 -1.242934835438e+01 -1.242934837460e+01 -1.242934840012e+01 -1.242934843232e+01 -1.242934847297e+01 -1.242934852428e+01 -1.242934858903e+01 -1.242934867078e+01 -1.242934877398e+01 -1.242934890428e+01 -1.242934906883e+01 -1.242934927666e+01 -1.242934953923e+01 -1.242934987107e+01 -1.242935029061e+01 -1.242935082131e+01 -1.242935149304e+01 -1.242935234397e+01 -1.242935342303e+01 -1.242935479317e+01 -1.242935653579e+01 -1.242935875685e+01 -1.242936159534e+01 -1.242936523540e+01 -1.242936992408e+01 -1.242937599793e+01 -1.242938392447e+01 -1.242939436904e+01 -1.242940830777e+01 -1.242942722875e+01 -1.242945351446e+01 -1.242949123002e+01 -1.242954792810e+01 -1.242963941652e+01 -1.242980527358e+01 -1.243018005807e+01 -1.243165681199e+01 -1.249355756543e+01 -1.268292921405e+01 -1.289334235619e+01 -1.313839303382e+01 -1.345098954967e+01 -1.390042635854e+01 -1.430793965235e+01 -1.441808623206e+01 -1.444783191510e+01 -1.446028256760e+01 -1.446790210159e+01 -1.447426388013e+01 -1.448084800463e+01 -1.448852159542e+01 -1.449792650567e+01 -1.450959863471e+01 -1.452401717193e+01 -1.454163125377e+01 -1.456285513052e+01 -1.458804785636e+01 -1.461750574722e+01 -1.465143511616e+01 -1.468996850489e+01 -1.473315930962e+01 -1.478099204753e+01 -1.483339595477e+01 -1.489025941802e+01 -1.495144463347e+01 -1.501679182599e+01 -1.508611249011e+01 -1.515918622854e+01 -1.523577660811e+01 -1.531564662030e+01 -1.539856716458e+01 -1.548432361882e+01 -1.557272199137e+01 -1.566359329158e+01 -1.575679744706e+01 -1.585222656912e+01 -1.594980688075e+01 -1.604949701379e+01 -1.615127888801e+01 -1.625513414189e+01 -1.636100923585e+01 -1.646881256392e+01 -1.657844054469e+01 -1.668978915734e+01 -1.680275575119e+01 -1.691723978246e+01 -1.703314350275e+01 -1.715037260069e+01 -1.726883667672e+01 -1.738844344456e+01 -1.750913023989e+01 -1.763080153658e+01
-1.242934828576e+01 -1.242934828800e+01 -1.242934829084e+01 -1.242934829442e+01 -1.242934829893e+01 -1.242934830463e+01 -1.242934831182e+01 -1.242934832089e+01 -1.242934833234e+01 -1.242934834679e+01 -1.242934836502e+01 -1.242934838803e+01 -1.242934841707e+01 -1.242934845371e+01 -1.242934849997e+01 -1.242934855835e+01 -1.242934863205e+01 -1.242934872508e+01 -1.242934884254e+01 -1.242934899085e+01 -1.242934917817e+01 -1.242934941479e+01 -1.242934971379e+01 -1.242935009174e+01 -1.242935056970e+01 -1.242935117451e+01 -1.242935194037e+01 -1.242935291107e+01 -1.242935414286e+01 -1.242935570828e+01 -1.242935770149e+01 -1.242936024553e+01 -1.242936350266e+01 -1.242936768928e+01 -1.242937309804e+01 -1.242938013178e+01 -1.242938935726e+01 -1.242940159411e+01 -1.242941806926e+01 -1.242944070182e+01 -1.242947266795e+01 -1.242951963075e+01 -1.242959277076e+01 -1.242971767537e+01 -1.242996849157e+01 -1.243068370947e+01 -1.243561423297e+01 -1.259629652504e+01 -1.279702085187e+01 -1.302454135734e+01 -1.330220348348e+01 -1.368566184103e+01 -1.418856466102e+01 -1.439714737860e+01 -1.444357726908e+01 -1.445996266306e+01 -1.446926807279e+01 -1.447698463570e+01 -1.448511241105e+01 -1.449471578256e+01 -1.450650136337e+01 -1.452102528356e+01 -1.453874063487e+01 -1.456007048398e+01 -1.458537529053e+01 -1.461494859040e+01 -1.464899593781e+01 -1.468764693133e+01 -1.473095283010e+01 -1.477889645141e+01 -1.483140563020e+01 -1.488836789182e+01 -1.494964495159e+01 -1.501507716228e+01 -1.508447664138e+01 -1.515762353071e+01 -1.523428163523e+01 -1.531421415933e+01 -1.539719221351e+01 -1.548300141497e+01 -1.557144798660e+01 -1.566236314237e+01 -1.575560699185e+01 -1.585107180335e+01 -1.594868394863e+01 -1.604840224529e+01 -1.615020892083e+01 -1.625408618920e+01 -1.635998124614e+01 -1.646780291708e+01 -1.657744780233e+01 -1.668881201214e+01 -1.680179301165e+01 -1.691629036025e+01 -1.703220640102e+01 -1.714944690375e+01 -1.726792154273e+01 -1.738753830780e+01 -1.750823395248e+01 -1.762991364638e+01
-1.242934828344e+01 -1.242934828508e+01 -1.242934828715e+01 -1.242934828976e+01 -1.242934829305e+01 -1.242934829721e+01 -1.242934830246e+01 -1.242934830908e+01 -1.242934831744e+01 -1.242934832798e+01 -1.242934834128e+01 -1.242934835808e+01 -1.242934837927e+01 -1.242934840601e+01 -1.242934843976e+01 -1.242934848235e+01 -1.242934853612e+01 -1.242934860398e+01 -1.242934868965e+01 -1.242934879780e+01 -1.242934893436e+01 -1.242934910682e+01 -1.242934932466e+01 -1.242934959988e+01 -1.242934994774e+01 -1.242935038757e+01 -1.242935094399e+01 -1.242935164839e+01 -1.242935254088e+01 -1.242935367291e+01 -1.242935511074e+01 -1.242935694016e+01 -1.242935927299e+01 -1.242936225618e+01 -1.242936608489e+01 -1.242937102164e+01 -1.242937742539e+01 -1.242938579697e+01 -1.242939685314e+01 -1.242941165283e+01 -1.242943182482e+01 -1.242946000685e+01 -1.242950076812e+01 -1.242956277522e+01 -1.242966471906e+01 -1.242985568675e+01 -1.243031849180e+01 -1.243255722274e+01 -1.253010600685e+01 -1.272392371595e+01 -1.294043441246e+01 -1.319706772050e+01 -1.353563454441e+01 -1.403221710200e+01 -1.436763076428e+01 -1.443897609346e+01 -1.446005108465e+01 -1.447123423363e+01 -1.448054821388e+01 -1.449058377797e+01 -1.450256656602e+01 -1.451722927634e+01 -1.453507945075e+01 -1.455654760703e+01 -1.458199754241e+01 -1.461171790705e+01 -1.464591560721e+01 -1.468471602750e+01 -1.472816784760e+01 -1.477625182748e+01 -1.482889412664e+01 -1.488598121399e+01 -1.494737423520e+01 -1.501291372206e+01 -1.508241260046e+01 -1.515565172439e+01 -1.523239521430e+01 -1.531240654675e+01 -1.539545710369e+01 -1.548133280332e+01 -1.556984014062e+01 -1.566081058788e+01 -1.575410448419e+01 -1.584961429547e+01 -1.594726658017e+01 -1.604702038839e+01 -1.614885833263e+01 -1.625276334853e+01 -1.635868356154e+01 -1.646652834668e+01 -1.657619453461e+01 -1.668757840063e+01 -1.680057755567e+01 -1.691509168903e+01 -1.703102325890e+01 -1.714827813728e+01 -1.726676609131e+01 -1.738639544963e+01 -1.750710225975e+01 -1.762879254011e+01
-1.242934828182e+01 -1.242934828304e+01 -1.242934828458e+01 -1.242934828651e+01 -1.242934828896e+01 -1.242934829205e+01 -1.242934829594e+01 -1.242934830085e+01 -1.242934830705e+01 -1.242934831488e+01 -1.242934832475e+01 -1.242934833722e+01 -1.242934835294e+01 -1.242934837278e+01 -1.242934839783e+01 -1.242934842943e+01 -1.242934846933e+01 -1.242934851967e+01 -1.242934858322e+01 -1.242934866344e+01 -1.242934876472e+01 -1.242934889259e+01 -1.242934905406e+01 -1.242934925801e+01 -1.242934951566e+01 -1.242934984128e+01 -1.242935025294e+01 -1.242935077364e+01 -1.242935143268e+01 -1.242935226748e+01 -1.242935332598e+01 -1.242935466986e+01 -1.242935637882e+01 -1.242935855657e+01 -1.242936133903e+01 -1.242936490614e+01 -1.242936949901e+01 -1.242937544567e+01 -1.242938320102e+01 -1.242939341103e+01 -1.242940702082e+01 -1.242942546628e+01 -1.242945103608e+01 -1.242948761267e+01 -1.242954235240e+01 -1.242963006439e+01 -1.242978717205e+01 -1.243013351190e+01 -1.243140355360e+01 -1.247927329129e+01 -1.266746850066e+01 -1.287670410656e+01 -1.311975125858e+01 -1.342943653714e+01 -1.388481737342e+01 -1.432774051760e+01 -1.443424872647e+01 -1.446070229989e+01 -1.447392524182e+01 -1.448514458305e+01 -1.449753267009e+01 -1.451240606925e+01 -1.453043899100e+01 -1.455208966871e+01 -1.457772627331e+01 -1.460763732552e+01 -1.464202710540e+01 -1.468101765675e+01 -1.472465462007e+01 -1.477291631736e+01 -1.482572694362e+01 -1.488297169593e+01 -1.494451106033e+01 -1.501018582334e+01 -1.507980996513e+01 -1.515316528882e+01 -1.523001633747e+01 -1.531012693663e+01 -1.539326881823e+01 -1.547922827893e+01 -1.556781215881e+01 -1.565885225613e+01 -1.575220919916e+01 -1.584777570228e+01 -1.594547855773e+01 -1.604527710576e+01 -1.614715443918e+01 -1.625109439658e+01 -1.635704627852e+01 -1.646492016155e+01 -1.657461316848e+01 -1.668602178226e+01 -1.679904379714e+01 -1.691357906568e+01 -1.702953019086e+01 -1.714680317314e+01 -1.726530789631e+01 -1.738495310145e+01 -1.750567398953e+01 -1.762737760485e+01
-1.242934828067e+01 -1.242934828159e+01 -1.242934828274e+01 -1.242934828420e+01 -1.242934828604e+01 -1.242934828836e+01 -1.242934829129e+01 -1.242934829498e+01 -1.242934829965e+01 -1.242934830553e+01 -1.242934831296e+01 -1.242934832233e+01 -1.242934833415e+01 -1.242934834908e+01 -1.242934836791e+01 -1.242934839167e+01 -1.242934842167e+01 -1.242934845952e+01 -1.242934850730e+01 -1.242934856760e+01 -1.242934864373e+01 -1.242934873983e+01 -1.242934886116e+01 -1.242934901437e+01 -1.242934920787e+01 -1.242934945232e+01 -1.242934976122e+01 -1.242935015171e+01 -1.242935064556e+01 -1.242935127053e+01 -1.242935206202e+01 -1.242935306536e+01 -1.242935433879e+01 -1.242935595752e+01 -1.242935801924e+01 -1.242936065173e+01 -1.242936402376e+01 -1.242936836081e+01 -1.242937396848e+01 -1.242938126863e+01 -1.242939085678e+01 -1.242940359792e+01 -1.242942079405e+01 -1.242944449598e+01 -1.242947812895e+01 -1.242952787550e+01 -1.242960615349e+01 -1.242974213237e+01 -1.243002422126e+01 -1.243089868973e+01 -1.243982076814e+01 -1.262341113336e+01 -1.282761924091e+01 -1.306141538061e+01 -1.335216451590e+01 -1.376906223284e+01 -1.427765140852e+01 -1.442971597657e+01 -1.446203767083e+01 -1.447747830721e+01 -1.449099675226e+01 -1.450626006101e+01 -1.452455067201e+01 -1.454644583552e+01 -1.457232714699e+01 -1.460248469711e+01 -1.463712070534e+01 -1.467635365845e+01 -1.472022576988e+01 -1.476871257441e+01 -1.482173603400e+01 -1.487917986005e+01 -1.494090380182e+01 -1.500674901440e+01 -1.507653086065e+01 -1.515003242129e+01 -1.522701881308e+01 -1.530725431077e+01 -1.539048850269e+01 -1.547657594887e+01 -1.556525613956e+01 -1.565638387986e+01 -1.574982016197e+01 -1.584545801221e+01 -1.594322451473e+01 -1.604307937067e+01 -1.614500626975e+01 -1.624899017700e+01 -1.635498187757e+01 -1.646289234554e+01 -1.657261907472e+01 -1.668405880891e+01 -1.679710957242e+01 -1.691167142279e+01 -1.702764714472e+01 -1.714494289993e+01 -1.726346871843e+01 -1.738313383860e+01 -1.750387246102e+01 -1.762559285509e+01
-1.242934827983e+01 -1.242934828053e+01 -1.242934828141e+01 -1.242934828251e+01 -1.242934828391e+01 -1.242934828567e+01 -1.242934828790e+01 -1.242934829071e+01 -1.242934829425e+01 -1.242934829872e+01 -1.242934830437e+01 -1.242934831149e+01 -1.242934832048e+01 -1.242934833182e+01 -1.242934834613e+01 -1.242934836419e+01 -1.242934838698e+01 -1.242934841574e+01 -1.242934845204e+01 -1.242934849786e+01 -1.242934855569e+01 -1.242934862868e+01 -1.242934872083e+01 -1.242934883718e+01 -1.242934898408e+01 -1.242934916962e+01 -1.242934940399e+01 -1.242934970014e+01 -1.242935007448e+01 -1.242935054787e+01 -1.242935114688e+01 -1.242935190536e+01 -1.242935286668e+01 -1.242935408649e+01 -1.242935563659e+01 -1.242935761012e+01 -1.242936012876e+01 -1.242936335291e+01 -1.242936749639e+01 -1.242937284816e+01 -1.242937980567e+01 -1.242938892757e+01 -1.242940102067e+01 -1.242941729092e+01 -1.242943962072e+01 -1.242947111737e+01 -1.242951730189e+01 -1.242958902106e+01 -1.242971091697e+01 -1.242995351391e+01 -1.243063018790e+01 -1.243515522725e+01 -1.258883939423e+01 -1.278934891949e+01 -1.301660257525e+01 -1.329432081084e+01 -1.368232059818e+01 -1.421989670716e+01 -1.442560623720e+01 -1.446416993152e+01 -1.448204898468e+01 -1.449835359832e+01 -1.451706422480e+01 -1.453929451767e+01 -1.456550123730e+01 -1.459598018993e+01 -1.463093340176e+01 -1.467047626290e+01 -1.471464746410e+01 -1.476341956271e+01 -1.481670104319e+01 -1.487440719502e+01 -1.493636376845e+01 -1.500242353716e+01 -1.507240368842e+01 -1.514608904139e+01 -1.522324550402e+01 -1.530363793228e+01 -1.538702094568e+01 -1.547323636552e+01 -1.556203757436e+01 -1.565327544910e+01 -1.574681143938e+01 -1.584253896224e+01 -1.594038546514e+01 -1.604031109602e+01 -1.614230028297e+01 -1.624633939078e+01 -1.635238107899e+01 -1.646033747319e+01 -1.657010653902e+01 -1.668158534738e+01 -1.679467221079e+01 -1.690926744356e+01 -1.702527405806e+01 -1.714259841797e+01 -1.726115073627e+01 -1.738084084376e+01 -1.750160178065e+01 -1.762334325772e+01
-1.242934827921e+01 -1.242934827974e+01 -1.242934828042e+01 -1.242934828127e+01 -1.242934828234e+01 -1.242934828369e+01 -1.242934828539e+01 -1.242934828755e+01 -1.242934829026e+01 -1.242934829369e+01 -1.242934829801e+01 -1.242934830347e+01 -1.242934831036e+01 -1.242934831905e+01 -1.242934833001e+01 -1.242934834385e+01 -1.242934836131e+01 -1.242934838335e+01 -1.242934841116e+01 -1.242934844626e+01 -1.242934849056e+01 -1.242934854648e+01 -1.242934861706e+01 -1.242934870616e+01 -1.242934881865e+01 -1.242934896069e+01 -1.242934914007e+01 -1.242934936666e+01 -1.242934965296e+01 -1.242935001483e+01 -1.242935047243e+01 -1.242935105138e+01 -1.242935178441e+01 -1.242935271331e+01 -1.242935389178e+01 -1.242935538898e+01 -1.242935729459e+01 -1.242935972563e+01 -1.242936283611e+01 -1.242936683100e+01 -1.242937198669e+01 -1.242937868228e+01 -1.242938744878e+01 -1.242939904981e+01 -1.242941462053e+01 -1.242943592058e+01 -1.242946582855e+01 -1.242950939800e+01 -1.242957639275e+01 -1.242968844929e+01 -1.242990496630e+01 -1.243046774053e+01 -1.243374454858e+01 -1.256156807056e+01 -1.275921312092e+01 -1.298170243537e+01 -1.325012307122e+01 -1.361715331750e+01 -1.416068103892e+01 -1.442244608258e+01 -1.446719476533e+01 -1.448781464710e+01 -1.450749705535e+01 -1.453021898620e+01 -1.455686729739e+01 -1.458776445517e+01 -1.462313576092e+01 -1.466307645821e+01 -1.470762887413e+01 -1.475676284791e+01 -1.481038916947e+01 -1.486840765344e+01 -1.493065715941e+01 -1.499698667109e+01 -1.506721579809e+01 -1.514113175211e+01 -1.521850155261e+01 -1.529909081270e+01 -1.538265934388e+01 -1.546903642167e+01 -1.555798943133e+01 -1.564936546748e+01 -1.574302655349e+01 -1.583886659459e+01 -1.593681348845e+01 -1.603682793295e+01 -1.613889526413e+01 -1.624300357757e+01 -1.634910789659e+01 -1.645712182940e+01 -1.656694394301e+01 -1.667847171765e+01 -1.679160382597e+01 -1.690624090309e+01 -1.702228624587e+01 -1.713964647035e+01 -1.725823201773e+01 -1.737795341440e+01 -1.749874238658e+01 -1.762051030939e+01
-1.242934827875e+01 -1.242934827916e+01 -1.242934827968e+01 -1.242934828033e+01 -1.242934828116e+01 -1.242934828220e+01 -1.242934828351e+01 -1.242934828517e+01 -1.242934828727e+01 -1.242934828991e+01 -1.242934829325e+01 -1.242934829746e+01 -1.242934830277e+01 -1.242934830947e+01 -1.242934831793e+01 -1.242934832860e+01 -1.242934834207e+01 -1.242934835907e+01 -1.242934838051e+01 -1.242934840758e+01 -1.242934844175e+01 -1.242934848486e+01 -1.242934853929e+01 -1.242934860798e+01 -1.242934869470e+01 -1.242934880418e+01 -1.242934894241e+01 -1.242934911699e+01 -1.242934933750e+01 -1.242934961611e+01 -1.242934996825e+01 -1.242935041351e+01 -1.242935097682e+01 -1.242935168997e+01 -1.242935259359e+01 -1.242935373980e+01 -1.242935519577e+01 -1.242935704846e+01 -1.242935941127e+01 -1.242936243332e+01 -1.242936631272e+01 -1.242937131622e+01 -1.242937780888e+01 -1.242938630065e+01 -1.242939752243e+01 -1.242941255608e+01 -1.242943306960e+01 -1.242946177258e+01 -1.242950337786e+01 -1.242956687470e+01 -1.242967180968e+01 -1.242987020418e+01 -1.243036094809e+01 -1.243287569563e+01 -1.253992350385e+01 -1.273528197012e+01 -1.295422243317e+01 -1.321581541101e+01 -1.356753209979e+01 -1.410510786575e+01 -1.442053407111e+01 -1.447119522492e+01 -1.449497688462e+01 -1.451866275978e+01 -1.454593381571e+01 -1.457740990087e+01 -1.461331530915e+01 -1.465376990611e+01 -1.469880974232e+01 -1.474840331975e+01 -1.480246311941e+01 -1.486087791195e+01 -1.492349587263e+01 -1.499016398987e+01 -1.506070511051e+01 -1.513490977551e+01 -1.521254659970e+01 -1.529338219126e+01 -1.537718148097e+01 -1.546376229027e+01 -1.555290529885e+01 -1.564445428320e+01 -1.573827198449e+01 -1.583425291579e+01 -1.593232552965e+01 -1.603245119580e+01 -1.613461635837e+01 -1.623881123914e+01 -1.634499383729e+01 -1.645307967788e+01 -1.656296809696e+01 -1.667455708568e+01 -1.678774576515e+01 -1.690243517010e+01 -1.701852895174e+01 -1.713593404039e+01 -1.725456116098e+01 -1.737432164231e+01 -1.749514576843e+01 -1.761694679192e+01
-1.242934827839e+01 -1.242934827871e+01 -1.242934827911e+01 -1.242934827962e+01 -1.242934828026e+01 -1.242934828107e+01 -1.242934828209e+01 -1.242934828338e+01 -1.242934828500e+01 -1.242934828705e+01 -1.242934828964e+01 -1.242934829290e+01 -1.242934829702e+01 -1.242934830221e+01 -1.242934830877e+01 -1.242934831705e+01 -1.242934832749e+01 -1.242934834066e+01 -1.242934835729e+01 -1.242934837828e+01 -1.242934840476e+01 -1.242934843818e+01 -1.242934848037e+01 -1.242934853361e+01 -1.242934860081e+01 -1.242934868565e+01 -1.242934879275e+01 -1.242934892799e+01 -1.242934909877e+01 -1.242934931449e+01 -1.242934958703e+01 -1.242934993149e+01 -1.242935036702e+01 -1.242935091800e+01 -1.242935161547e+01 -1.242935249915e+01 -1.242935361995e+01 -1.242935504342e+01 -1.242935685442e+01 -1.242935916353e+01 -1.242936211600e+01 -1.242936590463e+01 -1.242937078864e+01 -1.242937712217e+01 -1.242938539891e+01 -1.242939632452e+01 -1.242941094004e+01 -1.242943084365e+01 -1.242945861729e+01 -1.242949871915e+01 -1.242955956799e+01 -1.242965920386e+01 -1.242984451628e+01 -1.243028665100e+01 -1.243233103072e+01 -1.252262779455e+01 -1.271613212770e+01 -1.293237883586e+01 -1.318884118991e+01 -1.352915246156e+01 -1.405635356949e+01 -1.442014778395e+01 -1.447625014916e+01 -1.450373581653e+01 -1.453205234408e+01 -1.456432573923e+01 -1.460095464699e+01 -1.464207974845e+01 -1.468774589523e+01 -1.473792440723e+01 -1.479253034252e+01 -1.485144658747e+01 -1.491452736938e+01 -1.498161973251e+01 -1.505255087958e+01 -1.512711602964e+01 -1.520508614280e+01 -1.528622915144e+01 -1.537031480018e+01 -1.545715150098e+01 -1.554653166741e+01 -1.563829656108e+01 -1.573230981808e+01 -1.582846670498e+01 -1.592669635336e+01 -1.602696094607e+01 -1.612924826642e+01 -1.623355112640e+01 -1.633983126116e+01 -1.644800668621e+01 -1.655797772589e+01 -1.666964300710e+01 -1.678290220717e+01 -1.689765685650e+01 -1.701381104593e+01 -1.713127209555e+01 -1.724995108153e+01 -1.736976023925e+01 -1.749062833358e+01 -1.761247067478e+01
-1.242934827812e+01 -1.242934827837e+01 -1.242934827868e+01 -1.242934827908e+01 -1.242934827958e+01 -1.242934828021e+01 -1.242934828100e+01 -1.242934828200e+01 -1.242934828327e+01 -1.242934828486e+01 -1.242934828688e+01 -1.242934828942e+01 -1.242934829262e+01 -1.242934829667e+01 -1.242934830177e+01 -1.242934830821e+01 -1.242934831634e+01 -1.242934832660e+01 -1.242934833954e+01 -1.242934835588e+01 -1.242934837649e+01 -1.242934840251e+01 -1.242934843534e+01 -1.242934847678e+01 -1.242934852908e+01 -1.242934859510e+01 -1.242934867844e+01 -1.242934878365e+01 -1.242934891650e+01 -1.242934908426e+01 -1.242934929615e+01 -1.242934956386e+01 -1.242934990220e+01 -1.242935032998e+01 -1.242935087112e+01 -1.242935155612e+01 -1.242935242392e+01 -1.242935352447e+01 -1.242935492208e+01 -1.242935669991e+01 -1.242935896630e+01 -1.242936186346e+01 -1.242936557997e+01 -1.242937036912e+01 -1.242937657648e+01 -1.242938468295e+01 -1.242939537449e+01 -1.242940966031e+01 -1.242942908453e+01 -1.242945613083e+01 -1.242949506301e+01 -1.242955386929e+01 -1.242964947170e+01 -1.242982505390e+01 -1.243023278806e+01 -1.243197399075e+01 -1.250870501887e+01 -1.270069207967e+01 -1.291486112428e+01 -1.316739485416e+01 -1.349909825675e+01 -1.401535933553e+01 -1.442144989453e+01 -1.448244022099e+01 -1.451426899964e+01 -1.454777003389e+01 -1.458539960580e+01 -1.462741480389e+01 -1.467389242556e+01 -1.472481799939e+01 -1.478011380607e+01 -1.483966288151e+01 -1.490332408073e+01 -1.497094676489e+01 -1.504236404517e+01 -1.511737776009e+01 -1.519576240665e+01 -1.527728771164e+01 -1.536172777814e+01 -1.544888442848e+01 -1.553855959944e+01 -1.563059312298e+01 -1.572484974564e+01 -1.582122566255e+01 -1.591965082903e+01 -1.602008839986e+01 -1.612252775692e+01 -1.622696483325e+01 -1.633336603392e+01 -1.644165262803e+01 -1.655172621916e+01 -1.666348622250e+01 -1.677683300172e+01 -1.689166869893e+01 -1.700789794754e+01 -1.712542854857e+01 -1.724417201078e+01 -1.736404156952e+01 -1.748496447541e+01 -1.760685821567e+01
-1.242934827792e+01 -1.242934827811e+01 -1.242934827835e+01 -1.242934827866e+01 -1.242934827905e+01 -1.242934827954e+01 -1.242934828016e+01 -1.242934828095e+01 -1.242934828193e+01 -1.242934828318e+01 -1.242934828475e+01 -1.242934828674e+01 -1.242934828924e+01 -1.242934829240e+01 -1.242934829639e+01 -1.242934830142e+01 -1.242934830777e+01 -1.242934831578e+01 -1.242934832589e+01 -1.242934833864e+01 -1.242934835474e+01 -1.242934837506e+01 -1.242934840070e+01 -1.242934843306e+01 -1.242934847390e+01 -1.242934852544e+01 -1.242934859051e+01 -1.242934867264e+01 -1.242934877633e+01 -1.242934890725e+01 -1.242934907257e+01 -1.242934928139e+01 -1.242934954522e+01 -1.242934987863e+01 -1.242935030018e+01 -1.242935083341e+01 -1.242935150836e+01 -1.242935236339e+01 -1.242935344767e+01 -1.242935482447e+01 -1.242935657564e+01 -1.242935880770e+01 -1.242936166043e+01 -1.242936531904e+01 -1.242937003209e+01 -1.242937613831e+01 -1.242938410845e+01 -1.242939461283e+01 -1.242940863556e+01 -1.242942767819e+01 -1.242945414749e+01 -1.242949215611e+01 -1.242954936057e+01 -1.242964183274e+01 -1.242980999770e+01 -1.243019247860e+01 -1.243172874883e+01 -1.249741785272e+01 -1.268814500799e+01 -1.290068887590e+01 -1.315016670355e+01 -1.347526715756e+01 -1.398175369967e+01 -1.442446413066e+01 -1.448984569269e+01 -1.452668610806e+01 -1.456580330473e+01 -1.460903871204e+01 -1.465658357740e+01 -1.470846935017e+01 -1.476463933038e+01 -1.482498552668e+01 -1.488937325961e+01 -1.495765702137e+01 -1.502967803121e+01 -1.510524751939e+01 -1.518414545061e+01 -1.526614405299e+01 -1.535102135483e+01 -1.543857575289e+01 -1.552861630467e+01 -1.562098263674e+01 -1.571554086436e+01 -1.581218831828e+01 -1.591085594172e+01 -1.601150803285e+01 -1.611413585138e+01 -1.621873903752e+01 -1.632528979438e+01 -1.643371366627e+01 -1.654391393039e+01 -1.665579097571e+01 -1.676924600730e+01 -1.688418191722e+01 -1.700050400428e+01 -1.711812065904e+01 -1.723694391947e+01 -1.735688809570e+01 -1.747787904064e+01 -1.759983644941e+01
-1.242934827775e+01 -1.242934827791e+01 -1.242934827810e+01 -1.242934827834e+01 -1.242934827864e+01 -1.242934827903e+01 -1.242934827952e+01 -1.242934828013e+01 -1.242934828090e+01 -1.242934828188e+01 -1.242934828311e+01 -1.242934828466e+01 -1.242934828662e+01 -1.242934828910e+01 -1.242934829222e+01 -1.242934829616e+01 -1.242934830113e+01 -1.242934830740e+01 -1.242934831532e+01 -1.242934832531e+01 -1.242934833791e+01 -1.242934835382e+01 -1.242934837389e+01 -1.242934839923e+01 -1.242934843120e+01 -1.242934847155e+01 -1.242934852248e+01 -1.242934858677e+01 -1.242934866792e+01 -1.242934877037e+01 -1.242934889973e+01 -1.242934906308e+01 -1.242934926940e+01 -1.242934953006e+01 -1.242934985947e+01 -1.242935027594e+01 -1.242935080275e+01 -1.242935146953e+01 -1.242935231418e+01 -1.242935338524e+01 -1.242935474514e+01 -1.242935647466e+01 -1.242935867884e+01 -1.242936149550e+01 -1.242936510713e+01 -1.242936975846e+01 -1.242937578272e+01 -1.242938364249e+01 -1.242939399552e+01 -1.242940780581e+01 -1.242942654095e+01 -1.242945254656e+01 -1.242948981581e+01 -1.242954574483e+01 -1.242963574523e+01 -1.242979813540e+01 -1.243016152082e+01 -1.243155315206e+01 -1.248830111196e+01 -1.267786293835e+01 -1.288911928577e+01 -1.313618822208e+01 -1.345616107739e+01 -1.395465933227e+01 -1.442908218608e+01 -1.449853077589e+01 -1.454099131326e+01 -1.458601449325e+01 -1.463500548431e+01 -1.468814075706e+01 -1.474542379158e+01 -1.480676219473e+01 -1.487206874584e+01 -1.494117388601e+01 -1.501394140845e+01 -1.509019583106e+01 -1.516972574313e+01 -1.525230701796e+01 -1.533772141723e+01 -1.542576686452e+01 -1.551625752712e+01 -1.560903400155e+01 -1.570396407472e+01 -1.580094645192e+01 -1.589991324388e+01 -1.600083006576e+01 -1.610369033759e+01 -1.620849802132e+01 -1.631523244399e+01 -1.642382479730e+01 -1.653418058195e+01 -1.664620138598e+01 -1.675978943749e+01 -1.687484854042e+01 -1.699128480294e+01 -1.710900733244e+01 -1.722792880903e+01 -1.734796466843e+01 -1.746903961339e+01 -1.759107547173e+01
-1.242934827763e+01 -1.242934827775e+01 -1.242934827790e+01 -1.242934827809e+01 -1.242934827833e+01 -1.242934827863e+01 -1.242934827901e+01 -1.242934827949e+01 -1.242934828010e+01 -1.242934828086e+01 -1.242934828183e+01 -1.242934828305e+01 -1.242934828459e+01 -1.242934828653e+01 -1.242934828898e+01 -1.242934829207e+01 -1.242934829597e+01 -1.242934830089e+01 -1.242934830710e+01 -1.242934831494e+01 -1.242934832483e+01 -1.242934833731e+01 -1.242934835306e+01 -1.242934837293e+01 -1.242934839802e+01 -1.242934842967e+01 -1.242934846962e+01 -1.242934852005e+01 -1.242934858370e+01 -1.242934866405e+01 -1.242934876548e+01 -1.242934889355e+01 -1.242934905527e+01 -1.242934925954e+01 -1.242934951760e+01 -1.242934984373e+01 -1.242935025603e+01 -1.242935077756e+01 -1.242935143764e+01 -1.242935227376e+01 -1.242935333395e+01 -1.242935467998e+01 -1.242935639171e+01 -1.242935857302e+01 -1.242936136008e+01 -1.242936493317e+01 -1.242936953390e+01 -1.242937549099e+01 -1.242938326036e+01 -1.242939348958e+01 -1.242940712628e+01 -1.242942561059e+01 -1.242945123880e+01 -1.242948790810e+01 -1.242954280673e+01 -1.242963082364e+01 -1.242978863196e+01 -1.243013721192e+01 -1.243142287259e+01 -1.248045813475e+01 -1.266936015416e+01 -1.287958458116e+01 -1.312473331027e+01 -1.344068730804e+01 -1.393274567766e+01 -1.443508478875e+01 -1.450851525684e+01 -1.455706191692e+01 -1.460814599890e+01 -1.466295100458e+01 -1.472166504390e+01 -1.478427803117e+01 -1.485070675567e+01 -1.492082866904e+01 -1.499451455306e+01 -1.507160758971e+01 -1.515191010318e+01 -1.523520363661e+01 -1.532127392232e+01 -1.540992073506e+01 -1.550096216967e+01 -1.559424077195e+01 -1.568962634389e+01 -1.578701923106e+01 -1.588635289770e+01 -1.598759443394e+01 -1.609073967704e+01 -1.619579750536e+01 -1.630275586114e+01 -1.641155342089e+01 -1.652209870302e+01 -1.663429477023e+01 -1.674804508186e+01 -1.686325453907e+01 -1.697983022445e+01 -1.709768210800e+01 -1.721672364101e+01 -1.733687141269e+01 -1.745804935017e+01 -1.758018123642e+01
-1.242934827753e+01 -1.242934827763e+01 -1.242934827774e+01 -1.242934827789e+01 -1.242934827808e+01 -1.242934827832e+01 -1.242934827862e+01 -1.242934827900e+01 -1.242934827947e+01 -1.242934828007e+01 -1.242934828083e+01 -1.242934828179e+01 -1.242934828300e+01 -1.242934828453e+01 -1.242934828645e+01 -1.242934828888e+01 -1.242934829194e+01 -1.242934829581e+01 -1.242934830069e+01 -1.242934830685e+01 -1.242934831462e+01 -1.242934832443e+01 -1.242934833681e+01 -1.242934835243e+01 -1.242934837214e+01 -1.242934839701e+01 -1.242934842840e+01 -1.242934846802e+01 -1.242934851803e+01 -1.242934858115e+01 -1.242934866082e+01 -1.242934876141e+01 -1.242934888841e+01 -1.242934904879e+01 -1.242934925135e+01 -1.242934950725e+01 -1.242934983064e+01 -1.242935023949e+01 -1.242935075663e+01 -1.242935141114e+01 -1.242935224018e+01 -1.242935329135e+01 -1.242935462586e+01 -1.242935632282e+01 -1.242935848513e+01 -1.242936124762e+01 -1.242936478873e+01 -1.242936934748e+01 -1.242937524889e+01 -1.242938294337e+01 -1.242939307007e+01 -1.242940656321e+01 -1.242942484035e+01 -1.242945015741e+01 -1.242948633333e+01 -1.242954038767e+01 -1.242962678822e+01 -1.242978089698e+01 -1.243011774191e+01 -1.243132322268e+01 -1.247417555267e+01 -1.266225939821e+01 -1.287164817156e+01 -1.311525252236e+01 -1.342803872301e+01 -1.391549329664e+01 -1.444219820811e+01 -1.451974320754e+01 -1.457465083613e+01 -1.463183512565e+01 -1.469243148884e+01 -1.475665088411e+01 -1.482448827603e+01 -1.489586400310e+01 -1.497067317308e+01 -1.504878506079e+01 -1.513002369947e+01 -1.521418017559e+01 -1.530104499953e+01 -1.539042143339e+01 -1.548213120603e+01 -1.557601955797e+01 -1.567195867510e+01 -1.576985082135e+01 -1.586963099050e+01 -1.597126786200e+01 -1.607475987760e+01 -1.618012133198e+01 -1.628735034158e+01 -1.639639549133e+01 -1.650716950956e+01 -1.661957728098e+01 -1.673352372806e+01 -1.684891505481e+01 -1.696565950177e+01 -1.708366806355e+01 -1.720285510567e+01 -1.732313838516e+01 -1.744444151855e+01 -1.756668999756e+01
-1.242934827746e+01 -1.242934827753e+01 -1.242934827762e+01 -1.242934827774e+01 -1.242934827789e+01 -1.242934827807e+01 -1.242934827831e+01 -1.242934827861e+01 -1.242934827898e+01 -1.242934827946e+01 -1.242934828005e+01 -1.242934828081e+01 -1.242934828176e+01 -1.242934828296e+01 -1.242934828447e+01 -1.242934828639e+01 -1.242934828880e+01 -1.242934829184e+01 -1.242934829568e+01 -1.242934830053e+01 -1.242934830664e+01 -1.242934831436e+01 -1.242934832410e+01 -1.242934833639e+01 -1.242934835190e+01 -1.242934837147e+01 -1.242934839617e+01 -1.242934842734e+01 -1.242934846668e+01 -1.242934851633e+01 -1.242934857900e+01 -1.242934865812e+01 -1.242934875799e+01 -1.242934888409e+01 -1.242934904334e+01 -1.242934924446e+01 -1.242934949855e+01 -1.242934981965e+01 -1.242935022559e+01 -1.242935073903e+01 -1.242935138886e+01 -1.242935221195e+01 -1.242935325554e+01 -1.242935458036e+01 -1.242935626492e+01 -1.242935841127e+01 -1.242936115312e+01 -1.242936466738e+01 -1.242936919089e+01 -1.242937504556e+01 -1.242938267723e+01 -1.242939271800e+01 -1.242940609092e+01 -1.242942419475e+01 -1.242944925193e+01 -1.242948501662e+01 -1.242953836937e+01 -1.242962343284e+01 -1.242977450442e+01 -1.243010186008e+01 -1.243124494727e+01 -1.246869945017e+01 -1.265626692556e+01 -1.286497310025e+01 -1.310732776156e+01 -1.341761376791e+01 -1.390201274718e+01 -1.445013709645e+01 -1.453206098944e+01 -1.459340857465e+01 -1.465663601065e+01 -1.472293013067e+01 -1.479252253518e+01 -1.486544721654e+01 -1.494162203001e+01 -1.502096100960e+01 -1.510332156183e+01 -1.518851192520e+01 -1.527632913222e+01 -1.536657331309e+01 -1.545909355652e+01 -1.555371494429e+01 -1.565032020937e+01 -1.574881379416e+01 -1.584913236047e+01 -1.595124620838e+01 -1.605515643897e+01 -1.616088306619e+01 -1.626843581194e+01 -1.637777625158e+01 -1.648882317486e+01 -1.660148375871e+01 -1.671566463801e+01 -1.683127353803e+01 -1.694822005283e+01 -1.706641637417e+01 -1.718577793364e+01 -1.730622367290e+01 -1.742767738611e+01 -1.755006601810e+01
-1.242934827740e+01 -1.242934827745e+01 -1.242934827753e+01 -1.242934827762e+01 -1.242934827774e+01 -1.242934827788e+01 -1.242934827807e+01 -1.242934827830e+01 -1.242934827860e+01 -1.242934827897e+01 -1.242934827944e+01 -1.242934828004e+01 -1.242934828079e+01 -1.242934828173e+01 -1.242934828292e+01 -1.242934828443e+01 -1.242934828633e+01 -1.242934828873e+01 -1.242934829175e+01 -1.242934829557e+01 -1.242934830039e+01 -1.242934830647e+01 -1.242934831414e+01 -1.242934832382e+01 -1.242934833603e+01 -1.242934835144e+01 -1.242934837090e+01 -1.242934839545e+01 -1.242934842643e+01 -1.242934846553e+01 -1.242934851488e+01 -1.242934857718e+01 -1.242934865581e+01 -1.242934875508e+01 -1.242934888042e+01 -1.242934903870e+01 -1.242934923860e+01 -1.242934949114e+01 -1.242934981029e+01 -1.242935021375e+01 -1.242935072406e+01 -1.242935136991e+01 -1.242935218793e+01 -1.242935322507e+01 -1.242935454165e+01 -1.242935621566e+01 -1.242935834843e+01 -1.242936107274e+01 -1.242936456417e+01 -1.242936905772e+01 -1.242937487269e+01 -1.242938245100e+01 -1.242939241884e+01 -1.242940568978e+01 -1.242942364675e+01 -1.242944848399e+01 -1.242948390128e+01 -1.242953666281e+01 -1.242962060384e+01 -1.242976914193e+01 -1.243008868093e+01 -1.243118199308e+01 -1.246401212015e+01 -1.265115382357e+01 -1.285929887335e+01 -1.310064008554e+01 -1.340896148427e+01 -1.389170254999e+01 -1.445863121299e+01 -1.454521654998e+01 -1.461291520641e+01 -1.468204688180e+01 -1.475388305478e+01 -1.482869556456e+01 -1.490652172723e+01 -1.498732541838e+01 -1.507101344227e+01 -1.515742536473e+01 -1.524636892323e+01 -1.533765670251e+01 -1.543112201792e+01 -1.552661388406e+01 -1.562401129927e+01 -1.572322107008e+01 -1.582418158328e+01 -1.592686465679e+01 -1.603127389227e+01 -1.613743500459e+01 -1.624537031575e+01 -1.635505803010e+01 -1.646642592138e+01 -1.657938418155e+01 -1.669384141677e+01 -1.680970709104e+01 -1.692689234753e+01 -1.704531074806e+01 -1.716487894141e+01 -1.728551708741e+01 -1.740713504190e+01 -1.752970465076e+01
-1.242934827735e+01 -1.242934827740e+01 -1.242934827745e+01 -1.242934827753e+01 -1.242934827762e+01 -1.242934827773e+01 -1.242934827788e+01 -1.242934827806e+01 -1.242934827830e+01 -1.242934827859e+01 -1.242934827896e+01 -1.242934827943e+01 -1.242934828002e+01 -1.242934828077e+01 -1.242934828171e+01 -1.242934828289e+01 -1.242934828439e+01 -1.242934828628e+01 -1.242934828867e+01 -1.242934829168e+01 -1.242934829547e+01 -1.242934830026e+01 -1.242934830631e+01 -1.242934831394e+01 -1.242934832357e+01 -1.242934833572e+01 -1.242934835106e+01 -1.242934837041e+01 -1.242934839483e+01 -1.242934842565e+01 -1.242934846454e+01 -1.242934851364e+01 -1.242934857560e+01 -1.242934865383e+01 -1.242934875258e+01 -1.242934887726e+01 -1.242934903470e+01 -1.242934923355e+01 -1.242934948477e+01 -1.242934980223e+01 -1.242935020356e+01 -1.242935071116e+01 -1.242935135358e+01 -1.242935216724e+01 -1.242935319882e+01 -1.242935450831e+01 -1.242935617322e+01 -1.242935829431e+01 -1.242936100351e+01 -1.242936447528e+01 -1.242936894306e+01 -1.242937472386e+01 -1.242938225629e+01 -1.242939216143e+01 -1.242940534474e+01 -1.242942317565e+01 -1.242944782429e+01 -1.242948294413e+01 -1.242953520054e+01 -1.242961818571e+01 -1.242976457788e+01 -1.243007756574e+01 -1.243113027589e+01 -1.246009988012e+01 -1.264674183707e+01 -1.285442415814e+01 -1.309494613986e+01 -1.340174258134e+01 -1.388408148379e+01 -1.446744127459e+01 -1.455888259980e+01 -1.463271511009e+01 -1.470754088365e+01 -1.478470208081e+01 -1.486452894713e+01 -1.494706742617e+01 -1.503230510407e+01 -1.512013602000e+01 -1.521038958127e+01 -1.530288649695e+01 -1.539746218109e+01 -1.549397241138e+01 -1.559229832165e+01 -1.569234909802e+01 -1.579406475867e+01 -1.589741834197e+01 -1.600241548479e+01 -1.610908712752e+01 -1.621746836936e+01 -1.632755775557e+01 -1.643929657047e+01 -1.655259932038e+01 -1.666737685440e+01 -1.678354057055e+01 -1.690100333762e+01 -1.701968024435e+01 -1.713948929231e+01 -1.726035191091e+01 -1.738218771050e+01 -1.750494321224e+01
-1.242934827731e+01 -1.242934827735e+01 -1.242934827739e+01 -1.242934827745e+01 -1.242934827752e+01 -1.242934827762e+01 -1.242934827773e+01 -1.242934827788e+01 -1.242934827806e+01 -1.242934827829e+01 -1.242934827859e+01 -1.242934827895e+01 -1.242934827942e+01 -1.242934828001e+01 -1.242934828075e+01 -1.242934828169e+01 -1.242934828287e+01 -1.242934828436e+01 -1.242934828624e+01 -1.242934828861e+01 -1.242934829161e+01 -1.242934829539e+01 -1.242934830016e+01 -1.242934830618e+01 -1.242934831377e+01 -1.242934832336e+01 -1.242934833545e+01 -1.242934835072e+01 -1.242934836998e+01 -1.242934839429e+01 -1.242934842496e+01 -1.242934846368e+01 -1.242934851255e+01 -1.242934857423e+01 -1.242934865209e+01 -1.242934875039e+01 -1.242934887450e+01 -1.242934903121e+01 -1.242934922915e+01 -1.242934947920e+01 -1.242934979519e+01 -1.242935019466e+01 -1.242935069991e+01 -1.242935133934e+01 -1.242935214920e+01 -1.242935317593e+01 -1.242935447923e+01 -1.242935613622e+01 -1.242935824712e+01 -1.242936094315e+01 -1.242936439779e+01 -1.242936884311e+01 -1.242937459415e+01 -1.242938208662e+01 -1.242939193717e+01 -1.242940504426e+01 -1.242942276556e+01 -1.242944725038e+01 -1.242948211219e+01 -1.242953393125e+01 -1.242961609111e+01 -1.242976063902e+01 -1.243006804742e+01 -1.243108696985e+01 -1.245658865352e+01 -1.264289248802e+01 -1.285019367844e+01 -1.309006045900e+01 -1.339570097133e+01 -1.387875513626e+01 -1.447635371948e+01 -1.457269331707e+01 -1.465235107896e+01 -1.473259835983e+01 -1.481484369116e+01 -1.489942942974e+01 -1.498645564786e+01 -1.507590358850e+01 -1.516764973778e+01 -1.526152707967e+01 -1.535736958249e+01 -1.545505645117e+01 -1.555445203031e+01 -1.565547409128e+01 -1.575806393080e+01 -1.586219524816e+01 -1.596787485609e+01 -1.607513785521e+01 -1.618403115113e+01 -1.629457636930e+01 -1.640673479471e+01 -1.652042786328e+01 -1.663556901865e+01 -1.675207173773e+01 -1.686985074508e+01 -1.698882277384e+01 -1.710890727770e+01 -1.723002700541e+01 -1.735210668743e+01 -1.747508195796e+01
-1.242934827728e+01 -1.242934827731e+01 -1.242934827735e+01 -1.242934827739e+01 -1.242934827745e+01 -1.242934827752e+01 -1.242934827761e+01 -1.242934827773e+01 -1.242934827787e+01 -1.242934827806e+01 -1.242934827829e+01 -1.242934827858e+01 -1.242934827895e+01 -1.242934827941e+01 -1.242934828000e+01 -1.242934828074e+01 -1.242934828167e+01 -1.242934828284e+01 -1.242934828433e+01 -1.242934828620e+01 -1.242934828857e+01 -1.242934829155e+01 -1.242934829531e+01 -1.242934830007e+01 -1.242934830606e+01 -1.242934831362e+01 -1.242934832317e+01 -1.242934833522e+01 -1.242934835042e+01 -1.242934836960e+01 -1.242934839381e+01 -1.242934842436e+01 -1.242934846292e+01 -1.242934851159e+01 -1.242934857302e+01 -1.242934865057e+01 -1.242934874846e+01 -1.242934887206e+01 -1.242934902814e+01 -1.242934922526e+01 -1.242934947429e+01 -1.242934978899e+01 -1.242935018682e+01 -1.242935068999e+01 -1.242935132677e+01 -1.242935213327e+01 -1.242935315573e+01 -1.242935445358e+01 -1.242935610358e+01 -1.242935820549e+01 -1.242936088990e+01 -1.242936432944e+01 -1.242936875495e+01 -1.242937447976e+01 -1.242938193701e+01 -1.242939173948e+01 -1.242940477944e+01 -1.242942240430e+01 -1.242944674509e+01 -1.242948138028e+01 -1.242953281587e+01 -1.242961425387e+01 -1.242975719516e+01 -1.243005978112e+01 -1.243105008094e+01 -1.245347075534e+01 -1.263949863969e+01 -1.284648814680e+01 -1.308584189148e+01 -1.339064221908e+01 -1.387538375336e+01 -1.448516793254e+01 -1.458628617088e+01 -1.467139576535e+01 -1.475673705321e+01 -1.484376158463e+01 -1.493284242796e+01 -1.502410142716e+01 -1.511750716209e+01 -1.521292442790e+01 -1.531019961144e+01 -1.540919612251e+01 -1.550979903726e+01 -1.561192107644e+01 -1.571550403843e+01 -1.582052138127e+01 -1.592697978496e+01 -1.603491675050e+01 -1.614438873747e+01 -1.625544077683e+01 -1.636806197446e+01 -1.648218601515e+01 -1.659772968860e+01 -1.671460861994e+01 -1.683273943812e+01 -1.695204056850e+01 -1.707243295379e+01 -1.719384067434e+01 -1.731619101005e+01 -1.743941661042e+01
-1.242934827726e+01 -1.242934827728e+01 -1.242934827731e+01 -1.242934827735e+01 -1.242934827739e+01 -1.242934827745e+01 -1.242934827752e+01 -1.242934827761e+01 -1.242934827773e+01 -1.242934827787e+01 -1.242934827805e+01 -1.242934827828e+01 -1.242934827857e+01 -1.242934827894e+01 -1.242934827940e+01 -1.242934827999e+01 -1.242934828072e+01 -1.242934828165e+01 -1.242934828282e+01 -1.242934828430e+01 -1.242934828617e+01 -1.242934828853e+01 -1.242934829150e+01 -1.242934829525e+01 -1.242934829998e+01 -1.242934830595e+01 -1.242934831349e+01 -1.242934832300e+01 -1.242934833500e+01 -1.242934835015e+01 -1.242934836926e+01 -1.242934839338e+01 -1.242934842383e+01 -1.242934846225e+01 -1.242934851074e+01 -1.242934857194e+01 -1.242934864920e+01 -1.242934874674e+01 -1.242934886989e+01 -1.242934902539e+01 -1.242934922180e+01 -1.242934946991e+01 -1.242934978346e+01 -1.242935017982e+01 -1.242935068113e+01 -1.242935131556e+01 -1.242935211907e+01 -1.242935313772e+01 -1.242935443070e+01 -1.242935607447e+01 -1.242935816836e+01 -1.242936084242e+01 -1.242936426849e+01 -1.242936867635e+01 -1.242937437778e+01 -1.242938180366e+01 -1.242939156330e+01 -1.242940454351e+01 -1.242942208254e+01 -1.242944629528e+01 -1.242948072920e+01 -1.242953182467e+01 -1.242961262381e+01 -1.242975414829e+01 -1.243005251076e+01 -1.243101818099e+01 -1.245074013753e+01 -1.263647788561e+01 -1.284321639882e+01 -1.308218297115e+01 -1.338641663581e+01 -1.387365510698e+01 -1.449370279862e+01 -1.459934041600e+01 -1.468947826501e+01 -1.477953144527e+01 -1.487101370687e+01 -1.496428704358e+01 -1.505949307386e+01 -1.515657976841e+01 -1.525541029248e+01 -1.535584088556e+01 -1.545778254440e+01 -1.556112222663e+01 -1.566580917278e+01 -1.577181523329e+01 -1.587914519483e+01 -1.598783647895e+01 -1.609795165488e+01 -1.620955605292e+01 -1.632267303843e+01 -1.643725820040e+01 -1.655323393538e+01 -1.667051804787e+01 -1.678902899987e+01 -1.690868685113e+01 -1.702941397827e+01 -1.715113572811e+01 -1.727378084716e+01 -1.739727072541e+01
-1.242934827724e+01 -1.242934827726e+01 -1.242934827728e+01 -1.242934827731e+01 -1.242934827735e+01 -1.242934827739e+01 -1.242934827745e+01 -1.242934827752e+01 -1.242934827761e+01 -1.242934827773e+01 -1.242934827787e+01 -1.242934827805e+01 -1.242934827828e+01 -1.242934827857e+01 -1.242934827893e+01 -1.242934827940e+01 -1.242934827998e+01 -1.242934828071e+01 -1.242934828164e+01 -1.242934828281e+01 -1.242934828428e+01 -1.242934828614e+01 -1.242934828849e+01 -1.242934829145e+01 -1.242934829519e+01 -1.242934829991e+01 -1.242934830586e+01 -1.242934831337e+01 -1.242934832285e+01 -1.242934833481e+01 -1.242934834991e+01 -1.242934836896e+01 -1.242934839300e+01 -1.242934842334e+01 -1.242934846164e+01 -1.242934850997e+01 -1.242934857097e+01 -1.242934864798e+01 -1.242934874519e+01 -1.242934886793e+01 -1.242934902292e+01 -1.242934921868e+01 -1.242934946597e+01 -1.242934977847e+01 -1.242935017352e+01 -1.242935067316e+01 -1.242935130547e+01 -1.242935210629e+01 -1.242935312150e+01 -1.242935441010e+01 -1.242935604826e+01 -1.242935813494e+01 -1.242936079967e+01 -1.242936421363e+01 -1.242936860561e+01 -1.242937428600e+01 -1.242938168366e+01 -1.242939140479e+01 -1.242940433129e+01 -1.242942179322e+01 -1.242944589097e+01 -1.242948014434e+01 -1.242953093511e+01 -1.242961116301e+01 -1.242975142467e+01 -1.243004604569e+01 -1.243099023605e+01 -1.244839202989e+01 -1.263376729356e+01 -1.284030911179e+01 -1.307900138994e+01 -1.338290561878e+01 -1.387326512714e+01 -1.450179691132e+01 -1.461159151165e+01 -1.470630348014e+01 -1.480069510602e+01 -1.489624373830e+01 -1.499337936747e+01 -1.509221963063e+01 -1.519269189040e+01 -1.529466553699e+01 -1.539802441888e+01 -1.550267706771e+01 -1.560856117193e+01 -1.571564494330e+01 -1.582392908137e+01 -1.593344784949e+01 -1.604426549856e+01 -1.615646146322e+01 -1.627009404869e+01 -1.638515418796e+01 -1.650157644314e+01 -1.661928120033e+01 -1.673818853714e+01 -1.685821994715e+01 -1.697929906388e+01 -1.710135232540e+01 -1.722430950603e+01 -1.734810241218e+01
-1.242934827723e+01 -1.242934827724e+01 -1.242934827726e+01 -1.242934827728e+01 -1.242934827731e+01 -1.242934827735e+01 -1.242934827739e+01 -1.242934827745e+01 -1.242934827752e+01 -1.242934827761e+01 -1.242934827772e+01 -1.242934827787e+01 -1.242934827805e+01 -1.242934827828e+01 -1.242934827857e+01 -1.242934827893e+01 -1.242934827939e+01 -1.242934827997e+01 -1.242934828070e+01 -1.242934828162e+01 -1.242934828279e+01 -1.242934828426e+01 -1.242934828611e+01 -1.242934828845e+01 -1.242934829141e+01 -1.242934829514e+01 -1.242934829984e+01 -1.242934830577e+01 -1.242934831326e+01 -1.242934832271e+01 -1.242934833464e+01 -1.242934834969e+01 -1.242934836868e+01 -1.242934839265e+01 -1.242934842290e+01 -1.242934846108e+01 -1.242934850927e+01 -1.242934857009e+01 -1.242934864686e+01 -1.242934874379e+01 -1.242934886616e+01 -1.242934902068e+01 -1.242934921584e+01 -1.242934946239e+01 -1.242934977395e+01 -1.242935016780e+01 -1.242935066593e+01 -1.242935129632e+01 -1.242935209469e+01 -1.242935310679e+01 -1.242935439141e+01 -1.242935602447e+01 -1.242935810461e+01 -1.242936076089e+01 -1.242936416385e+01 -1.242936854142e+01 -1.242937420274e+01 -1.242938157481e+01 -1.242939126104e+01 -1.242940413886e+01 -1.242942153096e+01 -1.242944552463e+01 -1.242947961469e+01 -1.242953013019e+01 -1.242960984293e+01 -1.242974896898e+01 -1.243004024392e+01 -1.243096549163e+01 -1.244606076483e+01 -1.263131913912e+01 -1.283771364522e+01 -1.307611045511e+01 -1.338001049172e+01 -1.387390824913e+01 -1.450931534444e+01 -1.462284805266e+01 -1.472166259925e+01 -1.481995437407e+01 -1.491920254546e+01 -1.501984871245e+01 -1.512199084386e+01 -1.522554053929e+01 -1.533037556357e+01 -1.543640409181e+01 -1.554355051733e+01 -1.565177853784e+01 -1.576108206584e+01 -1.587148878713e+01 -1.598305954399e+01 -1.609588001461e+01 -1.621003600964e+01 -1.632556448278e+01 -1.644242679952e+01 -1.656054866149e+01 -1.667985148299e+01 -1.680025782035e+01 -1.692169223811e+01 -1.704408195962e+01 -1.716735744408e+01 -1.729145264037e+01
-1.242934827722e+01 -1.242934827723e+01 -1.242934827724e+01 -1.242934827726e+01 -1.242934827728e+01 -1.242934827731e+01 -1.242934827735e+01 -1.242934827739e+01 -1.242934827745e+01 -1.242934827752e+01 -1.242934827761e+01 -1.242934827772e+01 -1.242934827787e+01 -1.242934827805e+01 -1.242934827827e+01 -1.242934827856e+01 -1.242934827892e+01 -1.242934827938e+01 -1.242934827996e+01 -1.242934828069e+01 -1.242934828161e+01 -1.242934828277e+01 -1.242934828424e+01 -1.242934828609e+01 -1.242934828842e+01 -1.242934829137e+01 -1.242934829509e+01 -1.242934829978e+01 -1.242934830569e+01 -1.242934831316e+01 -1.242934832259e+01 -1.242934833448e+01 -1.242934834949e+01 -1.242934836843e+01 -1.242934839234e+01 -1.242934842250e+01 -1.242934846058e+01 -1.242934850863e+01 -1.242934856928e+01 -1.242934864585e+01 -1.242934874250e+01 -1.242934886454e+01 -1.242934901863e+01 -1.242934921326e+01 -1.242934945913e+01 -1.242934976982e+01 -1.242935016258e+01 -1.242935065932e+01 -1.242935128795e+01 -1.242935208409e+01 -1.242935309335e+01 -1.242935437434e+01 -1.242935600276e+01 -1.242935807692e+01 -1.242936072548e+01 -1.242936411841e+01 -1.242936848283e+01 -1.242937412674e+01 -1.242938147547e+01 -1.242939112986e+01 -1.242940396330e+01 -1.242942129173e+01 -1.242944519058e+01 -1.242947913199e+01 -1.242952939717e+01 -1.242960864218e+01 -1.242974673984e+01 -1.243003499972e+01 -1.243094339326e+01 -1.244410594568e+01 -1.262909734292e+01 -1.283538966671e+01 -1.307366242425e+01 -1.337764360543e+01 -1.387527788984e+01 -1.451616221383e+01 -1.463299165881e+01 -1.473543412225e+01 -1.483719633146e+01 -1.493975182206e+01 -1.504354415505e+01 -1.514864569795e+01 -1.525495817563e+01 -1.536235242167e+01 -1.547080888411e+01 -1.558021684233e+01 -1.569058045186e+01 -1.580191725224e+01 -1.591427946216e+01 -1.602775074140e+01 -1.614243170589e+01 -1.625840316857e+01 -1.637567380100e+01 -1.649418527343e+01 -1.661386087780e+01 -1.673462370430e+01 -1.685639875544e+01 -1.697911359415e+01 -1.710269892664e+01 -1.722708905244e+01
-1.242934827721e+01 -1.242934827722e+01 -1.242934827723e+01 -1.242934827724e+01 -1.242934827726e+01 -1.242934827728e+01 -1.242934827731e+01 -1.242934827735e+01 -1.242934827739e+01 -1.242934827745e+01 -1.242934827752e+01 -1.242934827761e+01 -1.242934827772e+01 -1.242934827786e+01 -1.242934827804e+01 -1.242934827827e+01 -1.242934827856e+01 -1.242934827892e+01 -1.242934827938e+01 -1.242934827995e+01 -1.242934828068e+01 -1.242934828160e+01 -1.242934828276e+01 -1.242934828422e+01 -1.242934828607e+01 -1.242934828839e+01 -1.242934829133e+01 -1.242934829504e+01 -1.242934829972e+01 -1.242934830562e+01 -1.242934831307e+01 -1.242934832247e+01 -1.242934833434e+01 -1.242934834931e+01 -1.242934836820e+01 -1.242934839204e+01 -1.242934842214e+01 -1.242934846011e+01 -1.242934850804e+01 -1.242934856854e+01 -1.242934864491e+01 -1.242934874132e+01 -1.242934886305e+01 -1.242934901676e+01 -1.242934921089e+01 -1.242934945613e+01 -1.242934976603e+01 -1.242935015779e+01 -1.242935065327e+01 -1.242935128028e+01 -1.242935207438e+01 -1.242935308103e+01 -1.242935435869e+01 -1.242935598284e+01 -1.242935805152e+01 -1.242936069301e+01 -1.242936407673e+01 -1.242936842910e+01 -1.242937405706e+01 -1.242938138438e+01 -1.242939100960e+01 -1.242940380238e+01 -1.242942107252e+01 -1.242944488459e+01 -1.242947869003e+01 -1.242952872647e+01 -1.242960754470e+01 -1.242974470625e+01 -1.243003023398e+01 -1.243092352941e+01 -1.244216370855e+01 -1.262707439801e+01 -1.283330534517e+01 -1.307152658260e+01 -1.337572180022e+01 -1.387707526047e+01 -1.452227969739e+01 -1.464197084482e+01 -1.474757671100e+01 -1.485238643489e+01 -1.495785801241e+01 -1.506443025180e+01 -1.517214858665e+01 -1.528090958899e+01 -1.539061577914e+01 -1.550120132155e+01 -1.561263508340e+01 -1.572492054657e+01 -1.583809651527e+01 -1.595223684146e+01 -1.606744372310e+01 -1.618382570510e+01 -1.630144901170e+01 -1.642029533594e+01 -1.654029574239e+01 -1.666137349876e+01 -1.678345339220e+01 -1.690646273837e+01 -1.703033193551e+01 -1.715499495947e+01
-1.242934827720e+01 -1.242934827721e+01 -1.242934827722e+01 -1.242934827723e+01 -1.242934827724e+01 -1.242934827726e+01 -1.242934827728e+01 -1.242934827731e+01 -1.242934827735e+01 -1.242934827739e+01 -1.242934827745e+01 -1.242934827752e+01 -1.242934827761e+01 -1.242934827772e+01 -1.242934827786e+01 -1.242934827804e+01 -1.242934827827e+01 -1.242934827855e+01 -1.242934827892e+01 -1.242934827937e+01 -1.242934827995e+01 -1.242934828067e+01 -1.242934828159e+01 -1.242934828275e+01 -1.242934828420e+01 -1.242934828605e+01 -1.242934828837e+01 -1.242934829130e+01 -1.242934829500e+01 -1.242934829967e+01 -1.242934830556e+01 -1.242934831299e+01 -1.242934832237e+01 -1.242934833420e+01 -1.242934834914e+01 -1.242934836799e+01 -1.242934839178e+01 -1.242934842180e+01 -1.242934845969e+01 -1.242934850751e+01 -1.242934856786e+01 -1.242934864406e+01 -1.242934874024e+01 -1.242934886168e+01 -1.242934901503e+01 -1.242934920871e+01 -1.242934945337e+01 -1.242934976255e+01 -1.242935015339e+01 -1.242935064769e+01 -1.242935127323e+01 -1.242935206544e+01 -1.242935306969e+01 -1.242935434429e+01 -1.242935596452e+01 -1.242935802816e+01 -1.242936066314e+01 -1.242936403840e+01 -1.242936837968e+01 -1.242937399297e+01 -1.242938130062e+01 -1.242939089902e+01 -1.242940365444e+01 -1.242942087104e+01 -1.242944460342e+01 -1.242947828409e+01 -1.242952811082e+01 -1.242960653831e+01 -1.242974284463e+01 -1.243002588660e+01 -1.243090558881e+01 -1.244023246912e+01 -1.262522864852e+01 -1.283143401495e+01 -1.306966302701e+01 -1.337416245106e+01 -1.387902272848e+01 -1.452764679755e+01 -1.464979006949e+01 -1.475811641105e+01 -1.486556989063e+01 -1.497357811909e+01 -1.508257300760e+01 -1.519257474863e+01 -1.530347752583e+01 -1.541519505748e+01 -1.552767375099e+01 -1.564089875587e+01 -1.575489105168e+01 -1.586970819033e+01 -1.598544252664e+01 -1.610221039951e+01 -1.622012154245e+01 -1.633922201785e+01 -1.645947235027e+01 -1.658079860894e+01 -1.670312468944e+01 -1.682637694187e+01 -1.695048480181e+01 -1.707538127072e+01
-1.242934827720e+01 -1.242934827720e+01 -1.242934827721e+01 -1.242934827722e+01 -1.242934827723e+01 -1.242934827724e+01 -1.242934827726e+01 -1.242934827728e+01 -1.242934827731e+01 -1.242934827734e+01 -1.242934827739e+01 -1.242934827745e+01 -1.242934827752e+01 -1.242934827761e+01 -1.242934827772e+01 -1.242934827786e+01 -1.242934827804e+01 -1.242934827827e+01 -1.242934827855e+01 -1.242934827891e+01 -1.242934827937e+01 -1.242934827994e+01 -1.242934828067e+01 -1.242934828158e+01 -1.242934828273e+01 -1.242934828419e+01 -1.242934828603e+01 -1.242934828834e+01 -1.242934829127e+01 -1.242934829496e+01 -1.242934829962e+01 -1.242934830550e+01 -1.242934831291e+01 -1.242934832227e+01 -1.242934833408e+01 -1.242934834899e+01 -1.242934836779e+01 -1.242934839153e+01 -1.242934842149e+01 -1.242934845929e+01 -1.242934850701e+01 -1.242934856724e+01 -1.242934864326e+01 -1.242934873924e+01 -1.242934886042e+01 -1.242934901344e+01 -1.242934920669e+01 -1.242934945083e+01 -1.242934975934e+01 -1.242935014933e+01 -1.242935064256e+01 -1.242935126673e+01 -1.242935205720e+01 -1.242935305924e+01 -1.242935433102e+01 -1.242935594763e+01 -1.242935800663e+01 -1.242936063560e+01 -1.242936400307e+01 -1.242936833414e+01 -1.242937393390e+01 -1.242938122344e+01 -1.242939079713e+01 -1.242940351815e+01 -1.242942068545e+01 -1.242944434451e+01 -1.242947791044e+01 -1.242952754447e+01 -1.242960561335e+01 -1.242974113632e+01 -1.243002191011e+01 -1.243088932733e+01 -1.243867286529e+01 -1.262354186529e+01 -1.282975133621e+01 -1.306803232237e+01 -1.337288217038e+01 -1.388087718763e+01 -1.453227342648e+01 -1.465649649804e+01 -1.476713129023e+01 -1.487685350286e+01 -1.498704020791e+01 -1.509811907336e+01 -1.521008822087e+01 -1.532283979513e+01 -1.543630167130e+01 -1.555042636593e+01 -1.566521458288e+01 -1.578070249469e+01 -1.589696385924e+01 -1.601410640702e+01 -1.613225646660e+01 -1.625151936374e+01 -1.637191971985e+01 -1.649340328683e+01 -1.661589393049e+01 -1.673931625847e+01 -1.686359800398e+01 -1.698867049527e+01
-1.242934827719e+01 -1.242934827720e+01 -1.242934827720e+01 -1.242934827721e+01 -1.242934827722e+01 -1.242934827723e+01 -1.242934827724e+01 -1.242934827726e+01 -1.242934827728e+01 -1.242934827731e+01 -1.242934827734e+01 -1.242934827739e+01 -1.242934827744e+01 -1.242934827752e+01 -1.242934827760e+01 -1.242934827772e+01 -1.242934827786e+01 -1.242934827804e+01 -1.242934827826e+01 -1.242934827855e+01 -1.242934827891e+01 -1.242934827936e+01 -1.242934827994e+01 -1.242934828066e+01 -1.242934828157e+01 -1.242934828272e+01 -1.242934828418e+01 -1.242934828601e+01 -1.242934828832e+01 -1.242934829124e+01 -1.242934829492e+01 -1.242934829957e+01 -1.242934830544e+01 -1.242934831284e+01 -1.242934832218e+01 -1.242934833397e+01 -1.242934834884e+01 -1.242934836761e+01 -1.242934839130e+01 -1.242934842120e+01 -1.242934845893e+01 -1.242934850655e+01 -1.242934856666e+01 -1.242934864253e+01 -1.242934873832e+01 -1.242934885925e+01 -1.242934901197e+01 -1.242934920484e+01 -1.242934944848e+01 -1.242934975637e+01 -1.242935014558e+01 -1.242935063781e+01 -1.242935126072e+01 -1.242935204959e+01 -1.242935304959e+01 -1.242935431876e+01 -1.242935593204e+01 -1.242935798675e+01 -1.242936061018e+01 -1.242936397045e+01 -1.242936829209e+01 -1.242937387938e+01 -1.242938115219e+01 -1.242939070309e+01 -1.242940339236e+01 -1.242942051421e+01 -1.242944410567e+01 -1.242947756588e+01 -1.242952702250e+01 -1.242960476157e+01 -1.242973956545e+01 -1.243001826436e+01 -1.243087454196e+01 -1.243712212509e+01 -1.262199715260e+01 -1.282823307586e+01 -1.306659370712e+01 -1.337179788015e+01 -1.388243974573e+01 -1.453619219871e+01 -1.466216661877e+01 -1.477478131071e+01 -1.488638636748e+01 -1.499842188033e+01 -1.511127197329e+01 -1.522491627361e+01 -1.533924216565e+01 -1.545420113072e+01 -1.556973927098e+01 -1.568587440088e+01 -1.580265569273e+01 -1.592017066129e+01 -1.603853948760e+01 -1.615789486569e+01 -1.627833385768e+01 -1.639986135826e+01 -1.652241341920e+01 -1.664591293232e+01 -1.677028514338e+01 -1.689545897802e+01
-1.242934827719e+01 -1.242934827719e+01 -1.242934827720e+01 -1.242934827720e+01 -1.242934827721e+01 -1.242934827722e+01 -1.242934827723e+01 -1.242934827724e+01 -1.242934827726e+01 -1.242934827728e+01 -1.242934827731e+01 -1.242934827734e+01 -1.242934827739e+01 -1.242934827744e+01 -1.242934827751e+01 -1.242934827760e+01 -1.242934827772e+01 -1.242934827786e+01 -1.242934827804e+01 -1.242934827826e+01 -1.242934827855e+01 -1.242934827891e+01 -1.242934827936e+01 -1.242934827993e+01 -1.242934828065e+01 -1.242934828156e+01 -1.242934828271e+01 -1.242934828416e+01 -1.242934828599e+01 -1.242934828830e+01 -1.242934829122e+01 -1.242934829489e+01 -1.242934829953e+01 -1.242934830539e+01 -1.242934831277e+01 -1.242934832210e+01 -1.242934833386e+01 -1.242934834871e+01 -1.242934836745e+01 -1.242934839109e+01 -1.242934842093e+01 -1.242934845859e+01 -1.242934850613e+01 -1.242934856612e+01 -1.242934864186e+01 -1.242934873747e+01 -1.242934885818e+01 -1.242934901060e+01 -1.242934920312e+01 -1.242934944631e+01 -1.242934975363e+01 -1.242935014211e+01 -1.242935063342e+01 -1.242935125516e+01 -1.242935204254e+01 -1.242935304065e+01 -1.242935430741e+01 -1.242935591761e+01 -1.242935796834e+01 -1.242936058666e+01 -1.242936394026e+01 -1.242936825317e+01 -1.242937382892e+01 -1.242938108626e+01 -1.242939061608e+01 -1.242940327601e+01 -1.242942035582e+01 -1.242944388482e+01 -1.242947724737e+01 -1.242952654023e+01 -1.242960397519e+01 -1.242973811713e+01 -1.243001491218e+01 -1.243086105052e+01 -1.243702460592e+01 -1.262057729491e+01 -1.282685367570e+01 -1.306530466772e+01 -1.337082954199e+01 -1.388355993376e+01 -1.453945263975e+01 -1.466689423895e+01 -1.478113984656e+01 -1.489434186932e+01 -1.500792964804e+01 -1.512226887361e+01 -1.523732407618e+01 -1.535297176242e+01 -1.546920516161e+01 -1.558594299631e+01 -1.570322479070e+01 -1.582111069402e+01 -1.593969971306e+01 -1.605912188969e+01 -1.617951335982e+01 -1.630096089518e+01 -1.642345275395e+01 -1.654691874279e+01 -1.667128128685e+01 -1.679646616261e+01
-1.242934827719e+01 -1.242934827719e+01 -1.242934827719e+01 -1.242934827720e+01 -1.242934827720e+01 -1.242934827721e+01 -1.242934827722e+01 -1.242934827723e+01 -1.242934827724e+01 -1.242934827726e+01 -1.242934827728e+01 -1.242934827731e+01 -1.242934827734e+01 -1.242934827739e+01 -1.242934827744e+01 -1.242934827751e+01 -1.242934827760e+01 -1.242934827772e+01 -1.242934827786e+01 -1.242934827803e+01 -1.242934827826e+01 -1.242934827854e+01 -1.242934827890e+01 -1.242934827936e+01 -1.242934827993e+01 -1.242934828065e+01 -1.242934828156e+01 -1.242934828270e+01 -1.242934828415e+01 -1.242934828598e+01 -1.242934828828e+01 -1.242934829119e+01 -1.242934829486e+01 -1.242934829949e+01 -1.242934830534e+01 -1.242934831271e+01 -1.242934832202e+01 -1.242934833377e+01 -1.242934834859e+01 -1.242934836729e+01 -1.242934839089e+01 -1.242934842068e+01 -1.242934845828e+01 -1.242934850573e+01 -1.242934856563e+01 -1.242934864123e+01 -1.242934873667e+01 -1.242934885718e+01 -1.242934900934e+01 -1.242934920152e+01 -1.242934944429e+01 -1.242934975107e+01 -1.242935013888e+01 -1.242935062934e+01 -1.242935125000e+01 -1.242935203600e+01 -1.242935303235e+01 -1.242935429687e+01 -1.242935590420e+01 -1.242935795125e+01 -1.242936056480e+01 -1.242936391222e+01 -1.242936821702e+01 -1.242937378204e+01 -1.242938102502e+01 -1.242939053526e+01 -1.242940316794e+01 -1.242942020875e+01 -1.242944367978e+01 -1.242947695175e+01 -1.242952609283e+01 -1.242960324619e+01 -1.242973677614e+01 -1.243001181617e+01 -1.243084867717e+01 -1.243693389176e+01 -1.261926368597e+01 -1.282558572983e+01 -1.306412175830e+01 -1.336990355878e+01 -1.388413458156e+01 -1.454211084489e+01 -1.467078070764e+01 -1.478637560550e+01 -1.490090258351e+01 -1.501578127412e+01 -1.513136041702e+01 -1.524759241613e+01 -1.536437458734e+01 -1.548164593188e+01 -1.559939125771e+01 -1.571763851915e+01 -1.583645702425e+01 -1.595595524945e+01 -1.607627090652e+01 -1.619754140561e+01 -1.631984270644e+01 -1.644314974350e+01 -1.656738826832e+01 -1.669248044364e+01
-1.242934827718e+01 -1.242934827719e+01 -1.242934827719e+01 -1.242934827719e+01 -1.242934827720e+01 -1.242934827720e+01 -1.242934827721e+01 -1.242934827722e+01 -1.242934827723e+01 -1.242934827724e+01 -1.242934827726e+01 -1.242934827728e+01 -1.242934827731e+01 -1.242934827734e+01 -1.242934827739e+01 -1.242934827744e+01 -1.242934827751e+01 -1.242934827760e+01 -1.242934827771e+01 -1.242934827786e+01 -1.242934827803e+01 -1.242934827826e+01 -1.242934827854e+01 -1.242934827890e+01 -1.242934827935e+01 -1.242934827992e+01 -1.242934828064e+01 -1.242934828155e+01 -1.242934828269e+01 -1.242934828414e+01 -1.242934828596e+01 -1.242934828826e+01 -1.242934829117e+01 -1.242934829483e+01 -1.242934829946e+01 -1.242934830529e+01 -1.242934831266e+01 -1.242934832195e+01 -1.242934833367e+01 -1.242934834847e+01 -1.242934836714e+01 -1.242934839071e+01 -1.242934842045e+01 -1.242934845799e+01 -1.242934850536e+01 -1.242934856516e+01 -1.242934864064e+01 -1.242934873593e+01 -1.242934885624e+01 -1.242934900816e+01 -1.242934920003e+01 -1.242934944241e+01 -1.242934974869e+01 -1.242935013586e+01 -1.242935062552e+01 -1.242935124516e+01 -1.242935202988e+01 -1.242935302459e+01 -1.242935428702e+01 -1.242935589166e+01 -1.242935793526e+01 -1.242936054435e+01 -1.242936388599e+01 -1.242936818321e+01 -1.242937373821e+01 -1.242938096775e+01 -1.242939045970e+01 -1.242940306691e+01 -1.242942007127e+01 -1.242944348816e+01 -1.242947667557e+01 -1.242952567501e+01 -1.242960256584e+01 -1.242973552607e+01 -1.243000893679e+01 -1.243083724381e+01 -1.243684899265e+01 -1.261803594874e+01 -1.282440036132e+01 -1.306300230023e+01 -1.336895587002e+01 -1.388410275443e+01 -1.454422801224e+01 -1.467392762576e+01 -1.479063111630e+01 -1.490624878900e+01 -1.502219211570e+01 -1.513879495172e+01 -1.525600006084e+01 -1.537370576284e+01 -1.549185507982e+01 -1.561043847140e+01 -1.572949061510e+01 -1.584908837903e+01 -1.596934795459e+01 -1.609041293766e+01 -1.621242055101e+01 -1.633543643884e+01 -1.645942517031e+01 -1.658430979673e+01
-1.242934827718e+01 -1.242934827718e+01 -1.242934827719e+01 -1.242934827719e+01 -1.242934827719e+01 -1.242934827720e+01 -1.242934827720e+01 -1.242934827721e+01 -1.242934827722e+01 -1.242934827723e+01 -1.242934827724e+01 -1.242934827726e+01 -1.242934827728e+01 -1.242934827731e+01 -1.242934827734e+01 -1.242934827739e+01 -1.242934827744e+01 -1.242934827751e+01 -1.242934827760e+01 -1.242934827771e+01 -1.242934827785e+01 -1.242934827803e+01 -1.242934827826e+01 -1.242934827854e+01 -1.242934827890e+01 -1.242934827935e+01 -1.242934827992e+01 -1.242934828064e+01 -1.242934828154e+01 -1.242934828269e+01 -1.242934828413e+01 -1.242934828595e+01 -1.242934828825e+01 -1.242934829115e+01 -1.242934829481e+01 -1.242934829942e+01 -1.242934830525e+01 -1.242934831260e+01 -1.242934832188e+01 -1.242934833359e+01 -1.242934834836e+01 -1.242934836701e+01 -1.242934839054e+01 -1.242934842023e+01 -1.242934845771e+01 -1.242934850501e+01 -1.242934856472e+01 -1.242934864009e+01 -1.242934873523e+01 -1.242934885535e+01 -1.242934900704e+01 -1.242934919861e+01 -1.242934944062e+01 -1.242934974644e+01 -1.242935013301e+01 -1.242935062192e+01 -1.242935124060e+01 -1.242935202410e+01 -1.242935301726e+01 -1.242935427771e+01 -1.242935587981e+01 -1.242935792016e+01 -1.242936052505e+01 -1.242936386122e+01 -1.242936815129e+01 -1.242937369683e+01 -1.242938091369e+01 -1.242939038836e+01 -1.242940297154e+01 -1.242941994151e+01 -1.242944330733e+01 -1.242947641501e+01 -1.242952528099e+01 -1.242960192465e+01 -1.242973434919e+01 -1.243000623185e+01 -1.243082656752e+01 -1.243676878863e+01 -1.261687225216e+01 -1.282326831255e+01 -1.306190643663e+01 -1.336793404366e+01 -1.388343853239e+01 -1.454586276721e+01 -1.467643189220e+01 -1.479404107090e+01 -1.491055058544e+01 -1.502736561783e+01 -1.514480743883e+01 -1.526281120467e+01 -1.538127611498e+01 -1.550014839809e+01 -1.561942311031e+01 -1.573914041604e+01 -1.585938336338e+01 -1.598027437063e+01 -1.610196150512e+01 -1.622458092818e+01 -1.634818903114e+01 -1.647274243801e+01
-1.242934827718e+01 -1.242934827718e+01 -1.242934827718e+01 -1.242934827719e+01 -1.242934827719e+01 -1.242934827719e+01 -1.242934827720e+01 -1.242934827720e+01 -1.242934827721e+01 -1.242934827722e+01 -1.242934827723e+01 -1.242934827724e+01 -1.242934827726e+01 -1.242934827728e+01 -1.242934827731e+01 -1.242934827734e+01 -1.242934827739e+01 -1.242934827744e+01 -1.242934827751e+01 -1.242934827760e+01 -1.242934827771e+01 -1.242934827785e+01 -1.242934827803e+01 -1.242934827826e+01 -1.242934827854e+01 -1.242934827889e+01 -1.242934827935e+01 -1.242934827991e+01 -1.242934828063e+01 -1.242934828154e+01 -1.242934828268e+01 -1.242934828412e+01 -1.242934828594e+01 -1.242934828823e+01 -1.242934829113e+01 -1.242934829478e+01 -1.242934829939e+01 -1.242934830521e+01 -1.242934831255e+01 -1.242934832181e+01 -1.242934833351e+01 -1.242934834826e+01 -1.242934836688e+01 -1.242934839037e+01 -1.242934842002e+01 -1.242934845745e+01 -1.242934850468e+01 -1.242934856430e+01 -1.242934863956e+01 -1.242934873456e+01 -1.242934885451e+01 -1.242934900597e+01 -1.242934919726e+01 -1.242934943892e+01 -1.242934974428e+01 -1.242935013029e+01 -1.242935061847e+01 -1.242935123624e+01 -1.242935201857e+01 -1.242935301025e+01 -1.242935426880e+01 -1.242935586849e+01 -1.242935790572e+01 -1.242936050659e+01 -1.242936383753e+01 -1.242936812076e+01 -1.242937365725e+01 -1.242938086198e+01 -1.242939032015e+01 -1.242940288036e+01 -1.242941981747e+01 -1.242944313450e+01 -1.242947616603e+01 -1.242952490462e+01 -1.242960131252e+01 -1.242973322680e+01 -1.243000365739e+01 -1.243081646346e+01 -1.243669206450e+01 -1.261575019125e+01 -1.282216141882e+01 -1.306079901271e+01 -1.336679807914e+01 -1.388214318432e+01 -1.454707197311e+01 -1.467838270754e+01 -1.479672852706e+01 -1.491396315125e+01 -1.503148751329e+01 -1.514961260450e+01 -1.526826761663e+01 -1.538735249120e+01 -1.550681597323e+01 -1.562665682721e+01 -1.574691965588e+01 -1.586769251410e+01 -1.598910280717e+01 -1.611130198207e+01 -1.623442470814e+01 -1.635851942000e+01
-1.242934827718e+01 -1.242934827718e+01 -1.242934827718e+01 -1.242934827718e+01 -1.242934827719e+01 -1.242934827719e+01 -1.242934827719e+01 -1.242934827720e+01 -1.242934827720e+01 -1.242934827721e+01 -1.242934827722e+01 -1.242934827723e+01 -1.242934827724e+01 -1.242934827726e+01 -1.242934827728e+01 -1.242934827731e+01 -1.242934827734e+01 -1.242934827739e+01 -1.242934827744e+01 -1.242934827751e+01 -1.242934827760e+01 -1.242934827771e+01 -1.242934827785e+01 -1.242934827803e+01 -1.242934827825e+01 -1.242934827854e+01 -1.242934827889e+01 -1.242934827934e+01 -1.242934827991e+01 -1.242934828063e+01 -1.242934828153e+01 -1.242934828267e+01 -1.242934828411e+01 -1.242934828592e+01 -1.242934828822e+01 -1.242934829111e+01 -1.242934829476e+01 -1.242934829936e+01 -1.242934830517e+01 -1.242934831250e+01 -1.242934832175e+01 -1.242934833343e+01 -1.242934834816e+01 -1.242934836675e+01 -1.242934839021e+01 -1.242934841982e+01 -1.242934845719e+01 -1.242934850436e+01 -1.242934856389e+01 -1.242934863904e+01 -1.242934873391e+01 -1.242934885369e+01 -1.242934900493e+01 -1.242934919595e+01 -1.242934943726e+01 -1.242934974219e+01 -1.242935012764e+01 -1.242935061513e+01 -1.242935123200e+01 -1.242935201320e+01 -1.242935300344e+01 -1.242935426016e+01 -1.242935585749e+01 -1.242935789169e+01 -1.242936048866e+01 -1.242936381453e+01 -1.242936809112e+01 -1.242937361882e+01 -1.242938081179e+01 -1.242939025394e+01 -1.242940279186e+01 -1.242941969708e+01 -1.242944296679e+01 -1.242947592451e+01 -1.242952453964e+01 -1.242960071926e+01 -1.242973214004e+01 -1.243000116950e+01 -1.243080675158e+01 -1.243661757315e+01 -1.261464797876e+01 -1.282105408509e+01 -1.305965089647e+01 -1.336552001071e+01 -1.388023779731e+01 -1.454790737851e+01 -1.467986007882e+01 -1.479880309783e+01 -1.491662447466e+01 -1.503472298907e+01 -1.515340153038e+01 -1.527258464895e+01 -1.539217289059e+01 -1.551211694354e+01 -1.563241853775e+01 -1.575312583457e+01 -1.587433091053e+01 -1.599616513830e+01 -1.611878251509e+01 -1.624231609399e+01
-1.242934827718e+01 -1.242934827718e+01 -1.242934827718e+01 -1.242934827718e+01 -1.242934827718e+01 -1.242934827719e+01 -1.242934827719e+01 -1.242934827719e+01 -1.242934827720e+01 -1.242934827720e+01 -1.242934827721e+01 -1.242934827722e+01 -1.242934827723e+01 -1.242934827724e+01 -1.242934827726e+01 -1.242934827728e+01 -1.242934827731e+01 -1.242934827734e+01 -1.242934827739e+01 -1.242934827744e+01 -1.242934827751e+01 -1.242934827760e+01 -1.242934827771e+01 -1.242934827785e+01 -1.242934827803e+01 -1.242934827825e+01 -1.242934827853e+01 -1.242934827889e+01 -1.242934827934e+01 -1.242934827991e+01 -1.242934828062e+01 -1.242934828152e+01 -1.242934828266e+01 -1.242934828410e+01 -1.242934828591e+01 -1.242934828820e+01 -1.242934829109e+01 -1.242934829473e+01 -1.242934829933e+01 -1.242934830513e+01 -1.242934831245e+01 -1.242934832169e+01 -1.242934833335e+01 -1.242934834806e+01 -1.242934836662e+01 -1.242934839005e+01 -1.242934841962e+01 -1.242934845694e+01 -1.242934850404e+01 -1.242934856349e+01 -1.242934863853e+01 -1.242934873327e+01 -1.242934885288e+01 -1.242934900391e+01 -1.242934919466e+01 -1.242934943563e+01 -1.242934974012e+01 -1.242935012503e+01 -1.242935061182e+01 -1.242935122782e+01 -1.242935200791e+01 -1.242935299673e+01 -1.242935425163e+01 -1.242935584664e+01 -1.242935787786e+01 -1.242936047098e+01 -1.242936379185e+01 -1.242936806189e+01 -1.242937358093e+01 -1.242938076229e+01 -1.242939018864e+01 -1.242940270459e+01 -1.242941957839e+01 -1.242944280147e+01 -1.242947568646e+01 -1.242952418005e+01 -1.242960013508e+01 -1.242973107091e+01 -1.242999872660e+01 -1.243079726497e+01 -1.243654411202e+01 -1.261354565107e+01 -1.281992444890e+01 -1.305843957393e+01 -1.336408262991e+01 -1.387775692993e+01 -1.454841543667e+01 -1.468093438799e+01 -1.480036055458e+01 -1.491865486555e+01 -1.503721601626e+01 -1.515634077663e+01 -1.527595012178e+01 -1.539594506918e+01 -1.551627778140e+01 -1.563695233609e+01 -1.575801972139e+01 -1.587957521676e+01 -1.600175333151e+01 -1.612470999026e+01
-1.242934827718e+01 -1.242934827718e+01 -1.242934827718e+01 -1.242934827718e+01 -1.242934827718e+01 -1.242934827718e+01 -1.242934827719e+01 -1.242934827719e+01 -1.242934827719e+01 -1.242934827720e+01 -1.242934827720e+01 -1.242934827721e+01 -1.242934827722e+01 -1.242934827723e+01 -1.242934827724e+01 -1.242934827726e+01 -1.242934827728e+01 -1.242934827731e+01 -1.242934827734e+01 -1.242934827739e+01 -1.242934827744e+01 -1.242934827751e+01 -1.242934827760e+01 -1.242934827771e+01 -1.242934827785e+01 -1.242934827803e+01 -1.242934827825e+01 -1.242934827853e+01 -1.242934827889e+01 -1.242934827934e+01 -1.242934827990e+01 -1.242934828062e+01 -1.242934828152e+01 -1.242934828265e+01 -1.242934828409e+01 -1.242934828590e+01 -1.242934828818e+01 -1.242934829107e+01 -1.242934829471e+01 -1.242934829930e+01 -1.242934830509e+01 -1.242934831240e+01 -1.242934832163e+01 -1.242934833327e+01 -1.242934834796e+01 -1.242934836650e+01 -1.242934838989e+01 -1.242934841942e+01 -1.242934845669e+01 -1.242934850372e+01 -1.242934856309e+01 -1.242934863802e+01 -1.242934873262e+01 -1.242934885206e+01 -1.242934900288e+01 -1.242934919337e+01 -1.242934943399e+01 -1.242934973806e+01 -1.242935012242e+01 -1.242935060852e+01 -1.242935122364e+01 -1.242935200261e+01 -1.242935299000e+01 -1.242935424309e+01 -1.242935583578e+01 -1.242935786401e+01 -1.242936045328e+01 -1.242936376914e+01 -1.242936803262e+01 -1.242937354299e+01 -1.242938071274e+01 -1.242939012328e+01 -1.242940261723e+01 -1.242941945960e+01 -1.242944263604e+01 -1.242947544832e+01 -1.242952382044e+01 -1.242959955118e+01 -1.242973000328e+01 -1.242999629165e+01 -1.243078785781e+01 -1.243647059557e+01 -1.261242603466e+01 -1.281875505217e+01 -1.305714905732e+01 -1.336247771545e+01 -1.387474348706e+01 -1.454863716819e+01 -1.468166665499e+01 -1.480148335118e+01 -1.492015763786e+01 -1.503909011747e+01 -1.515857320336e+01 -1.527852515715e+01 -1.539884734211e+01 -1.551949301727e+01 -1.564046809578e+01 -1.576182578817e+01 -1.588366390151e+01 -1.600611940939e+01
