-1.414983970045e+01 -1.415021830327e+01 -1.415056160794e+01 -1.415087370151e+01 -1.415115759937e+01 -1.415141534189e+01 -1.415164820522e+01 -1.415185699743e+01 -1.415204237620e+01 -1.415220511730e+01 -1.415234628430e+01 -1.415246728540e+01 -1.415256983549e+01 -1.415265585947e+01 -1.415272737467e+01 -1.415278638101e+01 -1.415283477529e+01 -1.415287429477e+01 -1.415290648805e+01 -1.415293270769e+01 -1.415295411815e+01 -1.415297171343e+01 -1.415298633985e+01 -1.415299872105e+01 -1.415300948328e+01 -1.415301918003e+01 -1.415302831562e+01 -1.415303736791e+01 -1.415304681034e+01 -1.415305713373e+01 -1.415306886830e+01 -1.415308260623e+01 -1.415309902463e+01 -1.415311890885e+01 -1.415314317489e+01 -1.415317288942e+01 -1.415320928436e+01 -1.415325376230e+01 -1.415330788785e+01 -1.415337336021e+01 -1.415345196409e+01 -1.415354550079e+01 -1.415365571062e+01 -1.415378421026e+01 -1.415393248373e+01 -1.415410197614e+01 -1.415429434171e+01 -1.415451188462e+01 -1.415475820928e+01 -1.415503907497e+01 -1.415536344523e+01 -1.415574474368e+01 -1.415620236936e+01 -1.415676356535e+01 -1.415746574344e+01 -1.415835931847e+01 -1.415951100182e+01 -1.416100742885e+01 -1.416295915215e+01 -1.416550558967e+01 -1.416882141864e+01 -1.417313313289e+01 -1.417872350052e+01 -1.418596166888e+01 -1.419531893104e+01 -1.420739204942e+01 -1.422292134533e+01 -1.424279415348e+01 -1.426801198891e+01 -1.429963418490e+01 -1.433859253453e+01 -1.438556130493e+01 -1.444078238777e+01 -1.450401416878e+01 -1.457459861089e+01 -1.465161816114e+01 -1.473407057743e+01 -1.482100932541e+01 -1.491162937794e+01 -1.500530491634e+01 -1.510158987312e+01 -1.520019668096e+01 -1.530095180057e+01 -1.540376070656e+01 -1.550854704284e+01 -1.561521156970e+01 -1.572363846101e+01 -1.583370706367e+01 -1.594530541785e+01 -1.605834009104e+01 -1.617273707405e+01 -1.628843755370e+01 -1.640539524318e+01 -1.652357122206e+01 -1.664290758723e+01 -1.676332063951e+01 -1.688472681442e+01 -1.700705335092e+01 -1.713023635888e+01 -1.725421714333e+01
-1.413942212685e+01 -1.414137593709e+01 -1.414301390298e+01 -1.414439710193e+01 -1.414557295906e+01 -1.414657871098e+01 -1.414744391510e+01 -1.414819227205e+01 -1.414884293966e+01 -1.414941145945e+01 -1.414991039526e+01 -1.415034978380e+01 -1.415073749739e+01 -1.415107960097e+01 -1.415138074535e+01 -1.415164458896e+01 -1.415187420227e+01 -1.415207239882e+01 -1.415224195365e+01 -1.415238570214e+01 -1.415250654111e+01 -1.415260736963e+01 -1.415269100717e+01 -1.415276011723e+01 -1.415281715215e+01 -1.415286432415e+01 -1.415290360063e+01 -1.415293671881e+01 -1.415296521364e+01 -1.415299045427e+01 -1.415301368492e+01 -1.415303606777e+01 -1.415305872617e+01 -1.415308278707e+01 -1.415310942172e+01 -1.415313988347e+01 -1.415317554086e+01 -1.415321790314e+01 -1.415326863471e+01 -1.415332955384e+01 -1.415340261213e+01 -1.415348985323e+01 -1.415359335582e+01 -1.415371517610e+01 -1.415385731909e+01 -1.415402178300e+01 -1.415421073119e+01 -1.415442684572e+01 -1.415467390284e+01 -1.415495758952e+01 -1.415528656427e+01 -1.415567376883e+01 -1.415613802441e+01 -1.415670598255e+01 -1.415741451700e+01 -1.415831360740e+01 -1.415946967212e+01 -1.416096923119e+01 -1.416292291993e+01 -1.416547040966e+01 -1.416878671871e+01 -1.417309855912e+01 -1.417868890454e+01 -1.418592694131e+01 -1.419528398264e+01 -1.420735680967e+01 -1.422288577577e+01 -1.424275826869e+01 -1.426797591222e+01 -1.429959804076e+01 -1.433855663673e+01 -1.438552599958e+01 -1.444074802870e+01 -1.450398105458e+01 -1.457456694615e+01 -1.465158804356e+01 -1.473404201137e+01 -1.482098224610e+01 -1.491160367598e+01 -1.500528045762e+01 -1.510156651592e+01 -1.520017428156e+01 -1.530093022980e+01 -1.540373985016e+01 -1.550852680972e+01 -1.561519188893e+01 -1.572361927493e+01 -1.583368832342e+01 -1.594528707955e+01 -1.605832211405e+01 -1.617271942074e+01 -1.628842018959e+01 -1.640537813634e+01 -1.652355434489e+01 -1.664289091963e+01 -1.676330416567e+01 -1.688471051938e+01 -1.700703722027e+01 -1.713022037915e+01 -1.725420130225e+01
-1.399707449509e+01 -1.404219381022e+01 -1.407205888510e+01 -1.409235364425e+01 -1.410654418116e+01 -1.411674377314e+01 -1.412425660516e+01 -1.412991172396e+01 -1.413425011559e+01 -1.413763535945e+01 -1.414031275574e+01 -1.414246029583e+01 -1.414420205044e+01 -1.414562924563e+01 -1.414680957842e+01 -1.414779396564e+01 -1.414862111086e+01 -1.414932062773e+01 -1.414991523868e+01 -1.415042240188e+01 -1.415085559073e+01 -1.415122534480e+01 -1.415154013249e+01 -1.415180702550e+01 -1.415203218037e+01 -1.415222114068e+01 -1.415237899535e+01 -1.415251044059e+01 -1.415261979175e+01 -1.415271098053e+01 -1.415278755905e+01 -1.415285272024e+01 -1.415290933560e+01 -1.415296000720e+01 -1.415300712900e+01 -1.415305295243e+01 -1.415309965175e+01 -1.415314938475e+01 -1.415320434460e+01 -1.415326679827e+01 -1.415333910745e+01 -1.415342372887e+01 -1.415352319490e+01 -1.415364008279e+01 -1.415377699255e+01 -1.415393656901e+01 -1.415412161893e+01 -1.415433538377e+01 -1.415458202712e+01 -1.415486738212e+01 -1.415519998562e+01 -1.415559241516e+01 -1.415606295366e+01 -1.415663763035e+01 -1.415735270225e+01 -1.415825761512e+01 -1.415941840089e+01 -1.416092139432e+01 -1.416287727589e+01 -1.416542596403e+01 -1.416874283577e+01 -1.417305482743e+01 -1.417864514501e+01 -1.418588301640e+01 -1.419523977910e+01 -1.420731223799e+01 -1.422284078707e+01 -1.424271288125e+01 -1.426793028168e+01 -1.429955232506e+01 -1.433851123248e+01 -1.438548134459e+01 -1.444070457055e+01 -1.450393917099e+01 -1.457452689591e+01 -1.465154995025e+01 -1.473400588051e+01 -1.482094799577e+01 -1.491157116777e+01 -1.500524952191e+01 -1.510153697343e+01 -1.520014595053e+01 -1.530090294685e+01 -1.540371347075e+01 -1.550850121865e+01 -1.561516699648e+01 -1.572359500814e+01 -1.583366462054e+01 -1.594526388503e+01 -1.605829937652e+01 -1.617269709261e+01 -1.628839822721e+01 -1.640535649937e+01 -1.652353299840e+01 -1.664286983820e+01 -1.676328332930e+01 -1.688468990915e+01 -1.700701681796e+01 -1.713020016774e+01 -1.725418126618e+01
-1.251009727724e+01 -1.253429298978e+01 -1.271050757472e+01 -1.289430371018e+01 -1.308706523673e+01 -1.328911712218e+01 -1.349611724614e+01 -1.369229979426e+01 -1.385148353506e+01 -1.395995021216e+01 -1.402684744126e+01 -1.406748819577e+01 -1.409285956148e+01 -1.410931509325e+01 -1.412041592299e+01 -1.412816398201e+01 -1.413373483879e+01 -1.413784334072e+01 -1.414094019901e+01 -1.414331829791e+01 -1.414517474466e+01 -1.414664450501e+01 -1.414782238189e+01 -1.414877605280e+01 -1.414955454352e+01 -1.415019388630e+01 -1.415072102088e+01 -1.415115653538e+01 -1.415151659028e+01 -1.415181424211e+01 -1.415206032620e+01 -1.415226402868e+01 -1.415243325460e+01 -1.415257487375e+01 -1.415269490049e+01 -1.415279864143e+01 -1.415289082835e+01 -1.415297574260e+01 -1.415305733108e+01 -1.415313931050e+01 -1.415322525548e+01 -1.415331866632e+01 -1.415342301443e+01 -1.415354176855e+01 -1.415367841370e+01 -1.415383648880e+01 -1.415401968539e+01 -1.415423206640e+01 -1.415447847367e+01 -1.415476519170e+01 -1.415510092216e+01 -1.415549810823e+01 -1.415597464023e+01 -1.415655597980e+01 -1.415727774544e+01 -1.415818877883e+01 -1.415935463861e+01 -1.416086139795e+01 -1.416281973403e+01 -1.416536979647e+01 -1.416868733432e+01 -1.417299951054e+01 -1.417858979440e+01 -1.418582745847e+01 -1.419518386985e+01 -1.420725586366e+01 -1.422278388548e+01 -1.424265547531e+01 -1.426787256763e+01 -1.429949450356e+01 -1.433845380470e+01 -1.438542486436e+01 -1.444064960404e+01 -1.450388619604e+01 -1.457447623987e+01 -1.465150176945e+01 -1.473396018193e+01 -1.482090467575e+01 -1.491153005126e+01 -1.500521039435e+01 -1.510149960806e+01 -1.520011011745e+01 -1.530086843938e+01 -1.540368010609e+01 -1.550846885107e+01 -1.561513551250e+01 -1.572356431549e+01 -1.583363464110e+01 -1.594523454858e+01 -1.605827061805e+01 -1.617266885193e+01 -1.628837044913e+01 -1.640532913286e+01 -1.652350599928e+01 -1.664284317433e+01 -1.676325697537e+01 -1.688466384123e+01 -1.700699101302e+01 -1.713017460423e+01 -1.725415592445e+01
-1.250862845898e+01 -1.250864259369e+01 -1.250866197820e+01 -1.250868929231e+01 -1.250872928484e+01 -1.250879125200e+01 -1.250889620499e+01 -1.250910379175e+01 -1.250967489363e+01 -1.251343433863e+01 -1.265918125421e+01 -1.284430112581e+01 -1.303967365200e+01 -1.324722603823e+01 -1.346568450175e+01 -1.368154460180e+01 -1.386127741239e+01 -1.397959011457e+01 -1.404705659672e+01 -1.408491268017e+01 -1.410707004684e+01 -1.412075345275e+01 -1.412963256664e+01 -1.413564218856e+01 -1.413985531597e+01 -1.414289702012e+01 -1.414514737547e+01 -1.414684690328e+01 -1.414815233181e+01 -1.414916895047e+01 -1.414996939485e+01 -1.415060514338e+01 -1.415111370176e+01 -1.415152316361e+01 -1.415185513908e+01 -1.415212666047e+01 -1.415235144787e+01 -1.415254077632e+01 -1.415270409371e+01 -1.415284947938e+01 -1.415298399551e+01 -1.415311396116e+01 -1.415324516585e+01 -1.415338303518e+01 -1.415353276232e+01 -1.415369942730e+01 -1.415388813968e+01 -1.415410425806e+01 -1.415435375674e+01 -1.415464382066e+01 -1.415498374859e+01 -1.415538623365e+01 -1.415586907487e+01 -1.415645736233e+01 -1.415718616679e+01 -1.415810373257e+01 -1.415927510157e+01 -1.416078602699e+01 -1.416274713702e+01 -1.416529879386e+01 -1.416861713070e+01 -1.417292953708e+01 -1.417851978193e+01 -1.418575718684e+01 -1.419511315563e+01 -1.420718456210e+01 -1.422271191737e+01 -1.424258286926e+01 -1.426779957092e+01 -1.429942137131e+01 -1.433838117012e+01 -1.438535342801e+01 -1.444058008218e+01 -1.450381919316e+01 -1.457441217006e+01 -1.465144083046e+01 -1.473390238258e+01 -1.482084988493e+01 -1.491147804751e+01 -1.500516090628e+01 -1.510145234883e+01 -1.520006479630e+01 -1.530082479487e+01 -1.540363790699e+01 -1.550842791306e+01 -1.561509569203e+01 -1.572352549587e+01 -1.583359672351e+01 -1.594519744420e+01 -1.605823424468e+01 -1.617263313345e+01 -1.628833531573e+01 -1.640529451999e+01 -1.652347185106e+01 -1.664280945010e+01 -1.676322364314e+01 -1.688463087074e+01 -1.700695837513e+01 -1.713014227169e+01 -1.725412387239e+01
-1.250859115247e+01 -1.250859346995e+01 -1.250859643862e+01 -1.250860025712e+01 -1.250860519473e+01 -1.250861162324e+01 -1.250862006775e+01 -1.250863129125e+01 -1.250864644284e+01 -1.250866733385e+01 -1.250869699248e+01 -1.250874089202e+01 -1.250881004831e+01 -1.250893042585e+01 -1.250918124806e+01 -1.250996951654e+01 -1.252188883444e+01 -1.270278211474e+01 -1.289340848311e+01 -1.309651547977e+01 -1.331497809691e+01 -1.354709484943e+01 -1.377129749679e+01 -1.393971026906e+01 -1.403508952086e+01 -1.408378397247e+01 -1.410953859990e+01 -1.412415986736e+01 -1.413303598571e+01 -1.413873303550e+01 -1.414255876173e+01 -1.414522156109e+01 -1.414713133914e+01 -1.414853392135e+01 -1.414958455688e+01 -1.415038497412e+01 -1.415100423789e+01 -1.415149079853e+01 -1.415187969899e+01 -1.415219703383e+01 -1.415246280009e+01 -1.415269277786e+01 -1.415289980719e+01 -1.415309467773e+01 -1.415328676550e+01 -1.415348450794e+01 -1.415369579103e+01 -1.415392832178e+01 -1.415419006864e+01 -1.415448986563e+01 -1.415483828371e+01 -1.415524887083e+01 -1.415573984873e+01 -1.415633633309e+01 -1.415707311395e+01 -1.415799798412e+01 -1.415917552234e+01 -1.416069116223e+01 -1.416265546758e+01 -1.416520900776e+01 -1.416852831945e+01 -1.417284102013e+01 -1.417843122292e+01 -1.418566830515e+01 -1.419502371700e+01 -1.420709438204e+01 -1.422262089481e+01 -1.424249103978e+01 -1.426770724576e+01 -1.429932887532e+01 -1.433828930306e+01 -1.438526307614e+01 -1.444049215160e+01 -1.450373444863e+01 -1.457433113543e+01 -1.465136375587e+01 -1.473382927915e+01 -1.482078058682e+01 -1.491141227458e+01 -1.500509831525e+01 -1.510139257683e+01 -1.520000747560e+01 -1.530076959478e+01 -1.540358453502e+01 -1.550837613605e+01 -1.561504532843e+01 -1.572347639806e+01 -1.583354876655e+01 -1.594515051573e+01 -1.605818824073e+01 -1.617258795776e+01 -1.628829088001e+01 -1.640525074259e+01 -1.652342866132e+01 -1.664276679660e+01 -1.676318148540e+01 -1.688458917049e+01 -1.700691709552e+01 -1.713010137826e+01 -1.725408333371e+01
-1.250858488404e+01 -1.250858549334e+01 -1.250858626528e+01 -1.250858724433e+01 -1.250858848774e+01 -1.250859006961e+01 -1.250859208647e+01 -1.250859466512e+01 -1.250859797380e+01 -1.250860223869e+01 -1.250860776868e+01 -1.250861499417e+01 -1.250862453008e+01 -1.250863728296e+01 -1.250865464348e+01 -1.250867885596e+01 -1.250871379056e+01 -1.250876674289e+01 -1.250885330972e+01 -1.250901389619e+01 -1.250939520476e+01 -1.251114209630e+01 -1.259999297920e+01 -1.278711868436e+01 -1.298611024720e+01 -1.320096555862e+01 -1.343522142537e+01 -1.368190659105e+01 -1.389612891647e+01 -1.402410557889e+01 -1.408435125436e+01 -1.411298918440e+01 -1.412789500634e+01 -1.413636852285e+01 -1.414154000384e+01 -1.414487663127e+01 -1.414712559444e+01 -1.414869665158e+01 -1.414982785630e+01 -1.415066509660e+01 -1.415130181052e+01 -1.415180030638e+01 -1.415220376541e+01 -1.415254329727e+01 -1.415284224832e+01 -1.415311892892e+01 -1.415338841375e+01 -1.415366380945e+01 -1.415395725375e+01 -1.415428084944e+01 -1.415464770978e+01 -1.415507327680e+01 -1.415557705634e+01 -1.415618488502e+01 -1.415693179872e+01 -1.415786550108e+01 -1.415905032822e+01 -1.416057151120e+01 -1.416253960673e+01 -1.416509542651e+01 -1.416841595243e+01 -1.417272903999e+01 -1.417831920288e+01 -1.418555588535e+01 -1.419491059744e+01 -1.420698032705e+01 -1.422250577510e+01 -1.424237489943e+01 -1.426759047602e+01 -1.429921189045e+01 -1.433817311281e+01 -1.438514880172e+01 -1.444038093933e+01 -1.450362726612e+01 -1.457422864539e+01 -1.465126627470e+01 -1.473373682093e+01 -1.482069294170e+01 -1.491132908820e+01 -1.500501915337e+01 -1.510131698045e+01 -1.519993497961e+01 -1.530069978087e+01 -1.540351703323e+01 -1.550831065146e+01 -1.561498163140e+01 -1.572341430190e+01 -1.583348811319e+01 -1.594509116311e+01 -1.605813005736e+01 -1.617253082189e+01 -1.628823467996e+01 -1.640519537512e+01 -1.652337403706e+01 -1.664271285050e+01 -1.676312816628e+01 -1.688453642995e+01 -1.700686488695e+01 -1.713004965808e+01 -1.725403206217e+01
-1.250858336257e+01 -1.250858356888e+01 -1.250858382956e+01 -1.250858415907e+01 -1.250858457577e+01 -1.250858510304e+01 -1.250858577071e+01 -1.250858661694e+01 -1.250858769073e+01 -1.250858905531e+01 -1.250859079268e+01 -1.250859301002e+01 -1.250859584861e+01 -1.250859949681e+01 -1.250860420924e+01 -1.250861033623e+01 -1.250861837031e+01 -1.250862902317e+01 -1.250864335913e+01 -1.250866304070e+01 -1.250869081483e+01 -1.250873156856e+01 -1.250879492175e+01 -1.250890279825e+01 -1.250911832008e+01 -1.250972615480e+01 -1.251388875253e+01 -1.267258001117e+01 -1.286601806221e+01 -1.307396096064e+01 -1.330176897923e+01 -1.355306841317e+01 -1.380811381026e+01 -1.399151672981e+01 -1.407684590526e+01 -1.411271515111e+01 -1.412942223787e+01 -1.413816955715e+01 -1.414319331845e+01 -1.414629059607e+01 -1.414831045868e+01 -1.414969184328e+01 -1.415067827005e+01 -1.415141338989e+01 -1.415198662082e+01 -1.415245660012e+01 -1.415286391911e+01 -1.415323840794e+01 -1.415360355507e+01 -1.415397942471e+01 -1.415438485642e+01 -1.415483944661e+01 -1.415536566184e+01 -1.415599133735e+01 -1.415675272625e+01 -1.415769815701e+01 -1.415889221825e+01 -1.416042025858e+01 -1.416239302277e+01 -1.416495168394e+01 -1.416827375763e+01 -1.417258736838e+01 -1.417817750410e+01 -1.418541369473e+01 -1.419476752925e+01 -1.420683607953e+01 -1.422236018238e+01 -1.424222801570e+01 -1.426744279239e+01 -1.429906393617e+01 -1.433802616222e+01 -1.438500427329e+01 -1.444024028344e+01 -1.450349170706e+01 -1.457409902156e+01 -1.465114298640e+01 -1.473361988590e+01 -1.482058209444e+01 -1.491122388043e+01 -1.500491903580e+01 -1.510122137244e+01 -1.519984329292e+01 -1.530061148636e+01 -1.540343166291e+01 -1.550822783228e+01 -1.561490107289e+01 -1.572333576795e+01 -1.583341140391e+01 -1.594501609881e+01 -1.605805647175e+01 -1.617245856099e+01 -1.628816360257e+01 -1.640512535066e+01 -1.652330495248e+01 -1.664264462354e+01 -1.676306073222e+01 -1.688446972757e+01 -1.700679885733e+01 -1.712998424610e+01 -1.725396721754e+01
-1.250858289679e+01 -1.250858298063e+01 -1.250858308647e+01 -1.250858322013e+01 -1.250858338893e+01 -1.250858360217e+01 -1.250858387164e+01 -1.250858421227e+01 -1.250858464307e+01 -1.250858518824e+01 -1.250858587864e+01 -1.250858675381e+01 -1.250858786454e+01 -1.250858927640e+01 -1.250859107452e+01 -1.250859337028e+01 -1.250859631074e+01 -1.250860009226e+01 -1.250860498095e+01 -1.250861134390e+01 -1.250861969905e+01 -1.250863079811e+01 -1.250864577147e+01 -1.250866639744e+01 -1.250869564152e+01 -1.250873884533e+01 -1.250880670790e+01 -1.250892426242e+01 -1.250916691938e+01 -1.250991094227e+01 -1.251538097526e+01 -1.270051914094e+01 -1.289757040526e+01 -1.311102473838e+01 -1.334730527111e+01 -1.361133133862e+01 -1.387308835919e+01 -1.403615300078e+01 -1.410042946328e+01 -1.412563691505e+01 -1.413713698820e+01 -1.414312248689e+01 -1.414656402209e+01 -1.414870394289e+01 -1.415012689148e+01 -1.415113378315e+01 -1.415189230105e+01 -1.415250276695e+01 -1.415302975084e+01 -1.415351836548e+01 -1.415400336856e+01 -1.415451483426e+01 -1.415508228877e+01 -1.415573834535e+01 -1.415652242907e+01 -1.415748489128e+01 -1.415869156454e+01 -1.416022859627e+01 -1.416220736557e+01 -1.416476968475e+01 -1.416809378033e+01 -1.417240811821e+01 -1.417799825927e+01 -1.418523385043e+01 -1.419458658725e+01 -1.420665365207e+01 -1.422217605587e+01 -1.424204225624e+01 -1.426725601520e+01 -1.429887681884e+01 -1.433784031218e+01 -1.438482148522e+01 -1.444006239250e+01 -1.450332026253e+01 -1.457393508418e+01 -1.465098706255e+01 -1.473347199797e+01 -1.482044190651e+01 -1.491109082538e+01 -1.500479241877e+01 -1.510110045887e+01 -1.519972733892e+01 -1.530049982251e+01 -1.540332369727e+01 -1.550812309295e+01 -1.561479919247e+01 -1.572323644781e+01 -1.583331439124e+01 -1.594492116639e+01 -1.605796340930e+01 -1.617236717378e+01 -1.628807371202e+01 -1.640503679163e+01 -1.652321758202e+01 -1.664255833758e+01 -1.676297544893e+01 -1.688438536955e+01 -1.700671535005e+01 -1.712990151988e+01 -1.725388520879e+01
-1.250858272669e+01 -1.250858276590e+01 -1.250858281539e+01 -1.250858287787e+01 -1.250858295674e+01 -1.250858305631e+01 -1.250858318203e+01 -1.250858334081e+01 -1.250858354139e+01 -1.250858379481e+01 -1.250858411514e+01 -1.250858452021e+01 -1.250858503273e+01 -1.250858568164e+01 -1.250858650400e+01 -1.250858754733e+01 -1.250858887295e+01 -1.250859056029e+01 -1.250859271308e+01 -1.250859546791e+01 -1.250859900659e+01 -1.250860357447e+01 -1.250860950828e+01 -1.250861728014e+01 -1.250862756972e+01 -1.250864138885e+01 -1.250866030884e+01 -1.250868690634e+01 -1.250872571940e+01 -1.250878555586e+01 -1.250888607093e+01 -1.250908188642e+01 -1.250960141672e+01 -1.251279331514e+01 -1.265168289009e+01 -1.284663457178e+01 -1.305727446791e+01 -1.329068546139e+01 -1.355529377510e+01 -1.383703723137e+01 -1.403081750619e+01 -1.410330785438e+01 -1.412878679926e+01 -1.413957113572e+01 -1.414493853648e+01 -1.414794841189e+01 -1.414981607056e+01 -1.415107981766e+01 -1.415201078829e+01 -1.415275869608e+01 -1.415341483846e+01 -1.415404163411e+01 -1.415468803533e+01 -1.415539878235e+01 -1.415622106470e+01 -1.415721026191e+01 -1.415843548211e+01 -1.415998505726e+01 -1.416197192508e+01 -1.416453911902e+01 -1.416786592353e+01 -1.417218129792e+01 -1.417777151255e+01 -1.418500638276e+01 -1.419435775118e+01 -1.420642294724e+01 -1.422194320597e+01 -1.424180734089e+01 -1.426701980322e+01 -1.429864017996e+01 -1.433760527266e+01 -1.438459031591e+01 -1.443983741567e+01 -1.450310343889e+01 -1.457372775588e+01 -1.465078987025e+01 -1.473328496988e+01 -1.482026461755e+01 -1.491092255805e+01 -1.500463229406e+01 -1.510094754746e+01 -1.519958070007e+01 -1.530035860938e+01 -1.540318716108e+01 -1.550799063675e+01 -1.561467035157e+01 -1.572311084449e+01 -1.583319170581e+01 -1.594480111151e+01 -1.605784571905e+01 -1.617225160194e+01 -1.628796003275e+01 -1.640492479612e+01 -1.652310708945e+01 -1.664244921636e+01 -1.676286759558e+01 -1.688427868619e+01 -1.700660974247e+01 -1.712979689994e+01 -1.725378149608e+01
-1.250858265521e+01 -1.250858267570e+01 -1.250858270154e+01 -1.250858273416e+01 -1.250858277534e+01 -1.250858282730e+01 -1.250858289290e+01 -1.250858297572e+01 -1.250858308027e+01 -1.250858321230e+01 -1.250858337904e+01 -1.250858358968e+01 -1.250858385585e+01 -1.250858419231e+01 -1.250858461782e+01 -1.250858515627e+01 -1.250858583814e+01 -1.250858670244e+01 -1.250858779931e+01 -1.250858919341e+01 -1.250859096872e+01 -1.250859323503e+01 -1.250859613721e+01 -1.250859986862e+01 -1.250860469103e+01 -1.250861096519e+01 -1.250861919944e+01 -1.250863013031e+01 -1.250864486307e+01 -1.250866513194e+01 -1.250869381883e+01 -1.250873609073e+01 -1.250880222937e+01 -1.250891605356e+01 -1.250914809096e+01 -1.250983680107e+01 -1.251481662355e+01 -1.269224657874e+01 -1.289120317310e+01 -1.310786166191e+01 -1.335082192111e+01 -1.362976251162e+01 -1.391429262271e+01 -1.407103853921e+01 -1.411989860978e+01 -1.413672776877e+01 -1.414399471392e+01 -1.414772252201e+01 -1.414991085256e+01 -1.415135606656e+01 -1.415242328800e+01 -1.415330350516e+01 -1.415411110795e+01 -1.415492649133e+01 -1.415581741251e+01 -1.415685168566e+01 -1.415810623782e+01 -1.415967450421e+01 -1.416167288381e+01 -1.416424682475e+01 -1.416757735667e+01 -1.417189424310e+01 -1.417748466264e+01 -1.418471868254e+01 -1.419406835301e+01 -1.420613120190e+01 -1.422164875396e+01 -1.424151027645e+01 -1.426672108426e+01 -1.429834092589e+01 -1.433730803584e+01 -1.438429796995e+01 -1.443955289962e+01 -1.450282923453e+01 -1.457346556159e+01 -1.465054049658e+01 -1.473304845235e+01 -1.482004041820e+01 -1.491070976908e+01 -1.500442980345e+01 -1.510075417947e+01 -1.519939526505e+01 -1.530018003596e+01 -1.540301450209e+01 -1.550782313704e+01 -1.561450742336e+01 -1.572295201010e+01 -1.583303656097e+01 -1.594464929288e+01 -1.605769689039e+01 -1.617210545188e+01 -1.628781627575e+01 -1.640478316814e+01 -1.652296736183e+01 -1.664231122265e+01 -1.676273120494e+01 -1.688414377490e+01 -1.700647619139e+01 -1.712966459764e+01 -1.725365034090e+01
-1.250858262158e+01 -1.250858263325e+01 -1.250858264797e+01 -1.250858266656e+01 -1.250858269001e+01 -1.250858271961e+01 -1.250858275697e+01 -1.250858280412e+01 -1.250858286363e+01 -1.250858293876e+01 -1.250858303361e+01 -1.250858315338e+01 -1.250858330462e+01 -1.250858349567e+01 -1.250858373704e+01 -1.250858404211e+01 -1.250858442784e+01 -1.250858491582e+01 -1.250858553358e+01 -1.250858631629e+01 -1.250858730907e+01 -1.250858857003e+01 -1.250859017441e+01 -1.250859222026e+01 -1.250859483646e+01 -1.250859819412e+01 -1.250860252347e+01 -1.250860813926e+01 -1.250861548062e+01 -1.250862517602e+01 -1.250863815387e+01 -1.250865584213e+01 -1.250868055318e+01 -1.250871629251e+01 -1.250877065770e+01 -1.250886003841e+01 -1.250902751745e+01 -1.250943404426e+01 -1.251142110900e+01 -1.261333719748e+01 -1.280741691361e+01 -1.301708850279e+01 -1.325003205511e+01 -1.351802560370e+01 -1.382106102419e+01 -1.404339170421e+01 -1.411491598020e+01 -1.413604236404e+01 -1.414424253299e+01 -1.414821440968e+01 -1.415049859887e+01 -1.415202507645e+01 -1.415319985002e+01 -1.415423345785e+01 -1.415525748015e+01 -1.415637364636e+01 -1.415767823219e+01 -1.415927644601e+01 -1.416129222689e+01 -1.416387593347e+01 -1.416721174945e+01 -1.417153088938e+01 -1.417712175511e+01 -1.418435480198e+01 -1.419370237904e+01 -1.420576228628e+01 -1.422127642552e+01 -1.424113464389e+01 -1.426634333671e+01 -1.429796250850e+01 -1.433693216083e+01 -1.438392827415e+01 -1.443919310323e+01 -1.450248247949e+01 -1.457313399727e+01 -1.465022514857e+01 -1.473274936534e+01 -1.481975691127e+01 -1.491044069356e+01 -1.500417375247e+01 -1.510050966538e+01 -1.519916078356e+01 -1.529995423160e+01 -1.540279617666e+01 -1.550761133526e+01 -1.561430140177e+01 -1.572275116458e+01 -1.583284038032e+01 -1.594445731770e+01 -1.605750869556e+01 -1.617192064375e+01 -1.628763449325e+01 -1.640460407743e+01 -1.652279067375e+01 -1.664213672669e+01 -1.676255873569e+01 -1.688397317595e+01 -1.700630731214e+01 -1.712949729721e+01 -1.725348449077e+01
-1.250858260422e+01 -1.250858261134e+01 -1.250858262032e+01 -1.250858263166e+01 -1.250858264597e+01 -1.250858266403e+01 -1.250858268682e+01 -1.250858271559e+01 -1.250858275189e+01 -1.250858279771e+01 -1.250858285554e+01 -1.250858292855e+01 -1.250858302072e+01 -1.250858313710e+01 -1.250858328406e+01 -1.250858346969e+01 -1.250858370422e+01 -1.250858400062e+01 -1.250858437537e+01 -1.250858484942e+01 -1.250858544949e+01 -1.250858620971e+01 -1.250858717381e+01 -1.250858839812e+01 -1.250858995550e+01 -1.250859194082e+01 -1.250859447862e+01 -1.250859773407e+01 -1.250860192894e+01 -1.250860736581e+01 -1.250861446568e+01 -1.250862382894e+01 -1.250863633877e+01 -1.250865334606e+01 -1.250867702303e+01 -1.250871109729e+01 -1.250876254936e+01 -1.250884615948e+01 -1.250899963397e+01 -1.250935591703e+01 -1.251088322401e+01 -1.259049477985e+01 -1.278361083331e+01 -1.299196550515e+01 -1.322317647410e+01 -1.348975651353e+01 -1.379883045406e+01 -1.404191760383e+01 -1.411762399476e+01 -1.413809361752e+01 -1.414571285204e+01 -1.414939043833e+01 -1.415157146802e+01 -1.415312525026e+01 -1.415443545467e+01 -1.415571418045e+01 -1.415711158233e+01 -1.415876188100e+01 -1.416080600368e+01 -1.416340467886e+01 -1.416674826701e+01 -1.417107083761e+01 -1.417666258136e+01 -1.418389456923e+01 -1.419323958875e+01 -1.420529582015e+01 -1.422080566048e+01 -1.424065970027e+01 -1.426586568409e+01 -1.429748401817e+01 -1.433645687165e+01 -1.438346078955e+01 -1.443873813312e+01 -1.450204400243e+01 -1.457271473387e+01 -1.464982639664e+01 -1.473237118095e+01 -1.481939843240e+01 -1.491010046660e+01 -1.500384999746e+01 -1.510020049986e+01 -1.519886430549e+01 -1.529966872592e+01 -1.540252012765e+01 -1.550734353435e+01 -1.561404090861e+01 -1.572249721518e+01 -1.583259232831e+01 -1.594421458229e+01 -1.605727073933e+01 -1.617168696898e+01 -1.628740464351e+01 -1.640437763065e+01 -1.652256726426e+01 -1.664191608829e+01 -1.676234065928e+01 -1.688375746383e+01 -1.700609377394e+01 -1.712928575487e+01 -1.725327478181e+01
-1.250858259454e+01 -1.250858259913e+01 -1.250858260492e+01 -1.250858261223e+01 -1.250858262144e+01 -1.250858263308e+01 -1.250858264776e+01 -1.250858266629e+01 -1.250858268967e+01 -1.250858271918e+01 -1.250858275642e+01 -1.250858280343e+01 -1.250858286277e+01 -1.250858293767e+01 -1.250858303224e+01 -1.250858315164e+01 -1.250858330243e+01 -1.250858349289e+01 -1.250858373353e+01 -1.250858403767e+01 -1.250858442223e+01 -1.250858490873e+01 -1.250858552459e+01 -1.250858630490e+01 -1.250858729461e+01 -1.250858855165e+01 -1.250859015100e+01 -1.250859219038e+01 -1.250859479819e+01 -1.250859814492e+01 -1.250860245986e+01 -1.250860805647e+01 -1.250861537193e+01 -1.250862503166e+01 -1.250863795918e+01 -1.250865557407e+01 -1.250868017340e+01 -1.250871573221e+01 -1.250876977991e+01 -1.250885852662e+01 -1.250902444551e+01 -1.250942520719e+01 -1.251135660338e+01 -1.261135198212e+01 -1.280637774204e+01 -1.301759514672e+01 -1.325345904852e+01 -1.352811809050e+01 -1.384663884522e+01 -1.406820791259e+01 -1.412638425483e+01 -1.414195287015e+01 -1.414797966698e+01 -1.415107839421e+01 -1.415310745931e+01 -1.415474910262e+01 -1.415633669619e+01 -1.415808650300e+01 -1.416018115786e+01 -1.416280460481e+01 -1.416616022181e+01 -1.417048814351e+01 -1.417608152720e+01 -1.418331246600e+01 -1.419265440244e+01 -1.420470605936e+01 -1.422021049200e+01 -1.424005924874e+01 -1.426526175458e+01 -1.429687904140e+01 -1.433585592054e+01 -1.438286969216e+01 -1.443816285384e+01 -1.450148958075e+01 -1.457218461406e+01 -1.464932222114e+01 -1.473189302004e+01 -1.481894519449e+01 -1.490967031199e+01 -1.500344067391e+01 -1.509980962514e+01 -1.519848947480e+01 -1.529930776908e+01 -1.540217112715e+01 -1.550700496112e+01 -1.561371157326e+01 -1.572217615159e+01 -1.583227871929e+01 -1.594390769368e+01 -1.605696989177e+01 -1.617139153336e+01 -1.628711404284e+01 -1.640409133140e+01 -1.652228480406e+01 -1.664163713050e+01 -1.676206493962e+01 -1.688348473248e+01 -1.700582379033e+01 -1.712901829392e+01 -1.725300963816e+01
-1.250858258881e+01 -1.250858259189e+01 -1.250858259578e+01 -1.250858260070e+01 -1.250858260690e+01 -1.250858261472e+01 -1.250858262459e+01 -1.250858263705e+01 -1.250858265277e+01 -1.250858267261e+01 -1.250858269765e+01 -1.250858272925e+01 -1.250858276914e+01 -1.250858281948e+01 -1.250858288303e+01 -1.250858296325e+01 -1.250858306453e+01 -1.250858319241e+01 -1.250858335393e+01 -1.250858355795e+01 -1.250858381575e+01 -1.250858414161e+01 -1.250858455369e+01 -1.250858507510e+01 -1.250858573532e+01 -1.250858657206e+01 -1.250858763374e+01 -1.250858898283e+01 -1.250859070031e+01 -1.250859289198e+01 -1.250859569726e+01 -1.250859930188e+01 -1.250860395678e+01 -1.250861000685e+01 -1.250861793646e+01 -1.250862844447e+01 -1.250864257415e+01 -1.250866195135e+01 -1.250868925437e+01 -1.250872922909e+01 -1.250879116532e+01 -1.250889605804e+01 -1.250910350565e+01 -1.250967423264e+01 -1.251343798015e+01 -1.266765046126e+01 -1.286726013230e+01 -1.308538558354e+01 -1.333239715603e+01 -1.362509141258e+01 -1.394654629009e+01 -1.410227439521e+01 -1.413618002067e+01 -1.414619888713e+01 -1.415057292717e+01 -1.415318038628e+01 -1.415521174957e+01 -1.415717383134e+01 -1.415936869022e+01 -1.416203747749e+01 -1.416541317180e+01 -1.416974973160e+01 -1.417534609394e+01 -1.418257620156e+01 -1.419191449686e+01 -1.420396049410e+01 -1.421945813723e+01 -1.423930021455e+01 -1.426449824699e+01 -1.429611422334e+01 -1.433509615706e+01 -1.438212236354e+01 -1.443743551554e+01 -1.450078861829e+01 -1.457151438901e+01 -1.464868481241e+01 -1.473128851542e+01 -1.481837221131e+01 -1.490912652146e+01 -1.500292322602e+01 -1.509931550473e+01 -1.519801564175e+01 -1.529885147703e+01 -1.540172995018e+01 -1.550657696457e+01 -1.561329525271e+01 -1.572177028540e+01 -1.583188227442e+01 -1.594351974223e+01 -1.605658957516e+01 -1.617101805647e+01 -1.628674667641e+01 -1.640372940114e+01 -1.652192772536e+01 -1.664128447765e+01 -1.676171637868e+01 -1.688313994784e+01 -1.700548247803e+01 -1.712868016953e+01 -1.725267444218e+01
-1.250858258522e+01 -1.250858258737e+01 -1.250858259007e+01 -1.250858259349e+01 -1.250858259780e+01 -1.250858260325e+01 -1.250858261011e+01 -1.250858261878e+01 -1.250858262972e+01 -1.250858264352e+01 -1.250858266093e+01 -1.250858268291e+01 -1.250858271065e+01 -1.250858274566e+01 -1.250858278985e+01 -1.250858284562e+01 -1.250858291603e+01 -1.250858300491e+01 -1.250858311713e+01 -1.250858325884e+01 -1.250858343784e+01 -1.250858366397e+01 -1.250858394974e+01 -1.250858431103e+01 -1.250858476801e+01 -1.250858534641e+01 -1.250858607906e+01 -1.250858700805e+01 -1.250858818749e+01 -1.250858968736e+01 -1.250859159865e+01 -1.250859404068e+01 -1.250859717137e+01 -1.250860120234e+01 -1.250860642154e+01 -1.250861322824e+01 -1.250862218947e+01 -1.250863413492e+01 -1.250865032517e+01 -1.250867276975e+01 -1.250870487811e+01 -1.250875293681e+01 -1.250882996284e+01 -1.250896801510e+01 -1.250927293459e+01 -1.251040138928e+01 -1.256187117723e+01 -1.275396935219e+01 -1.296123615676e+01 -1.319121420380e+01 -1.345772534558e+01 -1.377784662619e+01 -1.405212843946e+01 -1.412715309477e+01 -1.414400584859e+01 -1.415009541553e+01 -1.415338315814e+01 -1.415586660444e+01 -1.415828611333e+01 -1.416104877633e+01 -1.416446191893e+01 -1.416881326400e+01 -1.417441498424e+01 -1.418164489463e+01 -1.419097903083e+01 -1.420301808553e+01 -1.421850722741e+01 -1.423834086481e+01 -1.426353313010e+01 -1.429514746158e+01 -1.433413572908e+01 -1.438117761802e+01 -1.443651602736e+01 -1.449990248218e+01 -1.457066712991e+01 -1.464787906213e+01 -1.473052438324e+01 -1.481764794516e+01 -1.490843917287e+01 -1.500226918803e+01 -1.509869096058e+01 -1.519741674850e+01 -1.529827475877e+01 -1.540117233763e+01 -1.550603600965e+01 -1.561276905255e+01 -1.572125729534e+01 -1.583138118877e+01 -1.594302938848e+01 -1.605610886845e+01 -1.617054599207e+01 -1.628628233281e+01 -1.640327192629e+01 -1.652147638019e+01 -1.664083872385e+01 -1.676127579442e+01 -1.688270413449e+01 -1.700505105162e+01 -1.712825277077e+01 -1.725225074321e+01
-1.250858258288e+01 -1.250858258441e+01 -1.250858258635e+01 -1.250858258879e+01 -1.250858259187e+01 -1.250858259576e+01 -1.250858260067e+01 -1.250858260686e+01 -1.250858261468e+01 -1.250858262454e+01 -1.250858263698e+01 -1.250858265268e+01 -1.250858267250e+01 -1.250858269751e+01 -1.250858272907e+01 -1.250858276891e+01 -1.250858281920e+01 -1.250858288267e+01 -1.250858296279e+01 -1.250858306395e+01 -1.250858319169e+01 -1.250858335301e+01 -1.250858355680e+01 -1.250858381429e+01 -1.250858413977e+01 -1.250858455136e+01 -1.250858507214e+01 -1.250858573157e+01 -1.250858656730e+01 -1.250858762771e+01 -1.250858897515e+01 -1.250859069053e+01 -1.250859287949e+01 -1.250859568124e+01 -1.250859928125e+01 -1.250860393007e+01 -1.250860997200e+01 -1.250861789057e+01 -1.250862838329e+01 -1.250864249119e+01 -1.250866183630e+01 -1.250868908972e+01 -1.250872898260e+01 -1.250879077040e+01 -1.250889535203e+01 -1.250910196506e+01 -1.250966893517e+01 -1.251339154773e+01 -1.266704212630e+01 -1.286721395324e+01 -1.308630293203e+01 -1.333528008982e+01 -1.363304619985e+01 -1.396475692244e+01 -1.411297308197e+01 -1.414136249788e+01 -1.414969135629e+01 -1.415375878698e+01 -1.415676429244e+01 -1.415975053190e+01 -1.416324461837e+01 -1.416762408223e+01 -1.417323559380e+01 -1.418046674095e+01 -1.418979639957e+01 -1.420182704900e+01 -1.421730558885e+01 -1.423712856997e+01 -1.426231338661e+01 -1.429392564049e+01 -1.433292182426e+01 -1.437998347608e+01 -1.443535378862e+01 -1.449878241377e+01 -1.456959623337e+01 -1.464686066996e+01 -1.472955863077e+01 -1.481673261114e+01 -1.490757052322e+01 -1.500144265714e+01 -1.509790171605e+01 -1.519665993310e+01 -1.529754597265e+01 -1.540046769725e+01 -1.550535241690e+01 -1.561210410059e+01 -1.572060903126e+01 -1.583074796259e+01 -1.594240971894e+01 -1.605550138514e+01 -1.616994942575e+01 -1.628569551935e+01 -1.640269378927e+01 -1.652090598540e+01 -1.664027539069e+01 -1.676071899013e+01 -1.688215335582e+01 -1.700450581376e+01 -1.712771261995e+01 -1.725171526535e+01
-1.250858258130e+01 -1.250858258242e+01 -1.250858258383e+01 -1.250858258561e+01 -1.250858258786e+01 -1.250858259070e+01 -1.250858259428e+01 -1.250858259880e+01 -1.250858260450e+01 -1.250858261170e+01 -1.250858262078e+01 -1.250858263224e+01 -1.250858264670e+01 -1.250858266495e+01 -1.250858268799e+01 -1.250858271705e+01 -1.250858275374e+01 -1.250858280005e+01 -1.250858285850e+01 -1.250858293228e+01 -1.250858302543e+01 -1.250858314304e+01 -1.250858329157e+01 -1.250858347917e+01 -1.250858371620e+01 -1.250858401576e+01 -1.250858439451e+01 -1.250858487365e+01 -1.250858548018e+01 -1.250858624860e+01 -1.250858722316e+01 -1.250858846084e+01 -1.250859003536e+01 -1.250859204275e+01 -1.250859460913e+01 -1.250859790183e+01 -1.250860214569e+01 -1.250860764771e+01 -1.250861483546e+01 -1.250862431948e+01 -1.250863699931e+01 -1.250865425359e+01 -1.250867830492e+01 -1.250871298041e+01 -1.250876548036e+01 -1.250885115399e+01 -1.250900958529e+01 -1.250938326145e+01 -1.251106273681e+01 -1.259956432089e+01 -1.279485775925e+01 -1.300662910716e+01 -1.324390693807e+01 -1.352323190893e+01 -1.385986807935e+01 -1.409122703718e+01 -1.413827177258e+01 -1.414942787578e+01 -1.415435313158e+01 -1.415796614665e+01 -1.416166720929e+01 -1.416610838251e+01 -1.417174063497e+01 -1.417897599351e+01 -1.418830138148e+01 -1.420032206769e+01 -1.421578746580e+01 -1.423559700981e+01 -1.426077219361e+01 -1.429238179535e+01 -1.433138784050e+01 -1.437847437265e+01 -1.443388496896e+01 -1.449736690936e+01 -1.456824292169e+01 -1.464557377192e+01 -1.472833831284e+01 -1.481557605540e+01 -1.490647299906e+01 -1.500039838433e+01 -1.509690457498e+01 -1.519570378515e+01 -1.529662524761e+01 -1.539957748087e+01 -1.550448878789e+01 -1.561126401463e+01 -1.571979001958e+01 -1.582994794060e+01 -1.594162681598e+01 -1.605473387068e+01 -1.616919569689e+01 -1.628495410593e+01 -1.640196333194e+01 -1.652018530342e+01 -1.663956362364e+01 -1.676001546547e+01 -1.688145743853e+01 -1.700381689194e+01 -1.712703012075e+01 -1.725103866600e+01
-1.250858258020e+01 -1.250858258103e+01 -1.250858258208e+01 -1.250858258340e+01 -1.250858258507e+01 -1.250858258717e+01 -1.250858258983e+01 -1.250858259319e+01 -1.250858259742e+01 -1.250858260276e+01 -1.250858260950e+01 -1.250858261800e+01 -1.250858262874e+01 -1.250858264228e+01 -1.250858265937e+01 -1.250858268094e+01 -1.250858270816e+01 -1.250858274252e+01 -1.250858278588e+01 -1.250858284062e+01 -1.250858290971e+01 -1.250858299693e+01 -1.250858310706e+01 -1.250858324613e+01 -1.250858342177e+01 -1.250858364367e+01 -1.250858392408e+01 -1.250858427858e+01 -1.250858472696e+01 -1.250858529444e+01 -1.250858601321e+01 -1.250858692450e+01 -1.250858808135e+01 -1.250858955227e+01 -1.250859142632e+01 -1.250859382020e+01 -1.250859688823e+01 -1.250860083698e+01 -1.250860594712e+01 -1.250861260721e+01 -1.250862136788e+01 -1.250863303267e+01 -1.250864881827e+01 -1.250867065588e+01 -1.250870180342e+01 -1.250874822179e+01 -1.250882211818e+01 -1.250895304487e+01 -1.250923556891e+01 -1.251021364730e+01 -1.254679662792e+01 -1.273855957126e+01 -1.294520799034e+01 -1.317441603818e+01 -1.344048648984e+01 -1.376531979517e+01 -1.406022372271e+01 -1.413480193923e+01 -1.414936818436e+01 -1.415521513404e+01 -1.415954978727e+01 -1.416416736485e+01 -1.416984314297e+01 -1.417708900007e+01 -1.418641148579e+01 -1.419842078595e+01 -1.421387005078e+01 -1.423366268946e+01 -1.425882540944e+01 -1.429043157227e+01 -1.432944984916e+01 -1.437656766497e+01 -1.443202910503e+01 -1.449557844344e+01 -1.456653311757e+01 -1.464394797751e+01 -1.472679673097e+01 -1.481411510828e+01 -1.490508669091e+01 -1.499907939529e+01 -1.509564515336e+01 -1.519449617363e+01 -1.529546239308e+01 -1.539845316410e+01 -1.550339804480e+01 -1.561020299453e+01 -1.571875560205e+01 -1.582893749272e+01 -1.594063797627e+01 -1.605376445480e+01 -1.616824368147e+01 -1.628401763504e+01 -1.640104068960e+01 -1.651927499771e+01 -1.663866456689e+01 -1.675912680914e+01 -1.688057838180e+01 -1.700294666296e+01 -1.712616799675e+01 -1.725018398728e+01
-1.250858257941e+01 -1.250858258003e+01 -1.250858258082e+01 -1.250858258182e+01 -1.250858258307e+01 -1.250858258466e+01 -1.250858258666e+01 -1.250858258918e+01 -1.250858259236e+01 -1.250858259638e+01 -1.250858260145e+01 -1.250858260784e+01 -1.250858261591e+01 -1.250858262610e+01 -1.250858263895e+01 -1.250858265517e+01 -1.250858267564e+01 -1.250858270147e+01 -1.250858273408e+01 -1.250858277523e+01 -1.250858282717e+01 -1.250858289273e+01 -1.250858297549e+01 -1.250858307999e+01 -1.250858321194e+01 -1.250858337859e+01 -1.250858358912e+01 -1.250858385513e+01 -1.250858419141e+01 -1.250858461668e+01 -1.250858515483e+01 -1.250858583631e+01 -1.250858670013e+01 -1.250858779637e+01 -1.250858918967e+01 -1.250859096396e+01 -1.250859322894e+01 -1.250859612940e+01 -1.250859985856e+01 -1.250860467799e+01 -1.250861094817e+01 -1.250861917700e+01 -1.250863010034e+01 -1.250864482237e+01 -1.250866507534e+01 -1.250869373753e+01 -1.250873596834e+01 -1.250880203159e+01 -1.250891569482e+01 -1.250914728556e+01 -1.250983381950e+01 -1.251479565191e+01 -1.269439490408e+01 -1.289734084801e+01 -1.312082984013e+01 -1.337738742310e+01 -1.368932193119e+01 -1.402078172883e+01 -1.413100048068e+01 -1.414957666360e+01 -1.415639938820e+01 -1.416161701791e+01 -1.416742621780e+01 -1.417469884824e+01 -1.418402221920e+01 -1.419601937857e+01 -1.421144915542e+01 -1.423122060980e+01 -1.425636721119e+01 -1.428796882375e+01 -1.432700218791e+01 -1.437415927596e+01 -1.442968485345e+01 -1.449331938104e+01 -1.456437354837e+01 -1.464189468005e+01 -1.472484994897e+01 -1.481227029432e+01 -1.490333624138e+01 -1.499741403752e+01 -1.509405506536e+01 -1.519297155307e+01 -1.529399430756e+01 -1.539703374177e+01 -1.550202100004e+01 -1.560886345661e+01 -1.571744962750e+01 -1.582766175738e+01 -1.593938950054e+01 -1.605254048304e+01 -1.616704166083e+01 -1.628283522386e+01 -1.639987572285e+01 -1.651812559077e+01 -1.663752934505e+01 -1.675800470244e+01 -1.687946838116e+01 -1.700184779549e+01 -1.712507935105e+01 -1.724910473144e+01
-1.250858257884e+01 -1.250858257931e+01 -1.250858257991e+01 -1.250858258067e+01 -1.250858258162e+01 -1.250858258282e+01 -1.250858258434e+01 -1.250858258626e+01 -1.250858258868e+01 -1.250858259173e+01 -1.250858259558e+01 -1.250858260044e+01 -1.250858260658e+01 -1.250858261432e+01 -1.250858262409e+01 -1.250858263641e+01 -1.250858265197e+01 -1.250858267160e+01 -1.250858269637e+01 -1.250858272763e+01 -1.250858276709e+01 -1.250858281690e+01 -1.250858287977e+01 -1.250858295914e+01 -1.250858305934e+01 -1.250858318586e+01 -1.250858334565e+01 -1.250858354749e+01 -1.250858380253e+01 -1.250858412490e+01 -1.250858453256e+01 -1.250858504835e+01 -1.250858570143e+01 -1.250858652909e+01 -1.250858757919e+01 -1.250858891345e+01 -1.250859061190e+01 -1.250859277903e+01 -1.250859555244e+01 -1.250859911542e+01 -1.250860371535e+01 -1.250860969197e+01 -1.250861752190e+01 -1.250862789185e+01 -1.250864182518e+01 -1.250866091316e+01 -1.250868776961e+01 -1.250872700840e+01 -1.250878761268e+01 -1.250888972282e+01 -1.250908974920e+01 -1.250962752792e+01 -1.251302569888e+01 -1.265951573519e+01 -1.285971836056e+01 -1.307897085856e+01 -1.332865522135e+01 -1.362988662381e+01 -1.397770470658e+01 -1.412714031191e+01 -1.415011114834e+01 -1.415797179210e+01 -1.416430508869e+01 -1.417166682796e+01 -1.418100085596e+01 -1.419298689717e+01 -1.420839380705e+01 -1.422813890489e+01 -1.425326469843e+01 -1.428486015108e+01 -1.432391198873e+01 -1.437111827764e+01 -1.442672470818e+01 -1.449046689562e+01 -1.456164690785e+01 -1.463930248039e+01 -1.472239247701e+01 -1.480994176221e+01 -1.490112699934e+01 -1.499531233406e+01 -1.509204845101e+01 -1.519104764123e+01 -1.529214178361e+01 -1.539524264042e+01 -1.550028335995e+01 -1.560717311657e+01 -1.571580160504e+01 -1.582605185746e+01 -1.593781396611e+01 -1.605099584013e+01 -1.616552469070e+01 -1.628134297388e+01 -1.639840546322e+01 -1.651667494168e+01 -1.663609656927e+01 -1.675658845194e+01 -1.687806738569e+01 -1.700046082986e+01 -1.712370526699e+01 -1.724774248064e+01
-1.250858257841e+01 -1.250858257878e+01 -1.250858257924e+01 -1.250858257982e+01 -1.250858258055e+01 -1.250858258147e+01 -1.250858258263e+01 -1.250858258410e+01 -1.250858258596e+01 -1.250858258829e+01 -1.250858259125e+01 -1.250858259497e+01 -1.250858259967e+01 -1.250858260560e+01 -1.250858261309e+01 -1.250858262253e+01 -1.250858263445e+01 -1.250858264949e+01 -1.250858266847e+01 -1.250858269242e+01 -1.250858272266e+01 -1.250858276081e+01 -1.250858280897e+01 -1.250858286976e+01 -1.250858294650e+01 -1.250858304338e+01 -1.250858316571e+01 -1.250858332020e+01 -1.250858351534e+01 -1.250858376190e+01 -1.250858407354e+01 -1.250858446759e+01 -1.250858496613e+01 -1.250858559729e+01 -1.250858639705e+01 -1.250858741157e+01 -1.250858870033e+01 -1.250859034038e+01 -1.250859243219e+01 -1.250859510795e+01 -1.250859854334e+01 -1.250860297506e+01 -1.250860872722e+01 -1.250861625301e+01 -1.250862620262e+01 -1.250863953980e+01 -1.250865775296e+01 -1.250868326546e+01 -1.250872030505e+01 -1.250877697019e+01 -1.250887098508e+01 -1.250905004929e+01 -1.250950091226e+01 -1.251194172584e+01 -1.263180427869e+01 -1.282993351979e+01 -1.304604020236e+01 -1.329060036973e+01 -1.358347836030e+01 -1.393609611516e+01 -1.412344238664e+01 -1.415102021694e+01 -1.416001802622e+01 -1.416779589711e+01 -1.417717793373e+01 -1.418915792599e+01 -1.420453947308e+01 -1.422425221822e+01 -1.424935124569e+01 -1.428093817486e+01 -1.432001241402e+01 -1.436728018361e+01 -1.442298845580e+01 -1.448686667741e+01 -1.455820587517e+01 -1.463603153986e+01 -1.471929195534e+01 -1.480700427934e+01 -1.489834029678e+01 -1.499266151056e+01 -1.508951772056e+01 -1.518862134980e+01 -1.528980559632e+01 -1.539298393911e+01 -1.549809205710e+01 -1.560504141808e+01 -1.571372321731e+01 -1.582402148946e+01 -1.593582688429e+01 -1.604904766871e+01 -1.616361137474e+01 -1.627946079340e+01 -1.639655097925e+01 -1.651484515042e+01 -1.663428927590e+01 -1.675480195970e+01 -1.687630009760e+01 -1.699871120479e+01 -1.712197185974e+01 -1.724602397150e+01
-1.250858257810e+01 -1.250858257838e+01 -1.250858257873e+01 -1.250858257918e+01 -1.250858257974e+01 -1.250858258045e+01 -1.250858258135e+01 -1.250858258248e+01 -1.250858258391e+01 -1.250858258572e+01 -1.250858258799e+01 -1.250858259087e+01 -1.250858259449e+01 -1.250858259907e+01 -1.250858260484e+01 -1.250858261212e+01 -1.250858262132e+01 -1.250858263292e+01 -1.250858264755e+01 -1.250858266603e+01 -1.250858268934e+01 -1.250858271877e+01 -1.250858275590e+01 -1.250858280278e+01 -1.250858286194e+01 -1.250858293663e+01 -1.250858303092e+01 -1.250858314997e+01 -1.250858330032e+01 -1.250858349023e+01 -1.250858373017e+01 -1.250858403342e+01 -1.250858441685e+01 -1.250858490192e+01 -1.250858551597e+01 -1.250858629397e+01 -1.250858728075e+01 -1.250858853403e+01 -1.250859012856e+01 -1.250859216172e+01 -1.250859476149e+01 -1.250859809772e+01 -1.250860239886e+01 -1.250860797709e+01 -1.250861526773e+01 -1.250862489329e+01 -1.250863777261e+01 -1.250865531726e+01 -1.250867980974e+01 -1.250871519605e+01 -1.250876894080e+01 -1.250885708390e+01 -1.250902152314e+01 -1.250941686253e+01 -1.251129671821e+01 -1.260965945685e+01 -1.280619597123e+01 -1.301990780871e+01 -1.326059613399e+01 -1.354706277470e+01 -1.389913427476e+01 -1.412018778953e+01 -1.415234502458e+01 -1.416265808437e+01 -1.417232963733e+01 -1.418432288380e+01 -1.419967944252e+01 -1.421935352394e+01 -1.424441835033e+01 -1.427599328394e+01 -1.431509433879e+01 -1.436243868200e+01 -1.441827510460e+01 -1.448232518262e+01 -1.455386576221e+01 -1.463190665548e+01 -1.471538265115e+01 -1.480330112242e+01 -1.489482769485e+01 -1.498932055454e+01 -1.508632838468e+01 -1.518556384528e+01 -1.528686175853e+01 -1.539013778669e+01 -1.549533080238e+01 -1.560235520035e+01 -1.571110408923e+01 -1.582146278239e+01 -1.593332264035e+01 -1.604659238221e+01 -1.616119994270e+01 -1.627708853385e+01 -1.639421356434e+01 -1.651253879109e+01 -1.663201119979e+01 -1.675255003375e+01 -1.687407231725e+01 -1.699650563434e+01 -1.711978668261e+01 -1.724385752841e+01
-1.250858257785e+01 -1.250858257807e+01 -1.250858257835e+01 -1.250858257869e+01 -1.250858257913e+01 -1.250858257968e+01 -1.250858258038e+01 -1.250858258126e+01 -1.250858258237e+01 -1.250858258376e+01 -1.250858258553e+01 -1.250858258776e+01 -1.250858259057e+01 -1.250858259411e+01 -1.250858259859e+01 -1.250858260424e+01 -1.250858261136e+01 -1.250858262036e+01 -1.250858263171e+01 -1.250858264603e+01 -1.250858266410e+01 -1.250858268691e+01 -1.250858271570e+01 -1.250858275203e+01 -1.250858279789e+01 -1.250858285577e+01 -1.250858292883e+01 -1.250858302108e+01 -1.250858313755e+01 -1.250858328463e+01 -1.250858347041e+01 -1.250858370513e+01 -1.250858400177e+01 -1.250858437682e+01 -1.250858485127e+01 -1.250858545183e+01 -1.250858621267e+01 -1.250858717757e+01 -1.250858840289e+01 -1.250858996157e+01 -1.250859194857e+01 -1.250859448855e+01 -1.250859774683e+01 -1.250860194543e+01 -1.250860738726e+01 -1.250861449381e+01 -1.250862386626e+01 -1.250863638902e+01 -1.250865341509e+01 -1.250867712052e+01 -1.250871124048e+01 -1.250876277217e+01 -1.250884653899e+01 -1.250900038953e+01 -1.250935798928e+01 -1.251089685371e+01 -1.259185705996e+01 -1.278715298500e+01 -1.299901420388e+01 -1.323673173334e+01 -1.351818984153e+01 -1.386784398133e+01 -1.411765197092e+01 -1.415412694817e+01 -1.416605536070e+01 -1.417821401357e+01 -1.419355356221e+01 -1.421318395709e+01 -1.423820567967e+01 -1.426976358008e+01 -1.430889618040e+01 -1.435633549910e+01 -1.441233298347e+01 -1.447660014087e+01 -1.454839553548e+01 -1.462670883406e+01 -1.471045757302e+01 -1.479863669224e+01 -1.489040404623e+01 -1.498511366942e+01 -1.508231284536e+01 -1.518171462417e+01 -1.528315583411e+01 -1.538655491165e+01 -1.549185475630e+01 -1.559897350582e+01 -1.570780671436e+01 -1.581824132933e+01 -1.593016961967e+01 -1.604350087603e+01 -1.615816353757e+01 -1.627410134459e+01 -1.639127015174e+01 -1.650963437923e+01 -1.662914228777e+01 -1.674971394399e+01 -1.687126653863e+01 -1.699372774007e+01 -1.711703439304e+01 -1.724112876058e+01
-1.250858257767e+01 -1.250858257784e+01 -1.250858257805e+01 -1.250858257832e+01 -1.250858257866e+01 -1.250858257909e+01 -1.250858257964e+01 -1.250858258032e+01 -1.250858258118e+01 -1.250858258227e+01 -1.250858258365e+01 -1.250858258538e+01 -1.250858258757e+01 -1.250858259033e+01 -1.250858259381e+01 -1.250858259821e+01 -1.250858260376e+01 -1.250858261076e+01 -1.250858261959e+01 -1.250858263074e+01 -1.250858264481e+01 -1.250858266257e+01 -1.250858268497e+01 -1.250858271325e+01 -1.250858274894e+01 -1.250858279399e+01 -1.250858285085e+01 -1.250858292263e+01 -1.250858301324e+01 -1.250858312765e+01 -1.250858327213e+01 -1.250858345462e+01 -1.250858368518e+01 -1.250858397655e+01 -1.250858434493e+01 -1.250858481091e+01 -1.250858540072e+01 -1.250858614790e+01 -1.250858709538e+01 -1.250858829845e+01 -1.250858982860e+01 -1.250859177887e+01 -1.250859427132e+01 -1.250859746767e+01 -1.250860158487e+01 -1.250860691853e+01 -1.250861387930e+01 -1.250862305166e+01 -1.250863529321e+01 -1.250865191157e+01 -1.250867500077e+01 -1.250870813496e+01 -1.250875795823e+01 -1.250883838986e+01 -1.250898434696e+01 -1.250931509780e+01 -1.251063493628e+01 -1.257745903673e+01 -1.277177107716e+01 -1.298218376292e+01 -1.321759177081e+01 -1.349518053026e+01 -1.384188768817e+01 -1.411607382246e+01 -1.415641962958e+01 -1.417043305698e+01 -1.418583344239e+01 -1.420541985170e+01 -1.423038887083e+01 -1.426191617640e+01 -1.430109153296e+01 -1.434864803516e+01 -1.440484766028e+01 -1.446937592205e+01 -1.454150693852e+01 -1.462016513594e+01 -1.470425901315e+01 -1.479276769463e+01 -1.488483924115e+01 -1.497982251005e+01 -1.507726304917e+01 -1.517687451491e+01 -1.527849622963e+01 -1.538205015036e+01 -1.548748424767e+01 -1.559472145697e+01 -1.570366046735e+01 -1.581419031960e+01 -1.592620444718e+01 -1.603961286337e+01 -1.615434463768e+01 -1.627034417168e+01 -1.638756788132e+01 -1.650598099758e+01 -1.662553337537e+01 -1.674614614573e+01 -1.686773671680e+01 -1.699023285925e+01 -1.711357159845e+01 -1.723769544247e+01
-1.250858257753e+01 -1.250858257766e+01 -1.250858257783e+01 -1.250858257804e+01 -1.250858257830e+01 -1.250858257864e+01 -1.250858257906e+01 -1.250858257960e+01 -1.250858258027e+01 -1.250858258112e+01 -1.250858258220e+01 -1.250858258355e+01 -1.250858258526e+01 -1.250858258742e+01 -1.250858259014e+01 -1.250858259357e+01 -1.250858259790e+01 -1.250858260337e+01 -1.250858261027e+01 -1.250858261898e+01 -1.250858262997e+01 -1.250858264383e+01 -1.250858266133e+01 -1.250858268341e+01 -1.250858271128e+01 -1.250858274646e+01 -1.250858279085e+01 -1.250858284689e+01 -1.250858291763e+01 -1.250858300693e+01 -1.250858311969e+01 -1.250858326207e+01 -1.250858344191e+01 -1.250858366912e+01 -1.250858395625e+01 -1.250858431926e+01 -1.250858477843e+01 -1.250858535960e+01 -1.250858609578e+01 -1.250858702926e+01 -1.250858821444e+01 -1.250858972165e+01 -1.250859164241e+01 -1.250859409667e+01 -1.250859724329e+01 -1.250860129518e+01 -1.250860654213e+01 -1.250861338617e+01 -1.250862239854e+01 -1.250863441565e+01 -1.250865070939e+01 -1.250867330958e+01 -1.250870566511e+01 -1.250875414775e+01 -1.250883198849e+01 -1.250897191805e+01 -1.250928288123e+01 -1.251045446851e+01 -1.256578226200e+01 -1.275925439524e+01 -1.296852049901e+01 -1.320211300432e+01 -1.347667556365e+01 -1.382069805218e+01 -1.411560605137e+01 -1.415930517278e+01 -1.417608453929e+01 -1.419565562189e+01 -1.422056448250e+01 -1.425206387980e+01 -1.429127418805e+01 -1.433897433880e+01 -1.439542726445e+01 -1.446031028006e+01 -1.453284142491e+01 -1.461193656815e+01 -1.469646735590e+01 -1.478539277219e+01 -1.487784855575e+01 -1.497317714345e+01 -1.507092196471e+01 -1.517079758149e+01 -1.527264644789e+01 -1.537639498217e+01 -1.548199752951e+01 -1.558938319050e+01 -1.569845468856e+01 -1.580910375429e+01 -1.592122531997e+01 -1.603473031308e+01 -1.614954858856e+01 -1.626562537321e+01 -1.638291778891e+01 -1.650139204907e+01 -1.662099999328e+01 -1.674166413500e+01 -1.686330216915e+01 -1.698584198928e+01 -1.710922084039e+01 -1.723338153461e+01
-1.250858257742e+01 -1.250858257752e+01 -1.250858257765e+01 -1.250858257782e+01 -1.250858257803e+01 -1.250858257829e+01 -1.250858257862e+01 -1.250858257904e+01 -1.250858257957e+01 -1.250858258023e+01 -1.250858258107e+01 -1.250858258213e+01 -1.250858258347e+01 -1.250858258516e+01 -1.250858258729e+01 -1.250858258998e+01 -1.250858259337e+01 -1.250858259765e+01 -1.250858260306e+01 -1.250858260987e+01 -1.250858261848e+01 -1.250858262933e+01 -1.250858264304e+01 -1.250858266033e+01 -1.250858268215e+01 -1.250858270968e+01 -1.250858274444e+01 -1.250858278830e+01 -1.250858284367e+01 -1.250858291357e+01 -1.250858300180e+01 -1.250858311321e+01 -1.250858325389e+01 -1.250858343158e+01 -1.250858365606e+01 -1.250858393975e+01 -1.250858429839e+01 -1.250858475203e+01 -1.250858532617e+01 -1.250858605342e+01 -1.250858697551e+01 -1.250858814615e+01 -1.250858963474e+01 -1.250859153153e+01 -1.250859395480e+01 -1.250859706107e+01 -1.250860105999e+01 -1.250860623667e+01 -1.250861298618e+01 -1.250862186915e+01 -1.250863370501e+01 -1.250864973714e+01 -1.250867194426e+01 -1.250870367618e+01 -1.250875109082e+01 -1.250882688408e+01 -1.250896211440e+01 -1.250925806943e+01 -1.251032470180e+01 -1.255624068429e+01 -1.274898662283e+01 -1.295733619627e+01 -1.318948838813e+01 -1.346167377102e+01 -1.380347934741e+01 -1.411633443590e+01 -1.416291131162e+01 -1.418337917183e+01 -1.420823023733e+01 -1.423968748311e+01 -1.427893994034e+01 -1.432681483100e+01 -1.438358467206e+01 -1.444890896587e+01 -1.452195458836e+01 -1.460160383010e+01 -1.468668804947e+01 -1.477614055277e+01 -1.486908161742e+01 -1.496484578344e+01 -1.506297395576e+01 -1.516318201605e+01 -1.526531639996e+01 -1.536930917305e+01 -1.547512267391e+01 -1.558269394625e+01 -1.569193093178e+01 -1.580272882944e+01 -1.591498451087e+01 -1.602861006138e+01 -1.614353631124e+01 -1.625970951294e+01 -1.637708767559e+01 -1.649563819030e+01 -1.661531535253e+01 -1.673604347979e+01 -1.685774065091e+01 -1.698033490474e+01 -1.710376375045e+01 -1.722797037514e+01
-1.250858257733e+01 -1.250858257742e+01 -1.250858257752e+01 -1.250858257765e+01 -1.250858257781e+01 -1.250858257802e+01 -1.250858257828e+01 -1.250858257861e+01 -1.250858257902e+01 -1.250858257954e+01 -1.250858258020e+01 -1.250858258103e+01 -1.250858258208e+01 -1.250858258341e+01 -1.250858258508e+01 -1.250858258719e+01 -1.250858258985e+01 -1.250858259321e+01 -1.250858259745e+01 -1.250858260280e+01 -1.250858260955e+01 -1.250858261807e+01 -1.250858262882e+01 -1.250858264238e+01 -1.250858265950e+01 -1.250858268110e+01 -1.250858270837e+01 -1.250858274278e+01 -1.250858278621e+01 -1.250858284103e+01 -1.250858291023e+01 -1.250858299759e+01 -1.250858310789e+01 -1.250858324717e+01 -1.250858342309e+01 -1.250858364533e+01 -1.250858392619e+01 -1.250858428125e+01 -1.250858473034e+01 -1.250858529871e+01 -1.250858601862e+01 -1.250858693136e+01 -1.250858809007e+01 -1.250858956336e+01 -1.250859144047e+01 -1.250859383830e+01 -1.250859691147e+01 -1.250860086696e+01 -1.250860598605e+01 -1.250861265815e+01 -1.250862143525e+01 -1.250863312300e+01 -1.250864894167e+01 -1.250867082880e+01 -1.250870205457e+01 -1.250874860607e+01 -1.250882275527e+01 -1.250895425303e+01 -1.250923854384e+01 -1.251022801408e+01 -1.254818902912e+01 -1.274048861241e+01 -1.294809934921e+01 -1.317910080599e+01 -1.344941650557e+01 -1.378954590937e+01 -1.411805606000e+01 -1.416742564855e+01 -1.419275951397e+01 -1.422416648363e+01 -1.426346404919e+01 -1.431154979589e+01 -1.436871570751e+01 -1.443459504947e+01 -1.450829770000e+01 -1.458865073287e+01 -1.467443672257e+01 -1.476455620920e+01 -1.485811015692e+01 -1.495442351759e+01 -1.505303429984e+01 -1.515366029074e+01 -1.525615305714e+01 -1.536045181407e+01 -1.546652889038e+01 -1.557433158677e+01 -1.568377463966e+01 -1.579475773910e+01 -1.590718028317e+01 -1.602095582684e+01 -1.613601640669e+01 -1.625230954342e+01 -1.636979436025e+01 -1.648843964223e+01 -1.660820269719e+01 -1.672901020860e+01 -1.685078077866e+01 -1.697344261519e+01 -1.709693354002e+01 -1.722119719930e+01
-1.250858257727e+01 -1.250858257733e+01 -1.250858257741e+01 -1.250858257751e+01 -1.250858257764e+01 -1.250858257780e+01 -1.250858257801e+01 -1.250858257827e+01 -1.250858257859e+01 -1.250858257900e+01 -1.250858257952e+01 -1.250858258017e+01 -1.250858258100e+01 -1.250858258204e+01 -1.250858258335e+01 -1.250858258501e+01 -1.250858258710e+01 -1.250858258974e+01 -1.250858259308e+01 -1.250858259728e+01 -1.250858260258e+01 -1.250858260928e+01 -1.250858261773e+01 -1.250858262839e+01 -1.250858264184e+01 -1.250858265881e+01 -1.250858268024e+01 -1.250858270728e+01 -1.250858274140e+01 -1.250858278447e+01 -1.250858283883e+01 -1.250858290745e+01 -1.250858299408e+01 -1.250858310346e+01 -1.250858324159e+01 -1.250858341603e+01 -1.250858363642e+01 -1.250858391492e+01 -1.250858426700e+01 -1.250858471231e+01 -1.250858527589e+01 -1.250858598970e+01 -1.250858689469e+01 -1.250858804348e+01 -1.250858950407e+01 -1.250859136485e+01 -1.250859374156e+01 -1.250859678726e+01 -1.250860070673e+01 -1.250860577806e+01 -1.250861238602e+01 -1.250862107546e+01 -1.250863264070e+01 -1.250864828305e+01 -1.250866990632e+01 -1.250870071575e+01 -1.250874655976e+01 -1.250881936853e+01 -1.250894784981e+01 -1.250922287769e+01 -1.251015377022e+01 -1.254156478816e+01 -1.273338691947e+01 -1.294039803216e+01 -1.317047608705e+01 -1.343932649932e+01 -1.377832468789e+01 -1.412091502779e+01 -1.417310793115e+01 -1.420472509053e+01 -1.424407016890e+01 -1.429241057357e+01 -1.435007171515e+01 -1.441665454619e+01 -1.449119570615e+01 -1.457244505787e+01 -1.465912250951e+01 -1.475008679208e+01 -1.484441493417e+01 -1.494142049086e+01 -1.504063836333e+01 -1.514178910905e+01 -1.524473099770e+01 -1.534941231633e+01 -1.545581782764e+01 -1.556390809404e+01 -1.567360677570e+01 -1.578481940711e+01 -1.589744870635e+01 -1.601141010095e+01 -1.612663711323e+01 -1.624307882109e+01 -1.636069574529e+01 -1.647945829687e+01 -1.659932743237e+01 -1.672023295119e+01 -1.684209418603e+01 -1.696483953725e+01 -1.708840718896e+01 -1.721274134334e+01
-1.250858257722e+01 -1.250858257727e+01 -1.250858257733e+01 -1.250858257741e+01 -1.250858257751e+01 -1.250858257764e+01 -1.250858257780e+01 -1.250858257800e+01 -1.250858257826e+01 -1.250858257858e+01 -1.250858257899e+01 -1.250858257950e+01 -1.250858258015e+01 -1.250858258097e+01 -1.250858258201e+01 -1.250858258331e+01 -1.250858258496e+01 -1.250858258703e+01 -1.250858258966e+01 -1.250858259296e+01 -1.250858259714e+01 -1.250858260240e+01 -1.250858260905e+01 -1.250858261744e+01 -1.250858262802e+01 -1.250858264138e+01 -1.250858265824e+01 -1.250858267951e+01 -1.250858270636e+01 -1.250858274024e+01 -1.250858278300e+01 -1.250858283698e+01 -1.250858290512e+01 -1.250858299114e+01 -1.250858309975e+01 -1.250858323689e+01 -1.250858341010e+01 -1.250858362893e+01 -1.250858390545e+01 -1.250858425503e+01 -1.250858469716e+01 -1.250858525671e+01 -1.250858596540e+01 -1.250858686386e+01 -1.250858800431e+01 -1.250858945424e+01 -1.250859130129e+01 -1.250859366027e+01 -1.250859668291e+01 -1.250860057212e+01 -1.250860560338e+01 -1.250861215754e+01 -1.250862077350e+01 -1.250863223613e+01 -1.250864773098e+01 -1.250866913383e+01 -1.250869959619e+01 -1.250874485211e+01 -1.250881655159e+01 -1.250894255464e+01 -1.250921008063e+01 -1.251009525130e+01 -1.253568166765e+01 -1.272739010909e+01 -1.293391240628e+01 -1.316324894925e+01 -1.343096345810e+01 -1.376935438489e+01 -1.412464522668e+01 -1.418029356240e+01 -1.421979295573e+01 -1.426843926621e+01 -1.432672267197e+01 -1.439420392453e+01 -1.446982026034e+01 -1.455221630225e+01 -1.464002962560e+01 -1.473206575257e+01 -1.482737248154e+01 -1.492525032273e+01 -1.502523128922e+01 -1.512702989271e+01 -1.523054377496e+01 -1.533570230078e+01 -1.544251580055e+01 -1.555096196921e+01 -1.566097631389e+01 -1.577247202037e+01 -1.588535621671e+01 -1.599954673200e+01 -1.611497891119e+01 -1.623160372707e+01 -1.634938344989e+01 -1.646829035910e+01 -1.658828975087e+01 -1.670931553737e+01 -1.683128810051e+01 -1.695413605557e+01 -1.707779799408e+01 -1.720221878212e+01
-1.250858257717e+01 -1.250858257721e+01 -1.250858257726e+01 -1.250858257733e+01 -1.250858257741e+01 -1.250858257751e+01 -1.250858257763e+01 -1.250858257779e+01 -1.250858257800e+01 -1.250858257825e+01 -1.250858257857e+01 -1.250858257898e+01 -1.250858257949e+01 -1.250858258013e+01 -1.250858258095e+01 -1.250858258198e+01 -1.250858258327e+01 -1.250858258491e+01 -1.250858258697e+01 -1.250858258958e+01 -1.250858259287e+01 -1.250858259702e+01 -1.250858260225e+01 -1.250858260886e+01 -1.250858261719e+01 -1.250858262772e+01 -1.250858264099e+01 -1.250858265775e+01 -1.250858267889e+01 -1.250858270557e+01 -1.250858273925e+01 -1.250858278176e+01 -1.250858283541e+01 -1.250858290314e+01 -1.250858298863e+01 -1.250858309658e+01 -1.250858323289e+01 -1.250858340506e+01 -1.250858362255e+01 -1.250858389739e+01 -1.250858424484e+01 -1.250858468427e+01 -1.250858524039e+01 -1.250858594472e+01 -1.250858683763e+01 -1.250858797099e+01 -1.250858941184e+01 -1.250859124722e+01 -1.250859359112e+01 -1.250859659414e+01 -1.250860045765e+01 -1.250860545486e+01 -1.250861196333e+01 -1.250862051691e+01 -1.250863189250e+01 -1.250864726234e+01 -1.250866847864e+01 -1.250869864773e+01 -1.250874340797e+01 -1.250881417590e+01 -1.250893811046e+01 -1.250919944889e+01 -1.251004804608e+01 -1.253116788402e+01 -1.272227072734e+01 -1.292839407085e+01 -1.315713784640e+01 -1.342399133880e+01 -1.376226948982e+01 -1.412907549014e+01 -1.418937428152e+01 -1.423842206650e+01 -1.429750080085e+01 -1.436614471769e+01 -1.444315217652e+01 -1.452702867813e+01 -1.461629683790e+01 -1.470969706474e+01 -1.480624251637e+01 -1.490521985801e+01 -1.500615944054e+01 -1.510878991782e+01 -1.521299748051e+01 -1.531874978274e+01 -1.542606836023e+01 -1.553495294272e+01 -1.564535496478e+01 -1.575719770646e+01 -1.587039422760e+01 -1.598486547105e+01 -1.610054901194e+01 -1.621739810254e+01 -1.633537719390e+01 -1.645446068580e+01 -1.657461890218e+01 -1.669579117378e+01 -1.681789943834e+01 -1.694087254911e+01 -1.706464953630e+01 -1.718917604256e+01
-1.250858257714e+01 -1.250858257717e+01 -1.250858257721e+01 -1.250858257726e+01 -1.250858257733e+01 -1.250858257740e+01 -1.250858257750e+01 -1.250858257763e+01 -1.250858257779e+01 -1.250858257799e+01 -1.250858257824e+01 -1.250858257856e+01 -1.250858257897e+01 -1.250858257948e+01 -1.250858258012e+01 -1.250858258093e+01 -1.250858258195e+01 -1.250858258324e+01 -1.250858258487e+01 -1.250858258692e+01 -1.250858258951e+01 -1.250858259278e+01 -1.250858259691e+01 -1.250858260212e+01 -1.250858260869e+01 -1.250858261698e+01 -1.250858262745e+01 -1.250858264066e+01 -1.250858265732e+01 -1.250858267836e+01 -1.250858270490e+01 -1.250858273840e+01 -1.250858278069e+01 -1.250858283406e+01 -1.250858290143e+01 -1.250858298648e+01 -1.250858309386e+01 -1.250858322945e+01 -1.250858340071e+01 -1.250858361706e+01 -1.250858389045e+01 -1.250858423606e+01 -1.250858467316e+01 -1.250858522633e+01 -1.250858592690e+01 -1.250858681503e+01 -1.250858794229e+01 -1.250858937532e+01 -1.250859120065e+01 -1.250859353157e+01 -1.250859651770e+01 -1.250860035909e+01 -1.250860532700e+01 -1.250861179616e+01 -1.250862029612e+01 -1.250863159693e+01 -1.250864685944e+01 -1.250866791575e+01 -1.250869783371e+01 -1.250874217038e+01 -1.250881214475e+01 -1.250893432636e+01 -1.250919047340e+01 -1.251000916615e+01 -1.252670581910e+01 -1.271785146925e+01 -1.292365037119e+01 -1.315192607272e+01 -1.341815376039e+01 -1.375678008971e+01 -1.413407006118e+01 -1.420076162415e+01 -1.426089533716e+01 -1.433108659263e+01 -1.440993723311e+01 -1.449574458927e+01 -1.458689303125e+01 -1.468203881430e+01 -1.478015680752e+01 -1.488052153356e+01 -1.498266515604e+01 -1.508632861909e+01 -1.519140831774e+01 -1.529789752289e+01 -1.540583913091e+01 -1.551526093408e+01 -1.562613605470e+01 -1.573840123587e+01 -1.585197762382e+01 -1.596679027067e+01 -1.608277948295e+01 -1.619990121639e+01 -1.631812261781e+01 -1.643742048281e+01 -1.655777074692e+01 -1.667911981453e+01 -1.680139200503e+01 -1.692451644489e+01 -1.704843260596e+01 -1.717308701248e+01
-1.250858257712e+01 -1.250858257714e+01 -1.250858257717e+01 -1.250858257721e+01 -1.250858257726e+01 -1.250858257732e+01 -1.250858257740e+01 -1.250858257750e+01 -1.250858257763e+01 -1.250858257779e+01 -1.250858257799e+01 -1.250858257824e+01 -1.250858257856e+01 -1.250858257896e+01 -1.250858257946e+01 -1.250858258010e+01 -1.250858258091e+01 -1.250858258193e+01 -1.250858258321e+01 -1.250858258483e+01 -1.250858258688e+01 -1.250858258946e+01 -1.250858259271e+01 -1.250858259682e+01 -1.250858260200e+01 -1.250858260855e+01 -1.250858261680e+01 -1.250858262722e+01 -1.250858264036e+01 -1.250858265695e+01 -1.250858267789e+01 -1.250858270431e+01 -1.250858273766e+01 -1.250858277975e+01 -1.250858283287e+01 -1.250858289993e+01 -1.250858298459e+01 -1.250858309148e+01 -1.250858322645e+01 -1.250858339692e+01 -1.250858361227e+01 -1.250858388439e+01 -1.250858422840e+01 -1.250858466348e+01 -1.250858521407e+01 -1.250858591137e+01 -1.250858679532e+01 -1.250858791726e+01 -1.250858934347e+01 -1.250859116005e+01 -1.250859347964e+01 -1.250859645107e+01 -1.250860027317e+01 -1.250860521555e+01 -1.250861165049e+01 -1.250862010376e+01 -1.250863133950e+01 -1.250864650871e+01 -1.250866742603e+01 -1.250869712613e+01 -1.250874109598e+01 -1.250881038501e+01 -1.250893105941e+01 -1.250918278096e+01 -1.250997653579e+01 -1.252325615143e+01 -1.271399449031e+01 -1.291953234232e+01 -1.314744732035e+01 -1.341325507701e+01 -1.375265166531e+01 -1.413955819494e+01 -1.421481042783e+01 -1.428718461074e+01 -1.436856603316e+01 -1.445694340844e+01 -1.455058286453e+01 -1.464798417847e+01 -1.474810944466e+01 -1.485022935908e+01 -1.495388637034e+01 -1.505883919775e+01 -1.516500625482e+01 -1.527240773385e+01 -1.538111521167e+01 -1.549119164719e+01 -1.560263994879e+01 -1.571541512020e+01 -1.582944946942e+01 -1.594467362021e+01 -1.606103125168e+01 -1.617848147341e+01 -1.629699471412e+01 -1.641655050692e+01 -1.653713073553e+01 -1.665869084208e+01 -1.678115888638e+01 -1.690446435587e+01 -1.702854711894e+01 -1.715335465613e+01
-1.250858257710e+01 -1.250858257712e+01 -1.250858257714e+01 -1.250858257717e+01 -1.250858257721e+01 -1.250858257726e+01 -1.250858257732e+01 -1.250858257740e+01 -1.250858257750e+01 -1.250858257763e+01 -1.250858257778e+01 -1.250858257798e+01 -1.250858257823e+01 -1.250858257855e+01 -1.250858257895e+01 -1.250858257945e+01 -1.250858258009e+01 -1.250858258089e+01 -1.250858258191e+01 -1.250858258319e+01 -1.250858258480e+01 -1.250858258684e+01 -1.250858258941e+01 -1.250858259265e+01 -1.250858259674e+01 -1.250858260190e+01 -1.250858260842e+01 -1.250858261664e+01 -1.250858262701e+01 -1.250858264011e+01 -1.250858265663e+01 -1.250858267748e+01 -1.250858270379e+01 -1.250858273701e+01 -1.250858277892e+01 -1.250858283183e+01 -1.250858289862e+01 -1.250858298293e+01 -1.250858308938e+01 -1.250858322380e+01 -1.250858339357e+01 -1.250858360804e+01 -1.250858387905e+01 -1.250858422164e+01 -1.250858465493e+01 -1.250858520325e+01 -1.250858589766e+01 -1.250858677794e+01 -1.250858789518e+01 -1.250858931538e+01 -1.250859112422e+01 -1.250859343383e+01 -1.250859639228e+01 -1.250860019738e+01 -1.250860511727e+01 -1.250861152204e+01 -1.250861993419e+01 -1.250863111264e+01 -1.250864619972e+01 -1.250866699484e+01 -1.250869650358e+01 -1.250874015176e+01 -1.250880884121e+01 -1.250892820211e+01 -1.250917609557e+01 -1.250994868522e+01 -1.251983892677e+01 -1.271059308568e+01 -1.291592533433e+01 -1.314357441824e+01 -1.340914539145e+01 -1.374968663863e+01 -1.414568110382e+01 -1.423170027721e+01 -1.431685759409e+01 -1.440890640745e+01 -1.450586484167e+01 -1.460623229420e+01 -1.470894579064e+01 -1.481329813518e+01 -1.491886189055e+01 -1.502542738031e+01 -1.513292376046e+01 -1.524147520493e+01 -1.535112139539e+01 -1.546199128863e+01 -1.557412858778e+01 -1.568751370789e+01 -1.580209451502e+01 -1.591780947271e+01 -1.603460651107e+01 -1.615244836020e+01 -1.627130934589e+01 -1.639117222190e+01 -1.651202476975e+01 -1.663383351788e+01 -1.675653246342e+01 -1.688005171166e+01 -1.700433141132e+01 -1.712932000720e+01
-1.250858257708e+01 -1.250858257710e+01 -1.250858257712e+01 -1.250858257714e+01 -1.250858257717e+01 -1.250858257721e+01 -1.250858257726e+01 -1.250858257732e+01 -1.250858257740e+01 -1.250858257750e+01 -1.250858257762e+01 -1.250858257778e+01 -1.250858257798e+01 -1.250858257823e+01 -1.250858257854e+01 -1.250858257894e+01 -1.250858257945e+01 -1.250858258008e+01 -1.250858258088e+01 -1.250858258189e+01 -1.250858258316e+01 -1.250858258477e+01 -1.250858258680e+01 -1.250858258936e+01 -1.250858259259e+01 -1.250858259667e+01 -1.250858260181e+01 -1.250858260830e+01 -1.250858261649e+01 -1.250858262683e+01 -1.250858263988e+01 -1.250858265634e+01 -1.250858267711e+01 -1.250858270333e+01 -1.250858273642e+01 -1.250858277819e+01 -1.250858283090e+01 -1.250858289745e+01 -1.250858298145e+01 -1.250858308751e+01 -1.250858322144e+01 -1.250858339059e+01 -1.250858360427e+01 -1.250858387428e+01 -1.250858421562e+01 -1.250858464731e+01 -1.250858519360e+01 -1.250858588543e+01 -1.250858676243e+01 -1.250858787549e+01 -1.250858929032e+01 -1.250859109227e+01 -1.250859339299e+01 -1.250859633987e+01 -1.250860012982e+01 -1.250860502966e+01 -1.250861140755e+01 -1.250861978307e+01 -1.250863091051e+01 -1.250864592452e+01 -1.250866661098e+01 -1.250869594973e+01 -1.250873931258e+01 -1.250880747128e+01 -1.250892567347e+01 -1.250917021193e+01 -1.250992455864e+01 -1.251709258816e+01 -1.270756515057e+01 -1.291274160895e+01 -1.314021033498e+01 -1.340570833461e+01 -1.374770875866e+01 -1.415221127721e+01 -1.425133412780e+01 -1.434908635236e+01 -1.445080430098e+01 -1.455522698049e+01 -1.466134052830e+01 -1.476856187899e+01 -1.487654089183e+01 -1.498512878377e+01 -1.509432881801e+01 -1.520424993697e+01 -1.531504458965e+01 -1.542687224645e+01 -1.553983124205e+01 -1.565393851528e+01 -1.576916380527e+01 -1.588545707387e+01 -1.600277183198e+01 -1.612107493237e+01 -1.624034516592e+01 -1.636056920504e+01 -1.648174027263e+01 -1.660383758722e+01 -1.672680443231e+01 -1.685057225148e+01 -1.697508127338e+01 -1.710028079658e+01
-1.250858257707e+01 -1.250858257708e+01 -1.250858257710e+01 -1.250858257712e+01 -1.250858257714e+01 -1.250858257717e+01 -1.250858257721e+01 -1.250858257726e+01 -1.250858257732e+01 -1.250858257740e+01 -1.250858257750e+01 -1.250858257762e+01 -1.250858257778e+01 -1.250858257798e+01 -1.250858257822e+01 -1.250858257854e+01 -1.250858257894e+01 -1.250858257944e+01 -1.250858258007e+01 -1.250858258087e+01 -1.250858258187e+01 -1.250858258314e+01 -1.250858258475e+01 -1.250858258677e+01 -1.250858258932e+01 -1.250858259254e+01 -1.250858259660e+01 -1.250858260173e+01 -1.250858260820e+01 -1.250858261636e+01 -1.250858262667e+01 -1.250858263967e+01 -1.250858265608e+01 -1.250858267678e+01 -1.250858270292e+01 -1.250858273590e+01 -1.250858277752e+01 -1.250858283007e+01 -1.250858289639e+01 -1.250858298012e+01 -1.250858308583e+01 -1.250858321931e+01 -1.250858338790e+01 -1.250858360087e+01 -1.250858386999e+01 -1.250858421019e+01 -1.250858464044e+01 -1.250858518491e+01 -1.250858587443e+01 -1.250858674847e+01 -1.250858785776e+01 -1.250858926777e+01 -1.250859106351e+01 -1.250859335622e+01 -1.250859629269e+01 -1.250860006900e+01 -1.250860495080e+01 -1.250861130452e+01 -1.250861964710e+01 -1.250863072868e+01 -1.250864567705e+01 -1.250866626594e+01 -1.250869545220e+01 -1.250873855938e+01 -1.250880624344e+01 -1.250892341252e+01 -1.250916497706e+01 -1.250990338984e+01 -1.251533124426e+01 -1.270484796772e+01 -1.290991436723e+01 -1.313728078152e+01 -1.340285087508e+01 -1.374655133309e+01 -1.415941397702e+01 -1.427327447990e+01 -1.438276757208e+01 -1.449299938397e+01 -1.460373797129e+01 -1.471471901092e+01 -1.482579034228e+01 -1.493692918027e+01 -1.504822884604e+01 -1.515986813025e+01 -1.527206775836e+01 -1.538504963848e+01 -1.549898206848e+01 -1.561393568213e+01 -1.572991150439e+01 -1.584687690263e+01 -1.596479323889e+01 -1.608363214147e+01 -1.620337729680e+01 -1.632402018239e+01 -1.644555886645e+01 -1.656798559864e+01 -1.669125744402e+01 -1.681530900984e+01 -1.694008036756e+01 -1.706552137950e+01
-1.250858257706e+01 -1.250858257707e+01 -1.250858257708e+01 -1.250858257710e+01 -1.250858257712e+01 -1.250858257714e+01 -1.250858257717e+01 -1.250858257721e+01 -1.250858257726e+01 -1.250858257732e+01 -1.250858257740e+01 -1.250858257750e+01 -1.250858257762e+01 -1.250858257778e+01 -1.250858257797e+01 -1.250858257822e+01 -1.250858257853e+01 -1.250858257893e+01 -1.250858257943e+01 -1.250858258006e+01 -1.250858258086e+01 -1.250858258186e+01 -1.250858258312e+01 -1.250858258472e+01 -1.250858258674e+01 -1.250858258928e+01 -1.250858259249e+01 -1.250858259654e+01 -1.250858260166e+01 -1.250858260811e+01 -1.250858261625e+01 -1.250858262652e+01 -1.250858263948e+01 -1.250858265584e+01 -1.250858267648e+01 -1.250858270254e+01 -1.250858273542e+01 -1.250858277692e+01 -1.250858282931e+01 -1.250858289543e+01 -1.250858297890e+01 -1.250858308430e+01 -1.250858321738e+01 -1.250858338546e+01 -1.250858359779e+01 -1.250858386610e+01 -1.250858420527e+01 -1.250858463422e+01 -1.250858517703e+01 -1.250858586444e+01 -1.250858673580e+01 -1.250858784167e+01 -1.250858924730e+01 -1.250859103742e+01 -1.250859332285e+01 -1.250859624988e+01 -1.250860001382e+01 -1.250860487927e+01 -1.250861121106e+01 -1.250861952379e+01 -1.250863056382e+01 -1.250864545272e+01 -1.250866595329e+01 -1.250869500161e+01 -1.250873787780e+01 -1.250880513373e+01 -1.250892137354e+01 -1.250916027693e+01 -1.250988461872e+01 -1.251519131105e+01 -1.270239396466e+01 -1.290739279646e+01 -1.313472795448e+01 -1.340049480207e+01 -1.374605018562e+01 -1.416737275205e+01 -1.429677477875e+01 -1.441670192230e+01 -1.453417974641e+01 -1.465027224661e+01 -1.476538433447e+01 -1.487977795013e+01 -1.499371394282e+01 -1.510748179463e+01 -1.522140932489e+01 -1.533578505795e+01 -1.545086714392e+01 -1.556680382819e+01 -1.568364270772e+01 -1.580137773249e+01 -1.591998239960e+01 -1.603943425361e+01 -1.615972213266e+01 -1.628084316250e+01 -1.640280009144e+01 -1.652559661885e+01 -1.664920823831e+01 -1.677357672810e+01 -1.689864201102e+01 -1.702435399273e+01
-1.250858257705e+01 -1.250858257706e+01 -1.250858257707e+01 -1.250858257708e+01 -1.250858257710e+01 -1.250858257712e+01 -1.250858257714e+01 -1.250858257717e+01 -1.250858257721e+01 -1.250858257726e+01 -1.250858257732e+01 -1.250858257740e+01 -1.250858257749e+01 -1.250858257762e+01 -1.250858257777e+01 -1.250858257797e+01 -1.250858257822e+01 -1.250858257853e+01 -1.250858257893e+01 -1.250858257942e+01 -1.250858258005e+01 -1.250858258084e+01 -1.250858258185e+01 -1.250858258311e+01 -1.250858258470e+01 -1.250858258671e+01 -1.250858258925e+01 -1.250858259245e+01 -1.250858259649e+01 -1.250858260159e+01 -1.250858260802e+01 -1.250858261614e+01 -1.250858262638e+01 -1.250858263931e+01 -1.250858265562e+01 -1.250858267621e+01 -1.250858270219e+01 -1.250858273498e+01 -1.250858277637e+01 -1.250858282861e+01 -1.250858289455e+01 -1.250858297780e+01 -1.250858308290e+01 -1.250858321562e+01 -1.250858338323e+01 -1.250858359498e+01 -1.250858386254e+01 -1.250858420077e+01 -1.250858462853e+01 -1.250858516983e+01 -1.250858585532e+01 -1.250858672423e+01 -1.250858782697e+01 -1.250858922861e+01 -1.250859101359e+01 -1.250859329239e+01 -1.250859621080e+01 -1.250859996346e+01 -1.250860481397e+01 -1.250861112577e+01 -1.250861941126e+01 -1.250863041340e+01 -1.250864524809e+01 -1.250866566819e+01 -1.250869459094e+01 -1.250873725706e+01 -1.250880412422e+01 -1.250891952228e+01 -1.250915602658e+01 -1.250986783315e+01 -1.251506345663e+01 -1.270016716025e+01 -1.290513783532e+01 -1.313250514944e+01 -1.339856984754e+01 -1.374604170113e+01 -1.417614354102e+01 -1.432090503921e+01 -1.444977690908e+01 -1.457333876032e+01 -1.469393838649e+01 -1.481257538342e+01 -1.492986663755e+01 -1.504630991491e+01 -1.516235958913e+01 -1.527842921670e+01 -1.539487412179e+01 -1.551194682892e+01 -1.562976749819e+01 -1.574837063751e+01 -1.586775003964e+01 -1.598789162529e+01 -1.610878964375e+01 -1.623044730449e+01 -1.635287272835e+01 -1.647607801779e+01 -1.660005941615e+01 -1.672477297159e+01 -1.685015968709e+01 -1.697616877836e+01
-1.250858257705e+01 -1.250858257705e+01 -1.250858257706e+01 -1.250858257707e+01 -1.250858257708e+01 -1.250858257710e+01 -1.250858257712e+01 -1.250858257714e+01 -1.250858257717e+01 -1.250858257721e+01 -1.250858257726e+01 -1.250858257732e+01 -1.250858257740e+01 -1.250858257749e+01 -1.250858257762e+01 -1.250858257777e+01 -1.250858257797e+01 -1.250858257821e+01 -1.250858257853e+01 -1.250858257892e+01 -1.250858257942e+01 -1.250858258004e+01 -1.250858258084e+01 -1.250858258183e+01 -1.250858258309e+01 -1.250858258468e+01 -1.250858258669e+01 -1.250858258922e+01 -1.250858259241e+01 -1.250858259644e+01 -1.250858260153e+01 -1.250858260794e+01 -1.250858261604e+01 -1.250858262626e+01 -1.250858263915e+01 -1.250858265542e+01 -1.250858267596e+01 -1.250858270188e+01 -1.250858273459e+01 -1.250858277587e+01 -1.250858282798e+01 -1.250858289375e+01 -1.250858297678e+01 -1.250858308162e+01 -1.250858321400e+01 -1.250858338119e+01 -1.250858359240e+01 -1.250858385928e+01 -1.250858419665e+01 -1.250858462331e+01 -1.250858516322e+01 -1.250858584695e+01 -1.250858671362e+01 -1.250858781350e+01 -1.250858921147e+01 -1.250859099174e+01 -1.250859326445e+01 -1.250859617496e+01 -1.250859991727e+01 -1.250860475409e+01 -1.250861104756e+01 -1.250861930810e+01 -1.250863027553e+01 -1.250864506058e+01 -1.250866540703e+01 -1.250869421491e+01 -1.250873668905e+01 -1.250880320145e+01 -1.250891783311e+01 -1.250915216242e+01 -1.250985272704e+01 -1.251494626406e+01 -1.269814009098e+01 -1.290311846628e+01 -1.313057215727e+01 -1.339700863386e+01 -1.374636540782e+01 -1.418567412987e+01 -1.434471970233e+01 -1.448106304433e+01 -1.460969703218e+01 -1.473409363201e+01 -1.485575581815e+01 -1.497559483000e+01 -1.509429863386e+01 -1.521245150633e+01 -1.533053177884e+01 -1.544892176717e+01 -1.556785244363e+01 -1.568742225891e+01 -1.580765935929e+01 -1.592856382827e+01 -1.605013629060e+01 -1.617238590688e+01 -1.629532725903e+01 -1.641897839589e+01 -1.654335365358e+01 -1.666843210631e+01 -1.679416055229e+01 -1.692048691760e+01
-1.250858257704e+01 -1.250858257705e+01 -1.250858257705e+01 -1.250858257706e+01 -1.250858257707e+01 -1.250858257708e+01 -1.250858257710e+01 -1.250858257712e+01 -1.250858257714e+01 -1.250858257717e+01 -1.250858257721e+01 -1.250858257726e+01 -1.250858257732e+01 -1.250858257740e+01 -1.250858257749e+01 -1.250858257762e+01 -1.250858257777e+01 -1.250858257797e+01 -1.250858257821e+01 -1.250858257852e+01 -1.250858257892e+01 -1.250858257941e+01 -1.250858258004e+01 -1.250858258083e+01 -1.250858258182e+01 -1.250858258308e+01 -1.250858258466e+01 -1.250858258666e+01 -1.250858258919e+01 -1.250858259238e+01 -1.250858259640e+01 -1.250858260147e+01 -1.250858260787e+01 -1.250858261595e+01 -1.250858262614e+01 -1.250858263901e+01 -1.250858265524e+01 -1.250858267573e+01 -1.250858270159e+01 -1.250858273422e+01 -1.250858277540e+01 -1.250858282739e+01 -1.250858289301e+01 -1.250858297585e+01 -1.250858308044e+01 -1.250858321251e+01 -1.250858337931e+01 -1.250858359002e+01 -1.250858385628e+01 -1.250858419285e+01 -1.250858461851e+01 -1.250858515715e+01 -1.250858583925e+01 -1.250858670386e+01 -1.250858780110e+01 -1.250858919570e+01 -1.250859097164e+01 -1.250859323875e+01 -1.250859614199e+01 -1.250859987478e+01 -1.250860469903e+01 -1.250861097565e+01 -1.250861921324e+01 -1.250863014877e+01 -1.250864488822e+01 -1.250866516704e+01 -1.250869386952e+01 -1.250873616764e+01 -1.250880235517e+01 -1.250891628652e+01 -1.250914863617e+01 -1.250983906873e+01 -1.251483862590e+01 -1.269629108260e+01 -1.290130846140e+01 -1.312889152006e+01 -1.339574368521e+01 -1.374686956684e+01 -1.419577130812e+01 -1.436740086476e+01 -1.450989045268e+01 -1.464273630286e+01 -1.477033708673e+01 -1.489460606024e+01 -1.501669367018e+01 -1.513744279083e+01 -1.525752317150e+01 -1.537746780367e+01 -1.549765762111e+01 -1.561829666243e+01 -1.573946973606e+01 -1.586120383216e+01 -1.598350937831e+01 -1.610640127488e+01 -1.622990089516e+01 -1.635403220110e+01 -1.647882094086e+01 -1.660427368441e+01 -1.673035364414e+01 -1.685700864867e+01
-1.250858257704e+01 -1.250858257704e+01 -1.250858257705e+01 -1.250858257705e+01 -1.250858257706e+01 -1.250858257707e+01 -1.250858257708e+01 -1.250858257710e+01 -1.250858257712e+01 -1.250858257714e+01 -1.250858257717e+01 -1.250858257721e+01 -1.250858257726e+01 -1.250858257732e+01 -1.250858257739e+01 -1.250858257749e+01 -1.250858257761e+01 -1.250858257777e+01 -1.250858257796e+01 -1.250858257821e+01 -1.250858257852e+01 -1.250858257891e+01 -1.250858257941e+01 -1.250858258003e+01 -1.250858258082e+01 -1.250858258181e+01 -1.250858258307e+01 -1.250858258465e+01 -1.250858258664e+01 -1.250858258916e+01 -1.250858259234e+01 -1.250858259635e+01 -1.250858260142e+01 -1.250858260780e+01 -1.250858261586e+01 -1.250858262604e+01 -1.250858263887e+01 -1.250858265507e+01 -1.250858267552e+01 -1.250858270132e+01 -1.250858273388e+01 -1.250858277498e+01 -1.250858282685e+01 -1.250858289233e+01 -1.250858297499e+01 -1.250858307936e+01 -1.250858321114e+01 -1.250858337758e+01 -1.250858358783e+01 -1.250858385351e+01 -1.250858418936e+01 -1.250858461409e+01 -1.250858515155e+01 -1.250858583216e+01 -1.250858669486e+01 -1.250858778968e+01 -1.250858918116e+01 -1.250859095311e+01 -1.250859321507e+01 -1.250859611161e+01 -1.250859983563e+01 -1.250860464828e+01 -1.250861090937e+01 -1.250861912584e+01 -1.250863003199e+01 -1.250864472947e+01 -1.250866494605e+01 -1.250869355159e+01 -1.250873568795e+01 -1.250880157730e+01 -1.250891486707e+01 -1.250914540964e+01 -1.250982667644e+01 -1.251473963763e+01 -1.269460181750e+01 -1.289968362463e+01 -1.312742582929e+01 -1.339470658406e+01 -1.374741767123e+01 -1.420591754149e+01 -1.438833873486e+01 -1.453584271960e+01 -1.467218093838e+01 -1.480248819327e+01 -1.492900591144e+01 -1.505307620734e+01 -1.517566090939e+01 -1.529749730669e+01 -1.541914625355e+01 -1.554097366866e+01 -1.566316065544e+01 -1.578578390520e+01 -1.590887363437e+01 -1.603245190705e+01 -1.615654613884e+01 -1.628118734418e+01 -1.640640773985e+01 -1.653223564581e+01 -1.665866375330e+01 -1.678564718921e+01
-1.250858257703e+01 -1.250858257704e+01 -1.250858257704e+01 -1.250858257705e+01 -1.250858257705e+01 -1.250858257706e+01 -1.250858257707e+01 -1.250858257708e+01 -1.250858257710e+01 -1.250858257712e+01 -1.250858257714e+01 -1.250858257717e+01 -1.250858257721e+01 -1.250858257726e+01 -1.250858257732e+01 -1.250858257739e+01 -1.250858257749e+01 -1.250858257761e+01 -1.250858257777e+01 -1.250858257796e+01 -1.250858257821e+01 -1.250858257852e+01 -1.250858257891e+01 -1.250858257940e+01 -1.250858258002e+01 -1.250858258081e+01 -1.250858258180e+01 -1.250858258305e+01 -1.250858258463e+01 -1.250858258662e+01 -1.250858258914e+01 -1.250858259231e+01 -1.250858259632e+01 -1.250858260137e+01 -1.250858260774e+01 -1.250858261579e+01 -1.250858262594e+01 -1.250858263875e+01 -1.250858265492e+01 -1.250858267532e+01 -1.250858270107e+01 -1.250858273357e+01 -1.250858277458e+01 -1.250858282635e+01 -1.250858289170e+01 -1.250858297420e+01 -1.250858307835e+01 -1.250858320987e+01 -1.250858337598e+01 -1.250858358581e+01 -1.250858385096e+01 -1.250858418613e+01 -1.250858461000e+01 -1.250858514638e+01 -1.250858582561e+01 -1.250858668655e+01 -1.250858777913e+01 -1.250858916774e+01 -1.250859093600e+01 -1.250859319320e+01 -1.250859608355e+01 -1.250859979948e+01 -1.250860460143e+01 -1.250861084819e+01 -1.250861904516e+01 -1.250862992422e+01 -1.250864458298e+01 -1.250866474219e+01 -1.250869325840e+01 -1.250873524583e+01 -1.250880086092e+01 -1.250891356163e+01 -1.250914245055e+01 -1.250981539874e+01 -1.251464849745e+01 -1.269305523736e+01 -1.289821966614e+01 -1.312613625074e+01 -1.339382903093e+01 -1.374789388249e+01 -1.421611562943e+01 -1.440714706273e+01 -1.455873182682e+01 -1.469796305257e+01 -1.483055479597e+01 -1.495900852091e+01 -1.508481693387e+01 -1.520903766403e+01 -1.533245198522e+01 -1.545563377286e+01 -1.557892708228e+01 -1.570249627900e+01 -1.582641372812e+01 -1.595071571423e+01 -1.607543547971e+01 -1.620061074569e+01 -1.632628024910e+01 -1.645248302244e+01 -1.657924374052e+01 -1.670654149309e+01
-1.250858257703e+01 -1.250858257703e+01 -1.250858257704e+01 -1.250858257704e+01 -1.250858257705e+01 -1.250858257705e+01 -1.250858257706e+01 -1.250858257707e+01 -1.250858257708e+01 -1.250858257710e+01 -1.250858257712e+01 -1.250858257714e+01 -1.250858257717e+01 -1.250858257721e+01 -1.250858257726e+01 -1.250858257732e+01 -1.250858257739e+01 -1.250858257749e+01 -1.250858257761e+01 -1.250858257777e+01 -1.250858257796e+01 -1.250858257821e+01 -1.250858257851e+01 -1.250858257890e+01 -1.250858257940e+01 -1.250858258002e+01 -1.250858258080e+01 -1.250858258179e+01 -1.250858258304e+01 -1.250858258462e+01 -1.250858258661e+01 -1.250858258912e+01 -1.250858259228e+01 -1.250858259628e+01 -1.250858260132e+01 -1.250858260769e+01 -1.250858261572e+01 -1.250858262585e+01 -1.250858263864e+01 -1.250858265477e+01 -1.250858267514e+01 -1.250858270084e+01 -1.250858273328e+01 -1.250858277422e+01 -1.250858282589e+01 -1.250858289112e+01 -1.250858297346e+01 -1.250858307742e+01 -1.250858320870e+01 -1.250858337450e+01 -1.250858358394e+01 -1.250858384860e+01 -1.250858418314e+01 -1.250858460622e+01 -1.250858514159e+01 -1.250858581954e+01 -1.250858667886e+01 -1.250858776936e+01 -1.250858915532e+01 -1.250859092016e+01 -1.250859317296e+01 -1.250859605759e+01 -1.250859976603e+01 -1.250860455808e+01 -1.250861079159e+01 -1.250861897052e+01 -1.250862982452e+01 -1.250864444748e+01 -1.250866455367e+01 -1.250869298737e+01 -1.250873483732e+01 -1.250880019949e+01 -1.250891235788e+01 -1.250913972896e+01 -1.250980509936e+01 -1.251456441915e+01 -1.269163389474e+01 -1.289689087652e+01 -1.312498233808e+01 -1.339304520960e+01 -1.374820615662e+01 -1.422580856742e+01 -1.442363273311e+01 -1.457855454965e+01 -1.472017923308e+01 -1.485469460472e+01 -1.498480742146e+01 -1.511211685675e+01 -1.523779017510e+01 -1.536260230886e+01 -1.548714012570e+01 -1.561172555966e+01 -1.573651132998e+01 -1.586156834904e+01 -1.598694015580e+01 -1.611266988277e+01 -1.623880344420e+01 -1.636538601899e+01 -1.649246105035e+01 -1.662004511542e+01
-1.250858257703e+01 -1.250858257703e+01 -1.250858257703e+01 -1.250858257704e+01 -1.250858257704e+01 -1.250858257705e+01 -1.250858257705e+01 -1.250858257706e+01 -1.250858257707e+01 -1.250858257708e+01 -1.250858257710e+01 -1.250858257711e+01 -1.250858257714e+01 -1.250858257717e+01 -1.250858257721e+01 -1.250858257726e+01 -1.250858257732e+01 -1.250858257739e+01 -1.250858257749e+01 -1.250858257761e+01 -1.250858257776e+01 -1.250858257796e+01 -1.250858257820e+01 -1.250858257851e+01 -1.250858257890e+01 -1.250858257939e+01 -1.250858258001e+01 -1.250858258080e+01 -1.250858258178e+01 -1.250858258303e+01 -1.250858258461e+01 -1.250858258659e+01 -1.250858258910e+01 -1.250858259226e+01 -1.250858259625e+01 -1.250858260128e+01 -1.250858260763e+01 -1.250858261565e+01 -1.250858262576e+01 -1.250858263853e+01 -1.250858265464e+01 -1.250858267497e+01 -1.250858270063e+01 -1.250858273301e+01 -1.250858277388e+01 -1.250858282546e+01 -1.250858289058e+01 -1.250858297278e+01 -1.250858307656e+01 -1.250858320761e+01 -1.250858337312e+01 -1.250858358220e+01 -1.250858384640e+01 -1.250858418036e+01 -1.250858460271e+01 -1.250858513714e+01 -1.250858581391e+01 -1.250858667172e+01 -1.250858776029e+01 -1.250858914378e+01 -1.250859090545e+01 -1.250859315415e+01 -1.250859603347e+01 -1.250859973495e+01 -1.250860451780e+01 -1.250861073900e+01 -1.250861890119e+01 -1.250862973192e+01 -1.250864432166e+01 -1.250866437865e+01 -1.250869273582e+01 -1.250873445832e+01 -1.250879958628e+01 -1.250891124319e+01 -1.250913721468e+01 -1.250979564621e+01 -1.251448656610e+01 -1.269031889836e+01 -1.289566971255e+01 -1.312392298083e+01 -1.339229464128e+01 -1.374828674018e+01 -1.423468072742e+01 -1.443788486971e+01 -1.459544382487e+01 -1.473904512570e+01 -1.487517413172e+01 -1.500669967041e+01 -1.513533026113e+01 -1.526224004099e+01 -1.538827241664e+01 -1.551399124091e+01 -1.563969926920e+01 -1.576554114692e+01 -1.589158839969e+01 -1.601789184139e+01 -1.614450293199e+01 -1.627147401940e+01 -1.639885574196e+01 -1.652669304922e+01
-1.250858257703e+01 -1.250858257703e+01 -1.250858257703e+01 -1.250858257703e+01 -1.250858257704e+01 -1.250858257704e+01 -1.250858257705e+01 -1.250858257705e+01 -1.250858257706e+01 -1.250858257707e+01 -1.250858257708e+01 -1.250858257710e+01 -1.250858257711e+01 -1.250858257714e+01 -1.250858257717e+01 -1.250858257721e+01 -1.250858257725e+01 -1.250858257732e+01 -1.250858257739e+01 -1.250858257749e+01 -1.250858257761e+01 -1.250858257776e+01 -1.250858257796e+01 -1.250858257820e+01 -1.250858257851e+01 -1.250858257890e+01 -1.250858257939e+01 -1.250858258001e+01 -1.250858258079e+01 -1.250858258178e+01 -1.250858258302e+01 -1.250858258459e+01 -1.250858258658e+01 -1.250858258908e+01 -1.250858259223e+01 -1.250858259622e+01 -1.250858260124e+01 -1.250858260758e+01 -1.250858261559e+01 -1.250858262569e+01 -1.250858263843e+01 -1.250858265451e+01 -1.250858267481e+01 -1.250858270043e+01 -1.250858273276e+01 -1.250858277356e+01 -1.250858282506e+01 -1.250858289007e+01 -1.250858297214e+01 -1.250858307576e+01 -1.250858320659e+01 -1.250858337184e+01 -1.250858358058e+01 -1.250858384434e+01 -1.250858417776e+01 -1.250858459942e+01 -1.250858513298e+01 -1.250858580864e+01 -1.250858666504e+01 -1.250858775180e+01 -1.250858913298e+01 -1.250859089169e+01 -1.250859313657e+01 -1.250859601091e+01 -1.250859970589e+01 -1.250860448014e+01 -1.250861068983e+01 -1.250861883637e+01 -1.250862964536e+01 -1.250864420405e+01 -1.250866421508e+01 -1.250869250079e+01 -1.250873410437e+01 -1.250879901397e+01 -1.250891020397e+01 -1.250913487575e+01 -1.250978690495e+01 -1.251441401425e+01 -1.268908955940e+01 -1.289452726596e+01 -1.312291810929e+01 -1.339152473285e+01 -1.374809045736e+01 -1.424251832836e+01 -1.444988922251e+01 -1.460962252641e+01 -1.475485271923e+01 -1.489232912916e+01 -1.502504886452e+01 -1.515479432890e+01 -1.528277936550e+01 -1.540986206413e+01 -1.553659492515e+01 -1.566326529141e+01 -1.579001221281e+01 -1.591690909639e+01 -1.604401342548e+01 -1.617138345662e+01 -1.629907661212e+01 -1.642714802293e+01
-1.250858257703e+01 -1.250858257703e+01 -1.250858257703e+01 -1.250858257703e+01 -1.250858257703e+01 -1.250858257704e+01 -1.250858257704e+01 -1.250858257705e+01 -1.250858257705e+01 -1.250858257706e+01 -1.250858257707e+01 -1.250858257708e+01 -1.250858257710e+01 -1.250858257711e+01 -1.250858257714e+01 -1.250858257717e+01 -1.250858257721e+01 -1.250858257725e+01 -1.250858257731e+01 -1.250858257739e+01 -1.250858257749e+01 -1.250858257761e+01 -1.250858257776e+01 -1.250858257796e+01 -1.250858257820e+01 -1.250858257851e+01 -1.250858257890e+01 -1.250858257939e+01 -1.250858258000e+01 -1.250858258079e+01 -1.250858258177e+01 -1.250858258301e+01 -1.250858258458e+01 -1.250858258656e+01 -1.250858258906e+01 -1.250858259221e+01 -1.250858259619e+01 -1.250858260120e+01 -1.250858260754e+01 -1.250858261553e+01 -1.250858262561e+01 -1.250858263834e+01 -1.250858265440e+01 -1.250858267466e+01 -1.250858270024e+01 -1.250858273252e+01 -1.250858277326e+01 -1.250858282468e+01 -1.250858288959e+01 -1.250858297154e+01 -1.250858307499e+01 -1.250858320563e+01 -1.250858337062e+01 -1.250858357904e+01 -1.250858384240e+01 -1.250858417531e+01 -1.250858459632e+01 -1.250858512905e+01 -1.250858580366e+01 -1.250858665872e+01 -1.250858774379e+01 -1.250858912279e+01 -1.250859087870e+01 -1.250859311996e+01 -1.250859598961e+01 -1.250859967844e+01 -1.250860444458e+01 -1.250861064341e+01 -1.250861877517e+01 -1.250862956364e+01 -1.250864409304e+01 -1.250866406072e+01 -1.250869227906e+01 -1.250873377058e+01 -1.250879847455e+01 -1.250890922549e+01 -1.250913267801e+01 -1.250977873706e+01 -1.251434574884e+01 -1.268792373987e+01 -1.289343441095e+01 -1.312193064996e+01 -1.339069246664e+01 -1.374759157131e+01 -1.424921396602e+01 -1.445986387352e+01 -1.462136395280e+01 -1.476793366112e+01 -1.490652982223e+01 -1.504025156004e+01 -1.517093947289e+01 -1.529983752406e+01 -1.542781268678e+01 -1.555540525222e+01 -1.568289062387e+01 -1.581040401927e+01 -1.593802133726e+01 -1.606580586865e+01 -1.619382131400e+01 -1.632212914596e+01
-1.250858257703e+01 -1.250858257703e+01 -1.250858257703e+01 -1.250858257703e+01 -1.250858257703e+01 -1.250858257703e+01 -1.250858257704e+01 -1.250858257704e+01 -1.250858257705e+01 -1.250858257705e+01 -1.250858257706e+01 -1.250858257707e+01 -1.250858257708e+01 -1.250858257710e+01 -1.250858257711e+01 -1.250858257714e+01 -1.250858257717e+01 -1.250858257721e+01 -1.250858257725e+01 -1.250858257731e+01 -1.250858257739e+01 -1.250858257749e+01 -1.250858257761e+01 -1.250858257776e+01 -1.250858257795e+01 -1.250858257820e+01 -1.250858257850e+01 -1.250858257889e+01 -1.250858257938e+01 -1.250858258000e+01 -1.250858258078e+01 -1.250858258176e+01 -1.250858258300e+01 -1.250858258457e+01 -1.250858258655e+01 -1.250858258904e+01 -1.250858259219e+01 -1.250858259616e+01 -1.250858260117e+01 -1.250858260749e+01 -1.250858261547e+01 -1.250858262554e+01 -1.250858263825e+01 -1.250858265428e+01 -1.250858267452e+01 -1.250858270006e+01 -1.250858273229e+01 -1.250858277297e+01 -1.250858282432e+01 -1.250858288914e+01 -1.250858297096e+01 -1.250858307426e+01 -1.250858320471e+01 -1.250858336946e+01 -1.250858357757e+01 -1.250858384055e+01 -1.250858417296e+01 -1.250858459335e+01 -1.250858512530e+01 -1.250858579890e+01 -1.250858665269e+01 -1.250858773612e+01 -1.250858911304e+01 -1.250859086627e+01 -1.250859310408e+01 -1.250859596924e+01 -1.250859965220e+01 -1.250860441057e+01 -1.250861059902e+01 -1.250861871665e+01 -1.250862948551e+01 -1.250864398692e+01 -1.250866391318e+01 -1.250869206717e+01 -1.250873345171e+01 -1.250879795956e+01 -1.250890829221e+01 -1.250913058585e+01 -1.250977100211e+01 -1.251428069321e+01 -1.268679876233e+01 -1.289236328993e+01 -1.312092824606e+01 -1.338976502028e+01 -1.374678002193e+01 -1.425474930491e+01 -1.446802202629e+01 -1.463096090038e+01 -1.477863034169e+01 -1.491815298095e+01 -1.505270960066e+01 -1.518418710469e+01 -1.531385225891e+01 -1.544257713561e+01 -1.557089051711e+01 -1.569905871642e+01 -1.582721438744e+01 -1.595543607804e+01 -1.608379197795e+01 -1.621235010412e+01
-1.250858257703e+01 -1.250858257703e+01 -1.250858257703e+01 -1.250858257703e+01 -1.250858257703e+01 -1.250858257703e+01 -1.250858257703e+01 -1.250858257704e+01 -1.250858257704e+01 -1.250858257705e+01 -1.250858257705e+01 -1.250858257706e+01 -1.250858257707e+01 -1.250858257708e+01 -1.250858257710e+01 -1.250858257711e+01 -1.250858257714e+01 -1.250858257717e+01 -1.250858257721e+01 -1.250858257725e+01 -1.250858257731e+01 -1.250858257739e+01 -1.250858257749e+01 -1.250858257761e+01 -1.250858257776e+01 -1.250858257795e+01 -1.250858257820e+01 -1.250858257850e+01 -1.250858257889e+01 -1.250858257938e+01 -1.250858258000e+01 -1.250858258077e+01 -1.250858258176e+01 -1.250858258300e+01 -1.250858258456e+01 -1.250858258653e+01 -1.250858258902e+01 -1.250858259217e+01 -1.250858259613e+01 -1.250858260113e+01 -1.250858260745e+01 -1.250858261542e+01 -1.250858262547e+01 -1.250858263816e+01 -1.250858265417e+01 -1.250858267438e+01 -1.250858269988e+01 -1.250858273207e+01 -1.250858277269e+01 -1.250858282397e+01 -1.250858288869e+01 -1.250858297040e+01 -1.250858307356e+01 -1.250858320382e+01 -1.250858336833e+01 -1.250858357615e+01 -1.250858383875e+01 -1.250858417069e+01 -1.250858459047e+01 -1.250858512165e+01 -1.250858579428e+01 -1.250858664683e+01 -1.250858772868e+01 -1.250858910358e+01 -1.250859085420e+01 -1.250859308865e+01 -1.250859594946e+01 -1.250859962672e+01 -1.250860437756e+01 -1.250861055592e+01 -1.250861865985e+01 -1.250862940967e+01 -1.250864388393e+01 -1.250866377002e+01 -1.250869186162e+01 -1.250873314250e+01 -1.250879746042e+01 -1.250890738848e+01 -1.250912856361e+01 -1.250976356292e+01 -1.251421776139e+01 -1.268569262251e+01 -1.289128876045e+01 -1.311988441162e+01 -1.338871940737e+01 -1.374565766137e+01 -1.425916923602e+01 -1.447458880401e+01 -1.463870344340e+01 -1.478727505479e+01 -1.492756151255e+01 -1.506280950358e+01 -1.519494343739e+01 -1.532524718227e+01 -1.545459568855e+01 -1.558350768256e+01 -1.571224261993e+01 -1.584093149725e+01 -1.596965540078e+01 -1.609848656913e+01
-1.250858257703e+01 -1.250858257703e+01 -1.250858257703e+01 -1.250858257703e+01 -1.250858257703e+01 -1.250858257703e+01 -1.250858257703e+01 -1.250858257703e+01 -1.250858257704e+01 -1.250858257704e+01 -1.250858257705e+01 -1.250858257705e+01 -1.250858257706e+01 -1.250858257707e+01 -1.250858257708e+01 -1.250858257710e+01 -1.250858257711e+01 -1.250858257714e+01 -1.250858257717e+01 -1.250858257721e+01 -1.250858257725e+01 -1.250858257731e+01 -1.250858257739e+01 -1.250858257749e+01 -1.250858257761e+01 -1.250858257776e+01 -1.250858257795e+01 -1.250858257819e+01 -1.250858257850e+01 -1.250858257889e+01 -1.250858257938e+01 -1.250858257999e+01 -1.250858258077e+01 -1.250858258175e+01 -1.250858258299e+01 -1.250858258455e+01 -1.250858258652e+01 -1.250858258901e+01 -1.250858259214e+01 -1.250858259610e+01 -1.250858260110e+01 -1.250858260741e+01 -1.250858261536e+01 -1.250858262540e+01 -1.250858263807e+01 -1.250858265406e+01 -1.250858267424e+01 -1.250858269971e+01 -1.250858273185e+01 -1.250858277242e+01 -1.250858282362e+01 -1.250858288825e+01 -1.250858296985e+01 -1.250858307286e+01 -1.250858320294e+01 -1.250858336722e+01 -1.250858357474e+01 -1.250858383697e+01 -1.250858416844e+01 -1.250858458762e+01 -1.250858511805e+01 -1.250858578972e+01 -1.250858664105e+01 -1.250858772134e+01 -1.250858909424e+01 -1.250859084230e+01 -1.250859307344e+01 -1.250859592995e+01 -1.250859960158e+01 -1.250860434499e+01 -1.250861051342e+01 -1.250861860383e+01 -1.250862933489e+01 -1.250864378238e+01 -1.250866362889e+01 -1.250869165903e+01 -1.250873283784e+01 -1.250879696889e+01 -1.250890649933e+01 -1.250912657756e+01 -1.250975629209e+01 -1.251415592107e+01 -1.268458520395e+01 -1.289018950123e+01 -1.311877899702e+01 -1.338754140927e+01 -1.374423487155e+01 -1.426255687109e+01 -1.447978409875e+01 -1.464486444383e+01 -1.479417649584e+01 -1.493509114028e+01 -1.507090880873e+01 -1.520358501713e+01 -1.533441624609e+01 -1.546427922405e+01 -1.559368432800e+01 -1.572288588273e+01 -1.585201386547e+01 -1.598115165593e+01
-1.250858257703e+01 -1.250858257703e+01 -1.250858257703e+01 -1.250858257703e+01 -1.250858257703e+01 -1.250858257703e+01 -1.250858257703e+01 -1.250858257703e+01 -1.250858257703e+01 -1.250858257704e+01 -1.250858257704e+01 -1.250858257705e+01 -1.250858257705e+01 -1.250858257706e+01 -1.250858257707e+01 -1.250858257708e+01 -1.250858257710e+01 -1.250858257711e+01 -1.250858257714e+01 -1.250858257717e+01 -1.250858257721e+01 -1.250858257725e+01 -1.250858257731e+01 -1.250858257739e+01 -1.250858257748e+01 -1.250858257761e+01 -1.250858257776e+01 -1.250858257795e+01 -1.250858257819e+01 -1.250858257850e+01 -1.250858257889e+01 -1.250858257937e+01 -1.250858257999e+01 -1.250858258076e+01 -1.250858258174e+01 -1.250858258298e+01 -1.250858258454e+01 -1.250858258651e+01 -1.250858258899e+01 -1.250858259212e+01 -1.250858259608e+01 -1.250858260107e+01 -1.250858260736e+01 -1.250858261531e+01 -1.250858262534e+01 -1.250858263799e+01 -1.250858265396e+01 -1.250858267411e+01 -1.250858269954e+01 -1.250858273163e+01 -1.250858277214e+01 -1.250858282327e+01 -1.250858288782e+01 -1.250858296929e+01 -1.250858307216e+01 -1.250858320205e+01 -1.250858336610e+01 -1.250858357333e+01 -1.250858383519e+01 -1.250858416619e+01 -1.250858458478e+01 -1.250858511445e+01 -1.250858578516e+01 -1.250858663526e+01 -1.250858771399e+01 -1.250858908489e+01 -1.250859083039e+01 -1.250859305821e+01 -1.250859591042e+01 -1.250859957642e+01 -1.250860431239e+01 -1.250861047087e+01 -1.250861854775e+01 -1.250862926004e+01 -1.250864368075e+01 -1.250866348767e+01 -1.250869145635e+01 -1.250873253314e+01 -1.250879647756e+01 -1.250890561134e+01 -1.250912459757e+01 -1.250974907800e+01 -1.251409425246e+01 -1.268345924188e+01 -1.288904861895e+01 -1.311759802860e+01 -1.338622411813e+01 -1.374252774166e+01 -1.426501373736e+01 -1.448381217496e+01 -1.464969128485e+01 -1.479961227435e+01 -1.494104303994e+01 -1.507732843525e+01 -1.521045041585e+01 -1.534171460054e+01 -1.547199911748e+01 -1.560180768367e+01 -1.573139082859e+01 -1.586087795321e+01
