100 100
-6.0
-5.878787878787879
-5.757575757575758
-5.636363636363637
-5.515151515151516
-5.393939393939394
-5.2727272727272725
-5.151515151515151
-5.03030303030303
-4.909090909090909
-4.787878787878788
-4.666666666666666
-4.545454545454545
-4.424242424242424
-4.303030303030303
-4.181818181818182
-4.0606060606060606
-3.9393939393939394
-3.8181818181818183
-3.696969696969697
-3.5757575757575757
-3.4545454545454546
-3.333333333333333
-3.212121212121212
-3.090909090909091
-2.9696969696969697
-2.8484848484848486
-2.727272727272727
-2.606060606060606
-2.484848484848485
-2.3636363636363633
-2.242424242424242
-2.121212121212121
-2.0
-1.878787878787879
-1.7575757575757578
-1.6363636363636367
-1.5151515151515147
-1.3939393939393936
-1.2727272727272725
-1.1515151515151514
-1.0303030303030303
-0.9090909090909092
-0.7878787878787881
-0.6666666666666661
-0.545454545454545
-0.42424242424242387
-0.30303030303030276
-0.18181818181818166
-0.06060606060606055
0.06060606060606055
0.18181818181818166
0.30303030303030276
0.42424242424242475
0.5454545454545459
0.666666666666667
0.7878787878787881
0.9090909090909092
1.0303030303030303
1.1515151515151514
1.2727272727272734
1.3939393939393945
1.5151515151515156
1.6363636363636367
1.7575757575757578
1.878787878787879
2.0
2.121212121212121
2.242424242424242
2.3636363636363633
2.4848484848484844
2.6060606060606055
2.7272727272727266
2.8484848484848495
2.9696969696969706
3.0909090909090917
3.212121212121213
3.333333333333334
3.454545454545455
3.575757575757576
3.6969696969696972
3.8181818181818183
3.9393939393939394
4.0606060606060606
4.181818181818182
4.303030303030303
4.424242424242424
4.545454545454545
4.666666666666668
4.787878787878789
4.90909090909091
5.030303030303031
5.151515151515152
5.272727272727273
5.3939393939393945
5.515151515151516
5.636363636363637
5.757575757575758
5.878787878787879
6.0
-6.0
-5.878787878787879
-5.757575757575758
-5.636363636363637
-5.515151515151516
-5.393939393939394
-5.2727272727272725
-5.151515151515151
-5.03030303030303
-4.909090909090909
-4.787878787878788
-4.666666666666666
-4.545454545454545
-4.424242424242424
-4.303030303030303
-4.181818181818182
-4.0606060606060606
-3.9393939393939394
-3.8181818181818183
-3.696969696969697
-3.5757575757575757
-3.4545454545454546
-3.333333333333333
-3.212121212121212
-3.090909090909091
-2.9696969696969697
-2.8484848484848486
-2.727272727272727
-2.606060606060606
-2.484848484848485
-2.3636363636363633
-2.242424242424242
-2.121212121212121
-2.0
-1.878787878787879
-1.7575757575757578
-1.6363636363636367
-1.5151515151515147
-1.3939393939393936
-1.2727272727272725
-1.1515151515151514
-1.0303030303030303
-0.9090909090909092
-0.7878787878787881
-0.6666666666666661
-0.545454545454545
-0.42424242424242387
-0.30303030303030276
-0.18181818181818166
-0.06060606060606055
0.06060606060606055
0.18181818181818166
0.30303030303030276
0.42424242424242475
0.5454545454545459
0.666666666666667
0.7878787878787881
0.9090909090909092
1.0303030303030303
1.1515151515151514
1.2727272727272734
1.3939393939393945
1.5151515151515156
1.6363636363636367
1.7575757575757578
1.878787878787879
2.0
2.121212121212121
2.242424242424242
2.3636363636363633
2.4848484848484844
2.6060606060606055
2.7272727272727266
2.8484848484848495
2.9696969696969706
3.0909090909090917
3.212121212121213
3.333333333333334
3.454545454545455
3.575757575757576
3.6969696969696972
3.8181818181818183
3.9393939393939394
4.0606060606060606
4.181818181818182
4.303030303030303
4.424242424242424
4.545454545454545
4.666666666666668
4.787878787878789
4.90909090909091
5.030303030303031
5.151515151515152
5.272727272727273
5.3939393939393945
5.515151515151516
5.636363636363637
5.757575757575758
5.878787878787879
6.0
-23.44201476567934
-23.47658140593254
-23.509999535413133
-23.542329316714977
-23.573628104104344
-23.603950242512546
-23.633347003827726
-23.661866614409117
-23.68955434161791
-23.716452616935573
-23.74260118013541
-23.768037233837166
-23.792795601205473
-23.8169088819697
-23.840407603641946
-23.863320365999474
-23.88567397772596
-23.90749358467689
-23.928802789623305
-23.94962376358731
-23.969977349050865
-23.989883155422824
-24.009359647207962
-24.028424225349152
-24.04709330222014
-24.065382370738416
-24.08330606805072
-24.100878234220882
-24.118111966323962
-24.13501966832341
-24.151613097080443
-24.167903404817974
-24.183901178335564
-24.1996164752473
-24.215058857491655
-24.23023742234099
-24.24516083111858
-24.259837335812918
-24.274274803762502
-24.288480740568804
-24.302462311381603
-24.316226360687814
-24.329779430723743
-24.34312777862002
-24.356277392378992
-24.36923400577577
-24.38200311226616
-24.394589977977642
-24.40699965385311
-24.419236987011057
-24.4313066313807
-24.443213057665563
-24.454960562684633
-24.466553278136235
-24.477995178826
-24.489290090397017
-24.500441696597242
-24.511453546116343
-24.52232905902179
-24.53307153282158
-24.54368414817873
-24.554169974301143
-24.56453197402815
-24.574773008633866
-24.584895842365743
-24.594903146735387
-24.604797504577526
-24.614581413891756
-24.624257291480816
-24.63382747639782
-24.643294233214483
-24.652659755121054
-24.66192616686822
-24.671095527560425
-24.68016983330944
-24.689151019756462
-24.698040964470273
-24.70684148922872
-24.715554362190208
-24.72418129996143
-24.732723969567157
-24.74118399032753
-24.749562935648125
-24.757862334727367
-24.766083674185857
-24.774228399622046
-24.782297917097694
-24.790293594557482
-24.798216763185643
-24.80606871870331
-24.81385072260945
-24.821564003368323
-24.82920975754621
-24.836789150900003
-24.8443033194199
-24.85175337032877
-24.85914038304007
-24.866465410076426
-24.873729477950903
-24.880933588012574
-23.265110223889028
-23.301570940407935
-23.336785905789416
-23.370818720619653
-23.403730916740248
-23.435581406196917
-23.466426179919868
-23.496318176435512
-23.52530726472168
-23.553440302088852
-23.58076123978583
-23.60731125735896
-23.63312891267033
-23.65825029862578
-23.68270920058641
-23.70653725049444
-23.72976407518832
-23.752417437390516
-23.774523368550675
-23.79610629320677
-23.817189144850637
-23.837793473497747
-23.857939545296922
-23.877646434596446
-23.896932108926112
-23.915813507371343
-23.934306612814666
-23.952426518507146
-23.97018748941236
-23.987603018741105
-24.00468588006845
-24.021448175397133
-24.03790137950418
-24.05405638088104
-24.06992351955222
-24.085512622033757
-24.1008330336705
-24.115893648570633
-24.130702937336828
-24.145268972775987
-24.15959945375355
-24.17370172734368
-24.18758280941338
-24.20124940376646
-24.214707919962166
-24.227964489913344
-24.241024983359914
-24.253895022305016
-24.266579994493796
-24.27908506600793
-24.29141519304281
-24.303575132928586
-24.31556945445124
-24.327402547525196
-24.339078632264602
-24.350601767496737
-24.361975858757354
-24.37320466580472
-24.384291809685823
-24.395240779386157
-24.40605493809139
-24.41673752908762
-24.42729168132429
-24.437720414662525
-24.448026644829596
-24.45821318809866
-24.46828276571186
-24.478238008062945
-24.488081458655028
-24.497815577847447
-24.50744274640501
-24.516965268861785
-24.526385376710955
-24.535705231431077
-24.544926927358794
-24.55405249441714
-24.56308390070778
-24.572023054975478
-24.580871808951887
-24.589631959585894
-24.598305251166806
-24.60689337734647
-24.615397983066075
-24.623820666392824
-24.63216298027161
-24.640426434196048
-24.648612495803608
-24.65672259239861
-24.6647581124071
-24.672720406767134
-24.68061079025794
-24.688430542770966
-24.696180910525985
-24.703863107235048
-24.711478315216723
-24.719027686463534
-24.726512343664357
-24.73393338118465
-24.74129186600609
-24.748588838627764
-23.08509028699098
-23.123598632409955
-23.160761384025815
-23.19664336311233
-23.231308938308693
-23.26482085084791
-23.297239483444297
-23.328622435431935
-23.35902430760749
-23.38849662902587
-23.417087878275378
-23.444843566042657
-23.471806355844517
-23.498016206903014
-23.523510528148485
-23.548324335867797
-23.57249041000413
-23.596039445864754
-23.61900019921914
-23.641399623623496
-23.663262999397205
-23.68461405407836
-23.705475074454053
-23.725867010435653
-23.745809571157405
-23.765321313738383
-23.784419725177766
-23.803121297860812
-23.821441599146244
-23.839395335489197
-23.85699641153146
-23.874257984565297
-23.891192514749765
-23.907811811431095
-23.924127075891644
-23.94014894082601
-23.955887506818243
-23.971352376071007
-23.98655268361611
-24.001497126215895
-24.01619398914669
-24.03065117103879
-24.044876206932084
-24.05887628969234
-24.072658289920586
-24.08622877447625
-24.09959402372418
-24.112760047606184
-24.125732600628837
-24.13851719585153
-24.15111911795146
-24.163543435435706
-24.175795012064732
-24.187878517546064
-24.19979843755211
-24.211559083111684
-24.223164599420517
-24.234618974112582
-24.245926045030544
-24.25708950753058
-24.268112921354174
-24.27899971709659
-24.28975320229985
-24.300376567195514
-24.3108728901208
-24.321245142629767
-24.331496194319644
-24.34162881739084
-24.351645690957895
-24.361549405127285
-24.371342464856795
-24.38102729361032
-24.390606236820652
-24.400081565172236
-24.409455477714786
-24.41873010481804
-24.427907510977203
-24.436989697477852
-24.445978604928754
-24.4548761156701
-24.46368405606452
-24.472404198677506
-24.48103826435362
-24.489587924194236
-24.49805480144243
-24.506440473280072
-24.51474647254205
-24.522974289351986
-24.53112537268378
-24.539201131853023
-24.547202937941776
-24.555132125160448
-24.562989992149994
-24.570777803227408
-24.57849678957758
-24.58614815039414
-24.59373305397204
-24.601252638753945
-24.60870801433316
-24.616100262414957
-22.901721708006193
-22.942427806993393
-22.981691953386886
-23.019575802372497
-23.056143713671926
-23.091460482389813
-23.12558984683529
-23.158593537295385
-23.190530699491084
-23.22145757580447
-23.251427362178703
-23.280490183114374
-23.308693144455358
-23.33608043582429
-23.362693463145586
-23.388570997744317
-23.413749332777645
-23.438262440765158
-23.46214212810327
-23.48541818393644
-23.50811852179758
-23.53026931315135
-23.551895112469346
-23.573018973801393
-23.593662559028264
-23.613846238122463
-23.633589181828512
-23.652909447219706
-23.671824056607015
-23.690349070275825
-23.70849965351469
-23.726290138380396
-23.743734080619827
-23.760844312142407
-23.777632989409476
-23.794111638079762
-23.810291194223318
-23.826182042391107
-23.841794050803397
-23.857136603897757
-23.87221863245681
-23.88704864151657
-23.90163473623881
-23.915984645914673
-23.93010574625198
-23.944005080085486
-23.95768937663678
-23.971165069439724
-23.98443831303698
-23.997514998544123
-24.010400768169443
-24.02310102877003
-24.03562096451755
-24.047965548741534
-24.060139555011393
-24.07214756751412
-24.08399399077921
-24.095683058798667
-24.107218843585446
-24.11860526321078
-24.129846089357045
-24.140944954420398
-24.151905358194128
-24.162730674161892
-24.17342415542715
-24.18398894030349
-24.194428057588468
-24.20474443154189
-24.214940886587875
-24.225020151758716
-24.234984864897125
-24.244837576632182
-24.25458075414332
-24.26421678472569
-24.273747979168988
-24.283176574961427
-24.29250473932934
-24.301734572122403
-24.310868108553606
-24.319907321802667
-24.328854125490796
-24.337710376034448
-24.346477874884787
-24.35515837065966
-24.36375356117392
-24.372265095374054
-24.380694575182165
-24.389043557254553
-24.397313554659398
-24.405506038478006
-24.413622439333746
-24.421664148852475
-24.429632521058114
-24.43752887370669
-24.4453544895623
-24.453110617617583
-24.460798474261995
-24.468419244400092
-24.475974082522722
-24.483464113733284
-22.714796053810268
-22.757830669893316
-22.799341868297653
-22.839379975041883
-22.878003855910013
-22.915276748540663
-22.95126344042049
-22.9860283904857
-23.01963450931298
-23.052142396815963
-23.083609895927935
-23.114091862825184
-23.143640083897335
-23.172303290553327
-23.200127237660126
-23.227154821777017
-23.25342622265789
-23.278979056650858
-23.30384853426177
-23.3280676167115
-23.351667168119572
-23.374676101209964
-23.397121515315007
-23.41902882606174
-23.440421886539923
-23.461323100029073
-23.48175352454291
-23.501732969562568
-23.521280085394853
-23.540412445623897
-23.55914662313367
-23.577498260173083
-23.595482132919358
-23.613112210973554
-23.630401712196708
-23.64736315326778
-23.6640083963173
-23.680348691963445
-23.69639471905125
-23.712156621370852
-23.727644041607622
-23.74286615275518
-23.757831687202444
-23.77254896368749
-23.787025912293863
-23.801270097649777
-23.8152887404764
-23.829088737618584
-23.84267668067962
-23.85605887337112
-23.869241347679278
-23.882229878940098
-23.895029999908026
-23.907647013895478
-23.920086007053722
-23.932351859860066
-23.944449257870478
-23.956382701792048
-23.96815651692509
-23.97977486202066
-23.991241737595487
-24.002560993742957
-24.013736337475624
-24.024771339632046
-24.03566944137794
-24.046433960329612
-24.057068096325064
-24.06757493686663
-24.07795746225691
-24.088218550448147
-24.098360981623916
-24.108387442530262
-24.118300530572405
-24.12810275769194
-24.137796554038164
-24.147384271446526
-24.156868186736016
-24.16625050483649
-24.1755333617564
-24.184718827400374
-24.19380890824553
-24.202805549885074
-24.211710639446654
-24.220526007892946
-24.22925343221107
-24.23789463749732
-24.24645129894287
-24.25492504372628
-24.26331745281777
-24.271630062700147
-24.279864367010923
-24.288021818109993
-24.296103828576687
-24.304111772639995
-24.31204698754566
-24.31991077486314
-24.327704401735826
-24.33542910207718
-24.34308607771592
-24.3506764994923
-22.52417022010134
-22.56961586642472
-22.613492109821408
-22.655823286742063
-22.696652707663375
-22.736035234894864
-22.77403216231063
-22.810707723137654
-22.846126742227707
-22.880353089044217
-22.91344868834752
-22.94547291734763
-22.9764822689089
-23.006530196239055
-23.03566707974726
-23.063940274539508
-23.091394209548323
-23.118070518125904
-23.144008186159677
-23.169243708163993
-23.193811244900818
-23.21774277826451
-23.241068260698235
-23.26381575748108
-23.28601158096886
-23.307680416383295
-23.328845439090337
-23.349528423538157
-23.369749844171928
-23.389528968731447
-23.40888394438603
-23.427831877181433
-23.446388905275214
-23.464570266425817
-23.482390360181775
-23.499862805193427
-23.51700049204332
-23.53381563196397
-23.55031980178435
-23.566523985419643
-23.582438612193638
-23.5980735922587
-23.61343834935606
-23.628541851138166
-23.64339263725553
-23.65799884539286
-23.67236823542302
-23.68650821183252
-23.700425844558705
-23.714127888366466
-23.72762080088119
-23.740910759384303
-23.75400367646872
-23.76690521464283
-23.779620799964288
-23.792155634777746
-23.804514709624428
-23.8167028143857
-23.828724548717624
-23.84058433182869
-23.852286411648638
-23.8638348734324
-23.875233647839543
-23.88648651852636
-23.89759712928491
-23.908568990760404
-23.919405486775965
-23.93010988029157
-23.9406853190219
-23.951134840735804
-23.96146137825854
-23.971667764196305
-23.981756735400992
-23.99173093719211
-24.00159292735104
-24.011345179902335
-24.020990088695115
-24.030529970797126
-24.039967069712915
-24.04930355843683
-24.05854154235071
-24.06768306197577
-24.076730095587084
-24.08568456169886
-24.09454832142798
-24.10332318074281
-24.112010892603966
-24.120613159002907
-24.12913163290427
-24.13756792009739
-24.145923580961743
-24.154200132151256
-24.162399048201802
-24.17052176306605
-24.17856967157941
-24.186544130860966
-24.19444646165259
-24.202277949599477
-24.21003984647539
-24.217733371354974
-22.329838134548147
-22.37767814425559
-22.423974400242166
-22.468699597545935
-22.51186359525292
-22.55350052498542
-22.59365975378437
-22.632399614696673
-22.669783103255984
-22.70587496016605
-22.740739726229823
-22.77444047610835
-22.807038023844743
-22.838590454401672
-22.869152878781303
-22.898777340831188
-22.927512825343953
-22.955405332204577
-22.982497992012526
-23.00883120613252
-23.034442799437148
-23.059368177749857
-23.083640484636465
-23.10729075405015
-23.13034805663647
-23.15283963841246
-23.17479105116156
-23.196226274314714
-23.217167828376
-23.237636880138858
-23.25765334005702
-23.277235952202318
-23.296402377276113
-23.315169269151653
-23.333552345420053
-23.35156645239715
-23.369225625027212
-23.38654314209399
-23.403531577122845
-23.4202028453299
-23.436568246947378
-23.452638507227803
-23.468423813405128
-23.483933848867334
-23.499177824773493
-23.514164509327845
-23.528902254905194
-23.543399023204767
-23.55766240859399
-23.57169965978969
-23.58551770001099
-23.599123145726526
-23.61252232410788
-23.625721289291185
-23.638725837540374
-23.651541521396975
-23.664173662894584
-23.67662736590911
-23.688907527709997
-23.701018849772193
-23.712965847903572
-23.724752861737965
-23.736384063639996
-23.74786346706385
-23.759194934405038
-23.77038218438085
-23.781428798972463
-23.792338229958936
-23.80311380507123
-23.813758733791946
-23.824276112824478
-23.834668931253916
-23.844940075419633
-23.855092333518684
-23.865128399957293
-23.875050879466617
-23.88486229099774
-23.89456507140973
-23.904161578963794
-23.913654096635337
-23.923044835255187
-23.932335936490215
-23.941529475673224
-23.950627464490676
-23.959631853537147
-23.968544534743877
-23.977367343688904
-23.98610206179559
-23.994750418425845
-24.003314092873932
-24.011794716266515
-24.020193873374218
-24.02851310433923
-24.036753906324016
-24.04491773508487
-24.053006006474913
-24.061020097879645
-24.06896134958927
-24.076831066110532
-24.084630517421562
-22.132054387483603
-22.18208545624542
-22.230731881381022
-22.277871040535757
-22.32344830614296
-22.36745529956023
-22.40991433891775
-22.45086746900919
-22.490368808439626
-22.528479265584334
-22.565262930925666
-22.600784648364108
-22.63510841168474
-22.668296335966836
-22.700408027598357
-22.731500228871756
-22.761626650050847
-22.790837927802606
-22.819181667201075
-22.84670253741141
-22.873442400256614
-22.89944045728359
-22.924733405470448
-22.949355594908074
-22.9733391840364
-22.996714289594568
-23.019509129548403
-23.041750158026115
-23.063462191820967
-23.084668528377993
-23.105391055419446
-23.125650352516455
-23.145465785007225
-23.164855590713337
-23.183836959928097
-23.20242610915373
-23.220638349054003
-23.238488147070424
-23.255989185126648
-23.273154412819437
-23.289996096467167
-23.3065258643595
-23.32275474852509
-23.3386932233085
-23.35435124102357
-23.369738264927484
-23.38486329973917
-23.39973491990592
-23.41436129580448
-23.428750218046474
-23.442909120042973
-23.45684509896959
-23.47056493526078
-23.48407511075104
-23.49738182557021
-23.510491013890775
-23.52340835861667
-23.536139305095357
-23.548689073927825
-23.56106267294504
-23.57326490841337
-23.58530039552645
-23.59717356823591
-23.60888868846953
-23.620449854780777
-23.631861010470704
-23.64312595121952
-23.65424833226224
-23.66523167514025
-23.676079374057892
-23.68679470187102
-23.697380815732508
-23.707840762417497
-23.71817748334982
-23.728393819348987
-23.738492515116093
-23.748476223475393
-23.758347509387068
-23.76810885374584
-23.777762656978574
-23.787311242453637
-23.79675685971328
-23.806101687540128
-23.81534783686749
-23.824497353543105
-23.833552220954807
-23.84251436252633
-23.85138564409075
-23.86016787614868
-23.86886281601772
-23.877472169879525
-23.885997594729908
-23.89444070023777
-23.902803050517537
-23.911086165820187
-23.919291524146914
-23.927420562789887
-23.93547467980392
-23.943455235412692
-23.951363553352763
-21.93154038128028
-21.98322760371683
-22.03392457771541
-22.083341927739685
-22.131308323139123
-22.17773546241834
-22.22259219105436
-22.26588581463816
-22.307648825095924
-22.347929587032432
-22.3867858709423
-22.424280410054436
-22.460477884831608
-22.495442909191443
-22.529238716397014
-22.561926331397686
-22.593564079511076
-22.624207325941114
-22.653908372070113
-22.682716456607817
-22.710677825276868
-22.737835843704683
-22.76423113594135
-22.789901736489877
-22.814883247591656
-22.839208996227992
-22.862910187211327
-22.88601605008063
-22.90855397845121
-22.930549661116647
-22.952027204643514
-22.97300924749726
-22.99351706593291
-23.01357067200668
-23.033188904136665
-23.05238951067737
-23.071189226985243
-23.08960384644872
-23.10764828594168
-23.125336646138106
-23.142682267100856
-23.15969777953037
-23.17639515203171
-23.192785734731206
-23.208880299547655
-23.224689077398047
-23.240221792594365
-23.255487694666076
-23.27049558782264
-23.285253858251746
-23.29977049943171
-23.314053135620977
-23.328109043673134
-23.34194517331284
-23.355568165996306
-23.368984372468915
-23.382199869122925
-23.395220473249253
-23.408051757269053
-23.420699062023587
-23.433167509194284
-23.445462012918423
-23.45758729066085
-23.469547873396696
-23.48134811515568
-23.49299220197451
-23.504484160299796
-23.515827864880883
-23.527027046188408
-23.538085297391902
-23.54900608092687
-23.559792734679558
-23.57044847781543
-23.580976416275128
-23.591379547960322
-23.601660767629753
-23.611822871524446
-23.62186856173962
-23.63180045035965
-23.64162106337092
-23.651332844366745
-23.660938158057288
-23.670439293596377
-23.67983846773667
-23.689137827823313
-23.69833945463605
-23.707445365088603
-23.716457514793948
-23.725377800503058
-23.73420806242477
-23.74295008643333
-23.75160560617022
-23.76017630504608
-23.76866381814841
-23.777069734060294
-23.78539559659491
-23.79364290645061
-23.801813122790715
-23.809907664752096
-23.817927912886447
-21.729809421002805
-21.78206015384596
-21.834107277077116
-21.885385985069604
-21.935524558831002
-21.984292708213378
-22.031560893323388
-22.07726972841098
-22.12140763445288
-22.16399483514148
-22.205072056522805
-22.244692636878526
-22.28291707409719
-22.319809299105195
-22.355434163761522
-22.38985577906804
-22.423136446080537
-22.45533599792493
-22.486511425180215
-22.516716694899493
-22.54600270031885
-22.57441729716249
-22.60200539573705
-22.62880908737215
-22.65486779036873
-22.680218405275753
-22.70489547260209
-22.728931328384654
-22.75235625466032
-22.775198623027165
-22.79748503027199
-22.81924042558603
-22.84048822926115
-22.861250443004984
-22.88154775217226
-22.901399620306776
-22.92082437644243
-22.939839295636354
-22.958460673211206
-22.976703893174438
-22.994583491264553
-23.01211321305092
-23.029306067487905
-23.04617437629653
-23.06272981951959
-23.07898347756926
-23.094945870060528
-23.11062699169954
-23.12603634547312
-23.141182973364575
-23.15607548480141
-23.1707220830226
-23.185130589536502
-23.199308466825553
-23.21326283944011
-23.227000513611213
-23.240527995500784
-23.253851508197315
-23.266977007555727
-23.279910196971517
-23.29265654117163
-23.305221279097257
-23.317609435947585
-23.329825834447455
-23.34187510539687
-23.353761697555207
-23.365489886908797
-23.37706378536655
-23.388487348924453
-23.39976438533684
-23.410898561329006
-23.421893409383014
-23.43275233412634
-23.443478618350266
-23.454075428683126
-23.464545820941584
-23.474892745181293
-23.485119050466484
-23.495227489377132
-23.505220722270362
-23.51510132131175
-23.524871774291377
-23.53453448823778
-23.54409179284251
-23.553545943707043
-23.56289912542264
-23.572153454493442
-23.58131098211211
-23.590373696796714
-23.59934352689714
-23.608222342978465
-23.617011960088576
-23.625714139916454
-23.634330592847554
-23.642862979921915
-23.65131291470041
-23.65968196504428
-23.66797165481281
-23.676183465483298
-23.68431883769778
-21.529627108794447
-21.580477895830086
-21.632515765253867
-21.684758028160715
-21.736510229276988
-21.787303114229367
-21.836835509342595
-21.884927686715855
-21.9314855017384
-21.976473820465934
-22.01989730285133
-22.061786736521988
-22.10218943881783
-22.14116258689717
-22.178768630803468
-22.21507217682408
-22.2501379029074
-22.284029195206273
-22.316807286194692
-22.34853073976275
-22.37925517461924
-22.409033149709995
-22.437914158164475
-22.46594469234382
-22.493168353880655
-22.51962599058011
-22.545355847680593
-22.5703937249433
-22.59477313383876
-22.618525451068464
-22.641680066041346
-22.664264520889514
-22.686304642275473
-22.707824664700723
-22.728847345333683
-22.74939407057728
-22.769484954724348
-22.78913893112442
-22.808373836324716
-22.8272064876622
-22.845652754780893
-22.863727625534963
-22.881445266717325
-22.89881908002873
-22.91586175367562
-22.932585309957354
-22.94900114917632
-22.965120090178058
-22.98095240780343
-22.99650786751121
-23.011795757407544
-23.026824917898246
-23.04160376916107
-23.056140336617926
-23.07044227457101
-23.08451688815262
-23.098371153725022
-23.112011737854914
-23.12544501497602
-23.138677083843536
-23.15171378287501
-23.164560704464243
-23.177223208347176
-23.189706434092045
-23.202015312780123
-23.21415457793745
-23.226128775773244
-23.237942274775804
-23.249599274712747
-23.26110381507841
-23.272459783027895
-23.283670920834044
-23.294740832900747
-23.30567299236324
-23.316470747303907
-23.32713732660955
-23.337675845494335
-23.34808931071086
-23.358380625469593
-23.368552594086122
-23.378607926373675
-23.388549241797175
-23.39837907340431
-23.408099871547215
-23.41771400740829
-23.427223776341915
-23.4366314010435
-23.445939034556364
-23.455148763126136
-23.46426260891179
-23.473282532561697
-23.482210435662864
-23.491048163070364
-23.499797505124064
-23.508460199759032
-23.517037934515667
-23.52553234845501
-23.53394503398479
-23.542277538600704
-23.55053136654814
-21.33552305767994
-21.38181209475086
-21.431488882020894
-21.48302639452728
-21.53526102034908
-21.58734993728312
-21.638709514730262
-21.688954003762163
-21.737842987528364
-21.785239795390684
-21.831080127995676
-21.875349094783566
-21.918064746595086
-21.95926643601604
-21.9990066832157
-22.037345549783183
-22.07434678969919
-22.110075251287093
-22.144595155380003
-22.17796898447379
-22.21025679585922
-22.24151582716996
-22.27180030192123
-22.301161370190094
-22.32964713900829
-22.35730276071812
-22.38417055718403
-22.410290164552634
-22.435698688051147
-22.460430859697887
-22.484519194181857
-22.507994139843902
-22.53088422286471
-22.553216183580886
-22.575015104413037
-22.59630452927247
-22.61710657456809
-22.63744203210027
-22.657330464229666
-22.676790291766373
-22.69583887505115
-22.71449258870611
-22.73276689052381
-22.75067638494649
-22.76823488156419
-22.78545544903459
-22.802350464800305
-22.81893166095164
-22.835210166556173
-22.851196546750568
-22.866900838865668
-22.882332585832966
-22.897500867099314
-22.912414327257057
-22.927081202578634
-22.941509345628095
-22.955706248106942
-22.96967906207759
-22.983434619695455
-22.99697945156888
-23.01031980385593
-23.023461654197376
-23.036410726576875
-23.049172505191052
-23.061752247405636
-23.07415499586691
-23.086385589832076
-23.098448675776726
-23.110348717332847
-23.122090004606267
-23.13367666291846
-23.14511266101408
-23.15640181877211
-23.167547814455595
-23.178554191532065
-23.189424365094276
-23.20016162790862
-23.210769156116402
-23.221250014611194
-23.23160716211381
-23.241843455964805
-23.251961656652895
-23.26196443209626
-23.271854361692636
-23.281633940152766
-23.291305581130796
-23.30087162066426
-23.31033432043539
-23.31969587086458
-23.32895839404622
-23.33812394653637
-23.347194522000894
-23.356172053732514
-23.3650584170442
-23.373855431546215
-23.382564863313306
-23.391188426948496
-23.399727787549047
-23.40818456258029
-23.41656032366219
-21.154012585602864
-21.19129787111312
-21.234985405221522
-21.283039787978318
-21.333736116365078
-21.385716756990842
-21.437972112093725
-21.48978603810214
-21.540672751264015
-21.59031895310274
-21.638536268199758
-21.685224523845
-21.73034447311532
-21.773898035450916
-21.815914227601894
-21.856439273404497
-21.895529724899152
-21.933247727361703
-21.969657798478764
-22.00482467080352
-22.038811877429115
-22.071680854809163
-22.10349040351212
-22.13429639497947
-22.164151645699505
-22.19310590369195
-22.221205908737627
-22.248495499440487
-22.275015748425183
-22.300805112769215
-22.325899590856835
-22.350332879724586
-22.374136528996893
-22.397340088933923
-22.419971251108063
-22.442055980914514
-22.463618641593968
-22.484682109764123
-22.50526788266667
-22.525396177469407
-22.545086023042455
-22.564355344669025
-22.583221042167317
-22.60169906189834
-22.619804463121746
-22.63755147914119
-22.654953573656584
-22.67202349271353
-22.688773312613097
-22.705214484117562
-22.721357873261432
-22.73721379905182
-22.752792068318538
-22.768102007952027
-22.783152494746787
-22.797951983049
-22.81250853038963
-22.82682982126832
-22.84092318923891
-22.854795637434133
-22.86845385765484
-22.881904248138312
-22.895152930110072
-22.90820576321455
-22.92106835991179
-22.93374609891983
-22.946244137775544
-22.958567424580735
-22.97072070899432
-22.9827085525268
-22.994535338188072
-23.00620527953584
-23.017722429167694
-23.02909068669672
-23.04031380624709
-23.05139540350326
-23.062338962343752
-23.073147841088055
-23.083825278382996
-23.094374398752816
-23.104798217835413
-23.11509964732557
-23.125281499644217
-23.135346492351623
-23.14529725232085
-23.15513631968691
-23.16486615158548
-23.174489125694574
-23.184007543591303
-23.193423633934934
-23.202739555486932
-23.211957399977802
-23.221079194829763
-23.23010690574381
-23.23904243915926
-23.247887644592943
-23.256644316865117
-23.265314198218565
-23.273898980336778
-23.282400306267203
-20.9928337580202
-21.016042487313992
-21.04894974743267
-21.0894351918056
-21.135359860627265
-21.18481682649136
-21.23624806421424
-21.288460716048206
-21.340587374393934
-21.39202514965419
-21.442373893824136
-21.49138277261267
-21.538907765959024
-21.584879501186908
-21.629279661815378
-21.672124045059892
-21.713450573638312
-21.753310910614097
-21.791764654614745
-21.82887536468954
-21.864707873715894
-21.899326504683174
-21.932793916790732
-21.965170388783708
-21.99651340402515
-22.02687744210277
-22.056313910165628
-22.08487116718453
-22.11259460841628
-22.139526787280207
-22.165707558857036
-22.19117423415974
-22.215961737809767
-22.240102764206917
-22.263627929006695
-22.286565913927593
-22.308943603752233
-22.330786214967002
-22.352117415880066
-22.3729594383222
-22.39333318120581
-22.413258306323815
-22.43275332683021
-22.451835688872762
-22.470521846855345
-22.48882733280006
-22.506766820262445
-22.52435418323069
-22.541602550413895
-22.558524355297333
-22.575131382315185
-22.591434809464115
-22.607445247655384
-22.62317277707841
-22.6386269808258
-22.65381697600841
-22.668751442569206
-22.683438649986382
-22.69788648203967
-22.712102459798203
-22.726093762974646
-22.739867249777316
-22.753429475380692
-22.76678670912396
-22.779944950537836
-22.7929099442912
-22.8056871941411
-22.81828197596261
-22.83069934992846
-22.842944171902445
-22.855021104105383
-22.866934625107106
-22.878689039194125
-22.890288485157974
-22.901736944545956
-22.9130382494125
-22.924196089606152
-22.935214019624837
-22.946095465068968
-22.95684372872
-22.967461996269833
-22.97795334172448
-22.9883207325035
-22.998567034255494
-23.00869501540785
-23.018707351468223
-23.028606629093325
-23.038395349939996
-23.048075934312077
-23.057650724615932
-23.0671219886362
-23.076491922642965
-23.085762654340428
-23.094936245666535
-23.104014695452612
-23.11299994195097
-23.121893865238416
-23.130698289502753
-23.13941498521899
-23.148045671221436
-20.858517232970282
-20.86373850168964
-20.88092648078162
-20.90882661856402
-20.945477620370507
-20.98871076718792
-21.036470755729702
-21.087003129432922
-21.13891950255011
-21.1911829707202
-21.24305525251795
-21.294033626763557
-21.343792336889873
-21.39213410364113
-21.438952536288987
-21.4842041375868
-21.5278879887832
-21.570031267141186
-21.61067905530342
-21.649887247383724
-21.68771766158556
-21.724234712063584
-21.759503176197168
-21.793586727825687
-21.826547003668693
-21.858443038963603
-21.88933095703459
-21.91926383183971
-21.948291666726202
-21.976461449655226
-22.003817257156477
-22.03040038773296
-22.05624951140341
-22.081400826279598
-22.10588821604382
-22.129743404281378
-22.152996103089567
-22.17567415440949
-22.19780366323783
-22.219409122363675
-22.240513528605078
-22.26113849073786
-22.281304329447448
-22.30103016971767
-22.320334026114715
-22.33923288144216
-22.357742759242605
-22.375878790609246
-22.39365527575104
-22.41108574073074
-22.42818298976854
-22.44495915347671
-22.461425733363132
-22.47759364291522
-22.49347324555035
-22.509074389695073
-22.524406441233054
-22.539478313541053
-22.554298495313155
-22.56887507635591
-22.58321577152102
-22.597327942927596
-22.61121862061247
-22.62489452173506
-22.638362068452114
-22.651627404567517
-22.664696411053377
-22.67757472053012
-22.690267730785827
-22.70278061740827
-22.71511834559671
-22.72728568121507
-22.739287201142663
-22.751127302974375
-22.762810214117426
-22.77434000032853
-22.785720573731258
-22.796955700350445
-22.808049007197592
-22.819003988938217
-22.829824014170175
-22.840512331339177
-22.85107207431618
-22.861506267659042
-22.87181783157952
-22.882009586634794
-22.89208425816142
-22.902044480468266
-22.91189280080382
-22.921631683112114
-22.9312635115903
-22.9407905940605
-22.950215165166988
-22.95953938940945
-22.968765364022328
-22.977895121709206
-22.98693063324094
-22.99587380992555
-23.00472650595719
-23.013490520651374
-20.721478638146515
-20.734854385703006
-20.738204116279018
-20.748966089668492
-20.771276137992622
-20.80345029424872
-20.843385283108955
-20.888932160700914
-20.938158385212493
-20.98947501773249
-21.04165965608968
-21.093819868968477
-21.14533307006894
-21.195784336809066
-21.244912120236055
-21.292564826622044
-21.33866784585234
-21.38319931782872
-21.42617270294339
-21.467624435894965
-21.507605282407905
-21.546174350611036
-21.58339498602248
-21.61933199373432
-21.654049790918755
-21.68761120853556
-21.720076743931877
-21.75150412477842
-21.78194808628107
-21.81146029284947
-21.840089355998195
-21.8678809147613
-21.894877755124405
-21.921119952187244
-21.94664502385587
-21.971488088450666
-21.99568202114449
-22.01925760592252
-22.042243681001075
-22.064667276510047
-22.086553743842938
-22.107926876487138
-22.128809022420473
-22.14922118833822
-22.16918313608512
-22.188713471730644
-22.2078297277565
-22.226548438833966
-22.24488521166216
-22.262854789322294
-22.280471110580784
-22.29774736454858
-22.314696041076893
-22.3313289772421
-22.347657400245485
-22.363691967027474
-22.379442800871484
-22.394919525249083
-22.410131295136868
-22.425086826015367
-22.439794420741965
-22.454261994472986
-22.468497097794735
-22.4825069382091
-22.496298400106653
-22.509878063348413
-22.5232522205669
-22.536426893287434
-22.549407846961802
-22.56220060499872
-22.574810461867862
-22.587242495348185
-22.59950157798482
-22.611592387813705
-22.623519418408144
-22.63528698829687
-22.64689924979925
-22.65836019731954
-22.66967367513858
-22.680843384738477
-22.69187289169274
-22.702765632151973
-22.71352491895283
-22.724153947375665
-22.734655800574608
-22.745033454701737
-22.755289783745493
-22.765427564102126
-22.77544947889722
-22.785358122073433
-22.79515600225924
-22.804845546432414
-22.814429103391042
-22.823908947043957
-22.83328727953159
-22.84256623418751
-22.851747878350267
-22.86083421603427
-22.869827190468264
-22.878728686508932
-20.564013206586594
-20.589122798218757
-20.607703141972465
-20.615952680233832
-20.620410354664976
-20.636628968735046
-20.66370206612656
-20.699703401607483
-20.74246765622272
-20.789920926178603
-20.840279631133015
-20.892124505847164
-20.944390952930902
-20.99631810322455
-21.047385884711982
-21.097255742824775
-21.145721232019206
-21.19266954859561
-21.238052803760944
-21.281867140014825
-21.324137824435144
-21.364908749288027
-21.404235116894327
-21.442178395336093
-21.478802879783494
-21.514173382299994
-21.548353711024834
-21.581405699055804
-21.61338861417082
-21.64435883064623
-21.67436967978368
-21.70347142066061
-21.7317112901577
-21.759133603672524
-21.785779886639162
-21.811689023117943
-21.8368974120536
-21.86143912485677
-21.885346060115527
-21.90864809275483
-21.93137321601786
-21.953547675376598
-21.975196093982643
-21.996341589610275
-22.017005883269395
-22.03720939980997
-22.056971360926692
-22.076309871019447
-22.095241996384807
-22.113783838214715
-22.131950599866958
-22.149756648853025
-22.167215573964686
-22.184340237934425
-22.201142825997284
-22.21763489069439
-22.233827393231763
-22.24973074168263
-22.265354826297454
-22.280709052163424
-22.295802369434373
-22.310643301332878
-22.325239970108637
-22.33960012112102
-22.35373114519897
-22.36764009941791
-22.38133372642097
-22.394818472400935
-22.40810050384873
-22.421185723165543
-22.434079783226828
-22.446788100979173
-22.459315870143936
-22.471668073095273
-22.483849491974546
-22.49586471909785
-22.5077181667087
-22.51941407612366
-22.5309565263147
-22.542349441968607
-22.553596601060544
-22.56470164197571
-22.575668070210604
-22.58649926468287
-22.59719848367615
-22.60776887044496
-22.618213458501902
-22.62853517660859
-22.63873685348949
-22.648821222286784
-22.658790924772937
-22.66864851533626
-22.678396464753984
-22.68803716376606
-22.697572926462026
-22.707005993492352
-22.716338535115153
-22.725572654087955
-22.734710388413895
-22.743753713950966
-20.400135583203504
-20.427899128006437
-20.454849062932396
-20.47748536809842
-20.49173243997065
-20.495437849993383
-20.50517979271976
-20.526579130080407
-20.558005223622644
-20.5973745500546
-20.642530027834038
-20.69151437066057
-20.742707858871505
-20.794858268591224
-20.847047711437895
-20.898633463436365
-20.949185445665403
-20.998431090761656
-21.046211001425224
-21.09244516149396
-21.137108046160954
-21.180210693306776
-21.221787989666197
-21.261889762115416
-21.300574599846552
-21.33790561561423
-21.37394757394365
-21.408764977908746
-21.44242082507364
-21.47497582838871
-21.506487958310892
-21.537012205143004
-21.56660049069992
-21.59530167961665
-21.623161655550458
-21.650223438055487
-21.676527323331463
-21.702111037284464
-21.72700989303158
-21.751256947584377
-21.774883154277074
-21.797917508788633
-21.82038718750242
-21.84231767756545
-21.86373289843151
-21.88465531495541
-21.90510604229055
-21.9251049429572
-21.94467071651577
-21.96382098231247
-21.982572355774945
-22.00094051872989
-22.01894028419938
-22.03658565611074
-22.053889884329593
-22.070865515398527
-22.087524439336473
-22.103877932826663
-22.11993669909497
-22.135710904755772
-22.151210213878844
-22.166443819509556
-22.18142047285416
-22.19614851032369
-22.21063587861306
-22.224890157976144
-22.238918583843923
-22.252728066919296
-22.266325211870985
-22.27971633473773
-22.292907479144695
-22.30590443142484
-22.318712734730262
-22.331337702211044
-22.343784429332594
-22.356057805396425
-22.368162524324
-22.38010309475801
-22.39188384953129
-22.403508954549125
-22.414982417127266
-22.426308093824293
-22.43748969780408
-22.448530805761155
-22.45943486443911
-22.470205196770088
-22.480845007660943
-22.4913573894498
-22.50174532705511
-22.512011702837235
-22.522159301191493
-22.532190812890047
-22.542108839188586
-22.5519158957129
-22.561614416138948
-22.57120675567963
-22.58069519438981
-22.59008194030103
-22.599369132395903
-22.608558843432267
-20.2394611813442
-20.264400999999342
-20.291568617282277
-20.3193209916867
-20.34478922989027
-20.364074801608858
-20.373300259498595
-20.377167867357823
-20.392407867443467
-20.418640189886382
-20.45397649402567
-20.496257214221426
-20.543391232059967
-20.59356633510115
-20.645332285514616
-20.697596419127215
-20.749574829517574
-20.800729675306822
-20.85070925740978
-20.89929769533739
-20.946375572332663
-20.991890462862695
-21.035835467166375
-21.078233869292028
-21.11912832041003
-21.158573296093085
-21.19662989048609
-21.233362263785068
-21.268835252220747
-21.303112791525727
-21.336256907108755
-21.368327097036822
-21.399379985524725
-21.429469161036135
-21.458645138745435
-21.486955405169695
-21.514444515503477
-21.541154223158216
-21.567123627334034
-21.592389328914894
-21.61698558812508
-21.64094447960125
-21.664296042091113
-21.68706842107821
-21.70928800338864
-21.730979543355616
-21.75216628047031
-21.772870048681195
-21.793111377654036
-21.812909586395577
-21.832282869693863
-21.85124837784958
-21.869822290174973
-21.888019882726436
-21.90585559071791
-21.92334306603888
-21.94049523027411
-21.95732432359509
-21.97384194986574
-21.990059118278147
-22.005986281808603
-22.021633372760146
-22.03700983563513
-22.052124657560515
-22.06698639646912
-22.0816032072224
-22.095982865843947
-22.11013279201802
-22.12406006999388
-22.137771468024308
-22.15127345645538
-22.164572224574396
-22.177673696313576
-22.19058354489861
-22.203307206523554
-22.21584989312652
-22.228216604334374
-22.24041213863881
-22.252441103860978
-22.2643079269571
-22.276016863213144
-22.28757200487278
-22.298977289239073
-22.31023650628734
-22.321353305823415
-22.332331204218995
-22.3431735907531
-22.353883733586596
-22.36446478539456
-22.374919788679293
-22.385251680785263
-22.39546329863543
-22.40555738320713
-22.415536583764307
-22.425403461861496
-22.435160495134216
-22.4448100808889
-22.45435453950495
-22.463796117660454
-22.47313699139214
-20.085558657403617
-20.105937507238906
-20.129337117906793
-20.15543193614191
-20.18314211837706
-20.210279295153033
-20.23343281923372
-20.248528022481683
-20.252759505832067
-20.26147564977445
-20.281952623443043
-20.31261582988104
-20.351404222899298
-20.396154512611098
-20.44488561376444
-20.49594720778202
-20.548056994912546
-20.600271202350264
-20.651926524651994
-20.702577338650975
-20.751939748259232
-20.79984631694773
-20.846211449306228
-20.891005831247256
-20.934237989893333
-20.97594120222659
-21.016164313452304
-21.054965364460024
-21.09240721535681
-21.128554576863742
-21.163472029358157
-21.19722273163275
-21.229867609091198
-21.261464873352235
-21.292069769225158
-21.32173447602908
-21.35050811206708
-21.378436806447912
-21.405563813286804
-21.431929650960157
-21.457572254480425
-21.482527132860934
-21.50682752602097
-21.530504557667403
-21.553587381911427
-21.576103322301076
-21.59807800258827
-21.619535468985276
-21.64049830395849
-21.660987731799178
-21.681023716331037
-21.700625051184762
-21.71980944310528
-21.738593588768914
-21.756993245583594
-21.775023296930296
-21.792697812282547
-21.810030102615865
-21.827032771491872
-21.843717762174414
-21.860096401107857
-21.876179438061506
-21.891977083219178
-21.90749904146956
-21.922754544131116
-21.937752378325175
-21.95250091419203
-21.967008130128093
-21.98128163620622
-21.99532869592714
-22.009156246437005
-22.022770917334082
-22.036179048176876
-22.049386704796273
-22.062399694505206
-22.075223580291464
-22.087863694071768
-22.10032514907862
-22.112612851445466
-22.124731511049994
-22.13668565167061
-22.148479620506446
-22.160117597107075
-22.1716036017546
-22.182941503336902
-22.19413502674812
-22.205187759849434
-22.216103160020417
-22.22688456032924
-22.23753517534744
-22.24805810663322
-22.258456347905454
-22.26873278992855
-22.27889022512733
-22.288931351949298
-22.298858778990404
-22.308675028899465
-22.318382542075124
-22.32798368016819
-22.337480729401538
-19.938553737296445
-19.954541487697774
-19.973307792781473
-19.995077470914595
-20.01978911739803
-20.0468176153942
-20.07461344627054
-20.100412404309864
-20.120374956263827
-20.130560386415
-20.13401152817202
-20.14826416210778
-20.173642240361957
-20.208298182495366
-20.250080598386383
-20.296882624661173
-20.346863972690805
-20.39854337516673
-20.450799741484136
-20.5028256795131
-20.55406515513677
-20.604152971662554
-20.652863538721046
-20.70007062118058
-20.745717107510934
-20.789792949147
-20.832319372057004
-20.873337734015845
-20.912901747771876
-20.951072108927434
-20.987912826161235
-21.02348874896823
-21.057863933699576
-21.0911005938224
-21.123258455314396
-21.154394391229022
-21.18456224695308
-21.21381279408735
-21.2421937694788
-21.269749969034525
-21.296523375182577
-21.322553303358696
-21.34787655749296
-21.372527587711158
-21.396538645748176
-21.419939935174106
-21.442759754656027
-21.465024633257986
-21.486759457318875
-21.50798758881222
-21.528730975334188
-21.549010252021926
-21.568844835799478
-21.5882530124013
-21.60725201664678
-21.625858106442713
-21.64408663098103
-21.661952093580854
-21.67946820960057
-21.696647959819508
-21.71350363966139
-21.730046904604446
-21.746288812096054
-21.762239860264415
-21.77791002369529
-21.79330878651922
-21.808445173033583
-21.823327776064346
-21.837964783254396
-21.85236400144906
-21.866532879334276
-21.880478528469272
-21.89420774284311
-21.90772701707313
-21.921042563352955
-21.934160327248417
-21.94708600243121
-21.959825044432275
-21.972382683490146
-21.984763936562654
-21.99697361856509
-22.009016352892328
-22.02089658127767
-22.032618573036928
-22.044186433742173
-22.05560411336608
-22.066875413934238
-22.078003996720305
-22.088993389015545
-22.099846990502208
-22.110568079257824
-22.121159817415244
-22.131625256501586
-22.14196734247734
-22.152188920495302
-22.162292739397618
-22.172281455967696
-22.182157638952905
-22.19192377287216
-22.2015822616222
-19.797345784565643
-19.809721168844437
-19.82434189016246
-19.841564578863156
-19.861691107638404
-19.88484257260333
-19.91074026308052
-19.938381856762582
-19.965682086413377
-19.98932340344364
-20.005242503543442
-20.010169238329276
-20.017854401489977
-20.037397755758075
-20.067283404737545
-20.105475542888833
-20.149806683075823
-20.198272963983143
-20.249193701209972
-20.301256289926275
-20.353490652618635
-20.405212456248417
-20.4559601394897
-20.50543816062145
-20.553470802386556
-20.59996671223599
-20.644892658662695
-20.68825456715771
-20.730084041265272
-20.77042890034535
-20.809346606663613
-20.846899747124098
-20.88315296493689
-20.91817090885734
-20.95201689330432
-20.9847520528289
-21.016434838480755
-21.047120748913578
-21.076862221002465
-21.105708627235938
-21.13370634298409
-21.160898857905543
-21.1873269136254
-21.21302865536797
-21.238039789143983
-21.26239373885266
-21.286121799601347
-21.30925328490779
-21.331815666400875
-21.35383470529381
-21.375334575354344
-21.396337977399792
-21.416866245543474
-21.43693944554464
-21.456576465687586
-21.475795100653773
-21.494612128863913
-21.513043383763957
-21.531103819514666
-21.54880757152371
-21.56616801223415
-21.583197802556505
-21.599908939303926
-21.616312798962984
-21.632420178106063
-21.64824133072651
-21.663786002754033
-21.679063463985855
-21.694082537648907
-21.708851627789436
-21.723378744669372
-21.737671528332797
-21.75173727049178
-21.765582934867385
-21.779215176110007
-21.792640357412143
-21.805864566916902
-21.81889363301656
-21.831733138627396
-21.8443884345195
-21.856864651773616
-21.869166713431028
-21.88129934539678
-21.893267086651658
-21.905074298823582
-21.916725175165173
-21.928223748979967
-21.93957390153697
-21.950779369509362
-21.961843751970836
-21.972770516980148
-21.98356300778222
-21.994224448651675
-22.004757950403032
-22.01516651558978
-22.025453043412686
-22.03562033435666
-22.045671094573407
-22.055607940026476
-22.065433400413657
-19.660659142205287
-19.670241626377912
-19.681547602766386
-19.694907045178123
-19.710676853401147
-19.72919952717876
-19.75071468820706
-19.7751940030011
-19.80207272420357
-19.829892606630775
-19.85599482222929
-19.876605682179846
-19.887733634217184
-19.89094177591627
-19.904198804515044
-19.92870945533535
-19.962669756413966
-20.00393898069215
-20.050396073741137
-20.100173293141562
-20.151758323661063
-20.204001304215332
-20.25607091037637
-20.307392487363238
-20.35758698125331
-20.406418810518037
-20.45375471100457
-20.49953273176949
-20.543739565790098
-20.58639430363688
-20.627536955763524
-20.667220434863797
-20.705505012578723
-20.742454528956248
-20.77813383545439
-20.812607101791407
-20.845936725049096
-20.87818265660636
-20.90940201716661
-20.939648908741496
-20.968974359648918
-20.997426357734987
-21.025049940520532
-21.051887320482106
-21.077978030384127
-21.10335907831006
-21.128065105377573
-21.1521285414731
-21.175579755993276
-21.198447201736755
-21.220757550894387
-21.242535822639777
-21.263805502199112
-21.284588651529972
-21.30490601190082
-21.324777098762343
-21.344220289357477
-21.36325290354244
-21.38189127829603
-21.400150836385713
-21.418046149641224
-21.435590997263592
-21.452798419571323
-21.469680767558312
-21.48624974861052
-21.50251646870166
-21.518491471362314
-21.534184773692623
-21.549605899665696
-21.564763910947917
-21.57966743544245
-21.594324693744348
-21.60874352367917
-21.622931403081797
-21.63689547095835
-21.650642547161603
-21.66417915069883
-21.677511516780562
-21.690645612709417
-21.703587152699363
-21.716341611708255
-21.728914238359103
-21.74131006701941
-21.753533929101753
-21.765590463643747
-21.77748412722051
-21.789219203238442
-21.800799810655057
-21.8122299121662
-21.823513321898126
-21.834653712639717
-21.845654622646443
-21.85651946204585
-21.867251518871736
-21.87785396475212
-21.888329860274236
-21.898682160047922
-21.908913717487287
-21.91902728932906
-21.929025539904334
-19.527398177126685
-19.534871063268866
-19.54364272780566
-19.553976415781456
-19.566180034323057
-19.580598983603313
-19.597590939652328
-19.617466120983316
-19.640367679481574
-19.666061447202626
-19.693619968150337
-19.721059758767648
-19.745159567191397
-19.76187738205864
-19.767667148568616
-19.774316745195637
-19.792915640755133
-19.822009235835736
-19.859589761403207
-19.90348762443016
-19.95167728936286
-20.002447992722818
-20.05445662228874
-20.106706383772178
-20.15849146860262
-20.209333977532037
-20.25892639968319
-20.307084489643042
-20.353710955044104
-20.398768515165617
-20.44226040029612
-20.484216474906727
-20.524683486946625
-20.56371828875245
-20.60138317277809
-20.637742700531806
-20.67286157988442
-20.706803275044834
-20.73962912624457
-20.771397822123514
-20.80216511444356
-20.831983697638574
-20.860903198868385
-20.888970240555064
-20.916228548872073
-20.94271908976023
-20.968480219760014
-20.993547842982174
-21.01795556838124
-21.041734863496977
-21.064915202232715
-21.08752420521933
-21.10958777199272
-21.131130204678044
-21.152174323187584
-21.172741572145437
-21.192852119882744
-21.212524949924678
-21.231777945430743
-21.25062796706514
-21.269090924771742
-21.28718184391492
-21.30491492622705
-21.322303605978828
-21.339360601761754
-21.35609796424474
-21.372527120239486
-21.388658913382844
-21.404503641719362
-21.4200710924433
-21.435370574037623
-21.450410946026636
-21.46520064654035
-21.479747717871188
-21.49405983018773
-21.508144303555778
-21.522008128403797
-21.535657984557638
-21.549100258958664
-21.56234106216932
-21.575386243761194
-21.58824140667239
-21.60091192061358
-21.61340293459533
-21.625719388643102
-21.63786602476081
-21.649847397198627
-21.661667882076177
-21.67333168640806
-21.684842856574726
-21.69620528627838
-21.707422724020205
-21.718498780132524
-21.72943693339675
-21.740240537275433
-21.750912825784877
-21.761456919032323
-21.77187582844025
-21.78217246167829
-21.792349627322068
-19.39671237596006
-19.40259993862385
-19.409463550579567
-19.417501650113817
-19.426953555627712
-19.43810316122595
-19.45127724288467
-19.46683155711448
-19.485112371371507
-19.506372972511365
-19.530616215713792
-19.55733515006673
-19.585160448779963
-19.611538971919707
-19.632769135558505
-19.644820731034688
-19.647958998936073
-19.6602127113834
-19.683843058166378
-19.717092508512742
-19.757833547304106
-19.803932567419526
-19.853495063733657
-19.904977695356568
-19.957201503839972
-20.009310788554217
-20.060711841905892
-20.11101138664545
-20.159963562401977
-20.207427859928842
-20.25333733119968
-20.297675297890102
-20.34045863552558
-20.38172595164023
-20.421529320455008
-20.45992856339314
-20.49698733417079
-20.532770474497518
-20.567342259921986
-20.600765266499696
-20.633099668365947
-20.66440283259347
-20.694729117458994
-20.724129808248126
-20.75265314445001
-20.780344406085423
-20.807246036703393
-20.833397787487023
-20.85883687178064
-20.88359812278642
-20.907714149599403
-20.931215488451315
-20.954130747225303
-20.976486742132867
-20.998308626016346
-21.019620008129746
-21.040443065510402
-21.060798646222434
-21.080706364856614
-21.10018469073024
-21.11925102925803
-21.137921796971558
-21.15621249065681
-21.174137751062368
-21.191711421608183
-21.2089466024989
-21.225855700618645
-21.24245047555654
-21.258742082085455
-21.274741109390494
-21.290457617319316
-21.30590116990341
-21.321080866378
-21.336005369908655
-21.35068293421441
-21.365121428260554
-21.379328359179073
-21.393310893560724
-21.407075877250193
-21.420629853764044
-21.433979081441
-21.447129549424208
-21.46008699256679
-21.47285690534393
-21.485444554847763
-21.497854992934542
-21.51009306758824
-21.52216343355862
-21.534070562327706
-21.545818751453513
-21.557412133336353
-21.568854683449082
-21.580150228069307
-21.591302451548756
-21.602314903151964
-21.613191003494016
-21.62393405060481
-21.63454722564513
-21.64503359829776
-21.65539613185537
-19.267967156415175
-19.27265880637895
-19.278087657620283
-19.284400157104777
-19.29177488456565
-19.3004283743105
-19.31062012311692
-19.322654408883906
-19.336874124354953
-19.353637587631074
-19.37326254434908
-19.39591274234859
-19.421396317201317
-19.448858011795213
-19.476414589132904
-19.500943783540777
-19.518434278940667
-19.52521962809213
-19.530863333574466
-19.548507366457738
-19.576794605249294
-19.613748139049743
-19.65719843869364
-19.705099476571828
-19.75571075292746
-19.807658474710234
-19.859918728210317
-19.911763780147357
-19.962698987919236
-20.012404541344075
-20.06068741341184
-20.10744418436891
-20.152633388742327
-20.19625546527748
-20.23833847173229
-20.278928037648146
-20.318080373114476
-20.355857454175414
-20.392323745947817
-20.427544005807828
-20.461581841677198
-20.494498795834815
-20.526353792556474
-20.557202835899485
-20.58709887780847
-20.61609180056779
-20.644228474421947
-20.671552863019322
-20.698106157677984
-20.723926927357496
-20.749051275372555
-20.77351299681133
-20.797343732682048
-20.820573118257336
-20.843228924096135
-20.86533718892345
-20.8869223440287
-20.908007329167965
-20.928613700169343
-20.948761728576486
-20.968470493746658
-20.98775796786265
-21.00664109433468
-21.025135860067596
-21.043257362056092
-21.061019868750517
-21.078436876611715
-21.095521162246538
-21.11228483048815
-21.128739358758207
-21.144895638021165
-21.160764010615974
-21.1763543052265
-21.191675869229726
-21.206737598640334
-21.221547965851023
-21.236115045350758
-21.250446537586782
-21.264549791121933
-21.278431823225343
-21.292099339022375
-21.305558749318827
-21.31881618720424
-21.33187752353004
-21.34474838135
-21.35743414940313
-21.369939994711814
-21.382270874362494
-21.394431546529827
-21.406426580800773
-21.41826036784984
-21.429937128512936
-21.441460922303143
-21.4528356554082
-21.464065088206574
-21.47515284233557
-21.486102407342837
-21.496917146949716
-21.507600304952962
-21.518155010789137
-19.140695419753744
-19.144477460642676
-19.14882122112349
-19.153834260885056
-19.15964797613355
-19.166422814662766
-19.174354035740954
-19.18367735180314
-19.194672882868858
-19.20766411664657
-19.22300540862612
-19.24104622640254
-19.262052437680524
-19.286056270523247
-19.31260603749133
-19.34041888681391
-19.36704732308251
-19.388867544248814
-19.40182255649814
-19.405063534340965
-19.4163067627438
-19.439044256083715
-19.471567733612616
-19.511765497949092
-19.55749311203455
-19.60683006992739
-19.658202070367572
-19.710400749451047
-19.76254559001122
-19.81402339563212
-19.864426293239728
-19.913497849478272
-19.96109008841293
-20.007130902914444
-20.0516001272404
-20.094512339830445
-20.1359046879803
-20.17582836779696
-20.214342723366656
-20.251511203767308
-20.2873986288256
-20.32206937208976
-20.35558618374458
-20.388009457897198
-20.419396806614046
-20.449802844013547
-20.4792791125579
-20.507874103996837
-20.535633341721553
-20.56259950136912
-20.58881255362795
-20.614309918210655
-20.639126621498768
-20.663295452856485
-20.686847116363612
-20.70981037594553
-20.732212192733236
-20.754077854076833
-20.775431094038133
-20.79629420545725
-20.816688143862688
-20.83663262360288
-20.85614620663923
-20.87524638447021
-20.893949653664222
-20.9122715854718
-20.93022688997141
-20.947829475180782
-20.96509250154002
-20.982028432145704
-20.998649079087517
-21.014965646212126
-21.030988768612954
-21.046728549119884
-21.062194592039944
-21.07739603437833
-21.092341574749415
-21.107039500169098
-21.12149771090288
-21.135723743528914
-21.14972479236123
-21.16350772936535
-21.17707912268723
-21.190445253905672
-21.203612134108724
-21.21658551888607
-21.22937092232125
-21.241973630060517
-21.254398711528516
-21.266651031355046
-21.27873526007185
-21.290655884133244
-21.30241721531027
-21.31402339950368
-21.325478425017472
-21.336786130331504
-21.347950211408243
-21.358974228566357
-21.369861612950956
-21.38061567262808
-19.014553700747097
-19.017636765596823
-19.02115235227372
-19.0251797257763
-19.02981544142828
-19.035177379042683
-19.041409556108878
-19.048687638672682
-19.05722477003966
-19.06727671410124
-19.079144081369673
-19.093167103657553
-19.109704363209367
-19.12908035724407
-19.151478031615977
-19.17674564883992
-19.20409748132577
-19.23174880569517
-19.25667854439306
-19.274914930104412
-19.282696819004688
-19.287494773417055
-19.304173993431814
-19.33164078794168
-19.367951944703726
-19.41094024432176
-19.45854043091188
-19.508982669678804
-19.560862344224255
-19.613128029459663
-19.66502961758642
-19.716055311751347
-19.76587266569407
-19.814279611272333
-19.861166408791526
-19.906487268653112
-19.950239738875506
-19.992450000802275
-20.033162517097008
-20.072432822240657
-20.11032255317405
-20.146896063419153
-20.18221814988898
-20.216352557892293
-20.249361027950815
-20.281302717904694
-20.312233883214628
-20.342207733235412
-20.37127440579516
-20.39948101971029
-20.42687177705212
-20.45348809557165
-20.479368757748777
-20.504550067207123
-20.529066006249774
-20.552948390393443
-20.576227017268383
-20.598929808292645
-20.621082942251768
-20.642710980411216
-20.66383698312447
-20.68448261812139
-20.704668260803032
-20.724413086954023
-20.743735158329354
-20.76265150159124
-20.781178181071773
-20.799330365825586
-20.817122391416955
-20.834567816861885
-20.851679477119177
-20.868469531496856
-20.884949508313245
-20.901130346125267
-20.917022431811123
-20.932635635770744
-20.9479793444848
-20.963062490652554
-20.977893581109477
-20.99248072270813
-21.006831646329555
-21.020953729177794
-21.034854015496734
-21.048539235836042
-21.062015824982225
-21.075289938660283
-21.088367469102565
-21.10125405957297
-21.113955117927013
-21.126475829281432
-21.138821167860794
-21.15099590808284
-21.163004634939025
-21.174851753722287
-21.186541499149502
-21.19807794392235
-21.209465006766784
-21.220706459987994
-21.23180593657486
-21.24276693688514
-18.889288104774277
-18.891828109860928
-18.894704859354334
-18.897977207101977
-18.90171647264842
-18.906009390359184
-18.910961737875223
-18.916702726285912
-18.92339015582911
-18.931216147123806
-18.94041283615047
-18.95125656513757
-18.96406745258019
-18.979198213757222
-18.997000981892086
-19.017753173460317
-19.04151464016757
-19.06788647028174
-19.095669771589762
-19.122522321130912
-19.14490319938377
-19.158740137669284
-19.16225566733031
-19.17248180036422
-19.194314238456943
-19.226096727330013
-19.265736045237084
-19.3110787319679
-19.360179115486318
-19.411432044812894
-19.46359946298489
-19.515775600469354
-19.56732733255052
-19.617831811521945
-19.667021730393067
-19.71474141933022
-19.760913445634035
-19.805514036672392
-19.848555389299367
-19.89007313148387
-19.93011754031906
-19.968747454546442
-20.006026099675527
-20.042018261079804
-20.076788402172955
-20.110399442214767
-20.142911992355412
-20.17438390818126
-20.204870059163188
-20.23442224510565
-20.263089210609078
-20.290916723289072
-20.317947691877418
-20.34422230765069
-20.369778197796975
-20.39465058297399
-20.418872433879166
-20.44247462345769
-20.46548607263973
-20.487933888379636
-20.509843493379265
-20.531238747293134
-20.552142059491818
-20.572574493641348
-20.592555864469585
-20.612104827155623
-20.631238959810545
-20.649974839526966
-20.668328112469062
-20.68631355845904
-20.70394515049384
-20.721236109600724
-20.73819895541314
-20.754845552820715
-20.771187155020407
-20.7872344432694
-20.80299756361605
-20.8184861608615
-20.833709409983324
-20.848676045232313
-20.863394387095177
-20.8778723672991
-20.892117552018437
-20.906137163429886
-20.919938099749558
-20.933526953873617
-20.946910030733477
-20.960093363467085
-20.973082728498657
-20.985883659611584
-20.998501461091802
-21.010941220012317
-21.023207817723694
-21.035305940609792
-21.047240090163026
-21.059014592429186
-21.070633606867343
-21.082101134667134
-21.093421026561792
-21.104596990172663
-18.764709353517873
-18.7668227417613
-18.76920121363481
-18.771888886417592
-18.77493888389489
-18.77841544415037
-18.782396544370748
-18.786977148683242
-18.79227317831596
-18.79842626008323
-18.80560918771165
-18.814031750748555
-18.82394599828726
-18.835648841633056
-18.84947771121432
-18.865791099965023
-18.88491952266899
-18.907063785833458
-18.932110166552025
-18.95933980505549
-18.987064584696594
-19.012366352968407
-19.031321179088888
-19.04008600055743
-19.04421162445226
-19.059916553046264
-19.086549050187994
-19.12220245449645
-19.16471417578196
-19.21200107630516
-19.262264448278067
-19.31406874245522
-19.36633464243359
-19.41828921611387
-19.469403096259146
-19.519330857142435
-19.567861123782606
-19.614877638903085
-19.660330145479673
-19.70421319870181
-19.746551031678887
-19.787386890211014
-19.8267755987355
-19.864778431640328
-19.901459615119474
-19.936883975285028
-19.971115388250546
-20.004215788799105
-20.036244566142557
-20.067258226171045
-20.09731023549448
-20.126450987868655
-20.154727851409472
-20.18218526754656
-20.20886488151323
-20.23480569040897
-20.260044199272233
-20.284614578705057
-20.3085488197766
-20.331876883467686
-20.35462684299142
-20.376825018070317
-20.398496100762646
-20.41966327277765
-20.440348314449317
-20.4605717056853
-20.480352719296835
-20.49970950716383
-20.51865917970992
-20.537217879163915
-20.555400847072967
-20.573222486513927
-20.590696419425473
-20.607835539457255
-20.62465206070481
-20.6411575626718
-20.657363031774224
-20.673278899675985
-20.688915078721024
-20.704280994704718
-20.71938561720636
-20.73423748768539
-20.74884474552609
-20.763215152199397
-20.777356113695614
-20.791274701368256
-20.80497767131687
-20.81847148242559
-20.831762313163892
-20.844856077246764
-20.85775843824316
-20.870474823213822
-20.883010435452782
-20.89537026640037
-20.90755910679007
-20.919581557085984
-20.931442037263352
-20.94314479597995
-20.954693919182358
-20.966093338187637
-18.64067492727996
-18.642449547991276
-18.644435081449306
-18.64666494393308
-18.64917910091228
-18.652025563267227
-18.655262256400338
-18.65895935209591
-18.66320216548248
-18.668094722896463
-18.67376408652059
-18.68036544950795
-18.68808783451498
-18.69715983212984
-18.707854007166723
-18.720487036896774
-18.735409774799077
-18.752976516842207
-18.773475246777693
-18.796991756795936
-18.82317747278837
-18.850914889702892
-18.877966381852605
-18.90087844701928
-18.915574644331375
-18.919535630620384
-18.928738626221953
-18.949654175053784
-18.98068078473381
-19.019746413933017
-19.064690469435224
-19.113543022582945
-19.164668231059398
-19.21679807949151
-19.26900111565113
-19.320623844008388
-19.371228057214285
-19.420535267445093
-19.468381878048714
-19.51468495974343
-19.55941701009579
-19.602587757348765
-19.64423124923614
-19.68439680164175
-19.723142719039664
-19.760531983798202
-19.79662933381811
-19.83149931393174
-19.865205007203087
-19.89780723874766
-19.929364106096557
-19.959930733515765
-19.98955917827283
-20.01829843838042
-20.04619452651531
-20.073290585501198
-20.099627028281596
-20.125241690626726
-20.15016998856921
-20.17444507520714
-20.19809799337269
-20.22115782196814
-20.243651814680042
-20.265605530411012
-20.287042955198046
-20.307986615674547
-20.328457684321705
-20.348476076872686
-20.368060542301816
-20.387228745865247
-20.405997345670517
-20.424382063247663
-20.442397748579292
-20.46005844002562
-20.477377419555143
-20.494367263664785
-20.511039890345533
-20.52740660242292
-20.543478127575096
-20.55926465530662
-20.574775871132776
-20.59002098820724
-20.605008776605963
-20.619747590461575
-20.63424539312541
-20.64850978051893
-20.66254800282181
-20.676366984631272
-20.68997334371517
-20.70337340847081
-20.71657323419159
-20.7295786182348
-20.742395114175718
-20.755028045025977
-20.76748251558741
-20.779763424006667
-20.791875472590245
-20.80382317793483
-20.815610880422962
-20.827242753130317
-18.517076377952492
-18.518579212863546
-18.52025157440696
-18.522119043506173
-18.524212004750648
-18.526566709794494
-18.529226603826995
-18.53224398241662
-18.535682060618594
-18.539617550499326
-18.54414385276307
-18.549374963343478
-18.55545015681512
-18.562539395916346
-18.57084915444831
-18.58062778729327
-18.592168480667183
-18.60580573548982
-18.621897625230805
-18.640779988134987
-18.662670213189042
-18.68749054507173
-18.714586346482296
-18.74236404759518
-18.768009716563885
-18.787654969369477
-18.797387512985757
-18.801014398259404
-18.815736045750917
-18.841520647961804
-18.876500950750707
-18.91852138308583
-18.96548235525456
-19.015556811659746
-19.067278195884143
-19.119538933694148
-19.17154281963712
-19.222742494979887
-19.272779204549934
-19.321431994576027
-19.368577887373878
-19.414162011173985
-19.45817582324003
-19.50064153444979
-19.541601122194837
-19.581108665327996
-19.61922505145615
-19.656014363166538
-19.691541445051765
-19.725870297183583
-19.759063044442385
-19.791179305094026
-19.822275834399452
-19.8524063560122
-19.88162151996306
-19.909968944372118
-19.93749331094936
-19.964236493453058
-19.990237704699286
-20.01553365224795
-20.040158696086692
-20.064145003884956
-20.08752270097162
-20.110320013295706
-20.132563402398166
-20.15427769195177
-20.17548618578473
-20.196210777542067
-20.216472052291568
-20.236289380474407
-20.25568100465185
-20.27466411952192
-20.293254945682797
-20.311468797609713
-20.329320146293494
-20.34682267696549
-20.363989342307388
-20.380832411517048
-20.397363515574018
-20.413593689021777
-20.429533408558
-20.445192628700088
-20.46058081477046
-20.47570697342518
-20.49057968093
-20.50520710937009
-20.519597050963334
-20.53375694063225
-20.5476938769757
-20.561414641769392
-20.574925718112734
-20.58823330732933
-20.601343344719087
-20.61426151425151
-20.626993262281797
-20.639543810364657
-20.651918167234275
-20.664121140012945
-20.676157344705903
-20.68803121603492
-18.3938303062172
-18.395112967917033
-18.39653320351266
-18.39811080176214
-18.399869109144966
-18.401835789842398
-18.404043769984668
-18.406532414103715
-18.40934899375309
-18.412550522165247
-18.416206043594947
-18.420399478873684
-18.425233133312386
-18.430831955960564
-18.437348573102316
-18.44496895036984
-18.453918165429823
-18.464465009858117
-18.4769226560975
-18.491639890926354
-18.508972700404883
-18.529218702987524
-18.55248801361455
-18.578480011247446
-18.606155962746026
-18.63338188646041
-18.65679567982708
-18.67232738368093
-18.6769036039752
-18.685078001029556
-18.70506521428697
-18.735321198954985
-18.773797840177895
-18.818329384240723
-18.866922631885668
-18.917911257959148
-18.96999704740541
-19.022222441526075
-19.073913128893174
-19.124615151430273
-19.17403852670049
-19.222011492514063
-19.268445447351365
-19.313309032540094
-19.356609418092436
-19.398379008727204
-19.43866611559002
-19.47752847902251
-19.515028818017043
-19.551231809519077
-19.58620207101052
-19.620002843865432
-19.652695163933295
-19.684337369009967
-19.714984837528693
-19.744689884294484
-19.773501761264086
-19.80146672699415
-19.828628159387517
-19.855026694128934
-19.880700376676668
-19.905684819538653
-19.93001335928436
-19.953717209658794
-19.97682560850842
-19.999365957165807
-20.021363951588356
-20.042843704990197
-20.06382786200467
-20.084337704610185
-20.10439325017534
-20.124013342051132
-20.143215733174873
-20.162017163163142
-20.180433429367106
-20.198479452349336
-20.216169336219988
-20.233516424245312
-20.25053335011449
-20.267232085223316
-20.283623982306075
-20.299719815720714
-20.315529818667365
-20.331063717596866
-20.346330764044023
-20.361339764099935
-20.376099105719305
-20.39061678404112
-20.4049004248858
-20.41895730657715
-20.4327943802248
-20.446418288590547
-20.45983538365146
-20.473051742962614
-20.48607318491348
-20.49890528296378
-20.51155337893733
-20.52402259544571
-20.536317847507366
-20.548443853422413
-18.27087190967071
-18.271974578493484
-18.273189898900423
-18.274533334610645
-18.27602301103116
-18.27768026267495
-18.279530309721782
-18.281603097152132
-18.28393433875263
-18.28656681918163
-18.28955202022924
-18.292952151915937
-18.29684268348479
-18.30131547954229
-18.3064826435543
-18.312481135910357
-18.319478129613028
-18.327676821402672
-18.337321894839828
-18.348702790726144
-18.36215096399022
-18.37802376065183
-18.39666168664119
-18.41829749297372
-18.442887411085408
-18.469838404959706
-18.49764925858674
-18.523611139616143
-18.543918336418418
-18.554601855129118
-18.557903557266354
-18.571633439377422
-18.596556825290104
-18.630848720863913
-18.672363031276348
-18.71898522877651
-18.768860500566305
-18.820491246111736
-18.872741281716213
-18.924790681003884
-18.97607366793701
-19.02621780136442
-19.074992270460488
-19.122267169024536
-19.16798285910859
-19.212127591881007
-19.25472147975248
-19.295805178556687
-19.33543198488285
-19.373662374526486
-19.41056026962703
-19.44619052214666
-19.480617248996015
-19.513902760800434
-19.546106902432957
-19.57728667737912
-19.607496066066222
-19.6367859751093
-19.665204273313496
-19.692795883577233
-19.71960290921919
-19.745664779866434
-19.771018406707434
-19.79569834020464
-19.819736925679376
-19.843164453810584
-19.866009304228946
-19.888298081180324
-19.910055740778663
-19.93130570973916
-19.952069995729403
-19.972369289635175
-19.992223060135
-20.011649641031756
-20.030666311814286
-20.04928937192609
-20.067534209209022
-20.08541536297202
-20.10294658211163
-20.12014087868511
-20.13701057730952
-20.153567360732847
-20.169822311896212
-20.185785952780762
-20.201468280308294
-20.216878799542016
-20.23202655441274
-20.24692015617602
-20.261567809788133
-20.275977338371987
-20.29015620592912
-20.304111538440274
-20.317850143484392
-20.33137852849449
-20.344702917758575
-20.357829268264386
-20.37076328447799
-20.383510432138767
-20.396075951146027
-20.40846486760624
-18.148150333171188
-18.14910459902098
-18.150151887096847
-18.151304398713638
-18.15257634674714
-18.153984353522947
-18.155547939651626
-18.157290126954248
-18.159238184866474
-18.161424557576385
-18.163888018923345
-18.166675113934705
-18.16984195965078
-18.173456492667285
-18.177601264037037
-18.18237688786165
-18.187906235387537
-18.194339405965664
-18.201859349332473
-18.210687663978735
-18.221089375948797
-18.23337409715535
-18.24788835858725
-18.26498939261477
-18.284983567077457
-18.3080037665139
-18.333794995198613
-18.36139464683353
-18.388771177034318
-18.412657328890262
-18.428999794466634
-18.43435971384305
-18.441500642819904
-18.460548481455458
-18.49001925975049
-18.527891570658543
-18.57199655349434
-18.6203188026257
-18.67116177107947
-18.723196828816512
-18.77543989456044
-18.82719539383797
-18.877993220833474
-18.927531578110678
-18.97563029333497
-19.02219491235116
-19.06719009019735
-19.110620346371313
-19.152516377872587
-19.192925446207372
-19.23190469674958
-19.269516564198874
-19.30582565058579
-19.340896636940286
-19.374792917222067
-19.407575734624572
-19.439303665420216
-19.47003234150874
-19.499814335258833
-19.52869915307227
-19.556733300185417
-19.583960390556932
-19.61042128368224
-19.636154235812537
-19.66119505703304
-19.68557726845848
-19.70933225577669
-19.732489416755126
-19.75507630129116
-19.777118743256004
-19.798640983840524
-19.81966578641979
-19.84021454315602
-19.860307373687586
-19.879963216327518
-19.89919991223408
-19.91803428303037
-19.93648220234711
-19.954558661749257
-19.972277831486238
-19.989653116480962
-20.006697207945933
-20.023422130987203
-20.039839288529866
-20.05595950187223
-20.071793048150894
-20.087349694975142
-20.102638732467234
-20.11766900292462
-20.132448928301347
-20.14698653568859
-20.161289480958487
-20.175365070721003
-20.189220282730265
-20.202861784864986
-20.21629595279657
-20.229528886448602
-20.242566425342392
-20.255414162915184
-20.268077459889998
-18.02562528763351
-18.02645622024472
-18.027364570646334
-18.028360054688097
-18.029453923572586
-18.030659255839517
-18.031991313857752
-18.03346798084974
-18.035110298782072
-18.036943132944746
-18.038995995992
-18.041304072925968
-18.043909499219563
-18.046862957057307
-18.05022566909302
-18.054071883654093
-18.05849195612966
-18.063596129879343
-18.06951908876866
-18.07642525720003
-18.084514594122833
-18.094028136781933
-18.10525156543613
-18.118513183526236
-18.134169322714303
-18.152564537612154
-18.173945777008843
-18.198301344897104
-18.22509721652345
-18.252922222477014
-18.27917311709271
-18.300113399572158
-18.31172968208609
-18.314879513837496
-18.327609667468696
-18.351658812579725
-18.385247056139267
-18.426240299868752
-18.472510676304495
-18.522176273709416
-18.573708450118247
-18.625942077153486
-18.678033062232835
-18.729396781823777
-18.77964674575985
-18.82854200152033
-18.87594550089925
-18.921792684128437
-18.96606848495904
-19.008790838799392
-19.04999902512553
-19.089745520412183
-19.12809036278712
-19.165097296521637
-19.20083116943197
-19.23535620786725
-19.268734903651048
-19.301027325683425
-19.332290724437847
-19.36257933678499
-19.391944326193943
-19.420433812810934
-19.448092961616236
-19.474964106516712
-19.50108689504192
-19.526498443116303
-19.551233492768695
-19.575324568027586
-19.59880212592847
-19.62169470073428
-19.64402904028729
-19.665830233974265
-19.68712183217024
-19.707925957281528
-19.728263406674166
-19.748153747875506
-19.767615406494112
-19.786665747329643
-19.80532114915011
-19.823597073605555
-19.84150812872995
-19.859068127460084
-19.87629014157464
-19.89318655142894
-19.909769091833876
-19.926048894400207
-19.94203652664387
-19.957742028123523
-19.97317494385829
-19.988344355252938
-20.00325890873752
-20.017926842310732
-20.03235601015948
-20.046553905512077
-20.06052768186854
-20.074284172738835
-20.087829910008626
-20.101171141041284
-20.11431384461584
-20.127263745791538
-17.903264567622333
-17.90399223930508
-17.904784814861376
-17.905650098256388
-17.906597076594096
-17.907636136474206
-17.908779326491334
-17.910040677018927
-17.911436591372635
-17.912986326222192
-17.91471258393748
-17.91664224567623
-17.918807281740627
-17.921245885333644
-17.924003887520744
-17.92713652483563
-17.930710645730677
-17.934807455581453
-17.939525906635495
-17.94498682721734
-17.951337829378318
-17.958758888220387
-17.96746815795291
-17.977726910072672
-17.98984114768442
-18.004154971871568
-18.021026445087607
-18.040769844830688
-18.063539335673195
-18.08912327896845
-18.116632532373686
-18.14413655235542
-18.168465855646875
-18.18559344062491
-18.19190221165317
-18.198007225595653
-18.21610507698485
-18.244776252023417
-18.28202886172544
-18.32569307129008
-18.373732412642596
-18.424420432924947
-18.476397899740697
-18.528653801969895
-18.580470853430974
-18.631362397799926
-18.681014495633367
-18.729238313870965
-18.77593336048331
-18.821060170466232
-18.864620517784154
-18.906643325034374
-18.947174757770238
-18.98627133456358
-19.02399518420205
-19.060410819349922
-19.09558297514114
-19.129575192159017
-19.16244891738728
-19.194262963674852
-19.225073215611836
-19.254932503106865
-19.283890587475607
-19.311994221414263
-19.339287255902857
-19.365810775311658
-19.391603247788428
-19.41670068209898
-19.44113678498025
-19.464943115097004
-19.48814923111919
-19.510782832432735
-19.532869891686687
-19.55443477885316
-19.57550037679553
-19.596088188550894
-19.616218436665992
-19.635910155005245
-19.655181273491326
-19.674048696254747
-19.692528373667365
-19.710635368721846
-19.728383918198865
-19.745787489039383
-19.762858830312474
-19.779610021141995
-19.796052514927762
-19.812197180170767
-19.82805433818654
-19.84363379796713
-19.858944888429928
-19.873996488271153
-19.888797053622593
-19.903354643693135
-19.91767694456039
-19.931771291263356
-19.945644688333534
-19.959303828890278
-19.972755112414585
-19.986004661305955
-17.781042211064243
-17.781682827643742
-17.78237822944478
-17.783134736108348
-17.783959587387148
-17.784861105010116
-17.78584888785255
-17.78693404821057
-17.788129499001023
-17.789450304292252
-17.79091410887528
-17.792541666806947
-17.79435749423612
-17.796390678640886
-17.798675885154797
-17.801254611201262
-17.804176753271122
-17.80750256399924
-17.81130509232094
-17.815673210847432
-17.820715334727737
-17.82656390855897
-17.83338064912671
-17.84136231736037
-17.85074633113682
-17.861814599897695
-17.874892180459604
-17.89033412324672
-17.908488447796014
-17.92961519103474
-17.95373288210019
-17.980363954857992
-18.00818488289049
-18.03469812823184
-18.05624235376366
-18.068771802151264
-18.07194262945542
-18.083665627642475
-18.106827824918913
-18.139697250565618
-18.18015438224406
-18.22605969556197
-18.275504907916694
-18.326930380519496
-18.379141723106162
-18.43127023474803
-18.48271201019088
-18.533066140778757
-18.582081241221086
-18.629612902341087
-18.675591482604236
-18.719998483789272
-18.762849583403806
-18.804182628068876
-18.844049235087546
-18.882508978212716
-18.919625405830246
-18.955463349678066
-18.99008713785346
-19.02355943863104
-19.055940542220124
-19.08728794475189
-19.117656139147428
-19.14709654595872
-19.17565753730325
-19.20338452112116
-19.230320062927117
-19.256504029241437
-19.281973741832008
-19.306764135387873
-19.33090791370359
-19.354435701182098
-19.37737618767405
-19.39975626551458
-19.42160115819995
-19.442934540542726
-19.463778650408752
-19.484154392310945
-19.50408143324112
-19.523578291181437
-19.542662416765918
-19.561350268569576
-19.57965738249524
-19.597598435711586
-19.615187305573325
-19.63243712392873
-19.649360327192614
-19.665968702535217
-19.68227343051069
-19.698285124422824
-19.714013866701052
-19.729469242536947
-19.74466037100976
-19.759595933909875
-19.774284202450765
-19.78873306204336
-19.802950035291396
-19.816942303352334
-19.830716725795796
-19.844279859079816
-17.658937121826888
-17.65950387065695
-17.66011715906353
-17.660782144108786
-17.661504704684468
-17.662291563747523
-17.663150434819865
-17.66409019825395
-17.66512111415632
-17.666255080633398
-17.667505948286156
-17.668889904772612
-17.670425946954584
-17.672136462865126
-17.67404795173465
-17.676191917888243
-17.678605983763205
-17.681335278795448
-17.68443417441034
-17.68796845008313
-17.69201798920155
-17.696680111055574
-17.702073635475482
-17.7083437265236
-17.7156674260081
-17.7242594797821
-17.734377418815956
-17.746323596097277
-17.760439522857553
-17.777083701685278
-17.796577523946773
-17.819095007138436
-17.844465663208677
-17.871871144071505
-17.89948026412912
-17.924223744023358
-17.942110004465015
-17.94942118666476
-17.954598378048352
-17.971736074672094
-17.99959345430153
-18.036210978458257
-18.079420048343955
-18.12716435840704
-18.17768792315056
-18.229600750389615
-18.281864501975218
-18.333739730428878
-18.38472282058435
-18.434487357356655
-18.482835590322683
-18.52966079939991
-18.574919261997398
-18.618609908719172
-18.660759819043065
-18.701414014802907
-18.74062835490535
-18.778464639883047
-18.81498727807601
-18.85026104892488
-18.88434963342955
-18.917314678641425
-18.949215231970435
-18.98010742984289
-19.010044359631944
-19.039076038002637
-19.06724946587056
-19.09460873219091
-19.121195147267297
-19.147047392246133
-19.172201675678327
-19.19669189100292
-19.220549770899755
-19.243805035927423
-19.266485535889075
-19.288617383080673
-19.310225077065017
-19.331331620945114
-19.35195862932857
-19.37212642831335
-19.3918541479086
-19.411159807348586
-19.43006039377558
-19.448571934767298
-19.466709565172362
-19.48448758869738
-19.501919534665173
-19.519018210336956
-19.53579574916396
-19.552263655306565
-19.568432844732463
-19.58431368318021
-19.59991602125039
-19.615249226864556
-19.63032221531131
-19.645143477079714
-19.659721103662942
-19.674062811498786
-19.688175964198976
-19.702067593206145
-17.536932029053702
-17.537435720823428
-17.537979183583907
-17.53856665616755
-17.53920294839459
-17.539893534220194
-17.540644662723384
-17.541463490852262
-17.542358242802013
-17.54333840212298
-17.544414944209564
-17.545600618802236
-17.54691029466656
-17.54836138185012
-17.54997435105464
-17.55177337493328
-17.553787122807925
-17.556049748695603
-17.55860212290047
-17.56149336987535
-17.564782789268687
-17.568542251768594
-17.57285917321083
-17.57784017196341
-17.58361549019473
-17.590344177871806
-17.598219838098373
-17.607476298107617
-17.618391690779585
-17.631287740933853
-17.646517969894433
-17.66443331212412
-17.6853058360595
-17.70918251524876
-17.735639732387856
-17.76343912080125
-17.790188630646842
-17.812307461176644
-17.82572917306137
-17.829093213999613
-17.8398021799947
-17.86206506035788
-17.894200599546828
-17.934106484994096
-17.979633302403023
-18.02884719826274
-18.080157625818384
-18.13234063538991
-18.184502479616903
-18.23601953363803
-18.28647609447828
-18.335610046517044
-18.38326939506948
-18.429379252487422
-18.473917570706202
-18.51689768600661
-18.55835595391113
-18.598343092252414
-18.636918182825102
-18.674144559497396
-18.71008702556681
-18.744810002889587
-18.778376331237343
-18.8108465192688
-18.842278307345982
-18.87272644398267
-18.90224260700007
-18.930875421090168
-18.95867053801489
-18.98567075590765
-19.011916161364194
-19.037444283103206
-19.062290249569827
-19.08648694538712
-19.110065163340714
-19.133053749829262
-19.155479742582255
-19.177368500047084
-19.19874382225641
-19.21962806326107
-19.24004223539194
-19.260006105725047
-19.27953828518792
-19.29865631077609
-19.31737672135737
-19.33571512753501
-19.353686276024927
-19.371304108979945
-19.388581818668513
-19.405531897888277
-19.422166186467287
-19.438495914178723
-19.454531740368843
-19.470283790573408
-19.485761690374336
-19.500974596727165
-19.515931226969617
-19.530639885703412
-19.545108489724516
-19.559344591161633
-17.415012693787617
-17.415462252637866
-17.415945988084236
-17.416467407944438
-17.417030475263722
-17.417639679914195
-17.418300123433514
-17.419017619913006
-17.419798816415614
-17.420651337250803
-17.421583957506073
-17.42260681259757
-17.423731652338663
-17.424972150241697
-17.426344281601736
-17.427866787533198
-17.429561746755592
-17.431455282807836
-17.43357844180205
-17.435968285098635
-17.438669252608527
-17.441734865764737
-17.44522985388747
-17.44923280165895
-17.453839423852
-17.459166565772787
-17.46535698246374
-17.47258482380965
-17.48106146415219
-17.49104071076688
-17.502821231751046
-17.516741801938522
-17.533160999148603
-17.552406575120656
-17.57467103437093
-17.59982289647863
-17.627111941144925
-17.65480451359264
-17.679933492795804
-17.698551279459036
-17.706852046952957
-17.711274682352123
-17.727442519939668
-17.75447213717674
-17.79043919367885
-17.833178611590277
-17.88061555501951
-17.93096493876496
-17.982805885439163
-18.0350723440606
-18.08700225597428
-18.138074633490252
-18.187950245626443
-18.236422161824592
-18.28337723873096
-18.328767354740283
-18.372588496386683
-18.414865829220098
-18.455643182092903
-18.494975720324256
-18.53292489310336
-18.56955498896585
-18.60493082149772
-18.639116205655718
-18.672172984661994
-18.704160438352726
-18.735134954055646
-18.765149876479416
-18.79425547803929
-18.822499008608307
-18.84992479605827
-18.876574377678587
-18.90248664871452
-18.927698018607593
-18.952242568581674
-18.976152206373797
-18.999456815421954
-19.02218439688015
-19.044361203565323
-19.066011865445354
-19.087159506619003
-19.107825853964542
-19.128031337778324
-19.147795184811592
-19.167135504161095
-19.186069366488667
-19.204612877045825
-19.222781242968335
-19.240588835286097
-19.25804924607011
-19.27517534111154
-19.291979308500697
-19.308472703446228
-19.324666489648344
-19.340571077514277
-19.35619635948042
-19.371551742682847
-19.386646179197395
-19.401488194051087
-19.416085911189008
-17.293167298854627
-17.29357013988701
-17.294002503659975
-17.294467311633145
-17.29496785090933
-17.295507829729033
-17.29609144287657
-17.296723449033035
-17.297409262582416
-17.298155062968863
-17.29896792544883
-17.299855978025107
-17.30082859054615
-17.30189660347662
-17.30307260578629
-17.304371273884684
-17.305809786699935
-17.307408336052948
-17.309190756645307
-17.31118530653502
-17.313425637213875
-17.31595200259523
-17.318812768497835
-17.32206629830631
-17.325783305232964
-17.330049773907852
-17.33497055688184
-17.340673730309142
-17.34731571792126
-17.355087005540923
-17.364217860103196
-17.374982636404663
-17.38769965109011
-17.402720666568715
-17.420399014532975
-17.441017789666887
-17.46465069552264
-17.490925601479432
-17.518686753370304
-17.545647054807063
-17.568311042876765
-17.582602897583968
-17.586331525125196
-17.596020145548326
-17.617371698172523
-17.648758398581744
-17.688097827217018
-17.733232530619397
-17.782203958183246
-17.83339079065115
-17.88553924280587
-17.937730087791756
-17.989319540009525
-18.03987672007977
-18.089128477961676
-18.13691500325991
-18.183155993366725
-18.227825729103383
-18.270935119703825
-18.312518969552556
-18.352627055435022
-18.3913179387019
-18.428654719437894
-18.464702159695154
-18.499524766791467
-18.533185546828125
-18.565745223906703
-18.59726178109336
-18.627790221969775
-18.65738248176867
-18.68608743833177
-18.713950988087785
-18.741016162790636
-18.767323270192282
-18.79291004706911
-18.81781181672022
-18.842061645663016
-18.865690496085413
-18.88872737189911
-18.911199457134455
-18.93313224603658
-18.954549664645707
-18.975474183927826
-18.995926924707252
-19.01592775476816
-19.03549537855911
-19.05464741996789
-19.07340049864425
-19.091770300342592
-19.109771641741403
-19.12741853017443
-19.14472421868325
-19.16170125677391
-19.17836153723272
-19.194716339329315
-19.210776368708803
-19.226551794250284
-19.242052282145366
-19.257287027428966
-19.272264783174368
-17.17138597577236
-17.17174829822033
-17.172136248365852
-17.172552273987595
-17.172999118624357
-17.173479864928712
-17.17399798550466
-17.174557402716463
-17.17516255928969
-17.175818501942235
-17.176530980806046
-17.17730656805762
-17.17815280000571
-17.1790783479359
-17.180093224347576
-17.18120903291994
-17.182439272715406
-17.183799709904164
-17.185308833842768
-17.186988418871127
-17.188864218959896
-17.19096682963046
-17.19333276067657
-17.196005774365215
-17.199038556975562
-17.202494806156125
-17.20645183076385
-17.211003769041646
-17.216265525281177
-17.222377484115576
-17.229510944860223
-17.237873948005486
-17.247716596559947
-17.259333845082743
-17.273061598130052
-17.28925816769886
-17.30825695308031
-17.330267639763576
-17.35519567686233
-17.382356317737173
-17.410111448499347
-17.435597608213143
-17.45491916269398
-17.464195056977292
-17.468036673036647
-17.4832254281046
-17.50941356170815
-17.544714786911623
-17.586969903734747
-17.634086936183348
-17.684252194322923
-17.736013824296222
-17.78827768923448
-17.84025866981691
-17.891417987043805
-17.94140324717704
-17.989998070540356
-18.037082690152598
-18.082604439991243
-18.126556258852716
-18.168961325401117
-18.209862224706892
-18.2493133934889
-18.28737590573659
-18.3241139141631
-18.359592255963125
-18.39387487332997
-18.427023801579754
-18.459098550716945
-18.49015575795255
-18.52024902514626
-18.549428880828362
-18.57774282454501
-18.605235424013063
-18.6319484445536
-18.65792099660887
-18.683189691617287
-18.707788799673004
-18.731750404616236
-18.755104553759722
-18.777879400546855
-18.800101339194633
-18.821795130895364
-18.842984021504478
-18.863689850875666
-18.883933154155134
-18.90373325543762
-18.923108354237037
-18.942075605246043
-18.960651191861125
-18.978850393939318
-18.996687650233923
-19.01417661593293
-19.031330215697558
-19.048160692570963
-19.064679653099752
-19.08089810898417
-19.096826515547455
-19.11247480729052
-19.127852430775686
-17.04966043500003
-17.04998745169206
-17.050336817410873
-17.050710594697737
-17.051111086923722
-17.051540872414467
-17.05200284427266
-17.052500256994353
-17.05303678121376
-17.053616568207524
-17.054244326158933
-17.05492541064465
-17.055665932387132
-17.056472886047096
-17.057354304755275
-17.058319446255393
-17.05937901802216
-17.060545450620246
-17.061833230999824
-17.06325931053085
-17.06484360654878
-17.06660962124848
-17.06858520819119
-17.070803524777077
-17.073304219059057
-17.076134911378613
-17.07935304527432
-17.083028196885966
-17.087244944779325
-17.092106406187042
-17.097738527230458
-17.104295145745567
-17.111963671101076
-17.120970841754367
-17.13158723682828
-17.144127697268672
-17.158942013871304
-17.17638542874944
-17.19675110728294
-17.220137834380655
-17.246222555739475
-17.273929533073023
-17.301075798904034
-17.324255470472696
-17.33939421848751
-17.343657767744332
-17.352320304753157
-17.37274889711562
-17.403371941896065
-17.442129639762562
-17.48685843171226
-17.535576019571028
-17.5866304960277
-17.638737987411293
-17.690953360354698
-17.742612224593852
-17.79326813612201
-17.84263659982108
-17.89054975362588
-17.936921706526448
-17.98172294347435
-18.024961858275084
-18.066671642288842
-18.10690108836171
-18.145708207985436
-18.18315584754267
-18.219308714578816
-18.25423139325808
-18.287987050624025
-18.320636623063123
-18.352238334715796
-18.38284744363748
-18.412516142569014
-18.441293563047914
-18.46922584699705
-18.496356260782875
-18.522725334390014
-18.548371013758867
-18.573328818142116
-18.597631997020684
-18.621311683008603
-18.64439703850046
-18.666915394738897
-18.68889238261846
-18.710352054979264
-18.731317000437304
-18.751808448990296
-18.771846369758684
-18.791449561291625
-18.810635734903553
-18.829421591518646
-18.84782289249627
-18.86585452489568
-18.883530561616976
-18.900864316830212
-18.917868397077598
-18.93455474840618
-18.950934699861318
-18.967019003645046
-18.982817872218384
-16.927983674775007
-16.928279793076292
-16.928595485632552
-16.928932499678368
-16.929292779787758
-16.92967849492769
-16.93009206988365
-16.93053622187204
-16.931014003325988
-16.931528852053702
-16.932084650231758
-16.932685794023424
-16.933337276021337
-16.934044783226643
-16.934814813921697
-16.935654817607503
-16.93657336320766
-16.937580342049795
-16.938687213802318
-16.939907305671976
-16.941256177886743
-16.942752071965153
-16.944416462713814
-16.94627474054794
-16.948357057881232
-16.950699382275882
-16.95334481001653
-16.956345206794396
-16.95976325673619
-16.963675015356888
-16.968173071906747
-16.9733704227096
-16.979405120226108
-16.986445654496865
-16.994696770538628
-17.004404888915065
-17.01586122773441
-17.029398699358723
-17.045375031609133
-17.064128597583426
-17.08588501612263
-17.110584653611042
-17.13760560350862
-17.16540316047044
-17.19121859691218
-17.211215647044227
-17.22145064065548
-17.224884835944035
-17.23908578266781
-17.264418977791696
-17.29903904329145
-17.340795082763155
-17.387579454150824
-17.437550422106018
-17.48922510136303
-17.541480910292705
-17.59350922053876
-17.64475303817173
-17.69484645326516
-17.743563361760774
-17.79077716745732
-17.836430510443186
-17.88051317507369
-17.92304627795994
-17.96407110800711
-18.003641337198243
-18.041817639675816
-18.07866401575803
-18.114245315324773
-18.1486256008169
-18.181867095382103
-18.21402953680805
-18.24516981108467
-18.275341776980724
-18.304596219469026
-18.33298088846111
-18.360540592433686
-18.38731732577843
-18.41335041523023
-18.43867667533132
-18.463330566134125
-18.487344348631883
-18.510748235011942
-18.533570531950524
-18.55583777594876
-18.57757486024774
-18.59880515322526
-18.619550608419793
-18.6398318664832
-18.659668349459178
-18.67907834783726
-18.69807910085572
-18.716686870530378
-18.734917009876686
-18.75278402577417
-18.770301636899138
-18.787482827125285
-18.804339894764517
-18.82088449799298
-18.837127696780307
-16.806349750188097
-16.806618715694587
-16.806904895147646
-16.807209776153197
-16.80753500898623
-16.807882428184794
-16.808254077524275
-16.808652238982443
-16.80907946643069
-16.809538624940554
-16.81003293678389
-16.81056603543933
-16.811142029208675
-16.811765576409517
-16.81244197456385
-16.813177266571937
-16.81397836757791
-16.81485321714017
-16.81581096246935
-16.816862179958413
-16.818019144093206
-16.819296155212086
-16.82070994062653
-16.822280147504582
-16.824029950881805
-16.825986806467025
-16.82818338584769
-16.830658741552305
-16.833459761359148
-16.836642985078814
-16.84027687181915
-16.844444618799223
-16.849247637968798
-16.854809780957318
-16.86128233977671
-16.868849688387428
-16.87773506992673
-16.888205293909625
-16.900571666197052
-16.915181809495376
-16.932392419040116
-16.952505823400656
-16.975644305197292
-17.001531531397376
-17.029169147099918
-17.056477224107773
-17.080143157857165
-17.096104512936293
-17.101072093612427
-17.10870339604219
-17.12819779366014
-17.158042521027678
-17.196203164426226
-17.240512074627322
-17.288964232852578
-17.339877379565095
-17.391937324790458
-17.444172608765804
-17.49589779032724
-17.546650466618146
-17.596134480190393
-17.644173675503154
-17.690676395006424
-17.73560919945475
-17.77897787621292
-17.820813939831275
-17.861165154970642
-17.90008895289196
-17.937647905684813
-17.973906652656144
-18.008929845873872
-18.04278080770941
-18.075520683519958
-18.107207936783713
-18.13789807936398
-18.167643561558958
-18.1964937691177
-18.224495090266117
-18.251691026964952
-18.278122332503273
-18.303827163090908
-18.32884123503537
-18.35319798185349
-18.37692870761345
-18.40006273416731
-18.422627540886428
-18.44464889617141
-18.46615098045954
-18.487156500756367
-18.507686796917458
-18.527761940031862
-18.54740082333285
-18.566621246099523
-18.585439991026366
-18.60387289553465
-18.62193491748545
-18.639640195733286
-18.657002105934467
-18.67403331199734
-18.69074581353418
-16.68475358878577
-16.684998600208672
-16.685258808141068
-16.685535485183877
-16.685830038786833
-16.686144028596562
-16.686479186437094
-16.686837439383712
-16.687220936482905
-16.687632079782905
-16.688073560476735
-16.688548401128607
-16.689060005163167
-16.68961221505571
-16.690209380983177
-16.69085644209737
-16.69155902308495
-16.69232354931141
-16.693157384644557
-16.694068997063223
-16.695068158440165
-16.696166186521435
-16.697376239208904
-16.69871367391645
-16.700196488176143
-16.70184586202162
-16.70368682821716
-16.70574910341533
-16.708068122110017
-16.710686326049693
-16.71365477463571
-16.717035156294727
-16.720902295291282
-16.725347258973706
-16.730481168280132
-16.736439781347915
-16.74338882013845
-16.75152977319843
-16.761105402671912
-16.77240317266866
-16.78575289273314
-16.80151140974652
-16.820021434373768
-16.84152332811296
-16.86599042880319
-16.89286106439171
-16.920681682702718
-16.946798959150417
-16.967442813123156
-16.978619379366712
-16.981819607273714
-16.995024533629323
-17.019489622499677
-17.053413252419393
-17.0946553214044
-17.14109407964074
-17.190860372290334
-17.242440266298654
-17.29468239208363
-17.346754165783004
-17.398079950383025
-17.448279959807312
-17.497118084004462
-17.544460686626216
-17.590245560236678
-17.634459224932176
-17.67712065783334
-17.718269797668324
-17.757959514393058
-17.796250056841245
-17.833205255792492
-17.86888996248965
-17.903368352355017
-17.936702831914005
-17.968953364221047
-18.000177082851586
-18.030428103182008
-18.05975746691632
-18.08821317499938
-18.1158402775682
-18.14268099911652
-18.168774883764794
-18.194158950266353
-18.21886784972238
-18.24293402133268
-18.266387843163574
-18.289257776072414
-18.311570499733588
-18.333351040266244
-18.354622889341115
-18.375408114895407
-18.395727463746812
-18.41560045649755
-18.435045475175013
-18.4540798440814
-18.47271990432953
-18.490981082533384
-18.50887795410432
-18.52642430158083
-18.543633168393804
-16.56319084237092
-16.563414643977133
-16.563651909854364
-16.563903733587598
-16.564171321147967
-16.56445600491576
-16.564759259767587
-16.565082721578417
-16.56542820855697
-16.565797745915223
-16.56619359447314
-16.5666182839226
-16.567074651625482
-16.567565888006833
-16.568095589834208
-16.56866782295991
-16.569287196458898
-16.569958950540133
-16.57068906116774
-16.571484365031917
-16.572352709398192
-16.57330313249074
-16.574346081497932
-16.57549367711445
-16.576760035866172
-16.57816166444537
-16.579717944094835
-16.58145172794269
-16.58339008036926
-16.585565195276455
-16.588015539813675
-16.590787281871727
-16.593936073356677
-16.5975292760276
-16.60164873005529
-16.60639417168008
-16.611887393134122
-16.618277180384748
-16.62574491318939
-16.634510373730343
-16.644836611376316
-16.657031345165162
-16.67143984860396
-16.688419840925903
-16.708281952762754
-16.73117044487844
-16.75685340875887
-16.784407217013527
-16.81185365021513
-16.835976553074936
-16.852735286358197
-16.85857460102094
-16.865170114449946
-16.883719500239426
-16.9127714233673
-16.950319653091757
-16.99419454545174
-17.042369467043905
-17.093132095713504
-17.145137724325455
-17.19738815511445
-17.24917644800127
-17.30002384121635
-17.349622191113294
-17.39778680093644
-17.444420063663785
-17.48948448386582
-17.532983148753054
-17.574945830327625
-17.615419219426027
-17.654460135721187
-17.69213085572589
-17.728495936292145
-17.763620088111182
-17.797566783033755
-17.830397371912333
-17.862170555716293
-17.892942099376715
-17.92276471074932
-17.951688030278923
-17.979758693284047
-18.007020438290624
-18.033514242958876
-18.059278474872325
-18.08434904849601
-18.108759582458184
-18.132541553313352
-18.1557244433503
-18.178335880990524
-18.20040177300234
-18.221946428222374
-18.242992672790056
-18.26356195710774
-18.283674454869658
-18.303349154580644
-18.322603944026184
-18.341455688170363
-18.359920300956425
-18.378012811471205
-18.395747424914372
-16.441657767162493
-16.441862723609344
-16.44207965054707
-16.442309491743593
-16.442553285108694
-16.44281217409578
-16.44308742073286
-16.443380420551502
-16.443692719733075
-16.44402603485235
-16.44438227567268
-16.44476357153699
-16.445172302008874
-16.445611132553108
-16.446083056210835
-16.44659144242976
-16.44714009446356
-16.447733317070647
-16.44837599663651
-16.449073696337557
-16.449832769584976
-16.450660495769803
-16.451565243320992
-16.452556666345735
-16.453645942721863
-16.454846063554413
-16.456172186517893
-16.457642068942366
-16.459276600764543
-16.461100462896034
-16.463142943440904
-16.465438952819458
-16.46803028947873
-16.470967220565196
-16.47431045630434
-16.47813361141523
-16.482526257992223
-16.48759767370426
-16.493481359814513
-16.500340311264928
-16.508372799675655
-16.517817954819748
-16.52895947427509
-16.54212396479811
-16.557667116086236
-16.575935376097867
-16.59718271366519
-16.62141355901392
-16.648123903493065
-16.675948988019567
-16.702341182378493
-16.72360282107225
-16.735702009225857
-16.738841372719254
-16.751042595834942
-16.77462671839362
-16.807838707166788
-16.848551806546585
-16.89463180172601
-16.944182813100255
-16.995659884276915
-17.047882531775077
-17.099993772486645
-17.151398893954727
-17.20170386752062
-17.250662289121234
-17.298133265903296
-17.34404958501254
-17.38839438927372
-17.43118443654654
-17.472458259695333
-17.51226788816781
-17.550673119188087
-17.587737596265047
-17.623526160271254
-17.65810309205865
-17.691530976878965
-17.723870000401394
-17.75517754250139
-17.78550797479994
-17.814912595980683
-17.843439658664362
-17.871134455533696
-17.898039442208027
-17.924194381283222
-17.949636496831186
-17.974400632094625
-17.998519405537117
-18.022023362112773
-18.04494111781322
-18.067299496380226
-18.08912365764527
-18.11043721734743
-18.131262358541246
-18.151619934874795
-18.171529566122466
-18.19100972641562
-18.210077825642234
-18.22875028449305
-18.247042603623736
-16.320151126319843
-16.320339283588588
-16.32053811792864
-16.320748447115434
-16.320971168164675
-16.321207266654575
-16.321457827342087
-16.32172404628057
-16.322007244684144
-16.322308884829482
-16.322630588340694
-16.32297415726964
-16.323341598464857
-16.32373515182101
-16.324157323121636
-16.3246109223362
-16.325099108415266
-16.32562544185372
-16.326193946572346
-16.326809183017613
-16.32747633481622
-16.32820131186902
-16.328990873458714
-16.329852775817503
-16.330795949705134
-16.331830714952087
-16.33296904071162
-16.33422486244914
-16.335614469617735
-16.337156981702613
-16.338874935082636
-16.34079500921542
-16.34294892829567
-16.345374584051864
-16.348117436929076
-16.35123226646265
-16.354785356394068
-16.358857213729937
-16.363545928114753
-16.368971267026527
-16.375279549854085
-16.38264920346129
-16.391296584526472
-16.401480994882746
-16.41350652218825
-16.42771592418673
-16.44446754186272
-16.464079491502325
-16.486716555452354
-16.51218901371967
-16.539645298644146
-16.567207351688968
-16.59175813036128
-16.6092881658365
-16.6161257595399
-16.621721110297884
-16.639315103489217
-16.667559930656438
-16.704480366821503
-16.747906947071403
-16.795792609784264
-16.84639531597364
-16.898339669466395
-16.950600332373586
-17.002448416474373
-17.053388395364223
-17.103099808704638
-17.15138916476844
-17.198152719236482
-17.2433487847591
-17.28697765190553
-17.329067282383622
-17.369663246132802
-17.408821718866182
-17.44660465952242
-17.483076527782636
-17.518302083332802
-17.55234494141306
-17.58526665472925
-17.61712615978163
-17.647979473752184
-17.677879562003476
-17.70687632012753
-17.73501663130491
-17.762344471586147
-17.788901044063902
-17.814724928798213
-17.839852239515615
-17.864316781034304
-17.888150203431326
-17.91138215041617
-17.934040400386788
-17.956150999345912
-17.977738385336593
-17.998825504381223
-18.019433918122406
-18.039583903500382
-18.05929454488302
-18.07858381910759
-18.097468673910473
-16.198668110216314
-16.198841245500507
-16.199023933573955
-16.19921688576435
-16.199420880403014
-16.199636770487402
-16.19986549237751
-16.200108075687346
-16.200365654561203
-16.200639480558557
-16.20093093741273
-16.20124155797785
-16.20157304373881
-16.201927287331536
-16.20230639860957
-16.202712734901276
-16.20314893623444
-16.2036179664684
-16.204123161475
-16.204668285759322
-16.20525759922102
-16.205895936144028
-16.206588798986896
-16.207342470154515
-16.2081641456998
-16.20906209587481
-16.21004585868332
-16.211126474155442
-16.212316769065474
-16.213631704370805
-16.215088800918217
-16.216708663140786
-16.21851562579155
-16.220538555507385
-16.22281184746433
-16.225376667835256
-16.22828250528827
-16.231589109028956
-16.235368905554605
-16.23970999791466
-16.244719852159328
-16.25052974971563
-16.257299999395965
-16.26522569589699
-16.27454236452301
-16.285529928468023
-16.298511701772792
-16.313841960198676
-16.33187032318279
-16.352863285343503
-16.37685455698737
-16.40339526212751
-16.43120698725109
-16.457847735170002
-16.479697902245363
-16.49269941765318
-16.495950466700673
-16.50714084736007
-16.5298314718143
-16.56231670242842
-16.602485738605132
-16.648193627689814
-16.697518530947068
-16.7488845362401
-16.801081739122704
-16.85322831711681
-16.904710046121572
-16.955118282067165
-17.004196032398305
-17.05179492587193
-17.09784258196609
-17.142318649944826
-17.1852375862396
-17.22663646044108
-17.266566421782912
-17.305086788714764
-17.342260999136293
-17.37815387139296
-17.412829783919932
-17.44635149584007
-17.478779412645366
-17.510171159130625
-17.54058136273468
-17.57006157932747
-17.598660313821775
-17.626423102315645
-17.653392632569158
-17.679608886740013
-17.705109295326114
-17.729928894806633
-17.754100483969683
-17.777654775670356
-17.80062054199256
-17.823024751644553
-17.844892699009417
-17.866248124674843
-17.88711332753594
-17.907509268740146
-17.927455667851817
-17.94697109167621
-16.077206270884354
-16.07736593364974
-16.077534168337795
-16.07771159594486
-16.0778988943713
-16.078096804751674
-16.078306138615666
-16.078527786005928
-16.07876272470039
-16.079012030712704
-16.079276890275423
-16.079558613547697
-16.079858650334096
-16.08017860815527
-16.08052027307658
-16.080885633780596
-16.081276909466272
-16.081696582276482
-16.082147435101326
-16.082632595784215
-16.083155588979754
-16.08372039718794
-16.08433153283212
-16.084994123676875
-16.085714014419587
-16.08649788796603
-16.08735341075502
-16.08828940757977
-16.089316072729606
-16.090445226028923
-16.0916906245882
-16.093068343943198
-16.094597245916212
-16.09629955520305
-16.098201572628586
-16.100334560512664
-16.102735844937403
-16.10545019111416
-16.10853152145669
-16.11204506067342
-16.116070006081394
-16.120702829385518
-16.126061307497043
-16.132289332359473
-16.139562419305406
-16.148093535931544
-16.158138252062468
-16.169996986158264
-16.1840098273961
-16.200535361889493
-16.219898418241645
-16.242282905632553
-16.26753911932822
-16.294884882207025
-16.32254055408433
-16.34749038239081
-16.365764893080094
-16.373598357984974
-16.378356987952166
-16.394985662496666
-16.42240931744506
-16.458686574894354
-16.501650398787117
-16.549234567346442
-16.599667729104837
-16.651543658000584
-16.703809484656816
-16.755713922887377
-16.80674427047704
-16.85656741327628
-16.904980804731427
-16.951874370408714
-16.997202091462558
-17.040961362486907
-17.083178265085174
-17.123897199751777
-17.163173664823557
-17.201069278932657
-17.23764838935858
-17.27297579479464
-17.30711524753136
-17.340128498314336
-17.372074717096925
-17.4030101724158
-17.43298808703697
-17.462058612117108
-17.49026887944716
-17.517663103549665
-17.544282714005053
-17.57016650445104
-17.595350788980706
-17.61986955968358
-17.64375464119951
-17.66703583964724
-17.689741084332503
-17.711896561364096
-17.733526838803574
-17.754654983310118
-17.775302668464604
-17.795490275098402
-15.955763467840821
-15.955911013788233
-15.956066272911862
-15.956229789231411
-15.95640215529426
-15.956584017430137
-15.956776081677102
-15.956979120477934
-15.957193980262614
-15.957421590052391
-15.957662971244378
-15.957919248763847
-15.958191663804955
-15.958481588421261
-15.958790542276088
-15.959120211921896
-15.95947247304939
-15.95984941623426
-15.960253376815839
-15.960686969672421
-15.961153129818227
-15.961655159944916
-15.962196786275447
-15.96278222440255
-15.96341625716381
-15.964104327080609
-15.96485264648532
-15.965668329213887
-15.966559548692876
-15.967535728458207
-15.968607772679695
-15.96978834622582
-15.97109221630765
-15.97253667094285
-15.974142033573038
-15.975932298384587
-15.977935917499673
-15.980186779517176
-15.982725429159412
-15.985600590138807
-15.988871067509892
-15.992608120495907
-15.996898408875689
-16.001847618265217
-16.007584846872486
-16.014267758068996
-16.02208831001531
-16.031278453142942
-16.042114332776144
-16.054915889773454
-16.070035747710453
-16.08782616467586
-16.108565131673004
-16.13231389330545
-16.15867622096927
-16.186457527928173
-16.213321061522702
-16.23573035084407
-16.249612639270097
-16.253147171695428
-16.263320127936268
-16.2851050711529
-16.316848533825755
-16.356458330841907
-16.401780582848726
-16.450868330551256
-16.50211481914785
-16.554280436739585
-16.60645808591062
-16.65801359126971
-16.708523314201873
-16.757719372669392
-16.805445689533503
-16.851624549902915
-16.896231989832096
-16.939280079694555
-16.980804366625286
-17.0208550786774
-17.059491027471363
-17.096775426334414
-17.132773058491516
-17.16754839181089
-17.20116435422111
-17.23368156810053
-17.265157901684322
-17.29564823773644
-17.3252043894765
-17.353875114697946
-17.381706193767293
-17.408740547591524
-17.43501837897284
-17.4605773259423
-17.485452619312472
-17.509677239260256
-17.533282067559266
-17.55629603334848
-17.57874625120675
-17.60065815091305
-17.622055598688796
-17.64296100999762
-15.834337823101352
-15.834474442393338
-15.834618020521406
-15.834769035646772
-15.83492800747891
-15.83509550165755
-15.835272134679933
-15.8354585794517
-15.835655571552593
-15.835863916323339
-15.83608449689804
-15.83631828332778
-15.83656634296672
-15.836829852322461
-15.837110110609096
-15.837408555285458
-15.837726779914354
-15.838066554742946
-15.838429850482873
-15.838818865864042
-15.83923605965289
-15.839684187969109
-15.840166347911342
-15.840686028720405
-15.841247171979095
-15.841854242684368
-15.842512313448337
-15.84322716461195
-15.84400540371894
-15.844854608635472
-15.845783499662346
-15.84680214733514
-15.847922224325366
-15.84915731204855
-15.850523275387905
-15.852038722525819
-15.853725571451122
-15.85560975053226
-15.857722067903362
-15.860099293594624
-15.862785509570143
-15.865833796091508
-15.8693083374773
-15.87328704442517
-15.877864798902081
-15.883157420980723
-15.889306413941808
-15.89648442295397
-15.904901063818562
-15.91480819257498
-15.926502526984198
-15.940321347863504
-15.956623134244333
-15.975738695149365
-15.99786973234969
-16.02290444738752
-16.05012739262388
-16.07785543085525
-16.10317581277249
-16.12216731702851
-16.130982960855313
-16.13507830465846
-16.150732207061676
-16.17732084951152
-16.212939553791024
-16.255426035888338
-16.302696264622124
-16.352950041322742
-16.404750202320148
-16.45701596747809
-16.50897320288289
-16.560091614109865
-16.610025089466188
-16.65856176154135
-16.705585027878236
-16.7510443946281
-16.794934258153393
-16.837278748021273
-16.8781210452153
-16.917515936204037
-16.95552467582355
-16.99221148319061
-17.0276411856485
-17.06187766594233
-17.094982868866598
-17.127016195628713
-17.158034165141725
-17.188090257417144
-17.21723487955835
-17.245515412693074
-17.27297631075054
-17.299659230848
-17.3256031813
-17.3508446776721
-17.37541790040935
-17.399354849758556
-17.422685495240906
-17.445437918006093
-17.467638445145713
-17.489311775556818
-15.712927683653595
-15.713054424480388
-15.713187459408333
-15.713327210037692
-15.71347413367575
-15.71362872700714
-15.713791530209233
-15.713963131574953
-15.714144172715294
-15.714335354425529
-15.714537443312928
-15.714751279300186
-15.714977784138235
-15.715217971085286
-15.715472955936692
-15.715743969623324
-15.716032372636107
-15.716339671582348
-15.716667538237633
-15.717017831527452
-15.717392622958492
-15.717794226124136
-15.718225231036918
-15.718688544198201
-15.719187435509754
-15.719725593372436
-15.720307189616136
-15.72093695627783
-15.72162027671096
-15.722363294095135
-15.723173041153268
-15.724057595816697
-15.72502626876286
-15.726089830256242
-15.727260785644015
-15.728553711311209
-15.729985666037226
-15.731576696704817
-15.733350462425342
-15.73533500763245
-15.73756372285581
-15.740076541990973
-15.742921437068055
-15.746156285552136
-15.749851199969498
-15.754091422172232
-15.758980888061242
-15.764646548813058
-15.771243462816807
-15.778960492398333
-15.788026044255474
-15.798712486424387
-15.811336315021746
-15.826248280740428
-15.843802779047122
-15.864288318425972
-15.8877919980473
-15.9139678013063
-15.941702393274491
-15.968763575541274
-15.991702515558165
-16.006442851157267
-16.01043171767085
-16.019581237426223
-16.040448685107584
-16.07143549636143
-16.110470808634386
-16.155393710341414
-16.20423303504726
-16.25535134622034
-16.30747906036657
-16.359683375118497
-16.411309721134376
-16.461919079924037
-16.511232372426697
-16.559085582388274
-16.605395489296342
-16.65013439290255
-16.693311890363436
-16.73496194535375
-16.775133822482037
-16.813885797568414
-16.85128083976091
-16.887383684120657
-16.922258879485593
-16.955969517307743
-16.988576433766227
-17.020137738956027
-17.050708570405234
-17.080340998801596
-17.10908403537926
-17.136983705609026
-17.164083164541502
-17.190422836701917
-17.21604056876113
-17.240971786963915
-17.265249653943552
-17.288905221414005
-17.31196757653691
-17.33446398067081
-15.591531590015286
-15.591649378355216
-15.591772873245917
-15.591902447534958
-15.592038504867569
-15.592181482773782
-15.592331856120596
-15.592490140979034
-15.592656898963707
-15.592832742111598
-15.593018338377442
-15.59321441783575
-15.59342177969447
-15.593641300242965
-15.593873941878115
-15.59412076337747
-15.594382931618455
-15.594661734978756
-15.594958598696346
-15.595275102520084
-15.595613001045185
-15.595974247204978
-15.596361019484133
-15.596775753533478
-15.597221179007196
-15.597700362616704
-15.598216758609677
-15.598774268148283
-15.599377309391333
-15.600030900497783
-15.600740758286635
-15.601513415939069
-15.602356363950413
-15.603278219579902
-15.604288931367856
-15.605400026973037
-15.60662491473124
-15.607979252081922
-15.609481397520268
-15.61115296721576
-15.613019523145303
-15.615111426805987
-15.617464901593774
-15.620123357990586
-15.623139048800349
-15.626575136259065
-15.630508267115786
-15.635031761349625
-15.64025951546105
-15.646330682483761
-15.653415078750315
-15.661719006316147
-15.67149062814726
-15.683022935722002
-15.696650273996802
-15.712730685950078
-15.731600268956553
-15.753477242249946
-15.778285670086708
-15.805374190031745
-15.833154100533617
-15.858816928822927
-15.878497386149597
-15.888279916698135
-15.891885569458541
-15.906555735975916
-15.9322957822477
-15.96724058612681
-16.0092350091831
-16.056178645080962
-16.106242976485728
-16.15795982968761
-16.210220148013768
-16.26222650082862
-16.313430580133513
-16.363472926370797
-16.41213207899455
-16.459284704425638
-16.504875686280467
-16.548896317435027
-16.59136870130764
-16.632334747743453
-16.6718484957434
-16.709970812078023
-16.74676577139369
-16.78229821894497
-16.816632161070935
-16.849829732441282
-16.881950563193133
-16.913051421552783
-16.943186044562783
-16.97240509561857
-17.000756205888127
-17.028284069628732
-17.055030572536733
-17.081034938700363
-17.10633388626432
-17.13096178511596
-17.154950812157097
-17.178331101309073
-15.470148249780227
-15.470257906037894
-15.470372748014555
-15.470493106389384
-15.470619338496373
-15.470751830931366
-15.470891002459833
-15.47103730726551
-15.471191238586014
-15.47135333278873
-15.471524173948515
-15.471704398998668
-15.471894703538037
-15.472095848390873
-15.472308667032124
-15.472534074010099
-15.472773074521253
-15.473026775319125
-15.473296397172167
-15.473583289124438
-15.473888944860445
-15.474215021532581
-15.47456336147891
-15.474936017343376
-15.47533528121339
-15.475763718515783
-15.476224207566908
-15.476719985863674
-15.477254704438518
-15.477832491894905
-15.478458030105665
-15.479136644014241
-15.479874408553435
-15.480678276420178
-15.481556231360042
-15.482517472775644
-15.483572638949255
-15.484734078051556
-15.486016178512255
-15.487435773401224
-15.489012637396854
-15.49077009992886
-15.492735804444585
-15.494942651756359
-15.497429975360632
-15.50024500863377
-15.503444717710877
-15.507098088633102
-15.51128897024365
-15.516119578983231
-15.52171475474739
-15.528226991144649
-15.535842095615852
-15.544784963665656
-15.555324190408575
-15.567772764039058
-15.582479358311735
-15.599800034955614
-15.620032889866449
-15.643289262434397
-15.66927096638444
-15.696943301479873
-15.724177656508303
-15.747616791262748
-15.763191367516436
-15.76780428162045
-15.775924934352657
-15.795863460929981
-15.82607888302644
-15.864524408694127
-15.90903407088129
-15.957613486069416
-16.008594747175156
-16.060678059143132
-16.112904491250823
-16.164598635001585
-16.215305700632477
-16.264735097935905
-16.312714632518556
-16.359155402346595
-16.40402584424522
-16.447332992397197
-16.489109164138235
-16.529402617032854
-16.568271061185957
-16.605777201296565
-16.641985710754923
-16.67696121058248
-16.71076695024876
-16.74346397649415
-16.775110639587886
-16.805762331190632
-16.83547137953017
-16.864287049811605
-16.892255613427764
-16.91942046055957
-16.945822238529345
-16.971499003753593
-16.99648637900981
-17.020817710458527
-15.34877651527171
-15.348878768342916
-15.34898574416633
-15.34909773682663
-15.349215063553757
-15.349338066932951
-15.349467117363695
-15.349602615799899
-15.349744996808543
-15.349894731989455
-15.350052333805566
-15.350218359880511
-15.350393417829451
-15.350578170699603
-15.350773343109308
-15.350979728189326
-15.35119819544742
-15.351429699698112
-15.351675291224293
-15.351936127366931
-15.352213485774715
-15.352508779588174
-15.352823574884397
-15.353159610770893
-15.353518822592916
-15.3539033688109
-15.354315662217537
-15.354758406302404
-15.355234637742457
-15.35574777620714
-15.356301682927661
-15.35690072980455
-15.357549881232803
-15.358254791331555
-15.359021919903812
-15.359858671257312
-15.360773561037647
-15.361776417520034
-15.362878625455386
-15.36409342267108
-15.365436262316647
-15.366925257083828
-15.368581726123628
-15.370430870976984
-15.372502613914861
-15.374832640943282
-15.37746370260976
-15.380447238684978
-15.383845407298978
-15.387733613528761
-15.39220364266751
-15.397367500445933
-15.403362027685235
-15.410354253129197
-15.41854720380531
-15.428185372610352
-15.43955800469461
-15.452996393259562
-15.468857838370164
-15.487483071932079
-15.509105613157798
-15.533683411653712
-15.560626570462617
-15.588438624269697
-15.614416234645567
-15.634757140488482
-15.645489732560609
-15.64877924219293
-15.662457215325066
-15.687335359012327
-15.721590959531989
-15.763078484482808
-15.80968267070182
-15.859547276268863
-15.911173082498792
-15.963422405366837
-16.015474070044487
-16.06676132891445
-16.1169110176808
-16.165691804067116
-16.212973414985605
-16.25869595986765
-16.302847519770914
-16.3454480956111
-16.386538272860722
-16.42617130631375
-16.46440764960245
-16.501311216031997
-16.536946857636476
-16.57137869721521
-16.604669054950737
-16.636877787456214
-16.668061911120358
-16.698275419743762
-16.727569233321166
-16.755991233740417
-16.78358635649416
-16.810396716892907
-16.836461755892838
-16.861818395324924
-15.22741536459333
-15.227510863799909
-15.227610673139017
-15.227715054837022
-15.227824291281442
-15.22793868690136
-15.228058570254655
-15.228184296348326
-15.228316249222004
-15.228454844829105
-15.22860053425525
-15.22875380731956
-15.228915196611453
-15.229085282023764
-15.229264695852715
-15.229454128546621
-15.229654335198646
-15.229866142894908
-15.230090459048064
-15.230328280869102
-15.230580706156873
-15.230848945617133
-15.231134336961507
-15.231438361083343
-15.231762660663687
-15.232109061628789
-15.232479597963536
-15.232876540486297
-15.23330243031463
-15.233760117903392
-15.234252808724461
-15.234784116889296
-15.235358128303805
-15.23597947530401
-15.23665342517019
-15.237385985480731
-15.238184029977031
-15.239055449507902
-15.240009333759586
-15.241056190923926
-15.242208214300991
-15.243479607187238
-15.244886980410778
-15.246449840723571
-15.248191193170612
-15.25013828679365
-15.252323540886387
-15.254785698781426
-15.257571267989526
-15.260736319278275
-15.264348732055566
-15.268490986652225
-15.273263609840878
-15.278789365542947
-15.285218222506982
-15.292732974425611
-15.301555039418787
-15.311949247563144
-15.324225023827704
-15.338728776740766
-15.355817791980284
-15.375798869952877
-15.39880604045671
-15.424586622828729
-15.452181905237959
-15.479565644346765
-15.503475610820388
-15.5198596337818
-15.525264987205995
-15.532351934486561
-15.551350522666208
-15.580779983361701
-15.61862037823382
-15.662702742471714
-15.711010543817778
-15.761845668456893
-15.813877895878266
-15.86612175132777
-15.917880539913797
-15.96868330328442
-16.01822761935422
-16.066332870674213
-16.112904293041705
-16.157906330113928
-16.201343360675498
-16.243245990917
-16.283661426385127
-16.322646780582946
-16.360264472807607
-16.396579100793563
-16.431655348626702
-16.465556618057402
-16.498344162988893
-16.53007657207074
-16.56080949039155
-16.590595503742776
-16.619484131799805
-16.647521892676327
-16.67475241265968
-16.70121656293845
-15.10606388550168
-15.106153210755698
-15.10624647746295
-15.106343920030266
-15.106445790479302
-15.10655236005211
-15.106663920989277
-15.106780788502043
-15.106903302962852
-15.107031832342273
-15.107166774924305
-15.107308562336792
-15.107457662939199
-15.107614585616433
-15.107779884034942
-15.107954161426132
-15.108138075972642
-15.108332346885204
-15.108537761272398
-15.10875518192284
-15.10898555613977
-15.109229925792476
-15.109489438778123
-15.10976536212258
-15.110059096990911
-15.110372195928933
-15.110706382718694
-15.111063575305272
-15.111445912343076
-15.111855784020838
-15.112295867960494
-15.112769171152602
-15.11327907909764
-15.113829413578703
-15.1144245008097
-15.115069252100847
-15.115769259681366
-15.11653091094558
-15.117361525178614
-15.118269517817845
-15.1192645985757
-15.120358011365566
-15.121562826034593
-15.122894294542292
-15.124370287593068
-15.126011832035228
-15.127843774822109
-15.129895606274331
-15.132202484082166
-15.134806510193174
-15.13775832550389
-15.141119101689643
-15.144963024042905
-15.14938037002825
-15.154481286943906
-15.160400341038766
-15.16730181459636
-15.175385498914203
-15.18489224193129
-15.1961075276026
-15.209359492433158
-15.225004407735927
-15.24338702281802
-15.264754995501413
-15.289098250021148
-15.315885766677763
-15.343711003722149
-15.369976224539734
-15.390948703526458
-15.402613071606929
-15.405759732593685
-15.418437576819887
-15.44244080945606
-15.475991965480308
-15.516957642040717
-15.563209321874794
-15.61286370032444
-15.664390518542504
-15.716623130833025
-15.768716173033516
-15.820084027498648
-15.870339461820324
-15.919240987017004
-15.966651176720248
-16.012505210312778
-16.05678784554554
-16.099516902174752
-16.14073158641328
-16.180484330935208
-16.218835150334453
-16.25584777912395
-16.291587064580416
-16.3261172385481
-16.35950080216538
-16.391797835934245
-16.423065603164346
-16.453358354080745
-16.482727265545176
-16.511220470820067
-16.538883147526054
-14.984721261632462
-14.984804932122673
-14.9848922138485
-14.984983316853144
-14.98507846661444
-14.985177905420407
-14.98528189388932
-14.985390712651862
-14.985504664215297
-14.98562407503244
-14.985749297801382
-14.985880714025704
-14.986018736869282
-14.986163814344819
-14.986316432881187
-14.986477121321549
-14.986646455412394
-14.986825062853088
-14.987013628986826
-14.987212903227093
-14.987423706329457
-14.987646938637178
-14.987883589451235
-14.988134747701938
-14.988401614130947
-14.988685515230564
-14.988987919233073
-14.989310454498186
-14.989654930713824
-14.99002336340696
-14.990418002360853
-14.990841364656635
-14.99129627320691
-14.991785901833245
-14.992313828167408
-14.9928840959392
-14.993501288566193
-14.9941706164014
-14.994898020547875
-14.99569029684558
-14.9965552445155
-14.997501845061137
-14.998540478444973
-14.999683185364091
-15.000943986756026
-15.002339274615085
-15.003888291969606
-15.005613724682204
-15.007542433850528
-15.009706365298179
-15.012143682240326
-15.01490017887424
-15.018031046270435
-15.021603076700897
-15.025697406063921
-15.03041290079531
-15.035870283700055
-15.042217038283898
-15.049632985757947
-15.058336101808528
-15.068587462622425
-15.080692882039605
-15.094996330004097
-15.111855901316629
-15.131586263498699
-15.154342650475861
-15.179915622130045
-15.20741979153089
-15.234929835474318
-15.259281437033598
-15.276449220230795
-15.282810522069378
-15.288862909500217
-15.306910969397407
-15.335540081975976
-15.372759974082403
-15.416400820082236
-15.464425087102507
-15.515104773458752
-15.567079047321016
-15.619335483132218
-15.6711556508796
-15.722052020558127
-15.771710010851498
-15.819940330360604
-15.866642167220174
-15.911775837971462
-15.955342970837451
-15.997372394076002
-16.037910214827843
-16.077012918106945
-16.114742616152117
-16.151163816564654
-16.18634125703265
-16.220338485612732
-16.25321695980863
-16.28503550474427
-16.31585001815604
-16.345713343372722
-16.374675255007105
-14.863386760696905
-14.86346524233713
-14.863547038756392
-14.863632338601136
-14.863721344079655
-14.863814272144388
-14.863911355795704
-14.864012845521636
-14.864119010889889
-14.86423014231076
-14.864346552992117
-14.86446858111066
-14.864596592227048
-14.86473098197657
-14.864872179071636
-14.865020648657895
-14.865176896072008
-14.865341471056695
-14.865514972497294
-14.865698053754375
-14.865891428679113
-14.866095878412345
-14.866312259085332
-14.866541510560333
-14.866784666373192
-14.867042865068887
-14.867317363155436
-14.867609549942996
-14.867920964584933
-14.86825331569813
-14.868608504013066
-14.868988648593605
-14.869396117275437
-14.869833562105953
-14.870303960732727
-14.870810664890977
-14.871357457391836
-14.871948619326147
-14.872589009588728
-14.873284159316853
-14.874040384451037
-14.874864920400839
-14.875766083778723
-14.876753467409296
-14.877838176404776
-14.879033115117972
-14.880353337365374
-14.881816475613768
-14.883443269041075
-14.885258215756254
-14.887290381272813
-14.889574403872576
-14.892151748028278
-14.895072269660732
-14.8983961713217
-14.90219644002287
-14.906561871816768
-14.9116007874405
-14.91744551580482
-14.924257633707466
-14.932233736510925
-14.94161105424067
-14.952671299625997
-14.965739357862386
-14.981170205646348
-14.999312027725773
-15.02042551369924
-15.044530718498141
-15.071152949141096
-15.098973179283975
-15.125499376759091
-15.147074273907853
-15.159650750018463
-15.162827399471048
-15.174497716161722
-15.197613347821836
-15.230444898066175
-15.270873675942937
-15.316759597272434
-15.366193026427924
-15.417612711256359
-15.469822728168541
-15.521953081716422
-15.573398849799393
-15.62375836208961
-15.672779681488876
-15.720318009094553
-15.766303434067568
-15.810717276126201
-15.853575092843927
-15.894914654586774
-15.934787532787983
-15.97325327625093
-16.01037542264746
-16.046218802542445
-16.080847749119396
-16.114324939714713
-16.146710675994143
-16.17806246685311
-16.208434818544852
-14.742059724333885
-14.742133436170324
-14.7422101960443
-14.742290173760626
-14.742373551072173
-14.742460522699238
-14.742551297451396
-14.742646099463796
-14.74274516956132
-14.742848766765926
-14.742957169964502
-14.743070679756975
-14.743189620507193
-14.743314342622249
-14.743445225089646
-14.743582678306037
-14.743727147236166
-14.743879114946623
-14.74403910656573
-14.744207693728951
-14.744385499578609
-14.744573204397733
-14.744771551970993
-14.744981356781091
-14.745203512167416
-14.745438999595576
-14.745688899212542
-14.745954401893346
-14.746236823022778
-14.746537618300625
-14.7468584019135
-14.747200967482337
-14.747567312274867
-14.747959665270185
-14.748380519782332
-14.748832671496697
-14.749319262954215
-14.749843835742194
-14.750410391928483
-14.75102346662171
-14.751688213972782
-14.752410509475387
-14.753197072106106
-14.754055610707292
-14.754995000108977
-14.756025493875164
-14.757158982330042
-14.75840930677968
-14.759792643733865
-14.76132797662641
-14.763037677247127
-14.764948225094138
-14.76709110042213
-14.76950389619
-14.772231705601877
-14.775328855414655
-14.778861069912557
-14.782908164229422
-14.787567373336909
-14.792957413327443
-14.799223321757234
-14.806541988699312
-14.815127983382158
-14.825238642275794
-14.837176127133045
-14.851281810084274
-14.867914206440068
-14.887395057290977
-14.909899376801706
-14.935258762185878
-14.962658481643702
-14.990272479046704
-15.015036754789255
-15.032961815147212
-15.040324901003581
-15.045458485690034
-15.0625458734848
-15.090360457022333
-15.12694446174787
-15.170129415284448
-15.217858013365435
-15.268372742735172
-15.320282004430219
-15.372546025465534
-15.424424191087335
-15.475411991019335
-15.525182350734575
-15.573537047928935
-15.62036903263553
-15.665634356535007
-15.709331799313306
-15.751488342470765
-15.792148946898614
-15.8313694362042
-15.869211593186673
-15.905739820329348
-15.941018899106554
-15.975112517661142
-16.008082333365792
-16.039987405797167
-14.62073955935844
-14.620808879098382
-14.620881006356356
-14.620956094302718
-14.6210343066611
-14.621115818589908
-14.621200817650607
-14.62128950487266
-14.621382095926243
-14.621478822415344
-14.621579933305515
-14.621685696502455
-14.621796400599843
-14.621912356817376
-14.622033901152905
-14.622161396776013
-14.622295236694278
-14.622435846728171
-14.622583688835807
-14.62273926483509
-14.622903120578162
-14.623075850641582
-14.623258103605945
-14.623450588010419
-14.62365407908197
-14.623869426355638
-14.624097562322238
-14.624339512263449
-14.624596405462652
-14.62486948801378
-14.62516013749124
-14.625469879793139
-14.62580040852954
-14.62615360739963
-14.626531576089494
-14.626936660329505
-14.627371486881772
-14.627839004389745
-14.6283425312216
-14.628885811686075
-14.629473082306534
-14.630109150222093
-14.630799486264303
-14.63155033586037
-14.632368851673677
-14.633263252853375
-14.63424301698434
-14.635319112380653
-14.636504280345118
-14.637813379546273
-14.639263807897889
-14.640876021457931
-14.642674175131068
-14.644686916636928
-14.646948373592492
-14.649499383915316
-14.652389032192916
-14.655676568869753
-14.659433803801981
-14.66374807760991
-14.66872591587482
-14.674497446987072
-14.681221583046412
-14.689091763694588
-14.698341629856127
-14.709249117517707
-14.722135775685446
-14.737355039541306
-14.75525798099371
-14.776117267506649
-14.79998130744151
-14.826429227116623
-14.854227028629772
-14.880988147635346
-14.903136117091691
-14.91660373320474
-14.919982549997288
-14.930638491448114
-14.95285417122445
-14.984951052731432
-15.024827793450891
-15.070334513688724
-15.11953605060814
-15.170840249978014
-15.223021613859125
-15.275185077669788
-15.32670597678908
-15.377167826811208
-15.426307944621836
-15.473973933953962
-15.520090629167374
-15.564635793901603
-15.607622640092956
-15.649087443924728
-15.689080875224844
-15.727661989376411
-15.764894108545379
-15.800842034199924
-15.835570192857784
-15.869141433088403
-14.499425730191927
-14.499490998988529
-14.499558857980977
-14.499629445617385
-14.499702909690125
-14.499779408100306
-14.499859109695983
-14.499942195192267
-14.500028858182594
-14.50011930625158
-14.500213762201227
-14.500312465403832
-14.50041567329671
-14.500523663035882
-14.500636733328296
-14.500755206464778
-14.500879430579175
-14.501009782162715
-14.501146668866921
-14.50129053263331
-14.501441853193892
-14.501601151993247
-14.501768996590796
-14.501946005611229
-14.50213285432191
-14.502330280929026
-14.50253909369948
-14.50276017903363
-14.50299451063553
-14.503243159953058
-14.503507308091
-14.503788259437155
-14.504087457285864
-14.504406501797105
-14.504747170694108
-14.505111443181535
-14.50550152766237
-14.505919893949411
-14.506369310811726
-14.506852889874338
-14.507374137109368
-14.507937013429675
-14.508546006235747
-14.509206214190982
-14.50992344803278
-14.510704350896605
-14.511556542475985
-14.51248879241282
-14.513511229673869
-14.514635596403659
-14.515875556958262
-14.517247075654652
-14.518768880388894
-14.520463033896586
-14.522355640306234
-14.524477722060265
-14.526866311540692
-14.529565813051338
-14.532629704136856
-14.53612265989802
-14.540123197965448
-14.544726950263376
-14.550050660117886
-14.556236958086476
-14.563459844474762
-14.571930518943178
-14.581902595217075
-14.593674548518178
-14.60758500729538
-14.623992543737057
-14.643225221167269
-14.66547647123925
-14.690616788884839
-14.717899431391135
-14.745595773585077
-14.770744063432698
-14.789399217592154
-14.797751175034975
-14.802139242774253
-14.818256278824508
-14.845242378635618
-14.881175114427508
-14.923889655845992
-14.97131023867742
-15.021650274204564
-15.073487272642913
-15.125753728406027
-15.177686392122649
-15.228763359291497
-15.27864472157479
-15.327123062669173
-15.374084899022698
-15.419481875822985
-15.463309823357124
-15.505593805448946
-15.546377587399117
-15.585716297430013
-15.623671365773214
-15.6603070742863
-15.695688238049195
-14.37811775229551
-14.378179278900513
-14.378243198950038
-14.378309637831265
-14.378378729224709
-14.378450615769076
-14.37852544978891
-14.378603394091902
-14.378684622843537
-14.378769322527754
-14.378857693003395
-14.378949948667426
-14.379046319737444
-14.379147053667564
-14.37925241671371
-14.379362695666513
-14.379478199772555
-14.379599262867591
-14.379726245748774
-14.3798595388168
-14.379999565023455
-14.380146783165367
-14.38030169157089
-14.380464832234392
-14.380636795460601
-14.380818225091781
-14.381009824402174
-14.381212362758168
-14.381426683159077
-14.381653710793056
-14.381894462766024
-14.38215005918934
-14.38242173584544
-14.382710858690755
-14.383018940503689
-14.383347660043942
-14.383698884160452
-14.384074693371646
-14.384477411547127
-14.384909640449234
-14.38537430005164
-14.385874675748315
-14.386414473808674
-14.386997886736333
-14.387629670564925
-14.38831523659491
-14.38906076066655
-14.389873313809122
-14.390761019048695
-14.391733240352139
-14.392800811205678
-14.393976312265675
-14.395274409996823
-14.39671227138059
-14.398310073825105
-14.40009163456967
-14.402085190425764
-14.404324366928531
-14.406849386158367
-14.409708574760462
-14.412960247778548
-14.416675058665339
-14.420938918156246
-14.425856587616314
-14.431556031307679
-14.438193537203126
-14.445959429784708
-14.45508379130195
-14.465840779689
-14.47854853204898
-14.493558713149323
-14.511224766007173
-14.531830333321732
-14.555450465920298
-14.581715649875605
-14.609474365568545
-14.636444966079123
-14.659136556983173
-14.673473131358916
-14.677225439090725
-14.686860721624125
-14.708164457913512
-14.739511724942773
-14.778821214294254
-14.823935105844283
-14.872893587260478
-14.924073740191151
-14.976220217390068
-15.028412452367764
-15.080005596695006
-15.130567969479763
-15.17982583716002
-15.227618975604184
-15.273866795287837
-15.318543382321607
-15.36165951705278
-15.403249921347522
-15.44336432178403
-15.482061251791668
-15.519403798731123
-14.256815186458223
-14.25687325083602
-14.25693353019098
-14.256996138296568
-14.257061196303656
-14.257128833320253
-14.257199187044924
-14.257272404459602
-14.257348642588262
-14.257428069328641
-14.257510864365168
-14.257597220172213
-14.257687343118008
-14.25778145468088
-14.257879792790996
-14.257982613312604
-14.258090191683689
-14.258202824732432
-14.258320832692457
-14.258444561441955
-14.25857438499549
-14.25871070828136
-14.258853970242335
-14.259004647303298
-14.25916325725588
-14.259330363618096
-14.259506580536017
-14.259692578305385
-14.259889089603728
-14.260096916538611
-14.260316938635496
-14.260550121909912
-14.260797529193951
-14.261060331917447
-14.261339823580446
-14.261637435197434
-14.261954753046453
-14.26229353912025
-14.26265575475418
-14.263043588000274
-14.26345948543252
-14.263906189210477
-14.264386780403091
-14.264904729790695
-14.265463957631043
-14.266068904208733
-14.266724613403849
-14.267436832037898
-14.268212128411996
-14.269058034281578
-14.269983215562245
-14.270997678395632
-14.27211301890365
-14.273342727128705
-14.274702558430139
-14.276210989152146
-14.277889777905433
-14.279764659566313
-14.28186620637988
-14.284230899652284
-14.286902466656544
-14.289933550549257
-14.29338779571358
-14.297342445136344
-14.301891555658068
-14.307149931324004
-14.313257834284446
-14.320386416429498
-14.328743545551442
-14.338579132188526
-14.350187936691807
-14.363905710589274
-14.380090743105027
-14.399076709051094
-14.421074154603197
-14.445990397725252
-14.473144031539777
-14.50090186397974
-14.52640586940541
-14.545763329840101
-14.555089616970694
-14.558905712770216
-14.574043199117513
-14.600187107333705
-14.63545321196555
-14.677682685281425
-14.724782697710058
-14.774938083341192
-14.826695372140955
-14.878958953569937
-14.93094249418998
-14.982106276229938
-15.032097210338797
-15.080698416905504
-15.127789778166365
-15.173318387203297
-15.217277021080474
-15.259688752873629
-15.300596101411015
-15.340053464459508
-14.135517633815184
-14.135572490296406
-14.135629399574931
-14.135688465074532
-14.135749796796034
-14.135813511824121
-14.13587973488017
-14.1359485989259
-14.136020245823257
-14.136094827056551
-14.136172504523653
-14.136253451403851
-14.136337853110959
-14.13642590834133
-14.1365178302277
-14.136613847611182
-14.136714206445415
-14.13681917134867
-14.136929027321973
-14.137044081653723
-14.137164666034177
-14.137291138906551
-14.137423888085277
-14.137563333676503
-14.137709931341167
-14.137864175947001
-14.138026605663088
-14.138197806558894
-14.138378417779586
-14.138569137381069
-14.138770728921905
-14.138984028925517
-14.139209955345452
-14.13944951718941
-14.13970382548531
-14.1399741058055
-14.140261712604847
-14.140568145676019
-14.140895069082918
-14.141244333003064
-14.141617998994706
-14.14201836930813
-14.142448020987688
-14.142909845667214
-14.143407096153986
-14.14394344113476
-14.14452302963345
-14.14515056721904
-14.145831406424172
-14.146571654414625
-14.14737830168059
-14.148259376444328
-14.1492241306505
-14.150283264895606
-14.151449201553108
-14.152736417777948
-14.15416185317731
-14.155745410900824
-14.15751057596213
-14.159485181025236
-14.161702357968903
-14.164201723556532
-14.167030859635014
-14.170247162249389
-14.173920148833192
-14.178134325356131
-14.182992719441783
-14.188621167182552
-14.195173372750903
-14.202836586309102
-14.211837363325133
-14.22244608628754
-14.23497741330894
-14.249781026910847
-14.267212255981802
-14.287564765449702
-14.310938603368294
-14.337013207999753
-14.364716939185842
-14.391872228466342
-14.415077967597702
-14.430260194396725
-14.434556268902545
-14.443165184984984
-14.463545365524123
-14.494128208821156
-14.532855169913555
-14.577562426156273
-14.62626646924192
-14.677313803765449
-14.729418981516897
-14.781635507427145
-14.833297905199151
-14.883958908915453
-14.933333423566173
-14.98125316089327
-15.027631933803253
-15.072440025938212
-15.115685697539453
-15.157402054171996
-14.01422473149147
-14.014276611531784
-14.014330396729711
-14.014386181266122
-14.014444065197823
-14.014504154901724
-14.014566563558548
-14.014631411680176
-14.014698827685123
-14.014768948527248
-14.014841920383363
-14.014917899406122
-14.014997052549342
-14.015079558473786
-14.015165608542487
-14.015255407915804
-14.015349176757779
-14.01544715156683
-14.015549586645605
-14.015656755726761
-14.015768953773827
-14.015886498978881
-14.016009734981905
-14.01613903334023
-14.016274796280618
-14.016417459771366
-14.016567496957398
-14.016725422007907
-14.016891794433786
-14.017067223941119
-14.01725237589762
-14.01744797750146
-14.017654824756741
-14.017873790377486
-14.018105832762911
-14.018352006211726
-14.018613472573017
-14.018891514567088
-14.019187551052664
-14.019503154568847
-14.019840071543085
-14.020200245632795
-14.020585844761378
-14.020999292523072
-14.021443304770713
-14.02192093237219
-14.022435611333666
-14.02299122175072
-14.023592157375878
-14.024243407999881
-14.024950657356278
-14.02572039990334
-14.02656008065042
-14.02747826322555
-14.028484832688772
-14.029591241260896
-14.030810807262679
-14.032159080275587
-14.033654289008206
-14.035317892788138
-14.037175263246622
-14.039256529907286
-14.041597632326484
-14.044241632396686
-14.047240353438266
-14.050656427249425
-14.054565844635958
-14.059061114868568
-14.06425513573419
-14.07028583919285
-14.077321570009563
-14.085566902520988
-14.095268066019722
-14.10671608336203
-14.120243707843354
-14.136208628522189
-14.15494945994653
-14.176692618197828
-14.201380235458853
-14.228393608408819
-14.256192838860681
-14.28202467917603
-14.302056149538428
-14.312340658990312
-14.315758378955705
-14.329907616160193
-14.355195892385485
-14.389780039758332
-14.43150966235855
-14.478276343680305
-14.52823690335517
-14.57990683811527
-14.632162074374646
-14.684192746337857
-14.735440899099885
-14.785539908522743
-14.834263156094442
-14.881483683971283
-14.927143883443025
-14.971233371487154
-13.892936148783681
-13.892985263383126
-13.893036148507663
-13.893088890066718
-13.893143579229996
-13.893200312817674
-13.893259193724695
-13.893320331382572
-13.893383842262564
-13.89344985042447
-13.893518488115834
-13.893589896426894
-13.893664226007266
-13.893741637851074
-13.893822304158084
-13.893906409279312
-13.893994150756706
-13.894085740467668
-13.894181405886663
-13.894281391477707
-13.894385960233445
-13.89449539537863
-13.89461000225827
-13.89473011043358
-13.894856076012156
-13.8949882842426
-13.895127152408264
-13.89527313305994
-13.89542671763338
-13.89558844050457
-13.895758883543909
-13.895938681240294
-13.896128526477401
-13.896329177058162
-13.896541463089322
-13.896766295357132
-13.897004674847768
-13.897257703593288
-13.897526597056228
-13.897812698304953
-13.898117494278772
-13.898442634498501
-13.89878995264689
-13.899161491526913
-13.899559532007896
-13.899986626694359
-13.900445639205849
-13.900939790145234
-13.901472711067008
-13.902048508047804
-13.902671836823606
-13.903347991911305
-13.904083012701005
-13.904883810222078
-13.905758319191639
-13.906715681102481
-13.907766465567942
-13.908922939002826
-13.910199392097338
-13.911612540580899
-13.913182017658672
-13.914930981461039
-13.916886867142543
-13.9190823211965
-13.921556365395304
-13.924355849689084
-13.927537267226786
-13.93116901944457
-13.935334232242067
-13.9401342295126
-13.945692754696704
-13.952160968223309
-13.959723086990392
-13.96860217290803
-13.979064839268343
-13.991422206217932
-14.006021778378042
-14.023220314711056
-14.043320597325426
-14.066446091219714
-14.092322834767513
-14.119956433258286
-14.147272293914936
-14.170962764807404
-14.186966306322768
-14.19197518840853
-14.199552617735542
-14.218998029319897
-14.24880179572477
-14.286930902651672
-14.33121754447156
-14.379655547946557
-14.430561079189722
-14.482618362536279
-14.534854554855723
-14.586583105641974
-14.637340769421094
-14.686830772138233
-14.734876519296012
-14.781386047846627
-13.771651583804795
-13.77169812563448
-13.771746315015772
-13.771796230441312
-13.771847955122158
-13.771901577331352
-13.771957190776957
-13.772014895007471
-13.772074795852854
-13.772137005904785
-13.772201645040182
-13.772268840992465
-13.7723387299756
-13.772411457366545
-13.772487178452417
-13.77256605924945
-13.772648277401705
-13.772734023168544
-13.772823500510897
-13.772916928287833
-13.773014541576309
-13.77311659312875
-13.773223354985088
-13.773335120258178
-13.773452205114086
-13.773574950971861
-13.773703726950858
-13.773838932597805
-13.773981000930554
-13.774130401840996
-13.774287645906085
-13.774453288663553
-13.774627935417737
-13.774812246651475
-13.775006944132375
-13.775212817816364
-13.775430733668799
-13.775661642544028
-13.775906590288855
-13.776166729264776
-13.77644333151911
-13.77673780387748
-13.777051705281343
-13.77738676675603
-13.777744914470023
-13.778128296437622
-13.778539313529052
-13.778980655589246
-13.779455343635313
-13.77996677931119
-13.780518803036335
-13.78111576260674
-13.781762594407704
-13.7824649199005
-13.783229160677068
-13.784062676174273
-13.78497392914862
-13.785972685294004
-13.787070255016765
-13.788279787464539
-13.789616629566254
-13.791098766242893
-13.792747362294861
-13.79458743200724
-13.796648669521693
-13.798966481799177
-13.80158327678667
-13.804550072252587
-13.807928505214957
-13.811793336369794
-13.816235554485552
-13.821366183648728
-13.827320863457691
-13.83426517274176
-13.842400431415737
-13.851969211661666
-13.863258781563278
-13.876598786130707
-13.892346018588235
-13.91084339889248
-13.932332025260326
-13.956786901751364
-13.983649424633027
-14.01147072832355
-14.037602992490365
-14.058279761649082
-14.069504890610647
-14.072697674918528
-14.085850478161039
-14.110269970148915
-14.144156887607334
-14.185371760559002
-14.231792148266525
-14.28154748535951
-14.333122221027143
-14.385363476303947
-14.437437406688026
-14.488767391758438
-14.538972912289807
-14.587817328925626
-13.65037076052937
-13.650414905805196
-13.650460586129915
-13.650507873333002
-13.650556843484354
-13.650607577197487
-13.650660159958257
-13.650714682481583
-13.650771241098944
-13.650829938179676
-13.650890882589511
-13.65095419019012
-13.65101998438392
-13.651088396708863
-13.651159567488497
-13.651233646543236
-13.65131079396949
-13.651391180994114
-13.651474990912615
-13.651562420120536
-13.651653679248781
-13.651748994414906
-13.651848608604077
-13.651952783195242
-13.652061799650086
-13.652175961384895
-13.652295595848148
-13.65242105682998
-13.652552727033411
-13.652691020941608
-13.652836388020534
-13.652989316302337
-13.653150336401756
-13.653320026025986
-13.653499015048048
-13.65368799122504
-13.65388770665591
-13.654098985089316
-13.654322730210795
-13.654559935060858
-13.654811692762314
-13.65507920876701
-13.655363814870542
-13.655666985289692
-13.655990355153069
-13.656335741823135
-13.656705169549939
-13.657100898057193
-13.657525455784123
-13.657981678657247
-13.658472755452161
-13.659002281035281
-13.659574319060916
-13.660193476054642
-13.660864989258664
-13.661594831172765
-13.66238983442732
-13.663257841512692
-13.664207885015147
-13.665250405440418
-13.666397515530326
-13.667663322307169
-13.669064321058778
-13.67061987928408
-13.672352833477143
-13.674290227800743
-13.676464231482104
-13.678913281438074
-13.681683508385463
-13.684830518385342
-13.688421616541202
-13.692538572959316
-13.697281037352168
-13.702770695579638
-13.709156204090757
-13.71661878773122
-13.725378049277884
-13.73569684245806
-13.747882698099742
-13.76228076259204
-13.779248797279001
-13.79909784269396
-13.821973264523717
-13.847645407611173
-13.875194465923355
-13.902647479953618
-13.926793398216951
-13.943592979072124
-13.949482293107453
-13.95602371261194
-13.974523560433108
-14.003533772787376
-14.041049664893611
-14.084901547761582
-14.133061693360316
-14.18381622179744
-14.235818830556797
-14.288069917303769
-14.339861409230194
-14.390713680943
-13.529093426185502
-13.52913533632264
-13.529178678427089
-13.52922351833112
-13.529269925684865
-13.529317974224458
-13.529367742062341
-13.529419312001869
-13.529472771878535
-13.529528214930433
-13.529585740200837
-13.529645452976121
-13.529707465262586
-13.529771896306183
-13.529838873159607
-13.529908531301707
-13.52998101531482
-13.530056479626257
-13.530135089320952
-13.53021702103319
-13.530302463926253
-13.53039162077002
-13.530484709127826
-13.530581962665362
-13.530683632596116
-13.530789989279794
-13.530901323992428
-13.531017950889469
-13.531140209186157
-13.531268465582952
-13.531403116967848
-13.531544593432061
-13.531693361641112
-13.531849928609631
-13.53201484593581
-13.532188714560098
-13.532372190123176
-13.532565989010381
-13.532770895184168
-13.532987767923338
-13.533217550608033
-13.53346128071373
-13.533720101206452
-13.533995273566061
-13.53428819270632
-13.534600404110641
-13.534933623563465
-13.53528975993101
-13.535670941535237
-13.536079546774818
-13.536518239781712
-13.536990012067854
-13.537498231321274
-13.538046698764635
-13.538639716804768
-13.53928216909554
-13.539979615629564
-13.540738406094224
-13.541565815509403
-13.54247020715382
-13.543461229043086
-13.544550051821451
-13.545749657969269
-13.54707519483488
-13.548544407332693
-13.550178170407579
-13.552001146791266
-13.554042602449181
-13.556337420732893
-13.55892736686773
-13.561862667091528
-13.56520398112436
-13.569024861237427
-13.5734148023219
-13.578482986856073
-13.584362799504621
-13.591217094212878
-13.59924397604319
-13.60868238621638
-13.61981582576226
-13.632970731973431
-13.648502727037021
-13.6667584378773
-13.687992512365907
-13.71221095085236
-13.738912680072119
-13.766737501998167
-13.793143295962029
-13.814436330230858
-13.826583055922594
-13.829723983698242
-13.84187269808913
-13.865410562382586
-13.898585048520575
-13.93927016749189
-13.9853311014945
-14.034870598523122
-14.086342086865933
-14.138563557175036
-14.190676742668286
-13.407819348947902
-13.407859172024807
-13.40790033247942
-13.407942890736546
-13.407986910664519
-13.408032459812816
-13.408079609669006
-13.408128435936788
-13.408179018837153
-13.408231443434884
-13.408285799992832
-13.408342184356723
-13.408400698373502
-13.408461450346607
-13.40852455553194
-13.408590136678702
-13.4086583246198
-13.408729258917072
-13.408803088567186
-13.408879972774812
-13.408960081800473
-13.409043597891367
-13.409130716304594
-13.409221646433313
-13.409316613047832
-13.409415857665158
-13.409519640062348
-13.409628239951127
-13.4097419588336
-13.409861122061661
-13.409986081125984
-13.410117216204071
-13.410254939001309
-13.410399695923902
-13.410551971628498
-13.410712293000147
-13.410881233618317
-13.41105941878017
-13.411247531161388
-13.411446317208068
-13.411656594368736
-13.41187925929409
-13.412115297153996
-13.412365792247666
-13.412631940114261
-13.412915061389038
-13.413216617695532
-13.413538229919224
-13.413881699274645
-13.41424903165875
-13.414642465881998
-13.415064506489314
-13.415517962031206
-13.416005989828061
-13.416532148496307
-13.417100459785523
-13.417715481624565
-13.418382394711175
-13.419107105526972
-13.419896369348953
-13.42075793769925
-13.421700735778353
-13.422735076829515
-13.423872922169362
-13.425128197901858
-13.426517182250192
-13.428058981170906
-13.429776114675075
-13.431695242333417
-13.43384806407772
-13.436272441917815
-13.43901379976685
-13.442126872116871
-13.44567788705168
-13.449747282746813
-13.454433063823629
-13.45985489318083
-13.46615896273676
-13.473523546598281
-13.482164823913404
-13.492341901612978
-13.50435867701167
-13.51855777243864
-13.535297550739298
-13.55489649674904
-13.577520423534008
-13.602981749633312
-13.63043258958706
-13.658000058581354
-13.682572343212053
-13.700141845878845
-13.707031651443842
-13.712579117570709
-13.73012304410695
-13.758325421414124
-13.795212718154156
-13.838615539777535
-13.886485794093502
-13.937079903983696
-13.989020869769107
-13.286548315893103
-13.286586187949675
-13.286625310462128
-13.286665738971124
-13.286707532128549
-13.286750751908531
-13.28679546383531
-13.28684173722948
-13.286889645474382
-13.28693926630446
-13.286990682117759
-13.287043980314811
-13.287099253666561
-13.287156600714127
-13.287216126203633
-13.287277941559639
-13.287342165401103
-13.287408924104327
-13.287478352417786
-13.287550594134386
-13.287625802827314
-13.287704142656457
-13.28778578925317
-13.287870930692206
-13.287959768560695
-13.288052519135398
-13.288149414680861
-13.288250704882818
-13.288356658433132
-13.288467564784758
-13.288583736097785
-13.288705509400616
-13.288833248993729
-13.28896734912748
-13.289108236990039
-13.289256376046966
-13.289412269780195
-13.28957646588167
-13.289749560965433
-13.289932205872294
-13.290125111653108
-13.290329056330997
-13.29054489255965
-13.290773556314901
-13.291016076780599
-13.291273587618361
-13.291547339844938
-13.291838716582035
-13.292149249992994
-13.292480640780626
-13.292834780693262
-13.293213778574582
-13.29361999060093
-13.294056055482358
-13.294524935566645
-13.295029964986725
-13.295574906241132
-13.296164016906886
-13.296802128570691
-13.297494740548265
-13.298248131569718
-13.299069493375669
-13.299967091138889
-13.300950456857478
-13.302030623432344
-13.303220409140492
-13.30453476476923
-13.3059911989417
-13.307610301336286
-13.309416388820079
-13.311438306256804
-13.313710422209432
-13.316273870198197
-13.319178098693538
-13.322482807282421
-13.326260361115208
-13.330598787392088
-13.33560545860932
-13.341411541514216
-13.34817720604828
-13.356097382446313
-13.36540740896229
-13.376387011955284
-13.389359331579936
-13.404678563222246
-13.422694476714591
-13.443674190793514
-13.46765289326753
-13.494184512851234
-13.521995067445383
-13.548648057021328
-13.570528090119705
-13.583576050124892
-13.586837637023523
-13.597975152060032
-13.620618874534669
-13.653065817463165
-13.693206084259378
-13.738894211591878
-13.788207030208602
-13.165280131183351
-13.165316177374306
-13.16535339403456
-13.165391832285906
-13.165431546065816
-13.16547259231519
-13.165515031180828
-13.165558926233992
-13.16560434470649
-13.165651357745926
-13.165700040691908
-13.16575047337519
-13.165802740441967
-13.16585693170571
-13.165913142529321
-13.165971474240537
-13.166032034583989
-13.166094938213583
-13.166160307229438
-13.166228271763936
-13.166298970622144
-13.166372551982393
-13.166449174163558
-13.166529006466329
-13.166612230096774
-13.16669903918142
-13.166789641884371
-13.166884261638275
-13.166983138502562
-13.167086530664129
-13.167194716097724
-13.167307994405675
-13.167426688859322
-13.167551148667695
-13.167681751502661
-13.16781890631403
-13.16796305647309
-13.16811468328881
-13.168274309947794
-13.168442505936936
-13.168619892017134
-13.168807145827373
-13.169005008211473
-13.169214290375194
-13.169435881999558
-13.169670760457997
-13.169920001310812
-13.170184790281382
-13.170466436955746
-13.170766390491968
-13.171086257679695
-13.171427823755787
-13.171793076461453
-13.172184233923327
-13.172603777059516
-13.173054487357378
-13.173539491049144
-13.174062310933342
-13.174626927365182
-13.175237850281704
-13.175900204555772
-13.176619831510001
-13.177403410097728
-13.178258602111796
-13.179194226863558
-13.180220472149
-13.181349150070172
-13.182594008515863
-13.183971111963475
-13.185499308918049
-13.187200807969155
-13.189101890379435
-13.191233794610048
-13.193633817528907
-13.196346688445646
-13.199426285517738
-13.202937778775897
-13.206960297918352
-13.211590231107811
-13.21694525244534
-13.223169128433925
-13.23043722380531
-13.238962330548615
-13.24899982447113
-13.260849931895295
-13.274852598983347
-13.291366414761493
-13.310716537229704
-13.333087835270183
-13.358332631171853
-13.385672291052234
-13.41333225271355
-13.438302093220251
-13.456614654225742
-13.464499657933336
-13.469219434550403
-13.485797537945095
-13.51317801573719
-13.549421332113035
-13.592360640664387
-13.044014614450465
-13.04404895007208
-13.044084382459317
-13.04412095872959
-13.044158728552611
-13.04419774431777
-13.0442380613144
-13.04427973792612
-13.044322835840502
-13.044367420275472
-13.044413560223964
-13.044461328718535
-13.044510803117825
-13.044562065416935
-13.04461520258402
-13.044670306925665
-13.04472747648388
-13.044786815467859
-13.044848434724024
-13.044912452248283
-13.044978993744852
-13.045048193236536
-13.04512019373196
-13.045195147955834
-13.04527321914919
-13.045354581947253
-13.045439423343728
-13.04552794375124
-13.045620358169062
-13.045716897470623
-13.045817809824996
-13.045923362268486
-13.046033842444581
-13.04614956053314
-13.046270851392547
-13.046398076942037
-13.046531628815229
-13.04667193132062
-13.046819444749968
-13.046974669081852
-13.047138148134927
-13.047310474233948
-13.047492293461705
-13.047684311581875
-13.047887300731814
-13.048102107000894
-13.04832965902978
-13.048570977789515
-13.048827187727362
-13.0490995295001
-13.049389374555817
-13.0496982418741
-13.050027817233484
-13.050379975446528
-13.050756806089996
-13.051160643363954
-13.051594100843827
-13.05206011204972
-13.052561977954845
-13.053103422799742
-13.053688659883063
-13.054322469379038
-13.055010290706592
-13.055758332571598
-13.05657370455565
-13.057464575075882
-13.058440361747046
-13.059511961712435
-13.060692031468497
-13.061995328209653
-13.063439127918619
-13.065043739515279
-13.066833139588711
-13.068835758846793
-13.071085459722632
-13.073622754844473
-13.07649632842494
-13.079764936770596
-13.083499778839245
-13.087787439891864
-13.092733513602905
-13.098466985397254
-13.105145381889955
-13.112960498893699
-13.122144101375644
-13.132972137757488
-13.145764371066972
-13.16087333257716
-13.178651403880929
-13.199377147851077
-13.223113197427093
-13.249466000517858
-13.27724526886709
-13.304119718236139
-13.326557338563072
-13.340484915385726
-13.344038914648381
-13.354158677764762
-13.375896094013212
-13.40760049005798
-12.922751599354973
-12.922784330760779
-12.922818090929466
-12.92285292334396
-12.922888873804373
-12.922925990577466
-12.92296432455745
-12.92300392943913
-12.923044861904474
-12.923087181823812
-12.92313095247299
-12.923176240767928
-12.923223117518202
-12.923271657701424
-12.923321940760383
-12.923374050925139
-12.923428077562468
-12.923484115555354
-12.923542265715495
-12.923602635232147
-12.923665338160994
-12.92373049595717
-12.923798238057014
-12.923868702513724
-12.923942036692674
-12.924018398032818
-12.924097954881491
-12.924180887410728
-12.924267388624303
-12.924357665465878
-12.924451940039953
-12.924550450958884
-12.92465345483102
-12.924761227907007
-12.924874067903692
-12.924992296027728
-12.925116259224174
-12.925246332678958
-12.925382922608312
-12.925526469373201
-12.92567745096249
-12.92583638689528
-12.926003842600682
-12.926180434342534
-12.92636683476738
-12.926563779166838
-12.926772072560638
-12.926992597724599
-12.927226324309116
-12.927474319219339
-12.92773775845866
-12.928017940673753
-12.928316302683491
-12.92863443732722
-12.928974114032316
-12.929337302579153
-12.929726200637052
-12.930143265761362
-12.930591252685023
-12.931073256914251
-12.931592765855845
-12.932153718973868
-12.932760578809837
-12.933418415120844
-12.934133004916873
-12.934910951841681
-12.935759829178556
-12.93668835182263
-12.937706583908483
-12.938826190497702
-12.94006074392151
-12.941426098173368
-12.942940848326124
-12.944626896519265
-12.946510151877808
-12.948621399074048
-12.95099737941911
-12.95368213959395
-12.956728716376418
-12.96020124036973
-12.964177555844039
-12.968752462681426
-12.974041679889517
-12.980186587319741
-12.98735968169503
-12.995770405174117
-13.005670420798776
-13.017356252716263
-13.031165031786646
-13.047455222245587
-13.06655792547533
-13.088675735047898
-13.113698771403646
-13.140914991850202
-13.168646233008447
-13.193985152219701
-13.21301325843193
-13.221879683068295
-13.225945218310573
-13.241548070173765
-12.80149093229912
-12.801522157718077
-12.801554349077941
-12.801587546557874
-12.80162179244394
-12.801657131262825
-12.801693609925525
-12.80173127788189
-12.801770187286953
-12.801810393180084
-12.801851953678097
-12.801894930183598
-12.801939387609915
-12.801985394624166
-12.802033023910136
-12.802082352452832
-12.802133461846767
-12.802186438630272
-12.802241374648364
-12.80229836744696
-12.80235752070161
-12.802418944684193
-12.802482756771473
-12.80254908199985
-12.802618053671134
-12.802689814014776
-12.80276451491262
-12.802842318692976
-12.802923399001696
-12.803007941758857
-12.803096146210752
-12.803188226088176
-12.803284410883386
-12.803384947259799
-12.803490100610336
-12.803600156782522
-12.80371542399097
-12.803836234940722
-12.803962949188326
-12.804095955771398
-12.804235676141895
-12.80438256744369
-12.804537126181064
-12.804699892332032
-12.804871453968797
-12.805052452457563
-12.805243588321652
-12.805445627865659
-12.805659410674783
-12.805885858122927
-12.806125983046266
-12.806380900766769
-12.806651841683205
-12.806940165687097
-12.807247378709
-12.807575151758632
-12.807925342892649
-12.80830002262963
-12.808701503436273
-12.809132374036933
-12.809595539456044
-12.810094267897128
-12.810632245802422
-12.811213642735883
-12.811843188104525
-12.81252626219912
-12.813269004620318
-12.814078443893754
-12.814962653010092
-12.815930936808755
-12.816994058628723
-12.818164515568302
-12.819456874146704
-12.820888181293807
-12.822478469599476
-12.82425138086127
-12.826234938450861
-12.828462507171237
-12.830973989372133
-12.833817318268855
-12.837050323433298
-12.840743058188632
-12.844980691178167
-12.849867067949477
-12.855529028769984
-12.862121497374048
-12.869833175868154
-12.878892287148227
-12.889571002484312
-12.902185636667125
-12.917086837049315
-12.934629097316447
-12.955101448159592
-12.978592291344617
-13.004758161301142
-13.032489886113297
-13.059560692014744
-13.08252642686208
-13.097310836068681
-13.101328043789948
-12.680232471275332
-12.680262281544119
-12.6802929996469
-12.680324662755261
-12.680357309959307
-12.680390982387486
-12.680425723335228
-12.680461578403122
-12.680498595645476
-12.680536825730131
-12.680576322110529
-12.680617141211119
-12.68065934262728
-12.680702989341082
-12.680748147954333
-12.680794888940504
-12.680843286917288
-12.680893420941764
-12.68094537483031
-12.680999237505658
-12.68105510337376
-12.68111307273342
-12.681173252221942
-12.681235755300518
-12.681300702783368
-12.681368223415237
-12.68143845450233
-12.68151154260238
-12.681587644280274
-12.6816669269364
-12.681749569715807
-12.681835764507277
-12.681925717042578
-12.68201964810748
-12.68211779487768
-12.682220412394509
-12.682327775197274
-12.682440179131493
-12.682557943354874
-12.682681412566016
-12.682810959484426
-12.682946987614548
-12.683089934331397
-12.683240274331036
-12.683398523495702
-12.683565243231179
-12.68374104534306
-12.683926597529252
-12.684122629578713
-12.684329940381307
-12.684549405871417
-12.684781988049004
-12.685028745246893
-12.685290843843214
-12.685569571653867
-12.685866353283327
-12.686182767764445
-12.686520568881258
-12.686881708645803
-12.687268364493754
-12.687682970878347
-12.688128256082795
-12.68860728524459
-12.689123510799153
-12.68968083181561
-12.690283664027753
-12.69093702277569
-12.6916466215906
-12.692418989805361
-12.693261613394547
-12.694183104286704
-12.695193404712017
-12.696304034829879
-12.697528394026873
-12.698882129018408
-12.700383585394231
-12.702054363726802
-12.703920007062656
-12.70601085382665
-12.7083630991817
-12.711020118933728
-12.714034123161289
-12.717468221329996
-12.72139899493204
-12.72591968329554
-12.731144083576877
-12.737211227372185
-12.744290784720269
-12.752588886036007
-12.762353502431687
-12.773877430593672
-12.787494859200432
-12.803563799905998
-12.822420607439538
-12.844284327975476
-12.869080839977341
-12.896162048758956
-12.923944115065149
-12.94962402752772
-12.969339611936112
-12.558976084834066
-12.559004564053648
-12.559033897297693
-12.559064118995938
-12.559095265327569
-12.559127374328806
-12.559160486008237
-12.55919464247059
-12.55922988804965
-12.559266269451085
-12.559303835906043
-12.559342639336458
-12.559382734533084
-12.559424179347397
-12.559467034898603
-12.559511365797139
-12.559557240386146
-12.55960473100263
-12.559653914260117
-12.559704871354883
-12.559757688397973
-12.559812456775587
-12.559869273540556
-12.559928241838055
-12.559989471368976
-12.560053078894827
-12.560119188788429
-12.560187933635234
-12.560259454890593
-12.560333903599036
-12.560411441182254
-12.560492240303422
-12.560576485816352
-12.560664375809107
-12.560756122752945
-12.56085195476882
-12.560952117025396
-12.56105687328428
-12.56116650761042
-12.561281326268041
-12.561401659825364
-12.56152786549466
-12.56166032973805
-12.561799471173897
-12.56194574382385
-12.562099640746672
-12.562261698112064
-12.562432499776053
-12.562612682429277
-12.562802941401031
-12.563004037215611
-12.56321680301356
-12.563442152969666
-12.563681091862337
-12.563934725976297
-12.564204275553124
-12.564491089043468
-12.564796659461988
-12.56512264320316
-12.565470881745426
-12.5658434267553
-12.566242569205926
-12.566670873250454
-12.567131215745277
-12.567626832508973
-12.568161372638837
-12.568738962500142
-12.569364281368681
-12.570042651164416
-12.57078014328803
-12.571583706295375
-12.57246131905902
-12.573422175225417
-12.57447690625068
-12.575637852177756
-12.576919391718805
-12.578338346276384
-12.579914476460834
-12.581671094666474
-12.583635823624618
-12.585841538851941
-12.588327542837215
-12.591141030814349
-12.59433892186445
-12.597990143868973
-12.602178473749358
-12.607006039157021
-12.612597570929434
-12.619105430107968
-12.626715266053859
-12.635651792201582
-12.646183407225779
-12.65862291492248
-12.673318875511367
-12.690627425189218
-12.710847134895523
-12.73409056426127
-12.760061955460397
-12.787730633969687
-12.814973355697157
-12.437721651157174
-12.437748877282433
-12.437776907544803
-12.437805773870936
-12.437835509784984
-12.437866150505315
-12.437897733048116
-12.437930296338438
-12.43796388132932
-12.437998531129663
-12.438034291141573
-12.438071209208026
-12.438109335771694
-12.438148724045956
-12.438189430199143
-12.43823151355319
-12.438275036798025
-12.43832006622311
-12.438366671967716
-12.438414928291683
-12.438464913868623
-12.438516712103658
-12.438570411478114
-12.438626105923786
-12.438683895229692
-12.438743885484595
-12.438806189558887
-12.438870927629923
-12.438938227755273
-12.439008226498968
-12.439081069616401
-12.439156912804185
-12.439235922522123
-12.439318276895277
-12.439404166705126
-12.439493796480017
-12.439587385696342
-12.439685170103475
-12.439787403187141
-12.439894357787967
-12.440006327894183
-12.440123630630142
-12.440246608465339
-12.440375631672202
-12.440511101064976
-12.44065345105687
-12.440803153078186
-12.440960719404645
-12.441126707452817
-12.44130172460847
-12.441486433664242
-12.44168155895546
-12.44188789329769
-12.442106305846977
-12.442337751024649
-12.442583278673126
-12.44284404563893
-12.443121329014526
-12.443416541313336
-12.443731247903814
-12.444067187090784
-12.444426293308068
-12.444810723978538
-12.445222890710625
-12.4456654956385
-12.446141573883462
-12.446654543324165
-12.447208263124098
-12.447807102788781
-12.448456023929985
-12.449160677421546
-12.449927519269052
-12.450763949320647
-12.451678477965034
-12.452680927256692
-12.453782674555915
-12.45499694887368
-12.456339192798339
-12.45782750631674
-12.459483193230714
-12.461331436458247
-12.463402135580568
-12.465730948847728
-12.468360592727175
-12.471342465008634
-12.474738671979647
-12.478624554610597
-12.483091818954296
-12.488252373094124
-12.494242938385199
-12.501230399424214
-12.509417613632555
-12.519048883311472
-12.530413257919594
-12.543841868646398
-12.55969196882592
-12.57830451466349
-12.599913790414748
-12.624479458666952
-12.651414754491247
-12.316469057224616
-12.316495102594727
-12.316521905799178
-12.316549496476433
-12.316577905725662
-12.316607166193828
-12.316637312168883
-12.316668379679573
-12.316700406602378
-12.316733432776179
-12.316767500125298
-12.316802652791624
-12.316838937276572
-12.316876402593742
-12.316915100433215
-12.316955085338478
-12.316996414897108
-12.317039149946488
-12.317083354795846
-12.317129097466177
-12.317176449949686
-12.317225488490568
-12.317276293889176
-12.317328951831799
-12.31738355324856
-12.317440194702183
-12.31749897881071
-12.317560014707581
-12.317623418542905
-12.317689314030135
-12.31775783304296
-12.317829116267673
-12.317903313916998
-12.317980586512062
-12.318061105740004
-12.318145055395675
-12.318232632416954
-12.31832404802442
-12.318419528977511
-12.31851931896095
-12.318623680117003
-12.318732894741308
-12.318847267162433
-12.318967125828149
-12.319092825624681
-12.319224750458998
-12.319363316138585
-12.319508973588295
-12.319662212449872
-12.319823565116714
-12.31999361126469
-12.320172982949469
-12.320362370352191
-12.32056252826876
-12.320774283453938
-12.320998542950331
-12.321236303554839
-12.321488662602004
-12.321756830275877
-12.322042143700607
-12.322346083106503
-12.32267029042456
-12.323016590730502
-12.323387017042327
-12.323783839076407
-12.324209596690924
-12.324667138897517
-12.32515966950939
-12.325690800726004
-12.326264616242435
-12.326885745830117
-12.327559453784461
-12.328291744197886
-12.329089486726035
-12.32996056741135
-12.330914070264434
-12.331960496748726
-12.33311203215567
-12.334382870209932
-12.335789610251386
-12.337351745184813
-12.339092263293256
-12.341038393242098
-12.343222529452524
-12.34568338477766
-12.348467429245764
-12.351630687394255
-12.355240981496161
-12.359380721225714
-12.364150346106216
-12.369672512828773
-12.376097059647122
-12.383606624322171
-12.392422444698008
-12.402809154913882
-12.415075992865152
-12.429569244148894
-12.446646246624367
-12.466614230991265
-12.489608368270861
-12.195218198063966
-12.19524312988022
-12.195268776508389
-12.19529516549247
-12.195322325713812
-12.195350287469667
-12.195379082557158
-12.195408744363117
-12.19543930796024
-12.195470810210088
-12.195503289873493
-12.195536787728985
-12.195571346699891
-12.195607011990875
-12.195643831234683
-12.195681854650026
-12.195721135211507
-12.195761728832725
-12.195803694563677
-12.195847094803769
-12.195891995531868
-12.195938466554939
-12.19598658177703
-12.196036419490499
-12.196088062691633
-12.196141599422969
-12.19619712314499
-12.196254733140035
-12.196314534951686
-12.196376640863225
-12.196441170419147
-12.196508250994233
-12.196578018415138
-12.196650617640156
-12.196726203503385
-12.196804941530356
-12.19688700883308
-12.196972595093365
-12.197061903644546
-12.197155152662912
-12.197252576481747
-12.197354427042505
-12.197460975499675
-12.197572513998114
-12.19768935764428
-12.197811846695767
-12.197940348997081
-12.198075262693662
-12.198217019260833
-12.198366086889912
-12.198522974280163
-12.198688234892716
-12.198862471731559
-12.199046342726982
-12.199240566809214
-12.199445930774491
-12.199663297062955
-12.199893612588331
-12.200137918783634
-12.200397363056382
-12.200673211881725
-12.200966865803938
-12.20127987666747
-12.201613967460096
-12.201971055225185
-12.202353277590882
-12.202763023574814
-12.20320296945889
-12.203676120696006
-12.204185861017034
-12.204736010162334
-12.205330891980362
-12.20597541503325
-12.206675168346788
-12.207436535568007
-12.208266831582664
-12.209174466643873
-12.210169144331289
-12.211262101274635
-12.212466398635252
-12.213797277971576
-12.215272597480153
-12.216913368903581
-12.21874442087414
-12.220795221398228
-12.22310090087845
-12.225703527767227
-12.228653701710854
-12.232012543453235
-12.235854175310331
-12.240268796893902
-12.245366459527347
-12.251281611944057
-12.258178394419973
-12.266256430708841
-12.275756379517277
-12.286963528469274
-12.300205846877235
-12.315839544983167
-12.334209565209212
-12.073968976073443
-12.073992856830364
-12.074017412382556
-12.074042668354423
-12.074068651596333
-12.074095390255575
-12.074122913852129
-12.07415125335965
-12.074180441292068
-12.07421051179626
-12.074241500751272
-12.07427344587465
-12.074306386836431
-12.07434036538146
-12.074375425460714
-12.074411613372424
-12.074448977913802
-12.07448757054431
-12.074527445561497
-12.074568660290495
-12.074611275288404
-12.07465535456493
-12.07470096582074
-12.074748180705202
-12.074797075095308
-12.074847729397797
-12.074900228876706
-12.074954664008805
-12.07501113086967
-12.075069731553432
-12.075130574629592
-12.075193775640672
-12.075259457644949
-12.075327751808912
-12.075398798054788
-12.075472745768975
-12.075549754578038
-12.075629995199664
-12.075713650376997
-12.075800915905706
-12.075892001764483
-12.075987133360954
-12.076086552906624
-12.076190520936283
-12.076299317989417
-12.07641324647353
-12.076532632732178
-12.076657829343612
-12.076789217679792
-12.076927210759836
-12.077072256436987
-12.077224840964197
-12.077385492990263
-12.077554788046552
-12.077733353593961
-12.077921874710869
-12.078121100516157
-12.078331851437067
-12.078555027450234
-12.078791617446461
-12.079042709896218
-12.079309505024561
-12.079593328742174
-12.079895648625042
-12.0802180922906
-12.080562468585217
-12.0809307920794
-12.081325311466511
-12.081748542582432
-12.082203306913074
-12.082692776640716
-12.083220527507962
-12.083790601060755
-12.08440757818406
-12.085076666284078
-12.085803803023342
-12.086595780210564
-12.087460392325934
-12.088406615276575
-12.089444822392721
-12.090587046479975
-12.09184729904737
-12.093241960776966
-12.094790261066917
-12.096514869286453
-12.098442626490368
-12.100605454045137
-12.103041485204917
-12.105796477332236
-12.108925576076203
-12.11249551758042
-12.116587368330194
-12.121299909028009
-12.126753757052752
-12.133096267471297
-12.14050710771621
-12.149204075048512
-12.159448050383531
-12.171544658185306
-12.185837736826192
-11.952721300410374
-11.952744188285275
-11.952767713696423
-11.952791900506721
-11.952816773704317
-11.952842359466784
-11.952868685229586
-11.9528957797592
-11.95292367323123
-11.952952397313904
-11.952981985257406
-11.953012471989476
-11.953043894217826
-11.953076290539903
-11.953109701560608
-11.95314417001866
-11.953179740922298
-11.953216461695158
-11.953254382333164
-11.953293555573431
-11.953334037076214
-11.953375885621055
-11.953419163318452
-11.953463935838418
-11.953510272657496
-11.953558247325974
-11.953607937757178
-11.953659426540947
-11.953712801283636
-11.953768154977242
-11.953825586400496
-11.953885200555156
-11.953947109141039
-11.954011431073772
-11.954078293049685
-11.954147830162825
-11.954220186579594
-11.95429551627728
-11.954373983853415
-11.954455765413833
-11.954541049548247
-11.954630038403316
-11.954722948864424
-11.954820013858923
-11.954921483795225
-11.955027628154118
-11.955138737250886
-11.95525512418941
-11.95537712703242
-11.955505111215507
-11.955639472236488
-11.955780638656492
-11.955929075454396
-11.956085287782754
-11.956249825180715
-11.95642328630814
-11.956606324275462
-11.956799652655844
-11.957004052280594
-11.957220378935707
-11.957449572097566
-11.957692664869896
-11.957950795312778
-11.958225219388941
-11.958517325794004
-11.958828652987156
-11.959160908799301
-11.959515993068822
-11.95989602384447
-11.960303367803824
-11.960740675669411
-11.961210923568922
-11.961717461488853
-11.962264070222234
-11.962855028523613
-11.963495192574328
-11.964190090349494
-11.964946034091701
-11.965770254870428
-11.966671064185373
-11.967658048814915
-11.968742306692823
-11.969936733614498
-11.971256373152716
-11.97271884546003
-11.974344874847807
-11.97615894140041
-11.978190088685814
-11.980472928157868
-11.983048891368284
-11.985967793704903
-11.989289787682598
-11.993087798446796
-11.997450545561904
-12.002486255438408
-12.00832714140069
-12.01513464036945
-12.023105182249473
-12.032475809293135
-12.043528037502469
-11.831475086437944
-11.831497035643443
-11.831519587659159
-11.831542764729635
-11.831566590133443
-11.831591088241316
-11.83161628457812
-11.83164220588896
-11.831668880209739
-11.831696336942517
-11.831724606936042
-11.831753722571861
-11.831783717856464
-11.83181462851995
-11.831846492121729
-11.831879348163843
-11.831913238212579
-11.831948206029
-11.831984297709212
-11.832021561835177
-11.83206004963697
-11.832099815167538
-11.832140915490987
-11.832183410885687
-11.832227365063487
-11.832272845406528
-11.832319923223297
-11.832368674025696
-11.83241917782915
-11.832471519477926
-11.832525788998145
-11.832582081981174
-11.83264050000043
-11.832701151064954
-11.832764150113496
-11.832829619553284
-11.832897689848153
-11.832968500161217
-11.833042199057983
-11.833118945276405
-11.83319890857127
-11.83328227064119
-11.833369226147543
-11.833459983835851
-11.83355476777155
-11.833653818703565
-11.833757395570977
-11.833865777170153
-11.833979264002014
-11.83409818032198
-11.834222876418233
-11.834353731147699
-11.83449115476342
-11.834635592071978
-11.834787525965496
-11.834947481379553
-11.835116029736328
-11.835293793941736
-11.835481454016321
-11.835679753452785
-11.835889506408492
-11.836111605859603
-11.83634703286542
-11.83659686711748
-11.83686229897927
-11.837144643259748
-11.837445355009063
-11.837766047679224
-11.838108514058494
-11.838474750468412
-11.83886698481014
-11.839287709166408
-11.839739717812213
-11.840226151668334
-11.840750550455434
-11.841316914084102
-11.841929775161875
-11.842594284930357
-11.843316315487492
-11.844102581832264
-11.844960788130809
-11.845899803694772
-11.846929875550504
-11.848062886245925
-11.849312667799472
-11.850695385581652
-11.85223000960928
-11.85393889544256
-11.855848502864255
-11.857990288079703
-11.860401814595694
-11.863128139417418
-11.866223544674302
-11.869753699510623
-11.873798350869498
-11.87845464948145
-11.883841207793251
-11.890102936960787
-11.897416575434324
-11.905996515917911
-11.710230255224014
-11.71025131632745
-11.710272947844489
-11.710295170531069
-11.71031800609445
-11.710341477245938
-11.710365607757037
-11.710390422519316
-11.710415947608226
-11.710442210351216
-11.710469239400439
-11.710497064810435
-11.710525718121161
-11.710555232446819
-11.710585642570916
-11.710616985048082
-11.7106492983132
-11.710682622798434
-11.710717001058836
-11.71075247790725
-11.710789100559289
-11.710826918789284
-11.710865985098135
-11.710906354894117
-11.710948086687809
-11.710991242302399
-11.71103588710077
-11.711082090230919
-11.7111299248914
-11.711179468618697
-11.711230803598582
-11.711284017003816
-11.711339201360714
-11.711396454947456
-11.7114558822273
-11.711517594320224
-11.711581709516935
-11.711648353839642
-11.711717661654497
-11.711789776341185
-11.711864851025847
-11.711943049384228
-11.71202454652282
-11.71210952994675
-11.712198200624268
-11.712290774158978
-11.71238748208237
-11.712488573280952
-11.712594315574142
-11.712704997461323
-11.71282093005899
-11.712942449251907
-11.71306991808555
-11.713203729431132
-11.71334430895905
-11.71349211846201
-11.713647659575347
-11.713811477949339
-11.713984167937014
-11.714166377870997
-11.714358816014922
-11.714562257289009
-11.714777550886206
-11.715005628915053
-11.71524751622922
-11.715504341631878
-11.715777350677055
-11.716067920330783
-11.7163775758041
-11.716708009929294
-11.71706110552294
-11.717438961267034
-11.717843921746654
-11.71827861241402
-11.71874598041023
-11.719249342375347
-11.7197924406243
-11.720379509372888
-11.721015353080878
-11.72170543945831
-11.72245601028309
-11.723274213936902
-11.724168264526499
-11.7251476336757
-11.72622328262362
-11.72740794424191
-11.72871646711009
-11.730166237017949
-11.731777695391838
-11.733574979402968
-11.735586715187415
-11.73784700398543
-11.74039665135707
-11.743284702060915
-11.746570357382815
-11.750325366403333
-11.75463699459671
-11.759611674841523
-11.765379421848941
-11.772099009961636
-11.588986733086454
-11.589006953299739
-11.58902771367464
-11.589049033596298
-11.589070933326077
-11.589093434049428
-11.589116557926868
-11.589140328148249
-11.58916476899057
-11.589189905879625
-11.589215765455746
-11.589242375643984
-11.589269765729037
-11.58929796643535
-11.589327010012731
-11.589356930327982
-11.589387762962987
-11.589419545319808
-11.589452316733361
-11.589486118592276
-11.589520994468687
-11.589556990257634
-11.589594154326956
-11.589632537678579
-11.58967219412215
-11.589713180462182
-11.589755556699847
-11.589799386250794
-11.589844736180435
-11.589891677458311
-11.589940285233338
-11.589990639131898
-11.590042823580966
-11.590096928158697
-11.590153047975166
-11.59021128408625
-11.59027174394399
-11.590334541887131
-11.590399799675982
-11.590467647076206
-11.59053822249674
-11.590611673687581
-11.590688158503987
-11.590767845744324
-11.590850916069817
-11.590937563015391
-11.591027994102056
-11.5911224320626
-11.5912211161939
-11.591324303851009
-11.591432272100098
-11.59154531954985
-11.59166376838349
-11.591787966616879
-11.591918290611689
-11.592055147876986
-11.592198980197397
-11.59235026713191
-11.592509529933968
-11.592677335951528
-11.592854303574908
-11.593041107811295
-11.593238486577523
-11.593447247818107
-11.59366827757354
-11.593902549145396
-11.594151133530483
-11.594415211327036
-11.594696086352739
-11.59499520125889
-11.595314155478437
-11.595654725910704
-11.596018890824324
-11.596408857556149
-11.59682709470143
-11.597276369634931
-11.597759792380392
-11.5982808670655
-11.598843552472074
-11.599452333530595
-11.600112306032107
-11.600829277362376
-11.601609886732119
-11.60246174922221
-11.603393629032924
-11.60441564868644
-11.605539542664314
-11.606778966173492
-11.608149872561647
-11.609670976517322
-11.611364324805589
-11.613256002161153
-11.615377007377438
-11.617764343883863
-11.62046238040938
-11.623524550650544
-11.627015475538848
-11.63101360571539
-11.635614490331777
-11.640934770824934
-11.467744451180161
-11.46776387462311
-11.467783809952396
-11.467804275289453
-11.467825289563637
-11.467846872555775
-11.467869044944477
-11.467891828355405
-11.467915245413723
-11.467939319799955
-11.467964076309537
-11.467989540916284
-11.46801574084013
-11.468042704619451
-11.468070462188301
-11.468099044958993
-11.468128485910414
-11.468158819682547
-11.468190082677703
-11.468222313169024
-11.46825555141681
-11.4682898397934
-11.468325222917251
-11.46836174779705
-11.46839946398671
-11.468438423752174
-11.46847868225111
-11.468520297726604
-11.468563331716119
-11.468607849277136
-11.468653919230956
-11.468701614426417
-11.468751012025333
-11.468802193811781
-11.46885524652749
-11.468910262235882
-11.468967338717624
-11.469026579900769
-11.469088096329052
-11.469152005672193
-11.469218433282562
-11.469287512803104
-11.469359386831918
-11.469434207649622
-11.469512138016338
-11.46959335204599
-11.46967803616657
-11.46976639017613
-11.46985862840553
-11.46995498100039
-11.470055695336358
-11.470161037583708
-11.470271294439478
-11.47038677504783
-11.470507813132299
-11.470634769366907
-11.470768034017054
-11.470908029885662
-11.471055215605304
-11.471210089323273
-11.47137319283378
-11.471545116219934
-11.47172650307819
-11.47191805640969
-11.47212054527685
-11.472334812340014
-11.472561782408635
-11.472802472164679
-11.473058001243945
-11.473329604894268
-11.473618648469811
-11.473926644068928
-11.474255269681645
-11.474606391283665
-11.474982088400195
-11.475384683768212
-11.475816777854938
-11.476281289149002
-11.476781501336584
-11.47732111871724
-11.477904331515367
-11.478535893118867
-11.479221211746749
-11.479966459637872
-11.480778703597295
-11.481666061677963
-11.482637891969489
-11.483705020984921
-11.484880021073637
-11.486177548763358
-11.48761475909854
-11.48921181508648
-11.490992516518952
-11.492985078979288
-11.495223102068854
-11.49774677606367
-11.50060438847105
-11.503854206038394
-11.507566822514185
-11.511828074807399
-11.346503345121423
-11.346522013061321
-11.346541166436191
-11.346560822201218
-11.346580998057332
-11.346601712490886
-11.346622984815767
-11.346644835218203
-11.346667284804395
-11.346690355651216
-11.346714070860196
-11.34673845461504
-11.346763532242925
-11.346789330279904
-11.346815876540695
-11.346843200193204
-11.346871331838166
-11.346900303594298
-11.34693014918939
-11.346960904057855
-11.346992605445202
-11.347025292520048
-11.347059006494293
-11.34709379075211
-11.347129690988519
-11.347166755358376
-11.347205034636662
-11.347244582391047
-11.347285455167855
-11.347327712692584
-11.347371418086336
-11.347416638099569
-11.34746344336481
-11.347511908670072
-11.34756211325496
-11.34761414113161
-11.347668081432873
-11.347724028790433
-11.347782083745779
-11.347842353197388
-11.347904950887742
-11.347969997934312
-11.348037623409066
-11.348107964971637
-11.34818116956187
-11.348257394158185
-11.348336806608971
-11.348419586545136
-11.348505926382941
-11.348596032427459
-11.34869012608829
-11.348788445220737
-11.348891245607375
-11.348998802597002
-11.34911141292028
-11.349229396704049
-11.349353099709424
-11.349482895822435
-11.349619189830053
-11.349762420519436
-11.349913064143859
-11.350071638305423
-11.350238706312464
-11.35041488207871
-11.350600835642007
-11.350797299393111
-11.351005075120128
-11.351225041991981
-11.351458165625493
-11.351705508406013
-11.35196824126175
-11.35224765712831
-11.35254518638362
-11.352862414586204
-11.35320110291355
-11.353563211775022
-11.353950928168173
-11.35436669746303
-11.354813260440723
-11.355293696587536
-11.355811474861273
-11.356370513414513
-11.356975250092475
-11.357630725939313
-11.358342684468347
-11.359117690107997
-11.359963270063622
-11.360888084884749
-11.361902134359996
-11.36301700705974
-11.364246184013432
-11.365605409778189
-11.367113147696482
-11.368791140662973
-11.370665104475945
-11.372765588124501
-11.375129044452526
-11.377799165770702
-11.380828552152582
-11.384280794765218
-11.225263354645843
-11.225281305715669
-11.225299717453803
-11.22531860573799
-11.225337987135058
-11.225357878937091
-11.225378299199791
-11.225399266783263
-11.225420801395332
-11.225442923637617
-11.22546565505455
-11.225489018185547
-11.225513036620574
-11.22553773505937
-11.22556313937459
-11.225589276679164
-11.225616175398228
-11.225643865345932
-11.225672377807557
-11.22570174562734
-11.225732003302449
-11.225763187083638
-11.225795335083118
-11.225828487390206
-11.22586268619546
-11.225897975923962
-11.225934403378558
-11.225972017893907
-11.22601087150226
-11.226051019112033
-11.226092518700275
-11.226135431520314
-11.226179822325927
-11.226225759613571
-11.226273315884361
-11.226322567927614
-11.226373597128056
-11.226426489798929
-11.226481337543538
-11.226538237648036
-11.226597293508561
-11.226658615096179
-11.22672231946351
-11.226788531297348
-11.226857383522079
-11.226929017959307
-11.227003586049706
-11.227081249643897
-11.227162181869957
-11.22724656808613
-11.227334606928409
-11.227426511463888
-11.227522510462217
-11.227622849799133
-11.22772779400789
-11.22783762799662
-11.22795265895207
-11.228073218453142
-11.22819966482088
-11.228332385735488
-11.22847180115545
-11.228618366578981
-11.228772576694253
-11.22893496947188
-11.229106130761599
-11.22928669946491
-11.229477373367034
-11.22967891572529
-11.229892162727236
-11.23011803195124
-11.230357531985073
-11.230611773385672
-11.230881981196049
-11.231169509274828
-11.231475856741564
-11.231802686898487
-11.232151849059147
-11.232525403799317
-11.232925652249145
-11.23335517017246
-11.233816847735122
-11.234313936056669
-11.234850101877633
-11.235429491970633
-11.236056809292071
-11.236737403332608
-11.237477377703794
-11.23828371872821
-11.239164449723177
-11.240128816838565
-11.241187513797831
-11.242352954789547
-11.243639607181153
-11.245064398826557
-11.246647218701275
-11.24841153465223
-11.25038515846423
-11.252601196517096
-11.255099234312754
-11.25792681523854
-11.104024423296451
-11.104041693693883
-11.104059401550675
-11.10407756174816
-11.10409618980505
-11.10411530191045
-11.104134914958845
-11.104155046587266
-11.104175715214744
-11.104196940084227
-11.104218741307145
-11.104241139910798
-11.104264157888794
-11.10428781825475
-11.104312145099499
-11.104337163652064
-11.104362900344706
-11.10438938288233
-11.104416640316607
-11.104444703125164
-11.104473603296254
-11.104503374419354
-11.104534051782124
-11.104565672474306
-11.10459827549907
-11.104631901892477
-11.104666594851713
-11.104702399872824
-11.104739364898807
-11.104777540478898
-11.104816979940095
-11.104857739571939
-11.104899878825771
-11.104943460529778
-11.104988551121238
-11.105035220897571
-11.10508354428797
-11.105133600147502
-11.105185472075904
-11.105239248763374
-11.105295024366072
-11.105352898914239
-11.105412978756194
-11.105475377041873
-11.105540214249967
-11.105607618763177
-11.105677727496683
-11.105750686585486
-11.105826652136987
-11.105905791055985
-11.105988281950088
-11.106074316124618
-11.10616409867722
-11.106257849703699
-11.106355805628139
-11.106458220672117
-11.106565368479762
-11.106677543917812
-11.106795065072376
-11.106918275467265
-11.10704754653228
-11.107183280353986
-11.107325912746326
-11.107475916684024
-11.107633806148321
-11.107800140442214
-11.107975529041445
-11.108160637058091
-11.108356191406106
-11.108562987773032
-11.108781898519636
-11.109013881650174
-11.109259991020881
-11.1095213879841
-11.109799354701286
-11.110095309401038
-11.110410823910339
-11.110747643849937
-11.111107711961163
-11.11149319512445
-11.111906515743483
-11.112350388308343
-11.112827862122625
-11.113342371391576
-11.113897794131095
-11.11449852168453
-11.115149541042573
-11.115856532673405
-11.116625987213858
-11.117465345184824
-11.118383164922612
-11.119389325224342
-11.120495270868885
-11.121714311297932
-11.123061985454935
-11.124556509248974
-11.126219326541564
-11.128075790195995
-11.130156006865748
-11.132495888126208
-10.982786498138978
-10.982803121808107
-10.982820161169387
-10.982837630181763
-10.982855543394315
-10.982873915976423
-10.982892763749728
-10.98291210322203
-10.98293195162327
-10.982952326943707
-10.982973247974497
-10.982994734350784
-10.983016806597545
-10.983039486178344
-10.983062795547237
-10.983086758204047
-10.983111398753262
-10.983136742966844
-10.983162817851225
-10.983189651718835
-10.983217274264499
-10.983245716647083
-10.983275011576827
-10.98330519340879
-10.98333629824293
-10.98336836403133
-10.983401430693194
-10.983435540238231
-10.983470736899156
-10.98350706727405
-10.98354458047948
-10.983583328315254
-10.98362336544188
-10.983664749571831
-10.983707541675864
-10.983751806205749
-10.983797611334936
-10.983845029218799
-10.983894136276309
-10.983945013495173
-10.983997746762677
-10.984052427224759
-10.984109151676053
-10.984168022984031
-10.984229150550634
-10.984292650815258
-10.984358647803337
-10.984427273725322
-10.984498669631373
-10.984572986127754
-10.984650384161657
-10.984731035881982
-10.984815125584557
-10.98490285075139
-10.984994423194701
-10.985090070318
-10.985190036507966
-10.985294584672856
-10.985403997945212
-10.985518581569165
-10.985638664995422
-10.985764604210361
-10.98589678432942
-10.98603562248946
-10.986181571079882
-10.986335121358367
-10.986496807504091
-10.986667211169609
-10.986846966602261
-10.987036766417434
-10.987237368119517
-10.987449601482467
-10.987674376920836
-10.987912695004846
-10.988165657300117
-10.988434478745036
-10.988720501817687
-10.989025212791123
-10.989350260432397
-10.989697477569432
-10.990068906033335
-10.990466825585639
-10.990893787564733
-10.991352654139035
-10.991846644243461
-10.992379387509576
-10.99295498779026
-10.993578098241588
-10.994254010377361
-10.99498876007992
-10.995789254266773
-10.996663422817214
-10.99762040151039
-10.998670753185111
-10.999826736191352
-11.001102631578751
-11.002515143504015
-11.00408389122093
-11.00583201596895
-11.007786932366034
-10.861549529501639
-10.861565538299068
-10.86158194235715
-10.861598754780127
-10.861615989219171
-10.861633659899965
-10.861651781651934
-10.861670369939208
-10.861689440893464
-10.861709011348756
-10.861729098878486
-10.861749721834663
-10.861770899389604
-10.861792651580274
-10.861814999355424
-10.861837964625778
-10.861861570317435
-10.861885840428783
-10.861910800091149
-10.861936475633486
-10.861962894651413
-10.86199008608091
-10.862018080277089
-10.862046909098385
-10.862076605996625
-10.862107206113457
-10.862138746383629
-10.862171265645697
-10.862204804760792
-10.862239406740068
-10.862275116881639
-10.862311982917749
-10.862350055173104
-10.862389386735316
-10.862430033638535
-10.862472055061458
-10.86251551354098
-10.862560475202953
-10.8626070100116
-10.86265519203934
-10.862705099758948
-10.862756816360172
-10.862810430093187
-10.862866034641499
-10.862923729527195
-10.862983620551821
-10.863045820276463
-10.863110448545058
-10.86317763305544
-10.863247509983145
-10.863320224663594
-10.863395932338952
-10.86347479897676
-10.863557002168292
-10.863642732115594
-10.863732192717316
-10.863825602764779
-10.863923197261135
-10.86402522887833
-10.864131969568426
-10.864243712348207
-10.864360773278579
-10.864483493663315
-10.864612242495237
-10.864747419181992
-10.864889456588323
-10.86503882443732
-10.865196033119553
-10.86536163796661
-10.865536244054475
-10.865720511612585
-10.86591516212686
-10.866120985239531
-10.866338846565956
-10.86656969656922
-10.866814580657874
-10.8670746507015
-10.867351178194093
-10.867645569337512
-10.867959382368403
-10.868294347513853
-10.868652390036042
-10.869035656917665
-10.869446547851634
-10.869887751335591
-10.870362286840484
-10.870873554230636
-10.871425391870975
-10.872022145178086
-10.872668747772593
-10.873370817892567
-10.874134773359001
-10.874967969180961
-10.875878862896414
-10.876877214024965
-10.877974325638826
-10.879183338138201
-10.880519587975412
-10.882001047470627
-10.883648866203696
-10.740313470737057
-10.740328894583907
-10.74034469449857
-10.740360882792555
-10.740377472284733
-10.740394476326598
-10.740411908829014
-10.740429784290539
-10.740448117827436
-10.740466925205478
-10.74048622287369
-10.740506028000137
-10.740526358509921
-10.74054723312555
-10.740568671409807
-10.74059069381137
-10.740613321713298
-10.740636577484674
-10.740660484535589
-10.740685067375718
-10.740710351676805
-10.74073636433928
-10.740763133563409
-10.740790688925255
-10.740819061457884
-10.740848283738194
-10.740878389979837
-10.740909416132718
-10.740941399989607
-10.740974381300454
-10.741008401895053
-10.741043505814737
-10.741079739453903
-10.741117151712176
-10.741155794158164
-10.741195721205811
-10.741236990304452
-10.741279662143834
-10.741323800875406
-10.741369474351433
-10.741416754383518
-10.741465717022425
-10.741516442861156
-10.74156901736356
-10.74162353122093
-10.741680080739355
-10.741738768260873
-10.74179970262182
-10.741862999652206
-10.741928782720304
-10.741997183327207
-10.742068341756646
-10.742142407785972
-10.742219541464971
-10.74229991396998
-10.74238370854169
-10.742471121516122
-10.74256236345946
-10.742657660418804
-10.74275725530255
-10.742861409405867
-10.742970404098923
-10.743084542697883
-10.743204152541567
-10.743329587299828
-10.743461229543577
-10.743599493610663
-10.743744828806971
-10.743897722988043
-10.744058706573469
-10.74422835705445
-10.744407304064554
-10.744596235094944
-10.744795901948713
-10.745007128044763
-10.745230816700381
-10.745467960544056
-10.745719652236644
-10.74598709671098
-10.746271625178274
-10.746574711195821
-10.746897989146284
-10.747243275546333
-10.747612593684625
-10.748008202189261
-10.748432628247548
-10.7488887063515
-10.749379623628274
-10.74990897304434
-10.75048081605741
-10.751099756645353
-10.751771029085598
-10.752500602415951
-10.753295305209809
-10.754162975185793
-10.755112639296378
-10.756154731369676
-10.757301356200752
-10.758566611315796
-10.759966980607363
-10.619078278004164
-10.619093145025346
-10.619108370071217
-10.619123964717357
-10.619139941010426
-10.619156311491336
-10.619173089219759
-10.61919028780005
-10.619207921408714
-10.619226004823478
-10.619244553454118
-10.619263583375133
-10.619283111360403
-10.619303154919978
-10.619323732339131
-10.619344862719867
-10.619366566025008
-10.619388863125115
-10.619411775848393
-10.619435327033829
-10.619459540587789
-10.619484441544355
-10.619510056129657
-10.619536411830538
-10.61956353746785
-10.619591463274773
-10.619620220980552
-10.619649843900048
-10.619680367029611
-10.619711827149771
-10.619744262935313
-10.619777715073313
-10.619812226389865
-10.619847841986175
-10.619884609384847
-10.619922578687246
-10.619961802742887
-10.620002337331917
-10.620044241361876
-10.620087577079989
-10.62013241030243
-10.620178810662107
-10.620226851876723
-10.620276612038962
-10.620328173931
-10.620381625365598
-10.620437059556432
-10.620494575520533
-10.620554278516039
-10.62061628051884
-10.620680700742117
-10.620747666203206
-10.620817312342776
-10.620889783701895
-10.620965234663217
-10.62104383026332
-10.621125747084047
-10.62121117423177
-10.621300314414517
-10.621393385128355
-10.621490619965702
-10.621592270060148
-10.621698605684179
-10.621809918018476
-10.621926521114124
-10.622048754071981
-10.622176983466966
-10.622311606049088
-10.622453051757693
-10.622601787090884
-10.622758318878455
-10.622923198514204
-10.623097026712184
-10.623280458861892
-10.623474211069476
-10.623679066986533
-10.623895885545084
-10.624125609737668
-10.624369276605687
-10.624628028628019
-10.624903126736674
-10.625195965227919
-10.625508088887598
-10.625841212710247
-10.626197244665452
-10.626578312054793
-10.626986792112694
-10.627425347639084
-10.627896968617623
-10.628405020977757
-10.628953303912411
-10.629546117478355
-10.63018834259964
-10.630885536087234
-10.631644043907297
-10.632471136711636
-10.63337517263247
-10.634365793598336
-10.635454163025386
-10.63665325477598
-10.497843910068243
-10.497858246720176
-10.497872924421817
-10.497887954064916
-10.49790334697903
-10.497919114952767
-10.497935270256278
-10.49795182566502
-10.497968794484901
-10.497986190578905
-10.498004028395277
-10.498022322997384
-10.498041090095374
-10.498060346079738
-10.498080108056936
-10.498100393887198
-10.498121222224677
-10.498142612560125
-10.498164585266249
-10.498187161645971
-10.49821036398379
-10.498234215600466
-10.498258740911307
-10.4982839654883
-10.498309916126374
-10.498336620914158
-10.498364109309527
-10.498392412220353
-10.498421562090844
-10.498451592993941
-10.49848254073024
-10.498514442934
-10.49854733918678
-10.498581271139374
-10.49861628264273
-10.498652419888625
-10.498689731560885
-10.498728268998157
-10.498768086369145
-10.498809240861489
-10.498851792885471
-10.4988958062939
-10.498941348619654
-10.498988491332534
-10.499037310117215
-10.499087885174294
-10.499140301546678
-10.499194649473733
-10.499251024775948
-10.49930952927313
-10.499370271239513
-10.499433365899533
-10.499498935968457
-10.499567112242579
-10.49963803424417
-10.499711850927119
-10.499788721449788
-10.499868816022515
-10.499952316838066
-10.500039419094424
-10.500130332120483
-10.500225280616602
-10.500324506023565
-10.50042826803527
-10.5005368462726
-10.500650542138294
-10.500769680875429
-10.500894613855325
-10.501025721124414
-10.501163414243932
-10.501308139461306
-10.501460381258035
-10.501620666325646
-10.501789568029468
-10.501967711429273
-10.502155778937157
-10.502354516706003
-10.50256474185759
-10.50278735067778
-10.503023327928304
-10.50327375745086
-10.50353983427067
-10.503822878444426
-10.504124350942881
-10.504445871913283
-10.5047892417333
-10.505156465348838
-10.505549780486776
-10.50597169045414
-10.506425002383352
-10.506912871965604
-10.507438855940045
-10.508006973886433
-10.508621781217657
-10.509288455704448
-10.510012900411539
-10.510801866613008
-10.511663101124284
-10.512605523590668
-10.513639440673117
-10.37661032811736
-10.376624159305237
-10.376638315561065
-10.37665280714063
-10.376667644706947
-10.376682839349778
-10.376698402606285
-10.376714346482832
-10.376730683478042
-10.376747426607194
-10.376764589428024
-10.376782186068057
-10.376800231253545
-10.376818740340138
-10.376837729345393
-10.37685721498328
-10.376877214700766
-10.376897746716686
-10.376918830063028
-10.376940484628815
-10.376962731206756
-10.376985591542919
-10.377009088389565
-10.377033245561467
-10.377058087995911
-10.377083641816686
-10.377109934402371
-10.377136994459235
-10.377164852099122
-10.377193538922706
-10.37722308810855
-10.377253534508434
-10.37728491474944
-10.377317267343399
-10.377350632804228
-10.377385053773914
-10.377420575157775
-10.37745724426988
-10.377495110989438
-10.37753422792914
-10.377574650616513
-10.377616437689428
-10.377659651107042
-10.377704356377585
-10.37775062280453
-10.377798523752888
-10.377848136937466
-10.377899544735245
-10.377952834524166
-10.378008099050902
-10.378065436830484
-10.378124952580976
-10.378186757696714
-10.378250970764093
-10.37831771812428
-10.378387134487818
-10.378459363606611
-10.37853455900949
-10.378612884808303
-10.378694516582323
-10.37877964234978
-10.37886846363639
-10.378961196652119
-10.37905807358876
-10.379159344052738
-10.379265276649333
-10.379376160736863
-10.379492308371843
-10.379614056469173
-10.37974176920477
-10.379875840692103
-10.380016697968694
-10.38016480433405
-10.380320663086813
-10.380484821716252
-10.38065787661196
-10.380840478365752
-10.381033337751777
-10.381237232485097
-10.38145301487581
-10.381681620515769
-10.381924078158876
-10.382181520984322
-10.382455199466406
-10.382746496115551
-10.38305694240467
-10.383388238254922
-10.383742274527545
-10.384121159056926
-10.384527246868057
-10.38496317535403
-10.385431905351993
-10.385936769257032
-10.386481527562403
-10.387070435523993
-10.387708322033046
-10.388400683264575
-10.38915379427644
-10.389974842500003
-10.390872088032424
-10.255377495593695
-10.255390844779253
-10.255404503975369
-10.255418482845867
-10.255432791433677
-10.255447440178804
-10.255462439937283
-10.255477802001227
-10.25549353811998
-10.255509660522497
-10.255526181940995
-10.255543115635987
-10.255560475422776
-10.255578275699497
-10.255596531476847
-10.255615258409579
-10.255634472829907
-10.255654191782948
-10.255674433064335
-10.255695215260177
-10.255716557789501
-10.25573848094939
-10.255761005962981
-10.255784155030572
-10.255807951384007
-10.255832419344658
-10.255857584385218
-10.255883473195611
-10.25591011375336
-10.255937535398719
-10.255965768914965
-10.255994846614266
-10.256024802429543
-10.256055672012831
-10.256087492840669
-10.256120304327073
-10.256154147944763
-10.256189067355287
-10.25622510854885
-10.256262319994631
-10.256300752802536
-10.256340460897357
-10.256381501206462
-10.256423933862207
-10.256467822420419
-10.256513234096397
-10.256560240020082
-10.256608915512166
-10.256659340383127
-10.256711599257411
-10.256765781925145
-10.256821983724148
-10.256880305955187
-10.25694085633386
-10.257003749482811
-10.257069107468439
-10.257137060386741
-10.257207747003482
-10.257281315454495
-10.257357924012647
-10.257437741928788
-10.257520950354921
-10.25760774335887
-10.257698329040918
-10.25779293076427
-10.257891788512678
-10.257995160390484
-10.258103324282272
-10.258216579691753
-10.258335249782277
-10.25845968364445
-10.258590258820098
-10.258727384116028
-10.25887150274604
-10.259023095845397
-10.259182686408808
-10.259350843710838
-10.259528188277056
-10.259715397485172
-10.259913211888422
-10.260122442368786
-10.260343978245828
-10.260578796488689
-10.260827972204545
-10.261092690607857
-10.261374260711854
-10.261674131028437
-10.261993907616647
-10.262335374885295
-10.262700519634762
-10.263091558919973
-10.263510972434991
-10.263961540265269
-10.264446387032844
-10.264969033681318
-10.26553345842248
-10.26614416870869
-10.266806286523016
-10.26752564981561
-10.268308933590117
