# wavelength (nm)
# intensity (erg s-1 cm-2 nm-1 sr-1)
col1 col2
91.2 1.718193200808951e-06
91.21000000000001 1.7184269768411483e-06
91.22000000000001 1.718660713112138e-06
91.23000000000002 1.718894409621916e-06
91.24000000000002 1.7191280663704847e-06
91.25000000000003 1.7193616833578437e-06
91.26000000000003 1.7195952605839938e-06
91.27000000000004 1.7198287980489334e-06
91.28000000000004 1.720062295752663e-06
91.29000000000005 1.7202957536951845e-06
91.30000000000005 1.720529171876496e-06
91.31000000000006 1.7207625502965966e-06
91.32000000000006 1.7209958889554881e-06
91.33000000000007 1.7212291878531706e-06
91.34000000000007 1.721462446989643e-06
91.35000000000008 1.7216956663649049e-06
91.36000000000008 1.7219288459789587e-06
91.37000000000009 1.7221619858318019e-06
91.3800000000001 1.7223950859234348e-06
91.3900000000001 1.7226281462538597e-06
91.4000000000001 1.722861166823074e-06
91.41000000000011 1.723094147631078e-06
91.42000000000012 1.7233270886778727e-06
91.43000000000012 1.7235599899634588e-06
91.44000000000013 1.7237928514878348e-06
91.45000000000013 1.724025673251e-06
91.46000000000014 1.7242584552529561e-06
91.47000000000014 1.7244911974937036e-06
91.48000000000015 1.724723899973241e-06
91.49000000000015 1.724956562691568e-06
91.50000000000016 1.7251891856486854e-06
91.51000000000016 1.7254217688445943e-06
91.52000000000017 1.7256543122792923e-06
91.53000000000017 1.7258868159527808e-06
91.54000000000018 1.7261192798650597e-06
91.55000000000018 1.7263517040161297e-06
91.56000000000019 1.726584088405989e-06
91.57000000000019 1.7268164330346395e-06
91.5800000000002 1.7270487379020797e-06
91.5900000000002 1.727281003008311e-06
91.60000000000021 1.727513228353332e-06
91.61000000000021 1.7277454139371434e-06
91.62000000000022 1.7279775597597456e-06
91.63000000000022 1.728209665821137e-06
91.64000000000023 1.7284417321213201e-06
91.65000000000023 1.7286737586602928e-06
91.66000000000024 1.728905745438056e-06
91.67000000000024 1.729137692454609e-06
91.68000000000025 1.7293695997099534e-06
91.69000000000025 1.7296014672040878e-06
91.70000000000026 1.7298332949370122e-06
91.71000000000026 1.7300650829087263e-06
91.72000000000027 1.7302968311192324e-06
91.73000000000027 1.730528539568528e-06
91.74000000000028 1.7307602082566134e-06
91.75000000000028 1.7309918371834897e-06
91.76000000000029 1.7312234263491564e-06
91.7700000000003 1.7314549757536138e-06
91.7800000000003 1.7316864853968606e-06
91.7900000000003 1.7319179552788982e-06
91.80000000000031 1.7321493853997263e-06
91.81000000000031 1.7323807757593445e-06
91.82000000000032 1.7326121263577538e-06
91.83000000000033 1.7328434371949517e-06
91.84000000000033 1.7330747082709414e-06
91.85000000000034 1.7333059395857206e-06
91.86000000000034 1.7335371311392909e-06
91.87000000000035 1.7337682829316502e-06
91.88000000000035 1.7339993949628013e-06
91.89000000000036 1.7342304672327434e-06
91.90000000000036 1.734461499741474e-06
91.91000000000037 1.7346924924889961e-06
91.92000000000037 1.734923445475308e-06
91.93000000000038 1.7351543587004102e-06
91.94000000000038 1.7353852321643027e-06
91.95000000000039 1.7356160658669862e-06
91.96000000000039 1.7358468598084601e-06
91.9700000000004 1.7360776139887225e-06
91.9800000000004 1.7363083284077773e-06
91.9900000000004 1.7365390030656215e-06
92.00000000000041 1.7367696379622564e-06
92.01000000000042 1.7370002330976808e-06
92.02000000000042 1.737230788471897e-06
92.03000000000043 1.7374613040849027e-06
92.04000000000043 1.737691779936698e-06
92.05000000000044 1.7379222160272849e-06
92.06000000000044 1.738152612356662e-06
92.07000000000045 1.7383829689248297e-06
92.08000000000045 1.7386132857317865e-06
92.09000000000046 1.7388435627775333e-06
92.10000000000046 1.7390738000620719e-06
92.11000000000047 1.739303997585401e-06
92.12000000000047 1.7395341553475191e-06
92.13000000000048 1.7397642733484286e-06
92.14000000000048 1.7399943515881284e-06
92.15000000000049 1.7402243900666177e-06
92.1600000000005 1.7404543887838977e-06
92.1700000000005 1.7406843477399686e-06
92.1800000000005 1.740914266934829e-06
92.19000000000051 1.7411441463684807e-06
92.20000000000051 1.741373986040922e-06
92.21000000000052 1.7416037859521544e-06
92.22000000000052 1.7418335461021762e-06
92.23000000000053 1.742063266490988e-06
92.24000000000053 1.742292947118592e-06
92.25000000000054 1.742522587984985e-06
92.26000000000055 1.7427521890901679e-06
92.27000000000055 1.7429817504341425e-06
92.28000000000056 1.7432112720169065e-06
92.29000000000056 1.743440753838461e-06
92.30000000000057 1.7436701958988052e-06
92.31000000000057 1.7438995981979412e-06
92.32000000000058 1.7441289607358673e-06
92.33000000000058 1.7443582835125834e-06
92.34000000000059 1.7445875665280884e-06
92.35000000000059 1.7448168097823858e-06
92.3600000000006 1.7450460132754729e-06
92.3700000000006 1.7452751770073494e-06
92.3800000000006 1.745504300978017e-06
92.39000000000061 1.745733385187476e-06
92.40000000000062 1.745962429635724e-06
92.41000000000062 1.7461914343227627e-06
92.42000000000063 1.746420399248592e-06
92.43000000000063 1.7466493244132108e-06
92.44000000000064 1.7468782098166207e-06
92.45000000000064 1.7471070554588204e-06
92.46000000000065 1.7473358613398111e-06
92.47000000000065 1.747564627459592e-06
92.48000000000066 1.747793353818162e-06
92.49000000000066 1.748022040415524e-06
92.50000000000067 1.748250687251676e-06
92.51000000000067 1.7484792943266177e-06
92.52000000000068 1.7487078616403498e-06
92.53000000000068 1.748936389192874e-06
92.54000000000069 1.7491648769841864e-06
92.5500000000007 1.749393325014289e-06
92.5600000000007 1.7496217332831827e-06
92.5700000000007 1.749850101790868e-06
92.58000000000071 1.750078430537342e-06
92.59000000000071 1.7503067195226065e-06
92.60000000000072 1.750534968746662e-06
92.61000000000072 1.7507631782095075e-06
92.62000000000073 1.7509913479111426e-06
92.63000000000073 1.7512194778515687e-06
92.64000000000074 1.7514475680307859e-06
92.65000000000074 1.7516756184487927e-06
92.66000000000075 1.751903629105589e-06
92.67000000000075 1.7521316000011776e-06
92.68000000000076 1.7523595311355555e-06
92.69000000000077 1.7525874225087223e-06
92.70000000000077 1.752815274120681e-06
92.71000000000078 1.7530430859714306e-06
92.72000000000078 1.7532708580609694e-06
92.73000000000079 1.753498590389299e-06
92.74000000000079 1.7537262829564184e-06
92.7500000000008 1.7539539357623298e-06
92.7600000000008 1.7541815488070298e-06
92.7700000000008 1.7544091220905202e-06
92.78000000000081 1.7546366556128025e-06
92.79000000000082 1.7548641493738738e-06
92.80000000000082 1.7550916033737347e-06
92.81000000000083 1.7553190176123866e-06
92.82000000000083 1.75554639208983e-06
92.83000000000084 1.7557737268060628e-06
92.84000000000084 1.756001021761086e-06
92.85000000000085 1.7562282769549e-06
92.86000000000085 1.7564554923875038e-06
92.87000000000086 1.7566826680588979e-06
92.88000000000086 1.7569098039690817e-06
92.89000000000087 1.7571369001180583e-06
92.90000000000087 1.7573639565058237e-06
92.91000000000088 1.7575909731323784e-06
92.92000000000088 1.7578179499977251e-06
92.93000000000089 1.7580448871018612e-06
92.9400000000009 1.7582717844447881e-06
92.9500000000009 1.7584986420265042e-06
92.9600000000009 1.7587254598470115e-06
92.97000000000091 1.7589522379063099e-06
92.98000000000091 1.7591789762043969e-06
92.99000000000092 1.7594056747412753e-06
93.00000000000092 1.7596323335169446e-06
93.01000000000093 1.7598589525314033e-06
93.02000000000093 1.7600855317846528e-06
93.03000000000094 1.7603120712766934e-06
93.04000000000094 1.7605385710075229e-06
93.05000000000095 1.7607650309771429e-06
93.06000000000095 1.7609914511855531e-06
93.07000000000096 1.7612178316327552e-06
93.08000000000096 1.7614441723187467e-06
93.09000000000097 1.7616704732435274e-06
93.10000000000097 1.7618967344071006e-06
93.11000000000098 1.7621229558094626e-06
93.12000000000099 1.762349137450615e-06
93.13000000000099 1.7625752793305579e-06
93.140000000001 1.7628013814492927e-06
93.150000000001 1.763027443806816e-06
93.160000000001 1.76325346640313e-06
93.17000000000101 1.763479449238235e-06
93.18000000000102 1.7637053923121293e-06
93.19000000000102 1.7639312956248137e-06
93.20000000000103 1.7641571591762897e-06
93.21000000000103 1.7643829829665568e-06
93.22000000000104 1.7646087669956123e-06
93.23000000000104 1.7648345112634581e-06
93.24000000000105 1.7650602157700955e-06
93.25000000000105 1.7652858805155226e-06
93.26000000000106 1.7655115054997403e-06
93.27000000000106 1.7657370907227473e-06
93.28000000000107 1.765962636184547e-06
93.29000000000107 1.7661881418851342e-06
93.30000000000108 1.7664136078245125e-06
93.31000000000108 1.766639034002683e-06
93.32000000000109 1.7668644204196429e-06
93.33000000000109 1.7670897670753923e-06
93.3400000000011 1.7673150739699319e-06
93.3500000000011 1.767540341103264e-06
93.36000000000111 1.7677655684753838e-06
93.37000000000111 1.7679907560862946e-06
93.38000000000112 1.768215903935996e-06
93.39000000000112 1.7684410120244894e-06
93.40000000000113 1.7686660803517714e-06
93.41000000000113 1.7688911089178428e-06
93.42000000000114 1.7691160977227067e-06
93.43000000000114 1.7693410467663604e-06
93.44000000000115 1.7695659560488034e-06
93.45000000000115 1.7697908255700367e-06
93.46000000000116 1.7700156553300622e-06
93.47000000000116 1.7702404453288774e-06
93.48000000000117 1.7704651955664807e-06
93.49000000000117 1.7706899060428775e-06
93.50000000000118 1.770914576758063e-06
93.51000000000118 1.7711392077120387e-06
93.52000000000119 1.771363798904805e-06
93.5300000000012 1.771588350336362e-06
93.5400000000012 1.7718128620067083e-06
93.5500000000012 1.7720373339158458e-06
93.56000000000121 1.7722617660637748e-06
93.57000000000122 1.772486158450492e-06
93.58000000000122 1.7727105110760006e-06
93.59000000000123 1.7729348239402985e-06
93.60000000000123 1.773159097043389e-06
93.61000000000124 1.7733833303852678e-06
93.62000000000124 1.7736075239659368e-06
93.63000000000125 1.7738316777853972e-06
93.64000000000125 1.7740557918436477e-06
93.65000000000126 1.7742798661406887e-06
93.66000000000126 1.7745039006765194e-06
93.67000000000127 1.7747278954511416e-06
93.68000000000127 1.7749518504645529e-06
93.69000000000128 1.7751757657167549e-06
93.70000000000128 1.775399641207747e-06
93.71000000000129 1.7756234769375304e-06
93.72000000000129 1.775847272906103e-06
93.7300000000013 1.7760710291134671e-06
93.7400000000013 1.776294745559621e-06
93.75000000000131 1.7765184222445653e-06
93.76000000000131 1.7767420591682992e-06
93.77000000000132 1.776965656330824e-06
93.78000000000132 1.77718921373214e-06
93.79000000000133 1.7774127313722456e-06
93.80000000000133 1.7776362092511403e-06
93.81000000000134 1.7778596473688278e-06
93.82000000000134 1.7780830457253035e-06
93.83000000000135 1.7783064043205701e-06
93.84000000000135 1.7785297231546275e-06
93.85000000000136 1.7787530022274756e-06
93.86000000000136 1.7789762415391133e-06
93.87000000000137 1.7791994410895407e-06
93.88000000000137 1.7794226008787608e-06
93.89000000000138 1.779645720906769e-06
93.90000000000138 1.7798688011735684e-06
93.91000000000139 1.7800918416791572e-06
93.9200000000014 1.7803148424235385e-06
93.9300000000014 1.7805378034067083e-06
93.9400000000014 1.7807607246286691e-06
93.95000000000141 1.7809836060894206e-06
93.96000000000141 1.7812064477889616e-06
93.97000000000142 1.7814292497272927e-06
93.98000000000143 1.7816520119044147e-06
93.99000000000143 1.7818747343203274e-06
94.00000000000144 1.7820974169750294e-06
94.01000000000144 1.7823200598685225e-06
94.02000000000145 1.7825426630008057e-06
94.03000000000145 1.7827652263718796e-06
94.04000000000146 1.782987749981744e-06
94.05000000000146 1.783210233830398e-06
94.06000000000147 1.7834326779178438e-06
94.07000000000147 1.7836550822440777e-06
94.08000000000148 1.783877446809103e-06
94.09000000000148 1.7840997716129185e-06
94.10000000000149 1.7843220566555253e-06
94.11000000000149 1.7845443019369215e-06
94.1200000000015 1.784766507457108e-06
94.1300000000015 1.7849886732160857e-06
94.1400000000015 1.785210799213853e-06
94.15000000000151 1.78543288545041e-06
94.16000000000152 1.7856549319257579e-06
94.17000000000152 1.7858769386398977e-06
94.18000000000153 1.7860989055928257e-06
94.19000000000153 1.786320832784545e-06
94.20000000000154 1.7865427202150548e-06
94.21000000000154 1.7867645678843546e-06
94.22000000000155 1.786986375792444e-06
94.23000000000155 1.787208143939324e-06
94.24000000000156 1.787429872324996e-06
94.25000000000156 1.7876515609494567e-06
94.26000000000157 1.7878732098127082e-06
94.27000000000157 1.7880948189147496e-06
94.28000000000158 1.7883163882555825e-06
94.29000000000158 1.7885379178352047e-06
94.30000000000159 1.788759407653617e-06
94.3100000000016 1.788980857710821e-06
94.3200000000016 1.7892022680068147e-06
94.3300000000016 1.7894236385415981e-06
94.34000000000161 1.7896449693151718e-06
94.35000000000161 1.7898662603275369e-06
94.36000000000162 1.790087511578692e-06
94.37000000000162 1.790308723068637e-06
94.38000000000163 1.7905298947973727e-06
94.39000000000163 1.7907510267648984e-06
94.40000000000164 1.7909721189712151e-06
94.41000000000165 1.7911931714163207e-06
94.42000000000165 1.7914141841002187e-06
94.43000000000166 1.791635157022906e-06
94.44000000000166 1.7918560901843825e-06
94.45000000000167 1.7920769835846516e-06
94.46000000000167 1.7922978372237097e-06
94.47000000000168 1.7925186511015575e-06
94.48000000000168 1.7927394252181965e-06
94.49000000000169 1.7929601595736264e-06
94.50000000000169 1.7931808541678453e-06
94.5100000000017 1.7934015090008554e-06
94.5200000000017 1.7936221240726569e-06
94.5300000000017 1.793842699383247e-06
94.54000000000171 1.7940632349326279e-06
94.55000000000172 1.7942837307207988e-06
94.56000000000172 1.794504186747761e-06
94.57000000000173 1.794724603013513e-06
94.58000000000173 1.794944979518055e-06
94.59000000000174 1.7951653162613892e-06
94.60000000000174 1.7953856132435116e-06
94.61000000000175 1.7956058704644245e-06
94.62000000000175 1.7958260879241285e-06
94.63000000000176 1.7960462656226226e-06
94.64000000000176 1.7962664035599068e-06
94.65000000000177 1.7964865017359811e-06
94.66000000000177 1.7967065601508466e-06
94.67000000000178 1.7969265788045021e-06
94.68000000000178 1.7971465576969475e-06
94.69000000000179 1.7973664968281832e-06
94.7000000000018 1.79758639619821e-06
94.7100000000018 1.7978062558070273e-06
94.7200000000018 1.7980260756546343e-06
94.73000000000181 1.7982458557410306e-06
94.74000000000181 1.7984655960662195e-06
94.75000000000182 1.7986852966301968e-06
94.76000000000182 1.798904957432966e-06
94.77000000000183 1.7991245784745257e-06
94.78000000000183 1.7993441597548748e-06
94.79000000000184 1.7995637012740135e-06
94.80000000000184 1.7997832030319425e-06
94.81000000000185 1.800002665028664e-06
94.82000000000185 1.8002220872641744e-06
94.83000000000186 1.8004414697384746e-06
94.84000000000187 1.8006608124515671e-06
94.85000000000187 1.800880115403448e-06
94.86000000000188 1.8010993785941191e-06
94.87000000000188 1.8013186020235816e-06
94.88000000000189 1.8015377856918347e-06
94.89000000000189 1.801756929598877e-06
94.9000000000019 1.8019760337447097e-06
94.9100000000019 1.802195098129333e-06
94.9200000000019 1.802414122752748e-06
94.93000000000191 1.802633107614952e-06
94.94000000000192 1.8028520527159462e-06
94.95000000000192 1.8030709580557325e-06
94.96000000000193 1.8032898236343068e-06
94.97000000000193 1.8035086494516722e-06
94.98000000000194 1.8037274355078283e-06
94.99000000000194 1.8039461818027756e-06
95.00000000000195 1.8041648883365113e-06
95.01000000000195 1.8043835551090377e-06
95.02000000000196 1.804602182120357e-06
95.03000000000196 1.8048207693704635e-06
95.04000000000197 1.8050393168593613e-06
95.05000000000197 1.805257824587049e-06
95.06000000000198 1.8054762925535285e-06
95.07000000000198 1.8056947207587971e-06
95.08000000000199 1.8059131092028565e-06
95.090000000002 1.8061314578857068e-06
95.100000000002 1.8063497668073466e-06
95.110000000002 1.8065680359677762e-06
95.12000000000201 1.8067862653669974e-06
95.13000000000201 1.8070044550050091e-06
95.14000000000202 1.8072226048818103e-06
95.15000000000202 1.8074407149974016e-06
95.16000000000203 1.8076587853517833e-06
95.17000000000203 1.807876815944956e-06
95.18000000000204 1.8080948067769188e-06
95.19000000000204 1.8083127578476713e-06
95.20000000000205 1.8085306691572154e-06
95.21000000000205 1.808748540705549e-06
95.22000000000206 1.8089663724926728e-06
95.23000000000206 1.8091841645185874e-06
95.24000000000207 1.8094019167832928e-06
95.25000000000207 1.8096196292867875e-06
95.26000000000208 1.8098373020290727e-06
95.27000000000209 1.8100549350101487e-06
95.28000000000209 1.8102725282300151e-06
95.2900000000021 1.810490081688671e-06
95.3000000000021 1.8107075953861174e-06
95.3100000000021 1.8109250693223556e-06
95.32000000000211 1.8111425034973826e-06
95.33000000000212 1.8113598979111995e-06
95.34000000000212 1.8115772525638089e-06
95.35000000000213 1.8117945674552076e-06
95.36000000000213 1.8120118425853958e-06
95.37000000000214 1.8122290779543748e-06
95.38000000000214 1.8124462735621455e-06
95.39000000000215 1.8126634294087044e-06
95.40000000000215 1.8128805454940545e-06
95.41000000000216 1.8130976218181955e-06
95.42000000000216 1.8133146583811262e-06
95.43000000000217 1.8135316551828473e-06
95.44000000000217 1.813748612223359e-06
95.45000000000218 1.813965529502661e-06
95.46000000000218 1.8141824070207535e-06
95.47000000000219 1.8143992447776357e-06
95.48000000000219 1.814616042773309e-06
95.4900000000022 1.8148328010077724e-06
95.5000000000022 1.8150495194810257e-06
95.51000000000221 1.8152661981930693e-06
95.52000000000221 1.8154828371439045e-06
95.53000000000222 1.8156994363335287e-06
95.54000000000222 1.8159159957619438e-06
95.55000000000223 1.8161325154291486e-06
95.56000000000223 1.8163489953351443e-06
95.57000000000224 1.8165654354799305e-06
95.58000000000224 1.8167818358635064e-06
95.59000000000225 1.8169981964858735e-06
95.60000000000225 1.8172145173470306e-06
95.61000000000226 1.8174307984469783e-06
95.62000000000226 1.8176470397857148e-06
95.63000000000227 1.8178632413632437e-06
95.64000000000227 1.8180794031795627e-06
95.65000000000228 1.8182955252346709e-06
95.66000000000228 1.8185116075285696e-06
95.67000000000229 1.8187276500612585e-06
95.6800000000023 1.8189436528327384e-06
95.6900000000023 1.819159615843008e-06
95.7000000000023 1.8193755390920689e-06
95.71000000000231 1.8195914225799204e-06
95.72000000000232 1.8198072663065612e-06
95.73000000000232 1.8200230702719926e-06
95.74000000000233 1.8202388344762134e-06
95.75000000000233 1.8204545589192267e-06
95.76000000000234 1.8206702436010287e-06
95.77000000000234 1.8208858885216212e-06
95.78000000000235 1.8211014936810044e-06
95.79000000000235 1.821317059079178e-06
95.80000000000236 1.8215325847161425e-06
95.81000000000236 1.8217480705918958e-06
95.82000000000237 1.821963516706441e-06
95.83000000000237 1.8221789230597747e-06
95.84000000000238 1.8223942896519005e-06
95.85000000000238 1.8226096164828154e-06
95.86000000000239 1.822824903552522e-06
95.87000000000239 1.8230401508610186e-06
95.8800000000024 1.8232553584083044e-06
95.8900000000024 1.8234705261943807e-06
95.90000000000241 1.8236856542192484e-06
95.91000000000241 1.8239007424829064e-06
95.92000000000242 1.8241157909853542e-06
95.93000000000242 1.824330799726592e-06
95.94000000000243 1.824545768706621e-06
95.95000000000243 1.8247606979254395e-06
95.96000000000244 1.824975587383048e-06
95.97000000000244 1.8251904370794484e-06
95.98000000000245 1.8254052470146388e-06
95.99000000000245 1.8256200171886188e-06
96.00000000000246 1.825834747601389e-06
96.01000000000246 1.8260494382529498e-06
96.02000000000247 1.8262640891433015e-06
96.03000000000247 1.826478700272443e-06
96.04000000000248 1.826693271640375e-06
96.05000000000248 1.8269078032470978e-06
96.06000000000249 1.8271222950926094e-06
96.0700000000025 1.8273367471769124e-06
96.0800000000025 1.8275511595000055e-06
96.0900000000025 1.8277655320618902e-06
96.10000000000251 1.8279798648625638e-06
96.11000000000251 1.8281941579020283e-06
96.12000000000252 1.8284084111802838e-06
96.13000000000252 1.828622624697328e-06
96.14000000000253 1.8288367984531627e-06
96.15000000000254 1.8290509324477885e-06
96.16000000000254 1.8292650266812048e-06
96.17000000000255 1.8294790811534113e-06
96.18000000000255 1.8296930958644074e-06
96.19000000000256 1.8299070708141952e-06
96.20000000000256 1.8301210060027728e-06
96.21000000000257 1.8303349014301396e-06
96.22000000000257 1.8305487570962984e-06
96.23000000000258 1.830762573001247e-06
96.24000000000258 1.8309763491449854e-06
96.25000000000259 1.8311900855275142e-06
96.26000000000259 1.831403782148834e-06
96.2700000000026 1.8316174390089434e-06
96.2800000000026 1.8318310561078438e-06
96.2900000000026 1.8320446334455332e-06
96.30000000000261 1.8322581710220152e-06
96.31000000000262 1.8324716688372859e-06
96.32000000000262 1.8326851268913466e-06
96.33000000000263 1.8328985451841996e-06
96.34000000000263 1.8331119237158415e-06
96.35000000000264 1.833325262486274e-06
96.36000000000264 1.8335385614954966e-06
96.37000000000265 1.8337518207435101e-06
96.38000000000265 1.8339650402303135e-06
96.39000000000266 1.8341782199559066e-06
96.40000000000266 1.8343913599202908e-06
96.41000000000267 1.834604460123466e-06
96.42000000000267 1.8348175205654307e-06
96.43000000000268 1.8350305412461854e-06
96.44000000000268 1.8352435221657315e-06
96.45000000000269 1.835456463324067e-06
96.4600000000027 1.8356693647211934e-06
96.4700000000027 1.8358822263571093e-06
96.4800000000027 1.836095048231817e-06
96.49000000000271 1.836307830345314e-06
96.50000000000271 1.8365205726976013e-06
96.51000000000272 1.8367332752886807e-06
96.52000000000272 1.8369459381185483e-06
96.53000000000273 1.8371585611872058e-06
96.54000000000273 1.8373711444946544e-06
96.55000000000274 1.8375836880408955e-06
96.56000000000274 1.8377961918259245e-06
96.57000000000275 1.8380086558497434e-06
96.58000000000276 1.8382210801123541e-06
96.59000000000276 1.838433464613756e-06
96.60000000000277 1.8386458093539464e-06
96.61000000000277 1.838858114332927e-06
96.62000000000278 1.8390703795506996e-06
96.63000000000278 1.8392826050072614e-06
96.64000000000279 1.8394947907026126e-06
96.65000000000279 1.8397069366367552e-06
96.6600000000028 1.8399190428096902e-06
96.6700000000028 1.8401311092214126e-06
96.6800000000028 1.8403431358719263e-06
96.69000000000281 1.8405551227612307e-06
96.70000000000282 1.8407670698893243e-06
96.71000000000282 1.840978977256209e-06
96.72000000000283 1.841190844861884e-06
96.73000000000283 1.8414026727063501e-06
96.74000000000284 1.841614460789606e-06
96.75000000000284 1.8418262091116512e-06
96.76000000000285 1.8420379176724884e-06
96.77000000000285 1.8422495864721152e-06
96.78000000000286 1.8424612155105317e-06
96.79000000000286 1.8426728047877387e-06
96.80000000000287 1.842884354303737e-06
96.81000000000287 1.8430958640585247e-06
96.82000000000288 1.8433073340521035e-06
96.83000000000288 1.8435187642844717e-06
96.84000000000289 1.843730154755631e-06
96.8500000000029 1.8439415054655805e-06
96.8600000000029 1.8441528164143202e-06
96.8700000000029 1.8443640876018511e-06
96.88000000000291 1.8445753190281713e-06
96.89000000000291 1.8447865106932815e-06
96.90000000000292 1.8449976625971827e-06
96.91000000000292 1.8452087747398752e-06
96.92000000000293 1.8454198471213568e-06
96.93000000000293 1.8456308797416278e-06
96.94000000000294 1.8458418726006923e-06
96.95000000000294 1.8460528256985441e-06
96.96000000000295 1.846263739035187e-06
96.97000000000295 1.8464746126106206e-06
96.98000000000296 1.8466854464248448e-06
96.99000000000296 1.8468962404778591e-06
97.00000000000297 1.8471069947696627e-06
97.01000000000298 1.8473177093002588e-06
97.02000000000298 1.8475283840696434e-06
97.03000000000299 1.847739019077819e-06
97.04000000000299 1.847949614324785e-06
97.050000000003 1.8481601698105415e-06
97.060000000003 1.8483706855350877e-06
97.070000000003 1.8485811614984246e-06
97.08000000000301 1.8487915977005527e-06
97.09000000000302 1.8490019941414702e-06
97.10000000000302 1.8492123508211776e-06
97.11000000000303 1.849422667739676e-06
97.12000000000303 1.8496329448969652e-06
97.13000000000304 1.849843182293044e-06
97.14000000000304 1.8500533799279126e-06
97.15000000000305 1.8502635378015732e-06
97.16000000000305 1.8504736559140228e-06
97.17000000000306 1.8506837342652634e-06
97.18000000000306 1.8508937728552938e-06
97.19000000000307 1.851103771684115e-06
97.20000000000307 1.851313730751726e-06
97.21000000000308 1.8515236500581274e-06
97.22000000000308 1.8517335296033189e-06
97.23000000000309 1.8519433693873023e-06
97.24000000000309 1.852153169410075e-06
97.2500000000031 1.8523629296716371e-06
97.2600000000031 1.8525726501719917e-06
97.27000000000311 1.8527823309111357e-06
97.28000000000311 1.8529919718890687e-06
97.29000000000312 1.853201573105793e-06
97.30000000000312 1.8534111345613089e-06
97.31000000000313 1.8536206562556133e-06
97.32000000000313 1.8538301381887088e-06
97.33000000000314 1.854039580360595e-06
97.34000000000314 1.854248982771271e-06
97.35000000000315 1.8544583454207367e-06
97.36000000000315 1.8546676683089936e-06
97.37000000000316 1.8548769514360413e-06
97.38000000000316 1.8550861948018786e-06
97.39000000000317 1.8552953984065058e-06
97.40000000000317 1.8555045622499254e-06
97.41000000000318 1.8557136863321334e-06
97.42000000000318 1.8559227706531315e-06
97.43000000000319 1.8561318152129204e-06
97.4400000000032 1.8563408200115008e-06
97.4500000000032 1.8565497850488698e-06
97.4600000000032 1.8567587103250304e-06
97.47000000000321 1.8569675958399802e-06
97.48000000000322 1.8571764415937222e-06
97.49000000000322 1.857385247586253e-06
97.50000000000323 1.857594013817574e-06
97.51000000000323 1.857802740287687e-06
97.52000000000324 1.858011426996588e-06
97.53000000000324 1.8582200739442811e-06
97.54000000000325 1.8584286811307635e-06
97.55000000000325 1.8586372485560378e-06
97.56000000000326 1.858845776220101e-06
97.57000000000326 1.8590542641229543e-06
97.58000000000327 1.8592627122645995e-06
97.59000000000327 1.859471120645034e-06
97.60000000000328 1.8596794892642582e-06
97.61000000000328 1.859887818122273e-06
97.62000000000329 1.86009610721908e-06
97.63000000000329 1.8603043565546756e-06
97.6400000000033 1.8605125661290612e-06
97.6500000000033 1.8607207359422392e-06
97.66000000000331 1.8609288659942054e-06
97.67000000000331 1.8611369562849625e-06
97.68000000000332 1.8613450068145097e-06
97.69000000000332 1.861553017582849e-06
97.70000000000333 1.8617609885899767e-06
97.71000000000333 1.8619689198358952e-06
97.72000000000334 1.8621768113206053e-06
97.73000000000334 1.862384663044104e-06
97.74000000000335 1.8625924750063937e-06
97.75000000000335 1.8628002472074726e-06
97.76000000000336 1.8630079796473443e-06
97.77000000000336 1.8632156723260049e-06
97.78000000000337 1.863423325243455e-06
97.79000000000337 1.8636309383996982e-06
97.80000000000338 1.8638385117947296e-06
97.81000000000338 1.8640460454285505e-06
97.82000000000339 1.8642535393011626e-06
97.8300000000034 1.8644609934125668e-06
97.8400000000034 1.864668407762759e-06
97.8500000000034 1.864875782351742e-06
97.86000000000341 1.8650831171795157e-06
97.87000000000342 1.8652904122460805e-06
97.88000000000342 1.8654976675514348e-06
97.89000000000343 1.8657048830955794e-06
97.90000000000343 1.8659120588785156e-06
97.91000000000344 1.8661191949002404e-06
97.92000000000344 1.866326291160756e-06
97.93000000000345 1.8665333476600612e-06
97.94000000000345 1.8667403643981588e-06
97.95000000000346 1.866947341375045e-06
97.96000000000346 1.867154278590722e-06
97.97000000000347 1.8673611760451908e-06
97.98000000000347 1.867568033738448e-06
97.99000000000348 1.8677748516704961e-06
98.00000000000348 1.867981629841334e-06
98.01000000000349 1.8681883682509643e-06
98.02000000000349 1.8683950668993828e-06
98.0300000000035 1.8686017257865919e-06
98.0400000000035 1.868808344912593e-06
98.05000000000351 1.8690149242773825e-06
98.06000000000351 1.8692214638809628e-06
98.07000000000352 1.8694279637233328e-06
98.08000000000352 1.869634423804495e-06
98.09000000000353 1.8698408441244474e-06
98.10000000000353 1.8700472246831883e-06
98.11000000000354 1.8702535654807201e-06
98.12000000000354 1.8704598665170444e-06
98.13000000000355 1.870666127792156e-06
98.14000000000355 1.8708723493060592e-06
98.15000000000356 1.8710785310587537e-06
98.16000000000356 1.8712846730502373e-06
98.17000000000357 1.8714907752805114e-06
98.18000000000357 1.8716968377495757e-06
98.19000000000358 1.8719028604574317e-06
98.20000000000358 1.872108843404076e-06
98.21000000000359 1.8723147865895115e-06
98.2200000000036 1.8725206900137392e-06
98.2300000000036 1.8727265536767553e-06
98.2400000000036 1.8729323775785613e-06
98.25000000000361 1.8731381617191574e-06
98.26000000000361 1.873343906098546e-06
98.27000000000362 1.873549610716723e-06
98.28000000000362 1.8737552755736908e-06
98.29000000000363 1.8739609006694504e-06
98.30000000000364 1.8741664860039986e-06
98.31000000000364 1.8743720315773377e-06
98.32000000000365 1.8745775373894661e-06
98.33000000000365 1.8747830034403871e-06
98.34000000000366 1.8749884297300968e-06
98.35000000000366 1.8751938162585967e-06
98.36000000000367 1.8753991630258882e-06
98.37000000000367 1.8756044700319691e-06
98.38000000000368 1.8758097372768402e-06
98.39000000000368 1.8760149647605013e-06
98.40000000000369 1.8762201524829547e-06
98.41000000000369 1.8764253004441964e-06
98.4200000000037 1.8766304086442295e-06
98.4300000000037 1.8768354770830535e-06
98.4400000000037 1.877040505760666e-06
98.45000000000371 1.8772454946770701e-06
98.46000000000372 1.8774504438322636e-06
98.47000000000372 1.8776553532262486e-06
98.48000000000373 1.8778602228590237e-06
98.49000000000373 1.8780650527305887e-06
98.50000000000374 1.878269842840943e-06
98.51000000000374 1.87847459319009e-06
98.52000000000375 1.8786793037780261e-06
98.53000000000375 1.8788839746047515e-06
98.54000000000376 1.8790886056702697e-06
98.55000000000376 1.8792931969745773e-06
98.56000000000377 1.8794977485176733e-06
98.57000000000377 1.8797022602995616e-06
98.58000000000378 1.8799067323202403e-06
98.59000000000378 1.8801111645797088e-06
98.60000000000379 1.880315557077968e-06
98.6100000000038 1.8805199098150176e-06
98.6200000000038 1.8807242227908573e-06
98.6300000000038 1.8809284960054865e-06
98.64000000000381 1.8811327294589067e-06
98.65000000000381 1.8813369231511182e-06
98.66000000000382 1.8815410770821183e-06
98.67000000000382 1.8817451912519098e-06
98.68000000000383 1.8819492656604915e-06
98.69000000000383 1.8821533003078636e-06
98.70000000000384 1.8823572951940253e-06
98.71000000000384 1.8825612503189776e-06
98.72000000000385 1.8827651656827212e-06
98.73000000000386 1.8829690412852547e-06
98.74000000000386 1.8831728771265772e-06
98.75000000000387 1.8833766732066909e-06
98.76000000000387 1.8835804295255968e-06
98.77000000000388 1.8837841460832912e-06
98.78000000000388 1.8839878228797758e-06
98.79000000000389 1.8841914599150515e-06
98.80000000000389 1.8843950571891173e-06
98.8100000000039 1.8845986147019732e-06
98.8200000000039 1.8848021324536186e-06
98.8300000000039 1.8850056104440564e-06
98.84000000000391 1.8852090486732832e-06
98.85000000000392 1.8854124471412998e-06
98.86000000000392 1.8856158058481094e-06
98.87000000000393 1.885819124793707e-06
98.88000000000393 1.8860224039780947e-06
98.89000000000394 1.8862256434012734e-06
98.90000000000394 1.886428843063243e-06
98.91000000000395 1.886632002964002e-06
98.92000000000395 1.8868351231035516e-06
98.93000000000396 1.887038203481893e-06
98.94000000000396 1.8872412440990228e-06
98.95000000000397 1.8874442449549434e-06
98.96000000000397 1.8876472060496538e-06
98.97000000000398 1.8878501273831566e-06
98.98000000000398 1.888053008955448e-06
98.99000000000399 1.8882558507665294e-06
99.000000000004 1.888458652816403e-06
99.010000000004 1.888661415105065e-06
99.020000000004 1.888864137632518e-06
99.03000000000401 1.8890668203987613e-06
99.04000000000401 1.8892694634037962e-06
99.05000000000402 1.88947206664762e-06
99.06000000000402 1.8896746301302347e-06
99.07000000000403 1.889877153851639e-06
99.08000000000403 1.8900796378118345e-06
99.09000000000404 1.8902820820108195e-06
99.10000000000404 1.8904844864485958e-06
99.11000000000405 1.8906868511251625e-06
99.12000000000405 1.890889176040519e-06
99.13000000000406 1.8910914611946654e-06
99.14000000000406 1.8912937065876016e-06
99.15000000000407 1.891495912219331e-06
99.16000000000408 1.8916980780898482e-06
99.17000000000408 1.8919002041991562e-06
99.18000000000409 1.8921022905472558e-06
99.19000000000409 1.8923043371341446e-06
99.2000000000041 1.8925063439598233e-06
99.2100000000041 1.8927083110242928e-06
99.2200000000041 1.8929102383275538e-06
99.23000000000411 1.8931121258696034e-06
99.24000000000412 1.8933139736504433e-06
99.25000000000412 1.893515781670075e-06
99.26000000000413 1.8937175499284961e-06
99.27000000000413 1.8939192784257078e-06
99.28000000000414 1.8941209671617093e-06
99.29000000000414 1.8943226161365029e-06
99.30000000000415 1.8945242253500852e-06
99.31000000000415 1.8947257948024574e-06
99.32000000000416 1.894927324493621e-06
99.33000000000416 1.8951288144235753e-06
99.34000000000417 1.895330264592319e-06
99.35000000000417 1.8955316749998536e-06
99.36000000000418 1.8957330456461777e-06
99.37000000000418 1.895934376531293e-06
99.38000000000419 1.8961356676551987e-06
99.39000000000419 1.896336919017894e-06
99.4000000000042 1.896538130619381e-06
99.4100000000042 1.8967393024596562e-06
99.42000000000421 1.8969404345387235e-06
99.43000000000421 1.8971415268565804e-06
99.44000000000422 1.897342579413228e-06
99.45000000000422 1.8975435922086657e-06
99.46000000000423 1.8977445652428933e-06
99.47000000000423 1.8979454985159123e-06
99.48000000000424 1.8981463920277217e-06
99.49000000000424 1.8983472457783198e-06
99.50000000000425 1.8985480597677097e-06
99.51000000000425 1.89874883399589e-06
99.52000000000426 1.8989495684628594e-06
99.53000000000426 1.89915026316862e-06
99.54000000000427 1.8993509181131712e-06
99.55000000000427 1.8995515332965124e-06
99.56000000000428 1.8997521087186432e-06
99.57000000000428 1.8999526443795658e-06
99.58000000000429 1.9001531402792779e-06
99.5900000000043 1.9003535964177804e-06
99.6000000000043 1.9005540127950725e-06
99.6100000000043 1.9007543894111558e-06
99.62000000000431 1.9009547262660302e-06
99.63000000000432 1.9011550233596941e-06
99.64000000000432 1.9013552806921484e-06
99.65000000000433 1.9015554982633924e-06
99.66000000000433 1.9017556760734275e-06
99.67000000000434 1.9019558141222525e-06
99.68000000000434 1.9021559124098682e-06
99.69000000000435 1.9023559709362742e-06
99.70000000000435 1.90255598970147e-06
99.71000000000436 1.9027559687054577e-06
99.72000000000436 1.9029559079482344e-06
99.73000000000437 1.9031558074298018e-06
99.74000000000437 1.9033556671501591e-06
99.75000000000438 1.9035554871093076e-06
99.76000000000438 1.9037552673072448e-06
99.77000000000439 1.903955007743974e-06
99.78000000000439 1.904154708419492e-06
99.7900000000044 1.9043543693338016e-06
99.8000000000044 1.9045539904869026e-06
99.81000000000441 1.9047535718787918e-06
99.82000000000441 1.9049531135094717e-06
99.83000000000442 1.905152615378943e-06
99.84000000000442 1.9053520774872037e-06
99.85000000000443 1.9055514998342543e-06
99.86000000000443 1.9057508824200967e-06
99.87000000000444 1.905950225244729e-06
99.88000000000444 1.9061495283081512e-06
99.89000000000445 1.9063487916103647e-06
99.90000000000445 1.906548015151367e-06
99.91000000000446 1.9067471989311609e-06
99.92000000000446 1.9069463429497442e-06
99.93000000000447 1.9071454472071183e-06
99.94000000000447 1.907344511703282e-06
99.95000000000448 1.907543536438238e-06
99.96000000000448 1.907742521411983e-06
99.97000000000449 1.9079414666245177e-06
99.9800000000045 1.908140372075843e-06
99.9900000000045 1.908339237765959e-06
100.0000000000045 1.9085380636948666e-06
100.01000000000451 1.908736849862563e-06
100.02000000000452 1.9089355962690494e-06
100.03000000000452 1.909134302914327e-06
100.04000000000453 1.909332969798395e-06
100.05000000000453 1.9095315969212533e-06
100.06000000000454 1.9097301842829017e-06
100.07000000000454 1.9099287318833413e-06
100.08000000000455 1.9101272397225695e-06
100.09000000000455 1.9103257078005888e-06
100.10000000000456 1.9105241361173984e-06
100.11000000000456 1.910722524673e-06
100.12000000000457 1.9109208734673902e-06
100.13000000000457 1.911119182500571e-06
100.14000000000458 1.9113174517725424e-06
100.15000000000458 1.911515681283304e-06
100.16000000000459 1.911713871032855e-06
100.17000000000459 1.911912021021197e-06
100.1800000000046 1.9121101312483305e-06
100.1900000000046 1.9123082017142532e-06
100.20000000000461 1.912506232418966e-06
100.21000000000461 1.912704223362471e-06
100.22000000000462 1.912902174544764e-06
100.23000000000462 1.913100085965848e-06
100.24000000000463 1.9132979576257224e-06
100.25000000000463 1.913495789524388e-06
100.26000000000464 1.9136935816618435e-06
100.27000000000464 1.9138913340380882e-06
100.28000000000465 1.9140890466531254e-06
100.29000000000465 1.914286719506951e-06
100.30000000000466 1.9144843525995672e-06
100.31000000000466 1.9146819459309744e-06
100.32000000000467 1.9148794995011724e-06
100.33000000000467 1.915077013310159e-06
100.34000000000468 1.9152744873579375e-06
100.35000000000468 1.9154719216445068e-06
100.36000000000469 1.915669316169865e-06
100.3700000000047 1.9158666709340137e-06
100.3800000000047 1.916063985936952e-06
100.3900000000047 1.9162612611786826e-06
100.40000000000471 1.916458496659203e-06
100.41000000000471 1.9166556923785128e-06
100.42000000000472 1.9168528483366133e-06
100.43000000000472 1.917049964533505e-06
100.44000000000473 1.9172470409691857e-06
100.45000000000474 1.9174440776436584e-06
100.46000000000474 1.917641074556921e-06
100.47000000000475 1.917838031708973e-06
100.48000000000475 1.9180349490998145e-06
100.49000000000476 1.918231826729448e-06
100.50000000000476 1.918428664597872e-06
100.51000000000477 1.918625462705086e-06
100.52000000000477 1.9188222210510886e-06
100.53000000000478 1.919018939635885e-06
100.54000000000478 1.9192156184594695e-06
100.55000000000479 1.9194122575218435e-06
100.56000000000479 1.9196088568230087e-06
100.5700000000048 1.919805416362966e-06
100.5800000000048 1.9200019361417117e-06
100.5900000000048 1.9201984161592473e-06
100.60000000000481 1.920394856415576e-06
100.61000000000482 1.9205912569106925e-06
100.62000000000482 1.9207876176445995e-06
100.63000000000483 1.9209839386172976e-06
100.64000000000483 1.921180219828786e-06
100.65000000000484 1.9213764612790643e-06
100.66000000000484 1.9215726629681325e-06
100.67000000000485 1.9217688248959914e-06
100.68000000000485 1.921964947062642e-06
100.69000000000486 1.9221610294680814e-06
100.70000000000486 1.9223570721123116e-06
100.71000000000487 1.922553074995333e-06
100.72000000000487 1.9227490381171434e-06
100.73000000000488 1.9229449614777446e-06
100.74000000000488 1.923140845077135e-06
100.75000000000489 1.9233366889153186e-06
100.7600000000049 1.9235324929922898e-06
100.7700000000049 1.923728257308052e-06
100.7800000000049 1.9239239818626065e-06
100.79000000000491 1.924119666655949e-06
100.80000000000491 1.9243153116880827e-06
100.81000000000492 1.9245109169590058e-06
100.82000000000492 1.9247064824687218e-06
100.83000000000493 1.924902008217225e-06
100.84000000000493 1.9250974942045208e-06
100.85000000000494 1.925292940430607e-06
100.86000000000494 1.925488346895482e-06
100.87000000000495 1.925683713599147e-06
100.88000000000496 1.9258790405416037e-06
100.89000000000496 1.926074327722851e-06
100.90000000000497 1.9262695751428876e-06
100.91000000000497 1.926464782801715e-06
100.92000000000498 1.9266599506993336e-06
100.93000000000498 1.926855078835741e-06
100.94000000000499 1.927050167210939e-06
100.95000000000499 1.9272452158249272e-06
100.960000000005 1.9274402246777074e-06
100.970000000005 1.927635193769277e-06
100.980000000005 1.9278301230996357e-06
100.99000000000501 1.928025012668787e-06
101.00000000000502 1.928219862476727e-06
101.01000000000502 1.9284146725234574e-06
101.02000000000503 1.928609442808979e-06
101.03000000000503 1.9288041733332904e-06
101.04000000000504 1.928998864096392e-06
101.05000000000504 1.9291935150982833e-06
101.06000000000505 1.9293881263389657e-06
101.07000000000505 1.9295826978184396e-06
101.08000000000506 1.9297772295367025e-06
101.09000000000506 1.929971721493755e-06
101.10000000000507 1.9301661736896e-06
101.11000000000507 1.930360586124234e-06
101.12000000000508 1.9305549587976578e-06
101.13000000000508 1.9307492917098727e-06
101.14000000000509 1.9309435848608787e-06
101.1500000000051 1.931137838250674e-06
101.1600000000051 1.931332051879259e-06
101.1700000000051 1.931526225746637e-06
101.18000000000511 1.931720359852803e-06
101.19000000000511 1.9319144541977595e-06
101.20000000000512 1.9321085087815057e-06
101.21000000000512 1.932302523604044e-06
101.22000000000513 1.932496498665372e-06
101.23000000000513 1.9326904339654897e-06
101.24000000000514 1.9328843295043996e-06
101.25000000000514 1.933078185282098e-06
101.26000000000515 1.933272001298587e-06
101.27000000000515 1.933465777553865e-06
101.28000000000516 1.9336595140479367e-06
101.29000000000516 1.933853210780797e-06
101.30000000000517 1.9340468677524464e-06
101.31000000000518 1.9342404849628875e-06
101.32000000000518 1.93443406241212e-06
101.33000000000519 1.934627600100141e-06
101.34000000000519 1.9348210980269523e-06
101.3500000000052 1.9350145561925555e-06
101.3600000000052 1.935207974596948e-06
101.3700000000052 1.93540135324013e-06
101.38000000000521 1.935594692122104e-06
101.39000000000522 1.9357879912428684e-06
101.40000000000522 1.935981250602422e-06
101.41000000000523 1.936174470200766e-06
101.42000000000523 1.9363676500379013e-06
101.43000000000524 1.936560790113826e-06
101.44000000000524 1.9367538904285407e-06
101.45000000000525 1.9369469509820465e-06
101.46000000000525 1.9371399717743434e-06
101.47000000000526 1.9373329528054294e-06
101.48000000000526 1.9375258940753065e-06
101.49000000000527 1.937718795583974e-06
101.50000000000527 1.937911657331431e-06
101.51000000000528 1.9381044793176784e-06
101.52000000000528 1.938297261542716e-06
101.53000000000529 1.9384900040065458e-06
101.54000000000529 1.9386827067091643e-06
101.5500000000053 1.9388753696505726e-06
101.5600000000053 1.9390679928307726e-06
101.57000000000531 1.9392605762497624e-06
101.58000000000531 1.939453119907542e-06
101.59000000000532 1.9396456238041126e-06
101.60000000000532 1.9398380879394746e-06
101.61000000000533 1.9400305123136247e-06
101.62000000000533 1.9402228969265657e-06
101.63000000000534 1.940415241778298e-06
101.64000000000534 1.940607546868821e-06
101.65000000000535 1.9407998121981327e-06
101.66000000000535 1.9409920377662353e-06
101.67000000000536 1.9411842235731294e-06
101.68000000000536 1.941376369618812e-06
101.69000000000537 1.9415684759032864e-06
101.70000000000537 1.9417605424265497e-06
101.71000000000538 1.9419525691886054e-06
101.72000000000538 1.9421445561894494e-06
101.73000000000539 1.9423365034290844e-06
101.7400000000054 1.942528410907511e-06
101.7500000000054 1.9427202786247263e-06
101.7600000000054 1.9429121065807323e-06
101.77000000000541 1.943103894775528e-06
101.78000000000542 1.9432956432091164e-06
101.79000000000542 1.943487351881493e-06
101.80000000000543 1.943679020792661e-06
101.81000000000543 1.9438706499426192e-06
101.82000000000544 1.9440622393313674e-06
101.83000000000544 1.944253788958905e-06
101.84000000000545 1.9444452988252335e-06
101.85000000000545 1.9446367689303547e-06
101.86000000000546 1.9448281992742632e-06
101.87000000000546 1.945019589856963e-06
101.88000000000547 1.9452109406784547e-06
101.89000000000547 1.945402251738735e-06
101.90000000000548 1.945593523037805e-06
101.91000000000548 1.945784754575666e-06
101.92000000000549 1.945975946352319e-06
101.93000000000549 1.9461670983677605e-06
101.9400000000055 1.9463582106219923e-06
101.9500000000055 1.946549283115015e-06
101.96000000000551 1.946740315846829e-06
101.97000000000551 1.946931308817432e-06
101.98000000000552 1.947122262026825e-06
101.99000000000552 1.9473131754750097e-06
102.00000000000553 1.9475040491619846e-06
102.01000000000553 1.9476948830877477e-06
102.02000000000554 1.947885677252303e-06
102.03000000000554 1.9480764316556494e-06
102.04000000000555 1.9482671462977847e-06
102.05000000000555 1.9484578211787107e-06
102.06000000000556 1.948648456298428e-06
102.07000000000556 1.9488390516569344e-06
102.08000000000557 1.949029607254231e-06
102.09000000000557 1.949220123090318e-06
102.10000000000558 1.9494105991651968e-06
102.11000000000558 1.949601035478865e-06
102.12000000000559 1.9497914320313226e-06
102.1300000000056 1.9499817888225723e-06
102.1400000000056 1.9501721058526114e-06
102.1500000000056 1.95036238312144e-06
102.16000000000561 1.95055262062906e-06
102.17000000000561 1.95074281837547e-06
102.18000000000562 1.9509329763606713e-06
102.19000000000563 1.9511230945846615e-06
102.20000000000563 1.9513131730474437e-06
102.21000000000564 1.9515032117490145e-06
102.22000000000564 1.951693210689376e-06
102.23000000000565 1.951883169868528e-06
102.24000000000565 1.9520730892864712e-06
102.25000000000566 1.9522629689432045e-06
102.26000000000566 1.9524528088387272e-06
102.27000000000567 1.952642608973041e-06
102.28000000000567 1.952832369346145e-06
102.29000000000568 1.9530220899580385e-06
102.30000000000568 1.9532117708087224e-06
102.31000000000569 1.953401411898199e-06
102.32000000000569 1.953591013226464e-06
102.3300000000057 1.953780574793519e-06
102.3400000000057 1.9539700965993645e-06
102.3500000000057 1.9541595786440017e-06
102.36000000000571 1.954349020927428e-06
102.37000000000572 1.9545384234496447e-06
102.38000000000572 1.9547277862106527e-06
102.39000000000573 1.9549171092104502e-06
102.40000000000573 1.9551063924490376e-06
102.41000000000574 1.9552956359264157e-06
102.42000000000574 1.955484839642585e-06
102.43000000000575 1.955674003597543e-06
102.44000000000575 1.9558631277912926e-06
102.45000000000576 1.9560522122238328e-06
102.46000000000576 1.9562412568951632e-06
102.47000000000577 1.9564302618052827e-06
102.48000000000577 1.9566192269541937e-06
102.49000000000578 1.9568081523418955e-06
102.50000000000578 1.9569970379683863e-06
102.51000000000579 1.957185883833668e-06
102.5200000000058 1.9573746899377405e-06
102.5300000000058 1.9575634562806026e-06
102.5400000000058 1.957752182862255e-06
102.55000000000581 1.957940869682698e-06
102.56000000000581 1.9581295167419317e-06
102.57000000000582 1.958318124039955e-06
102.58000000000582 1.9585066915767695e-06
102.59000000000583 1.958695219352373e-06
102.60000000000583 1.9588837073667685e-06
102.61000000000584 1.9590721556199535e-06
102.62000000000585 1.9592605641119288e-06
102.63000000000585 1.9594489328426956e-06
102.64000000000586 1.9596372618122515e-06
102.65000000000586 1.959825551020597e-06
102.66000000000587 1.9600138004677337e-06
102.67000000000587 1.960202010153662e-06
102.68000000000588 1.9603901800783788e-06
102.69000000000588 1.9605783102418866e-06
102.70000000000589 1.960766400644185e-06
102.71000000000589 1.960954451285274e-06
102.7200000000059 1.9611424621651518e-06
102.7300000000059 1.961330433283821e-06
102.7400000000059 1.9615183646412813e-06
102.75000000000591 1.961706256237531e-06
102.76000000000592 1.9618941080725704e-06
102.77000000000592 1.962081920146402e-06
102.78000000000593 1.962269692459023e-06
102.79000000000593 1.9624574250104328e-06
102.80000000000594 1.9626451178006343e-06
102.81000000000594 1.9628327708296274e-06
102.82000000000595 1.963020384097409e-06
102.83000000000595 1.963207957603982e-06
102.84000000000596 1.9633954913493456e-06
102.85000000000596 1.9635829853334978e-06
102.86000000000597 1.9637704395564424e-06
102.87000000000597 1.963957854018175e-06
102.88000000000598 1.9641452287187004e-06
102.89000000000598 1.9643325636580146e-06
102.90000000000599 1.9645198588361187e-06
102.910000000006 1.9647071142530157e-06
102.920000000006 1.964894329908701e-06
102.930000000006 1.965081505803176e-06
102.94000000000601 1.965268641936442e-06
102.95000000000601 1.9654557383085e-06
102.96000000000602 1.965642794919346e-06
102.97000000000602 1.9658298117689836e-06
102.98000000000603 1.9660167888574106e-06
102.99000000000603 1.96620372618463e-06
103.00000000000604 1.966390623750638e-06
103.01000000000604 1.966577481555436e-06
103.02000000000605 1.966764299599026e-06
103.03000000000605 1.9669510778814045e-06
103.04000000000606 1.9671378164025746e-06
103.05000000000607 1.9673245151625336e-06
103.06000000000607 1.9675111741612847e-06
103.07000000000608 1.9676977933988256e-06
103.08000000000608 1.967884372875157e-06
103.09000000000609 1.968070912590279e-06
103.10000000000609 1.9682574125441902e-06
103.1100000000061 1.968443872736892e-06
103.1200000000061 1.9686302931683836e-06
103.1300000000061 1.968816673838667e-06
103.14000000000611 1.9690030147477406e-06
103.15000000000612 1.9691893158956035e-06
103.16000000000612 1.969375577282259e-06
103.17000000000613 1.969561798907702e-06
103.18000000000613 1.969747980771936e-06
103.19000000000614 1.9699341228749603e-06
103.20000000000614 1.970120225216777e-06
103.21000000000615 1.9703062877973816e-06
103.22000000000615 1.970492310616777e-06
103.23000000000616 1.970678293674963e-06
103.24000000000616 1.9708642369719397e-06
103.25000000000617 1.9710501405077065e-06
103.26000000000617 1.971236004282263e-06
103.27000000000618 1.9714218282956127e-06
103.28000000000618 1.9716076125477495e-06
103.29000000000619 1.9717933570386775e-06
103.3000000000062 1.9719790617683953e-06
103.3100000000062 1.9721647267369056e-06
103.3200000000062 1.972350351944204e-06
103.33000000000621 1.9725359373902933e-06
103.34000000000621 1.9727214830751736e-06
103.35000000000622 1.972906988998844e-06
103.36000000000622 1.973092455161304e-06
103.37000000000623 1.9732778815625547e-06
103.38000000000623 1.9734632682025967e-06
103.39000000000624 1.9736486150814286e-06
103.40000000000624 1.97383392219905e-06
103.41000000000625 1.9740191895554627e-06
103.42000000000625 1.9742044171506655e-06
103.43000000000626 1.974389604984658e-06
103.44000000000626 1.974574753057441e-06
103.45000000000627 1.974759861369015e-06
103.46000000000627 1.9749449299193795e-06
103.47000000000628 1.9751299587085333e-06
103.48000000000629 1.9753149477364787e-06
103.49000000000629 1.9754998970032127e-06
103.5000000000063 1.9756848065087383e-06
103.5100000000063 1.9758696762530538e-06
103.5200000000063 1.9760545062361608e-06
103.53000000000631 1.9762392964580564e-06
103.54000000000632 1.9764240469187424e-06
103.55000000000632 1.976608757618221e-06
103.56000000000633 1.9767934285564877e-06
103.57000000000633 1.976978059733545e-06
103.58000000000634 1.9771626511493925e-06
103.59000000000634 1.977347202804032e-06
103.60000000000635 1.9775317146974607e-06
103.61000000000635 1.9777161868296796e-06
103.62000000000636 1.9779006192006883e-06
103.63000000000636 1.9780850118104887e-06
103.64000000000637 1.978269364659079e-06
103.65000000000637 1.978453677746459e-06
103.66000000000638 1.9786379510726302e-06
103.67000000000638 1.9788221846375905e-06
103.68000000000639 1.979006378441342e-06
103.69000000000639 1.979190532483884e-06
103.7000000000064 1.979374646765217e-06
103.7100000000064 1.979558721285339e-06
103.72000000000641 1.9797427560442507e-06
103.73000000000641 1.979926751041955e-06
103.74000000000642 1.9801107062784485e-06
103.75000000000642 1.9802946217537316e-06
103.76000000000643 1.980478497467806e-06
103.77000000000643 1.9806623334206713e-06
103.78000000000644 1.980846129612325e-06
103.79000000000644 1.9810298860427705e-06
103.80000000000645 1.9812136027120068e-06
103.81000000000645 1.981397279620032e-06
103.82000000000646 1.981580916766848e-06
103.83000000000646 1.981764514152454e-06
103.84000000000647 1.981948071776852e-06
103.85000000000647 1.982131589640039e-06
103.86000000000648 1.982315067742016e-06
103.87000000000648 1.9824985060827834e-06
103.88000000000649 1.9826819046623434e-06
103.8900000000065 1.982865263480691e-06
103.9000000000065 1.9830485825378297e-06
103.9100000000065 1.9832318618337597e-06
103.92000000000651 1.9834151013684788e-06
103.93000000000652 1.9835983011419886e-06
103.94000000000652 1.9837814611542887e-06
103.95000000000653 1.98396458140538e-06
103.96000000000653 1.9841476618952606e-06
103.97000000000654 1.9843307026239312e-06
103.98000000000654 1.9845137035913947e-06
103.99000000000655 1.9846966647976454e-06
104.00000000000655 1.9848795862426878e-06
104.01000000000656 1.98506246792652e-06
104.02000000000656 1.9852453098491433e-06
104.03000000000657 1.9854281120105566e-06
104.04000000000657 1.9856108744107597e-06
104.05000000000658 1.9857935970497556e-06
104.06000000000658 1.9859762799275394e-06
104.07000000000659 1.9861589230441142e-06
104.08000000000659 1.986341526399478e-06
104.0900000000066 1.9865240899936344e-06
104.1000000000066 1.9867066138265794e-06
104.11000000000661 1.9868890978983154e-06
104.12000000000661 1.987071542208843e-06
104.13000000000662 1.9872539467581593e-06
104.14000000000662 1.9874363115462667e-06
104.15000000000663 1.987618636573163e-06
104.16000000000663 1.987800921838852e-06
104.17000000000664 1.9879831673433294e-06
104.18000000000664 1.988165373086597e-06
104.19000000000665 1.9883475390686574e-06
104.20000000000665 1.9885296652895057e-06
104.21000000000666 1.988711751749145e-06
104.22000000000666 1.988893798447574e-06
104.23000000000667 1.989075805384795e-06
104.24000000000667 1.9892577725608056e-06
104.25000000000668 1.989439699975606e-06
104.26000000000668 1.9896215876291964e-06
104.27000000000669 1.98980343552158e-06
104.2800000000067 1.9899852436527502e-06
104.2900000000067 1.990167012022713e-06
104.3000000000067 1.990348740631465e-06
104.31000000000671 1.990530429479009e-06
104.32000000000671 1.9907120785653405e-06
104.33000000000672 1.9908936878904645e-06
104.34000000000673 1.9910752574543796e-06
104.35000000000673 1.991256787257083e-06
104.36000000000674 1.991438277298577e-06
104.37000000000674 1.991619727578863e-06
104.38000000000675 1.991801138097938e-06
104.39000000000675 1.9919825088558034e-06
104.40000000000676 1.9921638398524586e-06
104.41000000000676 1.992345131087906e-06
104.42000000000677 1.9925263825621416e-06
104.43000000000677 1.992707594275168e-06
104.44000000000678 1.9928887662269863e-06
104.45000000000678 1.9930698984175943e-06
104.46000000000679 1.9932509908469914e-06
104.47000000000679 1.993432043515179e-06
104.4800000000068 1.993613056422159e-06
104.4900000000068 1.9937940295679272e-06
104.5000000000068 1.9939749629524868e-06
104.51000000000681 1.994155856575836e-06
104.52000000000682 1.9943367104379763e-06
104.53000000000682 1.9945175245389063e-06
104.54000000000683 1.994698298878627e-06
104.55000000000683 1.9948790334571384e-06
104.56000000000684 1.99505972827444e-06
104.57000000000684 1.995240383330531e-06
104.58000000000685 1.995420998625413e-06
104.59000000000685 1.995601574159086e-06
104.60000000000686 1.9957821099315484e-06
104.61000000000686 1.9959626059428017e-06
104.62000000000687 1.9961430621928452e-06
104.63000000000687 1.996323478681679e-06
104.64000000000688 1.9965038554093024e-06
104.65000000000688 1.996684192375717e-06
104.66000000000689 1.9968644895809224e-06
104.6700000000069 1.9970447470249175e-06
104.6800000000069 1.997224964707702e-06
104.6900000000069 1.9974051426292785e-06
104.70000000000691 1.9975852807896436e-06
104.71000000000691 1.9977653791888003e-06
104.72000000000692 1.997945437826747e-06
104.73000000000692 1.9981254567034854e-06
104.74000000000693 1.998305435819012e-06
104.75000000000693 1.998485375173329e-06
104.76000000000694 1.998665274766438e-06
104.77000000000695 1.9988451345983367e-06
104.78000000000695 1.999024954669025e-06
104.79000000000696 1.9992047349785038e-06
104.80000000000696 1.999384475526774e-06
104.81000000000697 1.9995641763138337e-06
104.82000000000697 1.9997438373396833e-06
104.83000000000698 1.999923458604325e-06
104.84000000000698 2.000103040107756e-06
104.85000000000699 2.000282581849976e-06
104.86000000000699 2.000462083830987e-06
104.870000000007 2.0006415460507903e-06
104.880000000007 2.0008209685093817e-06
104.890000000007 2.0010003512067646e-06
104.90000000000701 2.001179694142936e-06
104.91000000000702 2.0013589973179006e-06
104.92000000000702 2.0015382607316536e-06
104.93000000000703 2.0017174843841978e-06
104.94000000000703 2.0018966682755322e-06
104.95000000000704 2.002075812405657e-06
104.96000000000704 2.0022549167745708e-06
104.97000000000705 2.0024339813822766e-06
104.98000000000705 2.0026130062287726e-06
104.99000000000706 2.0027919913140586e-06
105.00000000000706 2.0029709366381345e-06
105.01000000000707 2.003149842201002e-06
105.02000000000707 2.0033287080026583e-06
105.03000000000708 2.003507534043106e-06
105.04000000000708 2.003686320322343e-06
105.05000000000709 2.003865066840372e-06
105.0600000000071 2.0040437735971896e-06
105.0700000000071 2.004222440592798e-06
105.0800000000071 2.004401067827198e-06
105.09000000000711 2.004579655300387e-06
105.10000000000711 2.0047582030123658e-06
105.11000000000712 2.004936710963136e-06
105.12000000000712 2.0051151791526974e-06
105.13000000000713 2.0052936075810475e-06
105.14000000000713 2.0054719962481884e-06
105.15000000000714 2.0056503451541192e-06
105.16000000000714 2.0058286542988416e-06
105.17000000000715 2.0060069236823534e-06
105.18000000000715 2.006185153304655e-06
105.19000000000716 2.006363343165749e-06
105.20000000000717 2.006541493265632e-06
105.21000000000717 2.0067196036043045e-06
105.22000000000718 2.0068976741817682e-06
105.23000000000718 2.0070757049980235e-06
105.24000000000719 2.007253696053067e-06
105.25000000000719 2.007431647346902e-06
105.2600000000072 2.007609558879527e-06
105.2700000000072 2.0077874306509427e-06
105.2800000000072 2.0079652626611483e-06
105.29000000000721 2.008143054910144e-06
105.30000000000722 2.008320807397932e-06
105.31000000000722 2.008498520124508e-06
105.32000000000723 2.0086761930898747e-06
105.33000000000723 2.008853826294032e-06
105.34000000000724 2.009031419736981e-06
105.35000000000724 2.0092089734187185e-06
105.36000000000725 2.0093864873392464e-06
105.37000000000725 2.009563961498565e-06
105.38000000000726 2.009741395896675e-06
105.39000000000726 2.009918790533574e-06
105.40000000000727 2.010096145409264e-06
105.41000000000727 2.010273460523745e-06
105.42000000000728 2.010450735877015e-06
105.43000000000728 2.0106279714690756e-06
105.44000000000729 2.0108051672999264e-06
105.4500000000073 2.010982323369569e-06
105.4600000000073 2.011159439678001e-06
105.4700000000073 2.011336516225222e-06
105.48000000000731 2.0115135530112343e-06
105.49000000000731 2.011690550036038e-06
105.50000000000732 2.011867507299631e-06
105.51000000000732 2.0120444248020146e-06
105.52000000000733 2.0122213025431895e-06
105.53000000000733 2.012398140523154e-06
105.54000000000734 2.0125749387419076e-06
105.55000000000734 2.0127516971994526e-06
105.56000000000735 2.012928415895789e-06
105.57000000000735 2.0131050948309142e-06
105.58000000000736 2.0132817340048292e-06
105.59000000000736 2.013458333417537e-06
105.60000000000737 2.013634893069033e-06
105.61000000000737 2.0138114129593194e-06
105.62000000000738 2.013987893088396e-06
105.63000000000739 2.014164333456265e-06
105.64000000000739 2.0143407340629228e-06
105.6500000000074 2.0145170949083707e-06
105.6600000000074 2.0146934159926094e-06
105.6700000000074 2.0148696973156393e-06
105.68000000000741 2.015045938877458e-06
105.69000000000742 2.0152221406780677e-06
105.70000000000742 2.0153983027174684e-06
105.71000000000743 2.0155744249956582e-06
105.72000000000743 2.0157505075126387e-06
105.73000000000744 2.015926550268409e-06
105.74000000000744 2.016102553262972e-06
105.75000000000745 2.0162785164963233e-06
105.76000000000745 2.0164544399684645e-06
105.77000000000746 2.016630323679397e-06
105.78000000000746 2.0168061676291214e-06
105.79000000000747 2.0169819718176335e-06
105.80000000000747 2.017157736244937e-06
105.81000000000748 2.0173334609110318e-06
105.82000000000748 2.017509145815915e-06
105.83000000000749 2.017684790959589e-06
105.84000000000749 2.0178603963420536e-06
105.8500000000075 2.0180359619633097e-06
105.8600000000075 2.0182114878233544e-06
105.87000000000751 2.0183869739221903e-06
105.88000000000751 2.0185624202598156e-06
105.89000000000752 2.0187378268362333e-06
105.90000000000752 2.0189131936514397e-06
105.91000000000753 2.019088520705437e-06
105.92000000000753 2.019263807998225e-06
105.93000000000754 2.019439055529803e-06
105.94000000000754 2.0196142633001706e-06
105.95000000000755 2.0197894313093292e-06
105.96000000000755 2.019964559557279e-06
105.97000000000756 2.020139648044017e-06
105.98000000000756 2.0203146967695467e-06
105.99000000000757 2.0204897057338666e-06
106.00000000000757 2.020664674936977e-06
106.01000000000758 2.020839604378878e-06
106.02000000000758 2.021014494059568e-06
106.03000000000759 2.02118934397905e-06
106.0400000000076 2.0213641541373214e-06
106.0500000000076 2.021538924534383e-06
106.0600000000076 2.0217136551702356e-06
106.07000000000761 2.0218883460448787e-06
106.08000000000762 2.0220629971583113e-06
106.09000000000762 2.0222376085105346e-06
106.10000000000763 2.0224121801015483e-06
106.11000000000763 2.022586711931353e-06
106.12000000000764 2.022761203999946e-06
106.13000000000764 2.022935656307331e-06
106.14000000000765 2.023110068853507e-06
106.15000000000765 2.023284441638472e-06
106.16000000000766 2.0234587746622272e-06
106.17000000000766 2.0236330679247726e-06
106.18000000000767 2.02380732142611e-06
106.19000000000767 2.023981535166236e-06
106.20000000000768 2.0241557091451533e-06
106.21000000000768 2.024329843362861e-06
106.22000000000769 2.0245039378193587e-06
106.23000000000769 2.0246779925146463e-06
106.2400000000077 2.024852007448724e-06
106.2500000000077 2.025025982621594e-06
106.26000000000771 2.025199918033253e-06
106.27000000000771 2.0253738136837016e-06
106.28000000000772 2.0255476695729415e-06
106.29000000000772 2.0257214857009717e-06
106.30000000000773 2.0258952620677926e-06
106.31000000000773 2.0260689986734026e-06
106.32000000000774 2.0262426955178045e-06
106.33000000000774 2.0264163526009955e-06
106.34000000000775 2.0265899699229772e-06
106.35000000000775 2.026763547483749e-06
106.36000000000776 2.0269370852833132e-06
106.37000000000776 2.0271105833216646e-06
106.38000000000777 2.0272840415988075e-06
106.39000000000777 2.0274574601147407e-06
106.40000000000778 2.027630838869465e-06
106.41000000000778 2.027804177862979e-06
106.42000000000779 2.027977477095284e-06
106.4300000000078 2.028150736566379e-06
106.4400000000078 2.0283239562762642e-06
106.4500000000078 2.0284971362249397e-06
106.46000000000781 2.0286702764124046e-06
106.47000000000781 2.028843376838662e-06
106.48000000000782 2.029016437503708e-06
106.49000000000783 2.0291894584075445e-06
106.50000000000783 2.029362439550171e-06
106.51000000000784 2.02953538093159e-06
106.52000000000784 2.0297082825517975e-06
106.53000000000785 2.0298811444107958e-06
106.54000000000785 2.0300539665085848e-06
106.55000000000786 2.0302267488451636e-06
106.56000000000786 2.0303994914205324e-06
106.57000000000787 2.0305721942346915e-06
106.58000000000787 2.0307448572876425e-06
106.59000000000788 2.0309174805793818e-06
106.60000000000788 2.0310900641099126e-06
106.61000000000789 2.0312626078792345e-06
106.62000000000789 2.0314351118873455e-06
106.6300000000079 2.0316075761342472e-06
106.6400000000079 2.031780000619939e-06
106.6500000000079 2.031952385344422e-06
106.66000000000791 2.0321247303076933e-06
106.67000000000792 2.0322970355097567e-06
106.68000000000792 2.032469300950611e-06
106.69000000000793 2.032641526630254e-06
106.70000000000793 2.0328137125486876e-06
106.71000000000794 2.032985858705912e-06
106.72000000000794 2.0331579651019275e-06
106.73000000000795 2.033330031736732e-06
106.74000000000795 2.033502058610327e-06
106.75000000000796 2.0336740457227134e-06
106.76000000000796 2.0338459930738894e-06
106.77000000000797 2.0340179006638558e-06
106.78000000000797 2.0341897684926116e-06
106.79000000000798 2.0343615965601594e-06
106.80000000000798 2.0345333848664966e-06
106.81000000000799 2.0347051334116246e-06
106.820000000008 2.034876842195542e-06
106.830000000008 2.035048511218252e-06
106.840000000008 2.0352201404797495e-06
106.85000000000801 2.0353917299800383e-06
106.86000000000801 2.0355632797191186e-06
106.87000000000802 2.035734789696988e-06
106.88000000000802 2.035906259913648e-06
106.89000000000803 2.036077690369098e-06
106.90000000000803 2.0362490810633404e-06
106.91000000000804 2.036420431996371e-06
106.92000000000805 2.0365917431681927e-06
106.93000000000805 2.036763014578805e-06
106.94000000000806 2.036934246228206e-06
106.95000000000806 2.0371054381163984e-06
106.96000000000807 2.0372765902433817e-06
106.97000000000807 2.0374477026091554e-06
106.98000000000808 2.037618775213719e-06
106.99000000000808 2.0377898080570715e-06
107.00000000000809 2.0379608011392173e-06
107.01000000000809 2.038131754460151e-06
107.0200000000081 2.0383026680198756e-06
107.0300000000081 2.0384735418183906e-06
107.0400000000081 2.0386443758556972e-06
107.05000000000811 2.038815170131793e-06
107.06000000000812 2.038985924646679e-06
107.07000000000812 2.039156639400355e-06
107.08000000000813 2.039327314392823e-06
107.09000000000813 2.0394979496240797e-06
107.10000000000814 2.039668545094127e-06
107.11000000000814 2.039839100802966e-06
107.12000000000815 2.040009616750594e-06
107.13000000000815 2.040180092937012e-06
107.14000000000816 2.04035052936222e-06
107.15000000000816 2.0405209260262204e-06
107.16000000000817 2.0406912829290098e-06
107.17000000000817 2.04086160007059e-06
107.18000000000818 2.0410318774509607e-06
107.19000000000818 2.0412021150701214e-06
107.20000000000819 2.041372312928072e-06
107.2100000000082 2.0415424710248133e-06
107.2200000000082 2.0417125893603457e-06
107.2300000000082 2.0418826679346676e-06
107.24000000000821 2.0420527067477785e-06
107.25000000000821 2.0422227057996827e-06
107.26000000000822 2.042392665090375e-06
107.27000000000822 2.0425625846198587e-06
107.28000000000823 2.0427324643881325e-06
107.29000000000823 2.0429023043951966e-06
107.30000000000824 2.0430721046410506e-06
107.31000000000824 2.043241865125695e-06
107.32000000000825 2.0434115858491312e-06
107.33000000000825 2.043581266811356e-06
107.34000000000826 2.043750908012372e-06
107.35000000000827 2.0439205094521777e-06
107.36000000000827 2.0440900711307744e-06
107.37000000000828 2.0442595930481614e-06
107.38000000000828 2.0444290752043386e-06
107.39000000000829 2.044598517599306e-06
107.40000000000829 2.044767920233064e-06
107.4100000000083 2.0449372831056114e-06
107.4200000000083 2.04510660621695e-06
107.4300000000083 2.045275889567079e-06
107.44000000000831 2.045445133155998e-06
107.45000000000832 2.045614336983707e-06
107.46000000000832 2.0457835010502068e-06
107.47000000000833 2.0459526253554976e-06
107.48000000000833 2.0461217098995783e-06
107.49000000000834 2.046290754682448e-06
107.50000000000834 2.046459759704111e-06
107.51000000000835 2.0466287249645618e-06
107.52000000000835 2.0467976504638037e-06
107.53000000000836 2.0469665362018355e-06
107.54000000000836 2.047135382178659e-06
107.55000000000837 2.047304188394271e-06
107.56000000000837 2.047472954848674e-06
107.57000000000838 2.0476416815418686e-06
107.58000000000838 2.0478103684738527e-06
107.59000000000839 2.047979015644626e-06
107.6000000000084 2.0481476230541898e-06
107.6100000000084 2.0483161907025457e-06
107.6200000000084 2.0484847185896914e-06
107.63000000000841 2.0486532067156262e-06
107.64000000000841 2.0488216550803526e-06
107.65000000000842 2.048990063683869e-06
107.66000000000842 2.049158432526176e-06
107.67000000000843 2.0493267616072722e-06
107.68000000000843 2.0494950509271602e-06
107.69000000000844 2.0496633004858377e-06
107.70000000000844 2.0498315102833046e-06
107.71000000000845 2.049999680319563e-06
107.72000000000845 2.050167810594613e-06
107.73000000000846 2.0503359011084513e-06
107.74000000000846 2.0505039518610803e-06
107.75000000000847 2.050671962852501e-06
107.76000000000847 2.0508399340827104e-06
107.77000000000848 2.0510078655517102e-06
107.78000000000849 2.051175757259501e-06
107.79000000000849 2.0513436092060825e-06
107.8000000000085 2.0515114213914533e-06
107.8100000000085 2.051679193815615e-06
107.8200000000085 2.051846926478568e-06
107.83000000000851 2.0520146193803104e-06
107.84000000000852 2.0521822725208423e-06
107.85000000000852 2.052349885900166e-06
107.86000000000853 2.05251745951828e-06
107.87000000000853 2.052684993375183e-06
107.88000000000854 2.052852487470877e-06
107.89000000000854 2.053019941805362e-06
107.90000000000855 2.0531873563786364e-06
107.91000000000855 2.0533547311907017e-06
107.92000000000856 2.053522066241556e-06
107.93000000000856 2.053689361531203e-06
107.94000000000857 2.0538566170596387e-06
107.95000000000857 2.054023832826865e-06
107.96000000000858 2.0541910088328826e-06
107.97000000000858 2.0543581450776897e-06
107.98000000000859 2.0545252415612868e-06
107.99000000000859 2.0546922982836737e-06
108.0000000000086 2.054859315244853e-06
108.0100000000086 2.0550262924448218e-06
108.02000000000861 2.05519322988358e-06
108.03000000000861 2.0553601275611303e-06
108.04000000000862 2.0555269854774695e-06
108.05000000000862 2.0556938036325987e-06
108.06000000000863 2.055860582026518e-06
108.07000000000863 2.05602732065923e-06
108.08000000000864 2.056194019530731e-06
108.09000000000864 2.0563606786410216e-06
108.10000000000865 2.056527297990103e-06
108.11000000000865 2.0566938775779757e-06
108.12000000000866 2.056860417404638e-06
108.13000000000866 2.05702691747009e-06
108.14000000000867 2.057193377774334e-06
108.15000000000867 2.0573597983173668e-06
108.16000000000868 2.0575261790991892e-06
108.17000000000868 2.057692520119803e-06
108.18000000000869 2.0578588213792084e-06
108.1900000000087 2.0580250828774026e-06
108.2000000000087 2.0581913046143876e-06
108.2100000000087 2.058357486590164e-06
108.22000000000871 2.0585236288047283e-06
108.23000000000872 2.0586897312580837e-06
108.24000000000872 2.0588557939502303e-06
108.25000000000873 2.059021816881168e-06
108.26000000000873 2.0591878000508947e-06
108.27000000000874 2.0593537434594113e-06
108.28000000000874 2.05951964710672e-06
108.29000000000875 2.0596855109928184e-06
108.30000000000875 2.059851335117706e-06
108.31000000000876 2.060017119481384e-06
108.32000000000876 2.0601828640838544e-06
108.33000000000877 2.0603485689251133e-06
108.34000000000877 2.0605142340051624e-06
108.35000000000878 2.0606798593240027e-06
108.36000000000878 2.060845444881634e-06
108.37000000000879 2.061010990678054e-06
108.38000000000879 2.061176496713265e-06
108.3900000000088 2.061341962987267e-06
108.4000000000088 2.0615073895000587e-06
108.41000000000881 2.061672776251641e-06
108.42000000000881 2.0618381232420124e-06
108.43000000000882 2.062003430471176e-06
108.44000000000882 2.0621686979391293e-06
108.45000000000883 2.0623339256458722e-06
108.46000000000883 2.0624991135914067e-06
108.47000000000884 2.06266426177573e-06
108.48000000000884 2.062829370198845e-06
108.49000000000885 2.062994438860749e-06
108.50000000000885 2.063159467761445e-06
108.51000000000886 2.0633244569009305e-06
108.52000000000886 2.063489406279206e-06
108.53000000000887 2.0636543158962725e-06
108.54000000000887 2.0638191857521285e-06
108.55000000000888 2.0639840158467757e-06
108.56000000000888 2.0641488061802127e-06
108.57000000000889 2.0643135567524405e-06
108.5800000000089 2.0644782675634585e-06
108.5900000000089 2.0646429386132656e-06
108.6000000000089 2.064807569901866e-06
108.61000000000891 2.0649721614292537e-06
108.62000000000891 2.065136713195433e-06
108.63000000000892 2.0653012252004017e-06
108.64000000000892 2.065465697444163e-06
108.65000000000893 2.0656301299267134e-06
108.66000000000894 2.065794522648053e-06
108.67000000000894 2.065958875608185e-06
108.68000000000895 2.066123188807106e-06
108.69000000000895 2.066287462244817e-06
108.70000000000896 2.0664516959213193e-06
108.71000000000896 2.066615889836612e-06
108.72000000000897 2.0667800439906944e-06
108.73000000000897 2.0669441583835665e-06
108.74000000000898 2.0671082330152303e-06
108.75000000000898 2.0672722678856847e-06
108.76000000000899 2.0674362629949286e-06
108.77000000000899 2.0676002183429624e-06
108.780000000009 2.0677641339297874e-06
108.790000000009 2.067928009755402e-06
108.800000000009 2.068091845819807e-06
108.81000000000901 2.0682556421230023e-06
108.82000000000902 2.0684193986649897e-06
108.83000000000902 2.0685831154457657e-06
108.84000000000903 2.0687467924653325e-06
108.85000000000903 2.06891042972369e-06
108.86000000000904 2.0690740272208365e-06
108.87000000000904 2.069237584956774e-06
108.88000000000905 2.0694011029315025e-06
108.89000000000905 2.069564581145021e-06
108.90000000000906 2.0697280195973297e-06
108.91000000000906 2.069891418288428e-06
108.92000000000907 2.070054777218319e-06
108.93000000000907 2.0702180963869984e-06
108.94000000000908 2.070381375794468e-06
108.95000000000908 2.070544615440728e-06
108.96000000000909 2.0707078153257795e-06
108.9700000000091 2.0708709754496206e-06
108.9800000000091 2.071034095812251e-06
108.9900000000091 2.0711971764136728e-06
109.00000000000911 2.0713602172538856e-06
109.01000000000911 2.071523218332888e-06
109.02000000000912 2.071686179650681e-06
109.03000000000912 2.0718491012072642e-06
109.04000000000913 2.072011983002638e-06
109.05000000000913 2.072174825036801e-06
109.06000000000914 2.0723376273097543e-06
109.07000000000914 2.0725003898215005e-06
109.08000000000915 2.0726631125720345e-06
109.09000000000916 2.07282579556136e-06
109.10000000000916 2.0729884387894763e-06
109.11000000000917 2.0731510422563816e-06
109.12000000000917 2.073313605962078e-06
109.13000000000918 2.073476129906564e-06
109.14000000000918 2.073638614089842e-06
109.15000000000919 2.0738010585119088e-06
109.16000000000919 2.0739634631727656e-06
109.1700000000092 2.074125828072415e-06
109.1800000000092 2.074288153210853e-06
109.1900000000092 2.0744504385880804e-06
109.20000000000921 2.0746126842040992e-06
109.21000000000922 2.07477489005891e-06
109.22000000000922 2.0749370561525087e-06
109.23000000000923 2.0750991824848985e-06
109.24000000000923 2.0752612690560798e-06
109.25000000000924 2.0754233158660497e-06
109.26000000000924 2.07558532291481e-06
109.27000000000925 2.0757472902023618e-06
109.28000000000925 2.075909217728704e-06
109.29000000000926 2.076071105493836e-06
109.30000000000926 2.0762329534977578e-06
109.31000000000927 2.0763947617404712e-06
109.32000000000927 2.0765565302219733e-06
109.33000000000928 2.076718258942267e-06
109.34000000000928 2.0768799479013504e-06
109.35000000000929 2.077041597099225e-06
109.3600000000093 2.077203206535889e-06
109.3700000000093 2.0773647762113435e-06
109.3800000000093 2.0775263061255882e-06
109.39000000000931 2.0776877962786245e-06
109.40000000000931 2.07784924667045e-06
109.41000000000932 2.078010657301066e-06
109.42000000000932 2.078172028170473e-06
109.43000000000933 2.07833335927867e-06
109.44000000000933 2.0784946506256558e-06
109.45000000000934 2.0786559022114326e-06
109.46000000000934 2.078817114036002e-06
109.47000000000935 2.0789782860993596e-06
109.48000000000935 2.0791394184015078e-06
109.49000000000936 2.079300510942448e-06
109.50000000000936 2.079461563722176e-06
109.51000000000937 2.0796225767406953e-06
109.52000000000938 2.0797835499980046e-06
109.53000000000938 2.0799444834941064e-06
109.54000000000939 2.080105377228996e-06
109.55000000000939 2.080266231202676e-06
109.5600000000094 2.080427045415149e-06
109.5700000000094 2.0805878198664093e-06
109.5800000000094 2.080748554556461e-06
109.59000000000941 2.0809092494853027e-06
109.60000000000942 2.0810699046529366e-06
109.61000000000942 2.081230520059359e-06
109.62000000000943 2.0813910957045714e-06
109.63000000000943 2.081551631588575e-06
109.64000000000944 2.0817121277113696e-06
109.65000000000944 2.0818725840729533e-06
109.66000000000945 2.0820330006733272e-06
109.67000000000945 2.0821933775124936e-06
109.68000000000946 2.0823537145904482e-06
109.69000000000946 2.0825140119071935e-06
109.70000000000947 2.082674269462729e-06
109.71000000000947 2.0828344872570563e-06
109.72000000000948 2.0829946652901726e-06
109.73000000000948 2.0831548035620795e-06
109.74000000000949 2.0833149020727776e-06
109.75000000000949 2.0834749608222643e-06
109.7600000000095 2.0836349798105417e-06
109.7700000000095 2.08379495903761e-06
109.78000000000951 2.0839548985034696e-06
109.79000000000951 2.0841147982081187e-06
109.80000000000952 2.084274658151557e-06
109.81000000000952 2.0844344783337875e-06
109.82000000000953 2.084594258754807e-06
109.83000000000953 2.0847539994146176e-06
109.84000000000954 2.0849137003132174e-06
109.85000000000954 2.0850733614506097e-06
109.86000000000955 2.0852329828267905e-06
109.87000000000955 2.085392564441762e-06
109.88000000000956 2.0855521062955252e-06
109.89000000000956 2.085711608388077e-06
109.90000000000957 2.08587107071942e-06
109.91000000000957 2.086030493289552e-06
109.92000000000958 2.086189876098476e-06
109.93000000000958 2.0863492191461896e-06
109.94000000000959 2.0865085224326933e-06
109.9500000000096 2.086667785957988e-06
109.9600000000096 2.086827009722073e-06
109.9700000000096 2.086986193724948e-06
109.98000000000961 2.0871453379666127e-06
109.99000000000962 2.0873044424470688e-06
110.00000000000962 2.087463507166315e-06
110.01000000000963 2.0876225321243513e-06
110.02000000000963 2.087781517321178e-06
110.03000000000964 2.0879404627567955e-06
110.04000000000964 2.088099368431203e-06
110.05000000000965 2.0882582343444005e-06
110.06000000000965 2.088417060496389e-06
110.07000000000966 2.088575846887167e-06
110.08000000000966 2.0887345935167354e-06
110.09000000000967 2.088893300385095e-06
110.10000000000967 2.089051967492245e-06
110.11000000000968 2.0892105948381848e-06
110.12000000000968 2.0893691824229143e-06
110.13000000000969 2.089527730246436e-06
110.14000000000969 2.0896862383087464e-06
110.1500000000097 2.0898447066098473e-06
110.1600000000097 2.0900031351497384e-06
110.17000000000971 2.090161523928422e-06
110.18000000000971 2.090319872945893e-06
110.19000000000972 2.0904781822021554e-06
110.20000000000972 2.090636451697209e-06
110.21000000000973 2.0907946814310517e-06
110.22000000000973 2.090952871403685e-06
110.23000000000974 2.0911110216151084e-06
110.24000000000974 2.0912691320653245e-06
110.25000000000975 2.0914272027543284e-06
110.26000000000975 2.091585233682123e-06
110.27000000000976 2.0917432248487074e-06
110.28000000000976 2.0919011762540843e-06
110.29000000000977 2.0920590878982503e-06
110.30000000000977 2.092216959781206e-06
110.31000000000978 2.092374791902954e-06
110.32000000000978 2.0925325842634903e-06
110.33000000000979 2.092690336862817e-06
110.3400000000098 2.0928480497009344e-06
110.3500000000098 2.093005722777843e-06
110.3600000000098 2.093163356093541e-06
110.37000000000981 2.093320949648029e-06
110.38000000000982 2.093478503441309e-06
110.39000000000982 2.0936360174733786e-06
110.40000000000983 2.0937934917442374e-06
110.41000000000983 2.093950926253887e-06
110.42000000000984 2.094108321002329e-06
110.43000000000984 2.0942656759895586e-06
110.44000000000985 2.094422991215579e-06
110.45000000000985 2.0945802666803924e-06
110.46000000000986 2.0947375023839934e-06
110.47000000000986 2.0948946983263848e-06
110.48000000000987 2.095051854507567e-06
110.49000000000987 2.0952089709275413e-06
110.50000000000988 2.0953660475863036e-06
110.51000000000988 2.0955230844838565e-06
110.52000000000989 2.0956800816202015e-06
110.53000000000989 2.0958370389953355e-06
110.5400000000099 2.095993956609259e-06
110.5500000000099 2.0961508344619727e-06
110.56000000000991 2.0963076725534797e-06
110.57000000000991 2.096464470883775e-06
110.58000000000992 2.0966212294528596e-06
110.59000000000992 2.0967779482607375e-06
110.60000000000993 2.096934627307404e-06
110.61000000000993 2.09709126659286e-06
110.62000000000994 2.0972478661171063e-06
110.63000000000994 2.0974044258801455e-06
110.64000000000995 2.0975609458819728e-06
110.65000000000995 2.09771742612259e-06
110.66000000000996 2.097873866601998e-06
110.67000000000996 2.0980302673201982e-06
110.68000000000997 2.0981866282771867e-06
110.69000000000997 2.098342949472966e-06
110.70000000000998 2.0984992309075372e-06
110.71000000000998 2.098655472580897e-06
110.72000000000999 2.098811674493047e-06
110.73000000001 2.0989678366439877e-06
110.74000000001 2.0991239590337197e-06
110.75000000001 2.0992800416622407e-06
110.76000000001001 2.099436084529553e-06
110.77000000001001 2.099592087635656e-06
110.78000000001002 2.099748050980548e-06
110.79000000001002 2.0999039745642305e-06
110.80000000001003 2.100059858386704e-06
110.81000000001004 2.100215702447969e-06
110.82000000001004 2.1003715067480216e-06
110.83000000001005 2.100527271286866e-06
110.84000000001005 2.100682996064501e-06
110.85000000001006 2.1008386810809254e-06
110.86000000001006 2.1009943263361406e-06
110.87000000001007 2.101149931830146e-06
110.88000000001007 2.1013054975629432e-06
110.89000000001008 2.101461023534529e-06
110.90000000001008 2.1016165097449053e-06
110.91000000001009 2.1017719561940725e-06
110.92000000001009 2.1019273628820303e-06
110.9300000000101 2.102082729808778e-06
110.9400000000101 2.1022380569743153e-06
110.9500000000101 2.102393344378645e-06
110.96000000001011 2.102548592021763e-06
110.97000000001012 2.1027037999036716e-06
110.98000000001012 2.1028589680243704e-06
110.99000000001013 2.103014096383861e-06
111.00000000001013 2.103169184982141e-06
111.01000000001014 2.103324233819211e-06
111.02000000001014 2.103479242895073e-06
111.03000000001015 2.1036342122097237e-06
111.04000000001015 2.103789141763165e-06
111.05000000001016 2.103944031555396e-06
111.06000000001016 2.1040988815864187e-06
111.07000000001017 2.1042536918562306e-06
111.08000000001017 2.1044084623648333e-06
111.09000000001018 2.104563193112227e-06
111.10000000001018 2.1047178840984113e-06
111.11000000001019 2.104872535323384e-06
111.1200000000102 2.105027146787148e-06
111.1300000000102 2.1051817184897025e-06
111.1400000000102 2.105336250431048e-06
111.15000000001021 2.1054907426111822e-06
111.16000000001021 2.1056451950301086e-06
111.17000000001022 2.1057996076878244e-06
111.18000000001022 2.1059539805843305e-06
111.19000000001023 2.106108313719626e-06
111.20000000001023 2.106262607093714e-06
111.21000000001024 2.1064168607065907e-06
111.22000000001024 2.106571074558258e-06
111.23000000001025 2.1067252486487165e-06
111.24000000001026 2.1068793829779644e-06
111.25000000001026 2.107033477546003e-06
111.26000000001027 2.107187532352831e-06
111.27000000001027 2.1073415473984513e-06
111.28000000001028 2.1074955226828612e-06
111.29000000001028 2.1076494582060602e-06
111.30000000001029 2.1078033539680504e-06
111.31000000001029 2.1079572099688317e-06
111.3200000000103 2.1081110262084033e-06
111.3300000000103 2.1082648026867635e-06
111.3400000000103 2.108418539403916e-06
111.35000000001031 2.108572236359858e-06
111.36000000001032 2.1087258935545894e-06
111.37000000001032 2.1088795109881116e-06
111.38000000001033 2.1090330886604255e-06
111.39000000001033 2.1091866265715288e-06
111.40000000001034 2.109340124721422e-06
111.41000000001034 2.109493583110107e-06
111.42000000001035 2.1096470017375804e-06
111.43000000001035 2.109800380603845e-06
111.44000000001036 2.1099537197088997e-06
111.45000000001036 2.110107019052746e-06
111.46000000001037 2.110260278635381e-06
111.47000000001037 2.1104134984568068e-06
111.48000000001038 2.110566678517024e-06
111.49000000001038 2.1107198188160308e-06
111.50000000001039 2.110872919353828e-06
111.5100000000104 2.111025980130415e-06
111.5200000000104 2.111179001145793e-06
111.5300000000104 2.111331982399961e-06
111.54000000001041 2.111484923892919e-06
111.55000000001041 2.1116378256246674e-06
111.56000000001042 2.111790687595207e-06
111.57000000001042 2.1119435098045367e-06
111.58000000001043 2.1120962922526557e-06
111.59000000001043 2.112249034939567e-06
111.60000000001044 2.112401737865267e-06
111.61000000001044 2.112554401029758e-06
111.62000000001045 2.1127070244330386e-06
111.63000000001045 2.112859608075111e-06
111.64000000001046 2.113012151955972e-06
111.65000000001046 2.1131646560756236e-06
111.66000000001047 2.113317120434067e-06
111.67000000001048 2.1134695450312997e-06
111.68000000001048 2.1136219298673226e-06
111.69000000001049 2.1137742749421353e-06
111.70000000001049 2.1139265802557405e-06
111.7100000000105 2.1140788458081343e-06
111.7200000000105 2.1142310715993183e-06
111.7300000000105 2.1143832576292936e-06
111.74000000001051 2.114535403898059e-06
111.75000000001052 2.1146875104056145e-06
111.76000000001052 2.1148395771519598e-06
111.77000000001053 2.114991604137096e-06
111.78000000001053 2.115143591361023e-06
111.79000000001054 2.11529553882374e-06
111.80000000001054 2.115447446525247e-06
111.81000000001055 2.1155993144655445e-06
111.82000000001055 2.1157511426446325e-06
111.83000000001056 2.1159029310625107e-06
111.84000000001056 2.11605467971918e-06
111.85000000001057 2.1162063886146385e-06
111.86000000001057 2.1163580577488876e-06
111.87000000001058 2.116509687121928e-06
111.88000000001058 2.1166612767337577e-06
111.89000000001059 2.1168128265843777e-06
111.90000000001059 2.116964336673788e-06
111.9100000000106 2.11711580700199e-06
111.9200000000106 2.117267237568981e-06
111.93000000001061 2.117418628374762e-06
111.94000000001061 2.117569979419333e-06
111.95000000001062 2.1177212907026973e-06
111.96000000001062 2.117872562224849e-06
111.97000000001063 2.1180237939857915e-06
111.98000000001063 2.1181749859855263e-06
111.99000000001064 2.1183261382240494e-06
112.00000000001064 2.118477250701363e-06
112.01000000001065 2.1186283234174677e-06
112.02000000001065 2.1187793563723625e-06
112.03000000001066 2.118930349566047e-06
112.04000000001066 2.119081302998523e-06
112.05000000001067 2.119232216669789e-06
112.06000000001067 2.1193830905798447e-06
112.07000000001068 2.119533924728691e-06
112.08000000001068 2.1196847191163276e-06
112.09000000001069 2.1198354737427546e-06
112.1000000000107 2.119986188607973e-06
112.1100000000107 2.12013686371198e-06
112.1200000000107 2.120287499054779e-06
112.13000000001071 2.1204380946363674e-06
112.14000000001072 2.120588650456745e-06
112.15000000001072 2.120739166515914e-06
112.16000000001073 2.120889642813875e-06
112.17000000001073 2.1210400793506237e-06
112.18000000001074 2.1211904761261633e-06
112.19000000001074 2.1213408331404937e-06
112.20000000001075 2.121491150393615e-06
112.21000000001075 2.1216414278855265e-06
112.22000000001076 2.121791665616227e-06
112.23000000001076 2.12194186358572e-06
112.24000000001077 2.122092021794002e-06
112.25000000001077 2.1222421402410746e-06
112.26000000001078 2.122392218926937e-06
112.27000000001078 2.1225422578515907e-06
112.28000000001079 2.1226922570150338e-06
112.29000000001079 2.122842216417267e-06
112.3000000000108 2.1229921360582925e-06
112.3100000000108 2.123142015938107e-06
112.32000000001081 2.1232918560567116e-06
112.33000000001081 2.1234416564141066e-06
112.34000000001082 2.123591417010293e-06
112.35000000001082 2.1237411378452687e-06
112.36000000001083 2.123890818919034e-06
112.37000000001083 2.1240404602315925e-06
112.38000000001084 2.1241900617829386e-06
112.39000000001084 2.1243396235730754e-06
112.40000000001085 2.124489145602003e-06
112.41000000001085 2.124638627869721e-06
112.42000000001086 2.1247880703762293e-06
112.43000000001086 2.1249374731215285e-06
112.44000000001087 2.1250868361056173e-06
112.45000000001087 2.125236159328497e-06
112.46000000001088 2.125385442790167e-06
112.47000000001088 2.1255346864906257e-06
112.48000000001089 2.125683890429877e-06
112.4900000000109 2.1258330546079175e-06
112.5000000000109 2.125982179024748e-06
112.5100000000109 2.12613126368037e-06
112.52000000001091 2.126280308574782e-06
112.53000000001092 2.126429313707983e-06
112.54000000001092 2.1265782790799758e-06
112.55000000001093 2.126727204690759e-06
112.56000000001093 2.1268760905403314e-06
112.57000000001094 2.1270249366286945e-06
112.58000000001094 2.1271737429558483e-06
112.59000000001095 2.1273225095217924e-06
112.60000000001095 2.127471236326527e-06
112.61000000001096 2.1276199233700515e-06
112.62000000001096 2.127768570652368e-06
112.63000000001097 2.127917178173473e-06
112.64000000001097 2.1280657459333678e-06
112.65000000001098 2.1282142739320533e-06
112.66000000001098 2.128362762169531e-06
112.67000000001099 2.1285112106457977e-06
112.68000000001099 2.128659619360854e-06
112.690000000011 2.1288079883147024e-06
112.700000000011 2.1289563175073407e-06
112.71000000001101 2.1291046069387675e-06
112.72000000001101 2.129252856608986e-06
112.73000000001102 2.129401066517996e-06
112.74000000001102 2.129549236665794e-06
112.75000000001103 2.1296973670523835e-06
112.76000000001103 2.1298454576777644e-06
112.77000000001104 2.1299935085419343e-06
112.78000000001104 2.130141519644895e-06
112.79000000001105 2.1302894909866455e-06
112.80000000001105 2.1304374225671876e-06
112.81000000001106 2.1305853143865188e-06
112.82000000001106 2.1307331664446394e-06
112.83000000001107 2.1308809787415515e-06
112.84000000001107 2.1310287512772553e-06
112.85000000001108 2.1311764840517476e-06
112.86000000001108 2.131324177065031e-06
112.87000000001109 2.1314718303171053e-06
112.8800000000111 2.1316194438079694e-06
112.8900000000111 2.1317670175376226e-06
112.9000000000111 2.1319145515060664e-06
112.91000000001111 2.1320620457133027e-06
112.92000000001111 2.1322095001593276e-06
112.93000000001112 2.1323569148441428e-06
112.94000000001112 2.1325042897677504e-06
112.95000000001113 2.1326516249301453e-06
112.96000000001114 2.132798920331332e-06
112.97000000001114 2.132946175971309e-06
112.98000000001115 2.1330933918500774e-06
112.99000000001115 2.133240567967634e-06
113.00000000001116 2.1333877043239813e-06
113.01000000001116 2.1335348009191214e-06
113.02000000001117 2.1336818577530497e-06
113.03000000001117 2.133828874825768e-06
113.04000000001118 2.1339758521372772e-06
113.05000000001118 2.1341227896875773e-06
113.06000000001119 2.1342696874766673e-06
113.07000000001119 2.1344165455045475e-06
113.0800000000112 2.134563363771219e-06
113.0900000000112 2.1347101422766797e-06
113.1000000000112 2.1348568810209313e-06
113.11000000001121 2.1350035800039723e-06
113.12000000001122 2.135150239225805e-06
113.13000000001122 2.135296858686427e-06
113.14000000001123 2.13544343838584e-06
113.15000000001123 2.1355899783240424e-06
113.16000000001124 2.1357364785010366e-06
113.17000000001124 2.1358829389168203e-06
113.18000000001125 2.1360293595713943e-06
113.19000000001125 2.136175740464759e-06
113.20000000001126 2.136322081596914e-06
113.21000000001126 2.1364683829678585e-06
113.22000000001127 2.1366146445775932e-06
113.23000000001127 2.13676086642612e-06
113.24000000001128 2.136907048513436e-06
113.25000000001128 2.1370531908395423e-06
113.26000000001129 2.1371992934044395e-06
113.2700000000113 2.1373453562081266e-06
113.2800000000113 2.137491379250604e-06
113.2900000000113 2.1376373625318713e-06
113.30000000001131 2.137783306051931e-06
113.31000000001131 2.1379292098107794e-06
113.32000000001132 2.138075073808417e-06
113.33000000001132 2.138220898044846e-06
113.34000000001133 2.1383666825200666e-06
113.35000000001133 2.1385124272340757e-06
113.36000000001134 2.1386581321868763e-06
113.37000000001134 2.138803797378467e-06
113.38000000001135 2.138949422808848e-06
113.39000000001136 2.139095008478019e-06
113.40000000001136 2.13924055438598e-06
113.41000000001137 2.139386060532733e-06
113.42000000001137 2.1395315269182746e-06
113.43000000001138 2.139676953542607e-06
113.44000000001138 2.139822340405729e-06
113.45000000001139 2.139967687507644e-06
113.46000000001139 2.1401129948483475e-06
113.4700000000114 2.1402582624278407e-06
113.4800000000114 2.140403490246124e-06
113.4900000000114 2.1405486783032004e-06
113.50000000001141 2.1406938265990644e-06
113.51000000001142 2.14083893513372e-06
113.52000000001142 2.1409840039071664e-06
113.53000000001143 2.1411290329194026e-06
113.54000000001143 2.1412740221704283e-06
113.55000000001144 2.141418971660245e-06
113.56000000001144 2.141563881388852e-06
113.57000000001145 2.141708751356249e-06
113.58000000001145 2.1418535815624365e-06
113.59000000001146 2.141998372007416e-06
113.60000000001146 2.142143122691184e-06
113.61000000001147 2.142287833613742e-06
113.62000000001147 2.1424325047750904e-06
113.63000000001148 2.1425771361752317e-06
113.64000000001148 2.142721727814161e-06
113.65000000001149 2.1428662796918803e-06
113.6600000000115 2.14301079180839e-06
113.6700000000115 2.143155264163692e-06
113.6800000000115 2.143299696757783e-06
113.69000000001151 2.1434440895906643e-06
113.70000000001151 2.143588442662336e-06
113.71000000001152 2.143732755972798e-06
113.72000000001152 2.14387702952205e-06
113.73000000001153 2.1440212633100927e-06
113.74000000001153 2.144165457336927e-06
113.75000000001154 2.1443096116025494e-06
113.76000000001154 2.1444537261069634e-06
113.77000000001155 2.144597800850167e-06
113.78000000001155 2.1447418358321627e-06
113.79000000001156 2.1448858310529467e-06
113.80000000001156 2.145029786512522e-06
113.81000000001157 2.1451737022108882e-06
113.82000000001158 2.145317578148044e-06
113.83000000001158 2.1454614143239897e-06
113.84000000001159 2.1456052107387257e-06
113.85000000001159 2.1457489673922532e-06
113.8600000000116 2.14589268428457e-06
113.8700000000116 2.1460363614156776e-06
113.8800000000116 2.146179998785575e-06
113.89000000001161 2.1463235963942643e-06
113.90000000001162 2.1464671542417425e-06
113.91000000001162 2.146610672328012e-06
113.92000000001163 2.146754150653071e-06
113.93000000001163 2.1468975892169202e-06
113.94000000001164 2.14704098801956e-06
113.95000000001164 2.14718434706099e-06
113.96000000001165 2.1473276663412115e-06
113.97000000001165 2.147470945860222e-06
113.98000000001166 2.1476141856180224e-06
113.99000000001166 2.1477573856146146e-06
114.00000000001167 2.1479005458499975e-06
114.01000000001167 2.148043666324169e-06
114.02000000001168 2.1481867470371313e-06
114.03000000001168 2.1483297879888855e-06
114.04000000001169 2.1484727891794284e-06
114.05000000001169 2.1486157506087615e-06
114.0600000000117 2.148758672276885e-06
114.0700000000117 2.1489015541838004e-06
114.08000000001171 2.1490443963295045e-06
114.09000000001171 2.1491871987139993e-06
114.10000000001172 2.149329961337285e-06
114.11000000001172 2.149472684199361e-06
114.12000000001173 2.1496153673002267e-06
114.13000000001173 2.149758010639883e-06
114.14000000001174 2.14990061421833e-06
114.15000000001174 2.150043178035567e-06
114.16000000001175 2.1501857020915945e-06
114.17000000001175 2.150328186386411e-06
114.18000000001176 2.1504706309200205e-06
114.19000000001176 2.1506130356924187e-06
114.20000000001177 2.1507554007036068e-06
114.21000000001177 2.1508977259535873e-06
114.22000000001178 2.151040011442356e-06
114.23000000001178 2.151182257169915e-06
114.24000000001179 2.1513244631362655e-06
114.2500000000118 2.1514666293414064e-06
114.2600000000118 2.1516087557853376e-06
114.2700000000118 2.1517508424680578e-06
114.28000000001181 2.1518928893895687e-06
114.29000000001182 2.1520348965498716e-06
114.30000000001182 2.1521768639489636e-06
114.31000000001183 2.152318791586846e-06
114.32000000001183 2.1524606794635196e-06
114.33000000001184 2.152602527578982e-06
114.34000000001184 2.1527443359332352e-06
114.35000000001185 2.152886104526279e-06
114.36000000001185 2.1530278333581137e-06
114.37000000001186 2.153169522428738e-06
114.38000000001186 2.153311171738152e-06
114.39000000001187 2.153452781286357e-06
114.40000000001187 2.1535943510733534e-06
114.41000000001188 2.1537358810991395e-06
114.42000000001188 2.153877371363715e-06
114.43000000001189 2.154018821867083e-06
114.44000000001189 2.1541602326092393e-06
114.4500000000119 2.154301603590186e-06
114.4600000000119 2.1544429348099233e-06
114.47000000001191 2.154584226268452e-06
114.48000000001191 2.1547254779657707e-06
114.49000000001192 2.1548666899018784e-06
114.50000000001192 2.1550078620767772e-06
114.51000000001193 2.155148994490467e-06
114.52000000001193 2.1552900871429466e-06
114.53000000001194 2.155431140034216e-06
114.54000000001194 2.155572153164278e-06
114.55000000001195 2.155713126533128e-06
114.56000000001195 2.155854060140768e-06
114.57000000001196 2.155994953987199e-06
114.58000000001196 2.1561358080724225e-06
114.59000000001197 2.156276622396434e-06
114.60000000001197 2.1564173969592354e-06
114.61000000001198 2.1565581317608292e-06
114.62000000001198 2.1566988268012112e-06
114.63000000001199 2.1568394820803844e-06
114.640000000012 2.1569800975983487e-06
114.650000000012 2.1571206733551033e-06
114.660000000012 2.1572612093506474e-06
114.67000000001201 2.1574017055849817e-06
114.68000000001201 2.1575421620581077e-06
114.69000000001202 2.1576825787700226e-06
114.70000000001203 2.157822955720728e-06
114.71000000001203 2.157963292910224e-06
114.72000000001204 2.158103590338511e-06
114.73000000001204 2.1582438480055876e-06
114.74000000001205 2.158384065911454e-06
114.75000000001205 2.1585242440561117e-06
114.76000000001206 2.15866438243956e-06
114.77000000001206 2.158804481061798e-06
114.78000000001207 2.158944539922826e-06
114.79000000001207 2.1590845590226452e-06
114.80000000001208 2.159224538361254e-06
114.81000000001208 2.1593644779386533e-06
114.82000000001209 2.1595043777548422e-06
114.83000000001209 2.159644237809824e-06
114.8400000000121 2.1597840581035943e-06
114.8500000000121 2.1599238386361545e-06
114.8600000000121 2.160063579407506e-06
114.87000000001211 2.1602032804176475e-06
114.88000000001212 2.160342941666579e-06
114.89000000001212 2.160482563154301e-06
114.90000000001213 2.1606221448808147e-06
114.91000000001213 2.1607616868461176e-06
114.92000000001214 2.1609011890502103e-06
114.93000000001214 2.161040651493094e-06
114.94000000001215 2.1611800741747676e-06
114.95000000001215 2.1613194570952316e-06
114.96000000001216 2.1614588002544864e-06
114.97000000001216 2.161598103652532e-06
114.98000000001217 2.1617373672893673e-06
114.99000000001217 2.161876591164992e-06
115.00000000001218 2.1620157752794094e-06
115.01000000001218 2.162154919632615e-06
115.02000000001219 2.1622940242246106e-06
115.0300000000122 2.1624330890553975e-06
115.0400000000122 2.162572114124976e-06
115.0500000000122 2.162711099433343e-06
115.06000000001221 2.162850044980501e-06
115.07000000001221 2.1629889507664503e-06
115.08000000001222 2.1631278167911883e-06
115.09000000001222 2.163266643054717e-06
115.10000000001223 2.163405429557036e-06
115.11000000001223 2.163544176298147e-06
115.12000000001224 2.1636828832780458e-06
115.13000000001225 2.1638215504967357e-06
115.14000000001225 2.1639601779542167e-06
115.15000000001226 2.1640987656504885e-06
115.16000000001226 2.1642373135855497e-06
115.17000000001227 2.164375821759401e-06
115.18000000001227 2.1645142901720436e-06
115.19000000001228 2.1646527188234757e-06
115.20000000001228 2.1647911077136977e-06
115.21000000001229 2.1649294568427113e-06
115.22000000001229 2.165067766210515e-06
115.2300000000123 2.1652060358171086e-06
115.2400000000123 2.1653442656624918e-06
115.2500000000123 2.165482455746667e-06
115.26000000001231 2.1656206060696325e-06
115.27000000001232 2.1657587166313867e-06
115.28000000001232 2.165896787431932e-06
115.29000000001233 2.1660348184712688e-06
115.30000000001233 2.1661728097493942e-06
115.31000000001234 2.1663107612663104e-06
115.32000000001234 2.1664486730220178e-06
115.33000000001235 2.166586545016515e-06
115.34000000001235 2.1667243772498016e-06
115.35000000001236 2.1668621697218794e-06
115.36000000001236 2.166999922432748e-06
115.37000000001237 2.167137635382407e-06
115.38000000001237 2.167275308570855e-06
115.39000000001238 2.167412941998094e-06
115.40000000001238 2.1675505356641247e-06
115.41000000001239 2.167688089568944e-06
115.4200000000124 2.167825603712554e-06
115.4300000000124 2.1679630780949544e-06
115.4400000000124 2.1681005127161454e-06
115.45000000001241 2.1682379075761266e-06
115.46000000001241 2.1683752626748973e-06
115.47000000001242 2.168512578012461e-06
115.48000000001242 2.168649853588812e-06
115.49000000001243 2.1687870894039546e-06
115.50000000001243 2.1689242854578886e-06
115.51000000001244 2.1690614417506117e-06
115.52000000001244 2.1691985582821246e-06
115.53000000001245 2.1693356350524274e-06
115.54000000001245 2.169472672061523e-06
115.55000000001246 2.169609669309408e-06
115.56000000001247 2.1697466267960828e-06
115.57000000001247 2.1698835445215485e-06
115.58000000001248 2.1700204224858036e-06
115.59000000001248 2.1701572606888495e-06
115.60000000001249 2.170294059130685e-06
115.61000000001249 2.170430817811313e-06
115.6200000000125 2.170567536730729e-06
115.6300000000125 2.170704215888936e-06
115.6400000000125 2.170840855285935e-06
115.65000000001251 2.1709774549217224e-06
115.66000000001252 2.1711140147963e-06
115.67000000001252 2.1712505349096687e-06
115.68000000001253 2.171387015261829e-06
115.69000000001253 2.1715234558527775e-06
115.70000000001254 2.171659856682517e-06
115.71000000001254 2.1717962177510483e-06
115.72000000001255 2.171932539058368e-06
115.73000000001255 2.1720688206044786e-06
115.74000000001256 2.1722050623893794e-06
115.75000000001256 2.1723412644130714e-06
115.76000000001257 2.172477426675553e-06
115.77000000001257 2.172613549176825e-06
115.78000000001258 2.172749631916887e-06
115.79000000001258 2.1728856748957406e-06
115.80000000001259 2.1730216781133833e-06
115.8100000000126 2.1731576415698166e-06
115.8200000000126 2.173293565265042e-06
115.8300000000126 2.1734294491990542e-06
115.84000000001261 2.173565293371859e-06
115.85000000001261 2.1737010977834535e-06
115.86000000001262 2.1738368624338396e-06
115.87000000001262 2.173972587323014e-06
115.88000000001263 2.1741082724509803e-06
115.89000000001263 2.1742439178177377e-06
115.90000000001264 2.1743795234232834e-06
115.91000000001264 2.1745150892676197e-06
115.92000000001265 2.1746506153507464e-06
115.93000000001265 2.174786101672665e-06
115.94000000001266 2.174921548233372e-06
115.95000000001266 2.1750569550328703e-06
115.96000000001267 2.17519232207116e-06
115.97000000001267 2.175327649348238e-06
115.98000000001268 2.1754629368641074e-06
115.99000000001269 2.175598184618766e-06
116.00000000001269 2.1757333926122174e-06
116.0100000000127 2.1758685608444568e-06
116.0200000000127 2.176003689315487e-06
116.0300000000127 2.1761387780253077e-06
116.04000000001271 2.1762738269739197e-06
116.05000000001272 2.1764088361613216e-06
116.06000000001272 2.176543805587513e-06
116.07000000001273 2.176678735252496e-06
116.08000000001273 2.176813625156269e-06
116.09000000001274 2.1769484752988307e-06
116.10000000001274 2.1770832856801837e-06
116.11000000001275 2.1772180563003286e-06
116.12000000001275 2.177352787159262e-06
116.13000000001276 2.177487478256985e-06
116.14000000001276 2.177622129593502e-06
116.15000000001277 2.1777567411688063e-06
116.16000000001277 2.1778913129829014e-06
116.17000000001278 2.178025845035786e-06
116.18000000001278 2.178160337327463e-06
116.19000000001279 2.1782947898579296e-06
116.20000000001279 2.178429202627186e-06
116.2100000000128 2.1785635756352335e-06
116.2200000000128 2.17869790888207e-06
116.23000000001281 2.1788322023676978e-06
116.24000000001281 2.1789664560921158e-06
116.25000000001282 2.179100670055325e-06
116.26000000001282 2.179234844257323e-06
116.27000000001283 2.1793689786981116e-06
116.28000000001283 2.179503073377692e-06
116.29000000001284 2.1796371282960616e-06
116.30000000001284 2.179771143453221e-06
116.31000000001285 2.1799051188491707e-06
116.32000000001285 2.1800390544839128e-06
116.33000000001286 2.180172950357444e-06
116.34000000001286 2.180306806469765e-06
116.35000000001287 2.1804406228208775e-06
116.36000000001287 2.1805743994107796e-06
116.37000000001288 2.1807081362394715e-06
116.38000000001288 2.1808418333069545e-06
116.39000000001289 2.1809754906132283e-06
116.4000000000129 2.1811091081582907e-06
116.4100000000129 2.1812426859421447e-06
116.4200000000129 2.1813762239647886e-06
116.43000000001291 2.181509722226224e-06
116.44000000001292 2.181643180726449e-06
116.45000000001292 2.181776599465463e-06
116.46000000001293 2.1819099784432695e-06
116.47000000001293 2.182043317659865e-06
116.48000000001294 2.182176617115251e-06
116.49000000001294 2.1823098768094265e-06
116.50000000001295 2.1824430967423953e-06
116.51000000001295 2.1825762769141523e-06
116.52000000001296 2.1827094173246987e-06
116.53000000001296 2.182842517974038e-06
116.54000000001297 2.182975578862166e-06
116.55000000001297 2.183108599989083e-06
116.56000000001298 2.183241581354793e-06
116.57000000001298 2.183374522959293e-06
116.58000000001299 2.183507424802582e-06
116.59000000001299 2.1836402868846623e-06
116.600000000013 2.183773109205533e-06
116.610000000013 2.183905891765193e-06
116.62000000001301 2.1840386345636436e-06
116.63000000001301 2.1841713376008846e-06
116.64000000001302 2.1843040008769172e-06
116.65000000001302 2.1844366243917393e-06
116.66000000001303 2.184569208145351e-06
116.67000000001303 2.1847017521377526e-06
116.68000000001304 2.1848342563689472e-06
116.69000000001304 2.1849667208389296e-06
116.70000000001305 2.1850991455477027e-06
116.71000000001305 2.1852315304952683e-06
116.72000000001306 2.1853638756816225e-06
116.73000000001306 2.1854961811067665e-06
116.74000000001307 2.1856284467707017e-06
116.75000000001307 2.185760672673427e-06
116.76000000001308 2.1858928588149425e-06
116.77000000001308 2.186025005195249e-06
116.78000000001309 2.186157111814345e-06
116.7900000000131 2.186289178672232e-06
116.8000000000131 2.1864212057689087e-06
116.8100000000131 2.186553193104376e-06
116.82000000001311 2.186685140678635e-06
116.83000000001311 2.1868170484916823e-06
116.84000000001312 2.186948916543521e-06
116.85000000001313 2.1870807448341502e-06
116.86000000001313 2.1872125333635686e-06
116.87000000001314 2.1873442821317773e-06
116.88000000001314 2.187475991138777e-06
116.89000000001315 2.1876076603845685e-06
116.90000000001315 2.187739289869148e-06
116.91000000001316 2.1878708795925192e-06
116.92000000001316 2.1880024295546807e-06
116.93000000001317 2.188133939755632e-06
116.94000000001317 2.188265410195373e-06
116.95000000001318 2.1883968408739056e-06
116.96000000001318 2.1885282317912286e-06
116.97000000001319 2.1886595829473407e-06
116.98000000001319 2.188790894342244e-06
116.9900000000132 2.188922165975938e-06
117.0000000000132 2.1890533978484223e-06
117.0100000000132 2.189184589959696e-06
117.02000000001321 2.1893157423097605e-06
117.03000000001322 2.1894468548986156e-06
117.04000000001322 2.189577927726261e-06
117.05000000001323 2.1897089607926956e-06
117.06000000001323 2.1898399540979217e-06
117.07000000001324 2.189970907641939e-06
117.08000000001324 2.1901018214247444e-06
117.09000000001325 2.1902326954463405e-06
117.10000000001325 2.1903635297067295e-06
117.11000000001326 2.190494324205907e-06
117.12000000001326 2.1906250789438738e-06
117.13000000001327 2.190755793920632e-06
117.14000000001327 2.1908864691361817e-06
117.15000000001328 2.1910171045905197e-06
117.16000000001328 2.1911477002836496e-06
117.17000000001329 2.1912782562155703e-06
117.1800000000133 2.1914087723862796e-06
117.1900000000133 2.1915392487957796e-06
117.2000000000133 2.19166968544407e-06
117.21000000001331 2.1918000823311518e-06
117.22000000001331 2.1919304394570227e-06
117.23000000001332 2.1920607568216835e-06
117.24000000001332 2.192191034425137e-06
117.25000000001333 2.1923212722673785e-06
117.26000000001333 2.1924514703484106e-06
117.27000000001334 2.192581628668234e-06
117.28000000001335 2.192711747226848e-06
117.29000000001335 2.1928418260242517e-06
117.30000000001336 2.192971865060445e-06
117.31000000001336 2.1931018643354295e-06
117.32000000001337 2.193231823849205e-06
117.33000000001337 2.193361743601769e-06
117.34000000001338 2.193491623593125e-06
117.35000000001338 2.1936214638232712e-06
117.36000000001339 2.193751264292207e-06
117.37000000001339 2.193881024999933e-06
117.3800000000134 2.1940107459464496e-06
117.3900000000134 2.1941404271317578e-06
117.4000000000134 2.194270068555855e-06
117.41000000001341 2.194399670218742e-06
117.42000000001342 2.194529232120421e-06
117.43000000001342 2.1946587542608896e-06
117.44000000001343 2.194788236640147e-06
117.45000000001343 2.194917679258197e-06
117.46000000001344 2.195047082115037e-06
117.47000000001344 2.195176445210666e-06
117.48000000001345 2.195305768545086e-06
117.49000000001345 2.1954350521182973e-06
117.50000000001346 2.195564295930298e-06
117.51000000001346 2.1956934999810884e-06
117.52000000001347 2.1958226642706705e-06
117.53000000001347 2.195951788799043e-06
117.54000000001348 2.196080873566205e-06
117.55000000001348 2.1962099185721572e-06
117.56000000001349 2.1963389238169e-06
117.5700000000135 2.196467889300434e-06
117.5800000000135 2.196596815022757e-06
117.5900000000135 2.1967257009838696e-06
117.60000000001351 2.196854547183775e-06
117.61000000001351 2.19698335362247e-06
117.62000000001352 2.1971121202999543e-06
117.63000000001352 2.19724084721623e-06
117.64000000001353 2.1973695343712958e-06
117.65000000001353 2.1974981817651513e-06
117.66000000001354 2.197626789397797e-06
117.67000000001354 2.1977553572692355e-06
117.68000000001355 2.197883885379461e-06
117.69000000001355 2.198012373728478e-06
117.70000000001356 2.1981408223162857e-06
117.71000000001357 2.198269231142885e-06
117.72000000001357 2.1983976002082725e-06
117.73000000001358 2.1985259295124504e-06
117.74000000001358 2.1986542190554212e-06
117.75000000001359 2.1987824688371794e-06
117.76000000001359 2.1989106788577287e-06
117.7700000000136 2.1990388491170682e-06
117.7800000000136 2.1991669796151994e-06
117.7900000000136 2.1992950703521196e-06
117.80000000001361 2.199423121327831e-06
117.81000000001362 2.199551132542333e-06
117.82000000001362 2.1996791039956245e-06
117.83000000001363 2.199807035687706e-06
117.84000000001363 2.199934927618578e-06
117.85000000001364 2.200062779788242e-06
117.86000000001364 2.2001905921966945e-06
117.87000000001365 2.200318364843937e-06
117.88000000001365 2.200446097729972e-06
117.89000000001366 2.200573790854796e-06
117.90000000001366 2.20070144421841e-06
117.91000000001367 2.2008290578208148e-06
117.92000000001367 2.2009566316620106e-06
117.93000000001368 2.2010841657419954e-06
117.94000000001368 2.2012116600607714e-06
117.95000000001369 2.2013391146183364e-06
117.9600000000137 2.2014665294146942e-06
117.9700000000137 2.2015939044498403e-06
117.9800000000137 2.201721239723777e-06
117.99000000001371 2.2018485352365062e-06
118.00000000001371 2.2019757909880236e-06
118.01000000001372 2.2021030069783313e-06
118.02000000001372 2.202230183207429e-06
118.03000000001373 2.202357319675319e-06
118.04000000001373 2.202484416381998e-06
118.05000000001374 2.202611473327467e-06
118.06000000001374 2.202738490511728e-06
118.07000000001375 2.202865467934778e-06
118.08000000001375 2.2029924055966176e-06
118.09000000001376 2.203119303497248e-06
118.10000000001376 2.2032461616366706e-06
118.11000000001377 2.2033729800148817e-06
118.12000000001377 2.203499758631883e-06
118.13000000001378 2.203626497487677e-06
118.14000000001379 2.2037531965822585e-06
118.15000000001379 2.2038798559156312e-06
118.1600000000138 2.204006475487794e-06
118.1700000000138 2.204133055298749e-06
118.1800000000138 2.2042595953484925e-06
118.19000000001381 2.204386095637026e-06
118.20000000001382 2.2045125561643515e-06
118.21000000001382 2.204638976930466e-06
118.22000000001383 2.2047653579353718e-06
118.23000000001383 2.204891699179067e-06
118.24000000001384 2.2050180006615536e-06
118.25000000001384 2.2051442623828294e-06
118.26000000001385 2.205270484342895e-06
118.27000000001385 2.205396666541754e-06
118.28000000001386 2.2055228089794005e-06
118.29000000001386 2.2056489116558375e-06
118.30000000001387 2.205774974571065e-06
118.31000000001387 2.205900997725085e-06
118.32000000001388 2.2060269811178927e-06
118.33000000001388 2.2061529247494912e-06
118.34000000001389 2.206278828619881e-06
118.35000000001389 2.2064046927290614e-06
118.3600000000139 2.206530517077031e-06
118.3700000000139 2.2066563016637907e-06
118.38000000001391 2.2067820464893424e-06
118.39000000001391 2.2069077515536837e-06
118.40000000001392 2.2070334168568144e-06
118.41000000001392 2.2071590423987358e-06
118.42000000001393 2.2072846281794483e-06
118.43000000001393 2.2074101741989516e-06
118.44000000001394 2.2075356804572435e-06
118.45000000001394 2.207661146954327e-06
118.46000000001395 2.2077865736902007e-06
118.47000000001395 2.2079119606648644e-06
118.48000000001396 2.208037307878318e-06
118.49000000001396 2.2081626153305634e-06
118.50000000001397 2.2082878830215975e-06
118.51000000001397 2.208413110951423e-06
118.52000000001398 2.208538299120039e-06
118.53000000001398 2.2086634475274442e-06
118.54000000001399 2.20878855617364e-06
118.550000000014 2.208913625058626e-06
118.560000000014 2.209038654182404e-06
118.570000000014 2.2091636435449703e-06
118.58000000001401 2.2092885931463273e-06
118.59000000001402 2.2094135029864754e-06
118.60000000001402 2.2095383730654146e-06
118.61000000001403 2.209663203383143e-06
118.62000000001403 2.2097879939396615e-06
118.63000000001404 2.2099127447349708e-06
118.64000000001404 2.210037455769071e-06
118.65000000001405 2.21016212704196e-06
118.66000000001405 2.21028675855364e-06
118.67000000001406 2.2104113503041114e-06
118.68000000001406 2.2105359022933722e-06
118.69000000001407 2.210660414521423e-06
118.70000000001407 2.2107848869882656e-06
118.71000000001408 2.210909319693897e-06
118.72000000001408 2.211033712638319e-06
118.73000000001409 2.2111580658215313e-06
118.74000000001409 2.211282379243535e-06
118.7500000000141 2.2114066529043285e-06
118.7600000000141 2.211530886803911e-06
118.77000000001411 2.211655080942286e-06
118.78000000001411 2.2117792353194503e-06
118.79000000001412 2.2119033499354044e-06
118.80000000001412 2.2120274247901493e-06
118.81000000001413 2.2121514598836853e-06
118.82000000001413 2.2122754552160108e-06
118.83000000001414 2.212399410787126e-06
118.84000000001414 2.212523326597034e-06
118.85000000001415 2.2126472026457298e-06
118.86000000001415 2.212771038933217e-06
118.87000000001416 2.212894835459494e-06
118.88000000001416 2.2130185922245628e-06
118.89000000001417 2.2131423092284203e-06
118.90000000001417 2.213265986471068e-06
118.91000000001418 2.2133896239525085e-06
118.92000000001418 2.213513221672736e-06
118.93000000001419 2.213636779631756e-06
118.9400000000142 2.213760297829565e-06
118.9500000000142 2.213883776266166e-06
118.9600000000142 2.2140072149415568e-06
118.97000000001421 2.2141306138557367e-06
118.98000000001421 2.214253973008707e-06
118.99000000001422 2.2143772924004697e-06
119.00000000001423 2.214500572031022e-06
119.01000000001423 2.214623811900362e-06
119.02000000001424 2.2147470120084966e-06
119.03000000001424 2.214870172355419e-06
119.04000000001425 2.2149932929411313e-06
119.05000000001425 2.215116373765634e-06
119.06000000001426 2.2152394148289293e-06
119.07000000001426 2.215362416131013e-06
119.08000000001427 2.2154853776718877e-06
119.09000000001427 2.215608299451553e-06
119.10000000001428 2.215731181470008e-06
119.11000000001428 2.2158540237272536e-06
119.12000000001429 2.215976826223289e-06
119.13000000001429 2.2160995889581163e-06
119.1400000000143 2.216222311931732e-06
119.1500000000143 2.2163449951441385e-06
119.1600000000143 2.2164676385953367e-06
119.17000000001431 2.2165902422853244e-06
119.18000000001432 2.2167128062141015e-06
119.19000000001432 2.2168353303816694e-06
119.20000000001433 2.2169578147880284e-06
119.21000000001433 2.217080259433177e-06
119.22000000001434 2.2172026643171156e-06
119.23000000001434 2.2173250294398456e-06
119.24000000001435 2.217447354801366e-06
119.25000000001435 2.2175696404016767e-06
119.26000000001436 2.2176918862407767e-06
119.27000000001436 2.2178140923186682e-06
119.28000000001437 2.217936258635349e-06
119.29000000001437 2.218058385190821e-06
119.30000000001438 2.218180471985082e-06
119.31000000001438 2.218302519018135e-06
119.32000000001439 2.2184245262899775e-06
119.3300000000144 2.218546493800611e-06
119.3400000000144 2.2186684215500345e-06
119.3500000000144 2.218790309538248e-06
119.36000000001441 2.2189121577652515e-06
119.37000000001441 2.2190339662310456e-06
119.38000000001442 2.219155734935631e-06
119.39000000001442 2.2192774638790065e-06
119.40000000001443 2.219399153061171e-06
119.41000000001443 2.2195208024821277e-06
119.42000000001444 2.2196424121418738e-06
119.43000000001445 2.2197639820404093e-06
119.44000000001445 2.2198855121777356e-06
119.45000000001446 2.220007002553854e-06
119.46000000001446 2.220128453168761e-06
119.47000000001447 2.2202498640224586e-06
119.48000000001447 2.2203712351149478e-06
119.49000000001448 2.2204925664462255e-06
119.50000000001448 2.2206138580162936e-06
119.51000000001449 2.2207351098251524e-06
119.52000000001449 2.2208563218728023e-06
119.5300000000145 2.2209774941592425e-06
119.5400000000145 2.2210986266844718e-06
119.5500000000145 2.2212197194484934e-06
119.56000000001451 2.2213407724513037e-06
119.57000000001452 2.2214617856929047e-06
119.58000000001452 2.221582759173295e-06
119.59000000001453 2.221703692892478e-06
119.60000000001453 2.221824586850451e-06
119.61000000001454 2.2219454410472126e-06
119.62000000001454 2.222066255482765e-06
119.63000000001455 2.222187030157109e-06
119.64000000001455 2.2223077650702427e-06
119.65000000001456 2.222428460222166e-06
119.66000000001456 2.2225491156128807e-06
119.67000000001457 2.2226697312423847e-06
119.68000000001457 2.22279030711068e-06
119.69000000001458 2.2229108432177645e-06
119.70000000001458 2.223031339563641e-06
119.71000000001459 2.2231517961483072e-06
119.7200000000146 2.2232722129717623e-06
119.7300000000146 2.2233925900340103e-06
119.7400000000146 2.2235129273350464e-06
119.75000000001461 2.2236332248748737e-06
119.76000000001461 2.223753482653491e-06
119.77000000001462 2.2238737006708995e-06
119.78000000001462 2.2239938789270973e-06
119.79000000001463 2.224114017422086e-06
119.80000000001463 2.2242341161558654e-06
119.81000000001464 2.224354175128435e-06
119.82000000001464 2.224474194339794e-06
119.83000000001465 2.224594173789944e-06
119.84000000001465 2.224714113478885e-06
119.85000000001466 2.2248340134066147e-06
119.86000000001467 2.2249538735731357e-06
119.87000000001467 2.2250736939784466e-06
119.88000000001468 2.225193474622549e-06
119.89000000001468 2.2253132155054405e-06
119.90000000001469 2.2254329166271223e-06
119.91000000001469 2.225552577987596e-06
119.9200000000147 2.225672199586859e-06
119.9300000000147 2.2257917814249125e-06
119.9400000000147 2.225911323501756e-06
119.95000000001471 2.2260308258173905e-06
119.96000000001472 2.2261502883718145e-06
119.97000000001472 2.226269711165029e-06
119.98000000001473 2.2263890941970347e-06
119.99000000001473 2.22650843746783e-06
120.00000000001474 2.2266277409774157e-06
120.01000000001474 2.226747004725791e-06
120.02000000001475 2.2268662287129583e-06
120.03000000001475 2.2269854129389153e-06
120.04000000001476 2.2271045574036613e-06
120.05000000001476 2.2272236621072006e-06
120.06000000001477 2.227342727049527e-06
120.07000000001477 2.227461752230646e-06
120.08000000001478 2.227580737650553e-06
120.09000000001478 2.227699683309254e-06
120.10000000001479 2.2278185892067413e-06
120.1100000000148 2.2279374553430207e-06
120.1200000000148 2.2280562817180913e-06
120.1300000000148 2.2281750683319517e-06
120.14000000001481 2.2282938151846015e-06
120.15000000001481 2.2284125222760417e-06
120.16000000001482 2.2285311896062743e-06
120.17000000001482 2.2286498171752955e-06
120.18000000001483 2.2287684049831074e-06
120.19000000001483 2.2288869530297105e-06
120.20000000001484 2.229005461315102e-06
120.21000000001484 2.2291239298392846e-06
120.22000000001485 2.229242358602258e-06
120.23000000001485 2.2293607476040224e-06
120.24000000001486 2.229479096844576e-06
120.25000000001486 2.2295974063239197e-06
120.26000000001487 2.229715676042054e-06
120.27000000001487 2.22983390599898e-06
120.28000000001488 2.229952096194695e-06
120.29000000001489 2.2300702466291997e-06
120.30000000001489 2.2301883573024973e-06
120.3100000000149 2.2303064282145836e-06
120.3200000000149 2.230424459365459e-06
120.3300000000149 2.2305424507551258e-06
120.34000000001491 2.2306604023835838e-06
120.35000000001492 2.230778314250831e-06
120.36000000001492 2.2308961863568686e-06
120.37000000001493 2.231014018701698e-06
120.38000000001493 2.231131811285316e-06
120.39000000001494 2.2312495641077245e-06
120.40000000001494 2.231367277168924e-06
120.41000000001495 2.231484950468914e-06
120.42000000001495 2.2316025840076936e-06
120.43000000001496 2.231720177785264e-06
120.44000000001496 2.2318377318016253e-06
120.45000000001497 2.2319552460567767e-06
120.46000000001497 2.2320727205507174e-06
120.47000000001498 2.2321901552834494e-06
120.48000000001498 2.232307550254972e-06
120.49000000001499 2.232424905465284e-06
120.50000000001499 2.232542220914387e-06
120.510000000015 2.232659496602279e-06
120.520000000015 2.232776732528963e-06
120.53000000001501 2.2328939286944364e-06
120.54000000001501 2.2330110850987004e-06
120.55000000001502 2.233128201741755e-06
120.56000000001502 2.2332452786236e-06
120.57000000001503 2.233362315744235e-06
120.58000000001503 2.2334793131036604e-06
120.59000000001504 2.2335962707018772e-06
120.60000000001504 2.2337131885388822e-06
120.61000000001505 2.2338300666146784e-06
120.62000000001505 2.2339469049292674e-06
120.63000000001506 2.2340637034826433e-06
120.64000000001506 2.2341804622748107e-06
120.65000000001507 2.2342971813057677e-06
120.66000000001507 2.234413860575517e-06
120.67000000001508 2.2345305000840554e-06
120.68000000001508 2.234647099831383e-06
120.69000000001509 2.234763659817504e-06
120.7000000000151 2.234880180042413e-06
120.7100000000151 2.2349966605061123e-06
120.7200000000151 2.2351131012086017e-06
120.73000000001511 2.2352295021498836e-06
120.74000000001512 2.2353458633299537e-06
120.75000000001512 2.2354621847488153e-06
120.76000000001513 2.2355784664064677e-06
120.77000000001513 2.2356947083029086e-06
120.78000000001514 2.235810910438141e-06
120.79000000001514 2.235927072812163e-06
120.80000000001515 2.2360431954249776e-06
120.81000000001515 2.23615927827658e-06
120.82000000001516 2.236275321366973e-06
120.83000000001516 2.2363913246961583e-06
120.84000000001517 2.2365072882641323e-06
120.85000000001517 2.2366232120708965e-06
120.86000000001518 2.2367390961164506e-06
120.87000000001518 2.236854940400797e-06
120.88000000001519 2.236970744923932e-06
120.89000000001519 2.237086509685858e-06
120.9000000000152 2.2372022346865746e-06
120.9100000000152 2.2373179199260815e-06
120.92000000001521 2.2374335654043787e-06
120.93000000001521 2.2375491711214657e-06
120.94000000001522 2.2376647370773435e-06
120.95000000001522 2.237780263272011e-06
120.96000000001523 2.2378957497054695e-06
120.97000000001523 2.2380111963777174e-06
120.98000000001524 2.2381266032887576e-06
120.99000000001524 2.238241970438587e-06
121.00000000001525 2.2383572978272065e-06
121.01000000001525 2.2384725854546176e-06
121.02000000001526 2.2385878333208174e-06
121.03000000001526 2.2387030414258075e-06
121.04000000001527 2.2388182097695882e-06
121.05000000001527 2.2389333383521614e-06
121.06000000001528 2.2390484271735224e-06
121.07000000001528 2.2391634762336737e-06
121.08000000001529 2.2392784855326174e-06
121.0900000000153 2.2393934550703497e-06
121.1000000000153 2.2395083848468723e-06
121.1100000000153 2.2396232748621856e-06
121.12000000001531 2.23973812511629e-06
121.13000000001531 2.2398529356091844e-06
121.14000000001532 2.239967706340868e-06
121.15000000001532 2.2400824373113427e-06
121.16000000001533 2.2401971285206084e-06
121.17000000001534 2.240311779968664e-06
121.18000000001534 2.2404263916555094e-06
121.19000000001535 2.2405409635811468e-06
121.20000000001535 2.2406554957455732e-06
121.21000000001536 2.2407699881487887e-06
121.22000000001536 2.2408844407907958e-06
121.23000000001537 2.2409988536715944e-06
121.24000000001537 2.2411132267911812e-06
121.25000000001538 2.24122756014956e-06
121.26000000001538 2.2413418537467274e-06
121.27000000001539 2.2414561075826873e-06
121.28000000001539 2.2415703216574366e-06
121.2900000000154 2.2416844959709753e-06
121.3000000000154 2.2417986305233065e-06
121.3100000000154 2.2419127253144275e-06
121.32000000001541 2.2420267803443363e-06
121.33000000001542 2.2421407956130375e-06
121.34000000001542 2.242254771120529e-06
121.35000000001543 2.2423687068668113e-06
121.36000000001543 2.242482602851882e-06
121.37000000001544 2.242596459075744e-06
121.38000000001544 2.2427102755383973e-06
121.39000000001545 2.24282405223984e-06
121.40000000001545 2.242937789180073e-06
121.41000000001546 2.243051486359098e-06
121.42000000001546 2.2431651437769116e-06
121.43000000001547 2.2432787614335154e-06
121.44000000001547 2.2433923393289095e-06
121.45000000001548 2.243505877463096e-06
121.46000000001548 2.2436193758360703e-06
121.47000000001549 2.2437328344478357e-06
121.4800000000155 2.243846253298392e-06
121.4900000000155 2.243959632387739e-06
121.5000000000155 2.2440729717158755e-06
121.51000000001551 2.244186271282802e-06
121.52000000001551 2.2442995310885204e-06
121.53000000001552 2.244412751133028e-06
121.54000000001552 2.2445259314163256e-06
121.55000000001553 2.244639071938414e-06
121.56000000001553 2.2447521726992937e-06
121.57000000001554 2.244865233698962e-06
121.58000000001554 2.244978254937421e-06
121.59000000001555 2.2450912364146716e-06
121.60000000001556 2.245204178130711e-06
121.61000000001556 2.2453170800855415e-06
121.62000000001557 2.245429942279161e-06
121.63000000001557 2.245542764711574e-06
121.64000000001558 2.2456555473827748e-06
121.65000000001558 2.245768290292767e-06
121.66000000001559 2.2458809934415476e-06
121.67000000001559 2.245993656829122e-06
121.6800000000156 2.2461062804554842e-06
121.6900000000156 2.2462188643206367e-06
121.7000000000156 2.2463314084245808e-06
121.71000000001561 2.2464439127673147e-06
121.72000000001562 2.246556377348838e-06
121.73000000001562 2.2466688021691526e-06
121.74000000001563 2.2467811872282587e-06
121.75000000001563 2.246893532526153e-06
121.76000000001564 2.247005838062839e-06
121.77000000001564 2.247118103838314e-06
121.78000000001565 2.247230329852582e-06
121.79000000001565 2.2473425161056374e-06
121.80000000001566 2.247454662597484e-06
121.81000000001566 2.2475667693281223e-06
121.82000000001567 2.247678836297549e-06
121.83000000001567 2.2477908635057666e-06
121.84000000001568 2.2479028509527745e-06
121.85000000001568 2.2480147986385743e-06
121.86000000001569 2.248126706563163e-06
121.8700000000157 2.248238574726542e-06
121.8800000000157 2.2483504031287114e-06
121.8900000000157 2.2484621917696716e-06
121.90000000001571 2.2485739406494217e-06
121.91000000001571 2.248685649767962e-06
121.92000000001572 2.2487973191252945e-06
121.93000000001572 2.2489089487214155e-06
121.94000000001573 2.249020538556326e-06
121.95000000001573 2.249132088630028e-06
121.96000000001574 2.249243598942521e-06
121.97000000001574 2.2493550694938037e-06
121.98000000001575 2.249466500283876e-06
121.99000000001575 2.2495778913127385e-06
122.00000000001576 2.2496892425803937e-06
122.01000000001576 2.249800554086838e-06
122.02000000001577 2.2499118258320712e-06
122.03000000001578 2.2500230578160973e-06
122.04000000001578 2.2501342500389112e-06
122.05000000001579 2.2502454025005162e-06
122.06000000001579 2.250356515200912e-06
122.0700000000158 2.250467588140099e-06
122.0800000000158 2.250578621318075e-06
122.0900000000158 2.2506896147348414e-06
122.10000000001581 2.250800568390399e-06
122.11000000001582 2.250911482284747e-06
122.12000000001582 2.251022356417884e-06
122.13000000001583 2.2511331907898115e-06
122.14000000001583 2.251243985400531e-06
122.15000000001584 2.2513547402500394e-06
122.16000000001584 2.251465455338338e-06
122.17000000001585 2.2515761306654276e-06
122.18000000001585 2.2516867662313082e-06
122.19000000001586 2.2517973620359783e-06
122.20000000001586 2.2519079180794374e-06
122.21000000001587 2.252018434361689e-06
122.22000000001587 2.2521289108827304e-06
122.23000000001588 2.2522393476425616e-06
122.24000000001588 2.252349744641183e-06
122.25000000001589 2.2524601018785964e-06
122.26000000001589 2.2525704193547977e-06
122.2700000000159 2.2526806970697907e-06
122.2800000000159 2.252790935023574e-06
122.29000000001591 2.252901133216148e-06
122.30000000001591 2.2530112916475112e-06
122.31000000001592 2.2531214103176653e-06
122.32000000001592 2.2532314892266106e-06
122.33000000001593 2.2533415283743458e-06
122.34000000001593 2.2534515277608704e-06
122.35000000001594 2.2535614873861857e-06
122.36000000001594 2.2536714072502926e-06
122.37000000001595 2.253781287353189e-06
122.38000000001595 2.2538911276948743e-06
122.39000000001596 2.2540009282753504e-06
122.40000000001596 2.2541106890946194e-06
122.41000000001597 2.2542204101526765e-06
122.42000000001597 2.2543300914495244e-06
122.43000000001598 2.2544397329851634e-06
122.44000000001598 2.2545493347595922e-06
122.45000000001599 2.25465889677281e-06
122.460000000016 2.2547684190248192e-06
122.470000000016 2.25487790151562e-06
122.480000000016 2.2549873442452095e-06
122.49000000001601 2.255096747213589e-06
122.50000000001602 2.2552061104207598e-06
122.51000000001602 2.2553154338667216e-06
122.52000000001603 2.255424717551472e-06
122.53000000001603 2.2555339614750136e-06
122.54000000001604 2.255643165637347e-06
122.55000000001604 2.255752330038469e-06
122.56000000001605 2.255861454678381e-06
122.57000000001605 2.255970539557084e-06
122.58000000001606 2.2560795846745787e-06
122.59000000001606 2.2561885900308616e-06
122.60000000001607 2.2562975556259354e-06
122.61000000001607 2.256406481459801e-06
122.62000000001608 2.2565153675324554e-06
122.63000000001608 2.2566242138438995e-06
122.64000000001609 2.2567330203941353e-06
122.65000000001609 2.2568417871831613e-06
122.6600000000161 2.256950514210977e-06
122.6700000000161 2.2570592014775835e-06
122.68000000001611 2.2571678489829813e-06
122.69000000001611 2.2572764567271677e-06
122.70000000001612 2.257385024710145e-06
122.71000000001612 2.2574935529319127e-06
122.72000000001613 2.2576020413924713e-06
122.73000000001613 2.2577104900918194e-06
122.74000000001614 2.257818899029958e-06
122.75000000001614 2.257927268206888e-06
122.76000000001615 2.258035597622607e-06
122.77000000001615 2.2581438872771167e-06
122.78000000001616 2.258252137170416e-06
122.79000000001616 2.258360347302508e-06
122.80000000001617 2.2584685176733883e-06
122.81000000001617 2.258576648283059e-06
122.82000000001618 2.258684739131521e-06
122.83000000001618 2.2587927902187727e-06
122.84000000001619 2.2589008015448158e-06
122.8500000000162 2.2590087731096474e-06
122.8600000000162 2.2591167049132715e-06
122.8700000000162 2.2592245969556837e-06
122.88000000001621 2.259332449236887e-06
122.89000000001622 2.259440261756881e-06
122.90000000001622 2.2595480345156657e-06
122.91000000001623 2.2596557675132404e-06
122.92000000001623 2.259763460749604e-06
122.93000000001624 2.2598711142247612e-06
122.94000000001624 2.2599787279387065e-06
122.95000000001625 2.260086301891442e-06
122.96000000001625 2.2601938360829674e-06
122.97000000001626 2.2603013305132856e-06
122.98000000001626 2.260408785182392e-06
122.99000000001627 2.2605162000902887e-06
123.00000000001627 2.2606235752369775e-06
123.01000000001628 2.260730910622455e-06
123.02000000001628 2.260838206246723e-06
123.03000000001629 2.260945462109781e-06
123.04000000001629 2.261052678211632e-06
123.0500000000163 2.26115985455227e-06
123.0600000000163 2.2612669911316993e-06
123.07000000001631 2.2613740879499193e-06
123.08000000001631 2.261481145006931e-06
123.09000000001632 2.2615881623027314e-06
123.10000000001632 2.261695139837322e-06
123.11000000001633 2.2618020776107043e-06
123.12000000001633 2.2619089756228758e-06
123.13000000001634 2.2620158338738376e-06
123.14000000001634 2.262122652363589e-06
123.15000000001635 2.2622294310921325e-06
123.16000000001635 2.2623361700594647e-06
123.17000000001636 2.262442869265588e-06
123.18000000001636 2.262549528710503e-06
123.19000000001637 2.262656148394207e-06
123.20000000001637 2.2627627283167015e-06
123.21000000001638 2.2628692684779852e-06
123.22000000001638 2.262975768878062e-06
123.23000000001639 2.263082229516926e-06
123.2400000000164 2.263188650394582e-06
123.2500000000164 2.263295031511029e-06
123.2600000000164 2.263401372866265e-06
123.27000000001641 2.2635076744602914e-06
123.28000000001641 2.263613936293109e-06
123.29000000001642 2.2637201583647172e-06
123.30000000001642 2.2638263406751146e-06
123.31000000001643 2.2639324832243026e-06
123.32000000001644 2.264038586012282e-06
123.33000000001644 2.2641446490390505e-06
123.34000000001645 2.264250672304609e-06
123.35000000001645 2.264356655808958e-06
123.36000000001646 2.2644625995520995e-06
123.37000000001646 2.264568503534029e-06
123.38000000001647 2.2646743677547495e-06
123.39000000001647 2.2647801922142604e-06
123.40000000001648 2.264885976912562e-06
123.41000000001648 2.2649917218496527e-06
123.42000000001649 2.265097427025535e-06
123.43000000001649 2.265203092440208e-06
123.4400000000165 2.26530871809367e-06
123.4500000000165 2.2654143039859225e-06
123.4600000000165 2.2655198501169655e-06
123.47000000001651 2.2656253564868e-06
123.48000000001652 2.265730823095424e-06
123.49000000001652 2.265836249942838e-06
123.50000000001653 2.265941637029044e-06
123.51000000001653 2.266046984354038e-06
123.52000000001654 2.266152291917823e-06
123.53000000001654 2.2662575597203987e-06
123.54000000001655 2.266362787761765e-06
123.55000000001655 2.2664679760419206e-06
123.56000000001656 2.2665731245608666e-06
123.57000000001656 2.266678233318605e-06
123.58000000001657 2.2667833023151325e-06
123.59000000001657 2.2668883315504494e-06
123.60000000001658 2.2669933210245575e-06
123.61000000001658 2.2670982707374567e-06
123.62000000001659 2.267203180689145e-06
123.6300000000166 2.2673080508796235e-06
123.6400000000166 2.267412881308893e-06
123.6500000000166 2.267517671976953e-06
123.66000000001661 2.267622422883803e-06
123.67000000001661 2.2677271340294427e-06
123.68000000001662 2.267831805413875e-06
123.69000000001662 2.2679364370370952e-06
123.70000000001663 2.2680410288991067e-06
123.71000000001663 2.2681455809999077e-06
123.72000000001664 2.2682500933395006e-06
123.73000000001664 2.268354565917883e-06
123.74000000001665 2.268458998735055e-06
123.75000000001666 2.268563391791019e-06
123.76000000001666 2.2686677450857733e-06
123.77000000001667 2.268772058619316e-06
123.78000000001667 2.26887633239165e-06
123.79000000001668 2.2689805664027746e-06
123.80000000001668 2.2690847606526895e-06
123.81000000001669 2.2691889151413943e-06
123.82000000001669 2.269293029868891e-06
123.8300000000167 2.269397104835177e-06
123.8400000000167 2.2695011400402522e-06
123.8500000000167 2.269605135484118e-06
123.86000000001671 2.2697090911667762e-06
123.87000000001672 2.2698130070882233e-06
123.88000000001672 2.26991688324846e-06
123.89000000001673 2.270020719647489e-06
123.90000000001673 2.2701245162853066e-06
123.91000000001674 2.270228273161915e-06
123.92000000001674 2.2703319902773134e-06
123.93000000001675 2.2704356676315035e-06
123.94000000001675 2.2705393052244827e-06
123.95000000001676 2.2706429030562525e-06
123.96000000001676 2.2707464611268135e-06
123.97000000001677 2.270849979436164e-06
123.98000000001677 2.270953457984304e-06
123.99000000001678 2.271056896771236e-06
124.00000000001678 2.271160295796958e-06
124.01000000001679 2.271263655061469e-06
124.0200000000168 2.2713669745647717e-06
124.0300000000168 2.271470254306865e-06
124.0400000000168 2.271573494287748e-06
124.05000000001681 2.2716766945074207e-06
124.06000000001681 2.271779854965884e-06
124.07000000001682 2.2718829756631383e-06
124.08000000001682 2.271986056599183e-06
124.09000000001683 2.272089097774017e-06
124.10000000001683 2.272192099187642e-06
124.11000000001684 2.2722950608400573e-06
124.12000000001684 2.272397982731263e-06
124.13000000001685 2.2725008648612593e-06
124.14000000001685 2.2726037072300466e-06
124.15000000001686 2.2727065098376225e-06
124.16000000001686 2.2728092726839895e-06
124.17000000001687 2.2729119957691456e-06
124.18000000001688 2.2730146790930958e-06
124.19000000001688 2.273117322655833e-06
124.20000000001689 2.2732199264573607e-06
124.21000000001689 2.2733224904976805e-06
124.2200000000169 2.2734250147767894e-06
124.2300000000169 2.273527499294688e-06
124.2400000000169 2.273629944051378e-06
124.25000000001691 2.2737323490468586e-06
124.26000000001692 2.273834714281129e-06
124.27000000001692 2.2739370397541886e-06
124.28000000001693 2.2740393254660413e-06
124.29000000001693 2.2741415714166823e-06
124.30000000001694 2.2742437776061135e-06
124.31000000001694 2.2743459440343355e-06
124.32000000001695 2.2744480707013495e-06
124.33000000001695 2.2745501576071512e-06
124.34000000001696 2.274652204751744e-06
124.35000000001696 2.2747542121351273e-06
124.36000000001697 2.2748561797573017e-06
124.37000000001697 2.274958107618266e-06
124.38000000001698 2.2750599957180204e-06
124.39000000001698 2.2751618440565656e-06
124.40000000001699 2.2752636526339007e-06
124.41000000001699 2.275365421450026e-06
124.420000000017 2.2754671505049415e-06
124.430000000017 2.2755688397986487e-06
124.44000000001701 2.2756704893311455e-06
124.45000000001701 2.2757720991024317e-06
124.46000000001702 2.275873669112509e-06
124.47000000001702 2.2759751993613767e-06
124.48000000001703 2.2760766898490346e-06
124.49000000001703 2.276178140575482e-06
124.50000000001704 2.276279551540722e-06
124.51000000001704 2.27638092274475e-06
124.52000000001705 2.2764822541875694e-06
124.53000000001705 2.2765835458691798e-06
124.54000000001706 2.276684797789579e-06
124.55000000001706 2.2767860099487696e-06
124.56000000001707 2.2768871823467504e-06
124.57000000001707 2.276988314983522e-06
124.58000000001708 2.2770894078590824e-06
124.59000000001708 2.2771904609734337e-06
124.60000000001709 2.2772914743265773e-06
124.6100000000171 2.2773924479185084e-06
124.6200000000171 2.2774933817492314e-06
124.6300000000171 2.277594275818744e-06
124.64000000001711 2.277695130127048e-06
124.65000000001712 2.2777959446741414e-06
124.66000000001712 2.2778967194600248e-06
124.67000000001713 2.2779974544847e-06
124.68000000001713 2.2780981497481645e-06
124.69000000001714 2.2781988052504192e-06
124.70000000001714 2.2782994209914646e-06
124.71000000001715 2.278399996971301e-06
124.72000000001715 2.2785005331899264e-06
124.73000000001716 2.2786010296473427e-06
124.74000000001716 2.2787014863435493e-06
124.75000000001717 2.278801903278547e-06
124.76000000001717 2.278902280452334e-06
124.77000000001718 2.2790026178649115e-06
124.78000000001718 2.27910291551628e-06
124.79000000001719 2.2792031734064387e-06
124.80000000001719 2.279303391535387e-06
124.8100000000172 2.2794035699031263e-06
124.8200000000172 2.2795037085096566e-06
124.83000000001721 2.2796038073549755e-06
124.84000000001721 2.2797038664390856e-06
124.85000000001722 2.279803885761987e-06
124.86000000001722 2.279903865323677e-06
124.87000000001723 2.2800038051241584e-06
124.88000000001723 2.2801037051634293e-06
124.89000000001724 2.2802035654414925e-06
124.90000000001724 2.280303385958344e-06
124.91000000001725 2.280403166713986e-06
124.92000000001725 2.28050290770842e-06
124.93000000001726 2.280602608941643e-06
124.94000000001726 2.2807022704136557e-06
124.95000000001727 2.2808018921244595e-06
124.96000000001727 2.2809014740740545e-06
124.97000000001728 2.281001016262439e-06
124.98000000001728 2.281100518689613e-06
124.99000000001729 2.281199981355578e-06
125.0000000000173 2.2812994042603348e-06
125.0100000000173 2.281398787403881e-06
125.0200000000173 2.2814981307862167e-06
125.03000000001731 2.281597434407344e-06
125.04000000001732 2.2816966982672603e-06
125.05000000001732 2.2817959223659675e-06
125.06000000001733 2.2818951067034646e-06
125.07000000001733 2.2819942512797537e-06
125.08000000001734 2.282093356094831e-06
125.09000000001734 2.2821924211487e-06
125.10000000001735 2.28229144644136e-06
125.11000000001735 2.2823904319728085e-06
125.12000000001736 2.282489377743047e-06
125.13000000001736 2.282588283752077e-06
125.14000000001737 2.282687149999899e-06
125.15000000001737 2.282785976486509e-06
125.16000000001738 2.28288476321191e-06
125.17000000001738 2.282983510176102e-06
125.18000000001739 2.2830822173790836e-06
125.19000000001739 2.283180884820855e-06
125.2000000000174 2.283279512501417e-06
125.2100000000174 2.28337810042077e-06
125.22000000001741 2.283476648578913e-06
125.23000000001741 2.2835751569758465e-06
125.24000000001742 2.283673625611571e-06
125.25000000001742 2.2837720544860844e-06
125.26000000001743 2.283870443599389e-06
125.27000000001743 2.2839687929514826e-06
125.28000000001744 2.2840671025423698e-06
125.29000000001744 2.2841653723720442e-06
125.30000000001745 2.284263602440509e-06
125.31000000001745 2.284361792747767e-06
125.32000000001746 2.2844599432938124e-06
125.33000000001746 2.284558054078649e-06
125.34000000001747 2.2846561251022757e-06
125.35000000001747 2.2847541563646945e-06
125.36000000001748 2.284852147865902e-06
125.37000000001748 2.2849500996059e-06
125.38000000001749 2.285048011584688e-06
125.3900000000175 2.2851458838022677e-06
125.4000000000175 2.2852437162586363e-06
125.4100000000175 2.2853415089537953e-06
125.42000000001751 2.285439261887747e-06
125.43000000001751 2.2855369750604857e-06
125.44000000001752 2.285634648472016e-06
125.45000000001752 2.285732282122337e-06
125.46000000001753 2.2858298760114487e-06
125.47000000001754 2.28592743013935e-06
125.48000000001754 2.2860249445060417e-06
125.49000000001755 2.2861224191115247e-06
125.50000000001755 2.286219853955797e-06
125.51000000001756 2.28631724903886e-06
125.52000000001756 2.2864146043607127e-06
125.53000000001757 2.2865119199213565e-06
125.54000000001757 2.2866091957207906e-06
125.55000000001758 2.2867064317590146e-06
125.56000000001758 2.2868036280360297e-06
125.57000000001759 2.2869007845518343e-06
125.58000000001759 2.2869979013064296e-06
125.5900000000176 2.2870949782998152e-06
125.6000000000176 2.2871920155319916e-06
125.6100000000176 2.287289013002958e-06
125.62000000001761 2.287385970712714e-06
125.63000000001762 2.28748288866126e-06
125.64000000001762 2.2875797668485983e-06
125.65000000001763 2.2876766052747265e-06
125.66000000001763 2.2877734039396434e-06
125.67000000001764 2.2878701628433536e-06
125.68000000001764 2.287966881985851e-06
125.69000000001765 2.28806356136714e-06
125.70000000001765 2.2881602009872186e-06
125.71000000001766 2.2882568008460887e-06
125.72000000001766 2.288353360943749e-06
125.73000000001767 2.288449881280199e-06
125.74000000001767 2.2885463618554407e-06
125.75000000001768 2.288642802669472e-06
125.76000000001768 2.2887392037222923e-06
125.77000000001769 2.288835565013904e-06
125.7800000000177 2.288931886544307e-06
125.7900000000177 2.2890281683134993e-06
125.8000000000177 2.2891244103214817e-06
125.81000000001771 2.289220612568255e-06
125.82000000001771 2.2893167750538186e-06
125.83000000001772 2.289412897778172e-06
125.84000000001772 2.2895089807413154e-06
125.85000000001773 2.2896050239432514e-06
125.86000000001773 2.2897010273839747e-06
125.87000000001774 2.28979699106349e-06
125.88000000001774 2.2898929149817965e-06
125.89000000001775 2.289988799138892e-06
125.90000000001776 2.290084643534778e-06
125.91000000001776 2.290180448169454e-06
125.92000000001777 2.2902762130429216e-06
125.93000000001777 2.2903719381551783e-06
125.94000000001778 2.2904676235062257e-06
125.95000000001778 2.2905632690960648e-06
125.96000000001779 2.2906588749246924e-06
125.97000000001779 2.290754440992111e-06
125.9800000000178 2.290849967298319e-06
125.9900000000178 2.2909454538433195e-06
126.0000000000178 2.2910409006271083e-06
126.01000000001781 2.2911363076496875e-06
126.02000000001782 2.2912316749110577e-06
126.03000000001782 2.2913270024112196e-06
126.04000000001783 2.2914222901501696e-06
126.05000000001783 2.2915175381279103e-06
126.06000000001784 2.2916127463444426e-06
126.07000000001784 2.291707914799764e-06
126.08000000001785 2.291803043493876e-06
126.09000000001785 2.291898132426779e-06
126.10000000001786 2.291993181598473e-06
126.11000000001786 2.2920881910089553e-06
126.12000000001787 2.2921831606582286e-06
126.13000000001787 2.292278090546294e-06
126.14000000001788 2.2923729806731478e-06
126.15000000001788 2.2924678310387924e-06
126.16000000001789 2.292562641643227e-06
126.1700000000179 2.292657412486453e-06
126.1800000000179 2.292752143568468e-06
126.1900000000179 2.292846834889274e-06
126.20000000001791 2.2929414864488716e-06
126.21000000001791 2.2930360982472576e-06
126.22000000001792 2.2931306702844343e-06
126.23000000001792 2.2932252025604013e-06
126.24000000001793 2.29331969507516e-06
126.25000000001793 2.2934141478287075e-06
126.26000000001794 2.293508560821045e-06
126.27000000001794 2.293602934052174e-06
126.28000000001795 2.2936972675220934e-06
126.29000000001795 2.2937915612308027e-06
126.30000000001796 2.2938858151783018e-06
126.31000000001796 2.293980029364593e-06
126.32000000001797 2.2940742037896735e-06
126.33000000001798 2.294168338453543e-06
126.34000000001798 2.2942624333562042e-06
126.35000000001799 2.294356488497657e-06
126.36000000001799 2.294450503877898e-06
126.370000000018 2.294544479496929e-06
126.380000000018 2.2946384153547528e-06
126.390000000018 2.2947323114513655e-06
126.40000000001801 2.294826167786768e-06
126.41000000001802 2.2949199843609613e-06
126.42000000001802 2.2950137611739466e-06
126.43000000001803 2.29510749822572e-06
126.44000000001803 2.295201195516284e-06
126.45000000001804 2.29529485304564e-06
126.46000000001804 2.2953884708137848e-06
126.47000000001805 2.29548204882072e-06
126.48000000001805 2.2955755870664452e-06
126.49000000001806 2.295669085550962e-06
126.50000000001806 2.2957625442742686e-06
126.51000000001807 2.295855963236365e-06
126.52000000001807 2.295949342437253e-06
126.53000000001808 2.296042681876931e-06
126.54000000001808 2.2961359815553977e-06
126.55000000001809 2.2962292414726556e-06
126.56000000001809 2.296322461628705e-06
126.5700000000181 2.2964156420235445e-06
126.5800000000181 2.2965087826571733e-06
126.59000000001811 2.296601883529593e-06
126.60000000001811 2.2966949446408027e-06
126.61000000001812 2.2967879659908024e-06
126.62000000001812 2.296880947579593e-06
126.63000000001813 2.2969738894071753e-06
126.64000000001813 2.2970667914735464e-06
126.65000000001814 2.297159653778707e-06
126.66000000001814 2.2972524763226586e-06
126.67000000001815 2.297345259105402e-06
126.68000000001815 2.297438002126934e-06
126.69000000001816 2.297530705387257e-06
126.70000000001816 2.297623368886371e-06
126.71000000001817 2.297715992624274e-06
126.72000000001817 2.2978085766009678e-06
126.73000000001818 2.2979011208164524e-06
126.74000000001818 2.297993625270728e-06
126.75000000001819 2.298086089963792e-06
126.7600000000182 2.298178514895647e-06
126.7700000000182 2.298270900066294e-06
126.7800000000182 2.298363245475729e-06
126.79000000001821 2.2984555511239556e-06
126.80000000001822 2.298547817010972e-06
126.81000000001822 2.2986400431367797e-06
126.82000000001823 2.2987322295013775e-06
126.83000000001823 2.2988243761047647e-06
126.84000000001824 2.2989164829469434e-06
126.85000000001824 2.2990085500279112e-06
126.86000000001825 2.2991005773476698e-06
126.87000000001825 2.2991925649062178e-06
126.88000000001826 2.299284512703559e-06
126.89000000001826 2.2993764207396884e-06
126.90000000001827 2.299468289014608e-06
126.91000000001827 2.2995601175283178e-06
126.92000000001828 2.2996519062808202e-06
126.93000000001828 2.2997436552721104e-06
126.94000000001829 2.2998353645021922e-06
126.95000000001829 2.2999270339710643e-06
126.9600000000183 2.3000186636787267e-06
126.9700000000183 2.300110253625178e-06
126.98000000001831 2.300201803810421e-06
126.99000000001831 2.300293314234455e-06
127.00000000001832 2.3003847848972784e-06
127.01000000001832 2.300476215798892e-06
127.02000000001833 2.300567606939297e-06
127.03000000001833 2.3006589583184906e-06
127.04000000001834 2.300750269936476e-06
127.05000000001834 2.3008415417932505e-06
127.06000000001835 2.300932773888817e-06
127.07000000001835 2.3010239662231724e-06
127.08000000001836 2.301115118796318e-06
127.09000000001836 2.301206231608256e-06
127.10000000001837 2.3012973046589826e-06
127.11000000001837 2.301388337948499e-06
127.12000000001838 2.3014793314768063e-06
127.13000000001838 2.3015702852439055e-06
127.14000000001839 2.301661199249793e-06
127.1500000000184 2.301752073494472e-06
127.1600000000184 2.301842907977942e-06
127.1700000000184 2.3019337027002e-06
127.18000000001841 2.3020244576612492e-06
127.19000000001841 2.302115172861088e-06
127.20000000001842 2.3022058482997203e-06
127.21000000001843 2.3022964839771406e-06
127.22000000001843 2.3023870798933504e-06
127.23000000001844 2.3024776360483535e-06
127.24000000001844 2.302568152442145e-06
127.25000000001845 2.3026586290747267e-06
127.26000000001845 2.302749065946098e-06
127.27000000001846 2.302839463056262e-06
127.28000000001846 2.302929820405215e-06
127.29000000001847 2.3030201379929576e-06
127.30000000001847 2.303110415819491e-06
127.31000000001848 2.303200653884816e-06
127.32000000001848 2.3032908521889297e-06
127.33000000001849 2.3033810107318345e-06
127.34000000001849 2.303471129513531e-06
127.3500000000185 2.3035612085340155e-06
127.3600000000185 2.3036512477932908e-06
127.3700000000185 2.3037412472913568e-06
127.38000000001851 2.303831207028214e-06
127.39000000001852 2.3039211270038605e-06
127.40000000001852 2.304011007218297e-06
127.41000000001853 2.304100847671525e-06
127.42000000001853 2.304190648363543e-06
127.43000000001854 2.304280409294351e-06
127.44000000001854 2.3043701304639485e-06
127.45000000001855 2.304459811872338e-06
127.46000000001855 2.304549453519517e-06
127.47000000001856 2.304639055405486e-06
127.48000000001856 2.3047286175302465e-06
127.49000000001857 2.304818139893797e-06
127.50000000001857 2.3049076224961365e-06
127.51000000001858 2.3049970653372676e-06
127.52000000001858 2.305086468417189e-06
127.53000000001859 2.3051758317359e-06
127.5400000000186 2.3052651552934026e-06
127.5500000000186 2.3053544390896944e-06
127.5600000000186 2.3054436831247766e-06
127.57000000001861 2.30553288739865e-06
127.58000000001861 2.305622051911313e-06
127.59000000001862 2.305711176662767e-06
127.60000000001862 2.3058002616530107e-06
127.61000000001863 2.305889306882045e-06
127.62000000001863 2.3059783123498684e-06
127.63000000001864 2.3060672780564843e-06
127.64000000001865 2.3061562040018897e-06
127.65000000001865 2.3062450901860846e-06
127.66000000001866 2.306333936609072e-06
127.67000000001866 2.306422743270848e-06
127.68000000001867 2.3065115101714135e-06
127.69000000001867 2.30660023731077e-06
127.70000000001868 2.306688924688918e-06
127.71000000001868 2.306777572305856e-06
127.72000000001869 2.306866180161584e-06
127.73000000001869 2.3069547482561024e-06
127.7400000000187 2.3070432765894112e-06
127.7500000000187 2.3071317651615095e-06
127.7600000000187 2.307220213972399e-06
127.77000000001871 2.3073086230220787e-06
127.78000000001872 2.3073969923105483e-06
127.79000000001872 2.307485321837809e-06
127.80000000001873 2.3075736116038606e-06
127.81000000001873 2.307661861608701e-06
127.82000000001874 2.3077500718523324e-06
127.83000000001874 2.3078382423347535e-06
127.84000000001875 2.3079263730559667e-06
127.85000000001875 2.308014464015969e-06
127.86000000001876 2.3081025152147613e-06
127.87000000001876 2.3081905266523445e-06
127.88000000001877 2.3082784983287175e-06
127.89000000001877 2.308366430243881e-06
127.90000000001878 2.308454322397835e-06
127.91000000001878 2.3085421747905798e-06
127.92000000001879 2.3086299874221145e-06
127.9300000000188 2.3087177602924395e-06
127.9400000000188 2.3088054934015548e-06
127.9500000000188 2.308893186749461e-06
127.96000000001881 2.308980840336157e-06
127.97000000001881 2.309068454161643e-06
127.98000000001882 2.309156028225921e-06
127.99000000001882 2.3092435625289883e-06
128.00000000001882 2.309331057070844e-06
128.0100000000188 2.309418511851492e-06
128.0200000000188 2.309505926870929e-06
128.0300000000188 2.3095933021291576e-06
128.04000000001878 2.309680637626176e-06
128.05000000001877 2.3097679333619862e-06
128.06000000001876 2.3098551893365856e-06
128.07000000001875 2.309942405549976e-06
128.08000000001874 2.310029582002156e-06
128.09000000001873 2.3101167186931258e-06
128.10000000001872 2.3102038156228863e-06
128.11000000001872 2.3102908727914376e-06
128.1200000000187 2.3103778901987796e-06
128.1300000000187 2.310464867844911e-06
128.1400000000187 2.3105518057298327e-06
128.15000000001868 2.3106387038535456e-06
128.16000000001867 2.3107255622160475e-06
128.17000000001866 2.310812380817342e-06
128.18000000001865 2.310899159657423e-06
128.19000000001864 2.3109858987362998e-06
128.20000000001863 2.311072598053963e-06
128.21000000001862 2.311159257610418e-06
128.22000000001862 2.3112458774056617e-06
128.2300000000186 2.311332457439697e-06
128.2400000000186 2.3114189977125226e-06
128.2500000000186 2.3115054982241377e-06
128.26000000001858 2.311591958974545e-06
128.27000000001857 2.3116783799637417e-06
128.28000000001856 2.311764761191729e-06
128.29000000001855 2.311851102658506e-06
128.30000000001854 2.311937404364073e-06
128.31000000001853 2.3120236663084307e-06
128.32000000001852 2.3121098884915787e-06
128.33000000001852 2.3121960709135166e-06
128.3400000000185 2.312282213574247e-06
128.3500000000185 2.3123683164737666e-06
128.3600000000185 2.312454379612074e-06
128.37000000001848 2.312540402989175e-06
128.38000000001847 2.3126263866050647e-06
128.39000000001846 2.3127123304597457e-06
128.40000000001845 2.312798234553217e-06
128.41000000001844 2.3128840988854794e-06
128.42000000001843 2.31296992345653e-06
128.43000000001842 2.313055708266373e-06
128.44000000001841 2.3131414533150033e-06
128.4500000000184 2.3132271586024265e-06
128.4600000000184 2.3133128241286388e-06
128.4700000000184 2.3133984498936426e-06
128.48000000001838 2.3134840358974367e-06
128.49000000001837 2.3135695821400215e-06
128.50000000001836 2.3136550886213953e-06
128.51000000001835 2.3137405553415603e-06
128.52000000001834 2.313825982300514e-06
128.53000000001833 2.31391136949826e-06
128.54000000001832 2.313996716934795e-06
128.55000000001831 2.314082024610122e-06
128.5600000000183 2.3141672925242386e-06
128.5700000000183 2.3142525206771454e-06
128.5800000000183 2.3143377090688417e-06
128.59000000001828 2.31442285769933e-06
128.60000000001827 2.3145079665686064e-06
128.61000000001826 2.3145930356766752e-06
128.62000000001825 2.3146780650235344e-06
128.63000000001824 2.314763054609183e-06
128.64000000001823 2.314848004433622e-06
128.65000000001822 2.314932914496852e-06
128.66000000001821 2.3150177847988706e-06
128.6700000000182 2.315102615339681e-06
128.6800000000182 2.31518740611928e-06
128.6900000000182 2.315272157137673e-06
128.70000000001818 2.3153568683948526e-06
128.71000000001817 2.3154415398908253e-06
128.72000000001816 2.3155261716255866e-06
128.73000000001815 2.3156107635991387e-06
128.74000000001814 2.3156953158114806e-06
128.75000000001813 2.315779828262614e-06
128.76000000001812 2.315864300952538e-06
128.77000000001811 2.315948733881251e-06
128.7800000000181 2.3160331270487547e-06
128.7900000000181 2.3161174804550486e-06
128.8000000000181 2.316201794100133e-06
128.81000000001808 2.316286067984008e-06
128.82000000001807 2.316370302106673e-06
128.83000000001806 2.3164544964681287e-06
128.84000000001805 2.316538651068375e-06
128.85000000001804 2.3166227659074123e-06
128.86000000001803 2.3167068409852374e-06
128.87000000001802 2.316790876301854e-06
128.88000000001801 2.3168748718572615e-06
128.890000000018 2.3169588276514597e-06
128.900000000018 2.3170427436844477e-06
128.910000000018 2.317126619956227e-06
128.92000000001798 2.3172104564667946e-06
128.93000000001797 2.3172942532161535e-06
128.94000000001796 2.317378010204302e-06
128.95000000001795 2.3174617274312427e-06
128.96000000001794 2.3175454048969717e-06
128.97000000001793 2.3176290426014927e-06
128.98000000001792 2.3177126405448027e-06
128.99000000001791 2.3177961987269047e-06
129.0000000000179 2.317879717147795e-06
129.0100000000179 2.3179631958074774e-06
129.0200000000179 2.318046634705948e-06
129.03000000001788 2.318130033843211e-06
129.04000000001787 2.318213393219263e-06
129.05000000001786 2.3182967128341083e-06
129.06000000001785 2.3183799926877403e-06
129.07000000001784 2.3184632327801643e-06
129.08000000001783 2.318546433111378e-06
129.09000000001782 2.3186295936813823e-06
129.10000000001781 2.3187127144901772e-06
129.1100000000178 2.3187957955377616e-06
129.1200000000178 2.3188788368241375e-06
129.1300000000178 2.318961838349304e-06
129.14000000001778 2.3190448001132594e-06
129.15000000001777 2.319127722116006e-06
129.16000000001776 2.319210604357543e-06
129.17000000001775 2.31929344683787e-06
129.18000000001774 2.3193762495569863e-06
129.19000000001773 2.319459012514896e-06
129.20000000001772 2.3195417357115935e-06
129.21000000001771 2.319624419147083e-06
129.2200000000177 2.3197070628213602e-06
129.2300000000177 2.3197896667344294e-06
129.2400000000177 2.319872230886288e-06
129.25000000001768 2.319954755276939e-06
129.26000000001767 2.3200372399063794e-06
129.27000000001766 2.3201196847746102e-06
129.28000000001765 2.320202089881631e-06
129.29000000001764 2.320284455227442e-06
129.30000000001763 2.3203667808120425e-06
129.31000000001762 2.3204490666354354e-06
129.32000000001761 2.320531312697616e-06
129.3300000000176 2.32061351899859e-06
129.3400000000176 2.3206956855383525e-06
129.3500000000176 2.320777812316907e-06
129.36000000001758 2.320859899334249e-06
129.37000000001757 2.320941946590384e-06
129.38000000001756 2.321023954085307e-06
129.39000000001755 2.321105921819022e-06
129.40000000001754 2.3211878497915275e-06
129.41000000001753 2.321269738002823e-06
129.42000000001752 2.321351586452907e-06
129.43000000001751 2.3214333951417845e-06
129.4400000000175 2.3215151640694496e-06
129.4500000000175 2.3215968932359067e-06
129.4600000000175 2.321678582641153e-06
129.47000000001748 2.3217602322851914e-06
129.48000000001747 2.3218418421680186e-06
129.49000000001746 2.3219234122896365e-06
129.50000000001745 2.322004942650045e-06
129.51000000001744 2.3220864332492445e-06
129.52000000001743 2.322167884087232e-06
129.53000000001742 2.322249295164012e-06
129.54000000001741 2.322330666479581e-06
129.5500000000174 2.3224119980339416e-06
129.5600000000174 2.3224932898270924e-06
129.5700000000174 2.322574541859033e-06
129.58000000001738 2.322655754129764e-06
129.59000000001737 2.322736926639285e-06
129.60000000001736 2.3228180593875963e-06
129.61000000001735 2.322899152374699e-06
129.62000000001734 2.322980205600592e-06
129.63000000001733 2.3230612190652748e-06
129.64000000001732 2.323142192768747e-06
129.65000000001731 2.3232231267110108e-06
129.6600000000173 2.323304020892064e-06
129.6700000000173 2.323384875311909e-06
129.6800000000173 2.323465689970542e-06
129.69000000001728 2.3235464648679685e-06
129.70000000001727 2.323627200004183e-06
129.71000000001726 2.3237078953791894e-06
129.72000000001725 2.3237885509929838e-06
129.73000000001724 2.3238691668455706e-06
129.74000000001723 2.323949742936946e-06
129.75000000001722 2.3240302792671126e-06
129.76000000001721 2.3241107758360716e-06
129.7700000000172 2.3241912326438184e-06
129.7800000000172 2.324271649690356e-06
129.7900000000172 2.324352026975684e-06
129.80000000001718 2.324432364499802e-06
129.81000000001717 2.324512662262712e-06
129.82000000001716 2.3245929202644097e-06
129.83000000001715 2.3246731385049e-06
129.84000000001714 2.32475331698418e-06
129.85000000001713 2.3248334557022505e-06
129.86000000001712 2.3249135546591104e-06
129.87000000001711 2.3249936138547623e-06
129.8800000000171 2.325073633289202e-06
129.8900000000171 2.3251536129624345e-06
129.9000000000171 2.3252335528744564e-06
129.91000000001708 2.3253134530252695e-06
129.92000000001707 2.325393313414871e-06
129.93000000001706 2.3254731340432645e-06
129.94000000001705 2.325552914910447e-06
129.95000000001704 2.325632656016421e-06
129.96000000001703 2.325712357361184e-06
129.97000000001702 2.3257920189447393e-06
129.98000000001701 2.3258716407670846e-06
129.990000000017 2.3259512228282196e-06
130.000000000017 2.3260307651281433e-06
130.010000000017 2.3261102676668607e-06
130.02000000001698 2.326189730444365e-06
130.03000000001697 2.3262691534606626e-06
130.04000000001696 2.326348536715748e-06
130.05000000001695 2.3264278802096273e-06
130.06000000001694 2.3265071839422932e-06
130.07000000001693 2.3265864479137507e-06
130.08000000001692 2.3266656721239985e-06
130.09000000001691 2.3267448565730375e-06
130.1000000000169 2.3268240012608646e-06
130.1100000000169 2.326903106187484e-06
130.1200000000169 2.3269821713528944e-06
130.13000000001688 2.3270611967570945e-06
130.14000000001687 2.3271401824000837e-06
130.15000000001686 2.327219128281864e-06
130.16000000001685 2.3272980344024343e-06
130.17000000001684 2.327376900761796e-06
130.18000000001683 2.327455727359947e-06
130.19000000001682 2.3275345141968905e-06
130.20000000001681 2.3276132612726215e-06
130.2100000000168 2.327691968587144e-06
130.2200000000168 2.327770636140457e-06
130.2300000000168 2.327849263932561e-06
130.24000000001678 2.3279278519634522e-06
130.25000000001677 2.328006400233137e-06
130.26000000001676 2.3280849087416117e-06
130.27000000001675 2.328163377488876e-06
130.28000000001674 2.3282418064749308e-06
130.29000000001673 2.328320195699776e-06
130.30000000001672 2.32839854516341e-06
130.31000000001671 2.3284768548658374e-06
130.3200000000167 2.3285551248070516e-06
130.3300000000167 2.328633354987059e-06
130.3400000000167 2.328711545405857e-06
130.35000000001668 2.328789696063444e-06
130.36000000001667 2.3288678069598206e-06
130.37000000001666 2.32894587809499e-06
130.38000000001665 2.329023909468947e-06
130.39000000001664 2.329101901081696e-06
130.40000000001663 2.3291798529332353e-06
130.41000000001662 2.329257765023565e-06
130.4200000000166 2.329335637352683e-06
130.4300000000166 2.3294134699205937e-06
130.4400000000166 2.3294912627272936e-06
130.4500000000166 2.329569015772784e-06
130.46000000001658 2.3296467290570647e-06
130.47000000001657 2.329724402580137e-06
130.48000000001656 2.3298020363419983e-06
130.49000000001655 2.3298796303426514e-06
130.50000000001654 2.329957184582092e-06
130.51000000001653 2.330034699060325e-06
130.52000000001652 2.3301121737773475e-06
130.5300000000165 2.330189608733161e-06
130.5400000000165 2.3302670039277643e-06
130.5500000000165 2.3303443593611605e-06
130.5600000000165 2.3304216750333436e-06
130.57000000001648 2.3304989509443182e-06
130.58000000001647 2.330576187094083e-06
130.59000000001646 2.3306533834826385e-06
130.60000000001645 2.3307305401099836e-06
130.61000000001644 2.33080765697612e-06
130.62000000001643 2.3308847340810465e-06
130.63000000001642 2.330961771424764e-06
130.6400000000164 2.33103876900727e-06
130.6500000000164 2.331115726828568e-06
130.6600000000164 2.331192644888655e-06
130.6700000000164 2.331269523187533e-06
130.68000000001638 2.331346361725201e-06
130.69000000001637 2.331423160501661e-06
130.70000000001636 2.33149991951691e-06
130.71000000001635 2.3315766387709495e-06
130.72000000001634 2.3316533182637783e-06
130.73000000001633 2.3317299579954e-06
130.74000000001632 2.331806557965809e-06
130.7500000000163 2.33188311817501e-06
130.7600000000163 2.3319596386230027e-06
130.7700000000163 2.332036119309784e-06
130.7800000000163 2.3321125602353544e-06
130.79000000001628 2.332188961399717e-06
130.80000000001627 2.332265322802869e-06
130.81000000001626 2.3323416444448125e-06
130.82000000001625 2.3324179263255443e-06
130.83000000001624 2.3324941684450685e-06
130.84000000001623 2.3325703708033834e-06
130.85000000001622 2.3326465334004874e-06
130.8600000000162 2.332722656236381e-06
130.8700000000162 2.3327987393110666e-06
130.8800000000162 2.332874782624541e-06
130.8900000000162 2.332950786176807e-06
130.90000000001618 2.333026749967863e-06
130.91000000001617 2.33310267399771e-06
130.92000000001616 2.3331785582663456e-06
130.93000000001615 2.333254402773773e-06
130.94000000001614 2.3333302075199895e-06
130.95000000001613 2.3334059725049977e-06
130.96000000001612 2.3334816977287945e-06
130.9700000000161 2.3335573831913834e-06
130.9800000000161 2.333633028892762e-06
130.9900000000161 2.3337086348329315e-06
131.0000000000161 2.3337842010118904e-06
131.01000000001608 2.3338597274296404e-06
131.02000000001607 2.33393521408618e-06
131.03000000001606 2.33401066098151e-06
131.04000000001605 2.3340860681156303e-06
131.05000000001604 2.3341614354885436e-06
131.06000000001603 2.334236763100243e-06
131.07000000001602 2.3343120509507353e-06
131.080000000016 2.3343872990400166e-06
131.090000000016 2.334462507368089e-06
131.100000000016 2.3345376759349514e-06
131.110000000016 2.334612804740605e-06
131.12000000001598 2.3346878937850482e-06
131.13000000001597 2.3347629430682836e-06
131.14000000001596 2.3348379525903063e-06
131.15000000001595 2.3349129223511214e-06
131.16000000001594 2.3349878523507242e-06
131.17000000001593 2.3350627425891204e-06
131.18000000001592 2.3351375930663055e-06
131.1900000000159 2.3352124037822822e-06
131.2000000000159 2.3352871747370476e-06
131.2100000000159 2.3353619059306045e-06
131.2200000000159 2.3354365973629504e-06
131.23000000001588 2.335511249034088e-06
131.24000000001587 2.335585860944014e-06
131.25000000001586 2.335660433092733e-06
131.26000000001585 2.3357349654802415e-06
131.27000000001584 2.3358094581065406e-06
131.28000000001583 2.3358839109716288e-06
131.29000000001582 2.3359583240755077e-06
131.3000000000158 2.3360326974181764e-06
131.3100000000158 2.3361070309996368e-06
131.3200000000158 2.336181324819886e-06
131.3300000000158 2.336255578878927e-06
131.34000000001578 2.336329793176759e-06
131.35000000001577 2.3364039677133803e-06
131.36000000001576 2.336478102488791e-06
131.37000000001575 2.336552197502993e-06
131.38000000001574 2.3366262527559847e-06
131.39000000001573 2.336700268247768e-06
131.40000000001572 2.3367742439783413e-06
131.4100000000157 2.336848179947705e-06
131.4200000000157 2.336922076155857e-06
131.4300000000157 2.3369959326028015e-06
131.4400000000157 2.3370697492885345e-06
131.45000000001568 2.33714352621306e-06
131.46000000001567 2.3372172633763735e-06
131.47000000001566 2.3372909607784795e-06
131.48000000001565 2.337364618419376e-06
131.49000000001564 2.337438236299062e-06
131.50000000001563 2.3375118144175376e-06
131.51000000001562 2.3375853527748053e-06
131.5200000000156 2.337658851370861e-06
131.5300000000156 2.337732310205709e-06
131.5400000000156 2.3378057292793458e-06
131.5500000000156 2.3378791085917755e-06
131.56000000001558 2.337952448142992e-06
131.57000000001557 2.338025747933002e-06
131.58000000001556 2.3380990079618e-06
131.59000000001555 2.3381722282293896e-06
131.60000000001554 2.3382454087357687e-06
131.61000000001553 2.3383185494809385e-06
131.62000000001552 2.3383916504649003e-06
131.6300000000155 2.338464711687651e-06
131.6400000000155 2.338537733149192e-06
131.6500000000155 2.3386107148495224e-06
131.6600000000155 2.3386836567886437e-06
131.67000000001548 2.3387565589665566e-06
131.68000000001547 2.338829421383258e-06
131.69000000001546 2.3389022440387524e-06
131.70000000001545 2.3389750269330345e-06
131.71000000001544 2.339047770066109e-06
131.72000000001543 2.3391204734379717e-06
131.73000000001542 2.339193137048625e-06
131.7400000000154 2.3392657608980693e-06
131.7500000000154 2.339338344986304e-06
131.7600000000154 2.339410889313331e-06
131.7700000000154 2.339483393879147e-06
131.78000000001538 2.339555858683751e-06
131.79000000001537 2.3396282837271484e-06
131.80000000001536 2.3397006690093335e-06
131.81000000001535 2.3397730145303106e-06
131.82000000001534 2.339845320290077e-06
131.83000000001533 2.3399175862886352e-06
131.84000000001532 2.339989812525983e-06
131.8500000000153 2.340061999002122e-06
131.8600000000153 2.3401341457170497e-06
131.8700000000153 2.340206252670769e-06
131.8800000000153 2.340278319863277e-06
131.89000000001528 2.3403503472945778e-06
131.90000000001527 2.340422334964668e-06
131.91000000001526 2.340494282873549e-06
131.92000000001525 2.340566191021218e-06
131.93000000001524 2.3406380594076793e-06
131.94000000001523 2.3407098880329303e-06
131.95000000001522 2.340781676896972e-06
131.9600000000152 2.3408534259998024e-06
131.9700000000152 2.340925135341426e-06
131.9800000000152 2.340996804921839e-06
131.9900000000152 2.3410684347410424e-06
132.00000000001518 2.3411400247990344e-06
132.01000000001517 2.341211575095818e-06
132.02000000001516 2.341283085631392e-06
132.03000000001515 2.3413545564057568e-06
132.04000000001514 2.34142598741891e-06
132.05000000001513 2.3414973786708564e-06
132.06000000001512 2.3415687301615915e-06
132.0700000000151 2.341640041891118e-06
132.0800000000151 2.3417113138594325e-06
132.0900000000151 2.3417825460665397e-06
132.1000000000151 2.3418537385124343e-06
132.11000000001508 2.3419248911971225e-06
132.12000000001507 2.3419960041206006e-06
132.13000000001506 2.3420670772828687e-06
132.14000000001505 2.3421381106839253e-06
132.15000000001504 2.3422091043237747e-06
132.16000000001503 2.3422800582024132e-06
132.17000000001502 2.3423509723198424e-06
132.180000000015 2.3424218466760607e-06
132.190000000015 2.3424926812710718e-06
132.200000000015 2.3425634761048715e-06
132.210000000015 2.342634231177462e-06
132.22000000001498 2.3427049464888417e-06
132.23000000001497 2.342775622039013e-06
132.24000000001496 2.342846257827974e-06
132.25000000001495 2.3429168538557266e-06
132.26000000001494 2.342987410122269e-06
132.27000000001493 2.3430579266276016e-06
132.28000000001492 2.3431284033717237e-06
132.2900000000149 2.3431988403546373e-06
132.3000000000149 2.34326923757634e-06
132.3100000000149 2.3433395950368343e-06
132.3200000000149 2.3434099127361176e-06
132.33000000001488 2.3434801906741917e-06
132.34000000001487 2.3435504288510573e-06
132.35000000001486 2.3436206272667136e-06
132.36000000001485 2.3436907859211585e-06
132.37000000001484 2.3437609048143933e-06
132.38000000001483 2.3438309839464197e-06
132.39000000001482 2.343901023317237e-06
132.4000000000148 2.343971022926843e-06
132.4100000000148 2.3440409827752415e-06
132.4200000000148 2.344110902862428e-06
132.4300000000148 2.344180783188407e-06
132.44000000001478 2.3442506237531744e-06
132.45000000001477 2.344320424556733e-06
132.46000000001476 2.3443901855990812e-06
132.47000000001475 2.3444599068802203e-06
132.48000000001474 2.344529588400151e-06
132.49000000001473 2.344599230158871e-06
132.50000000001472 2.3446688321563803e-06
132.5100000000147 2.344738394392682e-06
132.5200000000147 2.3448079168677716e-06
132.5300000000147 2.3448773995816533e-06
132.5400000000147 2.344946842534324e-06
132.55000000001468 2.345016245725788e-06
132.56000000001467 2.3450856091560387e-06
132.57000000001466 2.345154932825082e-06
132.58000000001465 2.3452242167329145e-06
132.59000000001464 2.3452934608795385e-06
132.60000000001463 2.3453626652649515e-06
132.61000000001462 2.3454318298891552e-06
132.6200000000146 2.34550095475215e-06
132.6300000000146 2.3455700398539357e-06
132.6400000000146 2.3456390851945095e-06
132.6500000000146 2.3457080907738753e-06
132.66000000001458 2.3457770565920305e-06
132.67000000001457 2.345845982648977e-06
132.68000000001456 2.345914868944712e-06
132.69000000001455 2.3459837154792406e-06
132.70000000001454 2.346052522252557e-06
132.71000000001453 2.3461212892646647e-06
132.72000000001452 2.3461900165155617e-06
132.7300000000145 2.3462587040052503e-06
132.7400000000145 2.346327351733728e-06
132.7500000000145 2.3463959597009972e-06
132.7600000000145 2.3464645279070567e-06
132.77000000001448 2.3465330563519066e-06
132.78000000001447 2.346601545035546e-06
132.79000000001446 2.3466699939579763e-06
132.80000000001445 2.3467384031191953e-06
132.81000000001444 2.3468067725192076e-06
132.82000000001443 2.346875102158007e-06
132.83000000001442 2.3469433920355993e-06
132.8400000000144 2.347011642151981e-06
132.8500000000144 2.347079852507154e-06
132.8600000000144 2.3471480231011156e-06
132.8700000000144 2.3472161539338693e-06
132.88000000001438 2.3472842450054116e-06
132.89000000001437 2.3473522963157454e-06
132.90000000001436 2.3474203078648696e-06
132.91000000001435 2.347488279652784e-06
132.92000000001434 2.347556211679488e-06
132.93000000001433 2.347624103944983e-06
132.94000000001432 2.3476919564492676e-06
132.9500000000143 2.347759769192344e-06
132.9600000000143 2.347827542174209e-06
132.9700000000143 2.347895275394865e-06
132.9800000000143 2.3479629688543125e-06
132.99000000001428 2.3480306225525502e-06
133.00000000001427 2.3480982364895765e-06
133.01000000001426 2.348165810665395e-06
133.02000000001425 2.3482333450800014e-06
133.03000000001424 2.3483008397334e-06
133.04000000001423 2.3483682946255883e-06
133.05000000001422 2.3484357097565686e-06
133.0600000000142 2.3485030851263364e-06
133.0700000000142 2.3485704207348978e-06
133.0800000000142 2.3486377165822465e-06
133.0900000000142 2.348704972668386e-06
133.10000000001418 2.348772188993317e-06
133.11000000001417 2.3488393655570383e-06
133.12000000001416 2.3489065023595495e-06
133.13000000001415 2.3489735994008528e-06
133.14000000001414 2.349040656680943e-06
133.15000000001413 2.3491076741998263e-06
133.16000000001412 2.3491746519574974e-06
133.1700000000141 2.3492415899539606e-06
133.1800000000141 2.3493084881892136e-06
133.1900000000141 2.349375346663259e-06
133.2000000000141 2.3494421653760922e-06
133.21000000001408 2.3495089443277174e-06
133.22000000001407 2.3495756835181312e-06
133.23000000001406 2.349642382947336e-06
133.24000000001405 2.3497090426153306e-06
133.25000000001404 2.349775662522117e-06
133.26000000001403 2.349842242667694e-06
133.27000000001402 2.3499087830520603e-06
133.280000000014 2.349975283675217e-06
133.290000000014 2.3500417445371648e-06
133.300000000014 2.3501081656379005e-06
133.31000000001399 2.350174546977429e-06
133.32000000001398 2.3502408885557464e-06
133.33000000001397 2.3503071903728556e-06
133.34000000001396 2.3503734524287548e-06
133.35000000001395 2.350439674723444e-06
133.36000000001394 2.350505857256923e-06
133.37000000001393 2.350572000029192e-06
133.38000000001392 2.3506381030402525e-06
133.3900000000139 2.350704166290104e-06
133.4000000000139 2.3507701897787445e-06
133.4100000000139 2.3508361735061757e-06
133.42000000001389 2.350902117472397e-06
133.43000000001388 2.350968021677409e-06
133.44000000001387 2.3510338861212107e-06
133.45000000001386 2.3510997108038036e-06
133.46000000001385 2.351165495725186e-06
133.47000000001384 2.3512312408853594e-06
133.48000000001383 2.3512969462843235e-06
133.49000000001382 2.3513626119220776e-06
133.5000000000138 2.3514282377986207e-06
133.5100000000138 2.351493823913956e-06
133.5200000000138 2.3515593702680803e-06
133.53000000001379 2.351624876860995e-06
133.54000000001378 2.351690343692701e-06
133.55000000001377 2.3517557707631982e-06
133.56000000001376 2.3518211580724835e-06
133.57000000001375 2.351886505620561e-06
133.58000000001374 2.3519518134074268e-06
133.59000000001373 2.3520170814330847e-06
133.60000000001372 2.3520823096975316e-06
133.6100000000137 2.3521474982007693e-06
133.6200000000137 2.352212646942799e-06
133.6300000000137 2.3522777559236176e-06
133.64000000001369 2.352342825143226e-06
133.65000000001368 2.352407854601626e-06
133.66000000001367 2.3524728442988147e-06
133.67000000001366 2.3525377942347946e-06
133.68000000001365 2.3526027044095644e-06
133.69000000001364 2.352667574823127e-06
133.70000000001363 2.3527324054754778e-06
133.71000000001362 2.3527971963666185e-06
133.7200000000136 2.3528619474965494e-06
133.7300000000136 2.352926658865272e-06
133.7400000000136 2.3529913304727836e-06
133.75000000001359 2.3530559623190863e-06
133.76000000001358 2.353120554404181e-06
133.77000000001357 2.3531851067280648e-06
133.78000000001356 2.3532496192907376e-06
133.79000000001355 2.3533140920922015e-06
133.80000000001354 2.3533785251324557e-06
133.81000000001353 2.3534429184115003e-06
133.82000000001352 2.353507271929335e-06
133.8300000000135 2.353571585685961e-06
133.8400000000135 2.353635859681377e-06
133.8500000000135 2.353700093915584e-06
133.86000000001349 2.353764288388579e-06
133.87000000001348 2.353828443100367e-06
133.88000000001347 2.3538925580509426e-06
133.89000000001346 2.3539566332403104e-06
133.90000000001345 2.3540206686684693e-06
133.91000000001344 2.354084664335418e-06
133.92000000001343 2.354148620241155e-06
133.93000000001342 2.3542125363856846e-06
133.9400000000134 2.354276412769003e-06
133.9500000000134 2.3543402493911126e-06
133.9600000000134 2.3544040462520117e-06
133.97000000001339 2.354467803351703e-06
133.98000000001338 2.354531520690184e-06
133.99000000001337 2.3545951982674553e-06
134.00000000001336 2.354658836083515e-06
134.01000000001335 2.354722434138368e-06
134.02000000001334 2.354785992432009e-06
134.03000000001333 2.354849510964441e-06
134.04000000001332 2.3549129897356626e-06
134.0500000000133 2.3549764287456778e-06
134.0600000000133 2.3550398279944803e-06
134.0700000000133 2.3551031874820743e-06
134.08000000001329 2.355166507208457e-06
134.09000000001328 2.3552297871736325e-06
134.10000000001327 2.3552930273775958e-06
134.11000000001326 2.355356227820351e-06
134.12000000001325 2.3554193885018966e-06
134.13000000001324 2.3554825094222325e-06
134.14000000001323 2.3555455905813574e-06
134.15000000001322 2.355608631979275e-06
134.1600000000132 2.3556716336159806e-06
134.1700000000132 2.3557345954914786e-06
134.1800000000132 2.3557975176057647e-06
134.19000000001319 2.355860399958844e-06
134.20000000001318 2.3559232425507116e-06
134.21000000001317 2.35598604538137e-06
134.22000000001316 2.3560488084508185e-06
134.23000000001315 2.356111531759057e-06
134.24000000001314 2.356174215306086e-06
134.25000000001313 2.3562368590919064e-06
134.26000000001312 2.3562994631165162e-06
134.2700000000131 2.356362027379917e-06
134.2800000000131 2.356424551882108e-06
134.2900000000131 2.356487036623089e-06
134.30000000001309 2.3565494816028592e-06
134.31000000001308 2.3566118868214214e-06
134.32000000001307 2.356674252278773e-06
134.33000000001306 2.3567365779749157e-06
134.34000000001305 2.3567988639098487e-06
134.35000000001304 2.356861110083573e-06
134.36000000001303 2.3569233164960845e-06
134.37000000001302 2.356985483147389e-06
134.380000000013 2.3570476100374822e-06
134.390000000013 2.357109697166368e-06
134.400000000013 2.3571717445340425e-06
134.41000000001299 2.357233752140508e-06
134.42000000001298 2.357295719985764e-06
134.43000000001297 2.3573576480698097e-06
134.44000000001296 2.357419536392645e-06
134.45000000001295 2.3574813849542717e-06
134.46000000001294 2.3575431937546875e-06
134.47000000001293 2.3576049627938957e-06
134.48000000001292 2.357666692071894e-06
134.4900000000129 2.357728381588682e-06
134.5000000000129 2.3577900313442592e-06
134.5100000000129 2.3578516413386282e-06
134.52000000001289 2.3579132115717863e-06
134.53000000001288 2.357974742043736e-06
134.54000000001287 2.358036232754475e-06
134.55000000001286 2.358097683704007e-06
134.56000000001285 2.3581590948923253e-06
134.57000000001284 2.358220466319437e-06
134.58000000001283 2.3582817979853364e-06
134.59000000001282 2.3583430898900286e-06
134.6000000000128 2.3584043420335095e-06
134.6100000000128 2.358465554415782e-06
134.6200000000128 2.358526727036845e-06
134.63000000001279 2.3585878598966977e-06
134.64000000001278 2.3586489529953394e-06
134.65000000001277 2.3587100063327726e-06
134.66000000001276 2.3587710199089957e-06
134.67000000001275 2.3588319937240104e-06
134.68000000001274 2.3588929277778145e-06
134.69000000001273 2.3589538220704107e-06
134.70000000001272 2.3590146766017945e-06
134.7100000000127 2.359075491371971e-06
134.7200000000127 2.3591362663809353e-06
134.7300000000127 2.3591970016286922e-06
134.74000000001269 2.3592576971152373e-06
134.75000000001268 2.3593183528405744e-06
134.76000000001267 2.3593789688047026e-06
134.77000000001266 2.3594395450076195e-06
134.78000000001265 2.359500081449327e-06
134.79000000001264 2.3595605781298253e-06
134.80000000001263 2.3596210350491127e-06
134.81000000001262 2.359681452207192e-06
134.8200000000126 2.3597418296040607e-06
134.8300000000126 2.35980216723972e-06
134.8400000000126 2.3598624651141705e-06
134.85000000001259 2.359922723227411e-06
134.86000000001258 2.359982941579441e-06
134.87000000001257 2.3600431201702617e-06
134.88000000001256 2.360103258999872e-06
134.89000000001255 2.3601633580682744e-06
134.90000000001254 2.3602234173754664e-06
134.91000000001253 2.360283436921449e-06
134.92000000001252 2.36034341670622e-06
134.9300000000125 2.3604033567297835e-06
134.9400000000125 2.360463256992136e-06
134.9500000000125 2.3605231174932806e-06
134.96000000001249 2.360582938233213e-06
134.97000000001248 2.3606427192119373e-06
134.98000000001247 2.3607024604294526e-06
134.99000000001246 2.360762161885758e-06
135.00000000001245 2.3608218235808524e-06
135.01000000001244 2.360881445514738e-06
135.02000000001243 2.360941027687413e-06
135.03000000001242 2.3610005700988797e-06
135.0400000000124 2.361060072749136e-06
135.0500000000124 2.3611195356381847e-06
135.0600000000124 2.3611789587660207e-06
135.07000000001239 2.3612383421326495e-06
135.08000000001238 2.361297685738066e-06
135.09000000001237 2.3613569895822747e-06
135.10000000001236 2.3614162536652723e-06
135.11000000001235 2.361475477987062e-06
135.12000000001234 2.361534662547642e-06
135.13000000001233 2.3615938073470112e-06
135.14000000001232 2.3616529123851705e-06
135.1500000000123 2.3617119776621218e-06
135.1600000000123 2.3617710031778616e-06
135.1700000000123 2.3618299889323926e-06
135.18000000001228 2.3618889349257135e-06
135.19000000001228 2.3619478411578272e-06
135.20000000001227 2.362006707628728e-06
135.21000000001226 2.3620655343384205e-06
135.22000000001225 2.3621243212869026e-06
135.23000000001224 2.362183068474176e-06
135.24000000001223 2.362241775900238e-06
135.25000000001222 2.362300443565092e-06
135.2600000000122 2.3623590714687373e-06
135.2700000000122 2.3624176596111718e-06
135.2800000000122 2.3624762079923953e-06
135.29000000001218 2.3625347166124116e-06
135.30000000001218 2.3625931854712156e-06
135.31000000001217 2.3626516145688117e-06
135.32000000001216 2.3627100039051972e-06
135.33000000001215 2.3627683534803743e-06
135.34000000001214 2.3628266632943405e-06
135.35000000001213 2.362884933347099e-06
135.36000000001212 2.3629431636386453e-06
135.3700000000121 2.363001354168983e-06
135.3800000000121 2.3630595049381105e-06
135.3900000000121 2.3631176159460294e-06
135.40000000001208 2.363175687192739e-06
135.41000000001208 2.3632337186782386e-06
135.42000000001207 2.363291710402527e-06
135.43000000001206 2.363349662365608e-06
135.44000000001205 2.3634075745674768e-06
135.45000000001204 2.3634654470081366e-06
135.46000000001203 2.363523279687588e-06
135.47000000001202 2.3635810726058294e-06
135.480000000012 2.363638825762861e-06
135.490000000012 2.3636965391586833e-06
135.500000000012 2.3637542127932955e-06
135.51000000001198 2.363811846666698e-06
135.52000000001198 2.363869440778891e-06
135.53000000001197 2.363926995129873e-06
135.54000000001196 2.363984509719646e-06
135.55000000001195 2.364041984548212e-06
135.56000000001194 2.3640994196155656e-06
135.57000000001193 2.3641568149217103e-06
135.58000000001192 2.364214170466644e-06
135.5900000000119 2.3642714862503707e-06
135.6000000000119 2.364328762272885e-06
135.6100000000119 2.364385998534191e-06
135.62000000001188 2.364443195034288e-06
135.63000000001188 2.364500351773175e-06
135.64000000001187 2.3645574687508516e-06
135.65000000001186 2.364614545967319e-06
135.66000000001185 2.3646715834225758e-06
135.67000000001184 2.3647285811166244e-06
135.68000000001183 2.3647855390494616e-06
135.69000000001182 2.3648424572210917e-06
135.7000000000118 2.3648993356315103e-06
135.7100000000118 2.3649561742807197e-06
135.7200000000118 2.365012973168719e-06
135.73000000001178 2.3650697322955094e-06
135.74000000001178 2.365126451661089e-06
135.75000000001177 2.36518313126546e-06
135.76000000001176 2.365239771108621e-06
135.77000000001175 2.365296371190573e-06
135.78000000001174 2.365352931511314e-06
135.79000000001173 2.365409452070846e-06
135.80000000001172 2.3654659328691677e-06
135.8100000000117 2.3655223739062814e-06
135.8200000000117 2.365578775182183e-06
135.8300000000117 2.3656351366968775e-06
135.84000000001168 2.3656914584503617e-06
135.85000000001168 2.365747740442636e-06
135.86000000001167 2.3658039826736996e-06
135.87000000001166 2.3658601851435547e-06
135.88000000001165 2.3659163478521988e-06
135.89000000001164 2.365972470799635e-06
135.90000000001163 2.366028553985861e-06
135.91000000001162 2.366084597410878e-06
135.9200000000116 2.366140601074683e-06
135.9300000000116 2.366196564977281e-06
135.9400000000116 2.3662524891186677e-06
135.95000000001158 2.366308373498845e-06
135.96000000001158 2.3663642181178116e-06
135.97000000001157 2.36642002297557e-06
135.98000000001156 2.3664757880721197e-06
135.99000000001155 2.366531513407459e-06
136.00000000001154 2.3665871989815865e-06
136.01000000001153 2.366642844794507e-06
136.02000000001152 2.366698450846216e-06
136.0300000000115 2.366754017136717e-06
136.0400000000115 2.3668095436660067e-06
136.0500000000115 2.3668650304340897e-06
136.06000000001148 2.3669204774409592e-06
136.07000000001148 2.366975884686622e-06
136.08000000001147 2.367031252171072e-06
136.09000000001146 2.367086579894315e-06
136.10000000001145 2.3671418678563466e-06
136.11000000001144 2.3671971160571706e-06
136.12000000001143 2.3672523244967836e-06
136.13000000001142 2.3673074931751877e-06
136.1400000000114 2.367362622092381e-06
136.1500000000114 2.3674177112483657e-06
136.1600000000114 2.367472760643139e-06
136.17000000001138 2.367527770276705e-06
136.18000000001138 2.367582740149059e-06
136.19000000001137 2.367637670260207e-06
136.20000000001136 2.367692560610142e-06
136.21000000001135 2.367747411198869e-06
136.22000000001134 2.367802222026385e-06
136.23000000001133 2.367856993092692e-06
136.24000000001132 2.367911724397788e-06
136.2500000000113 2.3679664159416773e-06
136.2600000000113 2.3680210677243545e-06
136.2700000000113 2.3680756797458237e-06
136.28000000001128 2.368130252006081e-06
136.29000000001128 2.3681847845051305e-06
136.30000000001127 2.3682392772429694e-06
136.31000000001126 2.3682937302195994e-06
136.32000000001125 2.368348143435019e-06
136.33000000001124 2.3684025168892303e-06
136.34000000001123 2.3684568505822308e-06
136.35000000001122 2.368511144514022e-06
136.3600000000112 2.368565398684603e-06
136.3700000000112 2.3686196130939753e-06
136.3800000000112 2.3686737877421366e-06
136.39000000001118 2.3687279226290894e-06
136.40000000001118 2.3687820177548325e-06
136.41000000001117 2.368836073119366e-06
136.42000000001116 2.3688900887226893e-06
136.43000000001115 2.3689440645648037e-06
136.44000000001114 2.368998000645706e-06
136.45000000001113 2.369051896965401e-06
136.46000000001112 2.369105753523886e-06
136.4700000000111 2.369159570321161e-06
136.4800000000111 2.3692133473572263e-06
136.4900000000111 2.3692670846320826e-06
136.50000000001108 2.3693207821457283e-06
136.51000000001108 2.369374439898165e-06
136.52000000001107 2.3694280578893915e-06
136.53000000001106 2.3694816361194086e-06
136.54000000001105 2.3695351745882155e-06
136.55000000001104 2.369588673295815e-06
136.56000000001103 2.3696421322422024e-06
136.57000000001102 2.3696955514273815e-06
136.580000000011 2.36974893085135e-06
136.590000000011 2.3698022705141093e-06
136.600000000011 2.3698555704156576e-06
136.61000000001098 2.369908830555999e-06
136.62000000001098 2.369962050935129e-06
136.63000000001097 2.37001523155305e-06
136.64000000001096 2.3700683724097603e-06
136.65000000001095 2.3701214735052613e-06
136.66000000001094 2.3701745348395523e-06
136.67000000001093 2.370227556412635e-06
136.68000000001092 2.370280538224506e-06
136.6900000000109 2.3703334802751712e-06
136.7000000000109 2.370386382564623e-06
136.7100000000109 2.370439245092867e-06
136.72000000001088 2.3704920678598995e-06
136.73000000001088 2.370544850865723e-06
136.74000000001087 2.3705975941103372e-06
136.75000000001086 2.370650297593743e-06
136.76000000001085 2.3707029613159387e-06
136.77000000001084 2.3707555852769242e-06
136.78000000001083 2.370808169476699e-06
136.79000000001082 2.3708607139152654e-06
136.8000000000108 2.37091321859262e-06
136.8100000000108 2.3709656835087673e-06
136.8200000000108 2.371018108663704e-06
136.83000000001078 2.3710704940574318e-06
136.84000000001078 2.3711228396899503e-06
136.85000000001077 2.3711751455612582e-06
136.86000000001076 2.371227411671356e-06
136.87000000001075 2.371279638020245e-06
136.88000000001074 2.3713318246079235e-06
136.89000000001073 2.3713839714343935e-06
136.90000000001072 2.371436078499654e-06
136.9100000000107 2.3714881458037044e-06
136.9200000000107 2.3715401733465436e-06
136.9300000000107 2.371592161128175e-06
136.94000000001068 2.3716441091485955e-06
136.95000000001068 2.3716960174078078e-06
136.96000000001067 2.3717478859058078e-06
136.97000000001066 2.3717997146426006e-06
136.98000000001065 2.371851503618183e-06
136.99000000001064 2.371903252832557e-06
137.00000000001063 2.3719549622857197e-06
137.01000000001062 2.3720066319776733e-06
137.0200000000106 2.372058261908416e-06
137.0300000000106 2.372109852077951e-06
137.0400000000106 2.3721614024862747e-06
137.05000000001058 2.3722129131333912e-06
137.06000000001058 2.3722643840192955e-06
137.07000000001057 2.3723158151439914e-06
137.08000000001056 2.3723672065074767e-06
137.09000000001055 2.372418558109753e-06
137.10000000001054 2.3724698699508195e-06
137.11000000001053 2.3725211420306765e-06
137.12000000001052 2.3725723743493235e-06
137.1300000000105 2.372623566906762e-06
137.1400000000105 2.3726747197029883e-06
137.1500000000105 2.372725832738008e-06
137.16000000001048 2.372776906011816e-06
137.17000000001048 2.372827939524415e-06
137.18000000001047 2.3728789332758036e-06
137.19000000001046 2.3729298872659843e-06
137.20000000001045 2.372980801494954e-06
137.21000000001044 2.373031675962715e-06
137.22000000001043 2.3730825106692637e-06
137.23000000001042 2.373133305614606e-06
137.2400000000104 2.373184060798736e-06
137.2500000000104 2.3732347762216583e-06
137.2600000000104 2.373285451883371e-06
137.27000000001038 2.373336087783874e-06
137.28000000001038 2.373386683923165e-06
137.29000000001037 2.3734372403012485e-06
137.30000000001036 2.3734877569181205e-06
137.31000000001035 2.3735382337737857e-06
137.32000000001034 2.3735886708682386e-06
137.33000000001033 2.3736390682014827e-06
137.34000000001032 2.3736894257735184e-06
137.3500000000103 2.373739743584344e-06
137.3600000000103 2.373790021633958e-06
137.3700000000103 2.3738402599223643e-06
137.38000000001028 2.37389045844956e-06
137.39000000001028 2.3739406172155467e-06
137.40000000001027 2.3739907362203238e-06
137.41000000001026 2.374040815463891e-06
137.42000000001025 2.3740908549462475e-06
137.43000000001024 2.3741408546673955e-06
137.44000000001023 2.3741908146273338e-06
137.45000000001022 2.3742407348260623e-06
137.4600000000102 2.3742906152635804e-06
137.4700000000102 2.37434045593989e-06
137.4800000000102 2.3743902568549903e-06
137.49000000001018 2.3744400180088805e-06
137.50000000001017 2.3744897394015597e-06
137.51000000001017 2.374539421033031e-06
137.52000000001016 2.3745890629032904e-06
137.53000000001015 2.374638665012342e-06
137.54000000001014 2.3746882273601826e-06
137.55000000001013 2.3747377499468167e-06
137.56000000001012 2.3747872327722378e-06
137.5700000000101 2.3748366758364504e-06
137.5800000000101 2.3748860791394525e-06
137.5900000000101 2.3749354426812465e-06
137.60000000001008 2.3749847664618296e-06
137.61000000001007 2.375034050481203e-06
137.62000000001007 2.3750832947393675e-06
137.63000000001006 2.375132499236323e-06
137.64000000001005 2.3751816639720675e-06
137.65000000001004 2.3752307889466034e-06
137.66000000001003 2.375279874159927e-06
137.67000000001002 2.375328919612044e-06
137.68000000001 2.375377925302949e-06
137.69000000001 2.3754268912326473e-06
137.70000000001 2.3754758174011343e-06
137.71000000000998 2.375524703808411e-06
137.72000000000997 2.3755735504544786e-06
137.73000000000997 2.375622357339336e-06
137.74000000000996 2.375671124462984e-06
137.75000000000995 2.375719851825424e-06
137.76000000000994 2.3757685394266527e-06
137.77000000000993 2.3758171872666726e-06
137.78000000000992 2.375865795345481e-06
137.7900000000099 2.3759143636630816e-06
137.8000000000099 2.375962892219471e-06
137.8100000000099 2.376011381014652e-06
137.82000000000988 2.3760598300486224e-06
137.83000000000987 2.3761082393213846e-06
137.84000000000987 2.376156608832937e-06
137.85000000000986 2.3762049385832785e-06
137.86000000000985 2.3762532285724102e-06
137.87000000000984 2.376301478800333e-06
137.88000000000983 2.376349689267045e-06
137.89000000000982 2.3763978599725495e-06
137.9000000000098 2.3764459909168433e-06
137.9100000000098 2.3764940820999282e-06
137.9200000000098 2.3765421335218022e-06
137.93000000000978 2.3765901451824674e-06
137.94000000000977 2.3766381170819207e-06
137.95000000000977 2.3766860492201665e-06
137.96000000000976 2.376733941597202e-06
137.97000000000975 2.3767817942130284e-06
137.98000000000974 2.376829607067645e-06
137.99000000000973 2.3768773801610533e-06
138.00000000000972 2.3769251134932493e-06
138.0100000000097 2.3769728070642377e-06
138.0200000000097 2.377020460874014e-06
138.0300000000097 2.3770680749225833e-06
138.04000000000968 2.37711564920994e-06
138.05000000000967 2.3771631837360905e-06
138.06000000000967 2.37721067850103e-06
138.07000000000966 2.3772581335047594e-06
138.08000000000965 2.3773055487472778e-06
138.09000000000964 2.3773529242285886e-06
138.10000000000963 2.3774002599486884e-06
138.11000000000962 2.37744755590758e-06
138.1200000000096 2.377494812105261e-06
138.1300000000096 2.377542028541733e-06
138.1400000000096 2.377589205216994e-06
138.15000000000958 2.377636342131047e-06
138.16000000000957 2.377683439283889e-06
138.17000000000957 2.377730496675522e-06
138.18000000000956 2.377777514305945e-06
138.19000000000955 2.3778244921751607e-06
138.20000000000954 2.3778714302831636e-06
138.21000000000953 2.3779183286299576e-06
138.22000000000952 2.377965187215542e-06
138.2300000000095 2.3780120060399173e-06
138.2400000000095 2.378058785103081e-06
138.2500000000095 2.378105524405038e-06
138.26000000000948 2.378152223945784e-06
138.27000000000947 2.378198883725321e-06
138.28000000000947 2.3782455037436466e-06
138.29000000000946 2.3782920840007634e-06
138.30000000000945 2.378338624496671e-06
138.31000000000944 2.3783851252313684e-06
138.32000000000943 2.3784315862048557e-06
138.33000000000942 2.378478007417135e-06
138.3400000000094 2.3785243888682034e-06
138.3500000000094 2.378570730558063e-06
138.3600000000094 2.378617032486712e-06
138.37000000000938 2.378663294654151e-06
138.38000000000937 2.3787095170603806e-06
138.39000000000937 2.3787556997054017e-06
138.40000000000936 2.3788018425892127e-06
138.41000000000935 2.3788479457118145e-06
138.42000000000934 2.378894009073205e-06
138.43000000000933 2.378940032673387e-06
138.44000000000932 2.3789860165123585e-06
138.4500000000093 2.379031960590121e-06
138.4600000000093 2.379077864906673e-06
138.4700000000093 2.379123729462016e-06
138.48000000000928 2.3791695542561503e-06
138.49000000000927 2.3792153392890753e-06
138.50000000000927 2.379261084560789e-06
138.51000000000926 2.3793067900712936e-06
138.52000000000925 2.379352455820587e-06
138.53000000000924 2.379398081808673e-06
138.54000000000923 2.3794436680355475e-06
138.55000000000922 2.379489214501215e-06
138.5600000000092 2.37953472120567e-06
138.5700000000092 2.3795801881489175e-06
138.5800000000092 2.3796256153309526e-06
138.59000000000918 2.3796710027517806e-06
138.60000000000917 2.379716350411398e-06
138.61000000000917 2.379761658309806e-06
138.62000000000916 2.3798069264470043e-06
138.63000000000915 2.3798521548229935e-06
138.64000000000914 2.3798973434377713e-06
138.65000000000913 2.3799424922913406e-06
138.66000000000912 2.3799876013837e-06
138.6700000000091 2.3800326707148507e-06
138.6800000000091 2.3800777002847884e-06
138.6900000000091 2.3801226900935216e-06
138.70000000000908 2.380167640141041e-06
138.71000000000907 2.380212550427354e-06
138.72000000000907 2.3802574209524543e-06
138.73000000000906 2.380302251716347e-06
138.74000000000905 2.380347042719028e-06
138.75000000000904 2.3803917939605014e-06
138.76000000000903 2.3804365054407645e-06
138.77000000000902 2.3804811771598183e-06
138.780000000009 2.3805258091176608e-06
138.790000000009 2.3805704013142965e-06
138.800000000009 2.3806149537497187e-06
138.81000000000898 2.380659466423935e-06
138.82000000000897 2.3807039393369378e-06
138.83000000000897 2.380748372488735e-06
138.84000000000896 2.3807927658793206e-06
138.85000000000895 2.3808371195086973e-06
138.86000000000894 2.3808814333768626e-06
138.87000000000893 2.380925707483819e-06
138.88000000000892 2.3809699418295657e-06
138.8900000000089 2.3810141364141036e-06
138.9000000000089 2.3810582912374313e-06
138.9100000000089 2.38110240629955e-06
138.92000000000888 2.381146481600458e-06
138.93000000000887 2.381190517140157e-06
138.94000000000887 2.3812345129186454e-06
138.95000000000886 2.381278468935925e-06
138.96000000000885 2.3813223851919933e-06
138.97000000000884 2.381366261686854e-06
138.98000000000883 2.381410098420505e-06
138.99000000000882 2.3814538953929463e-06
139.0000000000088 2.381497652604177e-06
139.0100000000088 2.3815413700541977e-06
139.0200000000088 2.3815850477430095e-06
139.03000000000878 2.3816286856706116e-06
139.04000000000877 2.3816722838370036e-06
139.05000000000877 2.381715842242189e-06
139.06000000000876 2.3817593608861605e-06
139.07000000000875 2.3818028397689247e-06
139.08000000000874 2.381846278890478e-06
139.09000000000873 2.3818896782508213e-06
139.10000000000872 2.381933037849956e-06
139.1100000000087 2.381976357687881e-06
139.1200000000087 2.382019637764597e-06
139.1300000000087 2.3820628780801033e-06
139.14000000000868 2.3821060786343975e-06
139.15000000000867 2.3821492394274836e-06
139.16000000000867 2.38219236045936e-06
139.17000000000866 2.3822354417300276e-06
139.18000000000865 2.3822784832394846e-06
139.19000000000864 2.3823214849877332e-06
139.20000000000863 2.3823644469747704e-06
139.21000000000862 2.3824073692005984e-06
139.2200000000086 2.3824502516652166e-06
139.2300000000086 2.382493094368626e-06
139.2400000000086 2.382535897310825e-06
139.25000000000858 2.382578660491815e-06
139.26000000000857 2.3826213839115947e-06
139.27000000000857 2.3826640675701653e-06
139.28000000000856 2.382706711467525e-06
139.29000000000855 2.3827493156036765e-06
139.30000000000854 2.3827918799786176e-06
139.31000000000853 2.3828344045923498e-06
139.32000000000852 2.38287688944487e-06
139.3300000000085 2.382919334536183e-06
139.3400000000085 2.3829617398662865e-06
139.3500000000085 2.38300410543518e-06
139.36000000000848 2.383046431242863e-06
139.37000000000847 2.3830887172893364e-06
139.38000000000847 2.383130963574599e-06
139.39000000000846 2.383173170098654e-06
139.40000000000845 2.3832153368614995e-06
139.41000000000844 2.383257463863135e-06
139.42000000000843 2.3832995511035594e-06
139.43000000000842 2.3833415985827752e-06
139.4400000000084 2.383383606300781e-06
139.4500000000084 2.3834255742575778e-06
139.4600000000084 2.3834675024531637e-06
139.47000000000838 2.3835093908875407e-06
139.48000000000837 2.3835512395607097e-06
139.49000000000837 2.383593048472668e-06
139.50000000000836 2.383634817623415e-06
139.51000000000835 2.3836765470129527e-06
139.52000000000834 2.3837182366412813e-06
139.53000000000833 2.3837598865084014e-06
139.54000000000832 2.3838014966143097e-06
139.5500000000083 2.3838430669590112e-06
139.5600000000083 2.383884597542501e-06
139.5700000000083 2.383926088364781e-06
139.58000000000828 2.3839675394258514e-06
139.59000000000827 2.384008950725713e-06
139.60000000000827 2.3840503222643642e-06
139.61000000000826 2.384091654041806e-06
139.62000000000825 2.3841329460580383e-06
139.63000000000824 2.3841741983130614e-06
139.64000000000823 2.3842154108068736e-06
139.65000000000822 2.3842565835394765e-06
139.6600000000082 2.38429771651087e-06
139.6700000000082 2.384338809721054e-06
139.6800000000082 2.3843798631700274e-06
139.69000000000818 2.384420876857793e-06
139.70000000000817 2.3844618507843475e-06
139.71000000000816 2.3845027849496935e-06
139.72000000000816 2.3845436793538285e-06
139.73000000000815 2.3845845339967546e-06
139.74000000000814 2.38462534887847e-06
139.75000000000813 2.384666123998977e-06
139.76000000000812 2.384706859358274e-06
139.7700000000081 2.3847475549563618e-06
139.7800000000081 2.384788210793239e-06
139.7900000000081 2.3848288268689073e-06
139.80000000000808 2.3848694031833647e-06
139.81000000000807 2.384909939736614e-06
139.82000000000806 2.384950436528652e-06
139.83000000000806 2.3849908935594817e-06
139.84000000000805 2.385031310829102e-06
139.85000000000804 2.385071688337512e-06
139.86000000000803 2.385112026084712e-06
139.87000000000802 2.3851523240707034e-06
139.880000000008 2.385192582295483e-06
139.890000000008 2.3852328007590546e-06
139.900000000008 2.3852729794614176e-06
139.91000000000798 2.38531311840257e-06
139.92000000000797 2.3853532175825114e-06
139.93000000000796 2.3853932770012444e-06
139.94000000000796 2.3854332966587665e-06
139.95000000000795 2.3854732765550797e-06
139.96000000000794 2.3855132166901836e-06
139.97000000000793 2.385553117064077e-06
139.98000000000792 2.3855929776767627e-06
139.9900000000079 2.3856327985282375e-06
140.0000000000079 2.3856725796185022e-06
140.0100000000079 2.3857123209475585e-06
140.02000000000788 2.385752022515402e-06
140.03000000000787 2.38579168432204e-06
140.04000000000786 2.385831306367465e-06
140.05000000000786 2.3858708886516836e-06
140.06000000000785 2.3859104311746905e-06
140.07000000000784 2.385949933936488e-06
140.08000000000783 2.385989396937075e-06
140.09000000000782 2.3860288201764535e-06
140.1000000000078 2.386068203654621e-06
140.1100000000078 2.3861075473715805e-06
140.1200000000078 2.3861468513273292e-06
140.13000000000778 2.386186115521869e-06
140.14000000000777 2.3862253399551985e-06
140.15000000000776 2.386264524627319e-06
140.16000000000776 2.3863036695382293e-06
140.17000000000775 2.3863427746879304e-06
140.18000000000774 2.3863818400764205e-06
140.19000000000773 2.386420865703704e-06
140.20000000000772 2.3864598515697746e-06
140.2100000000077 2.3864987976746373e-06
140.2200000000077 2.3865377040182895e-06
140.2300000000077 2.3865765706007328e-06
140.24000000000768 2.3866153974219647e-06
140.25000000000767 2.386654184481989e-06
140.26000000000766 2.3866929317808033e-06
140.27000000000766 2.386731639318408e-06
140.28000000000765 2.3867703070948018e-06
140.29000000000764 2.3868089351099873e-06
140.30000000000763 2.386847523363962e-06
140.31000000000762 2.386886071856728e-06
140.3200000000076 2.3869245805882828e-06
140.3300000000076 2.3869630495586295e-06
140.3400000000076 2.387001478767767e-06
140.35000000000758 2.387039868215694e-06
140.36000000000757 2.38707821790241e-06
140.37000000000756 2.3871165278279187e-06
140.38000000000756 2.3871547979922165e-06
140.39000000000755 2.387193028395305e-06
140.40000000000754 2.387231219037183e-06
140.41000000000753 2.3872693699178527e-06
140.42000000000752 2.3873074810373117e-06
140.4300000000075 2.3873455523955623e-06
140.4400000000075 2.387383583992601e-06
140.4500000000075 2.3874215758284323e-06
140.46000000000748 2.387459527903052e-06
140.47000000000747 2.387497440216464e-06
140.48000000000746 2.3875353127686652e-06
140.49000000000746 2.3875731455596577e-06
140.50000000000745 2.3876109385894387e-06
140.51000000000744 2.3876486918580113e-06
140.52000000000743 2.3876864053653733e-06
140.53000000000742 2.3877240791115265e-06
140.5400000000074 2.38776171309647e-06
140.5500000000074 2.3877993073202055e-06
140.5600000000074 2.3878368617827288e-06
140.57000000000738 2.387874376484043e-06
140.58000000000737 2.387911851424147e-06
140.59000000000736 2.387949286603043e-06
140.60000000000736 2.3879866820207273e-06
140.61000000000735 2.388024037677204e-06
140.62000000000734 2.3880613535724705e-06
140.63000000000733 2.3880986297065276e-06
140.64000000000732 2.3881358660793733e-06
140.6500000000073 2.388173062691011e-06
140.6600000000073 2.388210219541437e-06
140.6700000000073 2.3882473366306563e-06
140.68000000000728 2.388284413958663e-06
140.69000000000727 2.3883214515254633e-06
140.70000000000726 2.3883584493310525e-06
140.71000000000726 2.3883954073754307e-06
140.72000000000725 2.3884323256586e-06
140.73000000000724 2.38846920418056e-06
140.74000000000723 2.388506042941309e-06
140.75000000000722 2.3885428419408507e-06
140.7600000000072 2.388579601179182e-06
140.7700000000072 2.3886163206563038e-06
140.7800000000072 2.3886530003722145e-06
140.79000000000718 2.3886896403269172e-06
140.80000000000717 2.3887262405204086e-06
140.81000000000716 2.388762800952691e-06
140.82000000000716 2.388799321623764e-06
140.83000000000715 2.3888358025336265e-06
140.84000000000714 2.3888722436822816e-06
140.85000000000713 2.3889086450697257e-06
140.86000000000712 2.3889450066959596e-06
140.8700000000071 2.388981328560984e-06
140.8800000000071 2.389017610664798e-06
140.8900000000071 2.3890538530074047e-06
140.90000000000708 2.3890900555888003e-06
140.91000000000707 2.3891262184089866e-06
140.92000000000706 2.3891623414679624e-06
140.93000000000706 2.389198424765729e-06
140.94000000000705 2.389234468302285e-06
140.95000000000704 2.3892704720776333e-06
140.96000000000703 2.3893064360917703e-06
140.97000000000702 2.3893423603446984e-06
140.980000000007 2.3893782448364173e-06
140.990000000007 2.3894140895669265e-06
141.000000000007 2.3894498945362247e-06
141.01000000000698 2.389485659744315e-06
141.02000000000697 2.3895213851911932e-06
141.03000000000696 2.389557070876864e-06
141.04000000000696 2.3895927168013235e-06
141.05000000000695 2.3896283229645765e-06
141.06000000000694 2.389663889366617e-06
141.07000000000693 2.3896994160074486e-06
141.08000000000692 2.389734902887069e-06
141.0900000000069 2.3897703500054818e-06
141.1000000000069 2.389805757362683e-06
141.1100000000069 2.389841124958676e-06
141.12000000000688 2.3898764527934606e-06
141.13000000000687 2.3899117408670344e-06
141.14000000000686 2.3899469891793976e-06
141.15000000000686 2.3899821977305525e-06
141.16000000000685 2.390017366520496e-06
141.17000000000684 2.39005249554923e-06
141.18000000000683 2.3900875848167554e-06
141.19000000000682 2.3901226343230727e-06
141.2000000000068 2.390157644068177e-06
141.2100000000068 2.3901926140520736e-06
141.2200000000068 2.3902275442747597e-06
141.23000000000678 2.390262434736237e-06
141.24000000000677 2.390297285436503e-06
141.25000000000676 2.3903320963755615e-06
141.26000000000676 2.39036686755341e-06
141.27000000000675 2.390401598970049e-06
141.28000000000674 2.3904362906254764e-06
141.29000000000673 2.390470942519695e-06
141.30000000000672 2.3905055546527035e-06
141.3100000000067 2.390540127024504e-06
141.3200000000067 2.390574659635093e-06
141.3300000000067 2.3906091524844734e-06
141.34000000000668 2.3906436055726444e-06
141.35000000000667 2.390678018899606e-06
141.36000000000666 2.3907123924653564e-06
141.37000000000666 2.3907467262698987e-06
141.38000000000665 2.3907810203132305e-06
141.39000000000664 2.390815274595353e-06
141.40000000000663 2.390849489116266e-06
141.41000000000662 2.390883663875969e-06
141.4200000000066 2.390917798874462e-06
141.4300000000066 2.390951894111746e-06
141.4400000000066 2.390985949587819e-06
141.45000000000658 2.391019965302684e-06
141.46000000000657 2.3910539412563375e-06
141.47000000000656 2.3910878774487837e-06
141.48000000000656 2.3911217738800193e-06
141.49000000000655 2.3911556305500453e-06
141.50000000000654 2.39118944745886e-06
141.51000000000653 2.3912232246064676e-06
141.52000000000652 2.3912569619928627e-06
141.5300000000065 2.391290659618051e-06
141.5400000000065 2.391324317482027e-06
141.5500000000065 2.3913579355847963e-06
141.56000000000648 2.391391513926354e-06
141.57000000000647 2.3914250525067026e-06
141.58000000000646 2.391458551325841e-06
141.59000000000646 2.3914920103837706e-06
141.60000000000645 2.3915254296804886e-06
141.61000000000644 2.3915588092159986e-06
141.62000000000643 2.3915921489902993e-06
141.63000000000642 2.3916254490033907e-06
141.6400000000064 2.391658709255271e-06
141.6500000000064 2.391691929745942e-06
141.6600000000064 2.3917251104754025e-06
141.67000000000638 2.391758251443655e-06
141.68000000000637 2.391791352650696e-06
141.69000000000636 2.391824414096531e-06
141.70000000000636 2.3918574357811526e-06
141.71000000000635 2.391890417704566e-06
141.72000000000634 2.391923359866769e-06
141.73000000000633 2.391956262267763e-06
141.74000000000632 2.3919891249075463e-06
141.7500000000063 2.392021947786121e-06
141.7600000000063 2.392054730903487e-06
141.7700000000063 2.392087474259642e-06
141.78000000000628 2.3921201778545865e-06
141.79000000000627 2.392152841688323e-06
141.80000000000626 2.392185465760849e-06
141.81000000000626 2.3922180500721666e-06
141.82000000000625 2.392250594622272e-06
141.83000000000624 2.3922830994111694e-06
141.84000000000623 2.3923155644388576e-06
141.85000000000622 2.392347989705337e-06
141.8600000000062 2.392380375210604e-06
141.8700000000062 2.392412720954663e-06
141.8800000000062 2.392445026937511e-06
141.89000000000618 2.3924772931591504e-06
141.90000000000617 2.3925095196195803e-06
141.91000000000616 2.3925417063188014e-06
141.92000000000616 2.3925738532568107e-06
141.93000000000615 2.392605960433612e-06
141.94000000000614 2.392638027849202e-06
141.95000000000613 2.392670055503584e-06
141.96000000000612 2.3927020433967548e-06
141.9700000000061 2.3927339915287173e-06
141.9800000000061 2.3927658998994696e-06
141.9900000000061 2.392797768509013e-06
142.00000000000608 2.3928295973573453e-06
142.01000000000607 2.392861386444469e-06
142.02000000000606 2.392893135770382e-06
142.03000000000605 2.392924845335087e-06
142.04000000000605 2.3929565151385802e-06
142.05000000000604 2.392988145180866e-06
142.06000000000603 2.3930197354619403e-06
142.07000000000602 2.3930512859818063e-06
142.080000000006 2.393082796740461e-06
142.090000000006 2.3931142677379074e-06
142.100000000006 2.393145698974143e-06
142.11000000000598 2.393177090449171e-06
142.12000000000597 2.3932084421629883e-06
142.13000000000596 2.3932397541155965e-06
142.14000000000595 2.3932710263069933e-06
142.15000000000595 2.3933022587371816e-06
142.16000000000594 2.3933334514061594e-06
142.17000000000593 2.393364604313929e-06
142.18000000000592 2.393395717460487e-06
142.1900000000059 2.3934267908458384e-06
142.2000000000059 2.393457824469977e-06
142.2100000000059 2.393488818332908e-06
142.22000000000588 2.3935197724346276e-06
142.23000000000587 2.3935506867751384e-06
142.24000000000586 2.393581561354439e-06
142.25000000000585 2.393612396172531e-06
142.26000000000585 2.3936431912294133e-06
142.27000000000584 2.3936739465250857e-06
142.28000000000583 2.3937046620595475e-06
142.29000000000582 2.393735337832801e-06
142.3000000000058 2.3937659738448438e-06
142.3100000000058 2.3937965700956778e-06
142.3200000000058 2.3938271265853004e-06
142.33000000000578 2.3938576433137154e-06
142.34000000000577 2.3938881202809208e-06
142.35000000000576 2.393918557486916e-06
142.36000000000575 2.3939489549317002e-06
142.37000000000575 2.3939793126152765e-06
142.38000000000574 2.3940096305376417e-06
142.39000000000573 2.3940399086987973e-06
142.40000000000572 2.3940701470987453e-06
142.4100000000057 2.3941003457374827e-06
142.4200000000057 2.3941305046150092e-06
142.4300000000057 2.394160623731327e-06
142.44000000000568 2.394190703086434e-06
142.45000000000567 2.394220742680333e-06
142.46000000000566 2.3942507425130215e-06
142.47000000000565 2.3942807025845004e-06
142.48000000000565 2.3943106228947708e-06
142.49000000000564 2.39434050344383e-06
142.50000000000563 2.3943703442316795e-06
142.51000000000562 2.3944001452583204e-06
142.5200000000056 2.3944299065237503e-06
142.5300000000056 2.3944596280279718e-06
142.5400000000056 2.3944893097709823e-06
142.55000000000558 2.3945189517527856e-06
142.56000000000557 2.394548553973377e-06
142.57000000000556 2.39457811643276e-06
142.58000000000555 2.394607639130931e-06
142.59000000000555 2.3946371220678945e-06
142.60000000000554 2.394666565243648e-06
142.61000000000553 2.394695968658192e-06
142.62000000000552 2.3947253323115266e-06
142.6300000000055 2.394754656203651e-06
142.6400000000055 2.394783940334566e-06
142.6500000000055 2.394813184704271e-06
142.66000000000548 2.3948423893127655e-06
142.67000000000547 2.394871554160052e-06
142.68000000000546 2.394900679246127e-06
142.69000000000545 2.394929764570995e-06
142.70000000000545 2.394958810134652e-06
142.71000000000544 2.394987815937099e-06
142.72000000000543 2.3950167819783355e-06
142.73000000000542 2.395045708258364e-06
142.7400000000054 2.3950745947771816e-06
142.7500000000054 2.39510344153479e-06
142.7600000000054 2.3951322485311894e-06
142.77000000000538 2.3951610157663794e-06
142.78000000000537 2.3951897432403584e-06
142.79000000000536 2.395218430953128e-06
142.80000000000535 2.395247078904688e-06
142.81000000000535 2.3952756870950394e-06
142.82000000000534 2.3953042555241788e-06
142.83000000000533 2.39533278419211e-06
142.84000000000532 2.3953612730988326e-06
142.8500000000053 2.395389722244344e-06
142.8600000000053 2.395418131628646e-06
142.8700000000053 2.3954465012517394e-06
142.88000000000528 2.395474831113621e-06
142.89000000000527 2.3955031212142955e-06
142.90000000000526 2.3955313715537594e-06
142.91000000000525 2.3955595821320136e-06
142.92000000000525 2.395587752949057e-06
142.93000000000524 2.3956158840048925e-06
142.94000000000523 2.3956439752995163e-06
142.95000000000522 2.3956720268329326e-06
142.9600000000052 2.395700038605137e-06
142.9700000000052 2.395728010616134e-06
142.9800000000052 2.3957559428659206e-06
142.99000000000518 2.395783835354497e-06
143.00000000000517 2.3958116880818632e-06
143.01000000000516 2.395839501048021e-06
143.02000000000515 2.3958672742529675e-06
143.03000000000515 2.3958950076967066e-06
143.04000000000514 2.395922701379234e-06
143.05000000000513 2.3959503553005544e-06
143.06000000000512 2.3959779694606627e-06
143.0700000000051 2.396005543859562e-06
143.0800000000051 2.3960330784972515e-06
143.0900000000051 2.3960605733737315e-06
143.10000000000508 2.3960880284890014e-06
143.11000000000507 2.396115443843063e-06
143.12000000000506 2.3961428194359147e-06
143.13000000000505 2.396170155267556e-06
143.14000000000505 2.396197451337987e-06
143.15000000000504 2.39622470764721e-06
143.16000000000503 2.3962519241952207e-06
143.17000000000502 2.3962791009820244e-06
143.180000000005 2.3963062380076167e-06
143.190000000005 2.3963333352720023e-06
143.200000000005 2.3963603927751753e-06
143.21000000000498 2.3963874105171394e-06
143.22000000000497 2.3964143884978933e-06
143.23000000000496 2.396441326717439e-06
143.24000000000495 2.396468225175773e-06
143.25000000000495 2.3964950838728987e-06
143.26000000000494 2.3965219028088147e-06
143.27000000000493 2.3965486819835214e-06
143.28000000000492 2.3965754213970176e-06
143.2900000000049 2.396602121049305e-06
143.3000000000049 2.396628780940381e-06
143.3100000000049 2.396655401070249e-06
143.32000000000488 2.3966819814389054e-06
143.33000000000487 2.396708522046355e-06
143.34000000000486 2.3967350228925936e-06
143.35000000000485 2.3967614839776228e-06
143.36000000000485 2.396787905301442e-06
143.37000000000484 2.396814286864051e-06
143.38000000000483 2.3968406286654516e-06
143.39000000000482 2.3968669307056415e-06
143.4000000000048 2.3968931929846218e-06
143.4100000000048 2.396919415502394e-06
143.4200000000048 2.3969455982589535e-06
143.43000000000478 2.3969717412543064e-06
143.44000000000477 2.396997844488447e-06
143.45000000000476 2.39702390796138e-06
143.46000000000475 2.3970499316731024e-06
143.47000000000475 2.3970759156236156e-06
143.48000000000474 2.397101859812919e-06
143.49000000000473 2.3971277642410137e-06
143.50000000000472 2.397153628907896e-06
143.5100000000047 2.3971794538135718e-06
143.5200000000047 2.397205238958035e-06
143.5300000000047 2.397230984341291e-06
143.54000000000468 2.3972566899633346e-06
143.55000000000467 2.3972823558241723e-06
143.56000000000466 2.397307981923798e-06
143.57000000000465 2.397333568262215e-06
143.58000000000465 2.397359114839421e-06
143.59000000000464 2.397384621655418e-06
143.60000000000463 2.397410088710205e-06
143.61000000000462 2.3974355160037826e-06
143.6200000000046 2.3974609035361516e-06
143.6300000000046 2.397486251307311e-06
143.6400000000046 2.397511559317258e-06
143.65000000000458 2.3975368275659978e-06
143.66000000000457 2.3975620560535263e-06
143.67000000000456 2.3975872447798467e-06
143.68000000000455 2.397612393744956e-06
143.69000000000455 2.3976375029488578e-06
143.70000000000454 2.397662572391548e-06
143.71000000000453 2.397687602073029e-06
143.72000000000452 2.3977125919933007e-06
143.7300000000045 2.397737542152362e-06
143.7400000000045 2.3977624525502134e-06
143.7500000000045 2.3977873231868563e-06
143.76000000000448 2.39781215406229e-06
143.77000000000447 2.3978369451765134e-06
143.78000000000446 2.3978616965295264e-06
143.79000000000445 2.397886408121331e-06
143.80000000000445 2.3979110799519244e-06
143.81000000000444 2.3979357120213087e-06
143.82000000000443 2.397960304329483e-06
143.83000000000442 2.397984856876448e-06
143.8400000000044 2.3980093696622046e-06
143.8500000000044 2.3980338426867518e-06
143.8600000000044 2.3980582759500867e-06
143.87000000000438 2.3980826694522128e-06
143.88000000000437 2.398107023193129e-06
143.89000000000436 2.398131337172837e-06
143.90000000000435 2.398155611391335e-06
143.91000000000435 2.398179845848623e-06
143.92000000000434 2.398204040544701e-06
143.93000000000433 2.3982281954795702e-06
143.94000000000432 2.398252310653228e-06
143.9500000000043 2.398276386065677e-06
143.9600000000043 2.398300421716916e-06
143.9700000000043 2.3983244176069473e-06
143.98000000000428 2.3983483737357684e-06
143.99000000000427 2.398372290103379e-06
144.00000000000426 2.3983961667097785e-06
144.01000000000425 2.3984200035549713e-06
144.02000000000425 2.3984438006389524e-06
144.03000000000424 2.3984675579617237e-06
144.04000000000423 2.3984912755232853e-06
144.05000000000422 2.3985149533236406e-06
144.0600000000042 2.398538591362782e-06
144.0700000000042 2.3985621896407162e-06
144.0800000000042 2.398585748157439e-06
144.09000000000418 2.3986092669129534e-06
144.10000000000417 2.3986327459072573e-06
144.11000000000416 2.3986561851403527e-06
144.12000000000415 2.3986795846122376e-06
144.13000000000415 2.398702944322914e-06
144.14000000000414 2.3987262642723787e-06
144.15000000000413 2.3987495444606353e-06
144.16000000000412 2.3987727848876805e-06
144.1700000000041 2.3987959855535174e-06
144.1800000000041 2.3988191464581445e-06
144.1900000000041 2.398842267601563e-06
144.20000000000408 2.3988653489837704e-06
144.21000000000407 2.398888390604769e-06
144.22000000000406 2.398911392464557e-06
144.23000000000405 2.398934354563136e-06
144.24000000000404 2.398957276900504e-06
144.25000000000404 2.3989801594766643e-06
144.26000000000403 2.3990030022916143e-06
144.27000000000402 2.3990258053453545e-06
144.280000000004 2.399048568637884e-06
144.290000000004 2.3990712921692055e-06
144.300000000004 2.3990939759393162e-06
144.31000000000398 2.399116619948218e-06
144.32000000000397 2.39913922419591e-06
144.33000000000396 2.3991617886823915e-06
144.34000000000395 2.3991843134076647e-06
144.35000000000394 2.3992067983717286e-06
144.36000000000394 2.3992292435745807e-06
144.37000000000393 2.3992516490162244e-06
144.38000000000392 2.3992740146966575e-06
144.3900000000039 2.3992963406158814e-06
144.4000000000039 2.399318626773898e-06
144.4100000000039 2.399340873170703e-06
144.42000000000388 2.3993630798062973e-06
144.43000000000387 2.3993852466806836e-06
144.44000000000386 2.399407373793858e-06
144.45000000000385 2.3994294611458242e-06
144.46000000000384 2.39945150873658e-06
144.47000000000384 2.3994735165661286e-06
144.48000000000383 2.3994954846344664e-06
144.49000000000382 2.3995174129415937e-06
144.5000000000038 2.3995393014875105e-06
144.5100000000038 2.3995611502722196e-06
144.5200000000038 2.3995829592957182e-06
144.53000000000378 2.3996047285580067e-06
144.54000000000377 2.3996264580590864e-06
144.55000000000376 2.3996481477989576e-06
144.56000000000375 2.3996697977776166e-06
144.57000000000374 2.399691407995067e-06
144.58000000000374 2.3997129784513067e-06
144.59000000000373 2.399734509146338e-06
144.60000000000372 2.399756000080158e-06
144.6100000000037 2.399777451252771e-06
144.6200000000037 2.399798862664173e-06
144.6300000000037 2.3998202343143668e-06
144.64000000000368 2.3998415662033486e-06
144.65000000000367 2.399862858331121e-06
144.66000000000366 2.3998841106976848e-06
144.67000000000365 2.3999053233030388e-06
144.68000000000364 2.3999264961471814e-06
144.69000000000364 2.399947629230118e-06
144.70000000000363 2.399968722551843e-06
144.71000000000362 2.3999897761123577e-06
144.7200000000036 2.400010789911662e-06
144.7300000000036 2.400031763949758e-06
144.7400000000036 2.4000526982266443e-06
144.75000000000358 2.4000735927423206e-06
144.76000000000357 2.400094447496788e-06
144.77000000000356 2.400115262490046e-06
144.78000000000355 2.400136037722092e-06
144.79000000000354 2.4001567731929305e-06
144.80000000000354 2.400177468902558e-06
144.81000000000353 2.4001981248509766e-06
144.82000000000352 2.400218741038185e-06
144.8300000000035 2.4002393174641843e-06
144.8400000000035 2.400259854128974e-06
144.8500000000035 2.4002803510325554e-06
144.86000000000348 2.4003008081749243e-06
144.87000000000347 2.400321225556085e-06
144.88000000000346 2.400341603176035e-06
144.89000000000345 2.4003619410347765e-06
144.90000000000344 2.400382239132309e-06
144.91000000000344 2.4004024974686303e-06
144.92000000000343 2.4004227160437422e-06
144.93000000000342 2.4004428948576457e-06
144.9400000000034 2.400463033910338e-06
144.9500000000034 2.4004831332018215e-06
144.9600000000034 2.4005031927320942e-06
144.97000000000338 2.4005232125011585e-06
144.98000000000337 2.4005431925090136e-06
144.99000000000336 2.400563132755659e-06
145.00000000000335 2.4005830332410932e-06
145.01000000000334 2.4006028939653183e-06
145.02000000000334 2.400622714928333e-06
145.03000000000333 2.4006424961301393e-06
145.04000000000332 2.400662237570735e-06
145.0500000000033 2.4006819392501233e-06
145.0600000000033 2.4007016011682994e-06
145.0700000000033 2.400721223325267e-06
145.08000000000328 2.4007408057210244e-06
145.09000000000327 2.4007603483555727e-06
145.10000000000326 2.4007798512289096e-06
145.11000000000325 2.4007993143410394e-06
145.12000000000324 2.400818737691959e-06
145.13000000000324 2.400838121281669e-06
145.14000000000323 2.4008574651101676e-06
145.15000000000322 2.400876769177458e-06
145.1600000000032 2.400896033483538e-06
145.1700000000032 2.4009152580284093e-06
145.1800000000032 2.4009344428120695e-06
145.19000000000318 2.400953587834522e-06
145.20000000000317 2.4009726930957638e-06
145.21000000000316 2.400991758595796e-06
145.22000000000315 2.401010784334617e-06
145.23000000000314 2.401029770312231e-06
145.24000000000314 2.4010487165286325e-06
145.25000000000313 2.401067622983826e-06
145.26000000000312 2.4010864896778108e-06
145.2700000000031 2.401105316610585e-06
145.2800000000031 2.401124103782149e-06
145.2900000000031 2.4011428511925046e-06
145.30000000000308 2.4011615588416493e-06
145.31000000000307 2.401180226729585e-06
145.32000000000306 2.4011988548563095e-06
145.33000000000305 2.4012174432218268e-06
145.34000000000304 2.401235991826134e-06
145.35000000000304 2.4012545006692305e-06
145.36000000000303 2.4012729697511178e-06
145.37000000000302 2.401291399071795e-06
145.380000000003 2.4013097886312624e-06
145.390000000003 2.4013281384295215e-06
145.400000000003 2.4013464484665696e-06
145.41000000000298 2.4013647187424093e-06
145.42000000000297 2.4013829492570375e-06
145.43000000000296 2.401401140010457e-06
145.44000000000295 2.4014192910026662e-06
145.45000000000294 2.401437402233667e-06
145.46000000000294 2.401455473703457e-06
145.47000000000293 2.4014735054120385e-06
145.48000000000292 2.4014914973594102e-06
145.4900000000029 2.4015094495455723e-06
145.5000000000029 2.4015273619705234e-06
145.5100000000029 2.401545234634266e-06
145.52000000000288 2.401563067536798e-06
145.53000000000287 2.4015808606781215e-06
145.54000000000286 2.401598614058234e-06
145.55000000000285 2.401616327677139e-06
145.56000000000284 2.4016340015348323e-06
145.57000000000284 2.401651635631317e-06
145.58000000000283 2.401669229966591e-06
145.59000000000282 2.4016867845406566e-06
145.6000000000028 2.4017042993535103e-06
145.6100000000028 2.401721774405157e-06
145.6200000000028 2.401739209695594e-06
145.63000000000278 2.4017566052248195e-06
145.64000000000277 2.401773960992836e-06
145.65000000000276 2.401791276999644e-06
145.66000000000275 2.40180855324524e-06
145.67000000000274 2.4018257897296285e-06
145.68000000000274 2.401842986452806e-06
145.69000000000273 2.4018601434147753e-06
145.70000000000272 2.4018772606155337e-06
145.7100000000027 2.4018943380550832e-06
145.7200000000027 2.4019113757334222e-06
145.7300000000027 2.4019283736505524e-06
145.74000000000268 2.4019453318064715e-06
145.75000000000267 2.4019622502011823e-06
145.76000000000266 2.4019791288346833e-06
145.77000000000265 2.401995967706975e-06
145.78000000000264 2.402012766818056e-06
145.79000000000264 2.402029526167928e-06
145.80000000000263 2.402046245756589e-06
145.81000000000262 2.402062925584043e-06
145.8200000000026 2.4020795656502847e-06
145.8300000000026 2.4020961659553174e-06
145.8400000000026 2.4021127264991413e-06
145.85000000000258 2.402129247281756e-06
145.86000000000257 2.4021457283031587e-06
145.87000000000256 2.402162169563354e-06
145.88000000000255 2.402178571062338e-06
145.89000000000254 2.402194932800114e-06
145.90000000000254 2.4022112547766797e-06
145.91000000000253 2.4022275369920365e-06
145.92000000000252 2.402243779446182e-06
145.9300000000025 2.402259982139119e-06
145.9400000000025 2.402276145070845e-06
145.9500000000025 2.402292268241362e-06
145.96000000000248 2.40230835165067e-06
145.97000000000247 2.402324395298768e-06
145.98000000000246 2.4023403991856573e-06
145.99000000000245 2.4023563633113353e-06
146.00000000000244 2.402372287675804e-06
146.01000000000244 2.402388172279063e-06
146.02000000000243 2.402404017121113e-06
146.03000000000242 2.4024198222019527e-06
146.0400000000024 2.4024355875215822e-06
146.0500000000024 2.402451313080005e-06
146.0600000000024 2.4024669988772146e-06
146.07000000000238 2.402482644913216e-06
146.08000000000237 2.4024982511880066e-06
146.09000000000236 2.4025138177015897e-06
146.10000000000235 2.402529344453961e-06
146.11000000000234 2.402544831445124e-06
146.12000000000234 2.4025602786750783e-06
146.13000000000233 2.4025756861438217e-06
146.14000000000232 2.4025910538513542e-06
146.1500000000023 2.4026063817976796e-06
146.1600000000023 2.4026216699827922e-06
146.1700000000023 2.4026369184066973e-06
146.18000000000228 2.4026521270693923e-06
146.19000000000227 2.4026672959708797e-06
146.20000000000226 2.402682425111154e-06
146.21000000000225 2.4026975144902207e-06
146.22000000000224 2.402712564108076e-06
146.23000000000224 2.402727573964723e-06
146.24000000000223 2.4027425440601593e-06
146.25000000000222 2.402757474394387e-06
146.2600000000022 2.4027723649674063e-06
146.2700000000022 2.402787215779214e-06
146.2800000000022 2.4028020268298115e-06
146.29000000000218 2.4028167981192007e-06
146.30000000000217 2.4028315296473793e-06
146.31000000000216 2.4028462214143494e-06
146.32000000000215 2.402860873420108e-06
146.33000000000214 2.4028754856646585e-06
146.34000000000214 2.4028900581479996e-06
146.35000000000213 2.402904590870131e-06
146.36000000000212 2.4029190838310517e-06
146.3700000000021 2.4029335370307637e-06
146.3800000000021 2.4029479504692643e-06
146.3900000000021 2.4029623241465564e-06
146.40000000000208 2.4029766580626397e-06
146.41000000000207 2.402990952217513e-06
146.42000000000206 2.4030052066111755e-06
146.43000000000205 2.4030194212436297e-06
146.44000000000204 2.4030335961148725e-06
146.45000000000203 2.403047731224907e-06
146.46000000000203 2.403061826573731e-06
146.47000000000202 2.403075882161346e-06
146.480000000002 2.4030898979877522e-06
146.490000000002 2.4031038740529482e-06
146.500000000002 2.4031178103569333e-06
146.51000000000198 2.40313170689971e-06
146.52000000000197 2.403145563681276e-06
146.53000000000196 2.403159380701633e-06
146.54000000000195 2.40317315796078e-06
146.55000000000194 2.403186895458719e-06
146.56000000000193 2.4032005931954466e-06
146.57000000000193 2.403214251170965e-06
146.58000000000192 2.4032278693852733e-06
146.5900000000019 2.403241447838372e-06
146.6000000000019 2.4032549865302603e-06
146.6100000000019 2.403268485460941e-06
146.62000000000188 2.4032819446304103e-06
146.63000000000187 2.403295364038672e-06
146.64000000000186 2.403308743685722e-06
146.65000000000185 2.4033220835715635e-06
146.66000000000184 2.403335383696194e-06
146.67000000000183 2.4033486440596165e-06
146.68000000000183 2.4033618646618274e-06
146.69000000000182 2.403375045502831e-06
146.7000000000018 2.403388186582623e-06
146.7100000000018 2.4034012879012065e-06
146.7200000000018 2.4034143494585786e-06
146.73000000000178 2.4034273712547435e-06
146.74000000000177 2.4034403532896966e-06
146.75000000000176 2.4034532955634417e-06
146.76000000000175 2.4034661980759767e-06
146.77000000000174 2.403479060827303e-06
146.78000000000173 2.403491883817417e-06
146.79000000000173 2.403504667046323e-06
146.80000000000172 2.4035174105140188e-06
146.8100000000017 2.4035301142205052e-06
146.8200000000017 2.403542778165781e-06
146.8300000000017 2.4035554023498495e-06
146.84000000000168 2.4035679867727065e-06
146.85000000000167 2.4035805314343555e-06
146.86000000000166 2.4035930363347926e-06
146.87000000000165 2.4036055014740213e-06
146.88000000000164 2.40361792685204e-06
146.89000000000163 2.4036303124688493e-06
146.90000000000163 2.403642658324449e-06
146.91000000000162 2.403654964418839e-06
146.9200000000016 2.4036672307520186e-06
146.9300000000016 2.40367945732399e-06
146.9400000000016 2.40369164413475e-06
146.95000000000158 2.4037037911843015e-06
146.96000000000157 2.4037158984726417e-06
146.97000000000156 2.403727965999775e-06
146.98000000000155 2.4037399937656967e-06
146.99000000000154 2.4037519817704107e-06
147.00000000000153 2.403763930013912e-06
147.01000000000153 2.403775838496206e-06
147.02000000000152 2.403787707217289e-06
147.0300000000015 2.403799536177164e-06
147.0400000000015 2.403811325375826e-06
147.0500000000015 2.4038230748132827e-06
147.06000000000148 2.403834784489527e-06
147.07000000000147 2.403846454404563e-06
147.08000000000146 2.403858084558387e-06
147.09000000000145 2.403869674951004e-06
147.10000000000144 2.4038812255824092e-06
147.11000000000143 2.4038927364526064e-06
147.12000000000143 2.403904207561594e-06
147.13000000000142 2.4039156389093713e-06
147.1400000000014 2.403927030495939e-06
147.1500000000014 2.4039383823212966e-06
147.1600000000014 2.4039496943854445e-06
147.17000000000138 2.403960966688384e-06
147.18000000000137 2.4039721992301124e-06
147.19000000000136 2.4039833920106333e-06
147.20000000000135 2.403994545029942e-06
147.21000000000134 2.404005658288043e-06
147.22000000000133 2.4040167317849323e-06
147.23000000000133 2.4040277655206127e-06
147.24000000000132 2.404038759495084e-06
147.2500000000013 2.404049713708345e-06
147.2600000000013 2.404060628160398e-06
147.2700000000013 2.4040715028512407e-06
147.28000000000128 2.404082337780872e-06
147.29000000000127 2.404093132949295e-06
147.30000000000126 2.4041038883565074e-06
147.31000000000125 2.404114604002511e-06
147.32000000000124 2.404125279887304e-06
147.33000000000123 2.404135916010889e-06
147.34000000000123 2.4041465123732643e-06
147.35000000000122 2.404157068974429e-06
147.3600000000012 2.4041675858143826e-06
147.3700000000012 2.4041780628931294e-06
147.3800000000012 2.404188500210664e-06
147.39000000000118 2.40419889776699e-06
147.40000000000117 2.4042092555621076e-06
147.41000000000116 2.404219573596015e-06
147.42000000000115 2.404229851868712e-06
147.43000000000114 2.4042400903801994e-06
147.44000000000113 2.4042502891304765e-06
147.45000000000113 2.404260448119545e-06
147.46000000000112 2.404270567347403e-06
147.4700000000011 2.4042806468140515e-06
147.4800000000011 2.4042906865194915e-06
147.4900000000011 2.404300686463722e-06
147.50000000000108 2.40431064664674e-06
147.51000000000107 2.4043205670685522e-06
147.52000000000106 2.404330447729152e-06
147.53000000000105 2.4043402886285425e-06
147.54000000000104 2.404350089766723e-06
147.55000000000103 2.4043598511436974e-06
147.56000000000103 2.4043695727594573e-06
147.57000000000102 2.4043792546140105e-06
147.580000000001 2.4043888967073515e-06
147.590000000001 2.4043984990394857e-06
147.600000000001 2.4044080616104077e-06
147.61000000000098 2.4044175844201225e-06
147.62000000000097 2.4044270674686263e-06
147.63000000000096 2.4044365107559217e-06
147.64000000000095 2.404445914282005e-06
147.65000000000094 2.4044552780468805e-06
147.66000000000093 2.404464602050545e-06
147.67000000000093 2.4044738862930013e-06
147.68000000000092 2.4044831307742466e-06
147.6900000000009 2.404492335494284e-06
147.7000000000009 2.4045015004531105e-06
147.7100000000009 2.4045106256507283e-06
147.72000000000088 2.4045197110871343e-06
147.73000000000087 2.4045287567623328e-06
147.74000000000086 2.4045377626763202e-06
147.75000000000085 2.404546728829099e-06
147.76000000000084 2.4045556552206677e-06
147.77000000000083 2.4045645418510265e-06
147.78000000000083 2.404573388720176e-06
147.79000000000082 2.4045821958281154e-06
147.8000000000008 2.4045909631748447e-06
147.8100000000008 2.4045996907603664e-06
147.8200000000008 2.4046083785846763e-06
147.83000000000078 2.4046170266477777e-06
147.84000000000077 2.4046256349496695e-06
147.85000000000076 2.404634203490352e-06
147.86000000000075 2.404642732269824e-06
147.87000000000074 2.404651221288086e-06
147.88000000000073 2.404659670545138e-06
147.89000000000073 2.404668080040982e-06
147.90000000000072 2.404676449775616e-06
147.9100000000007 2.4046847797490397e-06
147.9200000000007 2.404693069961254e-06
147.9300000000007 2.4047013204122583e-06
147.94000000000068 2.404709531102052e-06
147.95000000000067 2.404717702030638e-06
147.96000000000066 2.404725833198012e-06
147.97000000000065 2.4047339246041783e-06
147.98000000000064 2.4047419762491355e-06
147.99000000000063 2.4047499881328826e-06
148.00000000000063 2.404757960255419e-06
148.01000000000062 2.4047658926167465e-06
148.0200000000006 2.4047737852168624e-06
148.0300000000006 2.404781638055771e-06
148.0400000000006 2.4047894511334693e-06
148.05000000000058 2.4047972244499586e-06
148.06000000000057 2.4048049580052374e-06
148.07000000000056 2.4048126517993074e-06
148.08000000000055 2.404820305832166e-06
148.09000000000054 2.404827920103816e-06
148.10000000000053 2.404835494614256e-06
148.11000000000053 2.404843029363487e-06
148.12000000000052 2.4048505243515082e-06
148.1300000000005 2.4048579795783196e-06
148.1400000000005 2.4048653950439208e-06
148.1500000000005 2.4048727707483135e-06
148.16000000000048 2.4048801066914945e-06
148.17000000000047 2.404887402873468e-06
148.18000000000046 2.40489465929423e-06
148.19000000000045 2.404901875953786e-06
148.20000000000044 2.404909052852128e-06
148.21000000000043 2.404916189989262e-06
148.22000000000043 2.4049232873651863e-06
148.23000000000042 2.4049303449799007e-06
148.2400000000004 2.4049373628334057e-06
148.2500000000004 2.404944340925702e-06
148.2600000000004 2.4049512792567876e-06
148.27000000000038 2.4049581778266636e-06
148.28000000000037 2.4049650366353294e-06
148.29000000000036 2.404971855682787e-06
148.30000000000035 2.404978634969033e-06
148.31000000000034 2.40498537449407e-06
148.32000000000033 2.404992074257898e-06
148.33000000000033 2.4049987342605165e-06
148.34000000000032 2.4050053545019246e-06
148.3500000000003 2.4050119349821247e-06
148.3600000000003 2.4050184757011125e-06
148.3700000000003 2.4050249766588923e-06
148.38000000000028 2.4050314378554608e-06
148.39000000000027 2.405037859290822e-06
148.40000000000026 2.4050442409649736e-06
148.41000000000025 2.4050505828779147e-06
148.42000000000024 2.4050568850296447e-06
148.43000000000023 2.405063147420167e-06
148.44000000000023 2.4050693700494783e-06
148.45000000000022 2.40507555291758e-06
148.4600000000002 2.405081696024472e-06
148.4700000000002 2.4050877993701555e-06
148.4800000000002 2.4050938629546286e-06
148.49000000000018 2.4050998867778933e-06
148.50000000000017 2.4051058708399462e-06
148.51000000000016 2.4051118151407903e-06
148.52000000000015 2.405117719680424e-06
148.53000000000014 2.4051235844588505e-06
148.54000000000013 2.405129409476064e-06
148.55000000000013 2.4051351947320716e-06
148.56000000000012 2.405140940226866e-06
148.5700000000001 2.405146645960453e-06
148.5800000000001 2.405152311932829e-06
148.5900000000001 2.4051579381439964e-06
148.60000000000008 2.4051635245939527e-06
148.61000000000007 2.4051690712827015e-06
148.62000000000006 2.4051745782102393e-06
148.63000000000005 2.4051800453765686e-06
148.64000000000004 2.4051854727816857e-06
148.65000000000003 2.4051908604255957e-06
148.66000000000003 2.405196208308294e-06
148.67000000000002 2.4052015164297835e-06
148.68 2.4052067847900627e-06
148.69 2.405212013389135e-06
148.7 2.4052172022269957e-06
148.70999999999998 2.405222351303647e-06
148.71999999999997 2.405227460619086e-06
148.72999999999996 2.405232530173319e-06
148.73999999999995 2.40523755996634e-06
148.74999999999994 2.4052425499981533e-06
148.75999999999993 2.4052475002687566e-06
148.76999999999992 2.40525241077815e-06
148.77999999999992 2.4052572815263323e-06
148.7899999999999 2.405262112513307e-06
148.7999999999999 2.4052669037390697e-06
148.8099999999999 2.4052716552036253e-06
148.81999999999988 2.4052763669069687e-06
148.82999999999987 2.4052810388491045e-06
148.83999999999986 2.40528567103003e-06
148.84999999999985 2.4052902634497466e-06
148.85999999999984 2.405294816108251e-06
148.86999999999983 2.405299329005548e-06
148.87999999999982 2.4053038021416346e-06
148.88999999999982 2.4053082355165114e-06
148.8999999999998 2.40531262913018e-06
148.9099999999998 2.4053169829826383e-06
148.9199999999998 2.4053212970738856e-06
148.92999999999978 2.4053255714039244e-06
148.93999999999977 2.405329805972753e-06
148.94999999999976 2.4053340007803725e-06
148.95999999999975 2.405338155826781e-06
148.96999999999974 2.4053422711119814e-06
148.97999999999973 2.4053463466359712e-06
148.98999999999972 2.405350382398753e-06
148.99999999999972 2.4053543784003228e-06
149.0099999999997 2.405358334640684e-06
149.0199999999997 2.4053622511198347e-06
149.0299999999997 2.4053661278377773e-06
149.03999999999968 2.4053699647945086e-06
149.04999999999967 2.405373761990033e-06
149.05999999999966 2.4053775194243455e-06
149.06999999999965 2.405381237097449e-06
149.07999999999964 2.405384915009342e-06
149.08999999999963 2.4053885531600267e-06
149.09999999999962 2.4053921515494985e-06
149.10999999999962 2.4053957101777645e-06
149.1199999999996 2.4053992290448207e-06
149.1299999999996 2.405402708150666e-06
149.1399999999996 2.4054061474953007e-06
149.14999999999958 2.405409547078726e-06
149.15999999999957 2.4054129069009423e-06
149.16999999999956 2.4054162269619487e-06
149.17999999999955 2.405419507261746e-06
149.18999999999954 2.405422747800335e-06
149.19999999999953 2.4054259485777116e-06
149.20999999999952 2.40542910959388e-06
149.21999999999952 2.4054322308488372e-06
149.2299999999995 2.4054353123425864e-06
149.2399999999995 2.405438354075125e-06
149.2499999999995 2.4054413560464542e-06
149.25999999999948 2.4054443182565747e-06
149.26999999999947 2.405447240705486e-06
149.27999999999946 2.4054501233931843e-06
149.28999999999945 2.4054529663196765e-06
149.29999999999944 2.4054557694849556e-06
149.30999999999943 2.405458532889027e-06
149.31999999999942 2.4054612565318886e-06
149.32999999999942 2.4054639404135415e-06
149.3399999999994 2.405466584533985e-06
149.3499999999994 2.4054691888932175e-06
149.3599999999994 2.4054717534912397e-06
149.36999999999938 2.4054742783280543e-06
149.37999999999937 2.4054767634036563e-06
149.38999999999936 2.4054792087180523e-06
149.39999999999935 2.4054816142712366e-06
149.40999999999934 2.4054839800632124e-06
149.41999999999933 2.405486306093976e-06
149.42999999999932 2.4054885923635315e-06
149.43999999999932 2.4054908388718774e-06
149.4499999999993 2.405493045619013e-06
149.4599999999993 2.405495212604939e-06
149.4699999999993 2.4054973398296564e-06
149.47999999999928 2.4054994272931643e-06
149.48999999999927 2.4055014749954625e-06
149.49999999999926 2.4055034829365485e-06
149.50999999999925 2.4055054511164273e-06
149.51999999999924 2.4055073795350943e-06
149.52999999999923 2.4055092681925546e-06
149.53999999999922 2.4055111170888026e-06
149.54999999999922 2.405512926223844e-06
149.5599999999992 2.405514695597674e-06
149.5699999999992 2.405516425210294e-06
149.5799999999992 2.405518115061704e-06
149.58999999999918 2.405519765151905e-06
149.59999999999917 2.4055213754808956e-06
149.60999999999916 2.4055229460486774e-06
149.61999999999915 2.4055244768552495e-06
149.62999999999914 2.405525967900613e-06
149.63999999999913 2.405527419184764e-06
149.64999999999912 2.405528830707708e-06
149.65999999999912 2.4055302024694402e-06
149.6699999999991 2.4055315344699643e-06
149.6799999999991 2.405532826709278e-06
149.6899999999991 2.4055340791873837e-06
149.69999999999908 2.4055352919042783e-06
149.70999999999907 2.4055364648599636e-06
149.71999999999906 2.4055375980544374e-06
149.72999999999905 2.405538691487703e-06
149.73999999999904 2.405539745159758e-06
149.74999999999903 2.4055407590706055e-06
149.75999999999902 2.4055417332202423e-06
149.76999999999902 2.4055426676086702e-06
149.779999999999 2.405543562235887e-06
149.789999999999 2.4055444171018944e-06
149.799999999999 2.4055452322066924e-06
149.80999999999898 2.4055460075502807e-06
149.81999999999897 2.405546743132659e-06
149.82999999999896 2.4055474389538286e-06
149.83999999999895 2.4055480950137878e-06
149.84999999999894 2.4055487113125385e-06
149.85999999999893 2.405549287850078e-06
149.86999999999892 2.4055498246264084e-06
149.87999999999892 2.4055503216415283e-06
149.8899999999989 2.4055507788954395e-06
149.8999999999989 2.4055511963881417e-06
149.9099999999989 2.4055515741196343e-06
149.91999999999888 2.4055519120899155e-06
149.92999999999887 2.4055522102989878e-06
149.93999999999886 2.4055524687468504e-06
149.94999999999885 2.4055526874335037e-06
149.95999999999884 2.4055528663589465e-06
149.96999999999883 2.4055530055231805e-06
149.97999999999882 2.405553104926205e-06
149.98999999999882 2.4055531645680205e-06
149.9999999999988 2.405553184448624e-06
150.0099999999988 2.4055531645680205e-06
150.0199999999988 2.4055531049262043e-06
150.02999999999878 2.4055530055231805e-06
150.03999999999877 2.405552866358946e-06
150.04999999999876 2.4055526874335046e-06
150.05999999999875 2.405552468746851e-06
150.06999999999874 2.4055522102989886e-06
150.07999999999873 2.4055519120899155e-06
150.08999999999872 2.405551574119633e-06
150.09999999999872 2.405551196388141e-06
150.1099999999987 2.4055507788954403e-06
150.1199999999987 2.4055503216415296e-06
150.1299999999987 2.4055498246264092e-06
150.13999999999868 2.405549287850078e-06
150.14999999999867 2.4055487113125385e-06
150.15999999999866 2.4055480950137873e-06
150.16999999999865 2.4055474389538286e-06
150.17999999999864 2.405546743132659e-06
150.18999999999863 2.4055460075502815e-06
150.19999999999862 2.4055452322066924e-06
150.20999999999862 2.4055444171018944e-06
150.2199999999986 2.4055435622358863e-06
150.2299999999986 2.40554266760867e-06
150.2399999999986 2.4055417332202423e-06
150.24999999999858 2.4055407590706055e-06
150.25999999999857 2.4055397451597603e-06
150.26999999999856 2.4055386914877046e-06
150.27999999999855 2.405537598054437e-06
150.28999999999854 2.4055364648599627e-06
150.29999999999853 2.405535291904277e-06
150.30999999999852 2.405534079187383e-06
150.31999999999852 2.4055328267092787e-06
150.3299999999985 2.4055315344699643e-06
150.3399999999985 2.405530202469441e-06
150.3499999999985 2.4055288307077086e-06
150.35999999999848 2.405527419184765e-06
150.36999999999847 2.405525967900613e-06
150.37999999999846 2.40552447685525e-06
150.38999999999845 2.4055229460486787e-06
150.39999999999844 2.405521375480897e-06
150.40999999999843 2.405519765151906e-06
150.41999999999842 2.405518115061704e-06
150.42999999999842 2.4055164252102944e-06
150.4399999999984 2.405514695597673e-06
150.4499999999984 2.405512926223844e-06
150.4599999999984 2.405511117088804e-06
150.46999999999838 2.4055092681925546e-06
150.47999999999837 2.405507379535096e-06
150.48999999999836 2.405505451116428e-06
150.49999999999835 2.4055034829365493e-06
150.50999999999834 2.4055014749954625e-06
150.51999999999833 2.4054994272931634e-06
150.52999999999832 2.4054973398296564e-06
150.53999999999832 2.4054952126049396e-06
150.5499999999983 2.4054930456190144e-06
150.5599999999983 2.4054908388718774e-06
150.5699999999983 2.4054885923635324e-06
150.57999999999828 2.4054863060939764e-06
150.58999999999827 2.405483980063211e-06
150.59999999999826 2.4054816142712353e-06
150.60999999999825 2.4054792087180515e-06
150.61999999999824 2.4054767634036575e-06
150.62999999999823 2.4054742783280548e-06
150.63999999999822 2.4054717534912406e-06
150.64999999999822 2.4054691888932175e-06
150.6599999999982 2.405466584533985e-06
150.6699999999982 2.405463940413542e-06
150.6799999999982 2.40546125653189e-06
150.68999999999818 2.4054585328890297e-06
150.69999999999817 2.4054557694849573e-06
150.70999999999816 2.4054529663196765e-06
150.71999999999815 2.4054501233931848e-06
150.72999999999814 2.405447240705485e-06
150.73999999999813 2.405444318256574e-06
150.74999999999812 2.405441356046455e-06
150.75999999999812 2.405438354075126e-06
150.7699999999981 2.4054353123425876e-06
150.7799999999981 2.4054322308488385e-06
150.7899999999981 2.405429109593881e-06
150.79999999999808 2.405425948577712e-06
150.80999999999807 2.4054227478003342e-06
150.81999999999806 2.4054195072617463e-06
150.82999999999805 2.4054162269619496e-06
150.83999999999804 2.405412906900944e-06
150.84999999999803 2.405409547078728e-06
150.85999999999802 2.405406147495301e-06
150.86999999999802 2.4054027081506664e-06
150.879999999998 2.40539922904482e-06
150.889999999998 2.4053957101777657e-06
150.899999999998 2.4053921515495006e-06
150.90999999999798 2.405388553160027e-06
150.91999999999797 2.4053849150093422e-06
150.92999999999796 2.405381237097449e-06
150.93999999999795 2.4053775194243455e-06
150.94999999999794 2.4053737619900336e-06
150.95999999999793 2.40536996479451e-06
150.96999999999792 2.405366127837778e-06
150.97999999999791 2.4053622511198364e-06
150.9899999999979 2.4053583346406857e-06
150.9999999999979 2.4053543784003245e-06
151.0099999999979 2.405350382398753e-06
151.01999999999788 2.405346346635972e-06
151.02999999999787 2.4053422711119818e-06
151.03999999999786 2.405338155826782e-06
151.04999999999785 2.4053340007803746e-06
151.05999999999784 2.4053298059727543e-06
151.06999999999783 2.4053255714039252e-06
151.07999999999782 2.4053212970738864e-06
151.08999999999781 2.4053169829826387e-06
151.0999999999978 2.40531262913018e-06
151.1099999999978 2.405308235516512e-06
151.1199999999978 2.4053038021416363e-06
151.12999999999778 2.4052993290055503e-06
151.13999999999777 2.405294816108253e-06
151.14999999999776 2.4052902634497474e-06
151.15999999999775 2.405285671030031e-06
151.16999999999774 2.4052810388491053e-06
151.17999999999773 2.40527636690697e-06
151.18999999999772 2.4052716552036266e-06
151.19999999999771 2.405266903739072e-06
151.2099999999977 2.4052621125133078e-06
151.2199999999977 2.4052572815263336e-06
151.2299999999977 2.4052524107781514e-06
151.23999999999768 2.4052475002687566e-06
151.24999999999767 2.405242549998155e-06
151.25999999999766 2.405237559966342e-06
151.26999999999765 2.4052325301733206e-06
151.27999999999764 2.4052274606190883e-06
151.28999999999763 2.4052223513036475e-06
151.29999999999762 2.4052172022269957e-06
151.30999999999761 2.405212013389136e-06
151.3199999999976 2.405206784790065e-06
151.3299999999976 2.4052015164297844e-06
151.3399999999976 2.405196208308296e-06
151.34999999999758 2.4051908604255965e-06
151.35999999999757 2.4051854727816874e-06
151.36999999999756 2.4051800453765686e-06
151.37999999999755 2.40517457821024e-06
151.38999999999754 2.405169071282702e-06
151.39999999999753 2.4051635245939553e-06
151.40999999999752 2.4051579381439994e-06
151.41999999999751 2.4051523119328304e-06
151.4299999999975 2.405146645960455e-06
151.4399999999975 2.4051409402268675e-06
151.4499999999975 2.4051351947320716e-06
151.45999999999748 2.4051294094760655e-06
151.46999999999747 2.405123584458851e-06
151.47999999999746 2.4051177196804263e-06
151.48999999999745 2.4051118151407924e-06
151.49999999999744 2.405105870839947e-06
151.50999999999743 2.4050998867778937e-06
151.51999999999742 2.40509386295463e-06
151.52999999999741 2.4050877993701567e-06
151.5399999999974 2.4050816960244735e-06
151.5499999999974 2.4050755529175826e-06
151.5599999999974 2.405069370049479e-06
151.56999999999738 2.405063147420168e-06
151.57999999999737 2.405056885029645e-06
151.58999999999736 2.405050582877915e-06
151.59999999999735 2.4050442409649736e-06
151.60999999999734 2.4050378592908233e-06
151.61999999999733 2.4050314378554637e-06
151.62999999999732 2.4050249766588957e-06
151.63999999999731 2.4050184757011138e-06
151.6499999999973 2.405011934982126e-06
151.6599999999973 2.4050053545019263e-06
151.6699999999973 2.404998734260518e-06
151.67999999999728 2.4049920742578988e-06
151.68999999999727 2.4049853744940734e-06
151.69999999999726 2.4049786349690354e-06
151.70999999999725 2.404971855682788e-06
151.71999999999724 2.4049650366353307e-06
151.72999999999723 2.404958177826665e-06
151.73999999999722 2.404951279256788e-06
151.74999999999721 2.404944340925703e-06
151.7599999999972 2.404937362833408e-06
151.7699999999972 2.404930344979903e-06
151.7799999999972 2.4049232873651876e-06
151.78999999999718 2.404916189989264e-06
151.79999999999717 2.4049090528521294e-06
151.80999999999716 2.4049018759537864e-06
151.81999999999715 2.404894659294232e-06
151.82999999999714 2.404887402873469e-06
151.83999999999713 2.4048801066914975e-06
151.84999999999712 2.4048727707483152e-06
151.85999999999711 2.404865395043922e-06
151.8699999999971 2.404857979578321e-06
151.8799999999971 2.40485052435151e-06
151.8899999999971 2.4048430293634893e-06
151.89999999999708 2.4048354946142586e-06
151.90999999999707 2.4048279201038186e-06
151.91999999999706 2.404820305832168e-06
151.92999999999705 2.4048126517993087e-06
151.93999999999704 2.404804958005239e-06
151.94999999999703 2.40479722444996e-06
151.95999999999702 2.404789451133471e-06
151.96999999999701 2.404781638055773e-06
151.979999999997 2.404773785216866e-06
151.989999999997 2.4047658926167486e-06
151.999999999997 2.40475796025542e-06
152.00999999999698 2.404749988132884e-06
152.01999999999697 2.4047419762491368e-06
152.02999999999696 2.4047339246041813e-06
152.03999999999695 2.4047258331980143e-06
152.04999999999694 2.4047177020306407e-06
152.05999999999693 2.404709531102055e-06
152.06999999999692 2.4047013204122604e-06
152.07999999999691 2.4046930699612543e-06
152.0899999999969 2.4046847797490414e-06
152.0999999999969 2.404676449775616e-06
152.1099999999969 2.404668080040984e-06
152.11999999999688 2.4046596705451416e-06
152.12999999999687 2.4046512212880895e-06
152.13999999999686 2.404642732269825e-06
152.14999999999685 2.4046342034903536e-06
152.15999999999684 2.4046256349496707e-06
152.16999999999683 2.4046170266477803e-06
152.17999999999682 2.404608378584678e-06
152.18999999999681 2.404599690760369e-06
152.1999999999968 2.4045909631748473e-06
152.2099999999968 2.4045821958281184e-06
152.2199999999968 2.4045733887201777e-06
152.22999999999678 2.4045645418510287e-06
152.23999999999677 2.404555655220669e-06
152.24999999999676 2.4045467288291005e-06
152.25999999999675 2.4045377626763228e-06
152.26999999999674 2.4045287567623353e-06
152.27999999999673 2.4045197110871364e-06
152.28999999999672 2.40451062565073e-06
152.29999999999671 2.4045015004531118e-06
152.3099999999967 2.4044923354942855e-06
152.3199999999967 2.404483130774248e-06
152.3299999999967 2.404473886293003e-06
152.33999999999668 2.4044646020505477e-06
152.34999999999667 2.4044552780468835e-06
152.35999999999666 2.404445914282007e-06
152.36999999999665 2.4044365107559234e-06
152.37999999999664 2.404427067468628e-06
152.38999999999663 2.404417584420124e-06
152.39999999999662 2.404408061610411e-06
152.40999999999661 2.4043984990394886e-06
152.4199999999966 2.4043888967073553e-06
152.4299999999966 2.404379254614013e-06
152.4399999999966 2.4043695727594594e-06
152.44999999999658 2.404359851143698e-06
152.45999999999657 2.4043500897667257e-06
152.46999999999656 2.404340288628545e-06
152.47999999999655 2.4043304477291544e-06
152.48999999999654 2.4043205670685535e-06
152.49999999999653 2.4043106466467434e-06
152.50999999999652 2.4043006864637236e-06
152.51999999999651 2.4042906865194932e-06
152.5299999999965 2.4042806468140545e-06
152.5399999999965 2.404270567347405e-06
152.5499999999965 2.404260448119548e-06
152.55999999999648 2.404250289130479e-06
152.56999999999647 2.4042400903802015e-06
152.57999999999646 2.4042298518687134e-06
152.58999999999645 2.4042195735960164e-06
152.59999999999644 2.4042092555621093e-06
152.60999999999643 2.4041988977669933e-06
152.61999999999642 2.4041885002106677e-06
152.62999999999641 2.4041780628931315e-06
152.6399999999964 2.4041675858143864e-06
152.6499999999964 2.404157068974431e-06
152.6599999999964 2.404146512373265e-06
152.66999999999638 2.4041359160108914e-06
152.67999999999637 2.4041252798873067e-06
152.68999999999636 2.404114604002514e-06
152.69999999999635 2.4041038883565108e-06
152.70999999999634 2.404093132949298e-06
152.71999999999633 2.404082337780874e-06
152.72999999999632 2.404071502851243e-06
152.73999999999631 2.404060628160399e-06
152.7499999999963 2.404049713708348e-06
152.7599999999963 2.4040387594950864e-06
152.7699999999963 2.404027765520616e-06
152.77999999999628 2.404016731784935e-06
152.78999999999627 2.4040056582880456e-06
152.79999999999626 2.403994545029944e-06
152.80999999999625 2.4039833920106337e-06
152.81999999999624 2.403972199230115e-06
152.82999999999623 2.403960966688386e-06
152.83999999999622 2.4039496943854483e-06
152.84999999999621 2.4039383823213e-06
152.8599999999962 2.403927030495941e-06
152.8699999999962 2.4039156389093743e-06
152.8799999999962 2.4039042075615956e-06
152.88999999999618 2.4038927364526094e-06
152.89999999999617 2.403881225582413e-06
152.90999999999616 2.403869674951008e-06
152.91999999999615 2.4038580845583908e-06
152.92999999999614 2.403846454404566e-06
152.93999999999613 2.4038347844895293e-06
152.94999999999612 2.4038230748132853e-06
152.9599999999961 2.4038113253758294e-06
152.9699999999961 2.4037995361771656e-06
152.9799999999961 2.403787707217292e-06
152.9899999999961 2.4037758384962093e-06
152.99999999999608 2.4037639300139155e-06
153.00999999999607 2.4037519817704124e-06
153.01999999999606 2.4037399937656992e-06
153.02999999999605 2.4037279659997776e-06
153.03999999999604 2.403715898472644e-06
153.04999999999603 2.403703791184305e-06
153.05999999999602 2.403691644134753e-06
153.069999999996 2.403679457323993e-06
153.079999999996 2.4036672307520216e-06
153.089999999996 2.4036549644188418e-06
153.099999999996 2.403642658324451e-06
153.10999999999598 2.4036303124688522e-06
153.11999999999597 2.4036179268520433e-06
153.12999999999596 2.4036055014740247e-06
153.13999999999595 2.403593036334796e-06
153.14999999999594 2.403580531434358e-06
153.15999999999593 2.4035679867727086e-06
153.16999999999592 2.4035554023498525e-06
153.1799999999959 2.4035427781657846e-06
153.1899999999959 2.4035301142205095e-06
153.1999999999959 2.403517410514022e-06
153.2099999999959 2.4035046670463264e-06
153.21999999999588 2.4034918838174197e-06
153.22999999999587 2.4034790608273053e-06
153.23999999999586 2.403466198075979e-06
153.24999999999585 2.4034532955634447e-06
153.25999999999584 2.4034403532897004e-06
153.26999999999583 2.4034273712547477e-06
153.27999999999582 2.403414349458583e-06
153.2899999999958 2.4034012879012094e-06
153.2999999999958 2.403388186582625e-06
153.3099999999958 2.4033750455028336e-06
153.3199999999958 2.4033618646618308e-06
153.32999999999578 2.4033486440596195e-06
153.33999999999577 2.4033353836961968e-06
153.34999999999576 2.4033220835715665e-06
153.35999999999575 2.403308743685725e-06
153.36999999999574 2.4032953640386747e-06
153.37999999999573 2.403281944630414e-06
153.38999999999572 2.4032684854609437e-06
153.3999999999957 2.4032549865302654e-06
153.4099999999957 2.4032414478383765e-06
153.4199999999957 2.403227869385276e-06
153.4299999999957 2.403214251170968e-06
153.43999999999568 2.4032005931954495e-06
153.44999999999567 2.4031868954587214e-06
153.45999999999566 2.4031731579607828e-06
153.46999999999565 2.4031593807016357e-06
153.47999999999564 2.40314556368128e-06
153.48999999999563 2.4031317068997137e-06
153.49999999999562 2.4031178103569367e-06
153.5099999999956 2.4031038740529508e-06
153.5199999999956 2.4030898979877548e-06
153.5299999999956 2.4030758821613495e-06
153.5399999999956 2.403061826573734e-06
153.54999999999558 2.4030477312249115e-06
153.55999999999557 2.4030335961148767e-06
153.56999999999556 2.4030194212436322e-06
153.57999999999555 2.4030052066111793e-06
153.58999999999554 2.4029909522175167e-06
153.59999999999553 2.4029766580626414e-06
153.60999999999552 2.40296232414656e-06
153.6199999999955 2.402947950469268e-06
153.6299999999955 2.402933537030767e-06
153.6399999999955 2.4029190838310543e-06
153.6499999999955 2.4029045908701343e-06
153.65999999999548 2.402890058148003e-06
153.66999999999547 2.402875485664663e-06
153.67999999999546 2.4028608734201116e-06
153.68999999999545 2.4028462214143536e-06
153.69999999999544 2.402831529647383e-06
153.70999999999543 2.402816798119205e-06
153.71999999999542 2.402802026829815e-06
153.7299999999954 2.4027872157792174e-06
153.7399999999954 2.402772364967407e-06
153.7499999999954 2.402757474394391e-06
153.7599999999954 2.402742544060163e-06
153.76999999999538 2.402727573964727e-06
153.77999999999537 2.40271256410808e-06
153.78999999999536 2.4026975144902237e-06
153.79999999999535 2.4026824251111574e-06
153.80999999999534 2.402667295970882e-06
153.81999999999533 2.4026521270693957e-06
153.82999999999532 2.402636918406701e-06
153.8399999999953 2.4026216699827973e-06
153.8499999999953 2.4026063817976834e-06
153.8599999999953 2.4025910538513576e-06
153.8699999999953 2.402575686143825e-06
153.87999999999528 2.4025602786750804e-06
153.88999999999527 2.4025448314451276e-06
153.89999999999526 2.4025293444539656e-06
153.90999999999525 2.4025138177015935e-06
153.91999999999524 2.4024982511880112e-06
153.92999999999523 2.4024826449132197e-06
153.93999999999522 2.402466998877218e-06
153.9499999999952 2.402451313080007e-06
153.9599999999952 2.4024355875215856e-06
153.9699999999952 2.4024198222019557e-06
153.9799999999952 2.402404017121117e-06
153.98999999999518 2.4023881722790672e-06
153.99999999999517 2.4023722876758074e-06
154.00999999999516 2.40235636331134e-06
154.01999999999515 2.40234039918566e-06
154.02999999999514 2.4023243952987717e-06
154.03999999999513 2.4023083516506727e-06
154.04999999999512 2.4022922682413673e-06
154.0599999999951 2.4022761450708493e-06
154.0699999999951 2.4022599821391224e-06
154.0799999999951 2.4022437794461853e-06
154.0899999999951 2.4022275369920395e-06
154.09999999999508 2.402211254776683e-06
154.10999999999507 2.402194932800118e-06
154.11999999999506 2.4021785710623433e-06
154.12999999999505 2.4021621695633586e-06
154.13999999999504 2.402145728303164e-06
154.14999999999503 2.40212924728176e-06
154.15999999999502 2.4021127264991456e-06
154.169999999995 2.402096165955322e-06
154.179999999995 2.4020795656502877e-06
154.189999999995 2.4020629255840473e-06
154.199999999995 2.4020462457565935e-06
154.20999999999498 2.4020295261679325e-06
154.21999999999497 2.4020127668180593e-06
154.22999999999496 2.4019959677069785e-06
154.23999999999495 2.401979128834687e-06
154.24999999999494 2.401962250201186e-06
154.25999999999493 2.401945331806476e-06
154.26999999999492 2.4019283736505566e-06
154.2799999999949 2.401911375733426e-06
154.2899999999949 2.4018943380550875e-06
154.2999999999949 2.401877260615537e-06
154.3099999999949 2.4018601434147787e-06
154.31999999999488 2.4018429864528097e-06
154.32999999999487 2.401825789729632e-06
154.33999999999486 2.4018085532452457e-06
154.34999999999485 2.401791276999648e-06
154.35999999999484 2.4017739609928404e-06
154.36999999999483 2.401756605224824e-06
154.37999999999482 2.4017392096955966e-06
154.3899999999948 2.401721774405162e-06
154.3999999999948 2.4017042993535162e-06
154.4099999999948 2.401686784540661e-06
154.4199999999948 2.4016692299665958e-06
154.42999999999478 2.4016516356313214e-06
154.43999999999477 2.401634001534836e-06
154.44999999999476 2.4016163276771423e-06
154.45999999999475 2.4015986140582385e-06
154.46999999999474 2.4015808606781257e-06
154.47999999999473 2.4015630675368033e-06
154.48999999999472 2.4015452346342707e-06
154.4999999999947 2.4015273619705276e-06
154.5099999999947 2.401509449545576e-06
154.5199999999947 2.4014914973594145e-06
154.5299999999947 2.4014735054120427e-06
154.53999999999468 2.4014554737034604e-06
154.54999999999467 2.4014374022336726e-06
154.55999999999466 2.4014192910026713e-06
154.56999999999465 2.401401140010462e-06
154.57999999999464 2.4013829492570413e-06
154.58999999999463 2.4013647187424126e-06
154.59999999999462 2.401346448466573e-06
154.6099999999946 2.4013281384295245e-06
154.6199999999946 2.401309788631267e-06
154.6299999999946 2.4012913990718005e-06
154.6399999999946 2.4012729697511216e-06
154.64999999999458 2.4012545006692347e-06
154.65999999999457 2.4012359918261373e-06
154.66999999999456 2.4012174432218314e-06
154.67999999999455 2.401198854856314e-06
154.68999999999454 2.40118022672959e-06
154.69999999999453 2.401161558841654e-06
154.70999999999452 2.401142851192509e-06
154.7199999999945 2.4011241037821532e-06
154.7299999999945 2.4011053166105896e-06
154.7399999999945 2.401086489677814e-06
154.7499999999945 2.4010676229838307e-06
154.75999999999448 2.4010487165286384e-06
154.76999999999447 2.4010297703122364e-06
154.77999999999446 2.401010784334622e-06
154.78999999999445 2.4009917585958e-06
154.79999999999444 2.4009726930957667e-06
154.80999999999443 2.4009535878345264e-06
154.81999999999442 2.4009344428120737e-06
154.8299999999944 2.4009152580284135e-06
154.8399999999944 2.4008960334835432e-06
154.8499999999944 2.4008767691774632e-06
154.8599999999944 2.400857465110172e-06
154.86999999999438 2.4008381212816732e-06
154.87999999999437 2.4008187376919624e-06
154.88999999999436 2.400799314341045e-06
154.89999999999435 2.4007798512289155e-06
154.90999999999434 2.400760348355578e-06
154.91999999999433 2.4007408057210294e-06
154.92999999999432 2.400721223325272e-06
154.9399999999943 2.4007016011683045e-06
154.9499999999943 2.4006819392501275e-06
154.9599999999943 2.400662237570739e-06
154.9699999999943 2.400642496130144e-06
154.97999999999428 2.4006227149283388e-06
154.98999999999427 2.4006028939653234e-06
154.99999999999426 2.400583033241097e-06
155.00999999999425 2.4005631327556627e-06
155.01999999999424 2.4005431925090174e-06
155.02999999999423 2.400523212501163e-06
155.03999999999422 2.4005031927320993e-06
155.0499999999942 2.4004831332018275e-06
155.0599999999942 2.400463033910343e-06
155.0699999999942 2.4004428948576504e-06
155.0799999999942 2.400422716043747e-06
155.08999999999418 2.4004024974686358e-06
155.09999999999417 2.400382239132313e-06
155.10999999999416 2.4003619410347824e-06
155.11999999999415 2.4003416031760405e-06
155.12999999999414 2.4003212255560906e-06
155.13999999999413 2.400300808174929e-06
155.14999999999412 2.400280351032559e-06
155.1599999999941 2.4002598541289785e-06
155.1699999999941 2.400239317464189e-06
155.1799999999941 2.4002187410381906e-06
155.1899999999941 2.4001981248509825e-06
155.19999999999408 2.4001774689025635e-06
155.20999999999407 2.400156773192936e-06
155.21999999999406 2.4001360377220967e-06
155.22999999999405 2.40011526249005e-06
155.23999999999404 2.400094447496792e-06
155.24999999999403 2.4000735927423253e-06
155.25999999999402 2.400052698226649e-06
155.269999999994 2.400031763949764e-06
155.279999999994 2.400010789911668e-06
155.289999999994 2.3999897761123624e-06
155.299999999994 2.3999687225518468e-06
155.30999999999398 2.3999476292301227e-06
155.31999999999397 2.3999264961471873e-06
155.32999999999396 2.3999053233030434e-06
155.33999999999395 2.3998841106976907e-06
155.34999999999394 2.399862858331127e-06
155.35999999999393 2.3998415662033532e-06
155.36999999999392 2.3998202343143706e-06
155.3799999999939 2.399798862664178e-06
155.3899999999939 2.399777451252776e-06
155.3999999999939 2.3997560000801657e-06
155.4099999999939 2.399734509146344e-06
155.41999999999388 2.399712978451312e-06
155.42999999999387 2.3996914079950722e-06
155.43999999999386 2.3996697977776217e-06
155.44999999999385 2.3996481477989614e-06
155.45999999999384 2.399626458059091e-06
155.46999999999383 2.3996047285580127e-06
155.47999999999382 2.3995829592957233e-06
155.4899999999938 2.3995611502722256e-06
155.4999999999938 2.3995393014875164e-06
155.5099999999938 2.399517412941599e-06
155.5199999999938 2.3994954846344707e-06
155.52999999999378 2.3994735165661332e-06
155.53999999999377 2.3994515087365857e-06
155.54999999999376 2.399429461145831e-06
155.55999999999375 2.399407373793864e-06
155.56999999999374 2.3993852466806883e-06
155.57999999999373 2.399363079806302e-06
155.58999999999372 2.3993408731707068e-06
155.5999999999937 2.3993186267739015e-06
155.6099999999937 2.3992963406158873e-06
155.6199999999937 2.3992740146966634e-06
155.6299999999937 2.3992516490162303e-06
155.63999999999368 2.3992292435745858e-06
155.64999999999367 2.3992067983717333e-06
155.65999999999366 2.3991843134076693e-06
155.66999999999365 2.3991617886823974e-06
155.67999999999364 2.399139224195914e-06
155.68999999999363 2.399116619948224e-06
155.69999999999362 2.399093975939322e-06
155.7099999999936 2.3990712921692114e-06
155.7199999999936 2.3990485686378897e-06
155.7299999999936 2.3990258053453596e-06
155.73999999999359 2.399003002291618e-06
155.74999999999358 2.3989801594766694e-06
155.75999999999357 2.3989572769005106e-06
155.76999999999356 2.3989343545631417e-06
155.77999999999355 2.3989113924645623e-06
155.78999999999354 2.3988883906047744e-06
155.79999999999353 2.3988653489837755e-06
155.80999999999352 2.3988422676015682e-06
155.8199999999935 2.39881914645815e-06
155.8299999999935 2.3987959855535233e-06
155.8399999999935 2.3987727848876873e-06
155.84999999999349 2.3987495444606404e-06
155.85999999999348 2.3987262642723838e-06
155.86999999999347 2.398702944322919e-06
155.87999999999346 2.398679584612242e-06
155.88999999999345 2.398656185140358e-06
155.89999999999344 2.3986327459072636e-06
155.90999999999343 2.3986092669129594e-06
155.91999999999342 2.3985857481574454e-06
155.9299999999934 2.398562189640722e-06
155.9399999999934 2.3985385913627875e-06
155.9499999999934 2.3985149533236444e-06
155.95999999999339 2.3984912755232912e-06
155.96999999999338 2.3984675579617296e-06
155.97999999999337 2.3984438006389583e-06
155.98999999999336 2.3984200035549764e-06
155.99999999999335 2.3983961667097844e-06
156.00999999999334 2.3983722901033844e-06
156.01999999999333 2.3983483737357726e-06
156.02999999999332 2.3983244176069532e-06
156.0399999999933 2.398300421716922e-06
156.0499999999933 2.398276386065685e-06
156.0599999999933 2.398252310653234e-06
156.06999999999329 2.3982281954795757e-06
156.07999999999328 2.398204040544707e-06
156.08999999999327 2.398179845848629e-06
156.09999999999326 2.3981556113913396e-06
156.10999999999325 2.398131337172843e-06
156.11999999999324 2.3981070231931363e-06
156.12999999999323 2.39808266945222e-06
156.13999999999322 2.3980582759500926e-06
156.1499999999932 2.3980338426867564e-06
156.1599999999932 2.3980093696622097e-06
156.1699999999932 2.397984856876455e-06
156.17999999999319 2.3979603043294888e-06
156.18999999999318 2.3979357120213155e-06
156.19999999999317 2.3979110799519304e-06
156.20999999999316 2.397886408121336e-06
156.21999999999315 2.397861696529532e-06
156.22999999999314 2.397836945176519e-06
156.23999999999313 2.397812154062294e-06
156.24999999999312 2.3977873231868627e-06
156.2599999999931 2.3977624525502206e-06
156.2699999999931 2.397737542152369e-06
156.2799999999931 2.3977125919933066e-06
156.28999999999309 2.397687602073035e-06
156.29999999999308 2.397662572391554e-06
156.30999999999307 2.3976375029488637e-06
156.31999999999306 2.3976123937449618e-06
156.32999999999305 2.3975872447798522e-06
156.33999999999304 2.397562056053533e-06
156.34999999999303 2.3975368275660037e-06
156.35999999999302 2.397511559317264e-06
156.369999999993 2.397486251307316e-06
156.379999999993 2.3974609035361563e-06
156.389999999993 2.3974355160037886e-06
156.39999999999299 2.397410088710212e-06
156.40999999999298 2.397384621655425e-06
156.41999999999297 2.3973591148394264e-06
156.42999999999296 2.3973335682622216e-06
156.43999999999295 2.3973079819238037e-06
156.44999999999294 2.3972823558241783e-06
156.45999999999293 2.397256689963342e-06
156.46999999999292 2.397230984341297e-06
156.4799999999929 2.397205238958042e-06
156.4899999999929 2.3971794538135785e-06
156.4999999999929 2.397153628907902e-06
156.50999999999289 2.3971277642410196e-06
156.51999999999288 2.397101859812925e-06
156.52999999999287 2.3970759156236215e-06
156.53999999999286 2.3970499316731083e-06
156.54999999999285 2.3970239079613863e-06
156.55999999999284 2.396997844488454e-06
156.56999999999283 2.3969717412543123e-06
156.57999999999282 2.3969455982589603e-06
156.5899999999928 2.3969194155024e-06
156.5999999999928 2.3968931929846277e-06
156.6099999999928 2.3968669307056475e-06
156.61999999999279 2.396840628665458e-06
156.62999999999278 2.3968142868640583e-06
156.63999999999277 2.3967879053014486e-06
156.64999999999276 2.3967614839776296e-06
156.65999999999275 2.3967350228925996e-06
156.66999999999274 2.396708522046361e-06
156.67999999999273 2.3966819814389126e-06
156.68999999999272 2.3966554010702565e-06
156.6999999999927 2.396628780940388e-06
156.7099999999927 2.396602121049311e-06
156.7199999999927 2.396575421397024e-06
156.72999999999269 2.396548681983527e-06
156.73999999999268 2.3965219028088206e-06
156.74999999999267 2.3964950838729055e-06
156.75999999999266 2.396468225175781e-06
156.76999999999265 2.3964413267174448e-06
156.77999999999264 2.3964143884979e-06
156.78999999999263 2.3963874105171453e-06
156.79999999999262 2.3963603927751808e-06
156.8099999999926 2.3963333352720074e-06
156.8199999999926 2.396306238007623e-06
156.8299999999926 2.3962791009820308e-06
156.83999999999259 2.3962519241952283e-06
156.84999999999258 2.3962247076472157e-06
156.85999999999257 2.396197451337993e-06
156.86999999999256 2.396170155267562e-06
156.87999999999255 2.3961428194359207e-06
156.88999999999254 2.396115443843069e-06
156.89999999999253 2.3960880284890086e-06
156.90999999999252 2.396060573373739e-06
156.9199999999925 2.3960330784972583e-06
156.9299999999925 2.396005543859569e-06
156.9399999999925 2.395977969460669e-06
156.94999999999249 2.3959503553005604e-06
156.95999999999248 2.3959227013792415e-06
156.96999999999247 2.3958950076967126e-06
156.97999999999246 2.395867274252975e-06
156.98999999999245 2.395839501048028e-06
156.99999999999244 2.3958116880818704e-06
157.00999999999243 2.395783835354503e-06
157.01999999999242 2.3957559428659257e-06
157.0299999999924 2.3957280106161398e-06
157.0399999999924 2.3957000386051433e-06
157.0499999999924 2.3956720268329397e-06
157.05999999999239 2.3956439752995235e-06
157.06999999999238 2.3956158840048984e-06
157.07999999999237 2.3955877529490627e-06
157.08999999999236 2.3955595821320195e-06
157.09999999999235 2.3955313715537645e-06
157.10999999999234 2.3955031212143014e-06
157.11999999999233 2.395474831113629e-06
157.12999999999232 2.3954465012517466e-06
157.1399999999923 2.3954181316286532e-06
157.1499999999923 2.3953897222443514e-06
157.1599999999923 2.395361273098838e-06
157.16999999999229 2.3953327841921177e-06
157.17999999999228 2.395304255524186e-06
157.18999999999227 2.395275687095046e-06
157.19999999999226 2.3952470789046946e-06
157.20999999999225 2.3952184309531354e-06
157.21999999999224 2.3951897432403648e-06
157.22999999999223 2.3951610157663853e-06
157.23999999999222 2.3951322485311958e-06
157.2499999999922 2.3951034415347974e-06
157.2599999999922 2.3950745947771884e-06
157.2699999999922 2.395045708258371e-06
157.27999999999219 2.3950167819783427e-06
157.28999999999218 2.394987815937106e-06
157.29999999999217 2.394958810134658e-06
157.30999999999216 2.394929764571001e-06
157.31999999999215 2.3949006792461344e-06
157.32999999999214 2.3948715541600584e-06
157.33999999999213 2.394842389312774e-06
157.34999999999212 2.394813184704278e-06
157.3599999999921 2.3947839403345726e-06
157.3699999999921 2.3947546562036587e-06
157.3799999999921 2.3947253323115325e-06
157.38999999999209 2.3946959686581983e-06
157.39999999999208 2.3946665652436557e-06
157.40999999999207 2.394637122067903e-06
157.41999999999206 2.394607639130939e-06
157.42999999999205 2.3945781164327662e-06
157.43999999999204 2.394548553973384e-06
157.44999999999203 2.3945189517527916e-06
157.45999999999202 2.3944893097709895e-06
157.469999999992 2.394459628027979e-06
157.479999999992 2.3944299065237583e-06
157.489999999992 2.3944001452583276e-06
157.49999999999199 2.3943703442316863e-06
157.50999999999198 2.394340503443837e-06
157.51999999999197 2.3943106228947767e-06
157.52999999999196 2.3942807025845076e-06
157.53999999999195 2.394250742513028e-06
157.54999999999194 2.394220742680341e-06
157.55999999999193 2.3941907030864415e-06
157.56999999999192 2.394160623731335e-06
157.5799999999919 2.3941305046150156e-06
157.5899999999919 2.39410034573749e-06
157.5999999999919 2.394070147098752e-06
157.60999999999189 2.3940399086988054e-06
157.61999999999188 2.3940096305376498e-06
157.62999999999187 2.393979312615284e-06
157.63999999999186 2.3939489549317074e-06
157.64999999999185 2.3939185574869228e-06
157.65999999999184 2.3938881202809275e-06
157.66999999999183 2.3938576433137226e-06
157.67999999999182 2.3938271265853076e-06
157.6899999999918 2.3937965700956854e-06
157.6999999999918 2.393765973844851e-06
157.7099999999918 2.393735337832809e-06
157.71999999999178 2.3937046620595547e-06
157.72999999999178 2.393673946525093e-06
157.73999999999177 2.3936431912294205e-06
157.74999999999176 2.3936123961725392e-06
157.75999999999175 2.3935815613544475e-06
157.76999999999174 2.3935506867751464e-06
157.77999999999173 2.393519772434635e-06
157.78999999999172 2.393488818332915e-06
157.7999999999917 2.3934578244699834e-06
157.8099999999917 2.393426790845845e-06
157.8199999999917 2.393395717460495e-06
157.82999999999168 2.393364604313935e-06
157.83999999999168 2.3933334514061675e-06
157.84999999999167 2.3933022587371905e-06
157.85999999999166 2.3932710263070005e-06
157.86999999999165 2.3932397541156037e-06
157.87999999999164 2.3932084421629943e-06
157.88999999999163 2.393177090449179e-06
157.89999999999162 2.393145698974152e-06
157.9099999999916 2.3931142677379162e-06
157.9199999999916 2.393082796740469e-06
157.9299999999916 2.3930512859818143e-06
157.93999999999158 2.393019735461948e-06
157.94999999999158 2.392988145180873e-06
157.95999999999157 2.3929565151385874e-06
157.96999999999156 2.392924845335094e-06
157.97999999999155 2.39289313577039e-06
157.98999999999154 2.3928613864444766e-06
157.99999999999153 2.3928295973573525e-06
158.00999999999152 2.3927977685090204e-06
158.0199999999915 2.3927658998994773e-06
158.0299999999915 2.3927339915287245e-06
158.0399999999915 2.3927020433967615e-06
158.04999999999148 2.392670055503592e-06
158.05999999999148 2.39263802784921e-06
158.06999999999147 2.392605960433619e-06
158.07999999999146 2.392573853256819e-06
158.08999999999145 2.3925417063188086e-06
158.09999999999144 2.392509519619587e-06
158.10999999999143 2.3924772931591584e-06
158.11999999999142 2.392445026937519e-06
158.1299999999914 2.392412720954671e-06
158.1399999999914 2.3923803752106116e-06
158.1499999999914 2.3923479897053437e-06
158.15999999999138 2.392315564438865e-06
158.16999999999138 2.3922830994111775e-06
158.17999999999137 2.392250594622279e-06
158.18999999999136 2.392218050072174e-06
158.19999999999135 2.3921854657608573e-06
158.20999999999134 2.3921528416883312e-06
158.21999999999133 2.3921201778545946e-06
158.22999999999132 2.39208747425965e-06
158.2399999999913 2.3920547309034943e-06
158.2499999999913 2.39202194778613e-06
158.2599999999913 2.391989124907555e-06
158.26999999999128 2.3919562622677718e-06
158.27999999999128 2.3919233598667778e-06
158.28999999999127 2.391890417704574e-06
158.29999999999126 2.3918574357811602e-06
158.30999999999125 2.391824414096537e-06
158.31999999999124 2.3917913526507048e-06
158.32999999999123 2.3917582514436623e-06
158.33999999999122 2.3917251104754118e-06
158.3499999999912 2.3916919297459507e-06
158.3599999999912 2.3916587092552783e-06
158.3699999999912 2.391625449003398e-06
158.37999999999118 2.391592148990307e-06
158.38999999999118 2.3915588092160075e-06
158.39999999999117 2.391525429680498e-06
158.40999999999116 2.3914920103837787e-06
158.41999999999115 2.391458551325849e-06
158.42999999999114 2.3914250525067107e-06
158.43999999999113 2.391391513926361e-06
158.44999999999112 2.391357935584803e-06
158.4599999999911 2.3913243174820353e-06
158.4699999999911 2.3912906596180583e-06
158.4799999999911 2.391256961992871e-06
158.48999999999108 2.391223224606475e-06
158.49999999999108 2.3911894474588687e-06
158.50999999999107 2.391155630550053e-06
158.51999999999106 2.3911217738800265e-06
158.52999999999105 2.3910878774487905e-06
158.53999999999104 2.391053941256345e-06
158.54999999999103 2.391019965302693e-06
158.55999999999102 2.3909859495878275e-06
158.569999999991 2.390951894111753e-06
158.579999999991 2.390917798874469e-06
158.589999999991 2.390883663875977e-06
158.59999999999098 2.390849489116273e-06
158.60999999999098 2.3908152745953606e-06
158.61999999999097 2.390781020313239e-06
158.62999999999096 2.390746726269907e-06
158.63999999999095 2.3907123924653657e-06
158.64999999999094 2.390678018899614e-06
158.65999999999093 2.3906436055726524e-06
158.66999999999092 2.3906091524844814e-06
158.6799999999909 2.3905746596351008e-06
158.6899999999909 2.3905401270245133e-06
158.6999999999909 2.3905055546527124e-06
158.70999999999088 2.390470942519704e-06
158.71999999999088 2.390436290625485e-06
158.72999999999087 2.390401598970057e-06
158.73999999999086 2.390366867553417e-06
158.74999999999085 2.3903320963755695e-06
158.75999999999084 2.3902972854365125e-06
158.76999999999083 2.3902624347362454e-06
158.77999999999082 2.3902275442747673e-06
158.7899999999908 2.3901926140520825e-06
158.7999999999908 2.390157644068186e-06
158.8099999999908 2.39012263432308e-06
158.81999999999078 2.3900875848167634e-06
158.82999999999078 2.390052495549238e-06
158.83999999999077 2.3900173665205044e-06
158.84999999999076 2.389982197730561e-06
158.85999999999075 2.3899469891794057e-06
158.86999999999074 2.3899117408670424e-06
158.87999999999073 2.3898764527934678e-06
158.88999999999072 2.3898411249586855e-06
158.8999999999907 2.389805757362693e-06
158.9099999999907 2.3897703500054902e-06
158.9199999999907 2.389734902887078e-06
158.92999999999068 2.3896994160074566e-06
158.93999999999068 2.389663889366624e-06
158.94999999999067 2.389628322964584e-06
158.95999999999066 2.389592716801332e-06
158.96999999999065 2.389557070876872e-06
158.97999999999064 2.3895213851912026e-06
158.98999999999063 2.3894856597443233e-06
158.99999999999062 2.389449894536234e-06
159.0099999999906 2.3894140895669345e-06
159.0199999999906 2.3893782448364254e-06
159.0299999999906 2.389342360344707e-06
159.03999999999058 2.3893064360917783e-06
159.04999999999058 2.389270472077642e-06
159.05999999999057 2.389234468302294e-06
159.06999999999056 2.389198424765738e-06
159.07999999999055 2.3891623414679705e-06
159.08999999999054 2.3891262184089947e-06
159.09999999999053 2.389090055588808e-06
159.10999999999052 2.3890538530074127e-06
159.1199999999905 2.3890176106648074e-06
159.1299999999905 2.388981328560994e-06
159.1399999999905 2.3889450066959677e-06
159.14999999999048 2.388908645069734e-06
159.15999999999048 2.388872243682289e-06
159.16999999999047 2.3888358025336362e-06
159.17999999999046 2.388799321623772e-06
159.18999999999045 2.3887628009527008e-06
159.19999999999044 2.388726240520418e-06
159.20999999999043 2.3886896403269257e-06
159.21999999999042 2.3886530003722226e-06
159.2299999999904 2.388616320656312e-06
159.2399999999904 2.3885796011791897e-06
159.2499999999904 2.388542841940859e-06
159.25999999999038 2.3885060429413198e-06
159.26999999999038 2.3884692041805694e-06
159.27999999999037 2.3884323256586076e-06
159.28999999999036 2.3883954073754396e-06
159.29999999999035 2.3883584493310592e-06
159.30999999999034 2.3883214515254714e-06
159.31999999999033 2.3882844139586712e-06
159.32999999999032 2.3882473366306635e-06
159.3399999999903 2.3882102195414474e-06
159.3499999999903 2.3881730626910202e-06
159.3599999999903 2.3881358660793817e-06
159.36999999999028 2.388098629706536e-06
159.37999999999028 2.3880613535724777e-06
159.38999999999027 2.388024037677213e-06
159.39999999999026 2.387986682020737e-06
159.40999999999025 2.3879492866030526e-06
159.41999999999024 2.387911851424157e-06
159.42999999999023 2.387874376484052e-06
159.43999999999022 2.387836861782736e-06
159.4499999999902 2.3877993073202127e-06
159.4599999999902 2.3877617130964785e-06
159.4699999999902 2.387724079111536e-06
159.47999999999018 2.3876864053653835e-06
159.48999999999018 2.3876486918580206e-06
159.49999999999017 2.3876109385894476e-06
159.50999999999016 2.387573145559666e-06
159.51999999999015 2.3875353127686737e-06
159.52999999999014 2.387497440216472e-06
159.53999999999013 2.387459527903061e-06
159.54999999999012 2.3874215758284412e-06
159.5599999999901 2.3873835839926104e-06
159.5699999999901 2.3873455523955712e-06
159.5799999999901 2.3873074810373206e-06
159.58999999999008 2.3872693699178616e-06
159.59999999999008 2.387231219037192e-06
159.60999999999007 2.3871930283953144e-06
159.61999999999006 2.3871547979922254e-06
159.62999999999005 2.3871165278279284e-06
159.63999999999004 2.38707821790242e-06
159.64999999999003 2.3870398682157024e-06
159.65999999999002 2.387001478767775e-06
159.66999999999 2.386963049558639e-06
159.67999999999 2.3869245805882913e-06
159.68999999999 2.386886071856738e-06
159.69999999998998 2.386847523363971e-06
159.70999999998998 2.3868089351099966e-06
159.71999999998997 2.3867703070948102e-06
159.72999999998996 2.3867316393184167e-06
159.73999999998995 2.3866929317808117e-06
159.74999999998994 2.386654184481998e-06
159.75999999998993 2.3866153974219753e-06
159.76999999998992 2.386576570600742e-06
159.7799999999899 2.3865377040182988e-06
159.7899999999899 2.3864987976746475e-06
159.7999999999899 2.386459851569784e-06
159.80999999998988 2.3864208657037123e-06
159.81999999998988 2.38638184007643e-06
159.82999999998987 2.386342774687939e-06
159.83999999998986 2.386303669538239e-06
159.84999999998985 2.3862645246273287e-06
159.85999999998984 2.3862253399552078e-06
159.86999999998983 2.386186115521879e-06
159.87999999998982 2.3861468513273377e-06
159.8899999999898 2.3861075473715894e-06
159.8999999999898 2.386068203654631e-06
159.9099999999898 2.386028820176463e-06
159.91999999998978 2.3859893969370837e-06
159.92999999998978 2.385949933936497e-06
159.93999999998977 2.385910431174698e-06
159.94999999998976 2.3858708886516916e-06
159.95999999998975 2.3858313063674746e-06
159.96999999998974 2.385791684322049e-06
159.97999999998973 2.3857520225154127e-06
159.98999999998972 2.3857123209475674e-06
159.9999999999897 2.385672579618512e-06
160.0099999999897 2.385632798528246e-06
160.0199999999897 2.3855929776767708e-06
160.02999999998968 2.3855531170640875e-06
160.03999999998967 2.385513216690192e-06
160.04999999998967 2.3854732765550907e-06
160.05999999998966 2.3854332966587754e-06
160.06999999998965 2.385393277001253e-06
160.07999999998964 2.38535321758252e-06
160.08999999998963 2.385313118402578e-06
160.09999999998962 2.385272979461425e-06
160.1099999999896 2.3852328007590644e-06
160.1199999999896 2.3851925822954934e-06
160.1299999999896 2.3851523240707128e-06
160.13999999998958 2.3851120260847216e-06
160.14999999998957 2.3850716883375215e-06
160.15999999998957 2.385031310829111e-06
160.16999999998956 2.3849908935594914e-06
160.17999999998955 2.3849504365286615e-06
160.18999999998954 2.384909939736624e-06
160.19999999998953 2.384869403183375e-06
160.20999999998952 2.3848288268689175e-06
160.2199999999895 2.384788210793248e-06
160.2299999999895 2.384747554956371e-06
160.2399999999895 2.3847068593582833e-06
160.24999999998948 2.3846661239989863e-06
160.25999999998947 2.384625348878481e-06
160.26999999998947 2.384584533996765e-06
160.27999999998946 2.3845436793538386e-06
160.28999999998945 2.3845027849497036e-06
160.29999999998944 2.3844618507843577e-06
160.30999999998943 2.3844208768578025e-06
160.31999999998942 2.3843798631700375e-06
160.3299999999894 2.3843388097210633e-06
160.3399999999894 2.38429771651088e-06
160.3499999999894 2.3842565835394866e-06
160.35999999998938 2.384215410806883e-06
160.36999999998937 2.3841741983130708e-06
160.37999999998937 2.3841329460580476e-06
160.38999999998936 2.3840916540418157e-06
160.39999999998935 2.384050322264374e-06
160.40999999998934 2.3840089507257235e-06
160.41999999998933 2.383967539425862e-06
160.42999999998932 2.383926088364791e-06
160.4399999999893 2.38388459754251e-06
160.4499999999893 2.3838430669590197e-06
160.4599999999893 2.383801496614319e-06
160.46999999998928 2.383759886508411e-06
160.47999999998927 2.383718236641292e-06
160.48999999998927 2.383676547012964e-06
160.49999999998926 2.3836348176234246e-06
160.50999999998925 2.383593048472677e-06
160.51999999998924 2.3835512395607178e-06
160.52999999998923 2.3835093908875513e-06
160.53999999998922 2.383467502453173e-06
160.5499999999892 2.383425574257589e-06
160.5599999999892 2.383383606300792e-06
160.5699999999892 2.383341598582786e-06
160.57999999998918 2.3832995511035687e-06
160.58999999998917 2.3832574638631444e-06
160.59999999998917 2.383215336861509e-06
160.60999999998916 2.3831731700986647e-06
160.61999999998915 2.3831309635746105e-06
160.62999999998914 2.383088717289347e-06
160.63999999998913 2.3830464312428726e-06
160.64999999998912 2.3830041054351893e-06
160.6599999999891 2.382961739866296e-06
160.6699999999891 2.382919334536194e-06
160.6799999999891 2.382876889444881e-06
160.68999999998908 2.3828344045923604e-06
160.69999999998907 2.382791879978628e-06
160.70999999998907 2.382749315603687e-06
160.71999999998906 2.382706711467536e-06
160.72999999998905 2.3826640675701746e-06
160.73999999998904 2.382621383911604e-06
160.74999999998903 2.3825786604918245e-06
160.75999999998902 2.3825358973108354e-06
160.769999999989 2.382493094368637e-06
160.779999999989 2.3824502516652276e-06
160.789999999989 2.382407369200609e-06
160.79999999998898 2.3823644469747797e-06
160.80999999998897 2.382321484987742e-06
160.81999999998897 2.3822784832394944e-06
160.82999999998896 2.382235441730037e-06
160.83999999998895 2.382192360459371e-06
160.84999999998894 2.382149239427495e-06
160.85999999998893 2.382106078634407e-06
160.86999999998892 2.382062878080112e-06
160.8799999999889 2.3820196377646054e-06
160.8899999999889 2.381976357687891e-06
160.8999999999889 2.381933037849967e-06
160.90999999998888 2.3818896782508328e-06
160.91999999998887 2.3818462788904884e-06
160.92999999998887 2.3818028397689353e-06
160.93999999998886 2.3817593608861707e-06
160.94999999998885 2.381715842242198e-06
160.95999999998884 2.3816722838370138e-06
160.96999999998883 2.3816286856706214e-06
160.97999999998882 2.3815850477430205e-06
160.9899999999888 2.381541370054209e-06
160.9999999999888 2.3814976526041873e-06
161.0099999999888 2.381453895392957e-06
161.01999999998878 2.381410098420515e-06
161.02999999998877 2.3813662616868646e-06
161.03999999998877 2.3813223851920048e-06
161.04999999998876 2.3812784689359365e-06
161.05999999998875 2.381234512918655e-06
161.06999999998874 2.3811905171401666e-06
161.07999999998873 2.381146481600467e-06
161.08999999998872 2.38110240629956e-06
161.0999999999887 2.381058291237441e-06
161.1099999999887 2.381014136414114e-06
161.1199999999887 2.380969941829577e-06
161.12999999998868 2.38092570748383e-06
161.13999999998867 2.3808814333768736e-06
161.14999999998867 2.380837119508707e-06
161.15999999998866 2.38079276587933e-06
161.16999999998865 2.3807483724887453e-06
161.17999999998864 2.380703939336949e-06
161.18999999998863 2.3806594664239456e-06
161.19999999998862 2.38061495374973e-06
161.2099999999886 2.380570401314306e-06
161.2199999999886 2.3805258091176713e-06
161.2299999999886 2.380481177159828e-06
161.23999999998858 2.380436505440775e-06
161.24999999998857 2.3803917939605124e-06
161.25999999998857 2.3803470427190404e-06
161.26999999998856 2.380302251716358e-06
161.27999999998855 2.3802574209524644e-06
161.28999999998854 2.3802125504273642e-06
161.29999999998853 2.3801676401410526e-06
161.30999999998852 2.3801226900935317e-06
161.3199999999885 2.3800777002848007e-06
161.3299999999885 2.3800326707148605e-06
161.3399999999885 2.3799876013837113e-06
161.34999999998848 2.379942492291352e-06
161.35999999998847 2.3798973434377814e-06
161.36999999998847 2.3798521548230036e-06
161.37999999998846 2.379806926447015e-06
161.38999999998845 2.379761658309816e-06
161.39999999998844 2.379716350411409e-06
161.40999999998843 2.3796710027517925e-06
161.41999999998842 2.3796256153309636e-06
161.4299999999884 2.379580188148927e-06
161.4399999999884 2.3795347212056807e-06
161.4499999999884 2.379489214501224e-06
161.45999999998838 2.379443668035558e-06
161.46999999998837 2.379398081808683e-06
161.47999999998837 2.3793524558205984e-06
161.48999999998836 2.3793067900713038e-06
161.49999999998835 2.3792610845607994e-06
161.50999999998834 2.3792153392890854e-06
161.51999999998833 2.3791695542561605e-06
161.52999999998832 2.3791237294620283e-06
161.5399999999883 2.379077864906684e-06
161.5499999999883 2.379031960590133e-06
161.5599999999883 2.37898601651237e-06
161.56999999998828 2.378940032673398e-06
161.57999999998827 2.378894009073215e-06
161.58999999998827 2.3788479457118246e-06
161.59999999998826 2.378801842589223e-06
161.60999999998825 2.3787556997054128e-06
161.61999999998824 2.378709517060393e-06
161.62999999998823 2.378663294654163e-06
161.63999999998822 2.378617032486722e-06
161.6499999999882 2.3785707305580743e-06
161.6599999999882 2.3785243888682136e-06
161.6699999999882 2.3784780074171456e-06
161.67999999998818 2.3784315862048663e-06
161.68999999998817 2.3783851252313803e-06
161.69999999998817 2.3783386244966816e-06
161.70999999998816 2.3782920840007744e-06
161.71999999998815 2.378245503743657e-06
161.72999999998814 2.378198883725332e-06
161.73999999998813 2.3781522239457944e-06
161.74999999998812 2.378105524405049e-06
161.7599999999881 2.3780587851030933e-06
161.7699999999881 2.378012006039929e-06
161.7799999999881 2.3779651872155525e-06
161.78999999998808 2.3779183286299686e-06
161.79999999998807 2.3778714302831738e-06
161.80999999998807 2.3778244921751705e-06
161.81999999998806 2.3777775143059562e-06
161.82999999998805 2.3777304966755327e-06
161.83999999998804 2.3776834392839003e-06
161.84999999998803 2.3776363421310583e-06
161.85999999998802 2.377589205217006e-06
161.869999999988 2.377542028541744e-06
161.879999999988 2.3774948121052717e-06
161.889999999988 2.3774475559075913e-06
161.89999999998798 2.377400259948701e-06
161.90999999998797 2.3773529242286004e-06
161.91999999998797 2.3773055487472888e-06
161.92999999998796 2.37725813350477e-06
161.93999999998795 2.3772106785010397e-06
161.94999999998794 2.3771631837361007e-06
161.95999999998793 2.3771156492099515e-06
161.96999999998792 2.3770680749225935e-06
161.9799999999879 2.3770204608740266e-06
161.9899999999879 2.376972807064248e-06
161.9999999999879 2.3769251134932603e-06
162.00999999998788 2.376877380161064e-06
162.01999999998787 2.376829607067656e-06
162.02999999998787 2.3767817942130403e-06
162.03999999998786 2.3767339415972127e-06
162.04999999998785 2.37668604922018e-06
162.05999999998784 2.3766381170819326e-06
162.06999999998783 2.3765901451824792e-06
162.07999999998782 2.3765421335218124e-06
162.0899999999878 2.376494082099939e-06
162.0999999999878 2.3764459909168543e-06
162.1099999999878 2.3763978599725613e-06
162.11999999998778 2.376349689267058e-06
162.12999999998777 2.376301478800346e-06
162.13999999998777 2.376253228572422e-06
162.14999999998776 2.3762049385832907e-06
162.15999999998775 2.376156608832947e-06
162.16999999998774 2.3761082393213964e-06
162.17999999998773 2.376059830048634e-06
162.18999999998772 2.3760113810146654e-06
162.1999999999877 2.3759628922194826e-06
162.2099999999877 2.3759143636630935e-06
162.2199999999877 2.3758657953454926e-06
162.22999999998768 2.3758171872666828e-06
162.23999999998767 2.3757685394266633e-06
162.24999999998766 2.3757198518254345e-06
162.25999999998766 2.3756711244629965e-06
162.26999999998765 2.375622357339349e-06
162.27999999998764 2.37557355045449e-06
162.28999999998763 2.375524703808423e-06
162.29999999998762 2.3754758174011444e-06
162.3099999999876 2.3754268912326588e-06
162.3199999999876 2.375377925302961e-06
162.3299999999876 2.3753289196120553e-06
162.33999999998758 2.3752798741599397e-06
162.34999999998757 2.3752307889466144e-06
162.35999999998756 2.375181663972078e-06
162.36999999998756 2.375132499236334e-06
162.37999999998755 2.3750832947393785e-06
162.38999999998754 2.375034050481215e-06
162.39999999998753 2.374984766461842e-06
162.40999999998752 2.374935442681259e-06
162.4199999999875 2.3748860791394647e-06
162.4299999999875 2.3748366758364623e-06
162.4399999999875 2.374787232772249e-06
162.44999999998748 2.3747377499468265e-06
162.45999999998747 2.3746882273601945e-06
162.46999999998746 2.3746386650123536e-06
162.47999999998746 2.374589062903303e-06
162.48999999998745 2.374539421033043e-06
162.49999999998744 2.3744897394015716e-06
162.50999999998743 2.3744400180088915e-06
162.51999999998742 2.374390256855001e-06
162.5299999999874 2.3743404559399022e-06
162.5399999999874 2.3742906152635922e-06
162.5499999999874 2.3742407348260746e-06
162.55999999998738 2.3741908146273465e-06
162.56999999998737 2.3741408546674074e-06
162.57999999998736 2.3740908549462594e-06
162.58999999998736 2.3740408154639026e-06
162.59999999998735 2.373990736220335e-06
162.60999999998734 2.373940617215559e-06
162.61999999998733 2.373890458449573e-06
162.62999999998732 2.373840259922377e-06
162.6399999999873 2.373790021633971e-06
162.6499999999873 2.373739743584355e-06
162.6599999999873 2.3736894257735303e-06
162.66999999998728 2.373639068201496e-06
162.67999999998727 2.3735886708682505e-06
162.68999999998726 2.373538233773798e-06
162.69999999998726 2.3734877569181336e-06
162.70999999998725 2.373437240301261e-06
162.71999999998724 2.373386683923177e-06
162.72999999998723 2.373336087783884e-06
162.73999999998722 2.3732854518833817e-06
162.7499999999872 2.37323477622167e-06
162.7599999999872 2.373184060798749e-06
162.7699999999872 2.373133305614618e-06
162.77999999998718 2.373082510669277e-06
162.78999999998717 2.373031675962726e-06
162.79999999998716 2.372980801494966e-06
162.80999999998716 2.3729298872659957e-06
162.81999999998715 2.3728789332758146e-06
162.82999999998714 2.3728279395244262e-06
162.83999999998713 2.3727769060118287e-06
162.84999999998712 2.3727258327380205e-06
162.8599999999871 2.372674719703e-06
162.8699999999871 2.372623566906773e-06
162.8799999999871 2.3725723743493353e-06
162.88999999998708 2.3725211420306893e-06
162.89999999998707 2.372469869950832e-06
162.90999999998706 2.372418558109766e-06
162.91999999998706 2.3723672065074886e-06
162.92999999998705 2.3723158151440032e-06
162.93999999998704 2.3722643840193074e-06
162.94999999998703 2.3722129131334023e-06
162.95999999998702 2.372161402486287e-06
162.969999999987 2.372109852077963e-06
162.979999999987 2.3720582619084295e-06
162.989999999987 2.372006631977686e-06
162.99999999998698 2.3719549622857307e-06
163.00999999998697 2.3719032528325686e-06
163.01999999998696 2.3718515036181956e-06
163.02999999998696 2.3717997146426137e-06
163.03999999998695 2.3717478859058205e-06
163.04999999998694 2.37169601740782e-06
163.05999999998693 2.371644109148608e-06
163.06999999998692 2.371592161128187e-06
163.0799999999869 2.3715401733465555e-06
163.0899999999869 2.3714881458037154e-06
163.0999999999869 2.3714360784996657e-06
163.10999999998688 2.3713839714344053e-06
163.11999999998687 2.3713318246079366e-06
163.12999999998686 2.371279638020258e-06
163.13999999998686 2.3712274116713688e-06
163.14999999998685 2.371175145561271e-06
163.15999999998684 2.371122839689962e-06
163.16999999998683 2.3710704940574445e-06
163.17999999998682 2.371018108663717e-06
163.1899999999868 2.370965683508781e-06
163.1999999999868 2.3709132185926333e-06
163.2099999999868 2.3708607139152777e-06
163.21999999998678 2.3708081694767107e-06
163.22999999998677 2.3707555852769357e-06
163.23999999998676 2.3707029613159493e-06
163.24999999998676 2.3706502975937553e-06
163.25999999998675 2.370597594110351e-06
163.26999999998674 2.3705448508657374e-06
163.27999999998673 2.370492067859912e-06
163.28999999998672 2.3704392450928794e-06
163.2999999999867 2.3703863825646357e-06
163.3099999999867 2.3703334802751823e-06
163.3199999999867 2.370280538224519e-06
163.32999999998668 2.3702275564126475e-06
163.33999999998667 2.370174534839566e-06
163.34999999998666 2.3701214735052753e-06
163.35999999998666 2.370068372409773e-06
163.36999999998665 2.3700152315530617e-06
163.37999999998664 2.369962050935141e-06
163.38999999998663 2.369908830556011e-06
163.39999999998662 2.369855570415671e-06
163.4099999999866 2.3698022705141225e-06
163.4199999999866 2.369748930851362e-06
163.4299999999866 2.369695551427394e-06
163.43999999998658 2.369642132242215e-06
163.44999999998657 2.369588673295827e-06
163.45999999998656 2.3695351745882282e-06
163.46999999998656 2.3694816361194217e-06
163.47999999998655 2.3694280578894047e-06
163.48999999998654 2.3693744398981775e-06
163.49999999998653 2.3693207821457415e-06
163.50999999998652 2.369267084632095e-06
163.5199999999865 2.369213347357238e-06
163.5299999999865 2.369159570321174e-06
163.5399999999865 2.3691057535238983e-06
163.54999999998648 2.369051896965415e-06
163.55999999998647 2.3689980006457195e-06
163.56999999998646 2.3689440645648156e-06
163.57999999998646 2.3688900887227016e-06
163.58999999998645 2.3688360731193787e-06
163.59999999998644 2.368782017754845e-06
163.60999999998643 2.3687279226291025e-06
163.61999999998642 2.3686737877421505e-06
163.6299999999864 2.3686196130939884e-06
163.6399999999864 2.368565398684616e-06
163.6499999999864 2.368511144514035e-06
163.65999999998638 2.368456850582243e-06
163.66999999998637 2.368402516889243e-06
163.67999999998636 2.3683481434350316e-06
163.68999999998636 2.3682937302196134e-06
163.69999999998635 2.3682392772429825e-06
163.70999999998634 2.3681847845051437e-06
163.71999999998633 2.3681302520060947e-06
163.72999999998632 2.3680756797458364e-06
163.7399999999863 2.3680210677243664e-06
163.7499999999863 2.367966415941689e-06
163.7599999999863 2.3679117243978027e-06
163.76999999998628 2.367856993092705e-06
163.77999999998627 2.367802222026398e-06
163.78999999998626 2.3677474111988816e-06
163.79999999998626 2.367692560610154e-06
163.80999999998625 2.3676376702602187e-06
163.81999999998624 2.367582740149072e-06
163.82999999998623 2.367527770276717e-06
163.83999999998622 2.367472760643153e-06
163.8499999999862 2.3674177112483792e-06
163.8599999999862 2.367362622092395e-06
163.8699999999862 2.3673074931751996e-06
163.87999999998618 2.3672523244967963e-06
163.88999999998617 2.3671971160571824e-06
163.89999999998616 2.3671418678563606e-06
163.90999999998616 2.3670865798943273e-06
163.91999999998615 2.367031252171086e-06
163.92999999998614 2.3669758846866347e-06
163.93999999998613 2.366920477440973e-06
163.94999999998612 2.3668650304341e-06
163.9599999999861 2.36680954366602e-06
163.9699999999861 2.36675401713673e-06
163.9799999999861 2.3666984508462298e-06
163.98999999998608 2.366642844794519e-06
163.99999999998607 2.3665871989816005e-06
164.00999999998606 2.366531513407472e-06
164.01999999998606 2.3664757880721333e-06
164.02999999998605 2.3664200229755824e-06
164.03999999998604 2.3663642181178247e-06
164.04999999998603 2.3663083734988582e-06
164.05999999998602 2.366252489118681e-06
164.069999999986 2.3661965649772928e-06
164.079999999986 2.366140601074696e-06
164.089999999986 2.3660845974108906e-06
164.09999999998598 2.366028553985875e-06
164.10999999998597 2.365972470799649e-06
164.11999999998596 2.365916347852213e-06
164.12999999998596 2.3658601851435687e-06
164.13999999998595 2.365803982673715e-06
164.14999999998594 2.3657477404426476e-06
164.15999999998593 2.3656914584503736e-06
164.16999999998592 2.3656351366968915e-06
164.1799999999859 2.365578775182198e-06
164.1899999999859 2.3655223739062937e-06
164.1999999999859 2.3654659328691813e-06
164.20999999998588 2.3654094520708605e-06
164.21999999998587 2.3653529315113287e-06
164.22999999998586 2.365296371190585e-06
164.23999999998586 2.365239771108634e-06
164.24999999998585 2.365183131265473e-06
164.25999999998584 2.365126451661103e-06
164.26999999998583 2.3650697322955217e-06
164.27999999998582 2.3650129731687317e-06
164.2899999999858 2.3649561742807324e-06
164.2999999999858 2.3648993356315247e-06
164.3099999999858 2.364842457221103e-06
164.31999999998578 2.3647855390494747e-06
164.32999999998577 2.3647285811166375e-06
164.33999999998576 2.3646715834225914e-06
164.34999999998576 2.364614545967331e-06
164.35999999998575 2.3645574687508647e-06
164.36999999998574 2.3645003517731874e-06
164.37999999998573 2.364443195034302e-06
164.38999999998572 2.3643859985342038e-06
164.3999999999857 2.3643287622729e-06
164.4099999999857 2.3642714862503843e-06
164.4199999999857 2.3642141704666594e-06
164.42999999998568 2.3641568149217235e-06
164.43999999998567 2.3640994196155787e-06
164.44999999998566 2.364041984548225e-06
164.45999999998565 2.363984509719661e-06
164.46999999998565 2.363926995129887e-06
164.47999999998564 2.3638694407789044e-06
164.48999999998563 2.3638118466667125e-06
164.49999999998562 2.36375421279331e-06
164.5099999999856 2.363696539158695e-06
164.5199999999856 2.3636388257628737e-06
164.5299999999856 2.3635810726058438e-06
164.53999999998558 2.363523279687603e-06
164.54999999998557 2.3634654470081506e-06
164.55999999998556 2.3634075745674903e-06
164.56999999998555 2.363349662365621e-06
164.57999999998555 2.363291710402541e-06
164.58999999998554 2.3632337186782504e-06
164.59999999998553 2.3631756871927518e-06
164.60999999998552 2.3631176159460434e-06
164.6199999999855 2.363059504938125e-06
164.6299999999855 2.363001354168997e-06
164.6399999999855 2.362943163638658e-06
164.64999999998548 2.362884933347112e-06
164.65999999998547 2.3628266632943557e-06
164.66999999998546 2.3627683534803866e-06
164.67999999998545 2.3627100039052104e-06
164.68999999998545 2.362651614568827e-06
164.69999999998544 2.3625931854712317e-06
164.70999999998543 2.362534716612424e-06
164.71999999998542 2.3624762079924097e-06
164.7299999999854 2.3624176596111853e-06
164.7399999999854 2.3623590714687505e-06
164.7499999999854 2.3623004435651063e-06
164.75999999998538 2.362241775900253e-06
164.76999999998537 2.3621830684741902e-06
164.77999999998536 2.362124321286918e-06
164.78999999998535 2.362065534338433e-06
164.79999999998535 2.362006707628741e-06
164.80999999998534 2.3619478411578395e-06
164.81999999998533 2.3618889349257283e-06
164.82999999998532 2.361829988932406e-06
164.8399999999853 2.361771003177876e-06
164.8499999999853 2.3617119776621357e-06
164.8599999999853 2.3616529123851857e-06
164.86999999998528 2.361593807347023e-06
164.87999999998527 2.3615346625476537e-06
164.88999999998526 2.3614754779870763e-06
164.89999999998525 2.3614162536652876e-06
164.90999999998525 2.361356989582288e-06
164.91999999998524 2.36129768573808e-06
164.92999999998523 2.361238342132663e-06
164.93999999998522 2.361178958766036e-06
164.9499999999852 2.3611195356381965e-06
164.9599999999852 2.36106007274915e-06
164.9699999999852 2.3610005700988933e-06
164.97999999998518 2.360941027687429e-06
164.98999999998517 2.3608814455147513e-06
164.99999999998516 2.3608218235808672e-06
165.00999999998515 2.3607621618857718e-06
165.01999999998515 2.3607024604294674e-06
165.02999999998514 2.3606427192119513e-06
165.03999999998513 2.360582938233227e-06
165.04999999998512 2.3605231174932946e-06
165.0599999999851 2.3604632569921524e-06
165.0699999999851 2.3604033567297966e-06
165.0799999999851 2.3603434167062345e-06
165.08999999998508 2.3602834369214627e-06
165.09999999998507 2.3602234173754804e-06
165.10999999998506 2.360163358068288e-06
165.11999999998505 2.3601032589998866e-06
165.12999999998505 2.3600431201702765e-06
165.13999999998504 2.359982941579456e-06
165.14999999998503 2.3599227232274233e-06
165.15999999998502 2.3598624651141844e-06
165.169999999985 2.359802167239735e-06
165.179999999985 2.359741829604076e-06
165.189999999985 2.3596814522072064e-06
165.19999999998498 2.3596210350491275e-06
165.20999999998497 2.3595605781298393e-06
165.21999999998496 2.3595000814493415e-06
165.22999999998495 2.3594395450076326e-06
165.23999999998495 2.3593789688047158e-06
165.24999999998494 2.359318352840589e-06
165.25999999998493 2.3592576971152526e-06
165.26999999998492 2.359197001628706e-06
165.2799999999849 2.3591362663809497e-06
165.2899999999849 2.359075491371984e-06
165.2999999999849 2.3590146766018106e-06
165.30999999998488 2.3589538220704217e-06
165.31999999998487 2.358892927777828e-06
165.32999999998486 2.3588319937240252e-06
165.33999999998485 2.3587710199090122e-06
165.34999999998485 2.3587100063327866e-06
165.35999999998484 2.3586489529953538e-06
165.36999999998483 2.3585878598967113e-06
165.37999999998482 2.358526727036859e-06
165.3899999999848 2.358465554415795e-06
165.3999999999848 2.3584043420335247e-06
165.4099999999848 2.358343089890044e-06
165.41999999998478 2.3582817979853524e-06
165.42999999998477 2.3582204663194496e-06
165.43999999998476 2.3581590948923405e-06
165.44999999998475 2.3580976837040196e-06
165.45999999998475 2.3580362327544906e-06
165.46999999998474 2.35797474204375e-06
165.47999999998473 2.3579132115718015e-06
165.48999999998472 2.3578516413386426e-06
165.4999999999847 2.3577900313442753e-06
165.5099999999847 2.3577283815886945e-06
165.5199999999847 2.357666692071907e-06
165.52999999998468 2.3576049627939105e-06
165.53999999998467 2.3575431937547036e-06
165.54999999998466 2.3574813849542856e-06
165.55999999998465 2.35741953639266e-06
165.56999999998465 2.357357648069824e-06
165.57999999998464 2.3572957199857787e-06
165.58999999998463 2.3572337521405203e-06
165.59999999998462 2.357171744534057e-06
165.6099999999846 2.357109697166382e-06
165.6199999999846 2.3570476100374987e-06
165.6299999999846 2.356985483147403e-06
165.63999999998458 2.3569233164961005e-06
165.64999999998457 2.356861110083587e-06
165.65999999998456 2.356798863909864e-06
165.66999999998455 2.3567365779749297e-06
165.67999999998455 2.3566742522787874e-06
165.68999999998454 2.3566118868214375e-06
165.69999999998453 2.356549481602876e-06
165.70999999998452 2.356487036623103e-06
165.7199999999845 2.356424551882122e-06
165.7299999999845 2.356362027379932e-06
165.7399999999845 2.3562994631165315e-06
165.74999999998448 2.356236859091921e-06
165.75999999998447 2.3561742153061018e-06
165.76999999998446 2.3561115317590726e-06
165.77999999998445 2.3560488084508337e-06
165.78999999998445 2.3559860453813834e-06
165.79999999998444 2.355923242550725e-06
165.80999999998443 2.355860399958858e-06
165.81999999998442 2.3557975176057808e-06
165.8299999999844 2.3557345954914925e-06
165.8399999999844 2.355671633615996e-06
165.8499999999844 2.3556086319792895e-06
165.85999999998438 2.3555455905813743e-06
165.86999999998437 2.3554825094222465e-06
165.87999999998436 2.355419388501911e-06
165.88999999998435 2.3553562278203663e-06
165.89999999998435 2.355293027377612e-06
165.90999999998434 2.355229787173646e-06
165.91999999998433 2.3551665072084727e-06
165.92999999998432 2.3551031874820887e-06
165.9399999999843 2.3550398279944955e-06
165.9499999999843 2.3549764287456896e-06
165.9599999999843 2.354912989735678e-06
165.96999999998428 2.354849510964456e-06
165.97999999998427 2.3547859924320244e-06
165.98999999998426 2.354722434138381e-06
165.99999999998425 2.3546588360835304e-06
166.00999999998425 2.35459519826747e-06
166.01999999998424 2.3545315206901998e-06
166.02999999998423 2.354467803351716e-06
166.03999999998422 2.354404046252027e-06
166.0499999999842 2.3543402493911283e-06
166.0599999999842 2.3542764127690196e-06
166.0699999999842 2.3542125363856986e-06
166.07999999998418 2.35414862024117e-06
166.08999999998417 2.354084664335432e-06
166.09999999998416 2.354020668668484e-06
166.10999999998415 2.3539566332403256e-06
166.11999999998415 2.353892558050959e-06
166.12999999998414 2.3538284431003816e-06
166.13999999998413 2.3537642883885966e-06
166.14999999998412 2.3537000939155975e-06
166.1599999999841 2.353635859681392e-06
166.1699999999841 2.353571585685976e-06
166.1799999999841 2.3535072719293512e-06
166.18999999998408 2.3534429184115155e-06
166.19999999998407 2.353378525132471e-06
166.20999999998406 2.353314092092217e-06
166.21999999998405 2.353249619290754e-06
166.22999999998405 2.353185106728078e-06
166.23999999998404 2.3531205544041954e-06
166.24999999998403 2.3530559623191024e-06
166.25999999998402 2.3529913304727997e-06
166.269999999984 2.3529266588652864e-06
166.279999999984 2.3528619474965655e-06
166.289999999984 2.3527971963666337e-06
166.29999999998398 2.3527324054754926e-06
166.30999999998397 2.3526675748231405e-06
166.31999999998396 2.35260270440958e-06
166.32999999998395 2.35253779423481e-06
166.33999999998395 2.352472844298833e-06
166.34999999998394 2.3524078546016403e-06
166.35999999998393 2.352342825143241e-06
166.36999999998392 2.352277755923632e-06
166.3799999999839 2.352212646942814e-06
166.3899999999839 2.352147498200784e-06
166.3999999999839 2.3520823096975473e-06
166.40999999998388 2.352017081433101e-06
166.41999999998387 2.351951813407444e-06
166.42999999998386 2.351886505620575e-06
166.43999999998385 2.3518211580724988e-06
166.44999999998385 2.3517557707632135e-06
166.45999999998384 2.3516903436927168e-06
166.46999999998383 2.351624876861011e-06
166.47999999998382 2.351559370268096e-06
166.4899999999838 2.3514938239139723e-06
166.4999999999838 2.3514282377986376e-06
166.5099999999838 2.351362611922091e-06
166.51999999998378 2.3512969462843383e-06
166.52999999998377 2.3512312408853746e-06
166.53999999998376 2.3511654957252024e-06
166.54999999998375 2.3510997108038193e-06
166.55999999998375 2.3510338861212264e-06
166.56999999998374 2.3509680216774247e-06
166.57999999998373 2.350902117472414e-06
166.58999999998372 2.3508361735061897e-06
166.5999999999837 2.3507701897787593e-06
166.6099999999837 2.350704166290118e-06
166.6199999999837 2.350638103040269e-06
166.62999999998368 2.350572000029208e-06
166.63999999998367 2.3505058572569383e-06
166.64999999998366 2.3504396747234603e-06
166.65999999998365 2.350373452428771e-06
166.66999999998365 2.35030719037287e-06
166.67999999998364 2.3502408885557617e-06
166.68999999998363 2.3501745469774453e-06
166.69999999998362 2.350108165637918e-06
166.7099999999836 2.3500417445371787e-06
166.7199999999836 2.3499752836752324e-06
166.7299999999836 2.349908783052076e-06
166.73999999998358 2.3498422426677106e-06
166.74999999998357 2.349775662522133e-06
166.75999999998356 2.349709042615348e-06
166.76999999998355 2.3496423829473535e-06
166.77999999998354 2.3495756835181486e-06
166.78999999998354 2.349508944327732e-06
166.79999999998353 2.349442165376108e-06
166.80999999998352 2.3493753466632743e-06
166.8199999999835 2.349308488189231e-06
166.8299999999835 2.3492415899539767e-06
166.8399999999835 2.349174651957514e-06
166.84999999998348 2.3491076741998424e-06
166.85999999998347 2.34904065668096e-06
166.86999999998346 2.348973599400866e-06
166.87999999998345 2.348906502359565e-06
166.88999999998344 2.348839365557054e-06
166.89999999998344 2.3487721889933335e-06
166.90999999998343 2.348704972668402e-06
166.91999999998342 2.348637716582262e-06
166.9299999999834 2.348570420734912e-06
166.9399999999834 2.3485030851263533e-06
166.9499999999834 2.348435709756582e-06
166.95999999998338 2.3483682946256035e-06
166.96999999998337 2.3483008397334156e-06
166.97999999998336 2.348233345080017e-06
166.98999999998335 2.3481658106654093e-06
166.99999999998334 2.348098236489592e-06
167.00999999998334 2.3480306225525646e-06
167.01999999998333 2.347962968854329e-06
167.02999999998332 2.3478952753948803e-06
167.0399999999833 2.3478275421742245e-06
167.0499999999833 2.3477597691923606e-06
167.0599999999833 2.3476919564492854e-06
167.06999999998328 2.3476241039449983e-06
167.07999999998327 2.3475562116795032e-06
167.08999999998326 2.3474882796528e-06
167.09999999998325 2.347420307864886e-06
167.10999999998324 2.347352296315761e-06
167.11999999998324 2.347284245005428e-06
167.12999999998323 2.347216153933885e-06
167.13999999998322 2.3471480231011334e-06
167.1499999999832 2.3470798525071683e-06
167.1599999999832 2.347011642151997e-06
167.1699999999832 2.346943392035615e-06
167.17999999998318 2.346875102158025e-06
167.18999999998317 2.346806772519223e-06
167.19999999998316 2.3467384031192123e-06
167.20999999998315 2.346669993957992e-06
167.21999999998314 2.3466015450355624e-06
167.22999999998314 2.3465330563519205e-06
167.23999999998313 2.346464527907072e-06
167.24999999998312 2.346395959701013e-06
167.2599999999831 2.346327351733745e-06
167.2699999999831 2.3462587040052656e-06
167.2799999999831 2.346190016515579e-06
167.28999999998308 2.346121289264681e-06
167.29999999998307 2.3460525222525736e-06
167.30999999998306 2.3459837154792546e-06
167.31999999998305 2.345914868944729e-06
167.32999999998304 2.345845982648993e-06
167.33999999998304 2.3457770565920483e-06
167.34999999998303 2.345708090773891e-06
167.35999999998302 2.3456390851945265e-06
167.369999999983 2.3455700398539514e-06
167.379999999983 2.345500954752167e-06
167.389999999983 2.345431829889171e-06
167.39999999998298 2.345362665264969e-06
167.40999999998297 2.3452934608795554e-06
167.41999999998296 2.3452242167329323e-06
167.42999999998295 2.3451549328250978e-06
167.43999999998294 2.3450856091560557e-06
167.44999999998294 2.345016245725804e-06
167.45999999998293 2.344946842534342e-06
167.46999999998292 2.34487739958167e-06
167.4799999999829 2.344807916867789e-06
167.4899999999829 2.3447383943926984e-06
167.4999999999829 2.3446688321563985e-06
167.50999999998288 2.3445992301588855e-06
167.51999999998287 2.3445295884001662e-06
167.52999999998286 2.3444599068802373e-06
167.53999999998285 2.344390185599099e-06
167.54999999998284 2.3443204245567494e-06
167.55999999998284 2.3442506237531905e-06
167.56999999998283 2.344180783188423e-06
167.57999999998282 2.3441109028624452e-06
167.5899999999828 2.344040982775256e-06
167.5999999999828 2.343971022926859e-06
167.6099999999828 2.343901023317252e-06
167.61999999998278 2.3438309839464375e-06
167.62999999998277 2.3437609048144094e-06
167.63999999998276 2.343690785921175e-06
167.64999999998275 2.3436206272667293e-06
167.65999999998274 2.343550428851074e-06
167.66999999998274 2.3434801906742078e-06
167.67999999998273 2.3434099127361337e-06
167.68999999998272 2.3433395950368513e-06
167.6999999999827 2.3432692375763583e-06
167.7099999999827 2.343198840354653e-06
167.7199999999827 2.3431284033717398e-06
167.72999999998268 2.3430579266276177e-06
167.73999999998267 2.3429874101222854e-06
167.74999999998266 2.342916853855743e-06
167.75999999998265 2.3428462578279915e-06
167.76999999998264 2.342775622039031e-06
167.77999999998264 2.3427049464888595e-06
167.78999999998263 2.342634231177477e-06
167.79999999998262 2.342563476104888e-06
167.8099999999826 2.3424926812710874e-06
167.8199999999826 2.342421846676079e-06
167.8299999999826 2.342350972319858e-06
167.83999999998258 2.3422800582024293e-06
167.84999999998257 2.3422091043237917e-06
167.85999999998256 2.342138110683944e-06
167.86999999998255 2.342067077282884e-06
167.87999999998254 2.341996004120616e-06
167.88999999998254 2.3419248911971395e-06
167.89999999998253 2.341853738512453e-06
167.90999999998252 2.3417825460665554e-06
167.9199999999825 2.34171131385945e-06
167.9299999999825 2.341640041891134e-06
167.9399999999825 2.3415687301616092e-06
167.94999999998248 2.341497378670871e-06
167.95999999998247 2.3414259874189273e-06
167.96999999998246 2.3413545564057733e-06
167.97999999998245 2.341283085631409e-06
167.98999999998244 2.341211575095835e-06
167.99999999998244 2.3411400247990513e-06
168.00999999998243 2.3410684347410585e-06
168.01999999998242 2.340996804921856e-06
168.0299999999824 2.3409251353414412e-06
168.0399999999824 2.34085342599982e-06
168.0499999999824 2.3407816768969894e-06
168.05999999998238 2.3407098880329485e-06
168.06999999998237 2.340638059407695e-06
168.07999999998236 2.340566191021235e-06
168.08999999998235 2.3404942828735642e-06
168.09999999998234 2.340422334964685e-06
168.10999999998234 2.340350347294594e-06
168.11999999998233 2.3402783198632944e-06
168.12999999998232 2.3402062526707864e-06
168.1399999999823 2.340134145717069e-06
168.1499999999823 2.3400619990021372e-06
168.1599999999823 2.3399898125259993e-06
168.16999999998228 2.339917586288652e-06
168.17999999998227 2.339845320290095e-06
168.18999999998226 2.339773014530327e-06
168.19999999998225 2.339700669009351e-06
168.20999999998224 2.339628283727165e-06
168.21999999998224 2.3395558586837692e-06
168.22999999998223 2.339483393879161e-06
168.23999999998222 2.3394108893133467e-06
168.2499999999822 2.3393383449863215e-06
168.2599999999822 2.3392657608980875e-06
168.2699999999822 2.3391931370486425e-06
168.27999999998218 2.339120473437989e-06
168.28999999998217 2.339047770066126e-06
168.29999999998216 2.3389750269330523e-06
168.30999999998215 2.3389022440387677e-06
168.31999999998214 2.3388294213832746e-06
168.32999999998214 2.3387565589665727e-06
168.33999999998213 2.338683656788663e-06
168.34999999998212 2.33861071484954e-06
168.3599999999821 2.3385377331492084e-06
168.3699999999821 2.3384647116876676e-06
168.3799999999821 2.3383916504649172e-06
168.38999999998208 2.338318549480955e-06
168.39999999998207 2.3382454087357865e-06
168.40999999998206 2.338172228229408e-06
168.41999999998205 2.338099007961818e-06
168.42999999998204 2.3380257479330184e-06
168.43999999998204 2.337952448143009e-06
168.44999999998203 2.3378791085917924e-06
168.45999999998202 2.337805729279364e-06
168.469999999982 2.3377323102057254e-06
168.479999999982 2.3376588513708793e-06
168.489999999982 2.337585352774822e-06
168.49999999998198 2.3375118144175563e-06
168.50999999998197 2.337438236299078e-06
168.51999999998196 2.3373646184193923e-06
168.52999999998195 2.3372909607784973e-06
168.53999999998194 2.3372172633763925e-06
168.54999999998194 2.3371435262130764e-06
168.55999999998193 2.3370697492885522e-06
168.56999999998192 2.3369959326028197e-06
168.5799999999819 2.3369220761558757e-06
168.5899999999819 2.3368481799477204e-06
168.5999999999819 2.336774243978357e-06
168.60999999998188 2.336700268247784e-06
168.61999999998187 2.3366262527560025e-06
168.62999999998186 2.336552197503009e-06
168.63999999998185 2.336478102488808e-06
168.64999999998184 2.3364039677133973e-06
168.65999999998184 2.3363297931767766e-06
168.66999999998183 2.3362555788789436e-06
168.67999999998182 2.336181324819904e-06
168.6899999999818 2.3361070309996554e-06
168.6999999999818 2.336032697418196e-06
168.7099999999818 2.3359583240755246e-06
168.71999999998178 2.3358839109716457e-06
168.72999999998177 2.3358094581065567e-06
168.73999999998176 2.3357349654802592e-06
168.74999999998175 2.335660433092751e-06
168.75999999998174 2.3355858609440327e-06
168.76999999998174 2.3355112490341066e-06
168.77999999998173 2.33543659736297e-06
168.78999999998172 2.33536190593062e-06
168.7999999999817 2.335287174737065e-06
168.8099999999817 2.3352124037822988e-06
168.8199999999817 2.3351375930663233e-06
168.82999999998168 2.3350627425891377e-06
168.83999999998167 2.3349878523507433e-06
168.84999999998166 2.334912922351139e-06
168.85999999998165 2.334837952590325e-06
168.86999999998164 2.334762943068299e-06
168.87999999998164 2.3346878937850656e-06
168.88999999998163 2.334612804740623e-06
168.89999999998162 2.334537675934971e-06
168.9099999999816 2.3344625073681064e-06
168.9199999999816 2.334387299040035e-06
168.9299999999816 2.334312050950753e-06
168.93999999998158 2.334236763100262e-06
168.94999999998157 2.334161435488559e-06
168.95999999998156 2.334086068115648e-06
168.96999999998155 2.334010660981527e-06
168.97999999998154 2.333935214086198e-06
168.98999999998153 2.333859727429657e-06
168.99999999998153 2.3337842010119078e-06
169.00999999998152 2.3337086348329493e-06
169.0199999999815 2.333633028892781e-06
169.0299999999815 2.3335573831914003e-06
169.0399999999815 2.3334816977288123e-06
169.04999999998148 2.333405972505016e-06
169.05999999998147 2.3333302075200098e-06
169.06999999998146 2.3332544027737893e-06
169.07999999998145 2.3331785582663642e-06
169.08999999998144 2.3331026739977273e-06
169.09999999998143 2.3330267499678807e-06
169.10999999998143 2.332950786176825e-06
169.11999999998142 2.3328747826245597e-06
169.1299999999814 2.3327987393110852e-06
169.1399999999814 2.3327226562364007e-06
169.1499999999814 2.332646533400504e-06
169.15999999998138 2.3325703708033995e-06
169.16999999998137 2.3324941684450876e-06
169.17999999998136 2.3324179263255642e-06
169.18999999998135 2.3323416444448295e-06
169.19999999998134 2.3322653228028876e-06
169.20999999998133 2.3321889613997356e-06
169.21999999998133 2.3321125602353734e-06
169.22999999998132 2.3320361193097995e-06
169.2399999999813 2.331959638623019e-06
169.2499999999813 2.331883118175028e-06
169.2599999999813 2.331806557965828e-06
169.26999999998128 2.3317299579954164e-06
169.27999999998127 2.331653318263797e-06
169.28999999998126 2.331576638770968e-06
169.29999999998125 2.331499919516929e-06
169.30999999998124 2.3314231605016773e-06
169.31999999998123 2.3313463617252194e-06
169.32999999998123 2.331269523187552e-06
169.33999999998122 2.331192644888675e-06
169.3499999999812 2.331115726828585e-06
169.3599999999812 2.331038769007288e-06
169.3699999999812 2.3309617714247817e-06
169.37999999998118 2.330884734081065e-06
169.38999999998117 2.3308076569761373e-06
169.39999999998116 2.3307305401100035e-06
169.40999999998115 2.330653383482657e-06
169.41999999998114 2.3305761870941027e-06
169.42999999998113 2.3304989509443348e-06
169.43999999998113 2.3304216750333614e-06
169.44999999998112 2.3303443593611783e-06
169.4599999999811 2.3302670039277838e-06
169.4699999999811 2.3301896087331796e-06
169.4799999999811 2.330112173777367e-06
169.48999999998108 2.330034699060344e-06
169.49999999998107 2.3299571845821126e-06
169.50999999998106 2.3298796303426675e-06
169.51999999998105 2.3298020363420165e-06
169.52999999998104 2.329724402580155e-06
169.53999999998103 2.3296467290570846e-06
169.54999999998103 2.3295690157728024e-06
169.55999999998102 2.3294912627273126e-06
169.569999999981 2.3294134699206123e-06
169.579999999981 2.329335637352703e-06
169.589999999981 2.3292577650235817e-06
169.59999999998098 2.3291798529332527e-06
169.60999999998097 2.329101901081715e-06
169.61999999998096 2.3290239094689656e-06
169.62999999998095 2.328945878095007e-06
169.63999999998094 2.32886780695984e-06
169.64999999998093 2.3287896960634626e-06
169.65999999998093 2.328711545405876e-06
169.66999999998092 2.3286333549870772e-06
169.6799999999809 2.328555124807071e-06
169.6899999999809 2.3284768548658565e-06
169.6999999999809 2.328398545163431e-06
169.70999999998088 2.328320195699793e-06
169.71999999998087 2.3282418064749486e-06
169.72999999998086 2.3281633774888947e-06
169.73999999998085 2.328084908741631e-06
169.74999999998084 2.328006400233156e-06
169.75999999998083 2.3279278519634726e-06
169.76999999998083 2.3278492639325795e-06
169.77999999998082 2.3277706361404768e-06
169.7899999999808 2.327691968587162e-06
169.7999999999808 2.32761326127264e-06
169.8099999999808 2.3275345141969083e-06
169.81999999998078 2.3274557273599667e-06
169.82999999998077 2.3273769007618147e-06
169.83999999998076 2.327298034402454e-06
169.84999999998075 2.3272191282818844e-06
169.85999999998074 2.3271401824001036e-06
169.86999999998073 2.327061196757112e-06
169.87999999998073 2.326982171352912e-06
169.88999999998072 2.326903106187503e-06
169.8999999999807 2.3268240012608853e-06
169.9099999999807 2.3267448565730552e-06
169.9199999999807 2.326665672124017e-06
169.92999999998068 2.3265864479137698e-06
169.93999999998067 2.3265071839423123e-06
169.94999999998066 2.3264278802096426e-06
169.95999999998065 2.326348536715767e-06
169.96999999998064 2.3262691534606808e-06
169.97999999998063 2.326189730444385e-06
169.98999999998063 2.3261102676668785e-06
169.99999999998062 2.3260307651281632e-06
170.0099999999806 2.325951222828238e-06
170.0199999999806 2.3258716407671036e-06
170.0299999999806 2.3257920189447567e-06
170.03999999998058 2.3257123573612027e-06
170.04999999998057 2.3256326560164406e-06
170.05999999998056 2.325552914910468e-06
170.06999999998055 2.325473134043282e-06
170.07999999998054 2.3253933134148903e-06
170.08999999998053 2.3253134530252873e-06
170.09999999998053 2.3252335528744763e-06
170.10999999998052 2.325153612962453e-06
170.1199999999805 2.3250736332892223e-06
170.1299999999805 2.3249936138547814e-06
170.1399999999805 2.3249135546591308e-06
170.14999999998048 2.3248334557022683e-06
170.15999999998047 2.324753316984199e-06
170.16999999998046 2.324673138504919e-06
170.17999999998045 2.3245929202644296e-06
170.18999999998044 2.3245126622627305e-06
170.19999999998043 2.3244323644998217e-06
170.20999999998043 2.324352026975704e-06
170.21999999998042 2.3242716496903754e-06
170.2299999999804 2.3241912326438353e-06
170.2399999999804 2.324110775836089e-06
170.2499999999804 2.3240302792671325e-06
170.25999999998038 2.323949742936966e-06
170.26999999998037 2.3238691668455884e-06
170.27999999998036 2.323788550993003e-06
170.28999999998035 2.3237078953792076e-06
170.29999999998034 2.3236272000042018e-06
170.30999999998033 2.323546464867985e-06
170.31999999998033 2.3234656899705607e-06
170.32999999998032 2.323384875311927e-06
170.3399999999803 2.3233040208920854e-06
170.3499999999803 2.323223126711029e-06
170.3599999999803 2.3231421927687662e-06
170.36999999998028 2.323061219065293e-06
170.37999999998027 2.322980205600611e-06
170.38999999998026 2.3228991523747165e-06
170.39999999998025 2.3228180593876167e-06
170.40999999998024 2.3227369266393054e-06
170.41999999998023 2.3226557541297845e-06
170.42999999998023 2.322574541859051e-06
170.43999999998022 2.3224932898271115e-06
170.4499999999802 2.322411998033961e-06
170.4599999999802 2.3223306664796018e-06
170.4699999999802 2.322249295164031e-06
170.47999999998018 2.322167884087252e-06
170.48999999998017 2.3220864332492636e-06
170.49999999998016 2.322004942650066e-06
170.50999999998015 2.3219234122896547e-06
170.51999999998014 2.3218418421680377e-06
170.52999999998013 2.3217602322852105e-06
170.53999999998013 2.321678582641173e-06
170.54999999998012 2.321596893235926e-06
170.5599999999801 2.3215151640694695e-06
170.5699999999801 2.3214333951418035e-06
170.5799999999801 2.3213515864529274e-06
170.58999999998008 2.3212697380028403e-06
170.59999999998007 2.3211878497915453e-06
170.60999999998006 2.3211059218190414e-06
170.61999999998005 2.3210239540853277e-06
170.62999999998004 2.320941946590402e-06
170.63999999998003 2.320859899334269e-06
170.64999999998003 2.3207778123169257e-06
170.65999999998002 2.320695685538373e-06
170.66999999998 2.320613518998608e-06
170.67999999998 2.3205313126976355e-06
170.68999999998 2.3204490666354553e-06
170.69999999997998 2.3203667808120637e-06
170.70999999997997 2.3202844552274606e-06
170.71999999997996 2.32020208988165e-06
170.72999999997995 2.320119684774629e-06
170.73999999997994 2.320037239906399e-06
170.74999999997993 2.3199547552769587e-06
170.75999999997993 2.319872230886309e-06
170.76999999997992 2.3197896667344498e-06
170.7799999999799 2.3197070628213814e-06
170.7899999999799 2.3196244191471004e-06
170.7999999999799 2.319541735711612e-06
170.80999999997988 2.3194590125149147e-06
170.81999999997987 2.319376249557007e-06
170.82999999997986 2.319293446837889e-06
170.83999999997985 2.3192106043575628e-06
170.84999999997984 2.319127722116026e-06
170.85999999997983 2.319044800113281e-06
170.86999999997983 2.3189618383493223e-06
170.87999999997982 2.318878836824157e-06
170.8899999999798 2.318795795537782e-06
170.8999999999798 2.3187127144901967e-06
170.9099999999798 2.318629593681402e-06
170.91999999997978 2.318546433111398e-06
170.92999999997977 2.3184632327801838e-06
170.93999999997976 2.3183799926877615e-06
170.94999999997975 2.3182967128341253e-06
170.95999999997974 2.318213393219283e-06
170.96999999997973 2.318130033843231e-06
170.97999999997973 2.318046634705969e-06
170.98999999997972 2.3179631958074965e-06
170.9999999999797 2.3178797171478156e-06
171.0099999999797 2.3177961987269246e-06
171.0199999999797 2.3177126405448234e-06
171.02999999997968 2.3176290426015104e-06
171.03999999997967 2.317545404896991e-06
171.04999999997966 2.3174617274312626e-06
171.05999999997965 2.317378010204324e-06
171.06999999997964 2.317294253216172e-06
171.07999999997963 2.3172104564668137e-06
171.08999999997963 2.317126619956246e-06
171.09999999997962 2.3170427436844676e-06
171.1099999999796 2.3169588276514796e-06
171.1199999999796 2.316874871857282e-06
171.1299999999796 2.3167908763018753e-06
171.13999999997958 2.3167068409852586e-06
171.14999999997957 2.31662276590743e-06
171.15999999997956 2.316538651068394e-06
171.16999999997955 2.3164544964681486e-06
171.17999999997954 2.316370302106694e-06
171.18999999997953 2.3162860679840275e-06
171.19999999997953 2.3162017941001526e-06
171.20999999997952 2.3161174804550693e-06
171.2199999999795 2.316033127048775e-06
171.2299999999795 2.31594873388127e-06
171.2399999999795 2.3158643009525565e-06
171.24999999997948 2.3157798282626336e-06
171.25999999997947 2.3156953158115018e-06
171.26999999997946 2.315610763599159e-06
171.27999999997945 2.3155261716256065e-06
171.28999999997944 2.3154415398908448e-06
171.29999999997943 2.3153568683948738e-06
171.30999999997942 2.3152721571376918e-06
171.31999999997942 2.315187406119301e-06
171.3299999999794 2.3151026153397004e-06
171.3399999999794 2.3150177847988922e-06
171.3499999999794 2.31493291449687e-06
171.35999999997938 2.314848004433641e-06
171.36999999997937 2.314763054609203e-06
171.37999999997936 2.3146780650235556e-06
171.38999999997935 2.3145930356766943e-06
171.39999999997934 2.3145079665686275e-06
171.40999999997933 2.3144228576993502e-06
171.41999999997932 2.3143377090688637e-06
171.42999999997932 2.3142525206771645e-06
171.4399999999793 2.314167292524258e-06
171.4499999999793 2.314082024610142e-06
171.4599999999793 2.3139967169348166e-06
171.46999999997928 2.3139113694982807e-06
171.47999999997927 2.3138259823005347e-06
171.48999999997926 2.3137405553415802e-06
171.49999999997925 2.3136550886214165e-06
171.50999999997924 2.3135695821400405e-06
171.51999999997923 2.3134840358974557e-06
171.52999999997922 2.3133984498936633e-06
171.53999999997922 2.3133128241286604e-06
171.5499999999792 2.3132271586024464e-06
171.5599999999792 2.313141453315024e-06
171.5699999999792 2.3130557082663925e-06
171.57999999997918 2.3129699234565507e-06
171.58999999997917 2.312884098885497e-06
171.59999999997916 2.3127982345532365e-06
171.60999999997915 2.3127123304597665e-06
171.61999999997914 2.312626386605086e-06
171.62999999997913 2.312540402989195e-06
171.63999999997912 2.3124543796120953e-06
171.64999999997912 2.312368316473786e-06
171.6599999999791 2.3122822135742676e-06
171.6699999999791 2.312196070913536e-06
171.6799999999791 2.312109888491598e-06
171.68999999997908 2.3120236663084523e-06
171.69999999997907 2.311937404364094e-06
171.70999999997906 2.3118511026585246e-06
171.71999999997905 2.311764761191748e-06
171.72999999997904 2.3116783799637616e-06
171.73999999997903 2.311591958974566e-06
171.74999999997902 2.3115054982241584e-06
171.75999999997902 2.311418997712543e-06
171.769999999979 2.311332457439718e-06
171.779999999979 2.311245877405683e-06
171.789999999979 2.311159257610437e-06
171.79999999997898 2.3110725980539824e-06
171.80999999997897 2.3109858987363192e-06
171.81999999997896 2.3108991596574464e-06
171.82999999997895 2.310812380817362e-06
171.83999999997894 2.3107255622160683e-06
171.84999999997893 2.310638703853566e-06
171.85999999997892 2.310551805729854e-06
171.86999999997892 2.310464867844931e-06
171.8799999999789 2.3103778901987986e-06
171.8899999999789 2.3102908727914575e-06
171.8999999999789 2.3102038156229066e-06
171.90999999997888 2.3101167186931457e-06
171.91999999997887 2.3100295820021767e-06
171.92999999997886 2.3099424055499964e-06
171.93999999997885 2.309855189336607e-06
171.94999999997884 2.3097679333620057e-06
171.95999999997883 2.3096806376261963e-06
171.96999999997882 2.3095933021291792e-06
171.97999999997882 2.3095059268709512e-06
171.9899999999788 2.3094185118515127e-06
171.9999999999788 2.309331057070865e-06
172.0099999999788 2.3092435625290078e-06
172.01999999997878 2.309156028225941e-06
172.02999999997877 2.3090684541616623e-06
172.03999999997876 2.3089808403361766e-06
172.04999999997875 2.308893186749482e-06
172.05999999997874 2.308805493401578e-06
172.06999999997873 2.3087177602924602e-06
172.07999999997872 2.3086299874221352e-06
172.08999999997872 2.308542174790601e-06
172.0999999999787 2.3084543223978574e-06
172.1099999999787 2.308366430243903e-06
172.1199999999787 2.3082784983287395e-06
172.12999999997868 2.308190526652367e-06
172.13999999997867 2.3081025152147837e-06
172.14999999997866 2.30801446401599e-06
172.15999999997865 2.307926373055988e-06
172.16999999997864 2.307838242334776e-06
172.17999999997863 2.3077500718523553e-06
172.18999999997862 2.3076618616087236e-06
172.19999999997862 2.3075736116038822e-06
172.2099999999786 2.307485321837833e-06
172.2199999999786 2.307396992310572e-06
172.2299999999786 2.3073086230221007e-06
172.23999999997858 2.3072202139724214e-06
172.24999999997857 2.307131765161533e-06
172.25999999997856 2.307043276589435e-06
172.26999999997855 2.3069547482561253e-06
172.27999999997854 2.306866180161608e-06
172.28999999997853 2.3067775723058806e-06
172.29999999997852 2.3066889246889426e-06
172.30999999997852 2.306600237310794e-06
172.3199999999785 2.3065115101714377e-06
172.3299999999785 2.306422743270872e-06
172.3399999999785 2.3063339366090977e-06
172.34999999997848 2.30624509018611e-06
172.35999999997847 2.3061562040019143e-06
172.36999999997846 2.3060672780565097e-06
172.37999999997845 2.3059783123498955e-06
172.38999999997844 2.305889306882069e-06
172.39999999997843 2.3058002616530366e-06
172.40999999997842 2.3057111766627936e-06
172.41999999997842 2.30562205191134e-06
172.4299999999784 2.3055328873986753e-06
172.4399999999784 2.305443683124803e-06
172.4499999999784 2.3053544390897207e-06
172.45999999997838 2.3052651552934297e-06
172.46999999997837 2.305175831735927e-06
172.47999999997836 2.305086468417216e-06
172.48999999997835 2.3049970653372955e-06
172.49999999997834 2.304907622496165e-06
172.50999999997833 2.304818139893822e-06
172.51999999997832 2.3047286175302724e-06
172.52999999997832 2.3046390554055135e-06
172.5399999999783 2.3045494535195444e-06
172.5499999999783 2.3044598118723645e-06
172.5599999999783 2.3043701304639773e-06
172.56999999997828 2.304280409294379e-06
172.57999999997827 2.3041906483635722e-06
172.58999999997826 2.3041008476715517e-06
172.59999999997825 2.304011007218325e-06
172.60999999997824 2.303921127003888e-06
172.61999999997823 2.303831207028242e-06
172.62999999997822 2.303741247291385e-06
172.63999999997822 2.3036512477933196e-06
172.6499999999782 2.3035612085340447e-06
172.6599999999782 2.30347112951356e-06
172.6699999999782 2.303381010731862e-06
172.67999999997818 2.303290852188959e-06
172.68999999997817 2.3032006538848466e-06
172.69999999997816 2.3031104158195232e-06
172.70999999997815 2.3030201379929872e-06
172.71999999997814 2.3029298204052445e-06
172.72999999997813 2.302839463056292e-06
172.73999999997812 2.3027490659461294e-06
172.74999999997812 2.3026586290747563e-06
172.7599999999781 2.3025681524421756e-06
172.7699999999781 2.302477636048385e-06
172.7799999999781 2.3023870798933843e-06
172.78999999997808 2.3022964839771703e-06
172.79999999997807 2.30220584829975e-06
172.80999999997806 2.3021151728611207e-06
172.81999999997805 2.302024457661282e-06
172.82999999997804 2.3019337027002316e-06
172.83999999997803 2.3018429079779724e-06
172.84999999997802 2.301752073494505e-06
172.85999999997802 2.301661199249826e-06
172.869999999978 2.301570285243936e-06
172.879999999978 2.3014793314768385e-06
172.889999999978 2.301388337948532e-06
172.89999999997798 2.3012973046590148e-06
172.90999999997797 2.301206231608287e-06
172.91999999997796 2.301115118796352e-06
172.92999999997795 2.3010239662232063e-06
172.93999999997794 2.300932773888851e-06
172.94999999997793 2.3008415417932835e-06
172.95999999997792 2.3007502699365084e-06
172.96999999997792 2.3006589583185245e-06
172.9799999999779 2.300567606939331e-06
172.9899999999779 2.3004762157989253e-06
172.9999999999779 2.3003847848973114e-06
173.00999999997788 2.3002933142344887e-06
173.01999999997787 2.3002018038104567e-06
173.02999999997786 2.300110253625212e-06
173.03999999997785 2.30001866367876e-06
173.04999999997784 2.2999270339710995e-06
173.05999999997783 2.2998353645022286e-06
173.06999999997782 2.2997436552721456e-06
173.07999999997782 2.2996519062808545e-06
173.0899999999778 2.2995601175283546e-06
173.0999999999778 2.2994682890146446e-06
173.1099999999778 2.2993764207397236e-06
173.11999999997778 2.2992845127035946e-06
173.12999999997777 2.2991925649062554e-06
173.13999999997776 2.299100577347707e-06
173.14999999997775 2.2990085500279464e-06
173.15999999997774 2.2989164829469786e-06
173.16999999997773 2.2988243761048015e-06
173.17999999997772 2.298732229501414e-06
173.18999999997772 2.298640043136816e-06
173.1999999999777 2.2985478170110095e-06
173.2099999999777 2.2984555511239932e-06
173.2199999999777 2.298363245475768e-06
173.22999999997768 2.2982709000663303e-06
173.23999999997767 2.2981785148956845e-06
173.24999999997766 2.2980860899638294e-06
173.25999999997765 2.2979936252707646e-06
173.26999999997764 2.2979011208164905e-06
173.27999999997763 2.2978085766010076e-06
173.28999999997762 2.297715992624313e-06
173.29999999997762 2.2976233688864105e-06
173.3099999999776 2.2975307053872956e-06
173.3199999999776 2.2974380021269726e-06
173.3299999999776 2.2973452591054407e-06
173.33999999997758 2.2972524763226996e-06
173.34999999997757 2.2971596537787463e-06
173.35999999997756 2.2970667914735845e-06
173.36999999997755 2.2969738894072143e-06
173.37999999997754 2.296880947579635e-06
173.38999999997753 2.296787965990841e-06
173.39999999997752 2.2966949446408425e-06
173.40999999997752 2.2966018835296335e-06
173.4199999999775 2.2965087826572157e-06
173.4299999999775 2.2964156420235834e-06
173.4399999999775 2.296322461628746e-06
173.44999999997748 2.296229241472697e-06
173.45999999997747 2.2961359815554396e-06
173.46999999997746 2.296042681876971e-06
173.47999999997745 2.2959493424372943e-06
173.48999999997744 2.295855963236407e-06
173.49999999997743 2.2957625442743105e-06
173.50999999997742 2.2956690855510024e-06
173.51999999997741 2.2955755870664867e-06
173.5299999999774 2.295482048820762e-06
173.5399999999774 2.295388470813827e-06
173.5499999999774 2.295294853045682e-06
173.55999999997738 2.2952011955163274e-06
173.56999999997737 2.2951074982257632e-06
173.57999999997736 2.2950137611739893e-06
173.58999999997735 2.2949199843610032e-06
173.59999999997734 2.2948261677868104e-06
173.60999999997733 2.2947323114514087e-06
173.61999999997732 2.294638415354797e-06
173.62999999997731 2.2945444794969728e-06
173.6399999999773 2.2944505038779415e-06
173.6499999999773 2.2943564884976998e-06
173.6599999999773 2.2942624333562504e-06
173.66999999997728 2.294168338453587e-06
173.67999999997727 2.294074203789717e-06
173.68999999997726 2.293980029364638e-06
173.69999999997725 2.2938858151783492e-06
173.70999999997724 2.293791561230847e-06
173.71999999997723 2.2936972675221383e-06
173.72999999997722 2.29360293405222e-06
173.73999999997721 2.293508560821092e-06
173.7499999999772 2.293414147828753e-06
173.7599999999772 2.2933196950752056e-06
173.7699999999772 2.2932252025604483e-06
173.77999999997718 2.293130670284481e-06
173.78999999997717 2.293036098247303e-06
173.79999999997716 2.292941486448916e-06
173.80999999997715 2.29284683488932e-06
173.81999999997714 2.292752143568515e-06
173.82999999997713 2.2926574124864986e-06
173.83999999997712 2.2925626416432743e-06
173.84999999997711 2.2924678310388402e-06
173.8599999999771 2.2923729806731956e-06
173.8699999999771 2.2922780905463388e-06
173.8799999999771 2.2921831606582765e-06
173.88999999997708 2.292088191009003e-06
173.89999999997707 2.29199318159852e-06
173.90999999997706 2.2918981324268263e-06
173.91999999997705 2.291803043493925e-06
173.92999999997704 2.2917079147998135e-06
173.93999999997703 2.2916127463444918e-06
173.94999999997702 2.291517538127958e-06
173.95999999997701 2.2914222901502187e-06
173.969999999977 2.291327002411267e-06
173.979999999977 2.291231674911108e-06
173.989999999977 2.2911363076497357e-06
173.99999999997698 2.2910409006271575e-06
174.00999999997697 2.290945453843369e-06
174.01999999997696 2.29084996729837e-06
174.02999999997695 2.2907544409921594e-06
174.03999999997694 2.290658874924741e-06
174.04999999997693 2.290563269096115e-06
174.05999999997692 2.290467623506278e-06
174.06999999997691 2.2903719381552274e-06
174.0799999999769 2.2902762130429716e-06
174.0899999999769 2.290180448169506e-06
174.0999999999769 2.29008464353483e-06
174.10999999997688 2.2899887991389437e-06
174.11999999997687 2.289892914981848e-06
174.12999999997686 2.2897969910635426e-06
174.13999999997685 2.2897010273840277e-06
174.14999999997684 2.289605023943302e-06
174.15999999997683 2.2895089807413675e-06
174.16999999997682 2.2894128977782235e-06
174.17999999997681 2.2893167750538715e-06
174.1899999999768 2.289220612568307e-06
174.1999999999768 2.289124410321534e-06
174.2099999999768 2.289028168313553e-06
174.21999999997678 2.2889318865443598e-06
174.22999999997677 2.2888355650139563e-06
174.23999999997676 2.2887392037223457e-06
174.24999999997675 2.288642802669524e-06
174.25999999997674 2.2885463618554937e-06
174.26999999997673 2.288449881280253e-06
174.27999999997672 2.2883533609438024e-06
174.28999999997671 2.2882568008461437e-06
174.2999999999767 2.288160200987275e-06
174.3099999999767 2.288063561367193e-06
174.3199999999767 2.287966881985905e-06
174.32999999997668 2.2878701628434065e-06
174.33999999997667 2.2877734039397006e-06
174.34999999997666 2.28767660527478e-06
174.35999999997665 2.2875797668486533e-06
174.36999999997664 2.287482888661316e-06
174.37999999997663 2.2873859707127702e-06
174.38999999997662 2.287289013003011e-06
174.39999999997661 2.2871920155320475e-06
174.4099999999766 2.287094978299872e-06
174.4199999999766 2.2869979013064872e-06
174.4299999999766 2.2869007845518898e-06
174.43999999997658 2.2868036280360848e-06
174.44999999997657 2.2867064317590717e-06
174.45999999997656 2.2866091957208478e-06
174.46999999997655 2.286511919921413e-06
174.47999999997654 2.286414604360769e-06
174.48999999997653 2.2863172490389176e-06
174.49999999997652 2.286219853955856e-06
174.50999999997651 2.2861224191115815e-06
174.5199999999765 2.2860249445060993e-06
174.5299999999765 2.2859274301394083e-06
174.5399999999765 2.285829876011508e-06
174.54999999997648 2.2857322821223946e-06
174.55999999997647 2.2856346484720753e-06
174.56999999997646 2.285536975060545e-06
174.57999999997645 2.285439261887805e-06
174.58999999997644 2.2853415089538537e-06
174.59999999997643 2.2852437162586952e-06
174.60999999997642 2.2851458838023257e-06
174.61999999997641 2.2850480115847483e-06
174.6299999999764 2.28495009960596e-06
174.6399999999764 2.2848521478659617e-06
174.6499999999764 2.2847541563647547e-06
174.65999999997638 2.2846561251023376e-06
174.66999999997637 2.2845580540787086e-06
174.67999999997636 2.284459943293872e-06
174.68999999997635 2.284361792747828e-06
174.69999999997634 2.2842636024405725e-06
174.70999999997633 2.2841653723721035e-06
174.71999999997632 2.28406710254243e-06
174.72999999997631 2.2839687929515445e-06
174.7399999999763 2.2838704435994515e-06
174.7499999999763 2.2837720544861458e-06
174.7599999999763 2.2836736256116317e-06
174.76999999997628 2.2835751569759096e-06
174.77999999997627 2.2834766485789765e-06
174.78999999997626 2.283378100420832e-06
174.79999999997625 2.2832795125014795e-06
174.80999999997624 2.2831808848209174e-06
174.81999999997623 2.283082217379146e-06
174.82999999997622 2.2829835101761643e-06
174.83999999997621 2.2828847632119735e-06
174.8499999999762 2.2827859764865725e-06
174.8599999999762 2.2826871499999623e-06
174.8699999999762 2.2825882837521406e-06
174.87999999997618 2.2824893777431114e-06
174.88999999997617 2.282390431972872e-06
174.89999999997616 2.2822914464414234e-06
174.90999999997615 2.2821924211487647e-06
174.91999999997614 2.2820933560948954e-06
174.92999999997613 2.2819942512798185e-06
174.93999999997612 2.2818951067035303e-06
174.94999999997611 2.2817959223660315e-06
174.9599999999761 2.281696698267325e-06
174.9699999999761 2.281597434407408e-06
174.9799999999761 2.2814981307862828e-06
174.98999999997608 2.281398787403945e-06
174.99999999997607 2.2812994042604004e-06
175.00999999997606 2.281199981355645e-06
175.01999999997605 2.281100518689681e-06
175.02999999997604 2.2810010162625037e-06
175.03999999997603 2.28090147407412e-06
175.04999999997602 2.2808018921245277e-06
175.05999999997601 2.2807022704137235e-06
175.069999999976 2.2806026089417096e-06
175.079999999976 2.280502907708486e-06
175.089999999976 2.2804031667140535e-06
175.09999999997598 2.280303385958412e-06
175.10999999997597 2.2802035654415595e-06
175.11999999997596 2.2801037051634975e-06
175.12999999997595 2.2800038051242266e-06
175.13999999997594 2.2799038653237465e-06
175.14999999997593 2.2798038857620537e-06
175.15999999997592 2.2797038664391546e-06
175.16999999997591 2.279603807355045e-06
175.1799999999759 2.279503708509725e-06
175.1899999999759 2.2794035699031953e-06
175.1999999999759 2.2793033915354574e-06
175.20999999997588 2.279203173406508e-06
175.21999999997587 2.2791029155163513e-06
175.22999999997586 2.279002617864981e-06
175.23999999997585 2.2789022804524034e-06
175.24999999997584 2.278801903278617e-06
175.25999999997583 2.2787014863436196e-06
175.26999999997582 2.278601029647413e-06
175.27999999997581 2.2785005331899963e-06
175.2899999999758 2.2783999969713715e-06
175.2999999999758 2.278299420991537e-06
175.3099999999758 2.2781988052504887e-06
175.31999999997578 2.278098149748234e-06
175.32999999997577 2.2779974544847704e-06
175.33999999997576 2.277896719460098e-06
175.34999999997575 2.277795944674212e-06
175.35999999997574 2.2776951301271203e-06
175.36999999997573 2.2775942758188167e-06
175.37999999997572 2.277493381749304e-06
175.38999999997571 2.2773924479185782e-06
175.3999999999757 2.2772914743266493e-06
175.4099999999757 2.2771904609735074e-06
175.4199999999757 2.277089407859156e-06
175.42999999997568 2.2769883149835934e-06
175.43999999997567 2.2768871823468228e-06
175.44999999997566 2.2767860099488433e-06
175.45999999997565 2.2766847977896536e-06
175.46999999997564 2.2765835458692526e-06
175.47999999997563 2.2764822541876436e-06
175.48999999997562 2.2763809227448257e-06
175.4999999999756 2.2762795515407972e-06
175.5099999999756 2.276178140575556e-06
175.5199999999756 2.2760766898491088e-06
175.5299999999756 2.275975199361451e-06
175.53999999997558 2.2758736691125857e-06
175.54999999997557 2.275772099102506e-06
175.55999999997556 2.2756704893312196e-06
175.56999999997555 2.2755688397987246e-06
175.57999999997554 2.275467150505019e-06
175.58999999997553 2.2753654214501007e-06
175.59999999997552 2.2752636526339765e-06
175.6099999999755 2.275161844056641e-06
175.6199999999755 2.2750599957180975e-06
175.6299999999755 2.2749581076183417e-06
175.6399999999755 2.2748561797573787e-06
175.64999999997548 2.2747542121352052e-06
175.65999999997547 2.2746522047518225e-06
175.66999999997546 2.2745501576072275e-06
175.67999999997545 2.2744480707014257e-06
175.68999999997544 2.2743459440344147e-06
175.69999999997543 2.2742437776061923e-06
175.70999999997542 2.2741415714167598e-06
175.7199999999754 2.274039325466118e-06
175.7299999999754 2.273937039754269e-06
175.7399999999754 2.273834714281208e-06
175.7499999999754 2.273732349046937e-06
175.75999999997538 2.2736299440514563e-06
175.76999999997537 2.273527499294769e-06
175.77999999997536 2.2734250147768694e-06
175.78999999997535 2.273322490497758e-06
175.79999999997534 2.2732199264574407e-06
175.80999999997533 2.273117322655913e-06
175.81999999997532 2.273014679093175e-06
175.8299999999753 2.272911995769228e-06
175.8399999999753 2.272809272684071e-06
175.8499999999753 2.272706509837703e-06
175.8599999999753 2.2726037072301266e-06
175.86999999997528 2.2725008648613385e-06
175.87999999997527 2.2723979827313436e-06
175.88999999997526 2.272295060840139e-06
175.89999999997525 2.2721920991877235e-06
175.90999999997524 2.2720890977740987e-06
175.91999999997523 2.2719860565992655e-06
175.92999999997522 2.2718829756632204e-06
175.9399999999752 2.271779854965967e-06
175.9499999999752 2.2716766945075012e-06
175.9599999999752 2.2715734942878283e-06
175.9699999999752 2.2714702543069466e-06
175.97999999997518 2.2713669745648543e-06
175.98999999997517 2.271263655061552e-06
175.99999999997516 2.2711602957970402e-06
176.00999999997515 2.2710568967713197e-06
176.01999999997514 2.270953457984389e-06
176.02999999997513 2.2708499794362466e-06
176.03999999997512 2.2707464611268965e-06
176.0499999999751 2.2706429030563372e-06
176.0599999999751 2.2705393052245678e-06
176.0699999999751 2.270435667631587e-06
176.0799999999751 2.270331990277398e-06
176.08999999997508 2.270228273162001e-06
176.09999999997507 2.2701245162853913e-06
176.10999999997506 2.2700207196475734e-06
176.11999999997505 2.269916883248546e-06
176.12999999997504 2.2698130070883097e-06
176.13999999997503 2.2697090911668618e-06
176.14999999997502 2.269605135484204e-06
176.159999999975 2.269501140040338e-06
176.169999999975 2.269397104835262e-06
176.179999999975 2.269293029868977e-06
176.189999999975 2.2691889151414807e-06
176.19999999997498 2.269084760652776e-06
176.20999999997497 2.2689805664028627e-06
176.21999999997496 2.268876332391738e-06
176.22999999997495 2.268772058619403e-06
176.23999999997494 2.26866774508586e-06
176.24999999997493 2.2685633917911064e-06
176.25999999997492 2.2684589987351442e-06
176.2699999999749 2.2683545659179707e-06
176.2799999999749 2.268250093339589e-06
176.2899999999749 2.2681455809999975e-06
176.2999999999749 2.2680410288991965e-06
176.30999999997488 2.267936437037182e-06
176.31999999997487 2.2678318054139617e-06
176.32999999997486 2.267727134029533e-06
176.33999999997485 2.2676224228838936e-06
176.34999999997484 2.2675176719770425e-06
176.35999999997483 2.2674128813089825e-06
176.36999999997482 2.267308050879714e-06
176.3799999999748 2.2672031806892347e-06
176.3899999999748 2.267098270737545e-06
176.3999999999748 2.266993321024648e-06
176.4099999999748 2.266888331550541e-06
176.41999999997478 2.2667833023152244e-06
176.42999999997477 2.2666782333186953e-06
176.43999999997476 2.266573124560958e-06
176.44999999997475 2.2664679760420134e-06
176.45999999997474 2.2663627877618572e-06
176.46999999997473 2.2662575597204893e-06
176.47999999997472 2.266152291917915e-06
176.4899999999747 2.2660469843541307e-06
176.4999999999747 2.2659416370291357e-06
176.5099999999747 2.265836249942929e-06
176.5199999999747 2.2657308230955164e-06
176.52999999997468 2.265625356486892e-06
176.53999999997467 2.2655198501170586e-06
176.54999999997466 2.265414303986016e-06
176.55999999997465 2.2653087180937634e-06
176.56999999997464 2.2652030924403006e-06
176.57999999997463 2.26509742702563e-06
176.58999999997462 2.2649917218497463e-06
176.5999999999746 2.264885976912655e-06
176.6099999999746 2.2647801922143536e-06
176.6199999999746 2.264674367754845e-06
176.6299999999746 2.2645685035341225e-06
176.63999999997458 2.2644625995521927e-06
176.64999999997457 2.2643566558090552e-06
176.65999999997456 2.2642506723047064e-06
176.66999999997455 2.264144649039144e-06
176.67999999997454 2.264038586012376e-06
176.68999999997453 2.2639324832243983e-06
176.69999999997452 2.263826340675212e-06
176.7099999999745 2.263720158364813e-06
176.7199999999745 2.2636139362932047e-06
176.7299999999745 2.263507674460389e-06
176.7399999999745 2.2634013728663628e-06
176.74999999997448 2.263295031511125e-06
176.75999999997447 2.2631886503946796e-06
176.76999999997446 2.263082229517025e-06
176.77999999997445 2.2629757688781605e-06
176.78999999997444 2.2628692684780826e-06
176.79999999997443 2.262762728316799e-06
176.80999999997442 2.2626561483943045e-06
176.8199999999744 2.262549528710601e-06
176.8299999999744 2.2624428692656864e-06
176.8399999999744 2.262336170059565e-06
176.8499999999744 2.262229431092232e-06
176.85999999997438 2.26212265236369e-06
176.86999999997437 2.2620158338739354e-06
176.87999999997436 2.2619089756229745e-06
176.88999999997435 2.261802077610803e-06
176.89999999997434 2.2616951398374222e-06
176.90999999997433 2.2615881623028305e-06
176.91999999997432 2.2614811450070308e-06
176.9299999999743 2.261374087950021e-06
176.9399999999743 2.2612669911318018e-06
176.9499999999743 2.26115985455237e-06
176.9599999999743 2.2610526782117306e-06
176.96999999997428 2.2609454621098832e-06
176.97999999997427 2.2608382062468245e-06
176.98999999997426 2.260730910622555e-06
176.99999999997425 2.2606235752370782e-06
177.00999999997424 2.2605162000903912e-06
177.01999999997423 2.260408785182495e-06
177.02999999997422 2.260301330513386e-06
177.0399999999742 2.2601938360830694e-06
177.0499999999742 2.2600863018915453e-06
177.0599999999742 2.2599787279388106e-06
177.0699999999742 2.2598711142248616e-06
177.07999999997418 2.259763460749708e-06
177.08999999997417 2.2596557675133438e-06
177.09999999997416 2.2595480345157703e-06
177.10999999997415 2.2594402617569855e-06
177.11999999997414 2.2593324492369918e-06
177.12999999997413 2.259224596955789e-06
177.13999999997412 2.259116704913376e-06
177.1499999999741 2.259008773109751e-06
177.1599999999741 2.2589008015449204e-06
177.1699999999741 2.2587927902188773e-06
177.1799999999741 2.2586847391316275e-06
177.18999999997408 2.258576648283164e-06
177.19999999997407 2.2584685176734946e-06
177.20999999997406 2.2583603473026145e-06
177.21999999997405 2.258252137170524e-06
177.22999999997404 2.2581438872772213e-06
177.23999999997403 2.2580355976227133e-06
177.24999999997402 2.2579272682069935e-06
177.259999999974 2.2578188990300657e-06
177.269999999974 2.2577104900919257e-06
177.279999999974 2.257602041392579e-06
177.289999999974 2.2574935529320203e-06
177.29999999997398 2.2573850247102546e-06
177.30999999997397 2.2572764567272745e-06
177.31999999997396 2.2571678489830876e-06
177.32999999997395 2.257059201477691e-06
177.33999999997394 2.256950514211086e-06
177.34999999997393 2.2568417871832685e-06
177.35999999997392 2.2567330203942437e-06
177.3699999999739 2.2566242138440097e-06
177.3799999999739 2.256515367532565e-06
177.3899999999739 2.2564064814599078e-06
177.3999999999739 2.2562975556260455e-06
177.40999999997388 2.2561885900309713e-06
177.41999999997387 2.2560795846746896e-06
177.42999999997386 2.255970539557194e-06
177.43999999997385 2.2558614546784903e-06
177.44999999997384 2.2557523300385804e-06
177.45999999997383 2.2556431656374573e-06
177.46999999997382 2.255533961475124e-06
177.4799999999738 2.255424717551584e-06
177.4899999999738 2.255315433866834e-06
177.4999999999738 2.2552061104208724e-06
177.5099999999738 2.255096747213701e-06
177.51999999997378 2.2549873442453213e-06
177.52999999997377 2.2548779015157317e-06
177.53999999997376 2.2547684190249315e-06
177.54999999997375 2.2546588967729224e-06
177.55999999997374 2.254549334759705e-06
177.56999999997373 2.2544397329852764e-06
177.57999999997372 2.254330091449638e-06
177.5899999999737 2.254220410152789e-06
177.5999999999737 2.254110689094731e-06
177.6099999999737 2.2540009282754643e-06
177.6199999999737 2.2538911276949874e-06
177.62999999997368 2.253781287353303e-06
177.63999999997367 2.2536714072504065e-06
177.64999999997366 2.2535614873863013e-06
177.65999999997365 2.2534515277609855e-06
177.66999999997364 2.2533415283744593e-06
177.67999999997363 2.2532314892267245e-06
177.68999999997362 2.253121410317782e-06
177.6999999999736 2.253011291647629e-06
177.7099999999736 2.2529011332162617e-06
177.7199999999736 2.2527909350236882e-06
177.7299999999736 2.252680697069907e-06
177.73999999997358 2.252570419354916e-06
177.74999999997357 2.2524601018787116e-06
177.75999999997356 2.2523497446413005e-06
177.76999999997355 2.252239347642678e-06
177.77999999997354 2.2521289108828485e-06
177.78999999997353 2.2520184343618054e-06
177.79999999997352 2.251907918079555e-06
177.8099999999735 2.251797362036095e-06
177.8199999999735 2.251686766231427e-06
177.8299999999735 2.2515761306655453e-06
177.8399999999735 2.251465455338456e-06
177.84999999997348 2.251354740250158e-06
177.85999999997347 2.2512439854006495e-06
177.86999999997346 2.2511331907899296e-06
177.87999999997345 2.251022356418003e-06
177.88999999997344 2.250911482284864e-06
177.89999999997343 2.2508005683905182e-06
177.90999999997342 2.2506896147349596e-06
177.9199999999734 2.2505786213181947e-06
177.9299999999734 2.2504675881402196e-06
177.9399999999734 2.2503565152010323e-06
177.9499999999734 2.2502454025006352e-06
177.95999999997338 2.2501342500390306e-06
177.96999999997337 2.2500230578162155e-06
177.97999999997336 2.2499118258321928e-06
177.98999999997335 2.2498005540869582e-06
177.99999999997334 2.249689242580513e-06
178.00999999997333 2.249577891312862e-06
178.01999999997332 2.2494665002839985e-06
178.0299999999733 2.249355069493924e-06
178.0399999999733 2.249243598942641e-06
178.0499999999733 2.2491320886301516e-06
178.0599999999733 2.24902053855645e-06
178.06999999997328 2.2489089487215357e-06
178.07999999997327 2.248797319125417e-06
178.08999999997326 2.248685649768086e-06
178.09999999997325 2.248573940649545e-06
178.10999999997324 2.248462191769795e-06
178.11999999997323 2.248350403128836e-06
178.12999999997322 2.2482385747266665e-06
178.1399999999732 2.248126706563287e-06
178.1499999999732 2.2480147986386967e-06
178.1599999999732 2.247902850952899e-06
178.1699999999732 2.247790863505891e-06
178.17999999997318 2.2476788362976745e-06
178.18999999997317 2.247566769328246e-06
178.19999999997316 2.24745466259761e-06
178.20999999997315 2.247342516105763e-06
178.21999999997314 2.2472303298527077e-06
178.22999999997313 2.247118103838439e-06
178.23999999997312 2.2470058380629647e-06
178.2499999999731 2.2468935325262796e-06
178.2599999999731 2.2467811872283845e-06
178.2699999999731 2.2466688021692784e-06
178.27999999997309 2.2465563773489664e-06
178.28999999997308 2.2464439127674418e-06
178.29999999997307 2.246331408424708e-06
178.30999999997306 2.2462188643207625e-06
178.31999999997305 2.2461062804556104e-06
178.32999999997304 2.24599365682925e-06
178.33999999997303 2.2458809934416785e-06
178.34999999997302 2.2457682902928935e-06
178.359999999973 2.2456555473829027e-06
178.369999999973 2.245542764711702e-06
178.379999999973 2.245429942279291e-06
178.38999999997299 2.2453170800856685e-06
178.39999999997298 2.245204178130841e-06
178.40999999997297 2.2450912364148016e-06
178.41999999997296 2.2449782549375534e-06
178.42999999997295 2.244865233699091e-06
178.43999999997294 2.244752172699422e-06
178.44999999997293 2.2446390719385443e-06
178.45999999997292 2.244525931416456e-06
178.4699999999729 2.2444127511331576e-06
178.4799999999729 2.2442995310886504e-06
178.4899999999729 2.244186271282934e-06
178.49999999997289 2.2440729717160085e-06
178.50999999997288 2.2439596323878692e-06
178.51999999997287 2.2438462532985228e-06
178.52999999997286 2.243732834447968e-06
178.53999999997285 2.243619375836203e-06
178.54999999997284 2.2435058774632273e-06
178.55999999997283 2.243392339329043e-06
178.56999999997282 2.243278761433648e-06
178.5799999999728 2.2431651437770454e-06
178.5899999999728 2.243051486359229e-06
178.5999999999728 2.242937789180207e-06
178.60999999997279 2.2428240522399724e-06
178.61999999997278 2.242710275538531e-06
178.62999999997277 2.2425964590758775e-06
178.63999999997276 2.242482602852016e-06
178.64999999997275 2.242368706866945e-06
178.65999999997274 2.242254771120664e-06
178.66999999997273 2.24214079561317e-06
178.67999999997272 2.2420267803444714e-06
178.6899999999727 2.241912725314562e-06
178.6999999999727 2.241798630523443e-06
178.7099999999727 2.2416844959711104e-06
178.71999999997269 2.2415703216575717e-06
178.72999999997268 2.241456107582824e-06
178.73999999997267 2.2413418537468647e-06
178.74999999997266 2.241227560149696e-06
178.75999999997265 2.2411132267913176e-06
178.76999999997264 2.240998853671731e-06
178.77999999997263 2.2408844407909334e-06
178.78999999997262 2.240769988148925e-06
178.7999999999726 2.2406554957457096e-06
178.8099999999726 2.240540963581282e-06
178.8199999999726 2.240426391655648e-06
178.82999999997259 2.2403117799688016e-06
178.83999999997258 2.240197128520747e-06
178.84999999997257 2.2400824373114808e-06
178.85999999997256 2.2399677063410084e-06
178.86999999997255 2.2398529356093208e-06
178.87999999997254 2.2397381251164277e-06
178.88999999997253 2.2396232748623245e-06
178.89999999997252 2.239508384847012e-06
178.9099999999725 2.239393455070488e-06
178.9199999999725 2.2392784855327567e-06
178.9299999999725 2.239163476233815e-06
178.93999999997249 2.239048427173664e-06
178.94999999997248 2.238933338352299e-06
178.95999999997247 2.238818209769729e-06
178.96999999997246 2.2387030414259485e-06
178.97999999997245 2.2385878333209576e-06
178.98999999997244 2.2384725854547582e-06
178.99999999997243 2.238357297827347e-06
179.00999999997242 2.238241970438729e-06
179.0199999999724 2.2381266032889e-06
179.0299999999724 2.2380111963778592e-06
179.0399999999724 2.2378957497056106e-06
179.04999999997239 2.2377802632721543e-06
179.05999999997238 2.2376647370774866e-06
179.06999999997237 2.237549171121607e-06
179.07999999997236 2.23743356540452e-06
179.08999999997235 2.2373179199262242e-06
179.09999999997234 2.237202234686719e-06
179.10999999997233 2.2370865096860025e-06
179.11999999997232 2.2369707449240766e-06
179.1299999999723 2.2368549404009407e-06
179.1399999999723 2.236739096116596e-06
179.1499999999723 2.2366232120710405e-06
179.15999999997229 2.2365072882642763e-06
179.16999999997228 2.236391324696302e-06
179.17999999997227 2.2362753213671183e-06
179.18999999997226 2.236159278276725e-06
179.19999999997225 2.236043195425122e-06
179.20999999997224 2.23592707281231e-06
179.21999999997223 2.235810910438288e-06
179.22999999997222 2.2356947083030547e-06
179.2399999999722 2.2355784664066134e-06
179.2499999999722 2.2354621847489614e-06
179.2599999999722 2.235345863330101e-06
179.26999999997219 2.23522950215003e-06
179.27999999997218 2.2351131012087504e-06
179.28999999997217 2.23499666050626e-06
179.29999999997216 2.2348801800425622e-06
179.30999999997215 2.23476365981765e-06
179.31999999997214 2.234647099831532e-06
179.32999999997213 2.2345305000842028e-06
179.33999999997212 2.2344138605756665e-06
179.3499999999721 2.234297181305917e-06
179.3599999999721 2.234180462274959e-06
179.3699999999721 2.2340637034827928e-06
179.37999999997209 2.233946904929415e-06
179.38999999997208 2.2338300666148275e-06
179.39999999997207 2.233713188539032e-06
179.40999999997206 2.2335962707020276e-06
179.41999999997205 2.2334793131038125e-06
179.42999999997204 2.233362315744386e-06
179.43999999997203 2.2332452786237506e-06
179.44999999997202 2.2331282017419064e-06
179.459999999972 2.233011085098853e-06
179.469999999972 2.232893928694588e-06
179.479999999972 2.232776732529114e-06
179.48999999997199 2.2326594966024326e-06
179.49999999997198 2.232542220914539e-06
179.50999999997197 2.2324249054654353e-06
179.51999999997196 2.2323075502551232e-06
179.52999999997195 2.2321901552836014e-06
179.53999999997194 2.2320727205508708e-06
179.54999999997193 2.231955246056929e-06
179.55999999997192 2.231837731801778e-06
179.5699999999719 2.231720177785419e-06
179.5799999999719 2.2316025840078486e-06
179.5899999999719 2.231484950469068e-06
179.59999999997189 2.2313672771690785e-06
179.60999999997188 2.2312495641078783e-06
179.61999999997187 2.231131811285471e-06
179.62999999997186 2.2310140187018512e-06
179.63999999997185 2.2308961863570244e-06
179.64999999997184 2.2307783142509875e-06
179.65999999997183 2.2306604023837383e-06
179.66999999997182 2.2305424507552808e-06
179.6799999999718 2.230424459365614e-06
179.6899999999718 2.230306428214741e-06
179.6999999999718 2.2301883573026536e-06
179.70999999997179 2.230070246629356e-06
179.71999999997178 2.229952096194852e-06
179.72999999997177 2.2298339059991362e-06
179.73999999997176 2.229715676042213e-06
179.74999999997175 2.229597406324078e-06
179.75999999997174 2.229479096844734e-06
179.76999999997173 2.22936074760418e-06
179.77999999997172 2.229242358602418e-06
179.7899999999717 2.2291239298394434e-06
179.7999999999717 2.2290054613152597e-06
179.8099999999717 2.2288869530298685e-06
179.81999999997169 2.228768404983268e-06
179.82999999997168 2.2286498171754543e-06
179.83999999997167 2.2285311896064335e-06
179.84999999997166 2.2284125222762035e-06
179.85999999997165 2.228293815184763e-06
179.86999999997164 2.2281750683321113e-06
179.87999999997163 2.2280562817182518e-06
179.88999999997162 2.2279374553431817e-06
179.8999999999716 2.227818589206903e-06
179.9099999999716 2.2276996833094136e-06
179.9199999999716 2.2275807376507144e-06
179.92999999997159 2.227461752230809e-06
179.93999999997158 2.22734272704969e-06
179.94999999997157 2.2272236621073594e-06
179.95999999997156 2.2271045574038244e-06
179.96999999997155 2.2269854129390775e-06
179.97999999997154 2.2268662287131214e-06
179.98999999997153 2.2267470047259534e-06
179.99999999997152 2.2266277409775783e-06
180.0099999999715 2.226508437467993e-06
180.0199999999715 2.2263890941971986e-06
180.0299999999715 2.226269711165191e-06
180.03999999997149 2.226150288371977e-06
180.04999999997148 2.2260308258175556e-06
180.05999999997147 2.2259113235019215e-06
180.06999999997146 2.2257917814250755e-06
180.07999999997145 2.225672199587023e-06
180.08999999997144 2.2255525779877617e-06
180.09999999997143 2.2254329166272888e-06
180.10999999997142 2.2253132155056057e-06
180.1199999999714 2.2251934746227146e-06
180.1299999999714 2.2250736939786134e-06
180.1399999999714 2.2249538735733034e-06
180.14999999997139 2.2248340134067815e-06
180.15999999997138 2.224714113479051e-06
180.16999999997137 2.224594173790111e-06
180.17999999997136 2.224474194339962e-06
180.18999999997135 2.2243541751286018e-06
180.19999999997134 2.2242341161560323e-06
180.20999999997133 2.224114017422254e-06
180.21999999997132 2.2239938789272654e-06
180.2299999999713 2.223873700671067e-06
180.2399999999713 2.2237534826536585e-06
180.2499999999713 2.223633224875042e-06
180.25999999997128 2.223512927335216e-06
180.26999999997128 2.2233925900341784e-06
180.27999999997127 2.2232722129719334e-06
180.28999999997126 2.2231517961484766e-06
180.29999999997125 2.2230313395638122e-06
180.30999999997124 2.2229108432179348e-06
180.31999999997123 2.2227903071108497e-06
180.32999999997122 2.2226697312425546e-06
180.3399999999712 2.2225491156130527e-06
180.3499999999712 2.222428460222337e-06
180.3599999999712 2.2223077650704147e-06
180.36999999997118 2.2221870301572807e-06
180.37999999997118 2.222066255482938e-06
180.38999999997117 2.2219454410473837e-06
180.39999999997116 2.2218245868506228e-06
180.40999999997115 2.2217036928926517e-06
180.41999999997114 2.22158275917347e-06
180.42999999997113 2.221461785693077e-06
180.43999999997112 2.2213407724514765e-06
180.4499999999711 2.2212197194486654e-06
180.4599999999711 2.2210986266846454e-06
180.4699999999711 2.220977494159415e-06
180.47999999997108 2.220856321872977e-06
180.48999999997108 2.2207351098253277e-06
180.49999999997107 2.2206138580164706e-06
180.50999999997106 2.220492566446399e-06
180.51999999997105 2.2203712351151214e-06
180.52999999997104 2.220249864022633e-06
180.53999999997103 2.220128453168936e-06
180.54999999997102 2.22000700255403e-06
180.559999999971 2.2198855121779113e-06
180.569999999971 2.2197639820405855e-06
180.579999999971 2.21964241214205e-06
180.58999999997098 2.2195208024823026e-06
180.59999999997098 2.2193991530613477e-06
180.60999999997097 2.2192774638791827e-06
180.61999999997096 2.2191557349358084e-06
180.62999999997095 2.2190339662312227e-06
180.63999999997094 2.2189121577654306e-06
180.64999999997093 2.218790309538427e-06
180.65999999997092 2.218668421550214e-06
180.6699999999709 2.2185464938007883e-06
180.6799999999709 2.2184245262901563e-06
180.6899999999709 2.218302519018315e-06
180.69999999997088 2.218180471985264e-06
180.70999999997088 2.2180583851909997e-06
180.71999999997087 2.217936258635528e-06
180.72999999997086 2.2178140923188482e-06
180.73999999997085 2.217691886240957e-06
180.74999999997084 2.2175696404018567e-06
180.75999999997083 2.2174473548015475e-06
180.76999999997082 2.217325029440027e-06
180.7799999999708 2.2172026643173e-06
180.7899999999708 2.217080259433358e-06
180.7999999999708 2.2169578147882097e-06
180.80999999997078 2.2168353303818515e-06
180.81999999997078 2.2167128062142845e-06
180.82999999997077 2.2165902422855044e-06
180.83999999997076 2.2164676385955184e-06
180.84999999997075 2.2163449951443214e-06
180.85999999997074 2.216222311931916e-06
180.86999999997073 2.216099588958299e-06
180.87999999997072 2.2159768262234728e-06
180.8899999999707 2.2158540237274374e-06
180.8999999999707 2.215731181470192e-06
180.9099999999707 2.2156082994517364e-06
180.91999999997068 2.2154853776720732e-06
180.92999999997068 2.2153624161311982e-06
180.93999999997067 2.2152394148291157e-06
180.94999999997066 2.21511637376582e-06
180.95999999997065 2.214993292941315e-06
180.96999999997064 2.2148701723556043e-06
180.97999999997063 2.2147470120086817e-06
180.98999999997062 2.214623811900549e-06
180.9999999999706 2.214500572031207e-06
181.0099999999706 2.214377292400655e-06
181.0199999999706 2.2142539730088967e-06
181.02999999997058 2.2141306138559227e-06
181.03999999997058 2.2140072149417423e-06
181.04999999997057 2.213883776266354e-06
181.05999999997056 2.2137602978297545e-06
181.06999999997055 2.213636779631942e-06
181.07999999997054 2.213513221672924e-06
181.08999999997053 2.2133896239526952e-06
181.09999999997052 2.213265986471258e-06
181.1099999999705 2.2131423092286084e-06
181.1199999999705 2.213018592224751e-06
181.1299999999705 2.212894835459683e-06
181.13999999997048 2.212771038933408e-06
181.14999999997048 2.212647202645918e-06
181.15999999997047 2.212523326597223e-06
181.16999999997046 2.212399410787318e-06
181.17999999997045 2.2122754552162026e-06
181.18999999997044 2.212151459883876e-06
181.19999999997043 2.212027424790341e-06
181.20999999997042 2.2119033499355963e-06
181.2199999999704 2.2117792353196426e-06
181.2299999999704 2.2116550809424754e-06
181.2399999999704 2.211530886804104e-06
181.24999999997038 2.2114066529045203e-06
181.25999999997038 2.211282379243728e-06
181.26999999997037 2.211158065821724e-06
181.27999999997036 2.211033712638512e-06
181.28999999997035 2.2109093196940913e-06
181.29999999997034 2.210784886988459e-06
181.30999999997033 2.2106604145216152e-06
181.31999999997032 2.2105359022935662e-06
181.3299999999703 2.2104113503043054e-06
181.3399999999703 2.210286758553836e-06
181.3499999999703 2.2101621270421534e-06
181.35999999997028 2.2100374557692648e-06
181.36999999997028 2.209912744735167e-06
181.37999999997027 2.209787993939859e-06
181.38999999997026 2.2096632033833364e-06
181.39999999997025 2.209538373065609e-06
181.40999999997024 2.2094135029866727e-06
181.41999999997023 2.209288593146526e-06
181.42999999997022 2.2091636435451664e-06
181.4399999999702 2.2090386541825993e-06
181.4499999999702 2.208913625058823e-06
181.4599999999702 2.2087885561738373e-06
181.46999999997018 2.2086634475276407e-06
181.47999999997018 2.208538299120236e-06
181.48999999997017 2.2084131109516214e-06
181.49999999997016 2.2082878830217974e-06
181.50999999997015 2.2081626153307608e-06
181.51999999997014 2.2080373078785165e-06
181.52999999997013 2.2079119606650634e-06
181.53999999997012 2.2077865736903994e-06
181.5499999999701 2.2076611469545256e-06
181.5599999999701 2.2075356804574426e-06
181.5699999999701 2.2074101741991507e-06
181.57999999997008 2.2072846281796495e-06
181.58999999997008 2.207159042398935e-06
181.59999999997007 2.2070334168570143e-06
181.60999999997006 2.206907751553884e-06
181.61999999997005 2.206782046489543e-06
181.62999999997004 2.2066563016639923e-06
181.63999999997003 2.206530517077232e-06
181.64999999997002 2.206404692729263e-06
181.65999999997 2.206278828620084e-06
181.66999999997 2.2061529247496937e-06
181.67999999997 2.206026981118095e-06
181.68999999996998 2.2059009977252877e-06
181.69999999996998 2.2057749745712714e-06
181.70999999996997 2.2056489116560403e-06
181.71999999996996 2.2055228089796047e-06
181.72999999996995 2.205396666541957e-06
181.73999999996994 2.2052704843431004e-06
181.74999999996993 2.2051442623830322e-06
181.75999999996992 2.205018000661758e-06
181.7699999999699 2.204891699179273e-06
181.7799999999699 2.204765357935577e-06
181.7899999999699 2.2046389769306706e-06
181.79999999996988 2.2045125561645574e-06
181.80999999996988 2.204386095637233e-06
181.81999999996987 2.204259595348698e-06
181.82999999996986 2.2041330552989556e-06
181.83999999996985 2.2040064754880027e-06
181.84999999996984 2.203879855915839e-06
181.85999999996983 2.2037531965824673e-06
181.86999999996982 2.203626497487882e-06
181.8799999999698 2.2034997586320894e-06
181.8899999999698 2.2033729800150905e-06
181.8999999999698 2.203246161636877e-06
181.90999999996978 2.203119303497456e-06
181.91999999996978 2.2029924055968277e-06
181.92999999996977 2.2028654679349858e-06
181.93999999996976 2.2027384905119367e-06
181.94999999996975 2.202611473327676e-06
181.95999999996974 2.2024844163822057e-06
181.96999999996973 2.2023573196755267e-06
181.97999999996972 2.2022301832076393e-06
181.9899999999697 2.202103006978541e-06
181.9999999999697 2.201975790988233e-06
182.0099999999697 2.2018485352367167e-06
182.01999999996968 2.2017212397239892e-06
182.02999999996968 2.2015939044500508e-06
182.03999999996967 2.201466529414905e-06
182.04999999996966 2.2013391146185494e-06
182.05999999996965 2.2012116600609844e-06
182.06999999996964 2.2010841657422067e-06
182.07999999996963 2.2009566316622223e-06
182.08999999996962 2.2008290578210295e-06
182.0999999999696 2.2007014442186244e-06
182.1099999999696 2.2005737908550096e-06
182.1199999999696 2.2004460977301856e-06
182.12999999996958 2.2003183648441522e-06
182.13999999996958 2.2001905921969088e-06
182.14999999996957 2.200062779788454e-06
182.15999999996956 2.1999349276187915e-06
182.16999999996955 2.199807035687921e-06
182.17999999996954 2.1996791039958393e-06
182.18999999996953 2.199551132542548e-06
182.19999999996952 2.1994231213280457e-06
182.2099999999695 2.199295070352337e-06
182.2199999999695 2.1991669796154167e-06
182.2299999999695 2.1990388491172842e-06
182.23999999996948 2.198910678857946e-06
182.24999999996948 2.1987824688373945e-06
182.25999999996947 2.198654219055638e-06
182.26999999996946 2.1985259295126673e-06
182.27999999996945 2.1983976002084893e-06
182.28999999996944 2.1982692311431016e-06
182.29999999996943 2.1981408223165043e-06
182.30999999996942 2.198012373728695e-06
182.3199999999694 2.1978838853796796e-06
182.3299999999694 2.1977553572694527e-06
182.3399999999694 2.197626789398019e-06
182.34999999996938 2.1974981817653686e-06
182.35999999996938 2.197369534371513e-06
182.36999999996937 2.19724084721645e-06
182.37999999996936 2.1971121203001766e-06
182.38999999996935 2.196983353622689e-06
182.39999999996934 2.1968545471839964e-06
182.40999999996933 2.196725700984092e-06
182.41999999996932 2.19659681502298e-06
182.4299999999693 2.1964678893006526e-06
182.4399999999693 2.1963389238171224e-06
182.4499999999693 2.1962099185723783e-06
182.45999999996928 2.1960808735664266e-06
182.46999999996927 2.195951788799263e-06
182.47999999996927 2.1958226642708937e-06
182.48999999996926 2.1956934999813133e-06
182.49999999996925 2.195564295930523e-06
182.50999999996924 2.1954350521185184e-06
182.51999999996923 2.1953057685453102e-06
182.52999999996922 2.19517644521089e-06
182.5399999999692 2.1950470821152596e-06
182.5499999999692 2.194917679258422e-06
182.5599999999692 2.1947882366403737e-06
182.56999999996918 2.1946587542611153e-06
182.57999999996917 2.1945292321206464e-06
182.58999999996917 2.194399670218966e-06
182.59999999996916 2.1942700685560794e-06
182.60999999996915 2.1941404271319822e-06
182.61999999996914 2.194010745946676e-06
182.62999999996913 2.1938810250001596e-06
182.63999999996912 2.1937512642924334e-06
182.6499999999691 2.1936214638234987e-06
182.6599999999691 2.1934916235933543e-06
182.6699999999691 2.1933617436019968e-06
182.67999999996908 2.1932318238494317e-06
182.68999999996907 2.1931018643356586e-06
182.69999999996907 2.1929718650606754e-06
182.70999999996906 2.192841826024479e-06
182.71999999996905 2.192711747227077e-06
182.72999999996904 2.192581628668463e-06
182.73999999996903 2.1924514703486423e-06
182.74999999996902 2.1923212722676076e-06
182.759999999969 2.1921910344253666e-06
182.769999999969 2.1920607568219156e-06
182.779999999969 2.191930439457254e-06
182.78999999996898 2.1918000823313805e-06
182.79999999996897 2.1916696854443e-06
182.80999999996897 2.19153924879601e-06
182.81999999996896 2.191408772386511e-06
182.82999999996895 2.1912782562157994e-06
182.83999999996894 2.1911477002838826e-06
182.84999999996893 2.1910171045907526e-06
182.85999999996892 2.1908864691364142e-06
182.8699999999689 2.190755793920864e-06
182.8799999999689 2.190625078944107e-06
182.8899999999689 2.19049432420614e-06
182.89999999996888 2.190363529706963e-06
182.90999999996887 2.190232695446574e-06
182.91999999996887 2.1901018214249773e-06
182.92999999996886 2.189970907642173e-06
182.93999999996885 2.1898399540981572e-06
182.94999999996884 2.18970896079293e-06
182.95999999996883 2.1895779277264945e-06
182.96999999996882 2.1894468548988507e-06
182.9799999999688 2.1893157423099964e-06
182.9899999999688 2.18918458995993e-06
182.9999999999688 2.189053397848658e-06
183.00999999996878 2.1889221659761726e-06
183.01999999996877 2.188790894342481e-06
183.02999999996877 2.1886595829475762e-06
183.03999999996876 2.188528231791463e-06
183.04999999996875 2.188396840874143e-06
183.05999999996874 2.1882654101956112e-06
183.06999999996873 2.1881339397558683e-06
183.07999999996872 2.188002429554919e-06
183.0899999999687 2.1878708795927577e-06
183.0999999999687 2.1877392898693878e-06
183.1099999999687 2.187607660384806e-06
183.11999999996868 2.187475991139017e-06
183.12999999996867 2.1873442821320174e-06
183.13999999996867 2.18721253336381e-06
183.14999999996866 2.1870807448343882e-06
183.15999999996865 2.186948916543759e-06
183.16999999996864 2.1868170484919237e-06
183.17999999996863 2.186685140678876e-06
183.18999999996862 2.1865531931046178e-06
183.1999999999686 2.1864212057691484e-06
183.2099999999686 2.186289178672473e-06
183.2199999999686 2.1861571118145872e-06
183.22999999996858 2.18602500519549e-06
183.23999999996857 2.1858928588151835e-06
183.24999999996857 2.185760672673668e-06
183.25999999996856 2.185628446770945e-06
183.26999999996855 2.185496181107009e-06
183.27999999996854 2.1853638756818647e-06
183.28999999996853 2.1852315304955105e-06
183.29999999996852 2.185099145547948e-06
183.3099999999685 2.184966720839173e-06
183.3199999999685 2.18483425636919e-06
183.3299999999685 2.1847017521379974e-06
183.33999999996848 2.1845692081455973e-06
183.34999999996847 2.184436624391983e-06
183.35999999996847 2.184304000877162e-06
183.36999999996846 2.18417133760113e-06
183.37999999996845 2.18403863456389e-06
183.38999999996844 2.1839058917654385e-06
183.39999999996843 2.183773109205778e-06
183.40999999996842 2.1836402868849097e-06
183.4199999999684 2.18350742480283e-06
183.4299999999684 2.1833745229595382e-06
183.4399999999684 2.1832415813550407e-06
183.44999999996838 2.1831085999893326e-06
183.45999999996837 2.1829755788624128e-06
183.46999999996837 2.1828425179742853e-06
183.47999999996836 2.182709417324949e-06
183.48999999996835 2.182576276914401e-06
183.49999999996834 2.1824430967426456e-06
183.50999999996833 2.1823098768096755e-06
183.51999999996832 2.1821766171154995e-06
183.5299999999683 2.182043317660115e-06
183.5399999999683 2.18190997844352e-06
183.5499999999683 2.181776599465714e-06
183.55999999996828 2.181643180726698e-06
183.56999999996827 2.1815097222264743e-06
183.57999999996827 2.1813762239650414e-06
183.58999999996826 2.1812426859423954e-06
183.59999999996825 2.1811091081585423e-06
183.60999999996824 2.1809754906134786e-06
183.61999999996823 2.1808418333072074e-06
183.62999999996822 2.1807081362397235e-06
183.6399999999682 2.180574399411031e-06
183.6499999999682 2.1804406228211304e-06
183.6599999999682 2.180306806470019e-06
183.66999999996818 2.1801729503576963e-06
183.67999999996817 2.1800390544841643e-06
183.68999999996817 2.1799051188494277e-06
183.69999999996816 2.1797711434534768e-06
183.70999999996815 2.179637128296314e-06
183.71999999996814 2.179503073377946e-06
183.72999999996813 2.179368978698367e-06
183.73999999996812 2.1792348442575785e-06
183.7499999999681 2.179100670055581e-06
183.7599999999681 2.1789664560923724e-06
183.7699999999681 2.1788322023679544e-06
183.77999999996808 2.1786979088823276e-06
183.78999999996807 2.178563575635488e-06
183.79999999996807 2.178429202627443e-06
183.80999999996806 2.1782947898581867e-06
183.81999999996805 2.1781603373277198e-06
183.82999999996804 2.178025845036044e-06
183.83999999996803 2.1778913129831594e-06
183.84999999996802 2.1777567411690634e-06
183.859999999968 2.1776221295937606e-06
183.869999999968 2.1774874782572435e-06
183.879999999968 2.1773527871595205e-06
183.88999999996798 2.177218056300587e-06
183.89999999996797 2.177083285680444e-06
183.90999999996797 2.1769484752990903e-06
183.91999999996796 2.1768136251565286e-06
183.92999999996795 2.1766787352527562e-06
183.93999999996794 2.1765438055877738e-06
183.94999999996793 2.1764088361615824e-06
183.95999999996792 2.1762738269741793e-06
183.9699999999679 2.1761387780255686e-06
183.9799999999679 2.1760036893157503e-06
183.9899999999679 2.1758685608447177e-06
183.99999999996788 2.1757333926124787e-06
184.00999999996787 2.175598184619031e-06
184.01999999996787 2.17546293686437e-06
184.02999999996786 2.1753276493485003e-06
184.03999999996785 2.1751923220714216e-06
184.04999999996784 2.1750569550331363e-06
184.05999999996783 2.174921548233637e-06
184.06999999996782 2.1747861016729272e-06
184.0799999999678 2.174650615351011e-06
184.0899999999678 2.174515089267886e-06
184.0999999999678 2.1743795234235493e-06
184.10999999996778 2.174243917818001e-06
184.11999999996777 2.1741082724512466e-06
184.12999999996777 2.1739725873232803e-06
184.13999999996776 2.1738368624341064e-06
184.14999999996775 2.1737010977837195e-06
184.15999999996774 2.1735652933721266e-06
184.16999999996773 2.1734294491993215e-06
184.17999999996772 2.1732935652653067e-06
184.1899999999677 2.1731576415700826e-06
184.1999999999677 2.173021678113651e-06
184.2099999999677 2.17288567489601e-06
184.21999999996768 2.1727496319171564e-06
184.22999999996767 2.172613549177091e-06
184.23999999996767 2.172477426675821e-06
184.24999999996766 2.1723412644133403e-06
184.25999999996765 2.1722050623896496e-06
184.26999999996764 2.172068820604747e-06
184.27999999996763 2.1719325390586383e-06
184.28999999996762 2.1717962177513176e-06
184.2999999999676 2.17165985668279e-06
184.3099999999676 2.1715234558530485e-06
184.3199999999676 2.1713870152620996e-06
184.32999999996758 2.171250534909941e-06
184.33999999996757 2.171114014796574e-06
184.34999999996757 2.1709774549219943e-06
184.35999999996756 2.170840855286207e-06
184.36999999996755 2.1707042158892096e-06
184.37999999996754 2.1705675367310017e-06
184.38999999996753 2.1704308178115837e-06
184.39999999996752 2.1702940591309593e-06
184.4099999999675 2.170157260689123e-06
184.4199999999675 2.1700204224860793e-06
184.4299999999675 2.1698835445218225e-06
184.43999999996748 2.1697466267963555e-06
184.44999999996747 2.169609669309682e-06
184.45999999996747 2.1694726720617996e-06
184.46999999996746 2.1693356350527044e-06
184.47999999996745 2.1691985582824016e-06
184.48999999996744 2.169061441750887e-06
184.49999999996743 2.1689242854581648e-06
184.50999999996742 2.1687870894042295e-06
184.5199999999674 2.1686498535890896e-06
184.5299999999674 2.168512578012736e-06
184.5399999999674 2.168375262675175e-06
184.54999999996738 2.1682379075764045e-06
184.55999999996737 2.1681005127164245e-06
184.56999999996737 2.1679630780952327e-06
184.57999999996736 2.1678256037128346e-06
184.58999999996735 2.167688089569222e-06
184.59999999996734 2.1675505356644025e-06
184.60999999996733 2.167412941998372e-06
184.61999999996732 2.167275308571134e-06
184.6299999999673 2.1671376353826863e-06
184.6399999999673 2.1669999224330275e-06
184.6499999999673 2.1668621697221602e-06
184.65999999996728 2.1667243772500837e-06
184.66999999996727 2.166586545016794e-06
184.67999999996727 2.1664486730222973e-06
184.68999999996726 2.1663107612665925e-06
184.69999999996725 2.1661728097496763e-06
184.70999999996724 2.1660348184715483e-06
184.71999999996723 2.165896787432214e-06
184.72999999996722 2.1657587166316696e-06
184.7399999999672 2.165620606069916e-06
184.7499999999672 2.1654824557469503e-06
184.7599999999672 2.1653442656627764e-06
184.76999999996718 2.165206035817392e-06
184.77999999996717 2.1650677662108e-06
184.78999999996716 2.1649294568429934e-06
184.79999999996716 2.164791107713983e-06
184.80999999996715 2.1646527188237603e-06
184.81999999996714 2.164514290172328e-06
184.82999999996713 2.1643758217596863e-06
184.83999999996712 2.1642373135858348e-06
184.8499999999671 2.1640987656507744e-06
184.8599999999671 2.163960177954504e-06
184.8699999999671 2.1638215504970215e-06
184.87999999996708 2.1636828832783316e-06
184.88999999996707 2.163544176298433e-06
184.89999999996706 2.163405429557324e-06
184.90999999996706 2.1632666430550045e-06
184.91999999996705 2.163127816791476e-06
184.92999999996704 2.1629889507667374e-06
184.93999999996703 2.162850044980791e-06
184.94999999996702 2.1627110994336302e-06
184.959999999967 2.1625721141252636e-06
184.969999999967 2.1624330890556864e-06
184.979999999967 2.162294024224901e-06
184.98999999996698 2.1621549196329033e-06
184.99999999996697 2.1620157752796966e-06
185.00999999996696 2.1618765911652823e-06
185.01999999996696 2.1617373672896574e-06
185.02999999996695 2.1615981036528225e-06
185.03999999996694 2.1614588002547782e-06
185.04999999996693 2.161319457095525e-06
185.05999999996692 2.161180074175062e-06
185.0699999999669 2.1610406514933856e-06
185.0799999999669 2.1609011890505017e-06
185.0899999999669 2.1607616868464102e-06
185.09999999996688 2.160622144881108e-06
185.10999999996687 2.160482563154595e-06
185.11999999996686 2.1603429416668717e-06
185.12999999996686 2.160203280417943e-06
185.13999999996685 2.1600635794078023e-06
185.14999999996684 2.1599238386364493e-06
185.15999999996683 2.159784058103888e-06
185.16999999996682 2.1596442378101183e-06
185.1799999999668 2.1595043777551404e-06
185.1899999999668 2.1593644779389485e-06
185.1999999999668 2.1592245383615517e-06
185.20999999996678 2.1590845590229417e-06
185.21999999996677 2.158944539923124e-06
185.22999999996676 2.158804481062092e-06
185.23999999996676 2.1586643824398553e-06
185.24999999996675 2.158524244056408e-06
185.25999999996674 2.158384065911753e-06
185.26999999996673 2.1582438480058854e-06
185.27999999996672 2.1581035903388088e-06
185.2899999999667 2.1579632929105216e-06
185.2999999999667 2.157822955721027e-06
185.3099999999667 2.157682578770321e-06
185.31999999996668 2.1575421620584054e-06
185.32999999996667 2.157401705585281e-06
185.33999999996666 2.157261209350948e-06
185.34999999996666 2.157120673355402e-06
185.35999999996665 2.1569800975986494e-06
185.36999999996664 2.1568394820806864e-06
185.37999999996663 2.156698826801513e-06
185.38999999996662 2.156558131761127e-06
185.3999999999666 2.1564173969595374e-06
185.4099999999666 2.156276622396736e-06
185.4199999999666 2.1561358080727244e-06
185.42999999996658 2.155994953987501e-06
185.43999999996657 2.1558540601410714e-06
185.44999999996656 2.15571312653343e-06
185.45999999996656 2.155572153164581e-06
185.46999999996655 2.155431140034519e-06
185.47999999996654 2.155290087143251e-06
185.48999999996653 2.1551489944907713e-06
185.49999999996652 2.1550078620770826e-06
185.5099999999665 2.154866689902182e-06
185.5199999999665 2.1547254779660753e-06
185.5299999999665 2.1545842262687566e-06
185.53999999996648 2.154442934810228e-06
185.54999999996647 2.1543016035904915e-06
185.55999999996646 2.154160232609545e-06
185.56999999996646 2.1540188218673893e-06
185.57999999996645 2.153877371364024e-06
185.58999999996644 2.1537358810994445e-06
185.59999999996643 2.153594351073661e-06
185.60999999996642 2.153452781286665e-06
185.6199999999664 2.1533111717384596e-06
185.6299999999664 2.153169522429045e-06
185.6399999999664 2.153027833358421e-06
185.64999999996638 2.1528861045265895e-06
185.65999999996637 2.1527443359335452e-06
185.66999999996636 2.152602527579289e-06
185.67999999996636 2.1524606794638284e-06
185.68999999996635 2.152318791587157e-06
185.69999999996634 2.1521768639492753e-06
185.70999999996633 2.1520348965501795e-06
185.71999999996632 2.15189288938988e-06
185.7299999999663 2.1517508424683686e-06
185.7399999999663 2.15160875578565e-06
185.7499999999663 2.151466629341717e-06
185.75999999996628 2.1513244631365772e-06
185.76999999996627 2.151182257170228e-06
185.77999999996626 2.151040011442669e-06
185.78999999996626 2.1508977259538986e-06
185.79999999996625 2.1507554007039193e-06
185.80999999996624 2.1506130356927312e-06
185.81999999996623 2.150470630920334e-06
185.82999999996622 2.1503281863867247e-06
185.8399999999662 2.1501857020919096e-06
185.8499999999662 2.1500431780358815e-06
185.8599999999662 2.1499006142186457e-06
185.86999999996618 2.149758010640197e-06
185.87999999996617 2.1496153673005405e-06
185.88999999996616 2.149472684199675e-06
185.89999999996616 2.1493299613376007e-06
185.90999999996615 2.149187198714313e-06
185.91999999996614 2.1490443963298196e-06
185.92999999996613 2.1489015541841172e-06
185.93999999996612 2.148758672277204e-06
185.9499999999661 2.148615750609078e-06
185.9599999999661 2.148472789179746e-06
185.9699999999661 2.148329787989203e-06
185.97999999996608 2.1481867470374494e-06
185.98999999996607 2.1480436663244875e-06
185.99999999996606 2.1479005458503156e-06
186.00999999996606 2.147757385614933e-06
186.01999999996605 2.147614185618343e-06
186.02999999996604 2.14747094586054e-06
186.03999999996603 2.147327666341528e-06
186.04999999996602 2.147184347061312e-06
186.059999999966 2.1470409880198824e-06
186.069999999966 2.146897589217239e-06
186.079999999966 2.1467541506533913e-06
186.08999999996598 2.146610672328332e-06
186.09999999996597 2.1464671542420636e-06
186.10999999996596 2.146323596394585e-06
186.11999999996596 2.1461799987858983e-06
186.12999999996595 2.1460363614160003e-06
186.13999999996594 2.1458926842848947e-06
186.14999999996593 2.1457489673925755e-06
186.15999999996592 2.145605210739048e-06
186.1699999999659 2.145461414324313e-06
186.1799999999659 2.145317578148366e-06
186.1899999999659 2.1451737022112114e-06
186.19999999996588 2.145029786512848e-06
186.20999999996587 2.144885831053271e-06
186.21999999996586 2.1447418358324883e-06
186.22999999996586 2.144597800850491e-06
186.23999999996585 2.144453726107288e-06
186.24999999996584 2.1443096116028755e-06
186.25999999996583 2.1441654573372514e-06
186.26999999996582 2.1440212633104184e-06
186.2799999999658 2.143877029522376e-06
186.2899999999658 2.1437327559731255e-06
186.2999999999658 2.143588442662663e-06
186.30999999996578 2.1434440895909912e-06
186.31999999996577 2.1432996967581106e-06
186.32999999996576 2.14315526416402e-06
186.33999999996576 2.14301079180872e-06
186.34999999996575 2.1428662796922085e-06
186.35999999996574 2.1427217278144882e-06
186.36999999996573 2.14257713617556e-06
186.37999999996572 2.1424325047754216e-06
186.3899999999657 2.14228783361407e-06
186.3999999999657 2.142143122691514e-06
186.4099999999657 2.1419983720077474e-06
186.41999999996568 2.141853581562769e-06
186.42999999996567 2.141708751356579e-06
186.43999999996566 2.141563881389183e-06
186.44999999996566 2.1414189716605763e-06
186.45999999996565 2.1412740221707594e-06
186.46999999996564 2.1411290329197334e-06
186.47999999996563 2.140984003907499e-06
186.48999999996562 2.1408389351340538e-06
186.4999999999656 2.1406938265994e-06
186.5099999999656 2.1405486783035324e-06
186.5199999999656 2.140403490246459e-06
186.52999999996558 2.1402582624281757e-06
186.53999999996557 2.1401129948486817e-06
186.54999999996556 2.139967687507976e-06
186.55999999996556 2.1398223404060654e-06
186.56999999996555 2.1396769535429432e-06
186.57999999996554 2.1395315269186104e-06
186.58999999996553 2.1393860605330667e-06
186.59999999996552 2.139240554386316e-06
186.6099999999655 2.1390950084783543e-06
186.6199999999655 2.138949422809184e-06
186.6299999999655 2.138803797378802e-06
186.63999999996548 2.1386581321872126e-06
186.64999999996547 2.1385124272344145e-06
186.65999999996546 2.1383666825204037e-06
186.66999999996546 2.1382208980451836e-06
186.67999999996545 2.138075073808755e-06
186.68999999996544 2.137929209811118e-06
186.69999999996543 2.1377833060522686e-06
186.70999999996542 2.13763736253221e-06
186.7199999999654 2.137491379250943e-06
186.7299999999654 2.1373453562084663e-06
186.7399999999654 2.1371992934047796e-06
186.74999999996538 2.1370531908398824e-06
186.75999999996537 2.136907048513775e-06
186.76999999996536 2.13676086642646e-06
186.77999999996536 2.1366146445779363e-06
186.78999999996535 2.1364683829681994e-06
186.79999999996534 2.136322081597256e-06
186.80999999996533 2.1361757404651e-06
186.81999999996532 2.1360293595717373e-06
186.8299999999653 2.1358829389171634e-06
186.8399999999653 2.135736478501379e-06
186.8499999999653 2.135589978324388e-06
186.85999999996528 2.135443438386184e-06
186.86999999996527 2.13529685868677e-06
186.87999999996526 2.1351502392261484e-06
186.88999999996526 2.1350035800043166e-06
186.89999999996525 2.134856881021277e-06
186.90999999996524 2.1347101422770228e-06
186.91999999996523 2.134563363771564e-06
186.92999999996522 2.1344165455048922e-06
186.9399999999652 2.134269687477014e-06
186.9499999999652 2.134122789687921e-06
186.9599999999652 2.133975852137621e-06
186.96999999996518 2.1338288748261135e-06
186.97999999996517 2.1336818577533953e-06
186.98999999996516 2.1335348009194657e-06
186.99999999996515 2.13338770432433e-06
187.00999999996515 2.133240567967982e-06
187.01999999996514 2.1330933918504255e-06
187.02999999996513 2.132946175971656e-06
187.03999999996512 2.132798920331681e-06
187.0499999999651 2.132651624930495e-06
187.0599999999651 2.1325042897680998e-06
187.0699999999651 2.1323569148444917e-06
187.07999999996508 2.1322095001596757e-06
187.08999999996507 2.132062045713654e-06
187.09999999996506 2.131914551506419e-06
187.10999999996505 2.1317670175379732e-06
187.11999999996505 2.131619443808322e-06
187.12999999996504 2.1314718303174556e-06
187.13999999996503 2.1313241770653848e-06
187.14999999996502 2.131176484052099e-06
187.159999999965 2.1310287512776077e-06
187.169999999965 2.130880978741906e-06
187.179999999965 2.1307331664449934e-06
187.18999999996498 2.130585314386871e-06
187.19999999996497 2.13043742256754e-06
187.20999999996496 2.130289490986999e-06
187.21999999996495 2.13014151964525e-06
187.22999999996495 2.1299935085422875e-06
187.23999999996494 2.1298454576781184e-06
187.24999999996493 2.1296973670527397e-06
187.25999999996492 2.129549236666152e-06
187.2699999999649 2.129401066518351e-06
187.2799999999649 2.1292528566093434e-06
187.2899999999649 2.129104606939125e-06
187.29999999996488 2.128956317507698e-06
187.30999999996487 2.1288079883150573e-06
187.31999999996486 2.1286596193612115e-06
187.32999999996485 2.1285112106461555e-06
187.33999999996485 2.1283627621698903e-06
187.34999999996484 2.1282142739324124e-06
187.35999999996483 2.1280657459337252e-06
187.36999999996482 2.1279171781738305e-06
187.3799999999648 2.127768570652727e-06
187.3899999999648 2.127619923370409e-06
187.3999999999648 2.127471236326887e-06
187.40999999996478 2.1273225095221528e-06
187.41999999996477 2.1271737429562117e-06
187.42999999996476 2.127024936629054e-06
187.43999999996475 2.1268760905406914e-06
187.44999999996475 2.1267272046911208e-06
187.45999999996474 2.1265782790803383e-06
187.46999999996473 2.126429313708346e-06
187.47999999996472 2.1262803085751434e-06
187.4899999999647 2.126131263680732e-06
187.4999999999647 2.125982179025111e-06
187.5099999999647 2.12583305460828e-06
187.51999999996468 2.125683890430239e-06
187.52999999996467 2.12553468649099e-06
187.53999999996466 2.125385442790531e-06
187.54999999996465 2.12523615932886e-06
187.55999999996465 2.1250868361059828e-06
187.56999999996464 2.124937473121894e-06
187.57999999996463 2.124788070376596e-06
187.58999999996462 2.1246386278700854e-06
187.5999999999646 2.1244891456023684e-06
187.6099999999646 2.1243396235734426e-06
187.6199999999646 2.124190061783306e-06
187.62999999996458 2.124040460231958e-06
187.63999999996457 2.1238908189194026e-06
187.64999999996456 2.1237411378456368e-06
187.65999999996455 2.1235914170106616e-06
187.66999999996455 2.1234416564144737e-06
187.67999999996454 2.1232918560570796e-06
187.68999999996453 2.1231420159384766e-06
187.69999999996452 2.122992136058663e-06
187.7099999999645 2.122842216417637e-06
187.7199999999645 2.122692257015404e-06
187.7299999999645 2.122542257851961e-06
187.73999999996448 2.122392218927309e-06
187.74999999996447 2.1222421402414452e-06
187.75999999996446 2.1220920217943726e-06
187.76999999996445 2.1219418635860925e-06
187.77999999996445 2.121791665616601e-06
187.78999999996444 2.1216414278858984e-06
187.79999999996443 2.1214911503939874e-06
187.80999999996442 2.121340833140867e-06
187.8199999999644 2.1211904761265377e-06
187.8299999999644 2.1210400793509972e-06
187.8399999999644 2.1208896428142462e-06
187.84999999996438 2.120739166516289e-06
187.85999999996437 2.120588650457121e-06
187.86999999996436 2.120438094636739e-06
187.87999999996435 2.1202874990551523e-06
187.88999999996435 2.1201368637123554e-06
187.89999999996434 2.1199861886083474e-06
187.90999999996433 2.119835473743131e-06
187.91999999996432 2.119684719116704e-06
187.9299999999643 2.1195339247290684e-06
187.9399999999643 2.1193830905802225e-06
187.9499999999643 2.119232216670166e-06
187.95999999996428 2.1190813029989003e-06
187.96999999996427 2.118930349566425e-06
187.97999999996426 2.1187793563727415e-06
187.98999999996425 2.118628323417845e-06
187.99999999996425 2.1184772507017414e-06
188.00999999996424 2.1183261382244284e-06
188.01999999996423 2.1181749859859062e-06
188.02999999996422 2.11802379398617e-06
188.0399999999642 2.117872562225229e-06
188.0499999999642 2.117721290703077e-06
188.0599999999642 2.1175699794197157e-06
188.06999999996418 2.117418628375142e-06
188.07999999996417 2.1172672375693612e-06
188.08999999996416 2.11711580700237e-06
188.09999999996415 2.116964336674171e-06
188.10999999996415 2.11681282658476e-06
188.11999999996414 2.1166612767341405e-06
188.12999999996413 2.1165096871223108e-06
188.13999999996412 2.116358057749273e-06
188.1499999999641 2.116206388615021e-06
188.1599999999641 2.1160546797195617e-06
188.1699999999641 2.115902931062896e-06
188.17999999996408 2.1157511426450157e-06
188.18999999996407 2.115599314465929e-06
188.19999999996406 2.1154474465256323e-06
188.20999999996405 2.1152955388241254e-06
188.21999999996405 2.1151435913614096e-06
188.22999999996404 2.1149916041374816e-06
188.23999999996403 2.114839577152345e-06
188.24999999996402 2.1146875104060007e-06
188.259999999964 2.1145354038984466e-06
188.269999999964 2.1143832576296802e-06
188.279999999964 2.1142310715997063e-06
188.28999999996398 2.114078845808522e-06
188.29999999996397 2.1139265802561293e-06
188.30999999996396 2.113774274942523e-06
188.31999999996395 2.1136219298677105e-06
188.32999999996395 2.113469545031688e-06
188.33999999996394 2.1133171204344563e-06
188.34999999996393 2.113164656076013e-06
188.35999999996392 2.113012151956361e-06
188.3699999999639 2.112859608075501e-06
188.3799999999639 2.1127070244334303e-06
188.3899999999639 2.1125544010301484e-06
188.39999999996388 2.112401737865659e-06
188.40999999996387 2.112249034939959e-06
188.41999999996386 2.1120962922530504e-06
188.42999999996385 2.1119435098049276e-06
188.43999999996385 2.1117906875955993e-06
188.44999999996384 2.111637825625061e-06
188.45999999996383 2.1114849238933124e-06
188.46999999996382 2.1113319824003546e-06
188.4799999999638 2.111179001146188e-06
188.4899999999638 2.1110259801308094e-06
188.4999999999638 2.1108729193542225e-06
188.50999999996378 2.110719818816425e-06
188.51999999996377 2.1105666785174183e-06
188.52999999996376 2.1104134984572015e-06
188.53999999996375 2.1102602786357783e-06
188.54999999996375 2.110107019053141e-06
188.55999999996374 2.109953719709296e-06
188.56999999996373 2.109800380604243e-06
188.57999999996372 2.109647001737979e-06
188.5899999999637 2.1094935831105026e-06
188.5999999999637 2.1093401247218204e-06
188.6099999999637 2.1091866265719264e-06
188.61999999996368 2.109033088660825e-06
188.62999999996367 2.10887951098851e-06
188.63999999996366 2.1087258935549896e-06
188.64999999996365 2.108572236360258e-06
188.65999999996365 2.1084185394043155e-06
188.66999999996364 2.1082648026871625e-06
188.67999999996363 2.108111026208803e-06
188.68999999996362 2.107957209969233e-06
188.6999999999636 2.107803353968453e-06
188.7099999999636 2.1076494582064617e-06
188.7199999999636 2.1074955226832623e-06
188.72999999996358 2.107341547398854e-06
188.73999999996357 2.107187532353234e-06
188.74999999996356 2.1070334775464054e-06
188.75999999996355 2.106879382978367e-06
188.76999999996355 2.1067252486491218e-06
188.77999999996354 2.1065710745586646e-06
188.78999999996353 2.1064168607069934e-06
188.79999999996352 2.106262607094118e-06
188.8099999999635 2.1061083137200314e-06
188.8199999999635 2.105953980584737e-06
188.8299999999635 2.1057996076882284e-06
188.83999999996348 2.1056451950305135e-06
188.84999999996347 2.105490742611588e-06
188.85999999996346 2.105336250431454e-06
188.86999999996345 2.105181718490109e-06
188.87999999996345 2.1050271467875557e-06
188.88999999996344 2.1048725353237906e-06
188.89999999996343 2.104717884098819e-06
188.90999999996342 2.1045631931126346e-06
188.9199999999634 2.104408462365241e-06
188.9299999999634 2.10425369185664e-06
188.9399999999634 2.1040988815868286e-06
188.94999999996338 2.103944031555803e-06
188.95999999996337 2.103789141763574e-06
188.96999999996336 2.103634212210133e-06
188.97999999996335 2.103479242895483e-06
188.98999999996335 2.1033242338196212e-06
188.99999999996334 2.1031691849825524e-06
189.00999999996333 2.1030140963842725e-06
189.01999999996332 2.102858968024783e-06
189.0299999999633 2.102703799904083e-06
189.0399999999633 2.1025485920221748e-06
189.0499999999633 2.1023933443790565e-06
189.05999999996328 2.10223805697473e-06
189.06999999996327 2.1020827298091897e-06
189.07999999996326 2.1019273628824433e-06
189.08999999996325 2.1017719561944854e-06
189.09999999996325 2.10161650974532e-06
189.10999999996324 2.1014610235349427e-06
189.11999999996323 2.101305497563358e-06
189.12999999996322 2.1011499318305625e-06
189.1399999999632 2.1009943263365586e-06
189.1499999999632 2.10083868108134e-06
189.1599999999632 2.1006829960649177e-06
189.16999999996318 2.1005272712872814e-06
189.17999999996317 2.1003715067484388e-06
189.18999999996316 2.1002157024483843e-06
189.19999999996315 2.100059858387121e-06
189.20999999996315 2.099903974564649e-06
189.21999999996314 2.0997480509809675e-06
189.22999999996313 2.099592087636072e-06
189.23999999996312 2.0994360845299714e-06
189.2499999999631 2.099280041662659e-06
189.2599999999631 2.0991239590341394e-06
189.2699999999631 2.0989678366444078e-06
189.27999999996308 2.098811674493466e-06
189.28999999996307 2.098655472581318e-06
189.29999999996306 2.0984992309079586e-06
189.30999999996305 2.098342949473387e-06
189.31999999996304 2.098186628277607e-06
189.32999999996304 2.0980302673206188e-06
189.33999999996303 2.097873866602422e-06
189.34999999996302 2.0977174261230122e-06
189.359999999963 2.0975609458823954e-06
189.369999999963 2.0974044258805677e-06
189.379999999963 2.097247866117531e-06
189.38999999996298 2.0970912665932827e-06
189.39999999996297 2.0969346273078276e-06
189.40999999996296 2.096777948261161e-06
189.41999999996295 2.096621229453287e-06
189.42999999996294 2.096464470884199e-06
189.43999999996294 2.0963076725539045e-06
189.44999999996293 2.096150834462399e-06
189.45999999996292 2.0959939566096854e-06
189.4699999999629 2.09583703899576e-06
189.4799999999629 2.0956800816206293e-06
189.4899999999629 2.0955230844842843e-06
189.49999999996288 2.0953660475867317e-06
189.50999999996287 2.095208970927966e-06
189.51999999996286 2.095051854507996e-06
189.52999999996285 2.0948946983268125e-06
189.53999999996284 2.094737502384423e-06
189.54999999996284 2.09458026668082e-06
189.55999999996283 2.0944229912160085e-06
189.56999999996282 2.094265675989989e-06
189.5799999999628 2.094108321002759e-06
189.5899999999628 2.093950926254317e-06
189.5999999999628 2.0937934917446677e-06
189.60999999996278 2.093636017473809e-06
189.61999999996277 2.0934785034417404e-06
189.62999999996276 2.093320949648462e-06
189.63999999996275 2.0931633560939734e-06
189.64999999996274 2.0930057227782767e-06
189.65999999996274 2.092848049701369e-06
189.66999999996273 2.0926903368632494e-06
189.67999999996272 2.092532584263923e-06
189.6899999999627 2.0923747919033867e-06
189.6999999999627 2.0922169597816427e-06
189.7099999999627 2.092059087898683e-06
189.71999999996268 2.0919011762545184e-06
189.72999999996267 2.091743224849144e-06
189.73999999996266 2.0915852336825583e-06
189.74999999996265 2.0914272027547646e-06
189.75999999996264 2.0912691320657603e-06
189.76999999996264 2.0911110216155454e-06
189.77999999996263 2.0909528714041243e-06
189.78999999996262 2.0907946814314888e-06
189.7999999999626 2.0906364516976444e-06
189.8099999999626 2.0904781822025925e-06
189.8199999999626 2.0903198729463317e-06
189.82999999996258 2.090161523928858e-06
189.83999999996257 2.0900031351501776e-06
189.84999999996256 2.089844706610288e-06
189.85999999996255 2.0896862383091873e-06
189.86999999996254 2.0895277302468733e-06
189.87999999996254 2.089369182423356e-06
189.88999999996253 2.0892105948386257e-06
189.89999999996252 2.089051967492686e-06
189.9099999999625 2.0888933003855354e-06
189.9199999999625 2.088734593517178e-06
189.9299999999625 2.088575846887609e-06
189.93999999996248 2.088417060496831e-06
189.94999999996247 2.0882582343448427e-06
189.95999999996246 2.088099368431644e-06
189.96999999996245 2.087940462757237e-06
189.97999999996244 2.0877815173216213e-06
189.98999999996244 2.0876225321247943e-06
189.99999999996243 2.087463507166759e-06
190.00999999996242 2.087304442447514e-06
190.0199999999624 2.087145337967059e-06
190.0299999999624 2.086986193725391e-06
190.0399999999624 2.0868270097225175e-06
190.04999999996238 2.0866677859584345e-06
190.05999999996237 2.086508522433142e-06
190.06999999996236 2.0863492191466356e-06
190.07999999996235 2.0861898760989226e-06
190.08999999996234 2.0860304932899995e-06
190.09999999996234 2.085871070719867e-06
190.10999999996233 2.0857116083885247e-06
190.11999999996232 2.085552106295972e-06
190.1299999999623 2.0853925644422114e-06
190.1399999999623 2.0852329828272394e-06
190.1499999999623 2.0850733614510586e-06
190.15999999996228 2.084913700313667e-06
190.16999999996227 2.084753999415068e-06
190.17999999996226 2.0845942587552574e-06
190.18999999996225 2.0844344783342377e-06
190.19999999996224 2.0842746581520092e-06
190.20999999996224 2.08411479820857e-06
190.21999999996223 2.0839548985039227e-06
190.22999999996222 2.0837949590380605e-06
190.2399999999622 2.0836349798109944e-06
190.2499999999622 2.083474960822717e-06
190.2599999999622 2.083314902073229e-06
190.26999999996218 2.0831548035625327e-06
190.27999999996217 2.082994665290627e-06
190.28999999996216 2.0828344872575095e-06
190.29999999996215 2.0826742694631844e-06
190.30999999996214 2.082514011907648e-06
190.31999999996214 2.0823537145909022e-06
190.32999999996213 2.082193377512948e-06
190.33999999996212 2.0820330006737855e-06
190.3499999999621 2.081872584073409e-06
190.3599999999621 2.081712127711826e-06
190.3699999999621 2.081551631589032e-06
190.37999999996208 2.0813910957050284e-06
190.38999999996207 2.0812305200598148e-06
190.39999999996206 2.081069904653395e-06
190.40999999996205 2.080909249485763e-06
190.41999999996204 2.0807485545569195e-06
190.42999999996204 2.0805878198668662e-06
190.43999999996203 2.0804270454156062e-06
190.44999999996202 2.080266231203135e-06
190.459999999962 2.0801053772294554e-06
190.469999999962 2.0799444834945646e-06
190.479999999962 2.0797835499984663e-06
190.48999999996198 2.0796225767411573e-06
190.49999999996197 2.0794615637226383e-06
190.50999999996196 2.0793005109429074e-06
190.51999999996195 2.079139418401969e-06
190.52999999996194 2.0789782860998217e-06
190.53999999996194 2.0788171140364643e-06
190.54999999996193 2.0786559022118963e-06
190.55999999996192 2.0784946506261195e-06
190.5699999999619 2.0783333592791334e-06
190.5799999999619 2.078172028170937e-06
190.5899999999619 2.078010657301529e-06
190.59999999996188 2.0778492466709123e-06
190.60999999996187 2.077687796279088e-06
190.61999999996186 2.0775263061260545e-06
190.62999999996185 2.077364776211808e-06
190.63999999996184 2.077203206536354e-06
190.64999999996184 2.077041597099691e-06
190.65999999996183 2.0768799479018192e-06
190.66999999996182 2.0767182589427315e-06
190.6799999999618 2.0765565302224417e-06
190.6899999999618 2.07639476174094e-06
190.6999999999618 2.0762329534982283e-06
190.70999999996178 2.0760711054943035e-06
190.71999999996177 2.0759092177291723e-06
190.72999999996176 2.075747290202832e-06
190.73999999996175 2.0755853229152818e-06
190.74999999996174 2.0754233158665194e-06
190.75999999996174 2.0752612690565495e-06
190.76999999996173 2.07509918248537e-06
190.77999999996172 2.0749370561529796e-06
190.7899999999617 2.074774890059379e-06
190.7999999999617 2.0746126842045706e-06
190.8099999999617 2.0744504385885534e-06
190.81999999996168 2.0742881532113244e-06
190.82999999996167 2.0741258280728866e-06
190.83999999996166 2.0739634631732382e-06
190.84999999996165 2.0738010585123827e-06
190.85999999996164 2.0736386140903166e-06
190.86999999996164 2.0734761299070374e-06
190.87999999996163 2.073313605962552e-06
190.88999999996162 2.073151042256855e-06
190.8999999999616 2.072988438789952e-06
190.9099999999616 2.072825795561834e-06
190.9199999999616 2.0726631125725114e-06
190.92999999996158 2.0725003898219774e-06
190.93999999996157 2.072337627310234e-06
190.94999999996156 2.0721748250372765e-06
190.95999999996155 2.072011983003115e-06
190.96999999996154 2.0718491012077424e-06
190.97999999996154 2.0716861796511595e-06
190.98999999996153 2.071523218333366e-06
190.99999999996152 2.0713602172543625e-06
191.0099999999615 2.0711971764141535e-06
191.0199999999615 2.0710340958127318e-06
191.0299999999615 2.0708709754500987e-06
191.03999999996148 2.0707078153262593e-06
191.04999999996147 2.0705446154412077e-06
191.05999999996146 2.07038137579495e-06
191.06999999996145 2.0702180963874783e-06
191.07999999996144 2.0700547772188e-06
191.08999999996144 2.0698914182889105e-06
191.09999999996143 2.0697280195978117e-06
191.10999999996142 2.069564581145501e-06
191.1199999999614 2.0694011029319857e-06
191.1299999999614 2.0692375849572573e-06
191.1399999999614 2.0690740272213214e-06
191.14999999996138 2.0689104297241723e-06
191.15999999996137 2.0687467924658157e-06
191.16999999996136 2.068583115446249e-06
191.17999999996135 2.0684193986654742e-06
191.18999999996134 2.068255642123488e-06
191.19999999996134 2.068091845820293e-06
191.20999999996133 2.067928009755889e-06
191.21999999996132 2.067764133930273e-06
191.2299999999613 2.067600218343447e-06
191.2399999999613 2.0674362629954144e-06
191.2499999999613 2.0672722678861705e-06
191.25999999996128 2.0671082330157186e-06
191.26999999996127 2.0669441583840544e-06
191.27999999996126 2.066780043991182e-06
191.28999999996125 2.066615889837101e-06
191.29999999996124 2.0664516959218093e-06
191.30999999996124 2.066287462245306e-06
191.31999999996123 2.066123188807594e-06
191.32999999996122 2.065958875608674e-06
191.3399999999612 2.065794522648545e-06
191.3499999999612 2.065630129927202e-06
191.3599999999612 2.065465697444654e-06
191.36999999996118 2.065301225200893e-06
191.37999999996117 2.0651367131959255e-06
191.38999999996116 2.0649721614297454e-06
191.39999999996115 2.0648075699023585e-06
191.40999999996114 2.0646429386137603e-06
191.41999999996114 2.064478267563953e-06
191.42999999996113 2.064313556752933e-06
191.43999999996112 2.0641488061807065e-06
191.4499999999611 2.0639840158472695e-06
191.4599999999611 2.0638191857526236e-06
191.4699999999611 2.0636543158967676e-06
191.47999999996108 2.0634894062797014e-06
191.48999999996107 2.063324456901426e-06
191.49999999996106 2.063159467761943e-06
191.50999999996105 2.0629944388612457e-06
191.51999999996104 2.062829370199342e-06
191.52999999996103 2.062664261776227e-06
191.53999999996103 2.062499113591904e-06
191.54999999996102 2.0623339256463707e-06
191.559999999961 2.062168697939627e-06
191.569999999961 2.0620034304716744e-06
191.579999999961 2.0618381232425134e-06
191.58999999996098 2.0616727762521384e-06
191.59999999996097 2.0615073895005568e-06
191.60999999996096 2.0613419629877667e-06
191.61999999996095 2.061176496713767e-06
191.62999999996094 2.0610109906785552e-06
191.63999999996093 2.0608454448821335e-06
191.64999999996093 2.060679859324505e-06
191.65999999996092 2.060514234005665e-06
191.6699999999609 2.0603485689256135e-06
191.6799999999609 2.060182864084356e-06
191.6899999999609 2.0600171194818873e-06
191.69999999996088 2.0598513351182104e-06
191.70999999996087 2.0596855109933203e-06
191.71999999996086 2.059519647107224e-06
191.72999999996085 2.0593537434599158e-06
191.73999999996084 2.0591878000513987e-06
191.74999999996083 2.0590218168816716e-06
191.75999999996083 2.0588557939507364e-06
191.76999999996082 2.058689731258591e-06
191.7799999999608 2.058523628805237e-06
191.7899999999608 2.0583574865906697e-06
191.7999999999608 2.058191304614895e-06
191.80999999996078 2.05802508287791e-06
191.81999999996077 2.057858821379717e-06
191.82999999996076 2.057692520120311e-06
191.83999999996075 2.057526179099698e-06
191.84999999996074 2.0573597983178754e-06
191.85999999996073 2.057193377774843e-06
191.86999999996073 2.057026917470598e-06
191.87999999996072 2.0568604174051465e-06
191.8899999999607 2.0566938775784852e-06
191.8999999999607 2.0565272979906143e-06
191.9099999999607 2.056360678641533e-06
191.91999999996068 2.056194019531242e-06
191.92999999996067 2.056027320659741e-06
191.93999999996066 2.0558605820270314e-06
191.94999999996065 2.05569380363311e-06
191.95999999996064 2.055526985477981e-06
191.96999999996063 2.0553601275616427e-06
191.97999999996063 2.055193229884093e-06
191.98999999996062 2.0550262924453347e-06
191.9999999999606 2.0548593152453667e-06
192.0099999999606 2.0546922982841887e-06
192.0199999999606 2.054525241561802e-06
192.02999999996058 2.0543581450782035e-06
192.03999999996057 2.054191008833396e-06
192.04999999996056 2.054023832827382e-06
192.05999999996055 2.0538566170601563e-06
192.06999999996054 2.053689361531719e-06
192.07999999996053 2.0535220662420745e-06
192.08999999996053 2.0533547311912197e-06
192.09999999996052 2.0531873563791544e-06
192.1099999999605 2.0530199418058797e-06
192.1199999999605 2.052852487471395e-06
192.1299999999605 2.0526849933757027e-06
192.13999999996048 2.052517459518799e-06
192.14999999996047 2.0523498859006847e-06
192.15999999996046 2.052182272521363e-06
192.16999999996045 2.052014619380831e-06
192.17999999996044 2.0518469264790884e-06
192.18999999996043 2.0516791938161357e-06
192.19999999996043 2.051511421391975e-06
192.20999999996042 2.0513436092066043e-06
192.2199999999604 2.0511757572600234e-06
192.2299999999604 2.051007865552232e-06
192.2399999999604 2.050839934083233e-06
192.24999999996038 2.0506719628530247e-06
192.25999999996037 2.050503951861604e-06
192.26999999996036 2.0503359011089752e-06
192.27999999996035 2.0501678105951366e-06
192.28999999996034 2.0499996803200874e-06
192.29999999996033 2.049831510283832e-06
192.30999999996033 2.0496633004863624e-06
192.31999999996032 2.0494950509276845e-06
192.3299999999603 2.0493267616077995e-06
192.3399999999603 2.049158432526702e-06
192.3499999999603 2.048990063684395e-06
192.35999999996028 2.04882165508088e-06
192.36999999996027 2.0486532067161548e-06
192.37999999996026 2.0484847185902195e-06
192.38999999996025 2.0483161907030712e-06
192.39999999996024 2.048147623054721e-06
192.40999999996023 2.0479790156451557e-06
192.41999999996023 2.047810368474382e-06
192.42999999996022 2.0476416815423967e-06
192.4399999999602 2.047472954849205e-06
192.4499999999602 2.0473041883948014e-06
192.4599999999602 2.0471353821791895e-06
192.46999999996018 2.0469665362023665e-06
192.47999999996017 2.0467976504643348e-06
192.48999999996016 2.046628724965094e-06
192.49999999996015 2.0464597597046434e-06
192.50999999996014 2.046290754682982e-06
192.51999999996013 2.0461217099001102e-06
192.52999999996013 2.045952625356031e-06
192.53999999996012 2.0457835010507417e-06
192.5499999999601 2.045614336984242e-06
192.5599999999601 2.0454451331565318e-06
192.5699999999601 2.0452758895676127e-06
192.57999999996008 2.045106606217486e-06
192.58999999996007 2.044937283106145e-06
192.59999999996006 2.044767920233599e-06
192.60999999996005 2.044598517599843e-06
192.61999999996004 2.044429075204875e-06
192.62999999996003 2.044259593048698e-06
192.63999999996003 2.044090071131312e-06
192.64999999996002 2.043920509452716e-06
192.65999999996 2.043750908012911e-06
192.66999999996 2.043581266811894e-06
192.67999999996 2.0434115858496683e-06
192.68999999995998 2.0432418651262375e-06
192.69999999995997 2.043072104641591e-06
192.70999999995996 2.0429023043957366e-06
192.71999999995995 2.042732464388673e-06
192.72999999995994 2.0425625846204008e-06
192.73999999995993 2.0423926650909172e-06
192.74999999995993 2.042222705800223e-06
192.75999999995992 2.0420527067483215e-06
192.7699999999599 2.0418826679352097e-06
192.7799999999599 2.041712589360889e-06
192.7899999999599 2.0415424710253562e-06
192.79999999995988 2.041372312928615e-06
192.80999999995987 2.0412021150706656e-06
192.81999999995986 2.041031877451504e-06
192.82999999995985 2.040861600071134e-06
192.83999999995984 2.0406912829295553e-06
192.84999999995983 2.0405209260267663e-06
192.85999999995983 2.040350529362767e-06
192.86999999995982 2.0401800929375572e-06
192.8799999999598 2.0400096167511388e-06
192.8899999999598 2.0398391008035114e-06
192.8999999999598 2.039668545094675e-06
192.90999999995978 2.0394979496246264e-06
192.91999999995977 2.0393273143933696e-06
192.92999999995976 2.0391566394009035e-06
192.93999999995975 2.03898592464723e-06
192.94999999995974 2.0388151701323405e-06
192.95999999995973 2.038644375856245e-06
192.96999999995973 2.0384735418189416e-06
192.97999999995972 2.038302668020426e-06
192.9899999999597 2.0381317544607014e-06
192.9999999999597 2.037960801139767e-06
193.0099999999597 2.0377898080576225e-06
193.01999999995968 2.0376187752142716e-06
193.02999999995967 2.037447702609705e-06
193.03999999995966 2.0372765902439336e-06
193.04999999995965 2.037105438116953e-06
193.05999999995964 2.036934246228761e-06
193.06999999995963 2.036763014579356e-06
193.07999999995963 2.0365917431687446e-06
193.08999999995962 2.0364204319969245e-06
193.0999999999596 2.0362490810638952e-06
193.1099999999596 2.036077690369653e-06
193.1199999999596 2.035906259914204e-06
193.12999999995958 2.035734789697544e-06
193.13999999995957 2.0355632797196747e-06
193.14999999995956 2.035391729980595e-06
193.15999999995955 2.0352201404803056e-06
193.16999999995954 2.0350485112188084e-06
193.17999999995953 2.0348768421961003e-06
193.18999999995953 2.0347051334121824e-06
193.19999999995952 2.0345333848670553e-06
193.2099999999595 2.034361596560718e-06
193.2199999999595 2.0341897684931715e-06
193.2299999999595 2.034017900664414e-06
193.23999999995948 2.0338459930744485e-06
193.24999999995947 2.0336740457232737e-06
193.25999999995946 2.0335020586108888e-06
193.26999999995945 2.0333300317372925e-06
193.27999999995944 2.033157965102488e-06
193.28999999995943 2.032985858706475e-06
193.29999999995943 2.0328137125492505e-06
193.30999999995942 2.0326415266308154e-06
193.3199999999594 2.0324693009511727e-06
193.3299999999594 2.03229703551032e-06
193.3399999999594 2.032124730308259e-06
193.34999999995938 2.031952385344984e-06
193.35999999995937 2.031780000620503e-06
193.36999999995936 2.0316075761348126e-06
193.37999999995935 2.0314351118879105e-06
193.38999999995934 2.0312626078797986e-06
193.39999999995933 2.03109006411048e-06
193.40999999995933 2.030917480579949e-06
193.41999999995932 2.0307448572882096e-06
193.4299999999593 2.0305721942352577e-06
193.4399999999593 2.0303994914211003e-06
193.4499999999593 2.0302267488457303e-06
193.45999999995928 2.0300539665091514e-06
193.46999999995927 2.0298811444113637e-06
193.47999999995926 2.0297082825523667e-06
193.48999999995925 2.0295353809321596e-06
193.49999999995924 2.029362439550743e-06
193.50999999995923 2.029189458408113e-06
193.51999999995923 2.029016437504277e-06
193.52999999995922 2.028843376839233e-06
193.5399999999592 2.0286702764129768e-06
193.5499999999592 2.02849713622551e-06
193.5599999999592 2.0283239562768364e-06
193.56999999995918 2.028150736566951e-06
193.57999999995917 2.0279774770958573e-06
193.58999999995916 2.027804177863551e-06
193.59999999995915 2.0276308388700385e-06
193.60999999995914 2.027457460115314e-06
193.61999999995913 2.0272840415993826e-06
193.62999999995913 2.027110583322239e-06
193.63999999995912 2.0269370852838867e-06
193.6499999999591 2.0267635474843248e-06
193.6599999999591 2.026589969923553e-06
193.6699999999591 2.026416352601571e-06
193.67999999995908 2.02624269551838e-06
193.68999999995907 2.0260689986739815e-06
193.69999999995906 2.025895262068371e-06
193.70999999995905 2.025721485701549e-06
193.71999999995904 2.0255476695735183e-06
193.72999999995903 2.0253738136842797e-06
193.73999999995902 2.0251999180338322e-06
193.74999999995902 2.0250259826221716e-06
193.759999999959 2.0248520074493035e-06
193.769999999959 2.0246779925152278e-06
193.779999999959 2.0245039378199402e-06
193.78999999995898 2.0243298433634413e-06
193.79999999995897 2.024155709145733e-06
193.80999999995896 2.0239815351668173e-06
193.81999999995895 2.0238073214266913e-06
193.82999999995894 2.023633067925354e-06
193.83999999995893 2.02345877466281e-06
193.84999999995892 2.0232844416390546e-06
193.85999999995892 2.02311006885409e-06
193.8699999999589 2.022935656307912e-06
193.8799999999589 2.02276120400053e-06
193.8899999999589 2.0225867119319354e-06
193.89999999995888 2.0224121801021336e-06
193.90999999995887 2.022237608511119e-06
193.91999999995886 2.022062997158897e-06
193.92999999995885 2.021888346045464e-06
193.93999999995884 2.021713655170824e-06
193.94999999995883 2.021538924534969e-06
193.95999999995882 2.021364154137907e-06
193.96999999995882 2.021189343979637e-06
193.9799999999588 2.0210144940601568e-06
193.9899999999588 2.0208396043794634e-06
193.9999999999588 2.0206646749375655e-06
194.00999999995878 2.020489705734457e-06
194.01999999995877 2.020314696770137e-06
194.02999999995876 2.0201396480446054e-06
194.03999999995875 2.019964559557867e-06
194.04999999995874 2.01978943130992e-06
194.05999999995873 2.0196142633007626e-06
194.06999999995872 2.0194390555303925e-06
194.07999999995872 2.0192638079988157e-06
194.0899999999587 2.01908852070603e-06
194.0999999999587 2.018913193652033e-06
194.1099999999587 2.018737826836824e-06
194.11999999995868 2.01856242026041e-06
194.12999999995867 2.018386973922785e-06
194.13999999995866 2.0182114878239503e-06
194.14999999995865 2.0180359619639018e-06
194.15999999995864 2.017860396342648e-06
194.16999999995863 2.0176847909601824e-06
194.17999999995862 2.01750914581651e-06
194.18999999995862 2.017333460911625e-06
194.1999999999586 2.0171577362455328e-06
194.2099999999586 2.0169819718182316e-06
194.2199999999586 2.0168061676297185e-06
194.22999999995858 2.016630323679993e-06
194.23999999995857 2.016454439969062e-06
194.24999999995856 2.0162785164969204e-06
194.25999999995855 2.016102553263569e-06
194.26999999995854 2.0159265502690075e-06
194.27999999995853 2.0157505075132367e-06
194.28999999995852 2.0155744249962583e-06
194.29999999995852 2.0153983027180686e-06
194.3099999999585 2.0152221406786657e-06
194.3199999999585 2.0150459388780574e-06
194.3299999999585 2.014869697316238e-06
194.33999999995848 2.014693415993212e-06
194.34999999995847 2.0145170949089717e-06
194.35999999995846 2.014340734063524e-06
194.36999999995845 2.0141643334568674e-06
194.37999999995844 2.013987893089e-06
194.38999999995843 2.0138114129599213e-06
194.39999999995842 2.013634893069636e-06
194.40999999995842 2.0134583334181393e-06
194.4199999999584 2.0132817340054353e-06
194.4299999999584 2.013105094831517e-06
194.4399999999584 2.0129284158963918e-06
194.44999999995838 2.0127516972000578e-06
194.45999999995837 2.0125749387425133e-06
194.46999999995836 2.012398140523759e-06
194.47999999995835 2.0122213025437955e-06
194.48999999995834 2.0120444248026215e-06
194.49999999995833 2.0118675073002403e-06
194.50999999995832 2.0116905500366443e-06
194.51999999995832 2.0115135530118424e-06
194.5299999999583 2.0113365162258313e-06
194.5399999999583 2.0111594396786088e-06
194.5499999999583 2.010982323370178e-06
194.55999999995828 2.0108051673005363e-06
194.56999999995827 2.0106279714696855e-06
194.57999999995826 2.0104507358776267e-06
194.58999999995825 2.0102734605243527e-06
194.59999999995824 2.010096145409875e-06
194.60999999995823 2.0099187905341853e-06
194.61999999995822 2.009741395897287e-06
194.62999999995822 2.009563961499177e-06
194.6399999999582 2.009386487339859e-06
194.6499999999582 2.009208973419331e-06
194.6599999999582 2.009031419737594e-06
194.66999999995818 2.0088538262946437e-06
194.67999999995817 2.008676193090489e-06
194.68999999995816 2.0084985201251225e-06
194.69999999995815 2.0083208073985456e-06
194.70999999995814 2.008143054910757e-06
194.71999999995813 2.0079652626617636e-06
194.72999999995812 2.0077874306515585e-06
194.73999999995812 2.007609558880143e-06
194.7499999999581 2.0074316473475196e-06
194.7599999999581 2.007253696053685e-06
194.7699999999581 2.0070757049986414e-06
194.77999999995808 2.0068976741823874e-06
194.78999999995807 2.0067196036049216e-06
194.79999999995806 2.0065414932662494e-06
194.80999999995805 2.0063633431663662e-06
194.81999999995804 2.006185153305276e-06
194.82999999995803 2.0060069236829734e-06
194.83999999995802 2.0058286542994616e-06
194.84999999995802 2.0056503451547405e-06
194.859999999958 2.0054719962488093e-06
194.869999999958 2.005293607581668e-06
194.879999999958 2.0051151791533174e-06
194.88999999995798 2.0049367109637584e-06
194.89999999995797 2.0047582030129884e-06
194.90999999995796 2.0045796553010074e-06
194.91999999995795 2.0044010678278197e-06
194.92999999995794 2.004222440593422e-06
194.93999999995793 2.0040437735978148e-06
194.94999999995792 2.003865066840995e-06
194.95999999995792 2.003686320322966e-06
194.9699999999579 2.0035075340437297e-06
194.9799999999579 2.003328708003284e-06
194.9899999999579 2.0031498422016282e-06
194.99999999995788 2.002970936638762e-06
195.00999999995787 2.0027919913146846e-06
195.01999999995786 2.0026130062294003e-06
195.02999999995785 2.002433981382902e-06
195.03999999995784 2.0022549167751976e-06
195.04999999995783 2.002075812406285e-06
195.05999999995782 2.0018966682761624e-06
195.06999999995782 2.001717484384824e-06
195.0799999999578 2.001538260732284e-06
195.0899999999578 2.0013589973185304e-06
195.0999999999578 2.001179694143568e-06
195.10999999995778 2.0010003512073953e-06
195.11999999995777 2.000820968510012e-06
195.12999999995776 2.0006415460514226e-06
195.13999999995775 2.0004620838316203e-06
195.14999999995774 2.000282581850608e-06
195.15999999995773 2.0001030401083886e-06
195.16999999995772 1.9999234586049567e-06
195.17999999995772 1.9997438373403173e-06
195.1899999999577 1.9995641763144673e-06
195.1999999999577 1.9993844755274084e-06
195.2099999999577 1.9992047349791395e-06
195.21999999995768 1.999024954669661e-06
195.22999999995767 1.998845134598971e-06
195.23999999995766 1.9986652747670727e-06
195.24999999995765 1.998485375173966e-06
195.25999999995764 1.998305435819648e-06
195.26999999995763 1.998125456704121e-06
195.27999999995762 1.997945437827385e-06
195.28999999995762 1.997765379189439e-06
195.2999999999576 1.9975852807902823e-06
195.3099999999576 1.997405142629915e-06
195.3199999999576 1.9972249647083407e-06
195.32999999995758 1.997044747025556e-06
195.33999999995757 1.9968644895815636e-06
195.34999999995756 1.996684192376358e-06
195.35999999995755 1.9965038554099436e-06
195.36999999995754 1.996323478682319e-06
195.37999999995753 1.9961430621934864e-06
195.38999999995752 1.995962605943441e-06
195.39999999995752 1.995782109932191e-06
195.4099999999575 1.995601574159729e-06
195.4199999999575 1.9954209986260566e-06
195.4299999999575 1.995240383331173e-06
195.43999999995748 1.995059728275082e-06
195.44999999995747 1.994879033457783e-06
195.45999999995746 1.9946982988792724e-06
195.46999999995745 1.9945175245395513e-06
195.47999999995744 1.994336710438621e-06
195.48999999995743 1.9941558565764837e-06
195.49999999995742 1.9939749629531343e-06
195.50999999995742 1.9937940295685744e-06
195.5199999999574 1.9936130564228056e-06
195.5299999999574 1.9934320435158267e-06
195.5399999999574 1.99325099084764e-06
195.54999999995738 1.993069898418242e-06
195.55999999995737 1.9928887662276347e-06
195.56999999995736 1.9927075942758183e-06
195.57999999995735 1.992526382562792e-06
195.58999999995734 1.992345131088555e-06
195.59999999995733 1.9921638398531083e-06
195.60999999995732 1.9919825088564535e-06
195.61999999995732 1.991801138098588e-06
195.6299999999573 1.991619727579513e-06
195.6399999999573 1.99143827729923e-06
195.6499999999573 1.9912567872577356e-06
195.65999999995728 1.991075257455032e-06
195.66999999995727 1.9908936878911163e-06
195.67999999995726 1.9907120785659936e-06
195.68999999995725 1.990530429479662e-06
195.69999999995724 1.990348740632121e-06
195.70999999995723 1.9901670120233673e-06
195.71999999995722 1.9899852436534054e-06
195.72999999995722 1.9898034355222355e-06
195.7399999999572 1.9896215876298533e-06
195.7499999999572 1.9894396999762623e-06
195.7599999999572 1.989257772561462e-06
195.76999999995718 1.989075805385452e-06
195.77999999995717 1.988893798448234e-06
195.78999999995716 1.9887117517498004e-06
195.79999999995715 1.988529665290163e-06
195.80999999995714 1.988347539069316e-06
195.81999999995713 1.9881653730872566e-06
195.82999999995712 1.9879831673439884e-06
195.83999999995712 1.9878009218395114e-06
195.8499999999571 1.987618636573825e-06
195.8599999999571 1.9874363115469274e-06
195.8699999999571 1.987253946758818e-06
195.87999999995708 1.9870715422095038e-06
195.88999999995707 1.9868890978989765e-06
195.89999999995706 1.9867066138272413e-06
195.90999999995705 1.986524089994296e-06
195.91999999995704 1.986341526400141e-06
195.92999999995703 1.9861589230447787e-06
195.93999999995702 1.9859762799282043e-06
195.94999999995702 1.9857935970504176e-06
195.959999999957 1.9856108744114246e-06
195.969999999957 1.9854281120112215e-06
195.979999999957 1.9852453098498082e-06
195.98999999995698 1.9850624679271857e-06
195.99999999995697 1.984879586243353e-06
196.00999999995696 1.9846966647983116e-06
196.01999999995695 1.984513703592062e-06
196.02999999995694 1.9843307026245974e-06
196.03999999995693 1.9841476618959277e-06
196.04999999995692 1.9839645814060487e-06
196.05999999995691 1.983781461154958e-06
196.0699999999569 1.9835983011426573e-06
196.0799999999569 1.9834151013691475e-06
196.0899999999569 1.98323186183443e-06
196.09999999995688 1.983048582538501e-06
196.10999999995687 1.9828652634813603e-06
196.11999999995686 1.9826819046630147e-06
196.12999999995685 1.982498506083456e-06
196.13999999995684 1.9823150677426884e-06
196.14999999995683 1.9821315896407103e-06
196.15999999995682 1.9819480717775233e-06
196.16999999995681 1.9817645141531275e-06
196.1799999999568 1.9815809167675216e-06
196.1899999999568 1.9813972796207063e-06
196.1999999999568 1.981213602712681e-06
196.20999999995678 1.981029886043445e-06
196.21999999995677 1.9808461296130017e-06
196.22999999995676 1.9806623334213455e-06
196.23999999995675 1.9804784974684814e-06
196.24999999995674 1.9802946217544097e-06
196.25999999995673 1.980110706279125e-06
196.26999999995672 1.9799267510426316e-06
196.27999999995671 1.9797427560449287e-06
196.2899999999567 1.9795587212860173e-06
196.2999999999567 1.9793746467658954e-06
196.3099999999567 1.979190532484562e-06
196.31999999995668 1.979006378442022e-06
196.32999999995667 1.9788221846382694e-06
196.33999999995666 1.9786379510733104e-06
196.34999999995665 1.9784536777471396e-06
196.35999999995664 1.97826936465976e-06
196.36999999995663 1.9780850118111714e-06
196.37999999995662 1.9779006192013723e-06
196.38999999995661 1.977716186830362e-06
196.3999999999566 1.977531714698144e-06
196.4099999999566 1.977347202804716e-06
196.4199999999566 1.9771626511500773e-06
196.42999999995658 1.976978059734228e-06
196.43999999995657 1.9767934285571717e-06
196.44999999995656 1.9766087576189055e-06
196.45999999995655 1.9764240469194297e-06
196.46999999995654 1.976239296458742e-06
196.47999999995653 1.976054506236845e-06
196.48999999995652 1.9758696762537407e-06
196.49999999995651 1.975684806509426e-06
196.5099999999565 1.975499897003899e-06
196.5199999999565 1.975314947737165e-06
196.5299999999565 1.975129958709222e-06
196.53999999995648 1.9749449299200685e-06
196.54999999995647 1.9747598613697037e-06
196.55999999995646 1.97457475305813e-06
196.56999999995645 1.9743896049853476e-06
196.57999999995644 1.974204417151357e-06
196.58999999995643 1.9740191895561535e-06
196.59999999995642 1.973833922199741e-06
196.60999999995641 1.9736486150821185e-06
196.6199999999564 1.9734632682032896e-06
196.6299999999564 1.973277881563249e-06
196.6399999999564 1.9730924551619964e-06
196.64999999995638 1.9729069889995367e-06
196.65999999995637 1.9727214830758678e-06
196.66999999995636 1.9725359373909874e-06
196.67999999995635 1.972350351944898e-06
196.68999999995634 1.972164726737601e-06
196.69999999995633 1.9719790617690933e-06
196.70999999995632 1.9717933570393716e-06
196.71999999995631 1.971607612548445e-06
196.7299999999563 1.971421828296308e-06
196.7399999999563 1.9712360042829607e-06
196.7499999999563 1.9710501405084045e-06
196.75999999995628 1.9708642369726377e-06
196.76999999995627 1.9706782936756625e-06
196.77999999995626 1.9704923106174776e-06
196.78999999995625 1.97030628779808e-06
196.79999999995624 1.970120225217475e-06
196.80999999995623 1.969934122875661e-06
196.81999999995622 1.9697479807726376e-06
196.82999999995621 1.9695617989084016e-06
196.8399999999562 1.9693755772829594e-06
196.8499999999562 1.9691893158963053e-06
196.8599999999562 1.9690030147484424e-06
196.86999999995618 1.968816673839369e-06
196.87999999995617 1.968630293169087e-06
196.88999999995616 1.968443872737594e-06
196.89999999995615 1.968257412544893e-06
196.90999999995614 1.968070912590981e-06
196.91999999995613 1.9678843728758616e-06
196.92999999995612 1.9676977933995316e-06
196.93999999995611 1.9675111741619903e-06
196.9499999999561 1.9673245151632384e-06
196.9599999999561 1.967137816403279e-06
196.9699999999561 1.966951077882111e-06
196.97999999995608 1.966764299599732e-06
196.98999999995607 1.966577481556143e-06
196.99999999995606 1.966390623751344e-06
197.00999999995605 1.966203726185337e-06
197.01999999995604 1.966016788858121e-06
197.02999999995603 1.965829811769691e-06
197.03999999995602 1.965642794920056e-06
197.04999999995601 1.96545573830921e-06
197.059999999956 1.9652686419371544e-06
197.069999999956 1.9650815058038857e-06
197.079999999956 1.964894329909412e-06
197.08999999995598 1.964707114253727e-06
197.09999999995597 1.9645198588368324e-06
197.10999999995596 1.9643325636587266e-06
197.11999999995595 1.964145228719414e-06
197.12999999995594 1.96395785401889e-06
197.13999999995593 1.963770439557156e-06
197.14999999995592 1.9635829853342105e-06
197.15999999995591 1.963395491350058e-06
197.1699999999559 1.963207957604697e-06
197.1799999999559 1.9630203840981253e-06
197.1899999999559 1.9628327708303423e-06
197.19999999995588 1.9626451178013505e-06
197.20999999995587 1.9624574250111506e-06
197.21999999995586 1.9622696924597394e-06
197.22999999995585 1.9620819201471176e-06
197.23999999995584 1.9618941080732887e-06
197.24999999995583 1.961706256238249e-06
197.25999999995582 1.961518364641999e-06
197.26999999995581 1.961330433284539e-06
197.2799999999558 1.961142462165871e-06
197.2899999999558 1.960954451285993e-06
197.2999999999558 1.960766400644906e-06
197.30999999995578 1.960578310242607e-06
197.31999999995577 1.960390180079099e-06
197.32999999995576 1.9602020101543813e-06
197.33999999995575 1.9600138004684583e-06
197.34999999995574 1.9598255510213184e-06
197.35999999995573 1.959637261812973e-06
197.36999999995572 1.959448932843418e-06
197.37999999995571 1.959260564112655e-06
197.3899999999557 1.9590721556206764e-06
197.3999999999557 1.958883707367492e-06
197.4099999999557 1.9586952193530993e-06
197.41999999995568 1.9585066915774954e-06
197.42999999995567 1.9583181240406797e-06
197.43999999995566 1.9581295167426563e-06
197.44999999995565 1.957940869683424e-06
197.45999999995564 1.9577521828629835e-06
197.46999999995563 1.9575634562813294e-06
197.47999999995562 1.9573746899384673e-06
197.48999999995561 1.957185883834398e-06
197.4999999999556 1.956997037969117e-06
197.5099999999556 1.9568081523426227e-06
197.5199999999556 1.956619226954922e-06
197.52999999995558 1.956430261806013e-06
197.53999999995557 1.956241256895893e-06
197.54999999995556 1.9560522122245638e-06
197.55999999995555 1.9558631277920236e-06
197.56999999995554 1.955674003598277e-06
197.57999999995553 1.9554848396433185e-06
197.58999999995552 1.955295635927147e-06
197.59999999995551 1.9551063924497707e-06
197.6099999999555 1.9549171092111817e-06
197.6199999999555 1.9547277862113876e-06
197.6299999999555 1.954538423450379e-06
197.63999999995548 1.9543490209281614e-06
197.64999999995547 1.9541595786447365e-06
197.65999999995546 1.953970096600101e-06
197.66999999995545 1.9537805747942525e-06
197.67999999995544 1.953591013227199e-06
197.68999999995543 1.9534014118989365e-06
197.69999999995542 1.9532117708094614e-06
197.70999999995541 1.953022089958777e-06
197.7199999999554 1.9528323693468826e-06
197.7299999999554 1.952642608973779e-06
197.7399999999554 1.9524528088394663e-06
197.74999999995538 1.9522629689439435e-06
197.75999999995537 1.9520730892872103e-06
197.76999999995536 1.9518831698692694e-06
197.77999999995535 1.9516932106901184e-06
197.78999999995534 1.9515032117497544e-06
197.79999999995533 1.951313173048184e-06
197.80999999995532 1.951123094585403e-06
197.81999999995531 1.950932976361415e-06
197.8299999999553 1.950742818376212e-06
197.8399999999553 1.9505526206298042e-06
197.8499999999553 1.950362383122184e-06
197.85999999995528 1.9501721058533555e-06
197.86999999995527 1.949981788823316e-06
197.87999999995526 1.9497914320320668e-06
197.88999999995525 1.949601035479609e-06
197.89999999995524 1.949410599165942e-06
197.90999999995523 1.949220123091064e-06
197.91999999995522 1.949029607254979e-06
197.9299999999552 1.9488390516576798e-06
197.9399999999552 1.948648456299175e-06
197.9499999999552 1.9484578211794577e-06
197.9599999999552 1.9482671462985318e-06
197.96999999995518 1.9480764316563965e-06
197.97999999995517 1.947885677253054e-06
197.98999999995516 1.9476948830884973e-06
197.99999999995515 1.947504049162733e-06
198.00999999995514 1.9473131754757594e-06
198.01999999995513 1.947122262027577e-06
198.02999999995512 1.9469313088181813e-06
198.0399999999551 1.946740315847578e-06
198.0499999999551 1.9465492831157675e-06
198.0599999999551 1.9463582106227453e-06
198.0699999999551 1.9461670983685114e-06
198.07999999995508 1.9459759463530724e-06
198.08999999995507 1.9457847545764204e-06
198.09999999995506 1.9455935230385594e-06
198.10999999995505 1.9454022517394884e-06
198.11999999995504 1.9452109406792094e-06
198.12999999995503 1.945019589857719e-06
198.13999999995502 1.9448281992750205e-06
198.149999999955 1.94463676893111e-06
198.159999999955 1.9444452988259907e-06
198.169999999955 1.944253788959662e-06
198.179999999955 1.944062239332125e-06
198.18999999995498 1.943870649943377e-06
198.19999999995497 1.9436790207934194e-06
198.20999999995496 1.943487351882252e-06
198.21999999995495 1.9432956432098754e-06
198.22999999995494 1.9431038947762888e-06
198.23999999995493 1.9429121065814912e-06
198.24999999995492 1.9427202786254865e-06
198.2599999999549 1.9425284109082713e-06
198.2699999999549 1.9423365034298446e-06
198.2799999999549 1.9421445561902113e-06
198.2899999999549 1.9419525691893665e-06
198.29999999995488 1.941760542427313e-06
198.30999999995487 1.941568475904049e-06
198.31999999995486 1.941376369619573e-06
198.32999999995485 1.9411842235738926e-06
198.33999999995484 1.940992037767002e-06
198.34999999995483 1.9407998121988968e-06
198.35999999995482 1.9406075468695854e-06
198.3699999999548 1.9404152417790647e-06
198.3799999999548 1.940222896927334e-06
198.3899999999548 1.9400305123143888e-06
198.3999999999548 1.93983808794024e-06
198.40999999995478 1.939645623804882e-06
198.41999999995477 1.93945311990831e-06
198.42999999995476 1.939260576250529e-06
198.43999999995475 1.9390679928315404e-06
198.44999999995474 1.9388753696513413e-06
198.45999999995473 1.9386827067099334e-06
198.46999999995472 1.938490004007314e-06
198.4799999999547 1.9382972615434867e-06
198.4899999999547 1.938104479318449e-06
198.4999999999547 1.937911657332203e-06
198.5099999999547 1.9377187955847435e-06
198.51999999995468 1.9375258940760777e-06
198.52999999995467 1.9373329528062015e-06
198.53999999995466 1.9371399717751176e-06
198.54999999995465 1.93694695098282e-06
198.55999999995464 1.936753890429314e-06
198.56999999995463 1.936560790114601e-06
198.57999999995462 1.9363676500386776e-06
198.5899999999546 1.936174470201541e-06
198.5999999999546 1.9359812506031964e-06
198.6099999999546 1.9357879912436447e-06
198.6199999999546 1.935594692122881e-06
198.62999999995458 1.935401353240906e-06
198.63999999995457 1.9352079745977258e-06
198.64999999995456 1.935014556193334e-06
198.65999999995455 1.934821098027732e-06
198.66999999995454 1.9346276001009183e-06
198.67999999995453 1.9344340624128987e-06
198.68999999995452 1.9342404849636685e-06
198.6999999999545 1.934046867753229e-06
198.7099999999545 1.9338532107815756e-06
198.7199999999545 1.9336595140487168e-06
198.7299999999545 1.933465777554648e-06
198.73999999995448 1.9332720012993704e-06
198.74999999995447 1.9330781852828795e-06
198.75999999995446 1.9328843295051823e-06
198.76999999995445 1.9326904339662737e-06
198.77999999995444 1.932496498666157e-06
198.78999999995443 1.9323025236048277e-06
198.79999999995442 1.932108508782291e-06
198.8099999999544 1.9319144541985447e-06
198.8199999999544 1.9317203598535885e-06
198.8299999999544 1.931526225747421e-06
198.8399999999544 1.931332051880045e-06
198.84999999995438 1.931137838251462e-06
198.85999999995437 1.9309435848616673e-06
198.86999999995436 1.930749291710661e-06
198.87999999995435 1.930554958798445e-06
198.88999999995434 1.9303605861250205e-06
198.89999999995433 1.93016617369039e-06
198.90999999995432 1.929971721494544e-06
198.9199999999543 1.9297772295374924e-06
198.9299999999543 1.9295826978192307e-06
198.9399999999543 1.9293881263397576e-06
198.9499999999543 1.929193515099074e-06
198.95999999995428 1.928998864097183e-06
198.96999999995427 1.9288041733340824e-06
198.97999999995426 1.9286094428097718e-06
198.98999999995425 1.9284146725242498e-06
198.99999999995424 1.92821986247752e-06
199.00999999995423 1.92802501266958e-06
199.01999999995422 1.927830123100431e-06
199.0299999999542 1.9276351937700703e-06
199.0399999999542 1.9274402246785007e-06
199.0499999999542 1.927245215825726e-06
199.0599999999542 1.927050167211737e-06
199.06999999995418 1.9268550788365365e-06
199.07999999995417 1.926659950700128e-06
199.08999999995416 1.9264647828025125e-06
199.09999999995415 1.9262695751436864e-06
199.10999999995414 1.9260743277236497e-06
199.11999999995413 1.925879040542404e-06
199.12999999995412 1.9256837135999472e-06
199.1399999999541 1.9254883468962823e-06
199.1499999999541 1.9252929404314047e-06
199.1599999999541 1.925097494205321e-06
199.1699999999541 1.9249020082180276e-06
199.17999999995408 1.924706482469523e-06
199.18999999995407 1.9245109169598096e-06
199.19999999995406 1.9243153116888844e-06
199.20999999995405 1.924119666656753e-06
199.21999999995404 1.9239239818634095e-06
199.22999999995403 1.9237282573088564e-06
199.23999999995402 1.9235324929930936e-06
199.249999999954 1.9233366889161224e-06
199.259999999954 1.9231408450779415e-06
199.269999999954 1.9229449614785497e-06
199.279999999954 1.922749038117949e-06
199.28999999995398 1.922553074996139e-06
199.29999999995397 1.9223570721131184e-06
199.30999999995396 1.9221610294688865e-06
199.31999999995395 1.9219649470634495e-06
199.32999999995394 1.9217688248968e-06
199.33999999995393 1.9215726629689435e-06
199.34999999995392 1.9213764612798732e-06
199.3599999999539 1.921180219829594e-06
199.3699999999539 1.9209839386181065e-06
199.3799999999539 1.9207876176454092e-06
199.3899999999539 1.9205912569115e-06
199.39999999995388 1.920394856416386e-06
199.40999999995387 1.9201984161600605e-06
199.41999999995386 1.9200019361425244e-06
199.42999999995385 1.919805416363777e-06
199.43999999995384 1.919608856823822e-06
199.44999999995383 1.9194122575226575e-06
199.45999999995382 1.919215618460283e-06
199.4699999999538 1.919018939636698e-06
199.4799999999538 1.918822221051903e-06
199.4899999999538 1.9186254627059033e-06
199.4999999999538 1.9184286645986875e-06
199.50999999995378 1.918231826730263e-06
199.51999999995377 1.918034949100633e-06
199.52999999995376 1.9178380317097887e-06
199.53999999995375 1.9176410745577388e-06
199.54999999995374 1.9174440776444754e-06
199.55999999995373 1.9172470409700043e-06
199.56999999995372 1.9170499645343245e-06
199.5799999999537 1.916852848337434e-06
199.5899999999537 1.9166556923793314e-06
199.5999999999537 1.916458496660023e-06
199.6099999999537 1.9162612611795034e-06
199.61999999995368 1.9160639859377733e-06
199.62999999995367 1.915866670934834e-06
199.63999999995366 1.9156693161706846e-06
199.64999999995365 1.915471921645328e-06
199.65999999995364 1.9152744873587616e-06
199.66999999995363 1.915077013310982e-06
199.67999999995362 1.914879499501995e-06
199.6899999999536 1.9146819459318007e-06
199.6999999999536 1.9144843526003935e-06
199.7099999999536 1.914286719507775e-06
199.7199999999536 1.9140890466539496e-06
199.72999999995358 1.9138913340389158e-06
199.73999999995357 1.9136935816626698e-06
199.74999999995356 1.913495789525215e-06
199.75999999995355 1.91329795762655e-06
199.76999999995354 1.9131000859666773e-06
199.77999999995353 1.9129021745455947e-06
199.78999999995352 1.912704223363297e-06
199.7999999999535 1.9125062324197947e-06
199.8099999999535 1.912308201715081e-06
199.8199999999535 1.912110131249162e-06
199.8299999999535 1.911912021022029e-06
199.83999999995348 1.911713871033687e-06
199.84999999995347 1.9115156812841358e-06
199.85999999995346 1.9113174517733742e-06
199.86999999995345 1.9111191825014013e-06
199.87999999995344 1.9109208734682216e-06
199.88999999995343 1.9107225246738335e-06
199.89999999995342 1.9105241361182336e-06
199.9099999999534 1.9103257078014235e-06
199.9199999999534 1.910127239723404e-06
199.9299999999534 1.909928731884176e-06
199.9399999999534 1.9097301842837373e-06
199.94999999995338 1.9095315969220885e-06
199.95999999995337 1.909332969799232e-06
199.96999999995336 1.909134302915164e-06
199.97999999995335 1.908935596269888e-06
199.98999999995334 1.908736849863399e-06
199.99999999995333 1.9085380636957043e-06
200.00999999995332 1.9083392377667977e-06
200.0199999999533 1.908140372076682e-06
200.0299999999533 1.9079414666253562e-06
200.0399999999533 1.907742521412821e-06
200.0499999999533 1.9075435364390785e-06
200.05999999995328 1.907344511704123e-06
200.06999999995327 1.9071454472079584e-06
200.07999999995326 1.906946342950585e-06
200.08999999995325 1.9067471989320024e-06
200.09999999995324 1.9065480151522098e-06
200.10999999995323 1.9063487916112053e-06
200.11999999995322 1.9061495283089933e-06
200.1299999999532 1.9059502252455712e-06
200.1399999999532 1.905750882420941e-06
200.1499999999532 1.9055514998351007e-06
200.1599999999532 1.905352077488049e-06
200.16999999995318 1.9051526153797892e-06
200.17999999995317 1.9049531135103166e-06
200.18999999995316 1.9047535718796378e-06
200.19999999995315 1.9045539904877475e-06
200.20999999995314 1.9043543693346505e-06
200.21999999995313 1.9041547084203396e-06
200.22999999995312 1.9039550077448194e-06
200.2399999999531 1.9037552673080944e-06
200.2499999999531 1.903555487110155e-06
200.2599999999531 1.9033556671510095e-06
200.2699999999531 1.9031558074306495e-06
200.27999999995308 1.9029559079490846e-06
200.28999999995307 1.902755968706308e-06
200.29999999995306 1.9025559897023226e-06
200.30999999995305 1.902355970937125e-06
200.31999999995304 1.902155912410719e-06
200.32999999995303 1.9019558141231067e-06
200.33999999995302 1.901755676074281e-06
200.349999999953 1.9015554982642443e-06
200.359999999953 1.9013552806929993e-06
200.369999999953 1.9011550233605499e-06
200.379999999953 1.9009547262668857e-06
200.38999999995298 1.90075438941201e-06
200.39999999995297 1.9005540127959282e-06
200.40999999995296 1.900353596418636e-06
200.41999999995295 1.900153140280136e-06
200.42999999995294 1.8999526443804232e-06
200.43999999995293 1.8997521087195013e-06
200.44999999995292 1.8995515332973707e-06
200.4599999999529 1.8993509181140295e-06
200.4699999999529 1.8991502631694778e-06
200.4799999999529 1.8989495684637177e-06
200.4899999999529 1.8987488339967495e-06
200.49999999995288 1.8985480597685685e-06
200.50999999995287 1.89834724577918e-06
200.51999999995286 1.8981463920285836e-06
200.52999999995285 1.8979454985167745e-06
200.53999999995284 1.8977445652437577e-06
200.54999999995283 1.8975435922095263e-06
200.55999999995282 1.8973425794140913e-06
200.5699999999528 1.8971415268574426e-06
200.5799999999528 1.8969404345395883e-06
200.5899999999528 1.89673930246052e-06
200.5999999999528 1.896538130620244e-06
200.60999999995278 1.89633691901876e-06
200.61999999995277 1.8961356676560635e-06
200.62999999995276 1.8959343765321591e-06
200.63999999995275 1.8957330456470445e-06
200.64999999995274 1.895531675000721e-06
200.65999999995273 1.8953302645931858e-06
200.66999999995272 1.8951288144244404e-06
200.6799999999527 1.894927324494491e-06
200.6899999999527 1.894725794803326e-06
200.6999999999527 1.894524225350955e-06
200.7099999999527 1.8943226161373698e-06
200.71999999995268 1.8941209671625792e-06
200.72999999995267 1.8939192784265785e-06
200.73999999995266 1.8937175499293675e-06
200.74999999995265 1.8935157816709462e-06
200.75999999995264 1.8933139736513162e-06
200.76999999995263 1.8931121258704767e-06
200.77999999995262 1.8929102383284258e-06
200.7899999999526 1.8927083110251659e-06
200.7999999999526 1.892506343960697e-06
200.8099999999526 1.8923043371350192e-06
200.81999999995259 1.8921022905481327e-06
200.82999999995258 1.8919002042000304e-06
200.83999999995257 1.891698078090724e-06
200.84999999995256 1.8914959122202063e-06
200.85999999995255 1.891293706588481e-06
200.86999999995254 1.8910914611955429e-06
200.87999999995253 1.8908891760413942e-06
200.88999999995252 1.8906868511260417e-06
200.8999999999525 1.8904844864494753e-06
200.9099999999525 1.8902820820116985e-06
200.9199999999525 1.8900796378127125e-06
200.92999999995249 1.889877153852519e-06
200.93999999995248 1.889674630131114e-06
200.94999999995247 1.8894720666484986e-06
200.95999999995246 1.889269463404677e-06
200.96999999995245 1.8890668203996435e-06
200.97999999995244 1.8888641376334024e-06
200.98999999995243 1.8886614151059457e-06
200.99999999995242 1.8884586528172853e-06
201.0099999999524 1.8882558507674122e-06
201.0199999999524 1.8880530089563326e-06
201.0299999999524 1.88785012738404e-06
201.03999999995239 1.8876472060505387e-06
201.04999999995238 1.8874442449558294e-06
201.05999999995237 1.8872412440999088e-06
201.06999999995236 1.8870382034827775e-06
201.07999999995235 1.8868351231044389e-06
201.08999999995234 1.8866320029648897e-06
201.09999999995233 1.8864288430641318e-06
201.10999999995232 1.8862256434021606e-06
201.1199999999523 1.8860224039789847e-06
201.1299999999523 1.8858191247945945e-06
201.1399999999523 1.8856158058489994e-06
201.14999999995229 1.8854124471421896e-06
201.15999999995228 1.8852090486741725e-06
201.16999999995227 1.885005610444949e-06
201.17999999995226 1.8848021324545112e-06
201.18999999995225 1.8845986147028645e-06
201.19999999995224 1.8843950571900088e-06
201.20999999995223 1.8841914599159452e-06
201.21999999995222 1.883987822880669e-06
201.2299999999522 1.8837841460841838e-06
201.2399999999522 1.8835804295264908e-06
201.2499999999522 1.8833766732075862e-06
201.25999999995219 1.883172877127474e-06
201.26999999995218 1.8829690412861487e-06
201.27999999995217 1.8827651656836174e-06
201.28999999995216 1.8825612503198727e-06
201.29999999995215 1.8823572951949245e-06
201.30999999995214 1.8821533003087596e-06
201.31999999995213 1.8819492656613881e-06
201.32999999995212 1.8817451912528089e-06
201.3399999999521 1.881541077083017e-06
201.3499999999521 1.8813369231520146e-06
201.3599999999521 1.8811327294598045e-06
201.36999999995209 1.880928496006387e-06
201.37999999995208 1.8807242227917605e-06
201.38999999995207 1.880519909815917e-06
201.39999999995206 1.8803155570788696e-06
201.40999999995205 1.880111164580611e-06
201.41999999995204 1.8799067323211443e-06
201.42999999995203 1.879702260300465e-06
201.43999999995202 1.8794977485185778e-06
201.449999999952 1.8792931969754817e-06
201.459999999952 1.8790886056711754e-06
201.469999999952 1.8788839746056574e-06
201.47999999995199 1.8786793037789305e-06
201.48999999995198 1.8784745931909972e-06
201.49999999995197 1.8782698428418497e-06
201.50999999995196 1.8780650527314959e-06
201.51999999995195 1.8778602228599315e-06
201.52999999995194 1.877655353227157e-06
201.53999999995193 1.8774504438331748e-06
201.54999999995192 1.8772454946779769e-06
201.5599999999519 1.8770405057615756e-06
201.5699999999519 1.8768354770839613e-06
201.5799999999519 1.8766304086451405e-06
201.58999999995189 1.8764253004451082e-06
201.59999999995188 1.8762201524838642e-06
201.60999999995187 1.876014964761414e-06
201.61999999995186 1.8758097372777522e-06
201.62999999995185 1.8756044700328797e-06
201.63999999995184 1.8753991630267988e-06
201.64999999995183 1.87519381625951e-06
201.65999999995182 1.8749884297310092e-06
201.6699999999518 1.8747830034412986e-06
201.6799999999518 1.8745775373903828e-06
201.6899999999518 1.8743720315782525e-06
201.69999999995179 1.8741664860049164e-06
201.70999999995178 1.873960900670363e-06
201.71999999995177 1.8737552755746088e-06
201.72999999995176 1.8735496107176426e-06
201.73999999995175 1.8733439060994636e-06
201.74999999995174 1.873138161720076e-06
201.75999999995173 1.8729323775794778e-06
201.76999999995172 1.8727265536776746e-06
201.7799999999517 1.8725206900146583e-06
201.7899999999517 1.8723147865904304e-06
201.7999999999517 1.8721088434049978e-06
201.80999999995169 1.871902860458352e-06
201.81999999995168 1.8716968377504999e-06
201.82999999995167 1.8714907752814323e-06
201.83999999995166 1.8712846730511597e-06
201.84999999995165 1.8710785310596755e-06
201.85999999995164 1.8708723493069848e-06
201.86999999995163 1.8706661277930812e-06
201.87999999995162 1.8704598665179662e-06
201.8899999999516 1.8702535654816472e-06
201.8999999999516 1.8700472246841139e-06
201.9099999999516 1.8698408441253706e-06
201.91999999995159 1.8696344238054196e-06
201.92999999995158 1.869427963724262e-06
201.93999999995157 1.869221463881889e-06
201.94999999995156 1.8690149242783096e-06
201.95999999995155 1.8688083449135214e-06
201.96999999995154 1.8686017257875213e-06
201.97999999995153 1.8683950669003137e-06
201.98999999995152 1.8681883682518906e-06
201.9999999999515 1.8679816298422638e-06
202.0099999999515 1.867774851671425e-06
202.0199999999515 1.867568033739379e-06
202.02999999995149 1.86736117604612e-06
202.03999999995148 1.8671542785916543e-06
202.04999999995147 1.8669473413759786e-06
202.05999999995146 1.8667403643990914e-06
202.06999999995145 1.8665333476609949e-06
202.07999999995144 1.866326291161691e-06
202.08999999995143 1.8661191949011753e-06
202.09999999995142 1.8659120588794505e-06
202.1099999999514 1.865704883096513e-06
202.1199999999514 1.8654976675523693e-06
202.1299999999514 1.865290412247015e-06
202.13999999995139 1.8650831171804544e-06
202.14999999995138 1.8648757823526797e-06
202.15999999995137 1.8646684077636972e-06
202.16999999995136 1.8644609934135058e-06
202.17999999995135 1.864253539302103e-06
202.18999999995134 1.8640460454294882e-06
202.19999999995133 1.8638385117956683e-06
202.20999999995132 1.8636309384006373e-06
202.2199999999513 1.863423325244397e-06
202.2299999999513 1.8632156723269436e-06
202.2399999999513 1.8630079796482867e-06
202.24999999995129 1.862800247208414e-06
202.25999999995128 1.862592475007338e-06
202.26999999995127 1.862384663045045e-06
202.27999999995126 1.8621768113215468e-06
202.28999999995125 1.8619689198368382e-06
202.29999999995124 1.8617609885909224e-06
202.30999999995123 1.8615530175837931e-06
202.31999999995122 1.8613450068154552e-06
202.3299999999512 1.8611369562859097e-06
202.3399999999512 1.8609288659951524e-06
202.3499999999512 1.8607207359431847e-06
202.35999999995119 1.860512566130007e-06
202.36999999995118 1.8603043565556226e-06
202.37999999995117 1.8600961072200307e-06
202.38999999995116 1.8598878181232209e-06
202.39999999995115 1.8596794892652068e-06
202.40999999995114 1.8594711206459842e-06
202.41999999995113 1.8592627122655497e-06
202.42999999995112 1.8590542641239065e-06
202.4399999999511 1.8588457762210512e-06
202.4499999999511 1.8586372485569889e-06
202.4599999999511 1.858428681131717e-06
202.46999999995109 1.8582200739452326e-06
202.47999999995108 1.8580114269975416e-06
202.48999999995107 1.8578027402886403e-06
202.49999999995106 1.8575940138185275e-06
202.50999999995105 1.8573852475872058e-06
202.51999999995104 1.8571764415946777e-06
202.52999999995103 1.8569675958409352e-06
202.53999999995102 1.8567587103259892e-06
202.549999999951 1.8565497850498263e-06
202.559999999951 1.8563408200124569e-06
202.569999999951 1.8561318152138769e-06
202.57999999995099 1.8559227706540885e-06
202.58999999995098 1.855713686333092e-06
202.59999999995097 1.855504562250883e-06
202.60999999995096 1.8552953984074674e-06
202.61999999995095 1.855086194802839e-06
202.62999999995094 1.8548769514370001e-06
202.63999999995093 1.8546676683099535e-06
202.64999999995092 1.8544583454216996e-06
202.6599999999509 1.8542489827722325e-06
202.6699999999509 1.8540395803615551e-06
202.6799999999509 1.853830138189673e-06
202.68999999995089 1.8536206562565761e-06
202.69999999995088 1.853411134562273e-06
202.70999999995087 1.8532015731067545e-06
202.71999999995086 1.8529919718900335e-06
202.72999999995085 1.8527823309121024e-06
202.73999999995084 1.8525726501729569e-06
202.74999999995083 1.8523629296726023e-06
202.75999999995082 1.8521531694110402e-06
202.7699999999508 1.8519433693882692e-06
202.7799999999508 1.8517335296042877e-06
202.7899999999508 1.8515236500590947e-06
202.79999999995078 1.851313730752694e-06
202.80999999995078 1.851103771685083e-06
202.81999999995077 1.8508937728562656e-06
202.82999999995076 1.8506837342662313e-06
202.83999999995075 1.850473655914992e-06
202.84999999995074 1.8502635378025428e-06
202.85999999995073 1.8500533799288854e-06
202.86999999995072 1.849843182294014e-06
202.8799999999507 1.8496329448979364e-06
202.8899999999507 1.8494226677406507e-06
202.8999999999507 1.8492123508221498e-06
202.90999999995068 1.8490019941424424e-06
202.91999999995068 1.8487915977015244e-06
202.92999999995067 1.8485811614993993e-06
202.93999999995066 1.8483706855360624e-06
202.94999999995065 1.848160169811515e-06
202.95999999995064 1.8479496143257626e-06
202.96999999995063 1.847739019078795e-06
202.97999999995062 1.847528384070622e-06
202.9899999999506 1.8473177093012348e-06
202.9999999999506 1.8471069947706401e-06
203.0099999999506 1.8468962404788364e-06
203.01999999995058 1.8466854464258248e-06
203.02999999995058 1.8464746126115993e-06
203.03999999995057 1.8462637390361658e-06
203.04999999995056 1.8460528256995248e-06
203.05999999995055 1.845841872601672e-06
203.06999999995054 1.8456308797426093e-06
203.07999999995053 1.84541984712234e-06
203.08999999995052 1.8452087747408563e-06
203.0999999999505 1.844997662598169e-06
203.1099999999505 1.8447865106942637e-06
203.1199999999505 1.8445753190291545e-06
203.12999999995048 1.844364087602835e-06
203.13999999995048 1.8441528164153066e-06
203.14999999995047 1.8439415054665652e-06
203.15999999995046 1.8437301547566176e-06
203.16999999995045 1.843518764285461e-06
203.17999999995044 1.843307334053091e-06
203.18999999995043 1.8430958640595115e-06
203.19999999995042 1.8428843543047237e-06
203.2099999999504 1.8426728047887272e-06
203.2199999999504 1.842461215511519e-06
203.2299999999504 1.8422495864731016e-06
203.23999999995038 1.8420379176734783e-06
203.24999999995038 1.8418262091126405e-06
203.25999999995037 1.8416144607905962e-06
203.26999999995036 1.841402672707338e-06
203.27999999995035 1.8411908448628747e-06
203.28999999995034 1.840978977257201e-06
203.29999999995033 1.8407670698903181e-06
203.30999999995032 1.8405551227622226e-06
203.3199999999503 1.8403431358729181e-06
203.3299999999503 1.8401311092224074e-06
203.3399999999503 1.8399190428106846e-06
203.34999999995028 1.8397069366377505e-06
203.35999999995028 1.8394947907036075e-06
203.36999999995027 1.8392826050082565e-06
203.37999999995026 1.8390703795516979e-06
203.38999999995025 1.8388581143339228e-06
203.39999999995024 1.838645809354945e-06
203.40999999995023 1.8384334646147531e-06
203.41999999995022 1.8382210801133561e-06
203.4299999999502 1.8380086558507433e-06
203.4399999999502 1.8377961918269232e-06
203.4499999999502 1.8375836880418965e-06
203.45999999995018 1.8373711444956571e-06
203.46999999995018 1.8371585611882072e-06
203.47999999995017 1.836945938119547e-06
203.48999999995016 1.8367332752896834e-06
203.49999999995015 1.836520572698604e-06
203.50999999995014 1.8363078303463168e-06
203.51999999995013 1.8360950482328207e-06
203.52999999995012 1.835882226358113e-06
203.5399999999501 1.8356693647221992e-06
203.5499999999501 1.8354564633250707e-06
203.5599999999501 1.8352435221667373e-06
203.56999999995008 1.835030541247191e-06
203.57999999995008 1.8348175205664372e-06
203.58999999995007 1.8346044601244718e-06
203.59999999995006 1.8343913599212985e-06
203.60999999995005 1.8341782199569152e-06
203.61999999995004 1.8339650402313215e-06
203.62999999995003 1.8337518207445187e-06
203.63999999995002 1.8335385614965042e-06
203.64999999995 1.8333252624872848e-06
203.65999999995 1.83311192371685e-06
203.66999999995 1.8328985451852099e-06
203.67999999994998 1.8326851268923584e-06
203.68999999994998 1.8324716688382977e-06
203.69999999994997 1.8322581710230283e-06
203.70999999994996 1.8320446334465443e-06
203.71999999994995 1.8318310561088568e-06
203.72999999994994 1.831617439009959e-06
203.73999999994993 1.8314037821498483e-06
203.74999999994992 1.8311900855285287e-06
203.7599999999499 1.8309763491459999e-06
203.7699999999499 1.8307625730022637e-06
203.7799999999499 1.830548757097314e-06
203.78999999994988 1.8303349014311558e-06
203.79999999994988 1.8301210060037899e-06
203.80999999994987 1.8299070708152136e-06
203.81999999994986 1.829693095865427e-06
203.82999999994985 1.8294790811544275e-06
203.83999999994984 1.8292650266822242e-06
203.84999999994983 1.8290509324488056e-06
203.85999999994982 1.8288367984541831e-06
203.8699999999498 1.8286226246983489e-06
203.8799999999498 1.8284084111813032e-06
203.8899999999498 1.8281941579030498e-06
203.89999999994978 1.8279798648635864e-06
203.90999999994978 1.827765532062911e-06
203.91999999994977 1.827551159501028e-06
203.92999999994976 1.8273367471779373e-06
203.93999999994975 1.8271222950936326e-06
203.94999999994974 1.8269078032481214e-06
203.95999999994973 1.8266932716413999e-06
203.96999999994972 1.8264787002734678e-06
203.9799999999497 1.8262640891443285e-06
203.9899999999497 1.826049438253975e-06
203.9999999999497 1.825834747602416e-06
204.00999999994968 1.8256200171896443e-06
204.01999999994968 1.8254052470156663e-06
204.02999999994967 1.8251904370804769e-06
204.03999999994966 1.8249755873840767e-06
204.04999999994965 1.824760697926469e-06
204.05999999994964 1.8245457687076512e-06
204.06999999994963 1.8243307997276217e-06
204.07999999994962 1.8241157909863859e-06
204.0899999999496 1.8239007424839372e-06
204.0999999999496 1.8236856542202822e-06
204.1099999999496 1.8234705261954126e-06
204.11999999994958 1.8232553584093368e-06
204.12999999994958 1.823040150862051e-06
204.13999999994957 1.822824903553556e-06
204.14999999994956 1.8226096164838505e-06
204.15999999994955 1.8223942896529335e-06
204.16999999994954 1.8221789230608114e-06
204.17999999994953 1.8219635167074755e-06
204.18999999994952 1.8217480705929315e-06
204.1999999999495 1.8215325847171774e-06
204.2099999999495 1.8213170590802155e-06
204.2199999999495 1.8211014936820405e-06
204.22999999994948 1.8208858885226584e-06
204.23999999994948 1.8206702436020682e-06
204.24999999994947 1.820454558920264e-06
204.25999999994946 1.8202388344772556e-06
204.26999999994945 1.8200230702730307e-06
204.27999999994944 1.8198072663076022e-06
204.28999999994943 1.8195914225809593e-06
204.29999999994942 1.8193755390931114e-06
204.3099999999494 1.8191596158440504e-06
204.3199999999494 1.8189436528337807e-06
204.3299999999494 1.8187276500623033e-06
204.33999999994938 1.818511607529614e-06
204.34999999994938 1.8182955252357146e-06
204.35999999994937 1.818079403180605e-06
204.36999999994936 1.8178632413642887e-06
204.37999999994935 1.8176470397867624e-06
204.38999999994934 1.8174307984480231e-06
204.39999999994933 1.8172145173480776e-06
204.40999999994932 1.81699819648692e-06
204.4199999999493 1.8167818358645553e-06
204.4299999999493 1.8165654354809787e-06
204.4399999999493 1.8163489953361931e-06
204.44999999994928 1.8161325154302002e-06
204.45999999994928 1.8159159957629939e-06
204.46999999994927 1.8156994363345788e-06
204.47999999994926 1.8154828371449548e-06
204.48999999994925 1.8152661981941217e-06
204.49999999994924 1.8150495194820756e-06
204.50999999994923 1.8148328010088232e-06
204.51999999994922 1.8146160427743608e-06
204.5299999999492 1.8143992447786892e-06
204.5399999999492 1.8141824070218098e-06
204.5499999999492 1.8139655295037135e-06
204.55999999994918 1.8137486122244138e-06
204.56999999994918 1.8135316551839023e-06
204.57999999994917 1.813314658382183e-06
204.58999999994916 1.8130976218192524e-06
204.59999999994915 1.81288054549511e-06
204.60999999994914 1.8126634294097626e-06
204.61999999994913 1.8124462735632024e-06
204.62999999994912 1.8122290779554327e-06
204.6399999999491 1.8120118425864544e-06
204.6499999999491 1.8117945674562673e-06
204.6599999999491 1.8115772525648683e-06
204.66999999994908 1.8113598979122607e-06
204.67999999994908 1.8111425034984436e-06
204.68999999994907 1.810925069323415e-06
204.69999999994906 1.8107075953871802e-06
204.70999999994905 1.810490081689731e-06
204.71999999994904 1.8102725282310773e-06
204.72999999994903 1.810054935011214e-06
204.73999999994902 1.809837302030138e-06
204.749999999949 1.8096196292878518e-06
204.759999999949 1.8094019167843563e-06
204.769999999949 1.8091841645196534e-06
204.77999999994898 1.8089663724937388e-06
204.78999999994898 1.808748540706614e-06
204.79999999994897 1.8085306691582826e-06
204.80999999994896 1.8083127578487384e-06
204.81999999994895 1.8080948067779865e-06
204.82999999994894 1.807876815946022e-06
204.83999999994893 1.807658785352852e-06
204.84999999994892 1.8074407149984695e-06
204.8599999999489 1.8072226048828816e-06
204.8699999999489 1.807004455006077e-06
204.8799999999489 1.806786265368069e-06
204.88999999994888 1.8065680359688488e-06
204.89999999994888 1.8063497668084187e-06
204.90999999994887 1.8061314578867794e-06
204.91999999994886 1.8059131092039272e-06
204.92999999994885 1.8056947207598714e-06
204.93999999994884 1.805476292554601e-06
204.94999999994883 1.805257824588122e-06
204.95999999994882 1.8050393168604366e-06
204.9699999999488 1.8048207693715382e-06
204.9799999999488 1.8046021821214333e-06
204.9899999999488 1.804383555110113e-06
204.99999999994878 1.8041648883375877e-06
205.00999999994877 1.803946181803851e-06
205.01999999994877 1.8037274355089074e-06
205.02999999994876 1.80350864945275e-06
205.03999999994875 1.8032898236353848e-06
205.04999999994874 1.803070958056813e-06
205.05999999994873 1.8028520527170262e-06
205.06999999994872 1.8026331076160314e-06
205.0799999999487 1.8024141227538287e-06
205.0899999999487 1.8021950981304163e-06
205.0999999999487 1.801976033745793e-06
205.10999999994868 1.8017569295999583e-06
205.11999999994867 1.8015377856929161e-06
205.12999999994867 1.8013186020246634e-06
205.13999999994866 1.8010993785952031e-06
205.14999999994865 1.8008801154045325e-06
205.15999999994864 1.8006608124526492e-06
205.16999999994863 1.800441469739562e-06
205.17999999994862 1.8002220872652606e-06
205.1899999999486 1.8000026650297499e-06
205.1999999999486 1.799783203033028e-06
205.2099999999486 1.7995637012751007e-06
205.21999999994858 1.7993441597559622e-06
205.22999999994857 1.7991245784756118e-06
205.23999999994857 1.7989049574340565e-06
205.24999999994856 1.7986852966312855e-06
205.25999999994855 1.798465596067311e-06
205.26999999994854 1.7982458557421192e-06
205.27999999994853 1.7980260756557253e-06
205.28999999994852 1.7978062558081172e-06
205.2999999999485 1.7975863961993028e-06
205.3099999999485 1.7973664968292763e-06
205.3199999999485 1.79714655769804e-06
205.32999999994848 1.7969265788055973e-06
205.33999999994847 1.7967065601519416e-06
205.34999999994847 1.7964865017370755e-06
205.35999999994846 1.7962664035609993e-06
205.36999999994845 1.7960462656237178e-06
205.37999999994844 1.7958260879252265e-06
205.38999999994843 1.7956058704655203e-06
205.39999999994842 1.7953856132446096e-06
205.4099999999484 1.7951653162624857e-06
205.4199999999484 1.7949449795191556e-06
205.4299999999484 1.7947246030146136e-06
205.43999999994838 1.794504186748859e-06
205.44999999994837 1.7942837307219005e-06
205.45999999994837 1.7940632349337278e-06
205.46999999994836 1.7938426993843474e-06
205.47999999994835 1.7936221240737567e-06
205.48999999994834 1.7934015090019585e-06
205.49999999994833 1.7931808541689486e-06
205.50999999994832 1.7929601595747284e-06
205.5199999999483 1.7927394252193017e-06
205.5299999999483 1.792518651102662e-06
205.5399999999483 1.792297837224815e-06
205.54999999994828 1.7920769835857534e-06
205.55999999994827 1.7918560901854897e-06
205.56999999994827 1.7916351570240116e-06
205.57999999994826 1.7914141841013247e-06
205.58999999994825 1.7911931714174286e-06
205.59999999994824 1.790972118972321e-06
205.60999999994823 1.7907510267660082e-06
205.61999999994822 1.790529894798481e-06
205.6299999999482 1.7903087230697468e-06
205.6399999999482 1.790087511579799e-06
205.6499999999482 1.7898662603286477e-06
205.65999999994818 1.7896449693162823e-06
205.66999999994817 1.789423638542708e-06
205.67999999994817 1.7892022680079273e-06
205.68999999994816 1.788980857711932e-06
205.69999999994815 1.7887594076547319e-06
205.70999999994814 1.7885379178363151e-06
205.71999999994813 1.7883163882566955e-06
205.72999999994812 1.788094818915866e-06
205.7399999999481 1.7878732098138233e-06
205.7499999999481 1.7876515609505716e-06
205.7599999999481 1.7874298723261098e-06
205.76999999994808 1.7872081439404427e-06
205.77999999994807 1.7869863757935604e-06
205.78999999994807 1.7867645678854703e-06
205.79999999994806 1.7865427202161727e-06
205.80999999994805 1.786320832785663e-06
205.81999999994804 1.786098905593946e-06
205.82999999994803 1.7858769386410147e-06
205.83999999994802 1.7856549319268768e-06
205.849999999948 1.785432885451529e-06
205.859999999948 1.7852107992149746e-06
205.869999999948 1.7849886732172076e-06
205.87999999994798 1.7847665074582285e-06
205.88999999994797 1.7845443019380431e-06
205.89999999994797 1.7843220566566477e-06
205.90999999994796 1.7840997716140408e-06
205.91999999994795 1.7838774468102259e-06
205.92999999994794 1.7836550822452021e-06
205.93999999994793 1.7834326779189668e-06
205.94999999994792 1.7832102338315222e-06
205.9599999999479 1.7829877499828702e-06
205.9699999999479 1.7827652263730051e-06
205.9799999999479 1.782542663001934e-06
205.98999999994788 1.7823200598696482e-06
205.99999999994787 1.7820974169761578e-06
206.00999999994787 1.7818747343214542e-06
206.01999999994786 1.7816520119055444e-06
206.02999999994785 1.7814292497284228e-06
206.03999999994784 1.7812064477900911e-06
206.04999999994783 1.7809836060905516e-06
206.05999999994782 1.780760724629799e-06
206.0699999999478 1.7805378034078404e-06
206.0799999999478 1.7803148424246714e-06
206.0899999999478 1.7800918416802908e-06
206.09999999994778 1.7798688011747038e-06
206.10999999994777 1.7796457209079013e-06
206.11999999994777 1.7794226008798952e-06
206.12999999994776 1.779199441090676e-06
206.13999999994775 1.7789762415402502e-06
206.14999999994774 1.7787530022286117e-06
206.15999999994773 1.778529723155763e-06
206.16999999994772 1.7783064043217092e-06
206.1799999999477 1.778083045726441e-06
206.1899999999477 1.7778596473699654e-06
206.1999999999477 1.7776362092522778e-06
206.20999999994768 1.7774127313733842e-06
206.21999999994767 1.7771892137332775e-06
206.22999999994767 1.7769656563319635e-06
206.23999999994766 1.7767420591694403e-06
206.24999999994765 1.7765184222457054e-06
206.25999999994764 1.7762947455607641e-06
206.26999999994763 1.7760710291146072e-06
206.27999999994762 1.7758472729072466e-06
206.2899999999476 1.775623476938672e-06
206.2999999999476 1.7753996412088936e-06
206.3099999999476 1.7751757657178994e-06
206.31999999994758 1.7749518504656964e-06
206.32999999994757 1.7747278954522872e-06
206.33999999994757 1.774503900677666e-06
206.34999999994756 1.774279866141835e-06
206.35999999994755 1.774055791844792e-06
206.36999999994754 1.7738316777865439e-06
206.37999999994753 1.7736075239670873e-06
206.38999999994752 1.7733833303864149e-06
206.3999999999475 1.7731590970445385e-06
206.4099999999475 1.7729348239414481e-06
206.4199999999475 1.7727105110771513e-06
206.42999999994748 1.772486158451643e-06
206.43999999994747 1.7722617660649244e-06
206.44999999994747 1.7720373339169978e-06
206.45999999994746 1.771812862007861e-06
206.46999999994745 1.7715883503375157e-06
206.47999999994744 1.771363798905957e-06
206.48999999994743 1.7711392077131936e-06
206.49999999994742 1.7709145767592183e-06
206.5099999999474 1.7706899060440314e-06
206.5199999999474 1.7704651955676384e-06
206.5299999999474 1.770240445330032e-06
206.53999999994738 1.7700156553312197e-06
206.54999999994737 1.7697908255711931e-06
206.55999999994737 1.7695659560499615e-06
206.56999999994736 1.769341046767518e-06
206.57999999994735 1.769116097723867e-06
206.58999999994734 1.7688911089190018e-06
206.59999999994733 1.7686660803529301e-06
206.60999999994732 1.7684410120256496e-06
206.6199999999473 1.7682159039371573e-06
206.6299999999473 1.7679907560874561e-06
206.6399999999473 1.7677655684765446e-06
206.64999999994728 1.7675403411044255e-06
206.65999999994727 1.767315073971096e-06
206.66999999994727 1.7670897670765525e-06
206.67999999994726 1.766864420420805e-06
206.68999999994725 1.7666390340038473e-06
206.69999999994724 1.7664136078256806e-06
206.70999999994723 1.7661881418862984e-06
206.71999999994722 1.765962636185711e-06
206.7299999999472 1.7657370907239162e-06
206.7399999999472 1.7655115055009082e-06
206.7499999999472 1.765285880516689e-06
206.75999999994718 1.7650602157712617e-06
206.76999999994717 1.764834511264628e-06
206.77999999994717 1.7646087669967819e-06
206.78999999994716 1.7643829829677236e-06
206.79999999994715 1.7641571591774607e-06
206.80999999994714 1.7639312956259847e-06
206.81999999994713 1.7637053923133023e-06
206.82999999994712 1.7634794492394041e-06
206.8399999999471 1.7632534664043012e-06
206.8499999999471 1.7630274438079881e-06
206.8599999999471 1.762801381450466e-06
206.86999999994708 1.762575279331732e-06
206.87999999994707 1.762349137451789e-06
206.88999999994707 1.7621229558106387e-06
206.89999999994706 1.7618967344082767e-06
206.90999999994705 1.7616704732447044e-06
206.91999999994704 1.7614441723199215e-06
206.92999999994703 1.7612178316339338e-06
206.93999999994702 1.7609914511867318e-06
206.949999999947 1.7607650309783196e-06
206.959999999947 1.7605385710087022e-06
206.969999999947 1.760312071277872e-06
206.97999999994698 1.7600855317858342e-06
206.98999999994697 1.759858952532582e-06
206.99999999994697 1.759632333518125e-06
207.00999999994696 1.7594056747424558e-06
207.01999999994695 1.7591789762055793e-06
207.02999999994694 1.7589522379074913e-06
207.03999999994693 1.7587254598481929e-06
207.04999999994692 1.7584986420276884e-06
207.0599999999469 1.7582717844459718e-06
207.0699999999469 1.7580448871030441e-06
207.0799999999469 1.757817949998911e-06
207.08999999994688 1.7575909731335636e-06
207.09999999994687 1.7573639565070117e-06
207.10999999994687 1.7571369001192424e-06
207.11999999994686 1.7569098039702707e-06
207.12999999994685 1.7566826680600852e-06
207.13999999994684 1.7564554923886928e-06
207.14999999994683 1.756228276956088e-06
207.15999999994682 1.756001021762275e-06
207.1699999999468 1.7557737268072533e-06
207.1799999999468 1.7555463920910216e-06
207.1899999999468 1.7553190176135778e-06
207.19999999994678 1.7550916033749237e-06
207.20999999994677 1.7548641493750662e-06
207.21999999994677 1.7546366556139917e-06
207.22999999994676 1.754409122091712e-06
207.23999999994675 1.7541815488082247e-06
207.24999999994674 1.7539539357635235e-06
207.25999999994673 1.7537262829576145e-06
207.26999999994672 1.7534985903904909e-06
207.2799999999467 1.753270858062165e-06
207.2899999999467 1.7530430859726264e-06
207.2999999999467 1.7528152741218788e-06
207.30999999994668 1.7525874225099194e-06
207.31999999994667 1.7523595311367511e-06
207.32999999994666 1.7521316000023753e-06
207.33999999994666 1.7519036291067878e-06
207.34999999994665 1.751675618449991e-06
207.35999999994664 1.7514475680319832e-06
207.36999999994663 1.7512194778527698e-06
207.37999999994662 1.7509913479123465e-06
207.3899999999466 1.750763178210706e-06
207.3999999999466 1.7505349687478647e-06
207.4099999999466 1.750306719523809e-06
207.41999999994658 1.7500784305385468e-06
207.42999999994657 1.7498501017920718e-06
207.43999999994656 1.7496217332843868e-06
207.44999999994656 1.7493933250154947e-06
207.45999999994655 1.7491648769853917e-06
207.46999999994654 1.7489363891940782e-06
207.47999999994653 1.7487078616415558e-06
207.48999999994652 1.7484792943278269e-06
207.4999999999465 1.7482506872528823e-06
207.5099999999465 1.7480220404167304e-06
207.5199999999465 1.7477933538193718e-06
207.52999999994648 1.7475646274607992e-06
207.53999999994647 1.7473358613410213e-06
207.54999999994646 1.7471070554600296e-06
207.55999999994646 1.7468782098178313e-06
207.56999999994645 1.7466493244144214e-06
207.57999999994644 1.746420399249805e-06
207.58999999994643 1.7461914343239757e-06
207.59999999994642 1.7459624296369362e-06
207.6099999999464 1.7457333851886892e-06
207.6199999999464 1.7455043009792304e-06
207.6299999999464 1.7452751770085628e-06
207.63999999994638 1.7450460132766858e-06
207.64999999994637 1.7448168097836015e-06
207.65999999994636 1.744587566529304e-06
207.66999999994636 1.7443582835137964e-06
207.67999999994635 1.7441289607370838e-06
207.68999999994634 1.743899598199158e-06
207.69999999994633 1.7436701959000247e-06
207.70999999994632 1.7434407538396773e-06
207.7199999999463 1.7432112720181247e-06
207.7299999999463 1.7429817504353634e-06
207.7399999999463 1.7427521890913902e-06
207.74999999994628 1.7425225879862055e-06
207.75999999994627 1.7422929471198117e-06
207.76999999994626 1.7420632664922114e-06
207.77999999994626 1.7418335461033985e-06
207.78999999994625 1.7416037859533754e-06
207.79999999994624 1.7413739860421454e-06
207.80999999994623 1.7411441463697032e-06
207.81999999994622 1.7409142669360555e-06
207.8299999999462 1.7406843477411909e-06
207.8399999999462 1.7404543887851227e-06
207.8499999999462 1.740224390067844e-06
207.85999999994618 1.7399943515893554e-06
207.86999999994617 1.7397642733496577e-06
207.87999999994616 1.7395341553487456e-06
207.88999999994616 1.739303997586631e-06
207.89999999994615 1.739073800063301e-06
207.90999999994614 1.7388435627787634e-06
207.91999999994613 1.738613285733014e-06
207.92999999994612 1.7383829689260598e-06
207.9399999999461 1.738152612357891e-06
207.9499999999461 1.7379222160285162e-06
207.9599999999461 1.7376917799379298e-06
207.96999999994608 1.7374613040861345e-06
207.97999999994607 1.7372307884731326e-06
207.98999999994606 1.7370002330989137e-06
207.99999999994606 1.73676963796349e-06
208.00999999994605 1.7365390030668546e-06
208.01999999994604 1.7363083284090129e-06
208.02999999994603 1.7360776139899594e-06
208.03999999994602 1.735846859809693e-06
208.049999999946 1.7356160658682218e-06
208.059999999946 1.7353852321655405e-06
208.069999999946 1.7351543587016473e-06
208.07999999994598 1.7349234454765464e-06
208.08999999994597 1.734692492490235e-06
208.09999999994596 1.7344614997427163e-06
208.10999999994596 1.7342304672339805e-06
208.11999999994595 1.7339993949640423e-06
208.12999999994594 1.7337682829328913e-06
208.13999999994593 1.7335371311405324e-06
208.14999999994592 1.7333059395869621e-06
208.1599999999459 1.733074708272183e-06
208.1699999999459 1.732843437196196e-06
208.1799999999459 1.732612126358996e-06
208.18999999994588 1.7323807757605883e-06
208.19999999994587 1.7321493854009693e-06
208.20999999994586 1.7319179552801436e-06
208.21999999994586 1.7316864853981054e-06
208.22999999994585 1.7314549757548591e-06
208.23999999994584 1.7312234263504051e-06
208.24999999994583 1.730991837184736e-06
208.25999999994582 1.730760208257863e-06
208.2699999999458 1.7305285395697744e-06
208.2799999999458 1.7302968311204805e-06
208.2899999999458 1.7300650829099765e-06
208.29999999994578 1.7298332949382635e-06
208.30999999994577 1.7296014672053378e-06
208.31999999994576 1.729369599711203e-06
208.32999999994576 1.7291376924558615e-06
208.33999999994575 1.7289057454393088e-06
208.34999999994574 1.7286737586615458e-06
208.35999999994573 1.7284417321225725e-06
208.36999999994572 1.7282096658223911e-06
208.3799999999457 1.7279775597610024e-06
208.3899999999457 1.727745413938397e-06
208.3999999999457 1.7275132283545876e-06
208.40999999994568 1.7272810030095666e-06
208.41999999994567 1.727048737903338e-06
208.42999999994566 1.7268164330358976e-06
208.43999999994566 1.726584088407247e-06
208.44999999994565 1.7263517040173888e-06
208.45999999994564 1.7261192798663178e-06
208.46999999994563 1.7258868159540403e-06
208.47999999994562 1.7256543122805512e-06
208.4899999999456 1.7254217688458558e-06
208.4999999999456 1.725189185649946e-06
208.5099999999456 1.7249565626928287e-06
208.51999999994558 1.7247238999745037e-06
208.52999999994557 1.724491197494967e-06
208.53999999994556 1.7242584552542227e-06
208.54999999994556 1.7240256732522616e-06
208.55999999994555 1.7237928514890992e-06
208.56999999994554 1.7235599899647226e-06
208.57999999994553 1.7233270886791399e-06
208.58999999994552 1.723094147632344e-06
208.5999999999455 1.7228611668243392e-06
208.6099999999455 1.7226281462551258e-06
208.6199999999455 1.7223950859247045e-06
208.62999999994548 1.7221619858330699e-06
208.63999999994547 1.7219288459802252e-06
208.64999999994546 1.7216956663661756e-06
208.65999999994546 1.7214624469909118e-06
208.66999999994545 1.7212291878544403e-06
208.67999999994544 1.7209958889567595e-06
208.68999999994543 1.7207625502978684e-06
208.69999999994542 1.7205291718777675e-06
208.7099999999454 1.7202957536964549e-06
208.7199999999454 1.7200622957539355e-06
208.7299999999454 1.7198287980502086e-06
208.73999999994538 1.719595260585269e-06
208.74999999994537 1.719361683359119e-06
208.75999999994536 1.7191280663717574e-06
208.76999999994536 1.718894409623192e-06
208.77999999994535 1.7186607131134137e-06
208.78999999994534 1.7184269768424253e-06
208.79999999994533 1.718193200810229e-06
208.80999999994532 1.717959385016821e-06
208.8199999999453 1.7177255294622069e-06
208.8299999999453 1.717491634146377e-06
208.8399999999453 1.7172576990693434e-06
208.84999999994528 1.7170237242310972e-06
208.85999999994527 1.7167897096316419e-06
208.86999999994526 1.7165556552709762e-06
208.87999999994526 1.7163215611491027e-06
208.88999999994525 1.7160874272660179e-06
208.89999999994524 1.7158532536217225e-06
208.90999999994523 1.7156190402162197e-06
208.91999999994522 1.7153847870495052e-06
208.9299999999452 1.715150494121584e-06
208.9399999999452 1.7149161614324516e-06
208.9499999999452 1.7146817889821087e-06
208.95999999994518 1.7144473767705583e-06
208.96999999994517 1.7142129247977948e-06
208.97999999994516 1.7139784330638265e-06
208.98999999994516 1.713743901568641e-06
208.99999999994515 1.7135093303122536e-06
209.00999999994514 1.713274719294653e-06
209.01999999994513 1.713040068515843e-06
209.02999999994512 1.7128053779758233e-06
209.0399999999451 1.712570647674593e-06
209.0499999999451 1.712335877612155e-06
209.0599999999451 1.7121010677885056e-06
209.06999999994508 1.7118662182036472e-06
209.07999999994507 1.7116313288575823e-06
209.08999999994506 1.7113963997503045e-06
209.09999999994506 1.711161430881818e-06
209.10999999994505 1.7109264222521182e-06
209.11999999994504 1.7106913738612122e-06
209.12999999994503 1.7104562857090959e-06
209.13999999994502 1.710221157795772e-06
209.149999999945 1.709985990121235e-06
209.159999999945 1.7097507826854903e-06
209.169999999945 1.7095155354885367e-06
209.17999999994498 1.7092802485303714e-06
209.18999999994497 1.7090449218109962e-06
209.19999999994496 1.7088095553304116e-06
209.20999999994496 1.7085741490886197e-06
209.21999999994495 1.7083387030856172e-06
209.22999999994494 1.708103217321403e-06
209.23999999994493 1.7078676917959812e-06
209.24999999994492 1.7076321265093493e-06
209.2599999999449 1.7073965214615099e-06
209.2699999999449 1.7071608766524533e-06
209.2799999999449 1.7069251920821957e-06
209.28999999994488 1.7066894677507237e-06
209.29999999994487 1.7064537036580455e-06
209.30999999994486 1.7062178998041556e-06
209.31999999994486 1.7059820561890543e-06
209.32999999994485 1.7057461728127466e-06
209.33999999994484 1.7055102496752257e-06
209.34999999994483 1.705274286776496e-06
209.35999999994482 1.7050382841165572e-06
209.3699999999448 1.7048022416954108e-06
209.3799999999448 1.7045661595130556e-06
209.3899999999448 1.7043300375694848e-06
209.39999999994478 1.7040938758647087e-06
209.40999999994477 1.7038576743987226e-06
209.41999999994476 1.7036214331715274e-06
209.42999999994476 1.7033851521831217e-06
209.43999999994475 1.703148831433506e-06
209.44999999994474 1.70291247092268e-06
209.45999999994473 1.702676070650646e-06
209.46999999994472 1.7024396306173995e-06
209.4799999999447 1.702203150822945e-06
209.4899999999447 1.7019666312672829e-06
209.4999999999447 1.7017300719504083e-06
209.50999999994468 1.7014934728723255e-06
209.51999999994467 1.7012568340330339e-06
209.52999999994466 1.7010201554325294e-06
209.53999999994465 1.7007834370708186e-06
209.54999999994465 1.7005466789478934e-06
209.55999999994464 1.7003098810637644e-06
209.56999999994463 1.7000730434184215e-06
209.57999999994462 1.6998361660118732e-06
209.5899999999446 1.6995992488441122e-06
209.5999999999446 1.6993622919151408e-06
209.6099999999446 1.699125295224962e-06
209.61999999994458 1.6988882587735712e-06
209.62999999994457 1.6986511825609716e-06
209.63999999994456 1.698414066587163e-06
209.64999999994455 1.6981769108521467e-06
209.65999999994455 1.6979397153559163e-06
209.66999999994454 1.6977024800984781e-06
209.67999999994453 1.6974652050798309e-06
209.68999999994452 1.6972278902999746e-06
209.6999999999445 1.6969905357589096e-06
209.7099999999445 1.6967531414566301e-06
209.7199999999445 1.6965157073931458e-06
209.72999999994448 1.696278233568451e-06
209.73999999994447 1.6960407199825463e-06
209.74999999994446 1.6958031666354295e-06
209.75999999994445 1.695565573527104e-06
209.76999999994445 1.6953279406575722e-06
209.77999999994444 1.6950902680268274e-06
209.78999999994443 1.694852555634872e-06
209.79999999994442 1.6946148034817105e-06
209.8099999999444 1.694377011567336e-06
209.8199999999444 1.6941391798917554e-06
209.8299999999444 1.6939013084549603e-06
209.83999999994438 1.6936633972569587e-06
209.84999999994437 1.6934254462977473e-06
209.85999999994436 1.693187455577328e-06
209.86999999994435 1.6929494250956956e-06
209.87999999994435 1.6927113548528544e-06
209.88999999994434 1.6924732448488054e-06
209.89999999994433 1.6922350950835448e-06
209.90999999994432 1.691996905557074e-06
209.9199999999443 1.6917586762693942e-06
209.9299999999443 1.6915204072205066e-06
209.9399999999443 1.6912820984104077e-06
209.94999999994428 1.6910437498390981e-06
209.95999999994427 1.6908053615065812e-06
209.96999999994426 1.6905669334128538e-06
209.97999999994425 1.6903284655579188e-06
209.98999999994425 1.690089957941767e-06
209.99999999994424 1.6898514105644139e-06
210.00999999994423 1.6896128234258468e-06
210.01999999994422 1.6893741965260717e-06
210.0299999999442 1.6891355298650852e-06
210.0399999999442 1.6888968234428886e-06
210.0499999999442 1.6886580772594865e-06
210.05999999994418 1.6884192913148707e-06
210.06999999994417 1.6881804656090467e-06
210.07999999994416 1.687941600142014e-06
210.08999999994415 1.6877026949137696e-06
210.09999999994415 1.687463749924318e-06
210.10999999994414 1.6872247651736516e-06
210.11999999994413 1.6869857406617814e-06
210.12999999994412 1.6867466763886985e-06
210.1399999999441 1.6865075723544094e-06
210.1499999999441 1.6862684285589057e-06
210.1599999999441 1.6860292450021935e-06
210.16999999994408 1.6857900216842732e-06
210.17999999994407 1.6855507586051429e-06
210.18999999994406 1.685311455764802e-06
210.19999999994405 1.6850721131632522e-06
210.20999999994405 1.684832730800495e-06
210.21999999994404 1.6845933086765248e-06
210.22999999994403 1.6843538467913452e-06
210.23999999994402 1.6841143451449584e-06
210.249999999944 1.6838748037373596e-06
210.259999999944 1.6836352225685522e-06
210.269999999944 1.6833956016385316e-06
210.27999999994398 1.6831559409473075e-06
210.28999999994397 1.6829162404948702e-06
210.29999999994396 1.6826765002812254e-06
210.30999999994395 1.6824367203063678e-06
210.31999999994395 1.682196900570301e-06
210.32999999994394 1.6819570410730266e-06
210.33999999994393 1.6817171418145407e-06
210.34999999994392 1.6814772027948458e-06
210.3599999999439 1.6812372240139405e-06
210.3699999999439 1.680997205471829e-06
210.3799999999439 1.680757147168507e-06
210.38999999994388 1.680517049103971e-06
210.39999999994387 1.6802769112782296e-06
210.40999999994386 1.6800367336912769e-06
210.41999999994385 1.679796516343115e-06
210.42999999994385 1.6795562592337415e-06
210.43999999994384 1.6793159623631606e-06
210.44999999994383 1.6790756257313693e-06
210.45999999994382 1.6788352493383687e-06
210.4699999999438 1.6785948331841582e-06
210.4799999999438 1.6783543772687357e-06
210.4899999999438 1.6781138815921086e-06
210.49999999994378 1.6778733461542684e-06
210.50999999994377 1.6776327709552165e-06
210.51999999994376 1.677392155994961e-06
210.52999999994375 1.67715150127349e-06
210.53999999994375 1.676910806790815e-06
210.54999999994374 1.676670072546922e-06
210.55999999994373 1.6764292985418278e-06
210.56999999994372 1.6761884847755183e-06
210.5799999999437 1.6759476312480047e-06
210.5899999999437 1.675706737959276e-06
210.5999999999437 1.6754658049093393e-06
210.60999999994368 1.6752248320981965e-06
210.61999999994367 1.674983819525839e-06
210.62999999994366 1.6747427671922744e-06
210.63999999994365 1.6745016750974978e-06
210.64999999994365 1.6742605432415148e-06
210.65999999994364 1.674019371624319e-06
210.66999999994363 1.6737781602459144e-06
210.67999999994362 1.6735369091063019e-06
210.6899999999436 1.673295618205479e-06
210.6999999999436 1.6730542875434487e-06
210.7099999999436 1.6728129171202027e-06
210.71999999994358 1.6725715069357531e-06
210.72999999994357 1.6723300569900933e-06
210.73999999994356 1.672088567283219e-06
210.74999999994355 1.6718470378151384e-06
210.75999999994355 1.6716054685858465e-06
210.76999999994354 1.671363859595348e-06
210.77999999994353 1.6711222108436364e-06
210.78999999994352 1.670880522330716e-06
210.7999999999435 1.6706387940565893e-06
210.8099999999435 1.6703970260212497e-06
210.8199999999435 1.6701552182247008e-06
210.82999999994348 1.669913370666939e-06
210.83999999994347 1.669671483347975e-06
210.84999999994346 1.669429556267794e-06
210.85999999994345 1.6691875894264095e-06
210.86999999994345 1.6689455828238122e-06
210.87999999994344 1.6687035364600042e-06
210.88999999994343 1.66846145033499e-06
210.89999999994342 1.6682193244487644e-06
210.9099999999434 1.6679771588013267e-06
210.9199999999434 1.6677349533926802e-06
210.9299999999434 1.6674927082228276e-06
210.93999999994338 1.6672504232917607e-06
210.94999999994337 1.6670080985994872e-06
210.95999999994336 1.6667657341460038e-06
210.96999999994335 1.6665233299313098e-06
210.97999999994335 1.6662808859554094e-06
210.98999999994334 1.6660384022182924e-06
210.99999999994333 1.6657958787199715e-06
211.00999999994332 1.6655533154604375e-06
211.0199999999433 1.6653107124396974e-06
211.0299999999433 1.6650680696577444e-06
211.0399999999433 1.6648253871145834e-06
211.04999999994328 1.6645826648102153e-06
211.05999999994327 1.6643399027446324e-06
211.06999999994326 1.664097100917842e-06
211.07999999994325 1.6638542593298442e-06
211.08999999994325 1.663611377980632e-06
211.09999999994324 1.6633684568702173e-06
211.10999999994323 1.663125495998583e-06
211.11999999994322 1.662882495365748e-06
211.1299999999432 1.662639454971697e-06
211.1399999999432 1.6623963748164425e-06
211.1499999999432 1.6621532548999738e-06
211.15999999994318 1.6619100952222962e-06
211.16999999994317 1.6616668957834106e-06
211.17999999994316 1.6614236565833136e-06
211.18999999994315 1.6611803776220078e-06
211.19999999994315 1.66093705889949e-06
211.20999999994314 1.660693700415766e-06
211.21999999994313 1.6604503021708291e-06
211.22999999994312 1.6602068641646845e-06
211.2399999999431 1.659963386397331e-06
211.2499999999431 1.6597198688687657e-06
211.2599999999431 1.6594763115789929e-06
211.26999999994308 1.6592327145280071e-06
211.27999999994307 1.6589890777158165e-06
211.28999999994306 1.6587454011424126e-06
211.29999999994305 1.6585016848078027e-06
211.30999999994305 1.6582579287119781e-06
211.31999999994304 1.6580141328549452e-06
211.32999999994303 1.6577702972367067e-06
211.33999999994302 1.6575264218572541e-06
211.349999999943 1.6572825067165927e-06
211.359999999943 1.6570385518147222e-06
211.369999999943 1.6567945571516452e-06
211.37999999994298 1.6565505227273565e-06
211.38999999994297 1.6563064485418525e-06
211.39999999994296 1.6560623345951447e-06
211.40999999994295 1.6558181808872268e-06
211.41999999994295 1.655573987418101e-06
211.42999999994294 1.655329754187761e-06
211.43999999994293 1.6550854811962118e-06
211.44999999994292 1.6548411684434565e-06
211.4599999999429 1.6545968159294897e-06
211.4699999999429 1.6543524236543112e-06
211.4799999999429 1.6541079916179263e-06
211.48999999994288 1.653863519820331e-06
211.49999999994287 1.6536190082615244e-06
211.50999999994286 1.6533744569415072e-06
211.51999999994285 1.6531298658602851e-06
211.52999999994285 1.6528852350178487e-06
211.53999999994284 1.652640564414206e-06
211.54999999994283 1.6523958540493488e-06
211.55999999994282 1.652151103923287e-06
211.5699999999428 1.6519063140360136e-06
211.5799999999428 1.6516614843875322e-06
211.5899999999428 1.6514166149778378e-06
211.59999999994278 1.651171705806936e-06
211.60999999994277 1.6509267568748267e-06
211.61999999994276 1.650681768181504e-06
211.62999999994275 1.6504367397269712e-06
211.63999999994275 1.6501916715112293e-06
211.64999999994274 1.6499465635342812e-06
211.65999999994273 1.6497014157961201e-06
211.66999999994272 1.649456228296749e-06
211.6799999999427 1.6492110010361713e-06
211.6899999999427 1.6489657340143818e-06
211.6999999999427 1.648720427231385e-06
211.70999999994268 1.6484750806871724e-06
211.71999999994267 1.6482296943817574e-06
211.72999999994266 1.647984268315131e-06
211.73999999994265 1.6477388024872928e-06
211.74999999994264 1.6474932968982432e-06
211.75999999994264 1.6472477515479869e-06
211.76999999994263 1.6470021664365232e-06
211.77999999994262 1.646756541563845e-06
211.7899999999426 1.6465108769299593e-06
211.7999999999426 1.6462651725348648e-06
211.8099999999426 1.6460194283785585e-06
211.81999999994258 1.6457736444610458e-06
211.82999999994257 1.6455278207823176e-06
211.83999999994256 1.6452819573423856e-06
211.84999999994255 1.6450360541412407e-06
211.85999999994254 1.6447901111788895e-06
211.86999999994254 1.6445441284553269e-06
211.87999999994253 1.6442981059705522e-06
211.88999999994252 1.6440520437245717e-06
211.8999999999425 1.6438059417173792e-06
211.9099999999425 1.6435597999489765e-06
211.9199999999425 1.643313618419365e-06
211.92999999994248 1.6430673971285457e-06
211.93999999994247 1.6428211360765133e-06
211.94999999994246 1.6425748352632733e-06
211.95999999994245 1.6423284946888232e-06
211.96999999994244 1.6420821143531626e-06
211.97999999994244 1.6418356942562959e-06
211.98999999994243 1.6415892343982145e-06
211.99999999994242 1.6413427347789273e-06
212.0099999999424 1.6410961953984281e-06
212.0199999999424 1.6408496162567213e-06
212.0299999999424 1.6406029973538029e-06
212.03999999994238 1.6403563386896756e-06
212.04999999994237 1.6401096402643395e-06
212.05999999994236 1.6398629020777926e-06
212.06999999994235 1.6396161241300344e-06
212.07999999994234 1.6393693064210713e-06
212.08999999994234 1.639122448950895e-06
212.09999999994233 1.6388755517195111e-06
212.10999999994232 1.638628614726913e-06
212.1199999999423 1.6383816379731098e-06
212.1299999999423 1.638134621458095e-06
212.1399999999423 1.637887565181873e-06
212.14999999994228 1.63764046914444e-06
212.15999999994227 1.6373933333457945e-06
212.16999999994226 1.6371461577859437e-06
212.17999999994225 1.636898942464879e-06
212.18999999994224 1.6366516873826074e-06
212.19999999994224 1.6364043925391246e-06
212.20999999994223 1.6361570579344354e-06
212.21999999994222 1.6359096835685331e-06
212.2299999999422 1.6356622694414207e-06
212.2399999999422 1.6354148155531018e-06
212.2499999999422 1.6351673219035715e-06
212.25999999994218 1.6349197884928321e-06
212.26999999994217 1.63467221532088e-06
212.27999999994216 1.6344246023877237e-06
212.28999999994215 1.6341769496933535e-06
212.29999999994214 1.6339292572377768e-06
212.30999999994214 1.6336815250209883e-06
212.31999999994213 1.63343375304299e-06
212.32999999994212 1.6331859413037837e-06
212.3399999999421 1.6329380898033657e-06
212.3499999999421 1.632690198541739e-06
212.3599999999421 1.6324422675189006e-06
212.36999999994208 1.6321942967348558e-06
212.37999999994207 1.6319462861896032e-06
212.38999999994206 1.6316982358831325e-06
212.39999999994205 1.6314501458154594e-06
212.40999999994204 1.6312020159865748e-06
212.41999999994204 1.6309538463964826e-06
212.42999999994203 1.6307056370451773e-06
212.43999999994202 1.6304573879326618e-06
212.449999999942 1.6302090990589414e-06
212.459999999942 1.6299607704240078e-06
212.469999999942 1.6297124020278654e-06
212.47999999994198 1.62946399387051e-06
212.48999999994197 1.6292155459519521e-06
212.49999999994196 1.6289670582721772e-06
212.50999999994195 1.6287185308311948e-06
212.51999999994194 1.6284699636290072e-06
212.52999999994194 1.6282213566656058e-06
212.53999999994193 1.6279727099409966e-06
212.54999999994192 1.6277240234551742e-06
212.5599999999419 1.627475297208147e-06
212.5699999999419 1.6272265311999068e-06
212.5799999999419 1.6269777254304588e-06
212.58999999994188 1.6267288798997996e-06
212.59999999994187 1.6264799946079296e-06
212.60999999994186 1.626231069554855e-06
212.61999999994185 1.6259821047405656e-06
212.62999999994184 1.6257331001650663e-06
212.63999999994184 1.6254840558283605e-06
212.64999999994183 1.6252349717304448e-06
212.65999999994182 1.6249858478713184e-06
212.6699999999418 1.6247366842509803e-06
212.6799999999418 1.6244874808694386e-06
212.6899999999418 1.624238237726683e-06
212.69999999994178 1.6239889548227178e-06
212.70999999994177 1.6237396321575403e-06
212.71999999994176 1.6234902697311573e-06
212.72999999994175 1.6232408675435657e-06
212.73999999994174 1.6229914255947623e-06
212.74999999994174 1.622741943884747e-06
212.75999999994173 1.6224924224135244e-06
212.76999999994172 1.622242861181094e-06
212.7799999999417 1.6219932601874507e-06
212.7899999999417 1.621743619432597e-06
212.7999999999417 1.6214939389165387e-06
212.80999999994168 1.6212442186392656e-06
212.81999999994167 1.620994458600789e-06
212.82999999994166 1.6207446588010943e-06
212.83999999994165 1.6204948192401958e-06
212.84999999994164 1.6202449399180844e-06
212.85999999994164 1.6199950208347678e-06
212.86999999994163 1.6197450619902372e-06
212.87999999994162 1.6194950633844974e-06
212.8899999999416 1.6192450250175514e-06
212.8999999999416 1.6189949468893913e-06
212.9099999999416 1.6187448290000245e-06
212.91999999994158 1.618494671349446e-06
212.92999999994157 1.6182444739376605e-06
212.93999999994156 1.6179942367646629e-06
212.94999999994155 1.617743959830455e-06
212.95999999994154 1.617493643135041e-06
212.96999999994154 1.617243286678415e-06
212.97999999994153 1.6169928904605803e-06
212.98999999994152 1.6167424544815325e-06
212.9999999999415 1.6164919787412798e-06
213.0099999999415 1.6162414632398141e-06
213.0199999999415 1.6159909079771423e-06
213.02999999994148 1.6157403129532572e-06
213.03999999994147 1.6154896781681632e-06
213.04999999994146 1.6152390036218631e-06
213.05999999994145 1.61498828931435e-06
213.06999999994144 1.614737535245625e-06
213.07999999994144 1.6144867414156965e-06
213.08999999994143 1.6142359078245523e-06
213.09999999994142 1.6139850344722048e-06
213.1099999999414 1.6137341213586387e-06
213.1199999999414 1.61348316848387e-06
213.1299999999414 1.6132321758478901e-06
213.13999999994138 1.6129811434507024e-06
213.14999999994137 1.6127300712923017e-06
213.15999999994136 1.612478959372691e-06
213.16999999994135 1.6122278076918736e-06
213.17999999994134 1.6119766162498462e-06
213.18999999994134 1.6117253850466055e-06
213.19999999994133 1.6114741140821574e-06
213.20999999994132 1.6112228033565017e-06
213.2199999999413 1.6109714528696342e-06
213.2299999999413 1.6107200626215551e-06
213.2399999999413 1.610468632612271e-06
213.24999999994128 1.610217162841774e-06
213.25999999994127 1.6099656533100707e-06
213.26999999994126 1.6097141040171504e-06
213.27999999994125 1.6094625149630277e-06
213.28999999994124 1.6092108861476921e-06
213.29999999994124 1.608959217571149e-06
213.30999999994123 1.6087075092333942e-06
213.31999999994122 1.6084557611344306e-06
213.3299999999412 1.608203973274259e-06
213.3399999999412 1.6079521456528744e-06
213.3499999999412 1.6077002782702798e-06
213.35999999994118 1.6074483711264773e-06
213.36999999994117 1.6071964242214673e-06
213.37999999994116 1.606944437555247e-06
213.38999999994115 1.6066924111278138e-06
213.39999999994114 1.6064403449391726e-06
213.40999999994114 1.6061882389893212e-06
213.41999999994113 1.6059360932782638e-06
213.42999999994112 1.605683907805992e-06
213.4399999999411 1.6054316825725098e-06
213.4499999999411 1.605179417577824e-06
213.4599999999411 1.6049271128219239e-06
213.46999999994108 1.6046747683048135e-06
213.47999999994107 1.6044223840264955e-06
213.48999999994106 1.6041699599869698e-06
213.49999999994105 1.6039174961862299e-06
213.50999999994104 1.6036649926242822e-06
213.51999999994104 1.6034124493011254e-06
213.52999999994103 1.60315986621676e-06
213.53999999994102 1.6029072433711854e-06
213.549999999941 1.602654580764395e-06
213.559999999941 1.6024018783964014e-06
213.569999999941 1.602149136267196e-06
213.57999999994098 1.6018963543767827e-06
213.58999999994097 1.601643532725158e-06
213.59999999994096 1.6013906713123213e-06
213.60999999994095 1.60113777013828e-06
213.61999999994094 1.6008848292030257e-06
213.62999999994094 1.6006318485065612e-06
213.63999999994093 1.6003788280488876e-06
213.64999999994092 1.6001257678300062e-06
213.6599999999409 1.5998726678499147e-06
213.6699999999409 1.5996195281086102e-06
213.6799999999409 1.5993663486061018e-06
213.68999999994088 1.5991131293423796e-06
213.69999999994087 1.598859870317452e-06
213.70999999994086 1.5986065715313061e-06
213.71999999994085 1.5983532329839581e-06
213.72999999994084 1.598099854675401e-06
213.73999999994084 1.59784643660563e-06
213.74999999994083 1.5975929787746494e-06
213.75999999994082 1.597339481182459e-06
213.7699999999408 1.5970859438290634e-06
213.7799999999408 1.5968323667144534e-06
213.7899999999408 1.5965787498386359e-06
213.79999999994078 1.5963250932016107e-06
213.80999999994077 1.5960713968033712e-06
213.81999999994076 1.5958176606439269e-06
213.82999999994075 1.5955638847232667e-06
213.83999999994074 1.595310069041403e-06
213.84999999994074 1.5950562135983261e-06
213.85999999994073 1.594802318394042e-06
213.86999999994072 1.594548383428547e-06
213.8799999999407 1.5942944087018409e-06
213.8899999999407 1.5940403942139282e-06
213.8999999999407 1.593786339964803e-06
213.90999999994068 1.5935322459544683e-06
213.91999999994067 1.5932781121829247e-06
213.92999999994066 1.593023938650172e-06
213.93999999994065 1.5927697253562093e-06
213.94999999994064 1.5925154723010376e-06
213.95999999994064 1.5922611794846567e-06
213.96999999994063 1.592006846907062e-06
213.97999999994062 1.5917524745682656e-06
213.9899999999406 1.5914980624682488e-06
213.9999999999406 1.591243610607031e-06
214.0099999999406 1.5909891189845985e-06
214.01999999994058 1.5907345876009625e-06
214.02999999994057 1.5904800164561126e-06
214.03999999994056 1.5902254055500507e-06
214.04999999994055 1.589970754882784e-06
214.05999999994054 1.589716064454304e-06
214.06999999994053 1.589461334264614e-06
214.07999999994053 1.5892065643137176e-06
214.08999999994052 1.5889517546016105e-06
214.0999999999405 1.588696905128295e-06
214.1099999999405 1.5884420158937635e-06
214.1199999999405 1.58818708689803e-06
214.12999999994048 1.5879321181410834e-06
214.13999999994047 1.5876771096229291e-06
214.14999999994046 1.587422061343562e-06
214.15999999994045 1.5871669733029858e-06
214.16999999994044 1.586911845501202e-06
214.17999999994043 1.5866566779382066e-06
214.18999999994043 1.5864014706140021e-06
214.19999999994042 1.5861462235285873e-06
214.2099999999404 1.5858909366819662e-06
214.2199999999404 1.585635610074132e-06
214.2299999999404 1.585380243705088e-06
214.23999999994038 1.5851248375748373e-06
214.24999999994037 1.5848693916833748e-06
214.25999999994036 1.584613906030705e-06
214.26999999994035 1.5843583806168206e-06
214.27999999994034 1.584102815441729e-06
214.28999999994033 1.583847210505428e-06
214.29999999994033 1.5835915658079195e-06
214.30999999994032 1.5833358813491982e-06
214.3199999999403 1.5830801571292677e-06
214.3299999999403 1.582824393148131e-06
214.3399999999403 1.5825685894057802e-06
214.34999999994028 1.5823127459022212e-06
214.35999999994027 1.5820568626374525e-06
214.36999999994026 1.5818009396114758e-06
214.37999999994025 1.5815449768242887e-06
214.38999999994024 1.5812889742758888e-06
214.39999999994023 1.5810329319662828e-06
214.40999999994023 1.5807768498954662e-06
214.41999999994022 1.5805207280634406e-06
214.4299999999402 1.5802645664702038e-06
214.4399999999402 1.5800083651157575e-06
214.4499999999402 1.5797521240001026e-06
214.45999999994018 1.5794958431232373e-06
214.46999999994017 1.5792395224851625e-06
214.47999999994016 1.5789831620858779e-06
214.48999999994015 1.5787267619253843e-06
214.49999999994014 1.5784703220036805e-06
214.50999999994013 1.5782138423207665e-06
214.51999999994013 1.5779573228766445e-06
214.52999999994012 1.5777007636713124e-06
214.5399999999401 1.577444164704771e-06
214.5499999999401 1.5771875259770157e-06
214.5599999999401 1.5769308474880564e-06
214.56999999994008 1.576674129237883e-06
214.57999999994007 1.5764173712265047e-06
214.58999999994006 1.5761605734539121e-06
214.59999999994005 1.575903735920112e-06
214.60999999994004 1.575646858625104e-06
214.61999999994003 1.5753899415688828e-06
214.62999999994003 1.575132984751453e-06
214.63999999994002 1.5748759881728128e-06
214.64999999994 1.574618951832965e-06
214.65999999994 1.574361875731907e-06
214.66999999994 1.5741047598696395e-06
214.67999999993998 1.5738476042461621e-06
214.68999999993997 1.5735904088614732e-06
214.69999999993996 1.5733331737155791e-06
214.70999999993995 1.5730758988084695e-06
214.71999999993994 1.5728185841401548e-06
214.72999999993993 1.572561229710631e-06
214.73999999993993 1.5723038355198946e-06
214.74999999993992 1.572046401567949e-06
214.7599999999399 1.5717889278547931e-06
214.7699999999399 1.5715314143804297e-06
214.7799999999399 1.5712738611448556e-06
214.78999999993988 1.5710162681480703e-06
214.79999999993987 1.5707586353900784e-06
214.80999999993986 1.570500962870875e-06
214.81999999993985 1.570243250590464e-06
214.82999999993984 1.5699854985488372e-06
214.83999999993983 1.5697277067460085e-06
214.84999999993983 1.569469875181965e-06
214.85999999993982 1.5692120038567168e-06
214.8699999999398 1.5689540927702528e-06
214.8799999999398 1.5686961419225813e-06
214.8899999999398 1.5684381513137021e-06
214.89999999993978 1.5681801209436125e-06
214.90999999993977 1.5679220508123114e-06
214.91999999993976 1.5676639409198012e-06
214.92999999993975 1.567405791266085e-06
214.93999999993974 1.5671476018511542e-06
214.94999999993973 1.566889372675016e-06
214.95999999993973 1.5666311037376683e-06
214.96999999993972 1.5663727950391107e-06
214.9799999999397 1.5661144465793454e-06
214.9899999999397 1.5658560583583648e-06
214.9999999999397 1.565597630376179e-06
215.00999999993968 1.5653391626327828e-06
215.01999999993967 1.5650806551281773e-06
215.02999999993966 1.5648221078623607e-06
215.03999999993965 1.564563520835335e-06
215.04999999993964 1.5643048940471026e-06
215.05999999993963 1.5640462274976552e-06
215.06999999993963 1.563787521187001e-06
215.07999999993962 1.563528775115138e-06
215.0899999999396 1.5632699892820647e-06
215.0999999999396 1.5630111636877838e-06
215.1099999999396 1.5627522983322858e-06
215.11999999993958 1.5624933932155868e-06
215.12999999993957 1.5622344483376738e-06
215.13999999993956 1.5619754636985528e-06
215.14999999993955 1.5617164392982206e-06
215.15999999993954 1.5614573751366775e-06
215.16999999993953 1.5611982712139285e-06
215.17999999993953 1.5609391275299677e-06
215.18999999993952 1.560679944084797e-06
215.1999999999395 1.5604207208784154e-06
215.2099999999395 1.5601614579108276e-06
215.2199999999395 1.5599021551820284e-06
215.22999999993948 1.559642812692019e-06
215.23999999993947 1.5593834304408017e-06
215.24999999993946 1.5591240084283728e-06
215.25999999993945 1.5588645466547348e-06
215.26999999993944 1.5586050451198854e-06
215.27999999993943 1.5583455038238295e-06
215.28999999993943 1.5580859227665624e-06
215.29999999993942 1.5578263019480873e-06
215.3099999999394 1.5575666413684004e-06
215.3199999999394 1.5573069410275036e-06
215.3299999999394 1.5570472009254002e-06
215.33999999993938 1.5567874210620838e-06
215.34999999993937 1.5565276014375585e-06
215.35999999993936 1.556267742051823e-06
215.36999999993935 1.5560078429048811e-06
215.37999999993934 1.5557479039967289e-06
215.38999999993933 1.5554879253273625e-06
215.39999999993933 1.5552279068967912e-06
215.40999999993932 1.5549678487050065e-06
215.4199999999393 1.554707750752016e-06
215.4299999999393 1.5544476130378136e-06
215.4399999999393 1.5541874355624008e-06
215.44999999993928 1.553927218325782e-06
215.45999999993927 1.5536669613279497e-06
215.46999999993926 1.5534066645689064e-06
215.47999999993925 1.5531463280486562e-06
215.48999999993924 1.5528859517671988e-06
215.49999999993923 1.5526255357245284e-06
215.50999999993923 1.552365079920649e-06
215.51999999993922 1.5521045843555603e-06
215.5299999999392 1.5518440490292603e-06
215.5399999999392 1.5515834739417553e-06
215.5499999999392 1.5513228590930331e-06
215.55999999993918 1.551062204483106e-06
215.56999999993917 1.5508015101119689e-06
215.57999999993916 1.5505407759796226e-06
215.58999999993915 1.5502800020860671e-06
215.59999999993914 1.550019188431299e-06
215.60999999993913 1.549758335015326e-06
215.61999999993913 1.5494974418381369e-06
215.62999999993912 1.5492365088997417e-06
215.6399999999391 1.5489755362001362e-06
215.6499999999391 1.5487145237393233e-06
215.6599999999391 1.5484534715172984e-06
215.66999999993908 1.5481923795340634e-06
215.67999999993907 1.5479312477896219e-06
215.68999999993906 1.547670076283969e-06
215.69999999993905 1.5474088650171057e-06
215.70999999993904 1.5471476139890323e-06
215.71999999993903 1.5468863231997496e-06
215.72999999993903 1.5466249926492607e-06
215.73999999993902 1.5463636223375573e-06
215.749999999939 1.5461022122646454e-06
215.759999999939 1.5458407624305241e-06
215.769999999939 1.5455792728351942e-06
215.77999999993898 1.5453177434786538e-06
215.78999999993897 1.545056174360904e-06
215.79999999993896 1.544794565481946e-06
215.80999999993895 1.5445329168417758e-06
215.81999999993894 1.5442712284403983e-06
215.82999999993893 1.5440095002778062e-06
215.83999999993893 1.5437477323540094e-06
215.84999999993892 1.543485924669002e-06
215.8599999999389 1.5432240772227848e-06
215.8699999999389 1.5429621900153581e-06
215.8799999999389 1.54270026304672e-06
215.88999999993888 1.5424382963168755e-06
215.89999999993887 1.5421762898258183e-06
215.90999999993886 1.541914243573553e-06
215.91999999993885 1.5416521575600749e-06
215.92999999993884 1.541390031785392e-06
215.93999999993883 1.5411278662494972e-06
215.94999999993883 1.540865660952391e-06
215.95999999993882 1.5406034158940798e-06
215.9699999999388 1.5403411310745555e-06
215.9799999999388 1.5400788064938239e-06
215.9899999999388 1.5398164421518777e-06
215.99999999993878 1.5395540380487264e-06
216.00999999993877 1.5392915941843623e-06
216.01999999993876 1.5390291105587918e-06
216.02999999993875 1.5387665871720097e-06
216.03999999993874 1.5385040240240174e-06
216.04999999993873 1.5382414211148187e-06
216.05999999993873 1.5379787784444058e-06
216.06999999993872 1.5377160960127852e-06
216.0799999999387 1.5374533738199567e-06
216.0899999999387 1.537190611865917e-06
216.0999999999387 1.5369278101506695e-06
216.10999999993868 1.536664968674206e-06
216.11999999993867 1.5364020874365407e-06
216.12999999993866 1.536139166437661e-06
216.13999999993865 1.5358762056775749e-06
216.14999999993864 1.535613205156276e-06
216.15999999993863 1.535350164873769e-06
216.16999999993863 1.5350870848300534e-06
216.17999999993862 1.5348239650251248e-06
216.1899999999386 1.5345608054589886e-06
216.1999999999386 1.5342976061316406e-06
216.2099999999386 1.5340343670430878e-06
216.21999999993858 1.533771088193322e-06
216.22999999993857 1.533507769582347e-06
216.23999999993856 1.5332444112101633e-06
216.24999999993855 1.5329810130767677e-06
216.25999999993854 1.5327175751821672e-06
216.26999999993853 1.5324540975263496e-06
216.27999999993852 1.5321905801093274e-06
216.28999999993852 1.5319270229310936e-06
216.2999999999385 1.531663425991653e-06
216.3099999999385 1.5313997892909997e-06
216.3199999999385 1.5311361128291374e-06
216.32999999993848 1.5308723966060678e-06
216.33999999993847 1.5306086406217847e-06
216.34999999993846 1.5303448448762929e-06
216.35999999993845 1.5300810093695933e-06
216.36999999993844 1.5298171341016834e-06
216.37999999993843 1.5295532190725676e-06
216.38999999993842 1.5292892642822332e-06
216.39999999993842 1.5290252697306963e-06
216.4099999999384 1.5287612354179466e-06
216.4199999999384 1.5284971613439905e-06
216.4299999999384 1.5282330475088218e-06
216.43999999993838 1.5279688939124412e-06
216.44999999993837 1.5277047005548569e-06
216.45999999993836 1.5274404674360582e-06
216.46999999993835 1.5271761945560509e-06
216.47999999993834 1.5269118819148328e-06
216.48999999993833 1.526647529512409e-06
216.49999999993832 1.5263831373487718e-06
216.50999999993832 1.5261187054239255e-06
216.5199999999383 1.525854233737873e-06
216.5299999999383 1.525589722290608e-06
216.5399999999383 1.5253251710821363e-06
216.54999999993828 1.5250605801124478e-06
216.55999999993827 1.5247959493815566e-06
216.56999999993826 1.5245312788894512e-06
216.57999999993825 1.52426656863614e-06
216.58999999993824 1.5240018186216167e-06
216.59999999993823 1.523737028845883e-06
216.60999999993822 1.5234721993089434e-06
216.61999999993822 1.523207330010792e-06
216.6299999999382 1.5229424209514287e-06
216.6399999999382 1.522677472130858e-06
216.6499999999382 1.5224124835490784e-06
216.65999999993818 1.522147455206087e-06
216.66999999993817 1.5218823871018853e-06
216.67999999993816 1.5216172792364788e-06
216.68999999993815 1.521352131609858e-06
216.69999999993814 1.5210869442220306e-06
216.70999999993813 1.520821717072989e-06
216.71999999993812 1.5205564501627427e-06
216.72999999993812 1.5202911434912872e-06
216.7399999999381 1.5200257970586186e-06
216.7499999999381 1.51976041086474e-06
216.7599999999381 1.5194949849096522e-06
216.76999999993808 1.519229519193357e-06
216.77999999993807 1.518964013715851e-06
216.78999999993806 1.5186984684771338e-06
216.79999999993805 1.518432883477209e-06
216.80999999993804 1.5181672587160736e-06
216.81999999993803 1.5179015941937306e-06
216.82999999993802 1.5176358899101735e-06
216.83999999993802 1.51737014586541e-06
216.849999999938 1.517104362059435e-06
216.859999999938 1.5168385384922545e-06
216.869999999938 1.5165726751638603e-06
216.87999999993798 1.5163067720742556e-06
216.88999999993797 1.5160408292234445e-06
216.89999999993796 1.5157748466114233e-06
216.90999999993795 1.5155088242381903e-06
216.91999999993794 1.5152427621037467e-06
216.92999999993793 1.5149766602080986e-06
216.93999999993792 1.5147105185512375e-06
216.94999999993792 1.514444337133166e-06
216.9599999999379 1.5141781159538853e-06
216.9699999999379 1.5139118550133958e-06
216.9799999999379 1.5136455543116987e-06
216.98999999993788 1.5133792138487845e-06
216.99999999993787 1.5131128336246697e-06
217.00999999993786 1.5128464136393401e-06
217.01999999993785 1.5125799538928032e-06
217.02999999993784 1.5123134543850559e-06
217.03999999993783 1.512046915116097e-06
217.04999999993782 1.5117803360859316e-06
217.05999999993782 1.5115137172945548e-06
217.0699999999378 1.511247058741969e-06
217.0799999999378 1.5109803604281742e-06
217.0899999999378 1.5107136223531664e-06
217.09999999993778 1.5104468445169536e-06
217.10999999993777 1.510180026919525e-06
217.11999999993776 1.5099131695608929e-06
217.12999999993775 1.5096462724410465e-06
217.13999999993774 1.509379335559994e-06
217.14999999993773 1.509112358917728e-06
217.15999999993772 1.5088453425142562e-06
217.16999999993772 1.508578286349574e-06
217.1799999999377 1.5083111904236814e-06
217.1899999999377 1.5080440547365772e-06
217.1999999999377 1.5077768792882655e-06
217.20999999993768 1.5075096640787443e-06
217.21999999993767 1.5072424091080132e-06
217.22999999993766 1.506975114376072e-06
217.23999999993765 1.5067077798829243e-06
217.24999999993764 1.5064404056285607e-06
217.25999999993763 1.5061729916129938e-06
217.26999999993762 1.50590553783621e-06
217.27999999993762 1.505638044298222e-06
217.2899999999376 1.5053705109990243e-06
217.2999999999376 1.5051029379386145e-06
217.3099999999376 1.5048353251169987e-06
217.31999999993758 1.5045676725341686e-06
217.32999999993757 1.5042999801901334e-06
217.33999999993756 1.5040322480848852e-06
217.34999999993755 1.503764476218427e-06
217.35999999993754 1.5034966645907594e-06
217.36999999993753 1.5032288132018855e-06
217.37999999993752 1.5029609220518017e-06
217.38999999993752 1.5026929911405021e-06
217.3999999999375 1.5024250204679998e-06
217.4099999999375 1.5021570100342838e-06
217.4199999999375 1.5018889598393597e-06
217.42999999993748 1.5016208698832256e-06
217.43999999993747 1.5013527401658808e-06
217.44999999993746 1.501084570687329e-06
217.45999999993745 1.5008163614475665e-06
217.46999999993744 1.500548112446592e-06
217.47999999993743 1.5002798236844077e-06
217.48999999993742 1.5000114951610183e-06
217.49999999993742 1.4997431268764148e-06
217.5099999999374 1.4994747188306035e-06
217.5199999999374 1.4992062710235843e-06
217.5299999999374 1.4989377834553513e-06
217.53999999993738 1.498669256125913e-06
217.54999999993737 1.4984006890352605e-06
217.55999999993736 1.4981320821834028e-06
217.56999999993735 1.497863435570331e-06
217.57999999993734 1.4975947491960555e-06
217.58999999993733 1.4973260230605655e-06
217.59999999993732 1.4970572571638656e-06
217.60999999993732 1.4967884515059594e-06
217.6199999999373 1.4965196060868412e-06
217.6299999999373 1.4962507209065143e-06
217.6399999999373 1.4959817959649756e-06
217.64999999993728 1.4957128312622306e-06
217.65999999993727 1.495443826798274e-06
217.66999999993726 1.4951747825731073e-06
217.67999999993725 1.4949056985867312e-06
217.68999999993724 1.4946365748391464e-06
217.69999999993723 1.494367411330354e-06
217.70999999993722 1.4940982080603444e-06
217.71999999993722 1.4938289650291326e-06
217.7299999999372 1.4935596822367104e-06
217.7399999999372 1.4932903596830768e-06
217.7499999999372 1.493020997368233e-06
217.75999999993718 1.4927515952921772e-06
217.76999999993717 1.492482153454918e-06
217.77999999993716 1.4922126718564441e-06
217.78999999993715 1.491943150496763e-06
217.79999999993714 1.4916735893758728e-06
217.80999999993713 1.4914039884937697e-06
217.81999999993712 1.49113434785046e-06
217.82999999993712 1.4908646674459377e-06
217.8399999999371 1.4905949472802076e-06
217.8499999999371 1.4903251873532658e-06
217.8599999999371 1.4900553876651193e-06
217.86999999993708 1.4897855482157594e-06
217.87999999993707 1.4895156690051896e-06
217.88999999993706 1.4892457500334146e-06
217.89999999993705 1.4889757913004252e-06
217.90999999993704 1.4887057928062257e-06
217.91999999993703 1.4884357545508174e-06
217.92999999993702 1.4881656765342023e-06
217.93999999993702 1.4878955587563743e-06
217.949999999937 1.487625401217338e-06
217.959999999937 1.4873552039170933e-06
217.969999999937 1.4870849668556359e-06
217.97999999993698 1.4868146900329735e-06
217.98999999993697 1.486544373449094e-06
217.99999999993696 1.4862740171040124e-06
218.00999999993695 1.4860036209977153e-06
218.01999999993694 1.4857331851302142e-06
218.02999999993693 1.485462709501499e-06
218.03999999993692 1.4851921941115733e-06
218.04999999993692 1.484921638960443e-06
218.0599999999369 1.4846510440480994e-06
218.0699999999369 1.484380409374547e-06
218.0799999999369 1.4841097349397867e-06
218.08999999993688 1.483839020743814e-06
218.09999999993687 1.4835682667866344e-06
218.10999999993686 1.483297473068238e-06
218.11999999993685 1.4830266395886407e-06
218.12999999993684 1.482755766347829e-06
218.13999999993683 1.4824848533458112e-06
218.14999999993682 1.4822139005825804e-06
218.15999999993682 1.4819429080581403e-06
218.1699999999368 1.4816718757724941e-06
218.1799999999368 1.4814008037256321e-06
218.1899999999368 1.481129691917564e-06
218.19999999993678 1.4808585403482858e-06
218.20999999993677 1.480587349017801e-06
218.21999999993676 1.480316117926102e-06
218.22999999993675 1.4800448470731938e-06
218.23999999993674 1.4797735364590793e-06
218.24999999993673 1.4795021860837534e-06
218.25999999993672 1.4792307959472185e-06
218.26999999993672 1.4789593660494694e-06
218.2799999999367 1.4786878963905166e-06
218.2899999999367 1.4784163869703504e-06
218.2999999999367 1.478144837788977e-06
218.30999999993668 1.4778732488463932e-06
218.31999999993667 1.4776016201425978e-06
218.32999999993666 1.477329951677596e-06
218.33999999993665 1.4770582434513814e-06
218.34999999993664 1.4767864954639574e-06
218.35999999993663 1.4765147077153236e-06
218.36999999993662 1.4762428802054835e-06
218.37999999993662 1.475971012934434e-06
218.3899999999366 1.475699105902169e-06
218.3999999999366 1.4754271591086994e-06
218.4099999999366 1.4751551725540177e-06
218.41999999993658 1.4748831462381286e-06
218.42999999993657 1.4746110801610275e-06
218.43999999993656 1.4743389743227178e-06
218.44999999993655 1.474066828723199e-06
218.45999999993654 1.4737946433624699e-06
218.46999999993653 1.4735224182405294e-06
218.47999999993652 1.4732501533573808e-06
218.48999999993651 1.4729778487130252e-06
218.4999999999365 1.472705504307456e-06
218.5099999999365 1.4724331201406769e-06
218.5199999999365 1.4721606962126925e-06
218.52999999993648 1.471888232523494e-06
218.53999999993647 1.471615729073089e-06
218.54999999993646 1.47134318586147e-06
218.55999999993645 1.4710706028886458e-06
218.56999999993644 1.4707979801546102e-06
218.57999999993643 1.470525317659368e-06
218.58999999993642 1.4702526154029104e-06
218.59999999993641 1.4699798733852476e-06
218.6099999999364 1.4697070916063734e-06
218.6199999999364 1.4694342700662887e-06
218.6299999999364 1.469161408764995e-06
218.63999999993638 1.4688885077024914e-06
218.64999999993637 1.468615566878781e-06
218.65999999993636 1.4683425862938576e-06
218.66999999993635 1.4680695659477257e-06
218.67999999993634 1.4677965058403847e-06
218.68999999993633 1.467523405971833e-06
218.69999999993632 1.4672502663420727e-06
218.70999999993631 1.4669770869510981e-06
218.7199999999363 1.4667038677989196e-06
218.7299999999363 1.4664306088855324e-06
218.7399999999363 1.466157310210932e-06
218.74999999993628 1.4658839717751228e-06
218.75999999993627 1.465610593578102e-06
218.76999999993626 1.4653371756198761e-06
218.77999999993625 1.465063717900436e-06
218.78999999993624 1.464790220419788e-06
218.79999999993623 1.464516683177931e-06
218.80999999993622 1.4642431061748627e-06
218.81999999993621 1.4639694894105893e-06
218.8299999999362 1.463695832885099e-06
218.8399999999362 1.4634221365984034e-06
218.8499999999362 1.4631484005504965e-06
218.85999999993618 1.462874624741382e-06
218.86999999993617 1.462600809171057e-06
218.87999999993616 1.4623269538395206e-06
218.88999999993615 1.4620530587467802e-06
218.89999999993614 1.4617791238928228e-06
218.90999999993613 1.4615051492776594e-06
218.91999999993612 1.4612311349012843e-06
218.92999999993611 1.460957080763703e-06
218.9399999999361 1.4606829868649097e-06
218.9499999999361 1.4604088532049052e-06
218.9599999999361 1.4601346797836953e-06
218.96999999993608 1.4598604666012728e-06
218.97999999993607 1.4595862136576423e-06
218.98999999993606 1.4593119209527994e-06
218.99999999993605 1.459037588486751e-06
219.00999999993604 1.4587632162594897e-06
219.01999999993603 1.4584888042710193e-06
219.02999999993602 1.4582143525213404e-06
219.03999999993601 1.4579398610104508e-06
219.049999999936 1.4576653297383522e-06
219.059999999936 1.4573907587050422e-06
219.069999999936 1.4571161479105234e-06
219.07999999993598 1.4568414973547965e-06
219.08999999993597 1.4565668070378596e-06
219.09999999993596 1.4562920769597137e-06
219.10999999993595 1.4560173071203533e-06
219.11999999993594 1.4557424975197881e-06
219.12999999993593 1.45546764815801e-06
219.13999999993592 1.4551927590350267e-06
219.14999999993591 1.4549178301508292e-06
219.1599999999359 1.454642861505424e-06
219.1699999999359 1.4543678530988097e-06
219.1799999999359 1.4540928049309853e-06
219.18999999993588 1.4538177170019492e-06
219.19999999993587 1.4535425893117043e-06
219.20999999993586 1.453267421860253e-06
219.21999999993585 1.4529922146475887e-06
219.22999999993584 1.4527169676737142e-06
219.23999999993583 1.452441680938633e-06
219.24999999993582 1.4521663544423405e-06
219.25999999993581 1.4518909881848403e-06
219.2699999999358 1.4516155821661245e-06
219.2799999999358 1.4513401363862065e-06
219.2899999999358 1.451064650845074e-06
219.29999999993578 1.450789125542735e-06
219.30999999993577 1.4505135604791847e-06
219.31999999993576 1.450237955654424e-06
219.32999999993575 1.4499623110684556e-06
219.33999999993574 1.4496866267212757e-06
219.34999999993573 1.4494109026128868e-06
219.35999999993572 1.449135138743286e-06
219.36999999993571 1.4488593351124805e-06
219.3799999999357 1.4485834917204648e-06
219.3899999999357 1.4483076085672345e-06
219.3999999999357 1.4480316856527981e-06
219.40999999993568 1.4477557229771497e-06
219.41999999993567 1.447479720540294e-06
219.42999999993566 1.4472036783422279e-06
219.43999999993565 1.4469275963829502e-06
219.44999999993564 1.4466514746624691e-06
219.45999999993563 1.446375313180772e-06
219.46999999993562 1.4460991119378663e-06
219.47999999993561 1.4458228709337496e-06
219.4899999999356 1.4455465901684285e-06
219.4999999999356 1.4452702696418945e-06
219.5099999999356 1.4449939093541497e-06
219.51999999993558 1.4447175093051976e-06
219.52999999993557 1.4444410694950352e-06
219.53999999993556 1.4441645899236637e-06
219.54999999993555 1.4438880705910765e-06
219.55999999993554 1.4436115114972886e-06
219.56999999993553 1.4433349126422865e-06
219.57999999993552 1.4430582740260776e-06
219.58999999993551 1.442781595648656e-06
219.5999999999355 1.442504877510024e-06
219.6099999999355 1.442228119610186e-06
219.6199999999355 1.4419513219491346e-06
219.62999999993548 1.4416744845268745e-06
219.63999999993547 1.4413976073434051e-06
219.64999999993546 1.4411206903987271e-06
219.65999999993545 1.4408437336928386e-06
219.66999999993544 1.44056673722574e-06
219.67999999993543 1.4402897009974348e-06
219.68999999993542 1.4400126250079155e-06
219.69999999993541 1.439735509257191e-06
219.7099999999354 1.4394583537452498e-06
219.7199999999354 1.439181158472106e-06
219.7299999999354 1.438903923437751e-06
219.73999999993538 1.4386266486421841e-06
219.74999999993537 1.4383493340854081e-06
219.75999999993536 1.4380719797674236e-06
219.76999999993535 1.437794585688231e-06
219.77999999993534 1.4375171518478256e-06
219.78999999993533 1.437239678246211e-06
219.79999999993532 1.4369621648833892e-06
219.80999999993531 1.436684611759354e-06
219.8199999999353 1.4364070188741128e-06
219.8299999999353 1.4361293862276572e-06
219.8399999999353 1.4358517138199965e-06
219.84999999993528 1.435574001651124e-06
219.85999999993527 1.4352962497210443e-06
219.86999999993526 1.4350184580297515e-06
219.87999999993525 1.434740626577251e-06
219.88999999993524 1.4344627553635428e-06
219.89999999993523 1.4341848443886202e-06
219.90999999993522 1.4339068936524903e-06
219.91999999993521 1.4336289031551513e-06
219.9299999999352 1.433350872896602e-06
219.9399999999352 1.4330728028768435e-06
219.9499999999352 1.4327946930958735e-06
219.95999999993518 1.4325165435536972e-06
219.96999999993517 1.4322383542503065e-06
219.97999999993516 1.4319601251857123e-06
219.98999999993515 1.4316818563599012e-06
219.99999999993514 1.4314035477728877e-06
220.00999999993513 1.4311251994246585e-06
220.01999999993512 1.4308468113152256e-06
220.02999999993511 1.4305683834445787e-06
220.0399999999351 1.4302899158127212e-06
220.0499999999351 1.4300114084196588e-06
220.0599999999351 1.4297328612653836e-06
220.06999999993508 1.4294542743498993e-06
220.07999999993507 1.4291756476732045e-06
220.08999999993506 1.4288969812352998e-06
220.09999999993505 1.4286182750361898e-06
220.10999999993504 1.4283395290758616e-06
220.11999999993503 1.428060743354331e-06
220.12999999993502 1.4277819178715887e-06
220.13999999993501 1.4275030526276376e-06
220.149999999935 1.427224147622475e-06
220.159999999935 1.426945202856103e-06
220.169999999935 1.4266662183285252e-06
220.17999999993498 1.4263871940397317e-06
220.18999999993497 1.4261081299897302e-06
220.19999999993496 1.42582902617852e-06
220.20999999993495 1.4255498826061034e-06
220.21999999993494 1.4252706992724738e-06
220.22999999993493 1.4249914761776325e-06
220.23999999993492 1.424712213321585e-06
220.24999999993491 1.4244329107043261e-06
220.2599999999349 1.4241535683258616e-06
220.2699999999349 1.4238741861861793e-06
220.2799999999349 1.4235947642852933e-06
220.28999999993488 1.4233153026231969e-06
220.29999999993487 1.4230358011998917e-06
220.30999999993486 1.4227562600153733e-06
220.31999999993485 1.422476679069646e-06
220.32999999993484 1.422197058362715e-06
220.33999999993483 1.421917397894567e-06
220.34999999993482 1.4216376976652115e-06
220.35999999993481 1.421357957674647e-06
220.3699999999348 1.4210781779228748e-06
220.3799999999348 1.4207983584098924e-06
220.3899999999348 1.4205184991356941e-06
220.39999999993478 1.4202386001002925e-06
220.40999999993477 1.4199586613036806e-06
220.41999999993476 1.4196786827458581e-06
220.42999999993475 1.4193986644268268e-06
220.43999999993474 1.4191186063465824e-06
220.44999999993473 1.4188385085051332e-06
220.45999999993472 1.4185583709024709e-06
220.4699999999347 1.4182781935385997e-06
220.4799999999347 1.4179979764135182e-06
220.4899999999347 1.4177177195272304e-06
220.4999999999347 1.4174374228797295e-06
220.50999999993468 1.4171570864710197e-06
220.51999999993467 1.4168767103011013e-06
220.52999999993466 1.4165962943699705e-06
220.53999999993465 1.4163158386776352e-06
220.54999999993464 1.4160353432240843e-06
220.55999999993463 1.4157548080093271e-06
220.56999999993462 1.4154742330333594e-06
220.5799999999346 1.4151936182961843e-06
220.5899999999346 1.414912963797796e-06
220.5999999999346 1.4146322695381986e-06
220.6099999999346 1.414351535517394e-06
220.61999999993458 1.4140707617353788e-06
220.62999999993457 1.413789948192152e-06
220.63999999993456 1.4135090948877162e-06
220.64999999993455 1.413228201822074e-06
220.65999999993454 1.4129472689952178e-06
220.66999999993453 1.4126662964071524e-06
220.67999999993452 1.412385284057881e-06
220.6899999999345 1.4121042319473962e-06
220.6999999999345 1.4118231400757053e-06
220.7099999999345 1.4115420084428001e-06
220.7199999999345 1.4112608370486886e-06
220.72999999993448 1.4109796258933693e-06
220.73999999993447 1.4106983749768358e-06
220.74999999993446 1.4104170842990948e-06
220.75999999993445 1.4101357538601419e-06
220.76999999993444 1.409854383659983e-06
220.77999999993443 1.4095729736986122e-06
220.78999999993442 1.4092915239760313e-06
220.7999999999344 1.4090100344922438e-06
220.8099999999344 1.4087285052472435e-06
220.8199999999344 1.408446936241037e-06
220.8299999999344 1.408165327473615e-06
220.83999999993438 1.4078836789449861e-06
220.84999999993437 1.40760199065515e-06
220.85999999993436 1.4073202626041038e-06
220.86999999993435 1.4070384947918453e-06
220.87999999993434 1.4067566872183758e-06
220.88999999993433 1.4064748398837024e-06
220.89999999993432 1.4061929527878159e-06
220.9099999999343 1.405911025930718e-06
220.9199999999343 1.4056290593124124e-06
220.9299999999343 1.405347052932899e-06
220.9399999999343 1.405065006792174e-06
220.94999999993428 1.4047829208902373e-06
220.95999999993427 1.404500795227096e-06
220.96999999993426 1.4042186298027413e-06
220.97999999993425 1.4039364246171793e-06
220.98999999993424 1.4036541796704015e-06
220.99999999993423 1.4033718949624214e-06
221.00999999993422 1.4030895704932269e-06
221.0199999999342 1.4028072062628276e-06
221.0299999999342 1.4025248022712154e-06
221.0399999999342 1.402242358518394e-06
221.0499999999342 1.4019598750043636e-06
221.05999999993418 1.401677351729122e-06
221.06999999993417 1.4013947886926707e-06
221.07999999993416 1.4011121858950124e-06
221.08999999993415 1.400829543336142e-06
221.09999999993414 1.4005468610160627e-06
221.10999999993413 1.4002641389347721e-06
221.11999999993412 1.399981377092274e-06
221.1299999999341 1.399698575488565e-06
221.1399999999341 1.3994157341236486e-06
221.1499999999341 1.3991328529975207e-06
221.1599999999341 1.398849932110181e-06
221.16999999993408 1.3985669714616361e-06
221.17999999993407 1.3982839710518787e-06
221.18999999993406 1.3980009308809106e-06
221.19999999993405 1.397717850948734e-06
221.20999999993404 1.3974347312553506e-06
221.21999999993403 1.3971515718007544e-06
221.22999999993402 1.396868372584948e-06
221.239999999934 1.3965851336079366e-06
221.249999999934 1.3963018548697123e-06
221.259999999934 1.3960185363702774e-06
221.269999999934 1.3957351781096312e-06
221.27999999993398 1.3954517800877797e-06
221.28999999993397 1.3951683423047156e-06
221.29999999993396 1.3948848647604447e-06
221.30999999993395 1.3946013474549626e-06
221.31999999993394 1.39431779038827e-06
221.32999999993393 1.3940341935603684e-06
221.33999999993392 1.3937505569712578e-06
221.3499999999339 1.3934668806209347e-06
221.3599999999339 1.393183164509405e-06
221.3699999999339 1.3928994086366647e-06
221.3799999999339 1.3926156130027169e-06
221.38999999993388 1.3923317776075536e-06
221.39999999993387 1.3920479024511864e-06
221.40999999993386 1.3917639875336065e-06
221.41999999993385 1.3914800328548205e-06
221.42999999993384 1.3911960384148225e-06
221.43999999993383 1.390912004213613e-06
221.44999999993382 1.3906279302511956e-06
221.4599999999338 1.390343816527568e-06
221.4699999999338 1.3900596630427304e-06
221.4799999999338 1.3897754697966835e-06
221.4899999999338 1.3894912367894304e-06
221.49999999993378 1.3892069640209618e-06
221.50999999993377 1.3889226514912855e-06
221.51999999993376 1.3886382992004028e-06
221.52999999993375 1.3883539071483058e-06
221.53999999993374 1.3880694753350051e-06
221.54999999993373 1.3877850037604863e-06
221.55999999993372 1.387500492424765e-06
221.5699999999337 1.3872159413278294e-06
221.5799999999337 1.386931350469689e-06
221.5899999999337 1.3866467198503355e-06
221.5999999999337 1.3863620494697732e-06
221.60999999993368 1.386077339328003e-06
221.61999999993367 1.3857925894250185e-06
221.62999999993366 1.3855077997608265e-06
221.63999999993365 1.3852229703354255e-06
221.64999999993364 1.384938101148817e-06
221.65999999993363 1.384653192200995e-06
221.66999999993362 1.3843682434919634e-06
221.6799999999336 1.384083255021725e-06
221.6899999999336 1.3837982267902753e-06
221.6999999999336 1.383513158797619e-06
221.7099999999336 1.3832280510437458e-06
221.71999999993358 1.3829429035286693e-06
221.72999999993357 1.3826577162523833e-06
221.73999999993356 1.3823724892148858e-06
221.74999999993355 1.3820872224161768e-06
221.75999999993354 1.381801915856259e-06
221.76999999993353 1.3815165695351343e-06
221.77999999993352 1.3812311834527973e-06
221.7899999999335 1.3809457576092507e-06
221.7999999999335 1.3806602920044958e-06
221.8099999999335 1.380374786638529e-06
221.8199999999335 1.3800892415113557e-06
221.82999999993348 1.3798036566229684e-06
221.83999999993347 1.3795180319733757e-06
221.84999999993346 1.3792323675625703e-06
221.85999999993345 1.37894666339056e-06
221.86999999993344 1.3786609194573351e-06
221.87999999993343 1.3783751357629e-06
221.88999999993342 1.3780893123072601e-06
221.8999999999334 1.3778034490904084e-06
221.9099999999334 1.3775175461123452e-06
221.9199999999334 1.377231603373073e-06
221.9299999999334 1.3769456208725917e-06
221.93999999993338 1.3766595986109016e-06
221.94999999993337 1.3763735365879997e-06
221.95999999993336 1.3760874348038919e-06
221.96999999993335 1.3758012932585705e-06
221.97999999993334 1.3755151119520416e-06
221.98999999993333 1.3752288908843002e-06
221.99999999993332 1.3749426300553534e-06
222.0099999999333 1.3746563294651937e-06
222.0199999999333 1.3743699891138277e-06
222.0299999999333 1.3740836090012488e-06
222.0399999999333 1.373797189127461e-06
222.04999999993328 1.373510729492464e-06
222.05999999993327 1.3732242300962567e-06
222.06999999993326 1.3729376909388394e-06
222.07999999993325 1.3726511120202156e-06
222.08999999993324 1.3723644933403787e-06
222.09999999993323 1.372077834899337e-06
222.10999999993322 1.371791136697077e-06
222.1199999999332 1.371504398733613e-06
222.1299999999332 1.3712176210089391e-06
222.1399999999332 1.3709308035230563e-06
222.1499999999332 1.370643946275963e-06
222.15999999993318 1.370357049267658e-06
222.16999999993317 1.3700701124981469e-06
222.17999999993316 1.3697831359674227e-06
222.18999999993315 1.3694961196754897e-06
222.19999999993314 1.3692090636223461e-06
222.20999999993313 1.3689219678079963e-06
222.21999999993312 1.3686348322324335e-06
222.2299999999331 1.368347656895662e-06
222.2399999999331 1.3680604417976838e-06
222.2499999999331 1.3677731869384915e-06
222.2599999999331 1.3674858923180955e-06
222.26999999993308 1.3671985579364798e-06
222.27999999993307 1.3669111837936633e-06
222.28999999993306 1.3666237698896337e-06
222.29999999993305 1.3663363162243966e-06
222.30999999993304 1.3660488227979476e-06
222.31999999993303 1.3657612896102872e-06
222.32999999993302 1.365473716661423e-06
222.339999999933 1.3651861039513433e-06
222.349999999933 1.3648984514800572e-06
222.359999999933 1.3646107592475596e-06
222.369999999933 1.3643230272538543e-06
222.37999999993298 1.3640352554989412e-06
222.38999999993297 1.3637474439828113e-06
222.39999999993296 1.363459592705479e-06
222.40999999993295 1.363171701666934e-06
222.41999999993294 1.3628837708671797e-06
222.42999999993293 1.3625958003062137e-06
222.43999999993292 1.3623077899840402e-06
222.4499999999329 1.3620197399006562e-06
222.4599999999329 1.361731650056064e-06
222.4699999999329 1.3614435204502606e-06
222.4799999999329 1.3611553510832474e-06
222.48999999993288 1.3608671419550264e-06
222.49999999993287 1.3605788930655935e-06
222.50999999993286 1.3602906044149506e-06
222.51999999993285 1.3600022760031015e-06
222.52999999993284 1.3597139078300404e-06
222.53999999993283 1.359425499895772e-06
222.54999999993282 1.359137052200288e-06
222.5599999999328 1.3588485647435998e-06
222.5699999999328 1.3585600375256991e-06
222.5799999999328 1.3582714705465906e-06
222.5899999999328 1.3579828638062718e-06
222.59999999993278 1.3576942173047445e-06
222.60999999993277 1.3574055310420062e-06
222.61999999993276 1.3571168050180579e-06
222.62999999993275 1.3568280392329006e-06
222.63999999993274 1.3565392336865329e-06
222.64999999993273 1.3562503883789577e-06
222.65999999993272 1.3559615033101685e-06
222.6699999999327 1.355672578480171e-06
222.6799999999327 1.3553836138889676e-06
222.6899999999327 1.3550946095365524e-06
222.6999999999327 1.3548055654229298e-06
222.70999999993268 1.35451648154809e-06
222.71999999993267 1.3542273579120477e-06
222.72999999993266 1.3539381945147967e-06
222.73999999993265 1.3536489913563302e-06
222.74999999993264 1.353359748436656e-06
222.75999999993263 1.3530704657557742e-06
222.76999999993262 1.352781143313683e-06
222.7799999999326 1.352491781110379e-06
222.7899999999326 1.3522023791458678e-06
222.7999999999326 1.3519129374201471e-06
222.8099999999326 1.3516234559332139e-06
222.81999999993258 1.3513339346850753e-06
222.82999999993257 1.3510443736757214e-06
222.83999999993256 1.3507547729051624e-06
222.84999999993255 1.3504651323733914e-06
222.85999999993254 1.3501754520804132e-06
222.86999999993253 1.3498857320262232e-06
222.87999999993252 1.349595972210823e-06
222.8899999999325 1.3493061726342162e-06
222.8999999999325 1.3490163332963967e-06
222.9099999999325 1.3487264541973696e-06
222.9199999999325 1.3484365353371307e-06
222.92999999993248 1.3481465767156857e-06
222.93999999993247 1.3478565783330274e-06
222.94999999993246 1.3475665401891604e-06
222.95999999993245 1.3472764622840857e-06
222.96999999993244 1.3469863446177991e-06
222.97999999993243 1.3466961871903052e-06
222.98999999993242 1.3464059900015957e-06
222.9999999999324 1.3461157530516836e-06
223.0099999999324 1.3458254763405574e-06
223.0199999999324 1.3455351598682264e-06
223.0299999999324 1.3452448036346808e-06
223.03999999993238 1.3449544076399261e-06
223.04999999993237 1.3446639718839654e-06
223.05999999993236 1.3443734963667917e-06
223.06999999993235 1.3440829810884075e-06
223.07999999993234 1.343792426048817e-06
223.08999999993233 1.3435018312480137e-06
223.09999999993232 1.343211196686004e-06
223.1099999999323 1.3429205223627802e-06
223.1199999999323 1.3426298082783498e-06
223.1299999999323 1.3423390544327092e-06
223.1399999999323 1.3420482608258624e-06
223.14999999993228 1.341757427457801e-06
223.15999999993227 1.341466554328531e-06
223.16999999993226 1.341175641438053e-06
223.17999999993225 1.3408846887863637e-06
223.18999999993224 1.3405936963734627e-06
223.19999999993223 1.3403026641993566e-06
223.20999999993222 1.3400115922640403e-06
223.2199999999322 1.3397204805675123e-06
223.2299999999322 1.339429329109774e-06
223.2399999999322 1.339138137890828e-06
223.2499999999322 1.338846906910673e-06
223.25999999993218 1.3385556361693064e-06
223.26999999993217 1.3382643256667283e-06
223.27999999993216 1.3379729754029438e-06
223.28999999993215 1.3376815853779475e-06
223.29999999993214 1.3373901555917451e-06
223.30999999993213 1.3370986860443311e-06
223.31999999993212 1.3368071767357053e-06
223.3299999999321 1.336515627665872e-06
223.3399999999321 1.3362240388348297e-06
223.3499999999321 1.3359324102425757e-06
223.35999999993209 1.3356407418891113e-06
223.36999999993208 1.335349033774442e-06
223.37999999993207 1.335057285898561e-06
223.38999999993206 1.3347654982614658e-06
223.39999999993205 1.3344736708631656e-06
223.40999999993204 1.3341818037036553e-06
223.41999999993203 1.3338898967829372e-06
223.42999999993202 1.333597950101006e-06
223.439999999932 1.3333059636578633e-06
223.449999999932 1.333013937453517e-06
223.459999999932 1.3327218714879562e-06
223.46999999993199 1.3324297657611853e-06
223.47999999993198 1.332137620273208e-06
223.48999999993197 1.3318454350240204e-06
223.49999999993196 1.3315532100136224e-06
223.50999999993195 1.3312609452420142e-06
223.51999999993194 1.3309686407091982e-06
223.52999999993193 1.3306762964151709e-06
223.53999999993192 1.3303839123599357e-06
223.5499999999319 1.330091488543485e-06
223.5599999999319 1.3297990249658319e-06
223.5699999999319 1.329506521626966e-06
223.57999999993189 1.329213978526892e-06
223.58999999993188 1.3289213956656069e-06
223.59999999993187 1.3286287730431112e-06
223.60999999993186 1.328336110659408e-06
223.61999999993185 1.3280434085144943e-06
223.62999999993184 1.3277506666083691e-06
223.63999999993183 1.3274578849410363e-06
223.64999999993182 1.3271650635124958e-06
223.6599999999318 1.326872202322741e-06
223.6699999999318 1.3265793013717786e-06
223.6799999999318 1.3262863606596085e-06
223.68999999993179 1.3259933801862268e-06
223.69999999993178 1.3257003599516375e-06
223.70999999993177 1.3254072999558324e-06
223.71999999993176 1.325114200198825e-06
223.72999999993175 1.324821060680606e-06
223.73999999993174 1.3245278814011756e-06
223.74999999993173 1.3242346623605346e-06
223.75999999993172 1.3239414035586848e-06
223.7699999999317 1.3236481049956285e-06
223.7799999999317 1.3233547666713582e-06
223.7899999999317 1.3230613885858787e-06
223.79999999993169 1.3227679707391944e-06
223.80999999993168 1.3224745131312956e-06
223.81999999993167 1.3221810157621906e-06
223.82999999993166 1.3218874786318712e-06
223.83999999993165 1.3215939017403455e-06
223.84999999993164 1.3213002850876095e-06
223.85999999993163 1.3210066286736646e-06
223.86999999993162 1.3207129324985094e-06
223.8799999999316 1.3204191965621439e-06
223.8899999999316 1.3201254208645695e-06
223.8999999999316 1.319831605405786e-06
223.90999999993159 1.3195377501857907e-06
223.91999999993158 1.3192438552045853e-06
223.92999999993157 1.3189499204621736e-06
223.93999999993156 1.3186559459585503e-06
223.94999999993155 1.3183619316937179e-06
223.95999999993154 1.3180678776676767e-06
223.96999999993153 1.3177737838804238e-06
223.97999999993152 1.3174796503319645e-06
223.9899999999315 1.3171854770222895e-06
223.9999999999315 1.3168912639514097e-06
224.0099999999315 1.3165970111193182e-06
224.01999999993149 1.316302718526019e-06
224.02999999993148 1.3160083861715097e-06
224.03999999993147 1.3157140140557898e-06
224.04999999993146 1.3154196021788623e-06
224.05999999993145 1.315125150540722e-06
224.06999999993144 1.314830659141374e-06
224.07999999993143 1.3145361279808158e-06
224.08999999993142 1.314241557059047e-06
224.0999999999314 1.3139469463760721e-06
224.1099999999314 1.3136522959318829e-06
224.1199999999314 1.3133576057264873e-06
224.12999999993139 1.3130628757598776e-06
224.13999999993138 1.3127681060320639e-06
224.14999999993137 1.3124732965430375e-06
224.15999999993136 1.312178447292802e-06
224.16999999993135 1.3118835582813578e-06
224.17999999993134 1.3115886295087017e-06
224.18999999993133 1.311293660974838e-06
224.19999999993132 1.3109986526797628e-06
224.2099999999313 1.3107036046234797e-06
224.2199999999313 1.3104085168059865e-06
224.2299999999313 1.3101133892272815e-06
224.23999999993129 1.3098182218873717e-06
224.24999999993128 1.3095230147862475e-06
224.25999999993127 1.3092277679239183e-06
224.26999999993126 1.3089324813003721e-06
224.27999999993125 1.3086371549156237e-06
224.28999999993124 1.308341788769661e-06
224.29999999993123 1.308046382862492e-06
224.30999999993122 1.3077509371941114e-06
224.3199999999312 1.3074554517645203e-06
224.3299999999312 1.307159926573723e-06
224.3399999999312 1.3068643616217128e-06
224.34999999993119 1.3065687569084922e-06
224.35999999993118 1.3062731124340614e-06
224.36999999993117 1.3059774281984254e-06
224.37999999993116 1.3056817042015792e-06
224.38999999993115 1.3053859404435188e-06
224.39999999993114 1.3050901369242534e-06
224.40999999993113 1.3047942936437763e-06
224.41999999993112 1.3044984106020915e-06
224.4299999999311 1.3042024877991938e-06
224.4399999999311 1.3039065252350872e-06
224.4499999999311 1.3036105229097728e-06
224.45999999993109 1.303314480823247e-06
224.46999999993108 1.3030183989755108e-06
224.47999999993107 1.3027222773665654e-06
224.48999999993106 1.3024261159964127e-06
224.49999999993105 1.3021299148650482e-06
224.50999999993104 1.3018336739724733e-06
224.51999999993103 1.3015373933186936e-06
224.52999999993102 1.3012410729036982e-06
224.539999999931 1.3009447127274979e-06
224.549999999931 1.3006483127900831e-06
224.559999999931 1.3003518730914608e-06
224.56999999993099 1.3000553936316294e-06
224.57999999993098 1.2997588744105905e-06
224.58999999993097 1.2994623154283374e-06
224.59999999993096 1.2991657166848765e-06
224.60999999993095 1.2988690781802078e-06
224.61999999993094 1.298572399914329e-06
224.62999999993093 1.298275681887237e-06
224.63999999993092 1.2979789240989378e-06
224.6499999999309 1.2976821265494307e-06
224.6599999999309 1.2973852892387118e-06
224.6699999999309 1.2970884121667828e-06
224.67999999993089 1.2967914953336463e-06
224.68999999993088 1.2964945387392979e-06
224.69999999993087 1.2961975423837431e-06
224.70999999993086 1.295900506266973e-06
224.71999999993085 1.2956034303889964e-06
224.72999999993084 1.2953063147498124e-06
224.73999999993083 1.2950091593494165e-06
224.74999999993082 1.2947119641878103e-06
224.7599999999308 1.2944147292649951e-06
224.7699999999308 1.2941174545809723e-06
224.7799999999308 1.2938201401357353e-06
224.78999999993079 1.293522785929292e-06
224.79999999993078 1.2932253919616397e-06
224.80999999993077 1.2929279582327756e-06
224.81999999993076 1.2926304847427053e-06
224.82999999993075 1.292332971491417e-06
224.83999999993074 1.292035418478927e-06
224.84999999993073 1.2917378257052248e-06
224.85999999993072 1.2914401931703144e-06
224.8699999999307 1.2911425208741915e-06
224.8799999999307 1.290844808816862e-06
224.8899999999307 1.2905470569983209e-06
224.89999999993069 1.2902492654185694e-06
224.90999999993068 1.2899514340776104e-06
224.91999999993067 1.2896535629754383e-06
224.92999999993066 1.2893556521120614e-06
224.93999999993065 1.2890577014874728e-06
224.94999999993064 1.2887597111016725e-06
224.95999999993063 1.2884616809546658e-06
224.96999999993062 1.2881636110464465e-06
224.9799999999306 1.2878655013770219e-06
224.9899999999306 1.2875673519463804e-06
224.9999999999306 1.2872691627545351e-06
225.00999999993059 1.2869709338014785e-06
225.01999999993058 1.286672665087214e-06
225.02999999993057 1.286374356611738e-06
225.03999999993056 1.2860760083750504e-06
225.04999999993055 1.2857776203771577e-06
225.05999999993054 1.2854791926180521e-06
225.06999999993053 1.285180725097736e-06
225.07999999993052 1.2848822178162125e-06
225.0899999999305 1.2845836707734785e-06
225.0999999999305 1.2842850839695359e-06
225.1099999999305 1.2839864574043814e-06
225.11999999993049 1.2836877910780206e-06
225.12999999993048 1.2833890849904467e-06
225.13999999993047 1.2830903391416655e-06
225.14999999993046 1.2827915535316735e-06
225.15999999993045 1.2824927281604703e-06
225.16999999993044 1.2821938630280606e-06
225.17999999993043 1.2818949581344405e-06
225.18999999993042 1.2815960134796076e-06
225.1999999999304 1.2812970290635684e-06
225.2099999999304 1.2809980048863188e-06
225.2199999999304 1.280698940947859e-06
225.22999999993039 1.280399837248189e-06
225.23999999993038 1.2801006937873124e-06
225.24999999993037 1.2798015105652217e-06
225.25999999993036 1.2795022875819257e-06
225.26999999993035 1.2792030248374144e-06
225.27999999993034 1.278903722331698e-06
225.28999999993033 1.2786043800647715e-06
225.29999999993032 1.2783049980366372e-06
225.3099999999303 1.2780055762472885e-06
225.3199999999303 1.2777061146967323e-06
225.3299999999303 1.2774066133849684e-06
225.33999999993028 1.277107072311993e-06
225.34999999993028 1.2768074914778057e-06
225.35999999993027 1.276507870882411e-06
225.36999999993026 1.2762082105258072e-06
225.37999999993025 1.2759085104079957e-06
225.38999999993024 1.2756087705289686e-06
225.39999999993023 1.2753089908887367e-06
225.40999999993022 1.275009171487293e-06
225.4199999999302 1.274709312324643e-06
225.4299999999302 1.2744094134007802e-06
225.4399999999302 1.274109474715707e-06
225.44999999993018 1.2738094962694258e-06
225.45999999993018 1.2735094780619347e-06
225.46999999993017 1.2732094200932334e-06
225.47999999993016 1.2729093223633228e-06
225.48999999993015 1.2726091848722033e-06
225.49999999993014 1.2723090076198723e-06
225.50999999993013 1.2720087906063322e-06
225.51999999993012 1.2717085338315845e-06
225.5299999999301 1.2714082372956237e-06
225.5399999999301 1.2711079009984569e-06
225.5499999999301 1.2708075249400757e-06
225.55999999993008 1.2705071091204892e-06
225.56999999993008 1.2702066535396926e-06
225.57999999993007 1.2699061581976844e-06
225.58999999993006 1.2696056230944699e-06
225.59999999993005 1.2693050482300412e-06
225.60999999993004 1.269004433604406e-06
225.61999999993003 1.2687037792175605e-06
225.62999999993002 1.2684030850695023e-06
225.63999999993 1.2681023511602374e-06
225.64999999993 1.267801577489765e-06
225.65999999993 1.2675007640580785e-06
225.66999999992998 1.2671999108651842e-06
225.67999999992998 1.266899017911081e-06
225.68999999992997 1.2665980851957673e-06
225.69999999992996 1.2662971127192449e-06
225.70999999992995 1.2659961004815095e-06
225.71999999992994 1.2656950484825702e-06
225.72999999992993 1.265393956722418e-06
225.73999999992992 1.2650928252010556e-06
225.7499999999299 1.2647916539184843e-06
225.7599999999299 1.2644904428747025e-06
225.7699999999299 1.2641891920697132e-06
225.77999999992988 1.2638879015035108e-06
225.78999999992988 1.2635865711760996e-06
225.79999999992987 1.2632852010874833e-06
225.80999999992986 1.2629837912376527e-06
225.81999999992985 1.2626823416266144e-06
225.82999999992984 1.262380852254362e-06
225.83999999992983 1.262079323120906e-06
225.84999999992982 1.2617777542262367e-06
225.8599999999298 1.2614761455703626e-06
225.8699999999298 1.261174497153273e-06
225.8799999999298 1.2608728089749742e-06
225.88999999992978 1.2605710810354704e-06
225.89999999992978 1.2602693133347525e-06
225.90999999992977 1.2599675058728255e-06
225.91999999992976 1.2596656586496897e-06
225.92999999992975 1.2593637716653473e-06
225.93999999992974 1.2590618449197908e-06
225.94999999992973 1.258759878413024e-06
225.95999999992972 1.258457872145052e-06
225.9699999999297 1.2581558261158673e-06
225.9799999999297 1.257853740325475e-06
225.9899999999297 1.2575516147738682e-06
225.99999999992968 1.2572494494610577e-06
226.00999999992968 1.2569472443870344e-06
226.01999999992967 1.2566449995518047e-06
226.02999999992966 1.256342714955362e-06
226.03999999992965 1.2560403905977078e-06
226.04999999992964 1.25573802647885e-06
226.05999999992963 1.2554356225987777e-06
226.06999999992962 1.2551331789574963e-06
226.0799999999296 1.2548306955550076e-06
226.0899999999296 1.2545281723913071e-06
226.0999999999296 1.2542256094664005e-06
226.10999999992958 1.2539230067802768e-06
226.11999999992958 1.2536203643329493e-06
226.12999999992957 1.2533176821244102e-06
226.13999999992956 1.2530149601546635e-06
226.14999999992955 1.2527121984237052e-06
226.15999999992954 1.2524093969315366e-06
226.16999999992953 1.2521065556781604e-06
226.17999999992952 1.2518036746635726e-06
226.1899999999295 1.251500753887777e-06
226.1999999999295 1.2511977933507698e-06
226.2099999999295 1.250894793052555e-06
226.21999999992948 1.2505917529931286e-06
226.22999999992948 1.2502886731724932e-06
226.23999999992947 1.2499855535906502e-06
226.24999999992946 1.249682394247594e-06
226.25999999992945 1.249379195143333e-06
226.26999999992944 1.2490759562778563e-06
226.27999999992943 1.2487726776511734e-06
226.28999999992942 1.248469359263279e-06
226.2999999999294 1.248166001114178e-06
226.3099999999294 1.247862603203864e-06
226.3199999999294 1.2475591655323413e-06
226.32999999992938 1.2472556880996122e-06
226.33999999992938 1.2469521709056714e-06
226.34999999992937 1.2466486139505176e-06
226.35999999992936 1.2463450172341563e-06
226.36999999992935 1.2460413807565884e-06
226.37999999992934 1.2457377045178105e-06
226.38999999992933 1.2454339885178169e-06
226.39999999992932 1.2451302327566195e-06
226.4099999999293 1.2448264372342108e-06
226.4199999999293 1.2445226019505927e-06
226.4299999999293 1.244218726905763e-06
226.43999999992928 1.2439148120997248e-06
226.44999999992928 1.2436108575324772e-06
226.45999999992927 1.2433068632040194e-06
226.46999999992926 1.2430028291143526e-06
226.47999999992925 1.2426987552634743e-06
226.48999999992924 1.2423946416513909e-06
226.49999999992923 1.2420904882780931e-06
226.50999999992922 1.2417862951435865e-06
226.5199999999292 1.2414820622478736e-06
226.5299999999292 1.2411777895909477e-06
226.5399999999292 1.2408734771728153e-06
226.54999999992918 1.2405691249934664e-06
226.55999999992918 1.2402647330529147e-06
226.56999999992917 1.239960301351149e-06
226.57999999992916 1.2396558298881794e-06
226.58999999992915 1.2393513186639944e-06
226.59999999992914 1.2390467676786003e-06
226.60999999992913 1.2387421769320014e-06
226.61999999992912 1.2384375464241879e-06
226.6299999999291 1.238132876155167e-06
226.6399999999291 1.2378281661249343e-06
226.6499999999291 1.2375234163334953e-06
226.65999999992908 1.2372186267808447e-06
226.66999999992908 1.2369137974669825e-06
226.67999999992907 1.236608928391914e-06
226.68999999992906 1.236304019555634e-06
226.69999999992905 1.235999070958146e-06
226.70999999992904 1.2356940825994452e-06
226.71999999992903 1.2353890544795369e-06
226.72999999992902 1.235083986598422e-06
226.739999999929 1.2347788789560932e-06
226.749999999929 1.234473731552555e-06
226.759999999929 1.2341685443878068e-06
226.76999999992898 1.233863317461851e-06
226.77999999992898 1.2335580507746847e-06
226.78999999992897 1.233252744326308e-06
226.79999999992896 1.232947398116724e-06
226.80999999992895 1.2326420121459268e-06
226.81999999992894 1.2323365864139244e-06
226.82999999992893 1.2320311209207056e-06
226.83999999992892 1.2317256156662827e-06
226.8499999999289 1.2314200706506483e-06
226.8599999999289 1.2311144858738063e-06
226.8699999999289 1.2308088613357514e-06
226.87999999992888 1.2305031970364889e-06
226.88999999992888 1.2301974929760184e-06
226.89999999992887 1.229891749154334e-06
226.90999999992886 1.2295859655714403e-06
226.91999999992885 1.2292801422273377e-06
226.92999999992884 1.2289742791220288e-06
226.93999999992883 1.2286683762555071e-06
226.94999999992882 1.228362433627775e-06
226.9599999999288 1.2280564512388367e-06
226.9699999999288 1.2277504290886852e-06
226.9799999999288 1.2274443671773289e-06
226.98999999992878 1.2271382655047542e-06
226.99999999992878 1.2268321240709772e-06
227.00999999992877 1.22652594287599e-06
227.01999999992876 1.2262197219197923e-06
227.02999999992875 1.2259134612023833e-06
227.03999999992874 1.225607160723765e-06
227.04999999992873 1.2253008204839404e-06
227.05999999992872 1.2249944404829016e-06
227.0699999999287 1.2246880207206538e-06
227.0799999999287 1.2243815611971999e-06
227.0899999999287 1.2240750619125341e-06
227.09999999992868 1.223768522866658e-06
227.10999999992868 1.2234619440595717e-06
227.11999999992867 1.2231553254912777e-06
227.12999999992866 1.222848667161772e-06
227.13999999992865 1.2225419690710602e-06
227.14999999992864 1.222235231219134e-06
227.15999999992863 1.221928453606e-06
227.16999999992862 1.2216216362316597e-06
227.1799999999286 1.2213147790961067e-06
227.1899999999286 1.2210078821993433e-06
227.1999999999286 1.2207009455413681e-06
227.20999999992858 1.2203939691221881e-06
227.21999999992858 1.2200869529417976e-06
227.22999999992857 1.2197798970001956e-06
227.23999999992856 1.2194728012973848e-06
227.24999999992855 1.2191656658333635e-06
227.25999999992854 1.2188584906081359e-06
227.26999999992853 1.2185512756216928e-06
227.27999999992852 1.2182440208740457e-06
227.2899999999285 1.217936726365186e-06
227.2999999999285 1.217629392095117e-06
227.3099999999285 1.2173220180638381e-06
227.31999999992848 1.21701460427135e-06
227.32999999992848 1.216707150717653e-06
227.33999999992847 1.2163996574027456e-06
227.34999999992846 1.2160921243266277e-06
227.35999999992845 1.2157845514892998e-06
227.36999999992844 1.2154769388907668e-06
227.37999999992843 1.2151692865310196e-06
227.38999999992842 1.214861594410062e-06
227.3999999999284 1.2145538625278982e-06
227.4099999999284 1.2142460908845227e-06
227.4199999999284 1.2139382794799407e-06
227.42999999992838 1.2136304283141433e-06
227.43999999992838 1.2133225373871396e-06
227.44999999992837 1.2130146066989268e-06
227.45999999992836 1.2127066362495024e-06
227.46999999992835 1.212398626038869e-06
227.47999999992834 1.2120905760670267e-06
227.48999999992833 1.2117824863339755e-06
227.49999999992832 1.2114743568397126e-06
227.5099999999283 1.2111661875842405e-06
227.5199999999283 1.2108579785675612e-06
227.5299999999283 1.2105497297896685e-06
227.53999999992828 1.210241441250571e-06
227.54999999992827 1.2099331129502567e-06
227.55999999992827 1.2096247448887383e-06
227.56999999992826 1.2093163370660087e-06
227.57999999992825 1.20900788948207e-06
227.58999999992824 1.2086994021369209e-06
227.59999999992823 1.2083908750305603e-06
227.60999999992822 1.2080823081629934e-06
227.6199999999282 1.2077737015342147e-06
227.6299999999282 1.2074650551442271e-06
227.6399999999282 1.2071563689930292e-06
227.64999999992818 1.206847643080625e-06
227.65999999992817 1.2065388774070066e-06
227.66999999992817 1.2062300719721805e-06
227.67999999992816 1.2059212267761455e-06
227.68999999992815 1.2056123418188987e-06
227.69999999992814 1.2053034171004455e-06
227.70999999992813 1.204994452620777e-06
227.71999999992812 1.2046854483799045e-06
227.7299999999281 1.204376404377823e-06
227.7399999999281 1.2040673206145276e-06
227.7499999999281 1.2037581970900242e-06
227.75999999992808 1.2034490338043095e-06
227.76999999992807 1.2031398307573883e-06
227.77999999992807 1.2028305879492555e-06
227.78999999992806 1.2025213053799108e-06
227.79999999992805 1.2022119830493615e-06
227.80999999992804 1.2019026209576005e-06
227.81999999992803 1.201593219104629e-06
227.82999999992802 1.201283777490446e-06
227.839999999928 1.2009742961150582e-06
227.849999999928 1.200664774978457e-06
227.859999999928 1.2003552140806485e-06
227.86999999992798 1.2000456134216281e-06
227.87999999992797 1.199735973001399e-06
227.88999999992797 1.199426292819962e-06
227.89999999992796 1.1991165728773136e-06
227.90999999992795 1.1988068131734534e-06
227.91999999992794 1.1984970137083844e-06
227.92999999992793 1.198187174482109e-06
227.93999999992792 1.1978772954946218e-06
227.9499999999279 1.197567376745923e-06
227.9599999999279 1.1972574182360195e-06
227.9699999999279 1.1969474199649015e-06
227.97999999992788 1.1966373819325785e-06
227.98999999992787 1.1963273041390386e-06
227.99999999992787 1.1960171865842964e-06
228.00999999992786 1.1957070292683411e-06
228.01999999992785 1.195396832191177e-06
228.02999999992784 1.1950865953528023e-06
228.03999999992783 1.1947763187532177e-06
228.04999999992782 1.1944660023924266e-06
228.0599999999278 1.194155646270424e-06
228.0699999999278 1.1938452503872094e-06
228.0799999999278 1.1935348147427888e-06
228.08999999992778 1.1932243393371565e-06
228.09999999992777 1.1929138241703178e-06
228.10999999992777 1.1926032692422636e-06
228.11999999992776 1.192292674553003e-06
228.12999999992775 1.1919820401025321e-06
228.13999999992774 1.1916713658908537e-06
228.14999999992773 1.191360651917962e-06
228.15999999992772 1.1910498981838617e-06
228.1699999999277 1.1907391046885536e-06
228.1799999999277 1.1904282714320338e-06
228.1899999999277 1.190117398414305e-06
228.19999999992768 1.1898064856353661e-06
228.20999999992767 1.1894955330952194e-06
228.21999999992767 1.1891845407938626e-06
228.22999999992766 1.188873508731294e-06
228.23999999992765 1.1885624369075192e-06
228.24999999992764 1.1882513253225311e-06
228.25999999992763 1.187940173976337e-06
228.26999999992762 1.1876289828689285e-06
228.2799999999276 1.187317752000315e-06
228.2899999999276 1.1870064813704885e-06
228.2999999999276 1.1866951709794558e-06
228.30999999992758 1.18638382082721e-06
228.31999999992757 1.1860724309137555e-06
228.32999999992757 1.185761001239093e-06
228.33999999992756 1.1854495318032192e-06
228.34999999992755 1.1851380226061336e-06
228.35999999992754 1.1848264736478416e-06
228.36999999992753 1.1845148849283407e-06
228.37999999992752 1.1842032564476308e-06
228.3899999999275 1.183891588205704e-06
228.3999999999275 1.183579880202575e-06
228.4099999999275 1.183268132438234e-06
228.41999999992748 1.1829563449126843e-06
228.42999999992747 1.182644517625923e-06
228.43999999992747 1.1823326505779528e-06
228.44999999992746 1.1820207437687748e-06
228.45999999992745 1.1817087971983837e-06
228.46999999992744 1.1813968108667837e-06
228.47999999992743 1.1810847847739735e-06
228.48999999992742 1.1807727189199584e-06
228.4999999999274 1.1804606133047287e-06
228.5099999999274 1.1801484679282915e-06
228.5199999999274 1.179836282790644e-06
228.52999999992738 1.1795240578917876e-06
228.53999999992737 1.1792117932317224e-06
228.54999999992737 1.1788994888104425e-06
228.55999999992736 1.178587144627959e-06
228.56999999992735 1.1782747606842615e-06
228.57999999992734 1.1779623369793576e-06
228.58999999992733 1.1776498735132432e-06
228.59999999992732 1.1773373702859174e-06
228.6099999999273 1.1770248272973838e-06
228.6199999999273 1.1767122445476399e-06
228.6299999999273 1.1763996220366858e-06
228.63999999992728 1.17608695976452e-06
228.64999999992727 1.1757742577311492e-06
228.65999999992727 1.175461515936568e-06
228.66999999992726 1.1751487343807728e-06
228.67999999992725 1.1748359130637736e-06
228.68999999992724 1.1745230519855616e-06
228.69999999992723 1.174210151146142e-06
228.70999999992722 1.1738972105455095e-06
228.7199999999272 1.173584230183668e-06
228.7299999999272 1.1732712100606198e-06
228.7399999999272 1.1729581501763604e-06
228.74999999992718 1.1726450505308893e-06
228.75999999992717 1.172331911124209e-06
228.76999999992717 1.1720187319563227e-06
228.77999999992716 1.1717055130272246e-06
228.78999999992715 1.1713922543369147e-06
228.79999999992714 1.1710789558853988e-06
228.80999999992713 1.1707656176726697e-06
228.81999999992712 1.170452239698733e-06
228.8299999999271 1.1701388219635835e-06
228.8399999999271 1.1698253644672288e-06
228.8499999999271 1.1695118672096626e-06
228.85999999992708 1.1691983301908889e-06
228.86999999992707 1.1688847534109018e-06
228.87999999992707 1.1685711368697061e-06
228.88999999992706 1.1682574805673027e-06
228.89999999992705 1.1679437845036874e-06
228.90999999992704 1.1676300486788634e-06
228.91999999992703 1.1673162730928292e-06
228.92999999992702 1.1670024577455871e-06
228.939999999927 1.1666886026371322e-06
228.949999999927 1.1663747077674682e-06
228.959999999927 1.1660607731365979e-06
228.96999999992698 1.1657467987445172e-06
228.97999999992697 1.165432784591225e-06
228.98999999992697 1.1651187306767211e-06
228.99999999992696 1.1648046370010125e-06
229.00999999992695 1.164490503564092e-06
229.01999999992694 1.1641763303659626e-06
229.02999999992693 1.1638621174066202e-06
229.03999999992692 1.1635478646860687e-06
229.0499999999269 1.1632335722043123e-06
229.0599999999269 1.1629192399613417e-06
229.0699999999269 1.1626048679571649e-06
229.07999999992688 1.1622904561917773e-06
229.08999999992687 1.1619760046651786e-06
229.09999999992687 1.161661513377372e-06
229.10999999992686 1.1613469823283512e-06
229.11999999992685 1.1610324115181268e-06
229.12999999992684 1.1607178009466893e-06
229.13999999992683 1.160403150614044e-06
229.14999999992682 1.1600884605201887e-06
229.1599999999268 1.1597737306651202e-06
229.1699999999268 1.159458961048847e-06
229.1799999999268 1.1591441516713632e-06
229.18999999992678 1.158829302532668e-06
229.19999999992677 1.158514413632761e-06
229.20999999992677 1.1581994849716493e-06
229.21999999992676 1.1578845165493243e-06
229.22999999992675 1.1575695083657917e-06
229.23999999992674 1.157254460421049e-06
229.24999999992673 1.1569393727150972e-06
229.25999999992672 1.1566242452479363e-06
229.2699999999267 1.1563090780195613e-06
229.2799999999267 1.1559938710299813e-06
229.2899999999267 1.1556786242791882e-06
229.29999999992668 1.1553633377671902e-06
229.30999999992667 1.1550480114939792e-06
229.31999999992667 1.154732645459558e-06
229.32999999992666 1.154417239663929e-06
229.33999999992665 1.1541017941070898e-06
229.34999999992664 1.1537863087890389e-06
229.35999999992663 1.1534707837097791e-06
229.36999999992662 1.153155218869313e-06
229.3799999999266 1.1528396142676365e-06
229.3899999999266 1.1525239699047445e-06
229.3999999999266 1.1522082857806502e-06
229.40999999992658 1.1518925618953415e-06
229.41999999992657 1.1515767982488276e-06
229.42999999992657 1.1512609948410998e-06
229.43999999992656 1.1509451516721626e-06
229.44999999992655 1.1506292687420181e-06
229.45999999992654 1.1503133460506633e-06
229.46999999992653 1.1499973835980969e-06
229.47999999992652 1.1496813813843214e-06
229.4899999999265 1.1493653394093394e-06
229.4999999999265 1.1490492576731447e-06
229.5099999999265 1.1487331361757397e-06
229.51999999992648 1.1484169749171269e-06
229.52999999992647 1.1481007738973025e-06
229.53999999992647 1.1477845331162732e-06
229.54999999992646 1.1474682525740269e-06
229.55999999992645 1.1471519322705768e-06
229.56999999992644 1.146835572205914e-06
229.57999999992643 1.1465191723800447e-06
229.58999999992642 1.1462027327929625e-06
229.5999999999264 1.1458862534446712e-06
229.6099999999264 1.1455697343351724e-06
229.6199999999264 1.145253175464462e-06
229.62999999992638 1.1449365768325425e-06
229.63999999992637 1.1446199384394116e-06
229.64999999992637 1.1443032602850742e-06
229.65999999992636 1.1439865423695237e-06
229.66999999992635 1.1436697846927658e-06
229.67999999992634 1.143352987254799e-06
229.68999999992633 1.1430361500556216e-06
229.69999999992632 1.1427192730952353e-06
229.7099999999263 1.1424023563736348e-06
229.7199999999263 1.1420853998908306e-06
229.7299999999263 1.1417684036468175e-06
229.73999999992628 1.14145136764159e-06
229.74999999992627 1.1411342918751523e-06
229.75999999992626 1.1408171763475082e-06
229.76999999992626 1.140500021058654e-06
229.77999999992625 1.1401828260085892e-06
229.78999999992624 1.1398655911973128e-06
229.79999999992623 1.139548316624833e-06
229.80999999992622 1.1392310022911359e-06
229.8199999999262 1.1389136481962368e-06
229.8299999999262 1.1385962543401193e-06
229.8399999999262 1.138278820722798e-06
229.84999999992618 1.1379613473442664e-06
229.85999999992617 1.1376438342045247e-06
229.86999999992616 1.137326281303574e-06
229.87999999992616 1.1370086886414115e-06
229.88999999992615 1.1366910562180428e-06
229.89999999992614 1.1363733840334612e-06
229.90999999992613 1.1360556720876706e-06
229.91999999992612 1.1357379203806696e-06
229.9299999999261 1.1354201289124624e-06
229.9399999999261 1.1351022976830433e-06
229.9499999999261 1.1347844266924128e-06
229.95999999992608 1.134466515940576e-06
229.96999999992607 1.1341485654275288e-06
229.97999999992606 1.1338305751532714e-06
229.98999999992606 1.1335125451178008e-06
229.99999999992605 1.1331944753211241e-06
230.00999999992604 1.1328763657632384e-06
230.01999999992603 1.1325582164441436e-06
230.02999999992602 1.132240027363836e-06
230.039999999926 1.1319217985223195e-06
230.049999999926 1.1316035299195964e-06
230.059999999926 1.1312852215556593e-06
230.06999999992598 1.1309668734305143e-06
230.07999999992597 1.1306484855441632e-06
230.08999999992596 1.1303300578965976e-06
230.09999999992596 1.1300115904878259e-06
230.10999999992595 1.1296930833178398e-06
230.11999999992594 1.1293745363866474e-06
230.12999999992593 1.1290559496942431e-06
230.13999999992592 1.1287373232406343e-06
230.1499999999259 1.1284186570258109e-06
230.1599999999259 1.1280999510497786e-06
230.1699999999259 1.1277812053125386e-06
230.17999999992588 1.127462419814087e-06
230.18999999992587 1.1271435945544266e-06
230.19999999992586 1.126824729533553e-06
230.20999999992586 1.1265058247514757e-06
230.21999999992585 1.1261868802081856e-06
230.22999999992584 1.1258678959036865e-06
230.23999999992583 1.1255488718379786e-06
230.24999999992582 1.1252298080110586e-06
230.2599999999258 1.1249107044229328e-06
230.2699999999258 1.124591561073591e-06
230.2799999999258 1.1242723779630443e-06
230.28999999992578 1.1239531550912875e-06
230.29999999992577 1.1236338924583215e-06
230.30999999992576 1.1233145900641468e-06
230.31999999992576 1.1229952479087574e-06
230.32999999992575 1.1226758659921632e-06
230.33999999992574 1.122356444314359e-06
230.34999999992573 1.1220369828753413e-06
230.35999999992572 1.1217174816751164e-06
230.3699999999257 1.1213979407136836e-06
230.3799999999257 1.1210783599910405e-06
230.3899999999257 1.120758739507183e-06
230.39999999992568 1.1204390792621223e-06
230.40999999992567 1.1201193792558482e-06
230.41999999992566 1.1197996394883665e-06
230.42999999992566 1.1194798599596734e-06
230.43999999992565 1.119160040669771e-06
230.44999999992564 1.11884018161866e-06
230.45999999992563 1.1185202828063386e-06
230.46999999992562 1.1182003442328067e-06
230.4799999999256 1.1178803658980647e-06
230.4899999999256 1.1175603478021162e-06
230.4999999999256 1.117240289944956e-06
230.50999999992558 1.1169201923265859e-06
230.51999999992557 1.1166000549470078e-06
230.52999999992556 1.1162798778062182e-06
230.53999999992556 1.115959660904221e-06
230.54999999992555 1.115639404241008e-06
230.55999999992554 1.1153191078165928e-06
230.56999999992553 1.1149987716309648e-06
230.57999999992552 1.1146783956841275e-06
230.5899999999255 1.1143579799760801e-06
230.5999999999255 1.1140375245068237e-06
230.6099999999255 1.1137170292763596e-06
230.61999999992548 1.1133964942846825e-06
230.62999999992547 1.1130759195317965e-06
230.63999999992546 1.112755305017699e-06
230.64999999992546 1.112434650742396e-06
230.65999999992545 1.1121139567058805e-06
230.66999999992544 1.111793222908156e-06
230.67999999992543 1.1114724493492238e-06
230.68999999992542 1.1111516360290773e-06
230.6999999999254 1.1108307829477285e-06
230.7099999999254 1.1105098901051613e-06
230.7199999999254 1.1101889575013906e-06
230.72999999992538 1.1098679851364108e-06
230.73999999992537 1.1095469730102169e-06
230.74999999992536 1.1092259211228139e-06
230.75999999992536 1.1089048294742018e-06
230.76999999992535 1.1085836980643834e-06
230.77999999992534 1.1082625268933522e-06
230.78999999992533 1.1079413159611093e-06
230.79999999992532 1.1076200652676641e-06
230.8099999999253 1.1072987748130019e-06
230.8199999999253 1.1069774445971348e-06
230.8299999999253 1.1066560746200531e-06
230.83999999992528 1.1063346648817654e-06
230.84999999992527 1.1060132153822673e-06
230.85999999992526 1.1056917261215604e-06
230.86999999992526 1.1053701970996429e-06
230.87999999992525 1.105048628316514e-06
230.88999999992524 1.10472701977218e-06
230.89999999992523 1.1044053714666318e-06
230.90999999992522 1.1040836833998757e-06
230.9199999999252 1.1037619555719095e-06
230.9299999999252 1.1034401879827355e-06
230.9399999999252 1.1031183806323489e-06
230.94999999992518 1.1027965335207532e-06
230.95999999992517 1.102474646647951e-06
230.96999999992516 1.1021527200139358e-06
230.97999999992516 1.1018307536187144e-06
230.98999999992515 1.1015087474622774e-06
230.99999999992514 1.1011867015446368e-06
231.00999999992513 1.1008646158657818e-06
231.01999999992512 1.1005424904257218e-06
231.0299999999251 1.100220325224449e-06
231.0399999999251 1.099898120261967e-06
231.0499999999251 1.0995758755382774e-06
231.05999999992508 1.099253591053375e-06
231.06999999992507 1.0989312668072636e-06
231.07999999992506 1.098608902799943e-06
231.08999999992506 1.098286499031415e-06
231.09999999992505 1.0979640555016767e-06
231.10999999992504 1.0976415722107226e-06
231.11999999992503 1.097319049158565e-06
231.12999999992502 1.096996486345197e-06
231.139999999925 1.0966738837706213e-06
231.149999999925 1.0963512414348327e-06
231.159999999925 1.0960285593378324e-06
231.16999999992498 1.0957058374796274e-06
231.17999999992497 1.0953830758602092e-06
231.18999999992496 1.095060274479582e-06
231.19999999992496 1.0947374333377457e-06
231.20999999992495 1.0944145524347008e-06
231.21999999992494 1.094091631770444e-06
231.22999999992493 1.0937686713449783e-06
231.23999999992492 1.093445671158305e-06
231.2499999999249 1.0931226312104187e-06
231.2599999999249 1.0927995515013274e-06
231.2699999999249 1.0924764320310192e-06
231.27999999992488 1.0921532727995072e-06
231.28999999992487 1.0918300738067851e-06
231.29999999992486 1.0915068350528525e-06
231.30999999992486 1.0911835565377083e-06
231.31999999992485 1.090860238261358e-06
231.32999999992484 1.0905368802237958e-06
231.33999999992483 1.0902134824250233e-06
231.34999999992482 1.089890044865042e-06
231.3599999999248 1.0895665675438503e-06
231.3699999999248 1.0892430504614523e-06
231.3799999999248 1.088919493617844e-06
231.38999999992478 1.08859589701302e-06
231.39999999992477 1.0882722606469925e-06
231.40999999992476 1.087948584519752e-06
231.41999999992476 1.087624868631305e-06
231.42999999992475 1.0873011129816453e-06
231.43999999992474 1.0869773175707765e-06
231.44999999992473 1.0866534823987015e-06
231.45999999992472 1.0863296074654133e-06
231.4699999999247 1.0860056927709137e-06
231.4799999999247 1.0856817383152077e-06
231.4899999999247 1.0853577440982912e-06
231.49999999992468 1.085033710120166e-06
231.50999999992467 1.0847096363808292e-06
231.51999999992466 1.084385522880286e-06
231.52999999992466 1.0840613696185296e-06
231.53999999992465 1.0837371765955657e-06
231.54999999992464 1.0834129438113876e-06
231.55999999992463 1.0830886712660058e-06
231.56999999992462 1.0827643589594123e-06
231.5799999999246 1.0824400068916113e-06
231.5899999999246 1.082115615062596e-06
231.5999999999246 1.081791183472373e-06
231.60999999992458 1.0814667121209407e-06
231.61999999992457 1.0811422010082986e-06
231.62999999992456 1.0808176501344472e-06
231.63999999992456 1.0804930594993856e-06
231.64999999992455 1.0801684291031152e-06
231.65999999992454 1.0798437589456343e-06
231.66999999992453 1.0795190490269432e-06
231.67999999992452 1.0791942993470456e-06
231.6899999999245 1.078869509905934e-06
231.6999999999245 1.078544680703617e-06
231.7099999999245 1.0782198117400847e-06
231.71999999992448 1.0778949030153475e-06
231.72999999992447 1.077569954529401e-06
231.73999999992446 1.0772449662822419e-06
231.74999999992446 1.0769199382738734e-06
231.75999999992445 1.0765948705042948e-06
231.76999999992444 1.07626976297351e-06
231.77999999992443 1.0759446156815135e-06
231.78999999992442 1.0756194286283054e-06
231.7999999999244 1.075294201813892e-06
231.8099999999244 1.0749689352382646e-06
231.8199999999244 1.0746436289014323e-06
231.82999999992438 1.0743182828033841e-06
231.83999999992437 1.0739928969441312e-06
231.84999999992436 1.0736674713236653e-06
231.85999999992436 1.073342005941993e-06
231.86999999992435 1.073016500799109e-06
231.87999999992434 1.0726909558950161e-06
231.88999999992433 1.0723653712297127e-06
231.89999999992432 1.0720397468032005e-06
231.9099999999243 1.0717140826154794e-06
231.9199999999243 1.0713883786665453e-06
231.9299999999243 1.0710626349564048e-06
231.93999999992428 1.070736851485054e-06
231.94999999992427 1.070411028252493e-06
231.95999999992426 1.0700851652587243e-06
231.96999999992426 1.0697592625037425e-06
231.97999999992425 1.0694333199875533e-06
231.98999999992424 1.0691073377101523e-06
231.99999999992423 1.0687813156715437e-06
232.00999999992422 1.0684552538717248e-06
232.0199999999242 1.0681291523106983e-06
232.0299999999242 1.0678030109884587e-06
232.0399999999242 1.067476829905009e-06
232.04999999992418 1.0671506090603556e-06
232.05999999992417 1.0668243484544877e-06
232.06999999992416 1.0664980480874098e-06
232.07999999992415 1.0661717079591253e-06
232.08999999992415 1.065845328069628e-06
232.09999999992414 1.065518908418923e-06
232.10999999992413 1.0651924490070052e-06
232.11999999992412 1.0648659498338834e-06
232.1299999999241 1.0645394108995475e-06
232.1399999999241 1.064212832204004e-06
232.1499999999241 1.0638862137472488e-06
232.15999999992408 1.0635595555292846e-06
232.16999999992407 1.0632328575501143e-06
232.17999999992406 1.062906119809728e-06
232.18999999992405 1.0625793423081345e-06
232.19999999992405 1.0622525250453317e-06
232.20999999992404 1.0619256680213227e-06
232.21999999992403 1.0615987712361007e-06
232.22999999992402 1.0612718346896684e-06
232.239999999924 1.0609448583820283e-06
232.249999999924 1.0606178423131769e-06
232.259999999924 1.060290786483119e-06
232.26999999992398 1.0599636908918455e-06
232.27999999992397 1.0596365555393683e-06
232.28999999992396 1.0593093804256782e-06
232.29999999992395 1.0589821655507804e-06
232.30999999992395 1.058654910914671e-06
232.31999999992394 1.0583276165173513e-06
232.32999999992393 1.0580002823588252e-06
232.33999999992392 1.0576729084390875e-06
232.3499999999239 1.0573454947581395e-06
232.3599999999239 1.0570180413159826e-06
232.3699999999239 1.0566905481126168e-06
232.37999999992388 1.056363015148043e-06
232.38999999992387 1.0560354424222541e-06
232.39999999992386 1.0557078299352585e-06
232.40999999992385 1.0553801776870541e-06
232.41999999992385 1.0550524856776393e-06
232.42999999992384 1.0547247539070168e-06
232.43999999992383 1.0543969823751802e-06
232.44999999992382 1.0540691710821383e-06
232.4599999999238 1.0537413200278838e-06
232.4699999999238 1.05341342921242e-06
232.4799999999238 1.0530854986357463e-06
232.48999999992378 1.0527575282978646e-06
232.49999999992377 1.0524295181987728e-06
232.50999999992376 1.0521014683384692e-06
232.51999999992375 1.0517733787169607e-06
232.52999999992375 1.0514452493342379e-06
232.53999999992374 1.0511170801903102e-06
232.54999999992373 1.0507888712851654e-06
232.55999999992372 1.0504606226188169e-06
232.5699999999237 1.050132334191257e-06
232.5799999999237 1.049804006002488e-06
232.5899999999237 1.0494756380525086e-06
232.59999999992368 1.0491472303413202e-06
232.60999999992367 1.048818782868923e-06
232.61999999992366 1.0484902956353144e-06
232.62999999992365 1.0481617686404964e-06
232.63999999992365 1.047833201884467e-06
232.64999999992364 1.0475045953672324e-06
232.65999999992363 1.047175949088785e-06
232.66999999992362 1.0468472630491272e-06
232.6799999999236 1.046518537248263e-06
232.6899999999236 1.0461897716861874e-06
232.6999999999236 1.045860966362904e-06
232.70999999992358 1.0455321212784053e-06
232.71999999992357 1.0452032364327026e-06
232.72999999992356 1.0448743118257909e-06
232.73999999992355 1.0445453474576637e-06
232.74999999992355 1.04421634332833e-06
232.75999999992354 1.0438872994377863e-06
232.76999999992353 1.0435582157860347e-06
232.77999999992352 1.0432290923730717e-06
232.7899999999235 1.0428999291988982e-06
232.7999999999235 1.0425707262635184e-06
232.8099999999235 1.0422414835669272e-06
232.81999999992348 1.0419122011091282e-06
232.82999999992347 1.0415828788901122e-06
232.83999999992346 1.0412535169098938e-06
232.84999999992345 1.0409241151684628e-06
232.85999999992345 1.040594673665825e-06
232.86999999992344 1.0402651924019745e-06
232.87999999992343 1.0399356713769137e-06
232.88999999992342 1.0396061105906466e-06
232.8999999999234 1.0392765100431678e-06
232.9099999999234 1.0389468697344786e-06
232.9199999999234 1.0386171896645792e-06
232.92999999992338 1.0382874698334735e-06
232.93999999992337 1.0379577102411562e-06
232.94999999992336 1.0376279108876285e-06
232.95999999992335 1.0372980717728946e-06
232.96999999992335 1.0369681928969463e-06
232.97999999992334 1.0366382742597917e-06
232.98999999992333 1.0363083158614242e-06
232.99999999992332 1.0359783177018504e-06
233.0099999999233 1.0356482797810647e-06
233.0199999999233 1.0353182020990718e-06
233.0299999999233 1.0349880846558682e-06
233.03999999992328 1.0346579274514533e-06
233.04999999992327 1.0343277304858304e-06
233.05999999992326 1.033997493758996e-06
233.06999999992325 1.0336672172709529e-06
233.07999999992325 1.0333369010217031e-06
233.08999999992324 1.0330065450112406e-06
233.09999999992323 1.032676149239569e-06
233.10999999992322 1.0323457137066844e-06
233.1199999999232 1.0320152384125949e-06
233.1299999999232 1.0316847233572952e-06
233.1399999999232 1.0313541685407865e-06
233.14999999992318 1.0310235739630646e-06
233.15999999992317 1.0306929396241352e-06
233.16999999992316 1.030362265523998e-06
233.17999999992315 1.030031551662648e-06
233.18999999992315 1.0297007980400865e-06
233.19999999992314 1.0293700046563197e-06
233.20999999992313 1.0290391715113414e-06
233.21999999992312 1.028708298605153e-06
233.2299999999231 1.0283773859377567e-06
233.2399999999231 1.0280464335091514e-06
233.2499999999231 1.0277154413193332e-06
233.25999999992308 1.02738440936831e-06
233.26999999992307 1.0270533376560674e-06
233.27999999992306 1.0267222261826262e-06
233.28999999992305 1.0263910749479697e-06
233.29999999992305 1.0260598839521066e-06
233.30999999992304 1.0257286531950304e-06
233.31999999992303 1.0253973826767444e-06
233.32999999992302 1.0250660723972543e-06
233.339999999923 1.0247347223565489e-06
233.349999999923 1.0244033325546341e-06
233.359999999923 1.0240719029915107e-06
233.36999999992298 1.0237404336671808e-06
233.37999999992297 1.0234089245816393e-06
233.38999999992296 1.023077375734885e-06
233.39999999992295 1.0227457871269255e-06
233.40999999992295 1.022414158757753e-06
233.41999999992294 1.022082490627373e-06
233.42999999992293 1.0217507827357827e-06
233.43999999992292 1.0214190350829821e-06
233.4499999999229 1.0210872476689738e-06
233.4599999999229 1.0207554204937526e-06
233.4699999999229 1.0204235535573237e-06
233.47999999992288 1.0200916468596831e-06
233.48999999992287 1.0197597004008364e-06
233.49999999992286 1.0194277141807779e-06
233.50999999992285 1.019095688199509e-06
233.51999999992285 1.018763622457034e-06
233.52999999992284 1.0184315169533445e-06
233.53999999992283 1.0180993716884514e-06
233.54999999992282 1.0177671866623414e-06
233.5599999999228 1.0174349618750266e-06
233.5699999999228 1.0171026973265e-06
233.5799999999228 1.0167703930167668e-06
233.58999999992278 1.0164380489458197e-06
233.59999999992277 1.0161056651136648e-06
233.60999999992276 1.0157732415203024e-06
233.61999999992275 1.015440778165728e-06
233.62999999992275 1.0151082750499424e-06
233.63999999992274 1.014775732172949e-06
233.64999999992273 1.014443149534748e-06
233.65999999992272 1.0141105271353338e-06
233.6699999999227 1.0137778649747095e-06
233.6799999999227 1.0134451630528787e-06
233.6899999999227 1.0131124213698365e-06
233.69999999992268 1.012779639925588e-06
233.70999999992267 1.0124468187201225e-06
233.71999999992266 1.0121139577534546e-06
233.72999999992265 1.011781057025575e-06
233.73999999992265 1.0114481165364853e-06
233.74999999992264 1.0111151362861851e-06
233.75999999992263 1.0107821162746746e-06
233.76999999992262 1.0104490565019578e-06
233.7799999999226 1.0101159569680269e-06
233.7899999999226 1.0097828176728896e-06
233.7999999999226 1.0094496386165433e-06
233.80999999992258 1.0091164197989852e-06
233.81999999992257 1.0087831612202182e-06
233.82999999992256 1.0084498628802385e-06
233.83999999992255 1.0081165247790534e-06
233.84999999992255 1.0077831469166571e-06
233.85999999992254 1.0074497292930515e-06
233.86999999992253 1.0071162719082356e-06
233.87999999992252 1.0067827747622096e-06
233.8899999999225 1.0064492378549773e-06
233.8999999999225 1.0061156611865318e-06
233.9099999999225 1.0057820447568774e-06
233.91999999992248 1.0054483885660127e-06
233.92999999992247 1.0051146926139393e-06
233.93999999992246 1.0047809569006553e-06
233.94999999992245 1.0044471814261624e-06
233.95999999992245 1.0041133661904632e-06
233.96999999992244 1.0037795111935497e-06
233.97999999992243 1.0034456164354284e-06
233.98999999992242 1.0031116819160942e-06
233.9999999999224 1.0027777076355539e-06
234.0099999999224 1.0024436935938018e-06
234.0199999999224 1.0021096397908434e-06
234.02999999992238 1.0017755462266733e-06
234.03999999992237 1.001441412901293e-06
234.04999999992236 1.001107239814705e-06
234.05999999992235 1.0007730269669042e-06
234.06999999992235 1.0004387743578956e-06
234.07999999992234 1.000104481987678e-06
234.08999999992233 9.997701498562501e-07
234.09999999992232 9.994357779636133e-07
234.1099999999223 9.991013663097623e-07
234.1199999999223 9.987669148947073e-07
234.1299999999223 9.984324237184409e-07
234.13999999992228 9.980978927809642e-07
234.14999999992227 9.977633220822773e-07
234.15999999992226 9.974287116223812e-07
234.16999999992225 9.97094061401279e-07
234.17999999992225 9.967593714189622e-07
234.18999999992224 9.964246416754368e-07
234.19999999992223 9.960898721707023e-07
234.20999999992222 9.957550629047586e-07
234.2199999999222 9.954202138776047e-07
234.2299999999222 9.950853250892394e-07
234.2399999999222 9.947503965396701e-07
234.24999999992218 9.944154282288867e-07
234.25999999992217 9.940804201568958e-07
234.26999999992216 9.937453723236904e-07
234.27999999992215 9.9341028472928e-07
234.28999999992214 9.93075157373658e-07
234.29999999992214 9.927399902568283e-07
234.30999999992213 9.92404783378787e-07
234.31999999992212 9.920695367395369e-07
234.3299999999221 9.917342503390778e-07
234.3399999999221 9.913989241774082e-07
234.3499999999221 9.910635582545284e-07
234.35999999992208 9.90728152570437e-07
234.36999999992207 9.90392707125142e-07
234.37999999992206 9.900572219186337e-07
234.38999999992205 9.897216969509128e-07
234.39999999992204 9.893861322219882e-07
234.40999999992204 9.890505277318504e-07
234.41999999992203 9.887148834805051e-07
234.42999999992202 9.88379199467947e-07
234.439999999922 9.880434756941797e-07
234.449999999922 9.877077121592048e-07
234.459999999922 9.873719088630197e-07
234.46999999992198 9.870360658056241e-07
234.47999999992197 9.867001829870183e-07
234.48999999992196 9.863642604072049e-07
234.49999999992195 9.860282980661811e-07
234.50999999992194 9.856922959639473e-07
234.51999999992194 9.853562541005041e-07
234.52999999992193 9.850201724758496e-07
234.53999999992192 9.846840510899885e-07
234.5499999999219 9.843478899429133e-07
234.5599999999219 9.84011689034633e-07
234.5699999999219 9.8367544836514e-07
234.57999999992188 9.833391679344415e-07
234.58999999992187 9.83002847742529e-07
234.59999999992186 9.826664877894063e-07
234.60999999992185 9.823300880750787e-07
234.61999999992184 9.819936485995364e-07
234.62999999992184 9.81657169362788e-07
234.63999999992183 9.813206503648253e-07
234.64999999992182 9.80984091605659e-07
234.6599999999218 9.806474930852797e-07
234.6699999999218 9.803108548036902e-07
234.6799999999218 9.79974176760893e-07
234.68999999992178 9.796374589568855e-07
234.69999999992177 9.793007013916704e-07
234.70999999992176 9.789639040652393e-07
234.71999999992175 9.78627066977605e-07
234.72999999992174 9.782901901287615e-07
234.73999999992174 9.77953273518705e-07
234.74999999992173 9.77616317147437e-07
234.75999999992172 9.772793210149614e-07
234.7699999999217 9.76942285121278e-07
234.7799999999217 9.766052094663817e-07
234.7899999999217 9.762680940502764e-07
234.79999999992168 9.75930938872965e-07
234.80999999992167 9.755937439344403e-07
234.81999999992166 9.75256509234708e-07
234.82999999992165 9.74919234773763e-07
234.83999999992164 9.745819205516129e-07
234.84999999992164 9.742445665682484e-07
234.85999999992163 9.73907172823679e-07
234.86999999992162 9.735697393178964e-07
234.8799999999216 9.73232266050904e-07
234.8899999999216 9.728947530227049e-07
234.8999999999216 9.72557200233293e-07
234.90999999992158 9.72219607682672e-07
234.91999999992157 9.718819753708422e-07
234.92999999992156 9.71544303297803e-07
234.93999999992155 9.712065914635538e-07
234.94999999992154 9.708688398680945e-07
234.95999999992154 9.705310485114273e-07
234.96999999992153 9.701932173935486e-07
234.97999999992152 9.698553465144635e-07
234.9899999999215 9.6951743587416e-07
234.9999999999215 9.691794854726558e-07
235.0099999999215 9.688414953099383e-07
235.01999999992148 9.685034653860133e-07
235.02999999992147 9.681653957008766e-07
235.03999999992146 9.678272862545312e-07
235.04999999992145 9.674891370469766e-07
235.05999999992144 9.671509480782105e-07
235.06999999992144 9.668127193482352e-07
235.07999999992143 9.664744508570525e-07
235.08999999992142 9.661361426046553e-07
235.0999999999214 9.657977945910547e-07
235.1099999999214 9.654594068162383e-07
235.1199999999214 9.651209792802183e-07
235.12999999992138 9.647825119829824e-07
235.13999999992137 9.64444004924542e-07
235.14999999992136 9.641054581048895e-07
235.15999999992135 9.637668715240256e-07
235.16999999992134 9.634282451819567e-07
235.17999999992134 9.630895790786762e-07
235.18999999992133 9.627508732141828e-07
235.19999999992132 9.624121275884828e-07
235.2099999999213 9.62073342201574e-07
235.2199999999213 9.617345170534537e-07
235.2299999999213 9.613956521441228e-07
235.23999999992128 9.610567474735872e-07
235.24999999992127 9.607178030418371e-07
235.25999999992126 9.603788188488807e-07
235.26999999992125 9.600397948947102e-07
235.27999999992124 9.597007311793333e-07
235.28999999992124 9.593616277027448e-07
235.29999999992123 9.590224844649498e-07
235.30999999992122 9.586833014659432e-07
235.3199999999212 9.58344078705724e-07
235.3299999999212 9.580048161843007e-07
235.3399999999212 9.576655139016646e-07
235.34999999992118 9.573261718578183e-07
235.35999999992117 9.569867900527615e-07
235.36999999992116 9.566473684865012e-07
235.37999999992115 9.563079071590265e-07
235.38999999992114 9.559684060703416e-07
235.39999999992114 9.55628865220449e-07
235.40999999992113 9.552892846093448e-07
235.41999999992112 9.549496642370328e-07
235.4299999999211 9.546100041035093e-07
235.4399999999211 9.542703042087754e-07
235.4499999999211 9.539305645528368e-07
235.45999999992108 9.535907851356849e-07
235.46999999992107 9.532509659573216e-07
235.47999999992106 9.529111070177504e-07
235.48999999992105 9.525712083169719e-07
235.49999999992104 9.522312698549801e-07
235.50999999992104 9.518912916317795e-07
235.51999999992103 9.515512736473713e-07
235.52999999992102 9.512112159017527e-07
235.539999999921 9.508711183949251e-07
235.549999999921 9.505309811268847e-07
235.559999999921 9.501908040976364e-07
235.56999999992098 9.498505873071779e-07
235.57999999992097 9.495103307555118e-07
235.58999999992096 9.491700344426341e-07
235.59999999992095 9.48829698368546e-07
235.60999999992094 9.48489322533253e-07
235.61999999992094 9.481489069367445e-07
235.62999999992093 9.478084515790294e-07
235.63999999992092 9.474679564601041e-07
235.6499999999209 9.471274215799686e-07
235.6599999999209 9.467868469386227e-07
235.6699999999209 9.464462325360692e-07
235.67999999992088 9.461055783723067e-07
235.68999999992087 9.457648844473325e-07
235.69999999992086 9.454241507611507e-07
235.70999999992085 9.450833773137534e-07
235.71999999992084 9.447425641051535e-07
235.72999999992084 9.444017111353423e-07
235.73999999992083 9.440608184043204e-07
235.74999999992082 9.437198859120859e-07
235.7599999999208 9.433789136586437e-07
235.7699999999208 9.430379016439951e-07
235.7799999999208 9.426968498681335e-07
235.78999999992078 9.423557583310616e-07
235.79999999992077 9.420146270327835e-07
235.80999999992076 9.416734559732937e-07
235.81999999992075 9.413322451525976e-07
235.82999999992074 9.409909945706844e-07
235.83999999992074 9.406497042275677e-07
235.84999999992073 9.40308374123238e-07
235.85999999992072 9.399670042577021e-07
235.8699999999207 9.396255946309531e-07
235.8799999999207 9.392841452429951e-07
235.8899999999207 9.389426560938308e-07
235.89999999992068 9.386011271834536e-07
235.90999999992067 9.382595585118661e-07
235.91999999992066 9.379179500790682e-07
235.92999999992065 9.375763018850654e-07
235.93999999992064 9.372346139298484e-07
235.94999999992064 9.368928862134222e-07
235.95999999992063 9.365511187357911e-07
235.96999999992062 9.362093114969444e-07
235.9799999999206 9.358674644968929e-07
235.9899999999206 9.355255777356268e-07
235.9999999999206 9.351836512131545e-07
236.00999999992058 9.348416849294706e-07
236.01999999992057 9.344996788845816e-07
236.02999999992056 9.341576330784771e-07
236.03999999992055 9.33815547511165e-07
236.04999999992054 9.334734221826464e-07
236.05999999992054 9.331312570929137e-07
236.06999999992053 9.32789052241972e-07
236.07999999992052 9.324468076298225e-07
236.0899999999205 9.321045232564615e-07
236.0999999999205 9.317621991218941e-07
236.1099999999205 9.314198352261112e-07
236.11999999992048 9.310774315691233e-07
236.12999999992047 9.307349881509236e-07
236.13999999992046 9.303925049715164e-07
236.14999999992045 9.300499820308987e-07
236.15999999992044 9.297074193290697e-07
236.16999999992044 9.293648168660341e-07
236.17999999992043 9.290221746417856e-07
236.18999999992042 9.286794926563296e-07
236.1999999999204 9.283367709096618e-07
236.2099999999204 9.279940094017878e-07
236.2199999999204 9.276512081327008e-07
236.22999999992038 9.273083671024035e-07
236.23999999992037 9.269654863109011e-07
236.24999999992036 9.266225657581858e-07
236.25999999992035 9.262796054442629e-07
236.26999999992034 9.259366053691244e-07
236.27999999992034 9.255935655327835e-07
236.28999999992033 9.252504859352298e-07
236.29999999992032 9.24907366576467e-07
236.3099999999203 9.245642074564951e-07
236.3199999999203 9.242210085753117e-07
236.3299999999203 9.238777699329208e-07
236.33999999992028 9.235344915293181e-07
236.34999999992027 9.231911733645077e-07
236.35999999992026 9.228478154384844e-07
236.36999999992025 9.225044177512561e-07
236.37999999992024 9.221609803028175e-07
236.38999999992024 9.218175030931633e-07
236.39999999992023 9.21473986122308e-07
236.40999999992022 9.21130429390236e-07
236.4199999999202 9.207868328969589e-07
236.4299999999202 9.2044319664247e-07
236.4399999999202 9.20099520626771e-07
236.44999999992018 9.197558048498642e-07
236.45999999992017 9.194120493117459e-07
236.46999999992016 9.190682540124185e-07
236.47999999992015 9.187244189518796e-07
236.48999999992014 9.183805441301342e-07
236.49999999992013 9.180366295471788e-07
236.50999999992013 9.176926752030115e-07
236.51999999992012 9.17348681097638e-07
236.5299999999201 9.170046472310515e-07
236.5399999999201 9.166605736032587e-07
236.5499999999201 9.163164602142502e-07
236.55999999992008 9.159723070640395e-07
236.56999999992007 9.156281141526145e-07
236.57999999992006 9.15283881479983e-07
236.58999999992005 9.149396090461389e-07
236.59999999992004 9.145952968510855e-07
236.60999999992003 9.142509448948245e-07
236.61999999992003 9.139065531773506e-07
236.62999999992002 9.13562121698669e-07
236.63999999992 9.132176504587746e-07
236.64999999992 9.128731394576763e-07
236.65999999992 9.125285886953652e-07
236.66999999991998 9.121839981718451e-07
236.67999999991997 9.118393678871159e-07
236.68999999991996 9.114946978411752e-07
236.69999999991995 9.111499880340283e-07
236.70999999991994 9.108052384656655e-07
236.71999999991993 9.104604491360979e-07
236.72999999991993 9.101156200453212e-07
236.73999999991992 9.097707511933316e-07
236.7499999999199 9.09425842580133e-07
236.7599999999199 9.090808942057268e-07
236.7699999999199 9.087359060701104e-07
236.77999999991988 9.083908781732823e-07
236.78999999991987 9.080458105152452e-07
236.79999999991986 9.077007030960018e-07
236.80999999991985 9.073555559155453e-07
236.81999999991984 9.070103689738813e-07
236.82999999991983 9.06665142271003e-07
236.83999999991983 9.063198758069196e-07
236.84999999991982 9.059745695816248e-07
236.8599999999198 9.056292235951234e-07
236.8699999999198 9.052838378474091e-07
236.8799999999198 9.049384123384846e-07
236.88999999991978 9.045929470683538e-07
236.89999999991977 9.042474420370099e-07
236.90999999991976 9.039018972444571e-07
236.91999999991975 9.035563126906927e-07
236.92999999991974 9.032106883757234e-07
236.93999999991973 9.028650242995423e-07
236.94999999991973 9.025193204621497e-07
236.95999999991972 9.021735768635505e-07
236.9699999999197 9.018277935037413e-07
236.9799999999197 9.01481970382723e-07
236.9899999999197 9.011361075004892e-07
236.99999999991968 9.007902048570517e-07
237.00999999991967 9.004442624524011e-07
237.01999999991966 9.000982802865456e-07
237.02999999991965 8.997522583594771e-07
237.03999999991964 8.99406196671197e-07
237.04999999991963 8.99060095221712e-07
237.05999999991963 8.987139540110126e-07
237.06999999991962 8.983677730391055e-07
237.0799999999196 8.980215523059909e-07
237.0899999999196 8.976752918116632e-07
237.0999999999196 8.973289915561306e-07
237.10999999991958 8.969826515393812e-07
237.11999999991957 8.966362717614279e-07
237.12999999991956 8.962898522222631e-07
237.13999999991955 8.959433929218905e-07
237.14999999991954 8.955968938603037e-07
237.15999999991953 8.952503550375093e-07
237.16999999991953 8.949037764535072e-07
237.17999999991952 8.945571581082947e-07
237.1899999999195 8.942105000018708e-07
237.1999999999195 8.938638021342365e-07
237.2099999999195 8.935170645053985e-07
237.21999999991948 8.931702871153449e-07
237.22999999991947 8.928234699640824e-07
237.23999999991946 8.924766130516134e-07
237.24999999991945 8.921297163779315e-07
237.25999999991944 8.917827799430435e-07
237.26999999991943 8.914358037469396e-07
237.27999999991943 8.910887877896309e-07
237.28999999991942 8.907417320711118e-07
237.2999999999194 8.903946365913837e-07
237.3099999999194 8.90047501350444e-07
237.3199999999194 8.897003263482953e-07
237.32999999991938 8.893531115849391e-07
237.33999999991937 8.890058570603697e-07
237.34999999991936 8.886585627745928e-07
237.35999999991935 8.883112287276056e-07
237.36999999991934 8.879638549194108e-07
237.37999999991933 8.876164413500042e-07
237.38999999991933 8.872689880193861e-07
237.39999999991932 8.869214949275616e-07
237.4099999999193 8.865739620745268e-07
237.4199999999193 8.862263894602832e-07
237.4299999999193 8.858787770848278e-07
237.43999999991928 8.855311249481635e-07
237.44999999991927 8.851834330502902e-07
237.45999999991926 8.848357013912052e-07
237.46999999991925 8.844879299709127e-07
237.47999999991924 8.84140118789407e-07
237.48999999991923 8.837922678466979e-07
237.49999999991923 8.834443771427743e-07
237.50999999991922 8.830964466776419e-07
237.5199999999192 8.827484764513003e-07
237.5299999999192 8.8240046646375e-07
237.5399999999192 8.820524167149905e-07
237.54999999991918 8.817043272050169e-07
237.55999999991917 8.813561979338382e-07
237.56999999991916 8.81008028901448e-07
237.57999999991915 8.806598201078514e-07
237.58999999991914 8.803115715530389e-07
237.59999999991913 8.799632832370205e-07
237.60999999991913 8.796149551597929e-07
237.61999999991912 8.792665873213537e-07
237.6299999999191 8.789181797217056e-07
237.6399999999191 8.785697323608485e-07
237.6499999999191 8.78221245238781e-07
237.65999999991908 8.778727183555046e-07
237.66999999991907 8.775241517110166e-07
237.67999999991906 8.771755453053223e-07
237.68999999991905 8.768268991384162e-07
237.69999999991904 8.764782132103026e-07
237.70999999991903 8.761294875209747e-07
237.71999999991903 8.757807220704405e-07
237.72999999991902 8.754319168586986e-07
237.739999999919 8.750830718857437e-07
237.749999999919 8.747341871515798e-07
237.759999999919 8.743852626562044e-07
237.76999999991898 8.740362983996241e-07
237.77999999991897 8.736872943818294e-07
237.78999999991896 8.733382506028269e-07
237.79999999991895 8.729891670626156e-07
237.80999999991894 8.726400437611939e-07
237.81999999991893 8.722908806985646e-07
237.82999999991893 8.719416778747197e-07
237.83999999991892 8.715924352896725e-07
237.8499999999189 8.712431529434096e-07
237.8599999999189 8.708938308359417e-07
237.8699999999189 8.705444689672608e-07
237.87999999991888 8.701950673373712e-07
237.88999999991887 8.69845625946275e-07
237.89999999991886 8.694961447939632e-07
237.90999999991885 8.691466238804452e-07
237.91999999991884 8.687970632057156e-07
237.92999999991883 8.684474627697795e-07
237.93999999991883 8.680978225726318e-07
237.94999999991882 8.677481426142739e-07
237.9599999999188 8.673984228947097e-07
237.9699999999188 8.670486634139338e-07
237.9799999999188 8.666988641719489e-07
237.98999999991878 8.663490251687499e-07
237.99999999991877 8.65999146404347e-07
238.00999999991876 8.656492278787298e-07
238.01999999991875 8.652992695919065e-07
238.02999999991874 8.649492715438715e-07
238.03999999991873 8.645992337346274e-07
238.04999999991873 8.642491561641757e-07
238.05999999991872 8.638990388325112e-07
238.0699999999187 8.635488817396387e-07
238.0799999999187 8.631986848855589e-07
238.0899999999187 8.628484482702661e-07
238.09999999991868 8.624981718937641e-07
238.10999999991867 8.62147855756048e-07
238.11999999991866 8.617974998571295e-07
238.12999999991865 8.614471041969993e-07
238.13999999991864 8.610966687756589e-07
238.14999999991863 8.607461935931082e-07
238.15999999991863 8.603956786493486e-07
238.16999999991862 8.600451239443798e-07
238.1799999999186 8.596945294781996e-07
238.1899999999186 8.593438952508116e-07
238.1999999999186 8.589932212622121e-07
238.20999999991858 8.586425075124048e-07
238.21999999991857 8.58291754001386e-07
238.22999999991856 8.579409607291594e-07
238.23999999991855 8.575901276957226e-07
238.24999999991854 8.572392549010755e-07
238.25999999991853 8.568883423452207e-07
238.26999999991853 8.565373900281517e-07
238.27999999991852 8.561863979498777e-07
238.2899999999185 8.558353661103921e-07
238.2999999999185 8.554842945096988e-07
238.3099999999185 8.551331831477924e-07
238.31999999991848 8.547820320246771e-07
238.32999999991847 8.544308411403543e-07
238.33999999991846 8.54079610494821e-07
238.34999999991845 8.537283400880761e-07
238.35999999991844 8.533770299201225e-07
238.36999999991843 8.53025679990961e-07
238.37999999991843 8.526742903005919e-07
238.38999999991842 8.523228608490057e-07
238.3999999999184 8.51971391636216e-07
238.4099999999184 8.516198826622147e-07
238.4199999999184 8.512683339270043e-07
238.42999999991838 8.509167454305825e-07
238.43999999991837 8.505651171729516e-07
238.44999999991836 8.502134491541129e-07
238.45999999991835 8.498617413740641e-07
238.46999999991834 8.495099938328022e-07
238.47999999991833 8.491582065303327e-07
238.48999999991833 8.488063794666557e-07
238.49999999991832 8.484545126417681e-07
238.5099999999183 8.481026060556692e-07
238.5199999999183 8.477506597083623e-07
238.5299999999183 8.473986735998442e-07
238.53999999991828 8.470466477301207e-07
238.54999999991827 8.466945820991792e-07
238.55999999991826 8.463424767070351e-07
238.56999999991825 8.459903315536796e-07
238.57999999991824 8.45638146639115e-07
238.58999999991823 8.452859219633375e-07
238.59999999991823 8.449336575263538e-07
238.60999999991822 8.445813533281609e-07
238.6199999999182 8.442290093687553e-07
238.6299999999182 8.438766256481405e-07
238.6399999999182 8.435242021663154e-07
238.64999999991818 8.431717389232853e-07
238.65999999991817 8.42819235919041e-07
238.66999999991816 8.424666931535877e-07
238.67999999991815 8.421141106269269e-07
238.68999999991814 8.417614883390556e-07
238.69999999991813 8.414088262899767e-07
238.70999999991813 8.410561244796809e-07
238.71999999991812 8.407033829081814e-07
238.7299999999181 8.403506015754728e-07
238.7399999999181 8.399977804815527e-07
238.7499999999181 8.396449196264223e-07
238.75999999991808 8.392920190100804e-07
238.76999999991807 8.389390786325333e-07
238.77999999991806 8.38586098493776e-07
238.78999999991805 8.382330785938058e-07
238.79999999991804 8.378800189326291e-07
238.80999999991803 8.375269195102395e-07
238.81999999991802 8.371737803266449e-07
238.82999999991802 8.368206013818348e-07
238.839999999918 8.364673826758195e-07
238.849999999918 8.361141242085914e-07
238.859999999918 8.357608259801582e-07
238.86999999991798 8.354074879905109e-07
238.87999999991797 8.350541102396558e-07
238.88999999991796 8.347006927275919e-07
238.89999999991795 8.343472354543175e-07
238.90999999991794 8.339937384198302e-07
238.91999999991793 8.336402016241365e-07
238.92999999991792 8.332866250672354e-07
238.93999999991792 8.329330087491211e-07
238.9499999999179 8.325793526697966e-07
238.9599999999179 8.32225656829267e-07
238.9699999999179 8.318719212275232e-07
238.97999999991788 8.315181458645718e-07
238.98999999991787 8.311643307404075e-07
238.99999999991786 8.30810475855038e-07
239.00999999991785 8.304565812084544e-07
239.01999999991784 8.301026468006669e-07
239.02999999991783 8.297486726316667e-07
239.03999999991782 8.293946587014547e-07
239.04999999991782 8.290406050100391e-07
239.0599999999178 8.286865115574078e-07
239.0699999999178 8.283323783435691e-07
239.0799999999178 8.279782053685213e-07
239.08999999991778 8.27623992632263e-07
239.09999999991777 8.272697401347959e-07
239.10999999991776 8.269154478761145e-07
239.11999999991775 8.265611158562293e-07
239.12999999991774 8.262067440751314e-07
239.13999999991773 8.258523325328271e-07
239.14999999991772 8.254978812293111e-07
239.15999999991772 8.251433901645835e-07
239.1699999999177 8.247888593386495e-07
239.1799999999177 8.24434288751504e-07
239.1899999999177 8.24079678403148e-07
239.19999999991768 8.237250282935846e-07
239.20999999991767 8.233703384228107e-07
239.21999999991766 8.230156087908267e-07
239.22999999991765 8.226608393976322e-07
239.23999999991764 8.223060302432302e-07
239.24999999991763 8.219511813276178e-07
239.25999999991762 8.215962926507965e-07
239.26999999991762 8.212413642127608e-07
239.2799999999176 8.208863960135215e-07
239.2899999999176 8.205313880530679e-07
239.2999999999176 8.201763403314093e-07
239.30999999991758 8.198212528485365e-07
239.31999999991757 8.194661256044572e-07
239.32999999991756 8.191109585991678e-07
239.33999999991755 8.187557518326667e-07
239.34999999991754 8.184005053049579e-07
239.35999999991753 8.180452190160375e-07
239.36999999991752 8.176898929659107e-07
239.37999999991752 8.173345271545751e-07
239.3899999999175 8.169791215820224e-07
239.3999999999175 8.166236762482674e-07
239.4099999999175 8.162681911532996e-07
239.41999999991748 8.159126662971239e-07
239.42999999991747 8.155571016797366e-07
239.43999999991746 8.152014973011379e-07
239.44999999991745 8.148458531613354e-07
239.45999999991744 8.144901692603185e-07
239.46999999991743 8.141344455980915e-07
239.47999999991742 8.137786821746554e-07
239.48999999991742 8.13422878990013e-07
239.4999999999174 8.130670360441578e-07
239.5099999999174 8.127111533370935e-07
239.5199999999174 8.123552308688215e-07
239.52999999991738 8.119992686393378e-07
239.53999999991737 8.116432666486479e-07
239.54999999991736 8.112872248967397e-07
239.55999999991735 8.109311433836305e-07
239.56999999991734 8.10575022109307e-07
239.57999999991733 8.102188610737772e-07
239.58999999991732 8.098626602770357e-07
239.59999999991732 8.095064197190827e-07
239.6099999999173 8.091501393999246e-07
239.6199999999173 8.087938193195548e-07
239.6299999999173 8.084374594779736e-07
239.63999999991728 8.080810598751833e-07
239.64999999991727 8.07724620511184e-07
239.65999999991726 8.073681413859758e-07
239.66999999991725 8.07011622499556e-07
239.67999999991724 8.066550638519297e-07
239.68999999991723 8.062984654430919e-07
239.69999999991722 8.059418272730451e-07
239.70999999991722 8.055851493417853e-07
239.7199999999172 8.052284316493206e-07
239.7299999999172 8.048716741956441e-07
239.7399999999172 8.045148769807574e-07
239.74999999991718 8.041580400046605e-07
239.75999999991717 8.038011632673545e-07
239.76999999991716 8.034442467688422e-07
239.77999999991715 8.030872905091183e-07
239.78999999991714 8.027302944881813e-07
239.79999999991713 8.023732587060395e-07
239.80999999991712 8.020161831626846e-07
239.81999999991712 8.016590678581221e-07
239.8299999999171 8.013019127923468e-07
239.8399999999171 8.009447179653651e-07
239.8499999999171 8.005874833771716e-07
239.85999999991708 8.002302090277731e-07
239.86999999991707 7.998728949171592e-07
239.87999999991706 7.995155410453376e-07
239.88999999991705 7.991581474123083e-07
239.89999999991704 7.988007140180675e-07
239.90999999991703 7.984432408626161e-07
239.91999999991702 7.980857279459547e-07
239.92999999991702 7.977281752680854e-07
239.939999999917 7.973705828290072e-07
239.949999999917 7.970129506287162e-07
239.959999999917 7.966552786672187e-07
239.96999999991698 7.962975669445109e-07
239.97999999991697 7.959398154605943e-07
239.98999999991696 7.955820242154632e-07
239.99999999991695 7.952241932091286e-07
240.00999999991694 7.948663224415811e-07
240.01999999991693 7.945084119128257e-07
240.02999999991692 7.941504616228575e-07
240.03999999991692 7.937924715716804e-07
240.0499999999169 7.934344417592968e-07
240.0599999999169 7.930763721857016e-07
240.0699999999169 7.927182628508949e-07
240.07999999991688 7.923601137548818e-07
240.08999999991687 7.920019248976584e-07
240.09999999991686 7.916436962792246e-07
240.10999999991685 7.912854278995793e-07
240.11999999991684 7.909271197587264e-07
240.12999999991683 7.905687718566631e-07
240.13999999991682 7.902103841933934e-07
240.14999999991682 7.898519567689096e-07
240.1599999999168 7.894934895832166e-07
240.1699999999168 7.891349826363175e-07
240.1799999999168 7.887764359282052e-07
240.18999999991678 7.884178494588841e-07
240.19999999991677 7.880592232283515e-07
240.20999999991676 7.877005572366137e-07
240.21999999991675 7.873418514836631e-07
240.22999999991674 7.86983105969502e-07
240.23999999991673 7.866243206941359e-07
240.24999999991672 7.862654956575556e-07
240.25999999991672 7.85906630859769e-07
240.2699999999167 7.855477263007681e-07
240.2799999999167 7.851887819805609e-07
240.2899999999167 7.848297978991434e-07
240.29999999991668 7.844707740565182e-07
240.30999999991667 7.841117104526801e-07
240.31999999991666 7.837526070876344e-07
240.32999999991665 7.833934639613784e-07
240.33999999991664 7.830342810739119e-07
240.34999999991663 7.826750584252352e-07
240.35999999991662 7.823157960153508e-07
240.36999999991662 7.819564938442576e-07
240.3799999999166 7.815971519119554e-07
240.3899999999166 7.812377702184386e-07
240.3999999999166 7.808783487637145e-07
240.40999999991658 7.805188875477813e-07
240.41999999991657 7.801593865706391e-07
240.42999999991656 7.797998458322866e-07
240.43999999991655 7.794402653327238e-07
240.44999999991654 7.790806450719522e-07
240.45999999991653 7.787209850499715e-07
240.46999999991652 7.783612852667791e-07
240.47999999991652 7.780015457223778e-07
240.4899999999165 7.776417664167674e-07
240.4999999999165 7.772819473499468e-07
240.5099999999165 7.76922088521916e-07
240.51999999991648 7.765621899326786e-07
240.52999999991647 7.762022515822285e-07
240.53999999991646 7.758422734705706e-07
240.54999999991645 7.754822555976998e-07
240.55999999991644 7.751221979636226e-07
240.56999999991643 7.74762100568334e-07
240.57999999991642 7.744019634118376e-07
240.58999999991642 7.740417864941296e-07
240.5999999999164 7.736815698152125e-07
240.6099999999164 7.733213133750866e-07
240.6199999999164 7.729610171737489e-07
240.62999999991638 7.726006812112036e-07
240.63999999991637 7.722403054874454e-07
240.64999999991636 7.71879890002485e-07
240.65999999991635 7.715194347563088e-07
240.66999999991634 7.711589397489236e-07
240.67999999991633 7.707984049803296e-07
240.68999999991632 7.704378304505265e-07
240.69999999991632 7.700772161595143e-07
240.7099999999163 7.697165621072879e-07
240.7199999999163 7.693558682938553e-07
240.7299999999163 7.68995134719215e-07
240.73999999991628 7.68634361383363e-07
240.74999999991627 7.682735482862995e-07
240.75999999991626 7.679126954280283e-07
240.76999999991625 7.67551802808548e-07
240.77999999991624 7.671908704278561e-07
240.78999999991623 7.66829898285954e-07
240.79999999991622 7.664688863828468e-07
240.80999999991622 7.661078347185267e-07
240.8199999999162 7.657467432929978e-07
240.8299999999162 7.653856121062557e-07
240.8399999999162 7.650244411583087e-07
240.84999999991618 7.6466323044915e-07
240.85999999991617 7.643019799787837e-07
240.86999999991616 7.639406897472058e-07
240.87999999991615 7.635793597544162e-07
240.88999999991614 7.632179900004203e-07
240.89999999991613 7.628565804852128e-07
240.90999999991612 7.624951312087964e-07
240.91999999991612 7.621336421711696e-07
240.9299999999161 7.617721133723352e-07
240.9399999999161 7.614105448122904e-07
240.9499999999161 7.610489364910341e-07
240.95999999991608 7.6068728840857e-07
240.96999999991607 7.603256005648958e-07
240.97999999991606 7.599638729600137e-07
240.98999999991605 7.596021055939175e-07
240.99999999991604 7.592402984666149e-07
241.00999999991603 7.588784515781007e-07
241.01999999991602 7.585165649283801e-07
241.02999999991601 7.581546385174467e-07
241.039999999916 7.577926723453042e-07
241.049999999916 7.574306664119542e-07
241.059999999916 7.570686207173924e-07
241.06999999991598 7.567065352616203e-07
241.07999999991597 7.563444100446419e-07
241.08999999991596 7.55982245066452e-07
241.09999999991595 7.556200403270517e-07
241.10999999991594 7.552577958264397e-07
241.11999999991593 7.548955115646228e-07
241.12999999991592 7.545331875415916e-07
241.13999999991591 7.541708237573567e-07
241.1499999999159 7.538084202119077e-07
241.1599999999159 7.534459769052481e-07
241.1699999999159 7.530834938373824e-07
241.17999999991588 7.527209710083049e-07
241.18999999991587 7.523584084180172e-07
241.19999999991586 7.519958060665206e-07
241.20999999991585 7.516331639538136e-07
241.21999999991584 7.512704820798989e-07
241.22999999991583 7.509077604447714e-07
241.23999999991582 7.505449990484387e-07
241.24999999991581 7.501821978908932e-07
241.2599999999158 7.498193569721399e-07
241.2699999999158 7.494564762921725e-07
241.2799999999158 7.49093555851e-07
241.28999999991578 7.48730595648616e-07
241.29999999991577 7.483675956850255e-07
241.30999999991576 7.480045559602207e-07
241.31999999991575 7.476414764742084e-07
241.32999999991574 7.472783572269884e-07
241.33999999991573 7.469151982185542e-07
241.34999999991572 7.465519994489121e-07
241.35999999991571 7.461887609180613e-07
241.3699999999157 7.458254826260026e-07
241.3799999999157 7.454621645727338e-07
241.3899999999157 7.450988067582506e-07
241.39999999991568 7.447354091825612e-07
241.40999999991567 7.443719718456628e-07
241.41999999991566 7.440084947475553e-07
241.42999999991565 7.436449778882348e-07
241.43999999991564 7.432814212677056e-07
241.44999999991563 7.429178248859686e-07
241.45999999991562 7.425541887430212e-07
241.46999999991561 7.421905128388622e-07
241.4799999999156 7.418267971734944e-07
241.4899999999156 7.4146304174692e-07
241.4999999999156 7.410992465591343e-07
241.50999999991558 7.407354116101354e-07
241.51999999991557 7.403715368999315e-07
241.52999999991556 7.400076224285175e-07
241.53999999991555 7.396436681958917e-07
241.54999999991554 7.392796742020543e-07
241.55999999991553 7.389156404470132e-07
241.56999999991552 7.385515669307566e-07
241.57999999991551 7.381874536532963e-07
241.5899999999155 7.378233006146216e-07
241.5999999999155 7.37459107814738e-07
241.6099999999155 7.370948752536468e-07
241.61999999991548 7.367306029313426e-07
241.62999999991547 7.363662908478308e-07
241.63999999991546 7.3600193900311e-07
241.64999999991545 7.356375473971802e-07
241.65999999991544 7.352731160300374e-07
241.66999999991543 7.349086449016871e-07
241.67999999991542 7.345441340121276e-07
241.68999999991541 7.341795833613566e-07
241.6999999999154 7.338149929493779e-07
241.7099999999154 7.334503627761876e-07
241.7199999999154 7.330856928417897e-07
241.72999999991538 7.327209831461829e-07
241.73999999991537 7.323562336893644e-07
241.74999999991536 7.319914444713341e-07
241.75999999991535 7.316266154920976e-07
241.76999999991534 7.312617467516522e-07
241.77999999991533 7.308968382499924e-07
241.78999999991532 7.305318899871263e-07
241.79999999991531 7.301669019630513e-07
241.8099999999153 7.298018741777647e-07
241.8199999999153 7.294368066312716e-07
241.8299999999153 7.290716993235643e-07
241.83999999991528 7.287065522546508e-07
241.84999999991527 7.283413654245254e-07
241.85999999991526 7.279761388331925e-07
241.86999999991525 7.27610872480648e-07
241.87999999991524 7.272455663668932e-07
241.88999999991523 7.268802204919321e-07
241.89999999991522 7.265148348557593e-07
241.90999999991521 7.261494094583763e-07
241.9199999999152 7.257839442997816e-07
241.9299999999152 7.254184393799833e-07
241.9399999999152 7.250528946989705e-07
241.94999999991518 7.24687310256749e-07
241.95999999991517 7.243216860533196e-07
241.96999999991516 7.239560220886787e-07
241.97999999991515 7.235903183628301e-07
241.98999999991514 7.232245748757685e-07
241.99999999991513 7.228587916274995e-07
242.00999999991512 7.2249296861802e-07
242.01999999991511 7.221271058473329e-07
242.0299999999151 7.217612033154341e-07
242.0399999999151 7.213952610223252e-07
242.0499999999151 7.21029278968011e-07
242.05999999991508 7.206632571524813e-07
242.06999999991507 7.202971955757441e-07
242.07999999991506 7.199310942377978e-07
242.08999999991505 7.195649531386427e-07
242.09999999991504 7.19198772278277e-07
242.10999999991503 7.18832551656697e-07
242.11999999991502 7.18466291273915e-07
242.12999999991501 7.180999911299186e-07
242.139999999915 7.177336512247157e-07
242.149999999915 7.173672715583013e-07
242.159999999915 7.170008521306766e-07
242.16999999991498 7.166343929418442e-07
242.17999999991497 7.162678939918002e-07
242.18999999991496 7.159013552805473e-07
242.19999999991495 7.15534776808084e-07
242.20999999991494 7.15168158574413e-07
242.21999999991493 7.148015005795305e-07
242.22999999991492 7.14434802823439e-07
242.23999999991491 7.140680653061384e-07
242.2499999999149 7.137012880276262e-07
242.2599999999149 7.133344709879078e-07
242.2699999999149 7.12967614186975e-07
242.27999999991488 7.12600717624836e-07
242.28999999991487 7.122337813014866e-07
242.29999999991486 7.118668052169296e-07
242.30999999991485 7.114997893711596e-07
242.31999999991484 7.111327337641807e-07
242.32999999991483 7.107656383959942e-07
242.33999999991482 7.103985032665959e-07
242.34999999991481 7.100313283759875e-07
242.3599999999148 7.096641137241685e-07
242.3699999999148 7.092968593111433e-07
242.3799999999148 7.089295651369092e-07
242.38999999991478 7.085622312014595e-07
242.39999999991477 7.08194857504806e-07
242.40999999991476 7.078274440469384e-07
242.41999999991475 7.074599908278671e-07
242.42999999991474 7.070924978475814e-07
242.43999999991473 7.067249651060853e-07
242.44999999991472 7.063573926033832e-07
242.45999999991471 7.05989780339468e-07
242.4699999999147 7.05622128314345e-07
242.4799999999147 7.052544365280119e-07
242.4899999999147 7.048867049804684e-07
242.49999999991468 7.04518933671716e-07
242.50999999991467 7.041511226017532e-07
242.51999999991466 7.037832717705841e-07
242.52999999991465 7.034153811782021e-07
242.53999999991464 7.030474508246111e-07
242.54999999991463 7.026794807098085e-07
242.55999999991462 7.023114708337994e-07
242.56999999991461 7.019434211965788e-07
242.5799999999146 7.015753317981505e-07
242.5899999999146 7.012072026385107e-07
242.5999999999146 7.008390337176606e-07
242.60999999991458 7.004708250356041e-07
242.61999999991457 7.001025765923359e-07
242.62999999991456 6.997342883878576e-07
242.63999999991455 6.993659604221675e-07
242.64999999991454 6.989975926952736e-07
242.65999999991453 6.986291852071656e-07
242.66999999991452 6.982607379578474e-07
242.67999999991451 6.978922509473227e-07
242.6899999999145 6.97523724175585e-07
242.6999999999145 6.971551576426426e-07
242.7099999999145 6.967865513484844e-07
242.71999999991448 6.964179052931198e-07
242.72999999991447 6.960492194765477e-07
242.73999999991446 6.956804938987624e-07
242.74999999991445 6.953117285597683e-07
242.75999999991444 6.94942923459564e-07
242.76999999991443 6.945740785981533e-07
242.77999999991442 6.942051939755295e-07
242.78999999991441 6.938362695916955e-07
242.7999999999144 6.934673054466553e-07
242.8099999999144 6.93098301540402e-07
242.8199999999144 6.927292578729424e-07
242.82999999991438 6.923601744442672e-07
242.83999999991437 6.919910512543884e-07
242.84999999991436 6.916218883032991e-07
242.85999999991435 6.912526855910011e-07
242.86999999991434 6.908834431174899e-07
242.87999999991433 6.905141608827684e-07
242.88999999991432 6.901448388868421e-07
242.89999999991431 6.897754771297027e-07
242.9099999999143 6.89406075611353e-07
242.9199999999143 6.890366343317946e-07
242.9299999999143 6.886671532910268e-07
242.93999999991428 6.88297632489049e-07
242.94999999991427 6.879280719258619e-07
242.95999999991426 6.875584716014662e-07
242.96999999991425 6.871888315158613e-07
242.97999999991424 6.868191516690448e-07
242.98999999991423 6.864494320610153e-07
242.99999999991422 6.860796726917822e-07
243.0099999999142 6.857098735613376e-07
243.0199999999142 6.853400346696838e-07
243.0299999999142 6.849701560168185e-07
243.0399999999142 6.846002376027443e-07
243.04999999991418 6.84230279427461e-07
243.05999999991417 6.838602814909687e-07
243.06999999991416 6.834902437932647e-07
243.07999999991415 6.831201663343532e-07
243.08999999991414 6.827500491142301e-07
243.09999999991413 6.823798921328993e-07
243.10999999991412 6.820096953903556e-07
243.1199999999141 6.816394588866067e-07
243.1299999999141 6.812691826216437e-07
243.1399999999141 6.80898866595473e-07
243.1499999999141 6.805285108080932e-07
243.15999999991408 6.80158115259502e-07
243.16999999991407 6.797876799497058e-07
243.17999999991406 6.794172048786952e-07
243.18999999991405 6.790466900464756e-07
243.19999999991404 6.786761354530456e-07
243.20999999991403 6.783055410984095e-07
243.21999999991402 6.779349069825603e-07
243.229999999914 6.775642331055022e-07
243.239999999914 6.771935194672377e-07
243.249999999914 6.768227660677604e-07
243.259999999914 6.764519729070753e-07
243.26999999991398 6.760811399851747e-07
243.27999999991397 6.757102673020704e-07
243.28999999991396 6.75339354857753e-07
243.29999999991395 6.749684026522309e-07
243.30999999991394 6.745974106854956e-07
243.31999999991393 6.742263789575501e-07
243.32999999991392 6.738553074683968e-07
243.3399999999139 6.734841962180346e-07
243.3499999999139 6.731130452064596e-07
243.3599999999139 6.727418544336754e-07
243.3699999999139 6.723706238996825e-07
243.37999999991388 6.719993536044816e-07
243.38999999991387 6.716280435480667e-07
243.39999999991386 6.71256693730448e-07
243.40999999991385 6.708853041516164e-07
243.41999999991384 6.705138748115757e-07
243.42999999991383 6.701424057103236e-07
243.43999999991382 6.697708968478623e-07
243.4499999999138 6.693993482241948e-07
243.4599999999138 6.69027759839313e-07
243.4699999999138 6.686561316932248e-07
243.4799999999138 6.68284463785925e-07
243.48999999991378 6.679127561174177e-07
243.49999999991377 6.675410086876986e-07
243.50999999991376 6.671692214967706e-07
243.51999999991375 6.667973945446336e-07
243.52999999991374 6.66425527831285e-07
243.53999999991373 6.6605362135673e-07
243.54999999991372 6.656816751209608e-07
243.5599999999137 6.653096891239853e-07
243.5699999999137 6.649376633657981e-07
243.5799999999137 6.645655978464045e-07
243.5899999999137 6.641934925657981e-07
243.59999999991368 6.638213475239813e-07
243.60999999991367 6.634491627209595e-07
243.61999999991366 6.630769381567247e-07
243.62999999991365 6.627046738312798e-07
243.63999999991364 6.623323697446258e-07
243.64999999991363 6.619600258967642e-07
243.65999999991362 6.615876422876908e-07
243.6699999999136 6.612152189174074e-07
243.6799999999136 6.608427557859174e-07
243.6899999999136 6.604702528932132e-07
243.6999999999136 6.600977102393041e-07
243.70999999991358 6.597251278241793e-07
243.71999999991357 6.593525056478495e-07
243.72999999991356 6.589798437103107e-07
243.73999999991355 6.586071420115603e-07
243.74999999991354 6.582344005515997e-07
243.75999999991353 6.578616193304273e-07
243.76999999991352 6.574887983480513e-07
243.7799999999135 6.571159376044611e-07
243.7899999999135 6.567430370996631e-07
243.7999999999135 6.563700968336548e-07
243.8099999999135 6.559971168064364e-07
243.81999999991348 6.556240970180115e-07
243.82999999991347 6.552510374683698e-07
243.83999999991346 6.548779381575256e-07
243.84999999991345 6.545047990854698e-07
243.85999999991344 6.541316202522038e-07
243.86999999991343 6.537584016577274e-07
243.87999999991342 6.533851433020408e-07
243.8899999999134 6.530118451851478e-07
243.8999999999134 6.526385073070419e-07
243.9099999999134 6.522651296677283e-07
243.9199999999134 6.518917122672031e-07
243.92999999991338 6.515182551054701e-07
243.93999999991337 6.51144758182527e-07
243.94999999991336 6.507712214983721e-07
243.95999999991335 6.503976450530124e-07
243.96999999991334 6.50024028846437e-07
243.97999999991333 6.496503728786591e-07
243.98999999991332 6.492766771496619e-07
243.9999999999133 6.489029416594622e-07
244.0099999999133 6.485291664080508e-07
244.0199999999133 6.481553513954331e-07
244.0299999999133 6.477814966216012e-07
244.03999999991328 6.474076020865591e-07
244.04999999991327 6.470336677903118e-07
244.05999999991326 6.466596937328516e-07
244.06999999991325 6.462856799141812e-07
244.07999999991324 6.459116263343057e-07
244.08999999991323 6.455375329932159e-07
244.09999999991322 6.451633998909198e-07
244.1099999999132 6.447892270274082e-07
244.1199999999132 6.444150144026929e-07
244.1299999999132 6.440407620167658e-07
244.1399999999132 6.436664698696311e-07
244.14999999991318 6.432921379612822e-07
244.15999999991317 6.42917766291727e-07
244.16999999991316 6.425433548609627e-07
244.17999999991315 6.421689036689857e-07
244.18999999991314 6.417944127158021e-07
244.19999999991313 6.414198820014044e-07
244.20999999991312 6.410453115258029e-07
244.2199999999131 6.406707012889886e-07
244.2299999999131 6.402960512909638e-07
244.2399999999131 6.399213615317328e-07
244.2499999999131 6.395466320112888e-07
244.25999999991308 6.391718627296372e-07
244.26999999991307 6.387970536867725e-07
244.27999999991306 6.38422204882703e-07
244.28999999991305 6.380473163174191e-07
244.29999999991304 6.376723879909302e-07
244.30999999991303 6.372974199032297e-07
244.31999999991302 6.369224120543176e-07
244.329999999913 6.365473644441992e-07
244.339999999913 6.361722770728678e-07
244.349999999913 6.357971499403287e-07
244.359999999913 6.354219830465794e-07
244.36999999991298 6.35046776391621e-07
244.37999999991297 6.346715299754537e-07
244.38999999991296 6.342962437980722e-07
244.39999999991295 6.339209178594868e-07
244.40999999991294 6.335455521596886e-07
244.41999999991293 6.331701466986828e-07
244.42999999991292 6.327947014764666e-07
244.4399999999129 6.324192164930388e-07
244.4499999999129 6.320436917484034e-07
244.4599999999129 6.316681272425577e-07
244.4699999999129 6.312925229755002e-07
244.47999999991288 6.309168789472352e-07
244.48999999991287 6.305411951577612e-07
244.49999999991286 6.301654716070769e-07
244.50999999991285 6.297897082951823e-07
244.51999999991284 6.294139052220801e-07
244.52999999991283 6.290380623877662e-07
244.53999999991282 6.286621797922446e-07
244.5499999999128 6.282862574355088e-07
244.5599999999128 6.279102953175679e-07
244.5699999999128 6.275342934384155e-07
244.5799999999128 6.271582517980555e-07
244.58999999991278 6.267821703964837e-07
244.59999999991277 6.264060492337017e-07
244.60999999991276 6.260298883097133e-07
244.61999999991275 6.25653687624512e-07
244.62999999991274 6.252774471781004e-07
244.63999999991273 6.249011669704799e-07
244.64999999991272 6.245248470016517e-07
244.6599999999127 6.241484872716131e-07
244.6699999999127 6.237720877803629e-07
244.6799999999127 6.233956485279064e-07
244.6899999999127 6.230191695142383e-07
244.69999999991268 6.226426507393612e-07
244.70999999991267 6.222660922032725e-07
244.71999999991266 6.218894939059761e-07
244.72999999991265 6.215128558474721e-07
244.73999999991264 6.211361780277551e-07
244.74999999991263 6.207594604468278e-07
244.75999999991262 6.203827031046903e-07
244.7699999999126 6.200059060013477e-07
244.7799999999126 6.196290691367921e-07
244.7899999999126 6.192521925110264e-07
244.7999999999126 6.188752761240541e-07
244.80999999991258 6.184983199758703e-07
244.81999999991257 6.181213240664789e-07
244.82999999991256 6.177442883958719e-07
244.83999999991255 6.173672129640586e-07
244.84999999991254 6.169900977710361e-07
244.85999999991253 6.166129428168061e-07
244.86999999991252 6.162357481013645e-07
244.8799999999125 6.158585136247126e-07
244.8899999999125 6.154812393868531e-07
244.8999999999125 6.151039253877805e-07
244.9099999999125 6.147265716275003e-07
244.91999999991248 6.143491781060072e-07
244.92999999991247 6.139717448233104e-07
244.93999999991246 6.135942717793993e-07
244.94999999991245 6.132167589742805e-07
244.95999999991244 6.128392064079528e-07
244.96999999991243 6.124616140804148e-07
244.97999999991242 6.120839819916692e-07
244.9899999999124 6.117063101417079e-07
244.9999999999124 6.113285985305416e-07
245.0099999999124 6.109508471581624e-07
245.0199999999124 6.105730560245782e-07
245.02999999991238 6.101952251297809e-07
245.03999999991237 6.098173544737735e-07
245.04999999991236 6.09439444056561e-07
245.05999999991235 6.090614938781329e-07
245.06999999991234 6.086835039384971e-07
245.07999999991233 6.083054742376537e-07
245.08999999991232 6.079274047756e-07
245.0999999999123 6.075492955523361e-07
245.1099999999123 6.071711465678592e-07
245.1199999999123 6.067929578221799e-07
245.1299999999123 6.064147293152849e-07
245.13999999991228 6.06036461047185e-07
245.14999999991227 6.056581530178722e-07
245.15999999991226 6.05279805227349e-07
245.16999999991225 6.049014176756182e-07
245.17999999991224 6.045229903626771e-07
245.18999999991223 6.041445232885257e-07
245.19999999991222 6.037660164531613e-07
245.2099999999122 6.033874698565947e-07
245.2199999999122 6.03008883498815e-07
245.2299999999122 6.026302573798224e-07
245.2399999999122 6.022515914996247e-07
245.24999999991218 6.018728858582141e-07
245.25999999991217 6.014941404555986e-07
245.26999999991216 6.011153552917674e-07
245.27999999991215 6.007365303667313e-07
245.28999999991214 6.003576656804847e-07
245.29999999991213 5.99978761233028e-07
245.30999999991212 5.995998170243583e-07
245.3199999999121 5.992208330544808e-07
245.3299999999121 5.988418093233985e-07
245.3399999999121 5.984627458311031e-07
245.3499999999121 5.980836425775948e-07
245.35999999991208 5.977044995628789e-07
245.36999999991207 5.973253167869552e-07
245.37999999991206 5.969460942498241e-07
245.38999999991205 5.965668319514745e-07
245.39999999991204 5.961875298919227e-07
245.40999999991203 5.958081880711605e-07
245.41999999991202 5.95428806489188e-07
245.429999999912 5.950493851460054e-07
245.439999999912 5.946699240416096e-07
245.449999999912 5.942904231760116e-07
245.459999999912 5.939108825491979e-07
245.46999999991198 5.935313021611766e-07
245.47999999991197 5.93151682011945e-07
245.48999999991196 5.92772022101503e-07
245.49999999991195 5.923923224298535e-07
245.50999999991194 5.920125829969937e-07
245.51999999991193 5.916328038029235e-07
245.52999999991192 5.912529848476456e-07
245.5399999999119 5.908731261311575e-07
245.5499999999119 5.904932276534538e-07
245.5599999999119 5.901132894145477e-07
245.5699999999119 5.897333114144286e-07
245.57999999991188 5.89353293653102e-07
245.58999999991187 5.88973236130565e-07
245.59999999991186 5.885931388468176e-07
245.60999999991185 5.882130018018628e-07
245.61999999991184 5.878328249956949e-07
245.62999999991183 5.874526084283193e-07
245.63999999991182 5.870723520997335e-07
245.6499999999118 5.866920560099399e-07
245.6599999999118 5.86311720158931e-07
245.6699999999118 5.859313445467168e-07
245.6799999999118 5.85550929173295e-07
245.68999999991178 5.851704740386603e-07
245.69999999991177 5.84789979142818e-07
245.70999999991176 5.844094444857627e-07
245.71999999991175 5.840288700674997e-07
245.72999999991174 5.836482558880291e-07
245.73999999991173 5.832676019473482e-07
245.74999999991172 5.828869082454544e-07
245.7599999999117 5.825061747823529e-07
245.7699999999117 5.82125401558041e-07
245.7799999999117 5.817445885725215e-07
245.7899999999117 5.813637358257892e-07
245.79999999991168 5.809828433178491e-07
245.80999999991167 5.806019110487014e-07
245.81999999991166 5.802209390183434e-07
245.82999999991165 5.798399272267696e-07
245.83999999991164 5.79458875673991e-07
245.84999999991163 5.79077784360002e-07
245.85999999991162 5.786966532848055e-07
245.8699999999116 5.783154824483959e-07
245.8799999999116 5.779342718507788e-07
245.8899999999116 5.775530214919539e-07
245.89999999991159 5.771717313719162e-07
245.90999999991158 5.76790401490668e-07
245.91999999991157 5.764090318482124e-07
245.92999999991156 5.760276224445489e-07
245.93999999991155 5.756461732796725e-07
245.94999999991154 5.752646843535859e-07
245.95999999991153 5.748831556662942e-07
245.96999999991152 5.74501587217787e-07
245.9799999999115 5.741199790080748e-07
245.9899999999115 5.737383310371469e-07
245.9999999999115 5.733566433050167e-07
246.00999999991149 5.729749158116735e-07
246.01999999991148 5.725931485571226e-07
246.02999999991147 5.722113415413589e-07
246.03999999991146 5.718294947643849e-07
246.04999999991145 5.714476082262058e-07
246.05999999991144 5.710656819268138e-07
246.06999999991143 5.706837158662115e-07
246.07999999991142 5.703017100444014e-07
246.0899999999114 5.699196644613812e-07
246.0999999999114 5.695375791171532e-07
246.1099999999114 5.691554540117097e-07
246.11999999991139 5.687732891450611e-07
246.12999999991138 5.683910845172023e-07
246.13999999991137 5.680088401281359e-07
246.14999999991136 5.676265559778564e-07
246.15999999991135 5.672442320663693e-07
246.16999999991134 5.668618683936719e-07
246.17999999991133 5.664794649597643e-07
246.18999999991132 5.660970217646436e-07
246.1999999999113 5.65714538808318e-07
246.2099999999113 5.653320160907846e-07
246.2199999999113 5.649494536120357e-07
246.22999999991129 5.645668513720792e-07
246.23999999991128 5.641842093709176e-07
246.24999999991127 5.638015276085404e-07
246.25999999991126 5.634188060849584e-07
246.26999999991125 5.630360448001605e-07
246.27999999991124 5.626532437541578e-07
246.28999999991123 5.622704029469447e-07
246.29999999991122 5.618875223785239e-07
246.3099999999112 5.615046020488877e-07
246.3199999999112 5.611216419580463e-07
246.3299999999112 5.607386421059947e-07
246.33999999991119 5.603556024927301e-07
246.34999999991118 5.599725231182606e-07
246.35999999991117 5.59589403982578e-07
246.36999999991116 5.592062450856878e-07
246.37999999991115 5.588230464275901e-07
246.38999999991114 5.584398080082766e-07
246.39999999991113 5.580565298277581e-07
246.40999999991112 5.576732118860267e-07
246.4199999999111 5.572898541830904e-07
246.4299999999111 5.569064567189411e-07
246.4399999999111 5.565230194935814e-07
246.44999999991109 5.561395425070167e-07
246.45999999991108 5.557560257592391e-07
246.46999999991107 5.553724692502486e-07
246.47999999991106 5.549888729800503e-07
246.48999999991105 5.546052369486445e-07
246.49999999991104 5.542215611560283e-07
246.50999999991103 5.538378456022019e-07
246.51999999991102 5.534540902871678e-07
246.529999999911 5.530702952109207e-07
246.539999999911 5.526864603734687e-07
246.549999999911 5.52302585774801e-07
246.55999999991099 5.519186714149283e-07
246.56999999991098 5.515347172938427e-07
246.57999999991097 5.511507234115495e-07
246.58999999991096 5.507666897680459e-07
246.59999999991095 5.50382616363332e-07
246.60999999991094 5.499985031974104e-07
246.61999999991093 5.496143502702786e-07
246.62999999991092 5.492301575819366e-07
246.6399999999109 5.488459251323815e-07
246.6499999999109 5.484616529216213e-07
246.6599999999109 5.48077340949651e-07
246.66999999991089 5.476929892164703e-07
246.67999999991088 5.473085977220793e-07
246.68999999991087 5.46924166466478e-07
246.69999999991086 5.465396954496718e-07
246.70999999991085 5.461551846716498e-07
246.71999999991084 5.457706341324229e-07
246.72999999991083 5.453860438319857e-07
246.73999999991082 5.450014137703356e-07
246.7499999999108 5.446167439474778e-07
246.7599999999108 5.442320343634071e-07
246.7699999999108 5.43847285018134e-07
246.77999999991079 5.434624959116479e-07
246.78999999991078 5.430776670439489e-07
246.79999999991077 5.426927984150448e-07
246.80999999991076 5.42307890024928e-07
246.81999999991075 5.419229418736034e-07
246.82999999991074 5.415379539610657e-07
246.83999999991073 5.411529262873231e-07
246.84999999991072 5.40767858852365e-07
246.8599999999107 5.403827516562044e-07
246.8699999999107 5.39997604698831e-07
246.8799999999107 5.396124179802446e-07
246.88999999991069 5.392271915004531e-07
246.89999999991068 5.388419252594487e-07
246.90999999991067 5.384566192572367e-07
246.91999999991066 5.380712734938143e-07
246.92999999991065 5.376858879691844e-07
246.93999999991064 5.373004626833414e-07
246.94999999991063 5.369149976362883e-07
246.95999999991062 5.3652949282803e-07
246.9699999999106 5.361439482585588e-07
246.9799999999106 5.357583639278799e-07
246.9899999999106 5.353727398359882e-07
246.99999999991059 5.349870759828888e-07
247.00999999991058 5.346013723685816e-07
247.01999999991057 5.342156289930641e-07
247.02999999991056 5.338298458563312e-07
247.03999999991055 5.334440229583932e-07
247.04999999991054 5.330581602992502e-07
247.05999999991053 5.32672257878889e-07
247.06999999991052 5.322863156973226e-07
247.0799999999105 5.319003337545487e-07
247.0899999999105 5.315143120505592e-07
247.0999999999105 5.311282505853674e-07
247.10999999991049 5.307421493589573e-07
247.11999999991048 5.303560083713448e-07
247.12999999991047 5.299698276225166e-07
247.13999999991046 5.295836071124836e-07
247.14999999991045 5.291973468412376e-07
247.15999999991044 5.28811046808784e-07
247.16999999991043 5.284247070151225e-07
247.17999999991042 5.280383274602484e-07
247.1899999999104 5.276519081441637e-07
247.1999999999104 5.272654490668715e-07
247.2099999999104 5.268789502283716e-07
247.21999999991039 5.264924116286588e-07
247.22999999991038 5.261058332677329e-07
247.23999999991037 5.257192151456048e-07
247.24999999991036 5.253325572622638e-07
247.25999999991035 5.249458596177149e-07
247.26999999991034 5.245591222119507e-07
247.27999999991033 5.24172345044984e-07
247.28999999991032 5.237855281168016e-07
247.2999999999103 5.233986714274143e-07
247.3099999999103 5.230117749768141e-07
247.3199999999103 5.226248387650061e-07
247.32999999991029 5.222378627919906e-07
247.33999999991028 5.218508470577621e-07
247.34999999991027 5.214637915623233e-07
247.35999999991026 5.210766963056742e-07
247.36999999991025 5.206895612878201e-07
247.37999999991024 5.20302386508753e-07
247.38999999991023 5.199151719684756e-07
247.39999999991022 5.195279176669905e-07
247.4099999999102 5.191406236042952e-07
247.4199999999102 5.187532897803896e-07
247.4299999999102 5.183659161952763e-07
247.43999999991019 5.179785028489501e-07
247.44999999991018 5.175910497414162e-07
247.45999999991017 5.172035568726746e-07
247.46999999991016 5.168160242427176e-07
247.47999999991015 5.164284518515554e-07
247.48999999991014 5.16040839699183e-07
247.49999999991013 5.156531877856002e-07
247.50999999991012 5.152654961108072e-07
247.5199999999101 5.148777646748091e-07
247.5299999999101 5.144899934775955e-07
247.5399999999101 5.141021825191742e-07
247.54999999991009 5.137143317995426e-07
247.55999999991008 5.133264413187034e-07
247.56999999991007 5.129385110766511e-07
247.57999999991006 5.125505410733939e-07
247.58999999991005 5.121625313089237e-07
247.59999999991004 5.117744817832433e-07
247.60999999991003 5.113863924963579e-07
247.61999999991002 5.109982634482567e-07
247.62999999991 5.106100946389481e-07
247.63999999991 5.10221886068429e-07
247.64999999991 5.09833637736705e-07
247.65999999990999 5.09445349643768e-07
247.66999999990998 5.090570217896208e-07
247.67999999990997 5.086686541742658e-07
247.68999999990996 5.08280246797698e-07
247.69999999990995 5.078917996599225e-07
247.70999999990994 5.075033127609339e-07
247.71999999990993 5.071147861007431e-07
247.72999999990992 5.067262196793394e-07
247.7399999999099 5.063376134967226e-07
247.7499999999099 5.059489675529008e-07
247.7599999999099 5.055602818478636e-07
247.76999999990988 5.051715563816238e-07
247.77999999990988 5.047827911541685e-07
247.78999999990987 5.043939861655056e-07
247.79999999990986 5.040051414156377e-07
247.80999999990985 5.036162569045515e-07
247.81999999990984 5.032273326322629e-07
247.82999999990983 5.028383685987587e-07
247.83999999990982 5.024493648040496e-07
247.8499999999098 5.020603212481275e-07
247.8599999999098 5.016712379310003e-07
247.8699999999098 5.012821148526577e-07
247.87999999990978 5.008929520131073e-07
247.88999999990978 5.005037494123494e-07
247.89999999990977 5.00114507050381e-07
247.90999999990976 4.997252249272023e-07
247.91999999990975 4.993359030428108e-07
247.92999999990974 4.989465413972168e-07
247.93999999990973 4.985571399904073e-07
247.94999999990972 4.981676988223901e-07
247.9599999999097 4.977782178931653e-07
247.9699999999097 4.973886972027276e-07
247.9799999999097 4.969991367510821e-07
247.98999999990968 4.966095365382237e-07
247.99999999990968 4.962198965641603e-07
248.00999999990967 4.95830216828884e-07
248.01999999990966 4.954404973324e-07
248.02999999990965 4.950507380747057e-07
248.03999999990964 4.946609390558011e-07
248.04999999990963 4.94271100275689e-07
248.05999999990962 4.938812217343637e-07
248.0699999999096 4.934913034318309e-07
248.0799999999096 4.931013453680903e-07
248.0899999999096 4.927113475431369e-07
248.09999999990958 4.923213099569759e-07
248.10999999990958 4.919312326096018e-07
248.11999999990957 4.9154111550102e-07
248.12999999990956 4.911509586312307e-07
248.13999999990955 4.90760762000231e-07
248.14999999990954 4.903705256080184e-07
248.15999999990953 4.899802494545981e-07
248.16999999990952 4.895899335399702e-07
248.1799999999095 4.891995778641293e-07
248.1899999999095 4.888091824270808e-07
248.1999999999095 4.884187472288219e-07
248.20999999990948 4.880282722693555e-07
248.21999999990948 4.87637757548676e-07
248.22999999990947 4.87247203066789e-07
248.23999999990946 4.868566088236916e-07
248.24999999990945 4.864659748193839e-07
248.25999999990944 4.860753010538686e-07
248.26999999990943 4.856845875271403e-07
248.27999999990942 4.852938342392043e-07
248.2899999999094 4.849030411900581e-07
248.2999999999094 4.845122083797042e-07
248.3099999999094 4.8412133580814e-07
248.31999999990938 4.83730423475363e-07
248.32999999990938 4.833394713813807e-07
248.33999999990937 4.829484795261857e-07
248.34999999990936 4.825574479097803e-07
248.35999999990935 4.821663765321672e-07
248.36999999990934 4.817752653933466e-07
248.37999999990933 4.813841144933155e-07
248.38999999990932 4.809929238320689e-07
248.3999999999093 4.8060169340962e-07
248.4099999999093 4.802104232259581e-07
248.4199999999093 4.798191132810884e-07
248.42999999990928 4.794277635750086e-07
248.43999999990928 4.790363741077158e-07
248.44999999990927 4.78644944879218e-07
248.45999999990926 4.782534758895071e-07
248.46999999990925 4.778619671385861e-07
248.47999999990924 4.774704186264548e-07
248.48999999990923 4.770788303531184e-07
248.49999999990922 4.7668720231856907e-07
248.5099999999092 4.762955345228121e-07
248.5199999999092 4.759038269658448e-07
248.5299999999092 4.755120796476672e-07
248.53999999990918 4.7512029256827926e-07
248.54999999990918 4.7472846572768114e-07
248.55999999990917 4.7433659912587793e-07
248.56999999990916 4.7394469276285915e-07
248.57999999990915 4.735527466386353e-07
248.58999999990914 4.7316076075319857e-07
248.59999999990913 4.727687351065516e-07
248.60999999990912 4.7237666969869946e-07
248.6199999999091 4.719845645296345e-07
248.6299999999091 4.715924195993592e-07
248.6399999999091 4.7120023490787356e-07
248.64999999990908 4.70808010455183e-07
248.65999999990908 4.7041574624127937e-07
248.66999999990907 4.7002344226616556e-07
248.67999999990906 4.6963109852984665e-07
248.68999999990905 4.692387150323123e-07
248.69999999990904 4.688462917735728e-07
248.70999999990903 4.684538287536177e-07
248.71999999990902 4.6806132597245763e-07
248.729999999909 4.6766878343008986e-07
248.739999999909 4.672762011265092e-07
248.749999999909 4.668835790617183e-07
248.75999999990898 4.6649091723571697e-07
248.76999999990898 4.6609821564851067e-07
248.77999999990897 4.657054743000915e-07
248.78999999990896 4.653126931904619e-07
248.79999999990895 4.6491987231962473e-07
248.80999999990894 4.645270116875746e-07
248.81999999990893 4.641341112943195e-07
248.82999999990892 4.6374117113984875e-07
248.8399999999089 4.633481912241756e-07
248.8499999999089 4.6295517154728696e-07
248.8599999999089 4.625621121091906e-07
248.86999999990888 4.6216901290988663e-07
248.87999999990888 4.617758739493696e-07
248.88999999990887 4.6138269522764503e-07
248.89999999990886 4.6098947674471016e-07
248.90999999990885 4.605962185005649e-07
248.91999999990884 4.6020292049520946e-07
248.92999999990883 4.5980958272864623e-07
248.93999999990882 4.5941620520087277e-07
248.9499999999088 4.5902278791188903e-07
248.9599999999088 4.5862933086169766e-07
248.9699999999088 4.5823583405029325e-07
248.97999999990878 4.5784229747768386e-07
248.98999999990878 4.5744872114385894e-07
248.99999999990877 4.5705510504882893e-07
249.00999999990876 4.56661449192586e-07
249.01999999990875 4.562677535751382e-07
249.02999999990874 4.558740181964772e-07
249.03999999990873 4.5548024305660603e-07
249.04999999990872 4.550864281555272e-07
249.0599999999087 4.546925734932381e-07
249.0699999999087 4.5429867906973867e-07
249.0799999999087 4.539047448850316e-07
249.08999999990868 4.5351077093911155e-07
249.09999999990868 4.5311675723198386e-07
249.10999999990867 4.527227037636432e-07
249.11999999990866 4.5232861053409754e-07
249.12999999990865 4.519344775433416e-07
249.13999999990864 4.5154030479137534e-07
249.14999999990863 4.5114609227819884e-07
249.15999999990862 4.5075184000381195e-07
249.1699999999086 4.5035754796821484e-07
249.1799999999086 4.4996321617141e-07
249.1899999999086 4.495688446133949e-07
249.19999999990858 4.4917443329416944e-07
249.20999999990858 4.487799822137364e-07
249.21999999990857 4.483854913720904e-07
249.22999999990856 4.4799096076923675e-07
249.23999999990855 4.475963904051754e-07
249.24999999990854 4.4720178027990117e-07
249.25999999990853 4.4680713039342185e-07
249.26999999990852 4.4641244074572436e-07
249.2799999999085 4.460177113368244e-07
249.2899999999085 4.4562294216671167e-07
249.2999999999085 4.4522813323539117e-07
249.30999999990848 4.448332845428631e-07
249.31999999990848 4.4443839608911933e-07
249.32999999990847 4.4404346787417064e-07
249.33999999990846 4.4364849989801156e-07
249.34999999990845 4.4325349216063955e-07
249.35999999990844 4.428584446620599e-07
249.36999999990843 4.424633574022726e-07
249.37999999990842 4.42068230381275e-07
249.3899999999084 4.416730635990645e-07
249.3999999999084 4.4127785705564895e-07
249.4099999999084 4.4088261075102045e-07
249.41999999990838 4.404873246851843e-07
249.42999999990838 4.400919988581352e-07
249.43999999990837 4.396966332698784e-07
249.44999999990836 4.393012279204141e-07
249.45999999990835 4.3890578280973666e-07
249.46999999990834 4.385102979378517e-07
249.47999999990833 4.3811477330475637e-07
249.48999999990832 4.377192089104534e-07
249.4999999999083 4.3732360475493744e-07
249.5099999999083 4.3692796083821125e-07
249.5199999999083 4.3653227716028003e-07
249.52999999990828 4.361365537211359e-07
249.53999999990828 4.3574079052078404e-07
249.54999999990827 4.353449875592166e-07
249.55999999990826 4.3494914483644687e-07
249.56999999990825 4.3455326235246413e-07
249.57999999990824 4.3415734010727376e-07
249.58999999990823 4.337613781008704e-07
249.59999999990822 4.333653763332594e-07
249.6099999999082 4.3296933480444075e-07
249.6199999999082 4.325732535144092e-07
249.6299999999082 4.321771324631673e-07
249.63999999990818 4.3178097165071776e-07
249.64999999990818 4.3138477107706055e-07
249.65999999990817 4.309885307421904e-07
249.66999999990816 4.3059225064610996e-07
249.67999999990815 4.301959307888245e-07
249.68999999990814 4.2979957117032607e-07
249.69999999990813 4.294031717906201e-07
249.70999999990812 4.2900673264970106e-07
249.7199999999081 4.286102537475718e-07
249.7299999999081 4.2821373508424006e-07
249.7399999999081 4.278171766596902e-07
249.74999999990808 4.274205784739353e-07
249.75999999990808 4.2702394052697003e-07
249.76999999990807 4.2662726281879453e-07
249.77999999990806 4.262305453494087e-07
249.78999999990805 4.258337881188126e-07
249.79999999990804 4.254369911270115e-07
249.80999999990803 4.250401543739948e-07
249.81999999990802 4.2464327785977566e-07
249.829999999908 4.242463615843383e-07
249.839999999908 4.2384940554769604e-07
249.849999999908 4.234524097498434e-07
249.85999999990798 4.2305537419078314e-07
249.86999999990798 4.2265829887050986e-07
249.87999999990797 4.2226118378902636e-07
249.88999999990796 4.2186402894633776e-07
249.89999999990795 4.2146683434243634e-07
249.90999999990794 4.2106959997732453e-07
249.91999999990793 4.206723258510024e-07
249.92999999990792 4.2027501196347537e-07
249.9399999999079 4.198776583147353e-07
249.9499999999079 4.194802649047849e-07
249.9599999999079 4.1908283173362695e-07
249.96999999990788 4.1868535880125865e-07
249.97999999990788 4.1828784610768265e-07
249.98999999990787 4.1789029365289114e-07
249.99999999990786 4.1749270143689453e-07
250.00999999990785 4.170950694596877e-07
250.01999999990784 4.166973977212705e-07
250.02999999990783 4.162996862216457e-07
250.03999999990782 4.1590193496080793e-07
250.0499999999078 4.1550414393876257e-07
250.0599999999078 4.1510631315550676e-07
250.0699999999078 4.147084426110408e-07
250.07999999990778 4.1431053230536716e-07
250.08999999990777 4.139125822384831e-07
250.09999999990777 4.1351459241039147e-07
250.10999999990776 4.1311656282108426e-07
250.11999999990775 4.12718493470572e-07
250.12999999990774 4.123203843588468e-07
250.13999999990773 4.1192223548591666e-07
250.14999999990772 4.1152404685177356e-07
250.1599999999077 4.111258184564201e-07
250.1699999999077 4.1072755029986166e-07
250.1799999999077 4.103292423820876e-07
250.18999999990768 4.0993089470310594e-07
250.19999999990767 4.0953250726291657e-07
250.20999999990767 4.091340800615169e-07
250.21999999990766 4.0873561309890435e-07
250.22999999990765 4.083371063750841e-07
250.23999999990764 4.079385598900562e-07
250.24999999990763 4.0753997364381795e-07
250.25999999990762 4.071413476363721e-07
250.2699999999076 4.0674268186771065e-07
250.2799999999076 4.063439763378415e-07
250.2899999999076 4.0594523104676476e-07
250.29999999990758 4.055464459944777e-07
250.30999999990757 4.0514762118098034e-07
250.31999999990757 4.047487566062727e-07
250.32999999990756 4.0434985227036e-07
250.33999999990755 4.039509081732317e-07
250.34999999990754 4.035519243148958e-07
250.35999999990753 4.0315290069534956e-07
250.36999999990752 4.0275383731459574e-07
250.3799999999075 4.023547341726342e-07
250.3899999999075 4.0195559126945434e-07
250.3999999999075 4.0155640860507486e-07
250.40999999990748 4.011571861794772e-07
250.41999999990747 4.007579239926771e-07
250.42999999990747 4.0035862204466404e-07
250.43999999990746 3.999592803354407e-07
250.44999999990745 3.995598988650097e-07
250.45999999990744 3.991604776333684e-07
250.46999999990743 3.987610166405141e-07
250.47999999990742 3.983615158864523e-07
250.4899999999074 3.979619753711827e-07
250.4999999999074 3.9756239509470286e-07
250.5099999999074 3.971627750570101e-07
250.51999999990738 3.9676311525811226e-07
250.52999999990737 3.9636341569800145e-07
250.53999999990737 3.959636763766857e-07
250.54999999990736 3.955638972941517e-07
250.55999999990735 3.9516407845041535e-07
250.56999999990734 3.94764219845466e-07
250.57999999990733 3.9436432147931175e-07
250.58999999990732 3.939643833519418e-07
250.5999999999073 3.935644054633642e-07
250.6099999999073 3.93164387813579e-07
250.6199999999073 3.927643304025835e-07
250.62999999990728 3.9236423323037497e-07
250.63999999990727 3.9196409629695885e-07
250.64999999990727 3.915639196023351e-07
250.65999999990726 3.91163703146501e-07
250.66999999990725 3.9076344692945396e-07
250.67999999990724 3.903631509511993e-07
250.68999999990723 3.8996281521173693e-07
250.69999999990722 3.895624397110643e-07
250.7099999999072 3.89162024449176e-07
250.7199999999072 3.887615694260881e-07
250.7299999999072 3.883610746417846e-07
250.73999999990718 3.8796054009627344e-07
250.74999999990717 3.875599657895492e-07
250.75999999990717 3.8715935172161745e-07
250.76999999990716 3.8675869789247535e-07
250.77999999990715 3.863580043021256e-07
250.78999999990714 3.859572709505655e-07
250.79999999990713 3.8555649783779517e-07
250.80999999990712 3.8515568496381444e-07
250.8199999999071 3.8475483232862624e-07
250.8299999999071 3.843539399322223e-07
250.8399999999071 3.83953007774616e-07
250.84999999990708 3.8355203585579676e-07
250.85999999990707 3.8315102417577257e-07
250.86999999990707 3.8274997273453274e-07
250.87999999990706 3.8234888153208264e-07
250.88999999990705 3.819477505684275e-07
250.89999999990704 3.8154657984355943e-07
250.90999999990703 3.8114536935748367e-07
250.91999999990702 3.8074411911019504e-07
250.929999999907 3.803428291017013e-07
250.939999999907 3.799414993319947e-07
250.949999999907 3.7954012980107777e-07
250.95999999990698 3.791387205089585e-07
250.96999999990697 3.787372714556209e-07
250.97999999990697 3.783357826410784e-07
250.98999999990696 3.779342540653203e-07
250.99999999990695 3.7753268572835973e-07
251.00999999990694 3.771310776301863e-07
251.01999999990693 3.767294297708026e-07
251.02999999990692 3.763277421502112e-07
251.0399999999069 3.7592601476840685e-07
251.0499999999069 3.755242476253974e-07
251.0599999999069 3.751224407211751e-07
251.06999999990688 3.7472059405574254e-07
251.07999999990687 3.743187076291022e-07
251.08999999990687 3.7391678144125173e-07
251.09999999990686 3.735148154921935e-07
251.10999999990685 3.7311280978192233e-07
251.11999999990684 3.727107643104435e-07
251.12999999990683 3.723086790777517e-07
251.13999999990682 3.7190655408385763e-07
251.1499999999068 3.7150438932874794e-07
251.1599999999068 3.7110218481242786e-07
251.1699999999068 3.706999405349002e-07
251.17999999990678 3.702976564961622e-07
251.18999999990677 3.6989533269621397e-07
251.19999999990677 3.69492969135058e-07
251.20999999990676 3.690905658126944e-07
251.21999999990675 3.686881227291152e-07
251.22999999990674 3.68285639884331e-07
251.23999999990673 3.678831172783365e-07
251.24999999990672 3.674805549111317e-07
251.2599999999067 3.670779527827193e-07
251.2699999999067 3.6667531089309124e-07
251.2799999999067 3.662726292422582e-07
251.28999999990668 3.6586990783021486e-07
251.29999999990667 3.654671466569612e-07
251.30999999990667 3.6506434572249724e-07
251.31999999990666 3.646615050268257e-07
251.32999999990665 3.642586245699437e-07
251.33999999990664 3.6385570435184887e-07
251.34999999990663 3.6345274437254896e-07
251.35999999990662 3.6304974463203617e-07
251.3699999999066 3.626467051303157e-07
251.3799999999066 3.6224362586738764e-07
251.3899999999066 3.618405068432439e-07
251.39999999990658 3.614373480578952e-07
251.40999999990657 3.610341495113362e-07
251.41999999990657 3.606309112035695e-07
251.42999999990656 3.6022763313458716e-07
251.43999999990655 3.5982431530439726e-07
251.44999999990654 3.59420957713005e-07
251.45999999990653 3.590175603603945e-07
251.46999999990652 3.5861412324657625e-07
251.4799999999065 3.582106463715451e-07
251.4899999999065 3.5780712973531164e-07
251.4999999999065 3.5740357333786524e-07
251.50999999990648 3.5699997717920846e-07
251.51999999990647 3.565963412593441e-07
251.52999999990647 3.5619266557826674e-07
251.53999999990646 3.557889501359844e-07
251.54999999990645 3.5538519493248644e-07
251.55999999990644 3.549813999677835e-07
251.56999999990643 3.545775652418676e-07
251.57999999990642 3.5417369075474664e-07
251.5899999999064 3.5376977650641014e-07
251.5999999999064 3.5336582249686866e-07
251.6099999999064 3.5296182872611684e-07
251.61999999990638 3.5255779519415205e-07
251.62999999990637 3.5215372190097967e-07
251.63999999990637 3.517496088465943e-07
251.64999999990636 3.5134545603100925e-07
251.65999999990635 3.5094126345420593e-07
251.66999999990634 3.5053703111619496e-07
251.67999999990633 3.5013275901697367e-07
251.68999999990632 3.497284471565448e-07
251.6999999999063 3.493240955349082e-07
251.7099999999063 3.489197041520534e-07
251.7199999999063 3.4851527300799356e-07
251.72999999990628 3.481108021027287e-07
251.73999999990627 3.477062914362509e-07
251.74999999990627 3.4730174100856023e-07
251.75999999990626 3.4689715081966447e-07
251.76999999990625 3.4649252086955837e-07
251.77999999990624 3.460878511582394e-07
251.78999999990623 3.456831416857101e-07
251.79999999990622 3.452783924519785e-07
251.8099999999062 3.448736034570286e-07
251.8199999999062 3.444687747008763e-07
251.8299999999062 3.440639061835085e-07
251.83999999990618 3.4365899790493565e-07
251.84999999990617 3.4325404986514715e-07
251.85999999990617 3.428490620641564e-07
251.86999999990616 3.424440345019526e-07
251.87999999990615 3.4203896717853593e-07
251.88999999990614 3.416338600939168e-07
251.89999999990613 3.4122871324807947e-07
251.90999999990612 3.4082352664103716e-07
251.9199999999061 3.404183002727846e-07
251.9299999999061 3.4001303414332425e-07
251.9399999999061 3.396077282526511e-07
251.94999999990608 3.392023826007702e-07
251.95999999990607 3.3879699718767905e-07
251.96999999990607 3.3839157201338025e-07
251.97999999990606 3.3798610707787106e-07
251.98999999990605 3.3758060238114635e-07
251.99999999990604 3.371750579232219e-07
252.00999999990603 3.3676947370407926e-07
252.01999999990602 3.363638497237316e-07
252.029999999906 3.3595818598217354e-07
252.039999999906 3.3555248247940266e-07
252.049999999906 3.351467392154267e-07
252.05999999990598 3.3474095619024044e-07
252.06999999990597 3.343351334038412e-07
252.07999999990597 3.339292708562397e-07
252.08999999990596 3.3352336854741984e-07
252.09999999990595 3.3311742647739506e-07
252.10999999990594 3.327114446461573e-07
252.11999999990593 3.323054230537119e-07
252.12999999990592 3.318993617000562e-07
252.1399999999059 3.3149326058519286e-07
252.1499999999059 3.310871197091192e-07
252.1599999999059 3.306809390718326e-07
252.16999999990588 3.3027471867333833e-07
252.17999999990587 3.298684585136364e-07
252.18999999990587 3.294621585927215e-07
252.19999999990586 3.29055818910599e-07
252.20999999990585 3.2864943946726885e-07
252.21999999990584 3.282430202627257e-07
252.22999999990583 3.278365612969723e-07
252.23999999990582 3.2743006257001387e-07
252.2499999999058 3.270235240818425e-07
252.2599999999058 3.266169458324635e-07
252.2699999999058 3.262103278218688e-07
252.27999999990578 3.2580367005007187e-07
252.28999999990577 3.2539697251705926e-07
252.29999999990576 3.2499023522284167e-07
252.30999999990576 3.2458345816741115e-07
252.31999999990575 3.2417664135077294e-07
252.32999999990574 3.237697847729271e-07
252.33999999990573 3.233628884338683e-07
252.34999999990572 3.2295595233359917e-07
252.3599999999057 3.225489764721198e-07
252.3699999999057 3.2214196084943536e-07
252.3799999999057 3.2173490546554065e-07
252.38999999990568 3.2132781032043037e-07
252.39999999990567 3.2092067541411775e-07
252.40999999990566 3.2051350074658944e-07
252.41999999990566 3.201062863178562e-07
252.42999999990565 3.1969903212791e-07
252.43999999990564 3.1929173817675614e-07
252.44999999990563 3.1888440446439195e-07
252.45999999990562 3.1847703099081483e-07
252.4699999999056 3.1806961775603273e-07
252.4799999999056 3.176621647600376e-07
252.4899999999056 3.172546720028402e-07
252.49999999990558 3.1684713948442453e-07
252.50999999990557 3.164395672048012e-07
252.51999999990556 3.1603195516397023e-07
252.52999999990556 3.1562430336192893e-07
252.53999999990555 3.1521661179868e-07
252.54999999990554 3.148088804742155e-07
252.55999999990553 3.1440110938854593e-07
252.56999999990552 3.139932985416661e-07
252.5799999999055 3.1358544793357594e-07
252.5899999999055 3.131775575642782e-07
252.5999999999055 3.1276962743376476e-07
252.60999999990548 3.123616575420517e-07
252.61999999990547 3.1195364788912295e-07
252.62999999990546 3.115455984749813e-07
252.63999999990546 3.11137509299632e-07
252.64999999990545 3.107293803630777e-07
252.65999999990544 3.103212116653078e-07
252.66999999990543 3.099130032063329e-07
252.67999999990542 3.095047549861477e-07
252.6899999999054 3.0909646700474956e-07
252.6999999999054 3.0868813926214634e-07
252.7099999999054 3.082797717583276e-07
252.71999999990538 3.078713644933065e-07
252.72999999990537 3.0746291746706976e-07
252.73999999990536 3.0705443067962537e-07
252.74999999990536 3.0664590413097075e-07
252.75999999990535 3.0623733782110574e-07
252.76999999990534 3.0582873175003575e-07
252.77999999990533 3.054200859177502e-07
252.78999999990532 3.0501140032425697e-07
252.7999999999053 3.046026749695561e-07
252.8099999999053 3.041939098536449e-07
252.8199999999053 3.037851049765234e-07
252.82999999990528 3.0337626033818896e-07
252.83999999990527 3.0296737593864954e-07
252.84999999990526 3.0255845177789714e-07
252.85999999990526 3.0214948785593974e-07
252.86999999990525 3.017404841727694e-07
252.87999999990524 3.0133144072838877e-07
252.88999999990523 3.0092235752280043e-07
252.89999999990522 3.0051323455599916e-07
252.9099999999052 3.001040718279903e-07
252.9199999999052 2.9969486933877113e-07
252.9299999999052 2.992856270883469e-07
252.93999999990518 2.9887634507670706e-07
252.94999999990517 2.984670233038596e-07
252.95999999990516 2.980576617698045e-07
252.96999999990516 2.976482604745391e-07
252.97999999990515 2.9723881941806337e-07
252.98999999990514 2.9682933860037206e-07
252.99999999990513 2.964198180214784e-07
253.00999999990512 2.960102576813744e-07
253.0199999999051 2.956006575800628e-07
253.0299999999051 2.951910177175329e-07
253.0399999999051 2.9478133809380067e-07
253.04999999990508 2.943716187088555e-07
253.05999999990507 2.9396185956270536e-07
253.06999999990506 2.9355206065533953e-07
253.07999999990506 2.931422219867661e-07
253.08999999990505 2.92732343556985e-07
253.09999999990504 2.9232242536599364e-07
253.10999999990503 2.919124674137893e-07
253.11999999990502 2.9150246970038e-07
253.129999999905 2.9109243222575766e-07
253.139999999905 2.906823549899277e-07
253.149999999905 2.902722379928848e-07
253.15999999990498 2.898620812346369e-07
253.16999999990497 2.894518847151787e-07
253.17999999990496 2.8904164843450757e-07
253.18999999990496 2.886313723926261e-07
253.19999999990495 2.88221056589537e-07
253.20999999990494 2.878107010252429e-07
253.21999999990493 2.8740030569973057e-07
253.22999999990492 2.8698987061301316e-07
253.2399999999049 2.865793957650908e-07
253.2499999999049 2.861688811559502e-07
253.2599999999049 2.857583267856046e-07
253.26999999990488 2.8534773265404335e-07
253.27999999990487 2.8493709876127977e-07
253.28999999990486 2.8452642510730327e-07
253.29999999990486 2.841157116921217e-07
253.30999999990485 2.837049585157246e-07
253.31999999990484 2.8329416557811985e-07
253.32999999990483 2.8288333287930736e-07
253.33999999990482 2.8247246041928204e-07
253.3499999999048 2.8206154819804893e-07
253.3599999999048 2.81650596215603e-07
253.3699999999048 2.81239604471952e-07
253.37999999990478 2.808285729670907e-07
253.38999999990477 2.8041750170101384e-07
253.39999999990476 2.8000639067373457e-07
253.40999999990476 2.7959523988524237e-07
253.41999999990475 2.791840493355399e-07
253.42999999990474 2.787728190246297e-07
253.43999999990473 2.7836154895250926e-07
253.44999999990472 2.779502391191838e-07
253.4599999999047 2.775388895246401e-07
253.4699999999047 2.771275001688914e-07
253.4799999999047 2.7671607105192973e-07
253.48999999990468 2.763046021737631e-07
253.49999999990467 2.758930935343808e-07
253.50999999990466 2.7548154513379353e-07
253.51999999990466 2.750699569719986e-07
253.52999999990465 2.746583290489881e-07
253.53999999990464 2.7424666136477264e-07
253.54999999990463 2.7383495391934413e-07
253.55999999990462 2.73423206712708e-07
253.5699999999046 2.7301141974486155e-07
253.5799999999046 2.725995930158075e-07
253.5899999999046 2.721877265255431e-07
253.59999999990458 2.717758202740631e-07
253.60999999990457 2.713638742613808e-07
253.61999999990456 2.7095188848748556e-07
253.62999999990456 2.705398629523826e-07
253.63999999990455 2.7012779765606667e-07
253.64999999990454 2.697156925985432e-07
253.65999999990453 2.693035477798093e-07
253.66999999990452 2.6889136319986514e-07
253.6799999999045 2.68479138858716e-07
253.6899999999045 2.680668747563539e-07
253.6999999999045 2.6765457089278416e-07
253.70999999990448 2.672422272679962e-07
253.71999999990447 2.6682984388200845e-07
253.72999999990446 2.6641742073481044e-07
253.73999999990446 2.6600495782639685e-07
253.74999999990445 2.655924551567782e-07
253.75999999990444 2.651799127259493e-07
253.76999999990443 2.647673305339101e-07
253.77999999990442 2.6435470858065796e-07
253.7899999999044 2.6394204686619816e-07
253.7999999999044 2.635293453905333e-07
253.8099999999044 2.631166041536529e-07
253.81999999990438 2.627038231555701e-07
253.82999999990437 2.622910023962691e-07
253.83999999990436 2.618781418757604e-07
253.84999999990436 2.614652415940441e-07
253.85999999990435 2.610523015511201e-07
253.86999999990434 2.6063932174698317e-07
253.87999999990433 2.6022630218163857e-07
253.88999999990432 2.5981324285508373e-07
253.8999999999043 2.5940014376731587e-07
253.9099999999043 2.58987004918343e-07
253.9199999999043 2.5857382630815723e-07
253.92999999990428 2.5816060793676646e-07
253.93999999990427 2.5774734980416e-07
253.94999999990426 2.57334051910346e-07
253.95999999990426 2.569207142553243e-07
253.96999999990425 2.565073368390923e-07
253.97999999990424 2.5609391966165e-07
253.98999999990423 2.5568046272299477e-07
253.99999999990422 2.552669660231371e-07
254.0099999999042 2.5485342956206394e-07
254.0199999999042 2.544398533397831e-07
254.0299999999042 2.540262373562945e-07
254.03999999990418 2.536125816115931e-07
254.04999999990417 2.53198886105684e-07
254.05999999990416 2.5278515083856454e-07
254.06999999990416 2.523713758102322e-07
254.07999999990415 2.519575610206948e-07
254.08999999990414 2.5154370646994715e-07
254.09999999990413 2.5112981215798917e-07
254.10999999990412 2.5071587808482086e-07
254.1199999999041 2.5030190425044497e-07
254.1299999999041 2.4988789065485345e-07
254.1399999999041 2.4947383729805953e-07
254.14999999990408 2.4905974418005274e-07
254.15999999990407 2.4864561130083556e-07
254.16999999990406 2.4823143866041345e-07
254.17999999990406 2.4781722625877307e-07
254.18999999990405 2.474029740959303e-07
254.19999999990404 2.46988682171872e-07
254.20999999990403 2.465743504866113e-07
254.21999999990402 2.4615997904013497e-07
254.229999999904 2.45745567832451e-07
254.239999999904 2.453311168635594e-07
254.249999999904 2.4491662613345485e-07
254.25999999990398 2.445020956421453e-07
254.26999999990397 2.4408752538962015e-07
254.27999999990396 2.4367291537588733e-07
254.28999999990396 2.432582656009469e-07
254.29999999990395 2.428435760647961e-07
254.30999999990394 2.4242884676743237e-07
254.31999999990393 2.420140777088637e-07
254.32999999990392 2.415992688890847e-07
254.3399999999039 2.4118442030809536e-07
254.3499999999039 2.4076953196589305e-07
254.3599999999039 2.403546038624805e-07
254.36999999990388 2.3993963599786555e-07
254.37999999990387 2.3952462837204035e-07
254.38999999990386 2.3910958098499687e-07
254.39999999990386 2.386944938367484e-07
254.40999999990385 2.3827936692729227e-07
254.41999999990384 2.3786420025662846e-07
254.42999999990383 2.3744899382474907e-07
254.43999999990382 2.3703374763166205e-07
254.4499999999038 2.3661846167736736e-07
254.4599999999038 2.362031359618597e-07
254.4699999999038 2.357877704851444e-07
254.47999999990378 2.353723652472162e-07
254.48999999990377 2.3495692024808555e-07
254.49999999990376 2.3454143548773674e-07
254.50999999990375 2.3412591096618288e-07
254.51999999990375 2.33710346683424e-07
254.52999999990374 2.3329474263944425e-07
254.53999999990373 2.328790988342648e-07
254.54999999990372 2.3246341526786975e-07
254.5599999999037 2.3204769194026706e-07
254.5699999999037 2.3163192885145403e-07
254.5799999999037 2.3121612600143337e-07
254.58999999990368 2.3080028339020237e-07
254.59999999990367 2.3038440101776112e-07
254.60999999990366 2.299684788841122e-07
254.61999999990365 2.2955251698925034e-07
254.62999999990365 2.2913651533317814e-07
254.63999999990364 2.287204739158983e-07
254.64999999990363 2.2830439273741084e-07
254.65999999990362 2.2788827179771044e-07
254.6699999999036 2.2747211109679966e-07
254.6799999999036 2.2705591063468397e-07
254.6899999999036 2.2663967041135527e-07
254.69999999990358 2.262233904268189e-07
254.70999999990357 2.2580707068106965e-07
254.71999999990356 2.2539071117411535e-07
254.72999999990355 2.2497431190594547e-07
254.73999999990355 2.245578728765679e-07
254.74999999990354 2.241413940859827e-07
254.75999999990353 2.2372487553418723e-07
254.76999999990352 2.233083172211841e-07
254.7799999999035 2.2289171914696532e-07
254.7899999999035 2.2247508131154156e-07
254.7999999999035 2.220584037149075e-07
254.80999999990348 2.2164168635706313e-07
254.81999999990347 2.2122492923801113e-07
254.82999999990346 2.2080813235774617e-07
254.83999999990345 2.2039129571627355e-07
254.84999999990345 2.1997441931359065e-07
254.85999999990344 2.195575031497001e-07
254.86999999990343 2.1914054722459654e-07
254.87999999990342 2.187235515382854e-07
254.8899999999034 2.1830651609076656e-07
254.8999999999034 2.1788944088203214e-07
254.9099999999034 2.1747232591209005e-07
254.91999999990338 2.1705517118094034e-07
254.92999999990337 2.1663797668858297e-07
254.93999999990336 2.1622074243500997e-07
254.94999999990335 2.1580346842022932e-07
254.95999999990335 2.1538615464424108e-07
254.96999999990334 2.149688011070451e-07
254.97999999990333 2.145514078086389e-07
254.98999999990332 2.141339747490144e-07
254.9999999999033 2.1371650192818754e-07
255.0099999999033 2.1329898934615039e-07
255.0199999999033 2.128814370029056e-07
255.02999999990328 2.1246384489844785e-07
255.03999999990327 2.1204621303278245e-07
255.04999999990326 2.1162854140590676e-07
255.05999999990325 2.112108300178234e-07
255.06999999990325 2.1079307886852444e-07
255.07999999990324 2.1037528795802313e-07
255.08999999990323 2.099574572863062e-07
255.09999999990322 2.0953958685338695e-07
255.1099999999032 2.091216766592468e-07
255.1199999999032 2.0870372670390428e-07
255.1299999999032 2.0828573698735148e-07
255.13999999990318 2.0786770750959097e-07
255.14999999990317 2.0744963827061758e-07
255.15999999990316 2.070315292704365e-07
255.16999999990315 2.0661338050904512e-07
255.17999999990315 2.0619519198644079e-07
255.18999999990314 2.057769637026288e-07
255.19999999990313 2.0535869565760918e-07
255.20999999990312 2.0494038785137924e-07
255.2199999999031 2.0452204028393902e-07
255.2299999999031 2.0410365295528584e-07
255.2399999999031 2.0368522586543027e-07
255.24999999990308 2.032667590143618e-07
255.25999999990307 2.0284825240208302e-07
255.26999999990306 2.024297060285886e-07
255.27999999990305 2.0201111989389452e-07
255.28999999990305 2.0159249399798482e-07
255.29999999990304 2.011738283408701e-07
255.30999999990303 2.0075512292254246e-07
255.31999999990302 2.0033637774300454e-07
255.329999999903 1.9991759280225892e-07
255.339999999903 1.99498768100303e-07
255.349999999903 1.9907990363713678e-07
255.35999999990298 1.986609994127603e-07
255.36999999990297 1.9824205542717613e-07
255.37999999990296 1.9782307168038433e-07
255.38999999990295 1.974040481723769e-07
255.39999999990295 1.9698498490316448e-07
255.40999999990294 1.9656588187273913e-07
255.41999999990293 1.9614673908110607e-07
255.42999999990292 1.9572755652826276e-07
255.4399999999029 1.9530833421421179e-07
255.4499999999029 1.9488907213895048e-07
255.4599999999029 1.944697703024763e-07
255.46999999990288 1.940504287047944e-07
255.47999999990287 1.9363104734589957e-07
255.48999999990286 1.9321162622580238e-07
255.49999999990285 1.9279216534449223e-07
255.50999999990285 1.9237266470196913e-07
255.51999999990284 1.9195312429824371e-07
255.52999999990283 1.9153354413330002e-07
255.53999999990282 1.91113924207154e-07
255.5499999999028 1.906942645197923e-07
255.5599999999028 1.902745650712257e-07
255.5699999999028 1.8985482586144606e-07
255.57999999990278 1.8943504689045883e-07
255.58999999990277 1.8901522815826129e-07
255.59999999990276 1.885953696648534e-07
255.60999999990275 1.8817547141023793e-07
255.61999999990275 1.8775553339440946e-07
255.62999999990274 1.8733555561737334e-07
255.63999999990273 1.8691553807912693e-07
255.64999999990272 1.8649548077967021e-07
255.6599999999027 1.8607538371900849e-07
255.6699999999027 1.8565524689713116e-07
255.6799999999027 1.8523507031404887e-07
255.68999999990268 1.8481485396975357e-07
255.69999999990267 1.8439459786425066e-07
255.70999999990266 1.8397430199753478e-07
255.71999999990265 1.835539663696139e-07
255.72999999990265 1.8313359098048272e-07
255.73999999990264 1.8271317583013594e-07
255.74999999990263 1.8229272091858682e-07
255.75999999990262 1.8187222624582474e-07
255.7699999999026 1.8145169181185235e-07
255.7799999999026 1.8103111761667228e-07
255.7899999999026 1.8061050366027933e-07
255.79999999990258 1.801898499426813e-07
255.80999999990257 1.7976915646387038e-07
255.81999999990256 1.7934842322385177e-07
255.82999999990255 1.7892765022262022e-07
255.83999999990255 1.7850683746018105e-07
255.84999999990254 1.7808598493653153e-07
255.85999999990253 1.7766509265167437e-07
255.86999999990252 1.7724416060560693e-07
255.8799999999025 1.768231887983265e-07
255.8899999999025 1.7640217722984374e-07
255.8999999999025 1.759811259001454e-07
255.90999999990248 1.755600348092367e-07
255.91999999990247 1.751389039571204e-07
255.92999999990246 1.7471773334379643e-07
255.93999999990245 1.742965229692595e-07
255.94999999990245 1.738752728335123e-07
255.95999999990244 1.7345398293655742e-07
255.96999999990243 1.7303265327839225e-07
255.97999999990242 1.7261128385901942e-07
255.9899999999024 1.7218987467843366e-07
255.9999999999024 1.7176842573664286e-07
256.0099999999024 1.713469370336365e-07
256.0199999999024 1.7092540856942777e-07
256.0299999999024 1.705038403440034e-07
256.03999999990236 1.700822323573714e-07
256.04999999990235 1.6966058460952914e-07
256.05999999990235 1.692388971004792e-07
256.06999999990234 1.6881716983021633e-07
256.0799999999023 1.6839540279874574e-07
256.0899999999023 1.6797359600606754e-07
256.0999999999023 1.6755174945217642e-07
256.1099999999023 1.6712986313707494e-07
256.1199999999023 1.6670793706076585e-07
256.1299999999023 1.662859712232438e-07
256.1399999999023 1.6586396562451674e-07
256.14999999990226 1.6544192026457673e-07
256.15999999990225 1.6501983514342908e-07
256.16999999990225 1.6459771026107377e-07
256.17999999990224 1.6417554561750549e-07
256.1899999999022 1.6375334121272694e-07
256.1999999999022 1.6333109704673806e-07
256.2099999999022 1.6290881311954685e-07
256.2199999999022 1.6248648943113738e-07
256.2299999999022 1.6206412598152025e-07
256.2399999999022 1.616417227706955e-07
256.2499999999022 1.6121927979866042e-07
256.25999999990216 1.6079679706541766e-07
256.26999999990215 1.6037427457096198e-07
256.27999999990215 1.5995171231529866e-07
256.28999999990214 1.5952911029841971e-07
256.2999999999021 1.591064685203411e-07
256.3099999999021 1.5868378698104686e-07
256.3199999999021 1.5826106568054763e-07
256.3299999999021 1.5783830461883542e-07
256.3399999999021 1.5741550379591028e-07
256.3499999999021 1.5699266321178013e-07
256.3599999999021 1.5656978286643702e-07
256.36999999990206 1.5614686275988628e-07
256.37999999990205 1.5572390289212524e-07
256.38999999990205 1.5530090326315123e-07
256.39999999990204 1.5487786387297486e-07
256.409999999902 1.5445478472158292e-07
256.419999999902 1.5403166580898332e-07
256.429999999902 1.5360850713517605e-07
256.439999999902 1.5318530870015848e-07
256.449999999902 1.5276207050393062e-07
256.459999999902 1.523387925464898e-07
256.469999999902 1.5191547482784134e-07
256.47999999990196 1.5149211734798521e-07
256.48999999990195 1.510687201069188e-07
256.49999999990195 1.506452831046447e-07
256.50999999990194 1.5022180634115503e-07
256.5199999999019 1.4979828981646037e-07
256.5299999999019 1.4937473353055273e-07
256.5399999999019 1.489511374834401e-07
256.5499999999019 1.4852750167511187e-07
256.5599999999019 1.4810382610557862e-07
256.5699999999019 1.4768011077483245e-07
256.5799999999019 1.4725635568288127e-07
256.58999999990186 1.4683256082971977e-07
256.59999999990185 1.4640872621534268e-07
256.60999999990185 1.4598485183976324e-07
256.61999999990184 1.455609377029682e-07
256.6299999999018 1.4513698380496548e-07
256.6399999999018 1.4471299014575248e-07
256.6499999999018 1.4428895672533448e-07
256.6599999999018 1.4386488354370354e-07
256.6699999999018 1.43440770600857e-07
256.6799999999018 1.4301661789681072e-07
256.6899999999018 1.4259242543154885e-07
256.69999999990176 1.42168193205082e-07
256.70999999990175 1.4174392121739954e-07
256.71999999990175 1.4131960946851206e-07
256.72999999990174 1.408952579584143e-07
256.7399999999017 1.4047086668710358e-07
256.7499999999017 1.400464356545852e-07
256.7599999999017 1.3962196486085656e-07
256.7699999999017 1.3919745430592287e-07
256.7799999999017 1.3877290398977096e-07
256.7899999999017 1.3834831391241668e-07
256.7999999999017 1.379236840738521e-07
256.80999999990166 1.374990144740719e-07
256.81999999990165 1.3707430511308938e-07
256.82999999990164 1.3664955599089125e-07
256.83999999990164 1.3622476710748546e-07
256.8499999999016 1.3579993846287468e-07
256.8599999999016 1.3537507005704827e-07
256.8699999999016 1.3495016189001423e-07
256.8799999999016 1.3452521396176989e-07
256.8899999999016 1.341002262723179e-07
256.8999999999016 1.336751988216556e-07
256.9099999999016 1.3325013160978035e-07
256.91999999990156 1.3282502463669744e-07
256.92999999990155 1.3239987790240952e-07
256.93999999990154 1.3197469140690603e-07
256.94999999990154 1.3154946515019223e-07
256.9599999999015 1.311241991322734e-07
256.9699999999015 1.30698893353139e-07
256.9799999999015 1.3027354781280487e-07
256.9899999999015 1.2984816251124724e-07
256.9999999999015 1.294227374484925e-07
257.0099999999015 1.2899727262451954e-07
257.0199999999015 1.285717680393442e-07
257.02999999990146 1.2814622369295594e-07
257.03999999990145 1.2772063958535471e-07
257.04999999990144 1.2729501571654848e-07
257.05999999990144 1.2686935208653196e-07
257.0699999999014 1.2644364869529984e-07
257.0799999999014 1.26017905542868e-07
257.0899999999014 1.2559212262922057e-07
257.0999999999014 1.2516629995436546e-07
257.1099999999014 1.2474043751829744e-07
257.1199999999014 1.243145353210244e-07
257.1299999999014 1.2388859336253575e-07
257.13999999990136 1.2346261164284212e-07
257.14999999990135 1.230365901619355e-07
257.15999999990134 1.2261052891982393e-07
257.16999999990134 1.2218442791649938e-07
257.1799999999013 1.2175828715196452e-07
257.1899999999013 1.2133210662622202e-07
257.1999999999013 1.2090588633926922e-07
257.2099999999013 1.2047962629110876e-07
257.2199999999013 1.2005332648173799e-07
257.2299999999013 1.1962698691115164e-07
257.2399999999013 1.1920060757936293e-07
257.24999999990126 1.1877418848635861e-07
257.25999999990125 1.1834772963215194e-07
257.26999999990124 1.1792123101672704e-07
257.27999999990124 1.1749469264009977e-07
257.2899999999012 1.1706811450225954e-07
257.2999999999012 1.1664149660321167e-07
257.3099999999012 1.1621483894295085e-07
257.3199999999012 1.1578814152147972e-07
257.3299999999012 1.1536140433880359e-07
257.3399999999012 1.1493462739491451e-07
257.3499999999012 1.1450781068981513e-07
257.35999999990116 1.1408095422351073e-07
257.36999999990115 1.1365405799599341e-07
257.37999999990114 1.1322712200726842e-07
257.38999999990114 1.1280014625732519e-07
257.3999999999011 1.1237313074618224e-07
257.4099999999011 1.1194607547382634e-07
257.4199999999011 1.1151898044026279e-07
257.4299999999011 1.1109184564548894e-07
257.4399999999011 1.1066467108950215e-07
257.4499999999011 1.1023745677231034e-07
257.4599999999011 1.0981020269390295e-07
257.46999999990106 1.093829088542879e-07
257.47999999990105 1.0895557525346519e-07
257.48999999990104 1.0852820189143483e-07
257.49999999990104 1.0810078876818887e-07
257.509999999901 1.076733358837379e-07
257.519999999901 1.0724584323807664e-07
257.529999999901 1.0681831083120772e-07
257.539999999901 1.0639073866312586e-07
257.549999999901 1.0596312673383368e-07
257.559999999901 1.0553547504333386e-07
257.569999999901 1.0510778359162109e-07
257.57999999990096 1.0468005237870332e-07
257.58999999990095 1.0425228140456993e-07
257.59999999990094 1.0382447066923156e-07
257.60999999990094 1.0339662017268553e-07
257.6199999999009 1.0296872991492655e-07
257.6299999999009 1.0254079989595462e-07
257.6399999999009 1.0211283011577767e-07
257.6499999999009 1.0168482057439309e-07
257.6599999999009 1.012567712717929e-07
257.6699999999009 1.0082868220798506e-07
257.6799999999009 1.0040055338296956e-07
257.68999999990086 9.997238479674111e-08
257.69999999990085 9.954417644930767e-08
257.70999999990084 9.911592834066126e-08
257.71999999990084 9.868764047080986e-08
257.7299999999008 9.825931283974287e-08
257.7399999999008 9.783094544747084e-08
257.7499999999008 9.740253829398325e-08
257.7599999999008 9.697409137929064e-08
257.7699999999008 9.654560470338773e-08
257.7799999999008 9.611707826627185e-08
257.7899999999008 9.5688512067951e-08
257.79999999990076 9.525990610841984e-08
257.80999999990075 9.48312603876757e-08
257.81999999990074 9.440257490572394e-08
257.82999999990074 9.397384966256186e-08
257.8399999999007 9.354508465819215e-08
257.8499999999007 9.311627989260683e-08
257.8599999999007 9.268743536582444e-08
257.8699999999007 9.225855107782116e-08
257.8799999999007 9.182962702861022e-08
257.8899999999007 9.1400663218189e-08
257.8999999999007 9.097165964656012e-08
257.90999999990066 9.054261631372093e-08
257.91999999990065 9.011353321967675e-08
257.92999999990064 8.968441036441695e-08
257.93999999990064 8.925524774794684e-08
257.9499999999006 8.882604537027177e-08
257.9599999999006 8.839680323138635e-08
257.9699999999006 8.796752133128801e-08
257.9799999999006 8.753819966998201e-08
257.9899999999006 8.710883824746307e-08
257.9999999999006 8.667943706373911e-08
258.0099999999006 8.62499961188022e-08
258.01999999990056 8.582051541265766e-08
258.02999999990055 8.539099494530279e-08
258.03999999990054 8.496143471673763e-08
258.04999999990054 8.453183472696746e-08
258.0599999999005 8.410219497598169e-08
258.0699999999005 8.367251546378564e-08
258.0799999999005 8.324279619038721e-08
258.0899999999005 8.281303715577319e-08
258.0999999999005 8.238323835995152e-08
258.1099999999005 8.195339980291955e-08
258.1199999999005 8.152352148467992e-08
258.12999999990046 8.109360340522734e-08
258.13999999990045 8.066364556456446e-08
258.14999999990044 8.023364796269393e-08
258.15999999990044 7.980361059961308e-08
258.1699999999004 7.937353347532725e-08
258.1799999999004 7.894341658982582e-08
258.1899999999004 7.851325994311409e-08
258.1999999999004 7.808306353519469e-08
258.2099999999004 7.765282736606765e-08
258.2199999999004 7.72225514357303e-08
258.2299999999004 7.679223574418e-08
258.23999999990036 7.63618802914247e-08
258.24999999990035 7.593148507745644e-08
258.25999999990034 7.550105010228054e-08
258.26999999990034 7.50705753658917e-08
258.2799999999003 7.464006086829783e-08
258.2899999999003 7.420950660948838e-08
258.2999999999003 7.377891258947657e-08
258.3099999999003 7.33482788082518e-08
258.3199999999003 7.291760526581674e-08
258.3299999999003 7.248689196217403e-08
258.3399999999003 7.205613889731571e-08
258.34999999990026 7.162534607125239e-08
258.35999999990025 7.119451348397877e-08
258.36999999990024 7.07636411354975e-08
258.37999999990024 7.033272902580591e-08
258.3899999999002 6.990177715489874e-08
258.3999999999002 6.947078552279186e-08
258.4099999999002 6.903975412946675e-08
258.4199999999002 6.86086829749366e-08
258.4299999999002 6.817757205919617e-08
258.4399999999002 6.774642138224279e-08
258.4499999999002 6.731523094408705e-08
258.45999999990016 6.688400074471305e-08
258.46999999990015 6.645273078413406e-08
258.47999999990014 6.602142106234213e-08
258.48999999990014 6.559007157934518e-08
258.4999999999001 6.515868233513528e-08
258.5099999999001 6.472725332971772e-08
258.5199999999001 6.429578456308988e-08
258.5299999999001 6.386427603525172e-08
258.5399999999001 6.343272774620592e-08
258.5499999999001 6.300113969594451e-08
258.55999999990007 6.256951188448075e-08
258.56999999990006 6.213784431180668e-08
258.57999999990005 6.170613697792233e-08
258.58999999990004 6.127438988282502e-08
258.59999999990004 6.084260302651475e-08
258.6099999999 6.041077640900743e-08
258.6199999999 5.997891003027656e-08
258.6299999999 5.9547003890343345e-08
258.6399999999 5.911505798919717e-08
258.6499999999 5.868307232684599e-08
258.6599999999 5.825104690328186e-08
258.66999999989997 5.7818981718510084e-08
258.67999999989996 5.7386876772528005e-08
258.68999999989995 5.695473206533827e-08
258.69999999989994 5.6522547596935584e-08
258.70999999989994 5.60903233673173e-08
258.7199999998999 5.565805937650196e-08
258.7299999998999 5.522575562447367e-08
258.7399999998999 5.479341211122978e-08
258.7499999998999 5.436102883678088e-08
258.7599999998999 5.392860580111904e-08
258.7699999998999 5.349614300424954e-08
258.77999999989987 5.30636404461724e-08
258.78999999989986 5.263109812688229e-08
258.79999999989985 5.219851604638189e-08
258.80999999989984 5.176589420467648e-08
258.81999999989984 5.133323260175812e-08
258.8299999998998 5.090053123762947e-08
258.8399999998998 5.0467790112293155e-08
258.8499999998998 5.003500922574654e-08
258.8599999998998 4.960218857798963e-08
258.8699999998998 4.916932816902506e-08
258.8799999998998 4.8736427998847543e-08
258.88999999989977 4.830348806746237e-08
258.89999999989976 4.78705083748669e-08
258.90999999989975 4.743748892106112e-08
258.91999999989974 4.700442970604505e-08
258.92999999989974 4.657133072982132e-08
258.9399999998997 4.61381919923873e-08
258.9499999998997 4.570501349374561e-08
258.9599999998997 4.527179523389627e-08
258.9699999998997 4.48385372128287e-08
258.9799999998997 4.44052394305614e-08
258.9899999998997 4.397190188707322e-08
258.99999999989967 4.3538524582382675e-08
259.00999999989966 4.3105107516484486e-08
259.01999999989965 4.267165068937599e-08
259.02999999989964 4.223815410104924e-08
259.03999999989963 4.1804617751520145e-08
259.0499999998996 4.1371041640780746e-08
259.0599999998996 4.093742576883104e-08
259.0699999998996 4.050377013566839e-08
259.0799999998996 4.007007474130338e-08
259.0899999998996 3.9636339585725424e-08
259.0999999998996 3.920256466893716e-08
259.10999999989957 3.8768749990935954e-08
259.11999999989956 3.8334895551729735e-08
259.12999999989955 3.7901001351310574e-08
259.13999999989954 3.7467067389686407e-08
259.14999999989953 3.703309366685194e-08
259.1599999998995 3.659908018280187e-08
259.1699999998995 3.61650269375468e-08
259.1799999998995 3.573093393108142e-08
259.1899999998995 3.5296801163405746e-08
259.1999999998995 3.486262863452242e-08
259.2099999998995 3.4428416344428785e-08
259.21999999989947 3.3994164293119556e-08
259.22999999989946 3.3559872480607966e-08
259.23999999989945 3.312554090688608e-08
259.24999999989944 3.2691169571951244e-08
259.25999999989943 3.2256758475811406e-08
259.2699999998994 3.1822307618455965e-08
259.2799999998994 3.138781699989287e-08
259.2899999998994 3.095328662011948e-08
259.2999999998994 3.0518716479141087e-08
259.3099999998994 3.008410657694708e-08
259.3199999998994 2.9649456913545435e-08
259.32999999989937 2.921476748893878e-08
259.33999999989936 2.8780038303116526e-08
259.34999999989935 2.8345269356086622e-08
259.35999999989934 2.7910460647846414e-08
259.36999999989933 2.747561217839855e-08
259.3799999998993 2.704072394774304e-08
259.3899999998993 2.6605795955869277e-08
259.3999999998993 2.617082820279581e-08
259.4099999998993 2.5735820688504092e-08
259.4199999998993 2.5300773413010022e-08
259.4299999998993 2.486568637630035e-08
259.43999999989927 2.443055957838303e-08
259.44999999989926 2.3995393019260702e-08
259.45999999989925 2.3560186698922775e-08
259.46999999989924 2.312494061737455e-08
259.47999999989923 2.268965477462132e-08
259.4899999998992 2.2254329170655137e-08
259.4999999998992 2.1818963805478652e-08
259.5099999998992 2.1383558679094514e-08
259.5199999998992 2.0948113791505374e-08
259.5299999998992 2.051262914269799e-08
259.5399999998992 2.0077104732685596e-08
259.54999999989917 1.9641540561460253e-08
259.55999999989916 1.9205936629029907e-08
259.56999999989915 1.877029293538661e-08
259.57999999989914 1.8334609480533014e-08
259.58999999989913 1.7898886264474408e-08
259.5999999998991 1.7463123287200207e-08
259.6099999998991 1.7027320548721003e-08
259.6199999998991 1.6591478049031494e-08
259.6299999998991 1.6155595788131688e-08
259.6399999998991 1.5719673766016277e-08
259.6499999998991 1.5283711982701166e-08
259.65999999989907 1.4847710438170452e-08
259.66999999989906 1.4411669132429436e-08
259.67999999989905 1.3975588065480767e-08
259.68999999989904 1.3539467237321797e-08
259.69999999989903 1.3103306647957824e-08
259.709999999899 1.2667106297378252e-08
259.719999999899 1.2230866185591027e-08
259.729999999899 1.1794586312596149e-08
259.739999999899 1.135826667838832e-08
259.749999999899 1.0921907282972838e-08
259.759999999899 1.0485508126344408e-08
259.76999999989897 1.0049069208510972e-08
259.77999999989896 9.612590529464585e-09
259.78999999989895 9.176072089210548e-09
259.79999999989894 8.739513887746206e-09
259.80999999989893 8.302915925071564e-09
259.8199999998989 7.866278201189269e-09
259.8299999998989 7.4296007160913755e-09
259.8399999998989 6.9928834697937755e-09
259.8499999998989 6.556126462277927e-09
259.8599999998989 6.1193296935570754e-09
259.8699999998989 5.682493163623272e-09
259.87999999989887 5.245616872479168e-09
259.88999999989886 4.80870082013006e-09
259.89999999989885 4.3717450065706504e-09
259.90999999989884 3.93474943179829e-09
259.91999999989883 3.4977140958156287e-09
259.9299999998988 3.0606389986279625e-09
259.9399999998988 2.6235241402299954e-09
259.9499999998988 2.1863695206164287e-09
259.9599999998988 1.7491751398005072e-09
259.9699999998988 1.311940997771635e-09
259.9799999998988 8.746670945324615e-10
259.98999999989877 4.3735343008298645e-10
259.99999999989876 4.428507064526781e-18
