# Numerical radiation field:  mathis1983
# wavelength: nm
# intensity: photons.s-1.cm-2.nm-1
# wavelength intensity
   91.2000 4.923167e+05
   91.2100 4.924293e+05
   91.2200 4.925424e+05
   91.2300 4.926561e+05
   91.2400 4.927702e+05
   91.2500 4.928849e+05
   91.2600 4.930000e+05
   91.2700 4.931157e+05
   91.2800 4.932319e+05
   91.2900 4.933486e+05
   91.3000 4.934658e+05
   91.3100 4.935835e+05
   91.3200 4.937017e+05
   91.3300 4.938204e+05
   91.3400 4.939397e+05
   91.3500 4.940594e+05
   91.3600 4.941796e+05
   91.3700 4.943003e+05
   91.3800 4.944216e+05
   91.3900 4.945433e+05
   91.4000 4.946656e+05
   91.4100 4.947883e+05
   91.4200 4.949115e+05
   91.4300 4.950353e+05
   91.4400 4.951595e+05
   91.4500 4.952843e+05
   91.4600 4.954095e+05
   91.4700 4.955353e+05
   91.4800 4.956615e+05
   91.4900 4.957883e+05
   91.5000 4.959155e+05
   91.5100 4.960432e+05
   91.5200 4.961715e+05
   91.5300 4.963002e+05
   91.5400 4.964294e+05
   91.5500 4.965591e+05
   91.5600 4.966894e+05
   91.5700 4.968201e+05
   91.5800 4.969513e+05
   91.5900 4.970830e+05
   91.6000 4.972152e+05
   91.6100 4.973479e+05
   91.6200 4.974810e+05
   91.6300 4.976147e+05
   91.6400 4.977489e+05
   91.6500 4.978835e+05
   91.6600 4.980187e+05
   91.6700 4.981543e+05
   91.6800 4.982904e+05
   91.6900 4.984271e+05
   91.7000 4.985642e+05
   91.7100 4.987018e+05
   91.7200 4.988398e+05
   91.7300 4.989784e+05
   91.7400 4.991175e+05
   91.7500 4.992570e+05
   91.7600 4.993971e+05
   91.7700 4.995376e+05
   91.7800 4.996786e+05
   91.7900 4.998201e+05
   91.8000 4.999621e+05
   91.8100 5.001045e+05
   91.8200 5.002475e+05
   91.8300 5.003909e+05
   91.8400 5.005348e+05
   91.8500 5.006792e+05
   91.8600 5.008241e+05
   91.8700 5.009694e+05
   91.8800 5.011153e+05
   91.8900 5.012616e+05
   91.9000 5.014084e+05
   91.9100 5.015557e+05
   91.9200 5.017034e+05
   91.9300 5.018517e+05
   91.9400 5.020004e+05
   91.9500 5.021496e+05
   91.9600 5.022993e+05
   91.9700 5.024494e+05
   91.9800 5.026001e+05
   91.9900 5.027512e+05
   92.0000 5.029028e+05
   92.0100 5.030548e+05
   92.0200 5.032074e+05
   92.0300 5.033604e+05
   92.0400 5.035139e+05
   92.0500 5.036678e+05
   92.0600 5.038223e+05
   92.0700 5.039772e+05
   92.0800 5.041326e+05
   92.0900 5.042884e+05
   92.1000 5.044448e+05
   92.1100 5.046015e+05
   92.1200 5.047588e+05
   92.1300 5.049166e+05
   92.1400 5.050748e+05
   92.1500 5.052335e+05
   92.1600 5.053926e+05
   92.1700 5.055522e+05
   92.1800 5.057123e+05
   92.1900 5.058729e+05
   92.2000 5.060339e+05
   92.2100 5.061954e+05
   92.2200 5.063573e+05
   92.2300 5.065198e+05
   92.2400 5.066827e+05
   92.2500 5.068460e+05
   92.2600 5.070098e+05
   92.2700 5.071741e+05
   92.2800 5.073389e+05
   92.2900 5.075041e+05
   92.3000 5.076698e+05
   92.3100 5.078359e+05
   92.3200 5.080025e+05
   92.3300 5.081696e+05
   92.3400 5.083371e+05
   92.3500 5.085051e+05
   92.3600 5.086736e+05
   92.3700 5.088425e+05
   92.3800 5.090119e+05
   92.3900 5.091817e+05
   92.4000 5.093520e+05
   92.4100 5.095227e+05
   92.4200 5.096939e+05
   92.4300 5.098656e+05
   92.4400 5.100377e+05
   92.4500 5.102103e+05
   92.4600 5.103833e+05
   92.4700 5.105568e+05
   92.4800 5.107308e+05
   92.4900 5.109052e+05
   92.5000 5.110800e+05
   92.5100 5.112554e+05
   92.5200 5.114311e+05
   92.5300 5.116074e+05
   92.5400 5.117840e+05
   92.5500 5.119612e+05
   92.5600 5.121387e+05
   92.5700 5.123168e+05
   92.5800 5.124953e+05
   92.5900 5.126742e+05
   92.6000 5.128536e+05
   92.6100 5.130334e+05
   92.6200 5.132137e+05
   92.6300 5.133944e+05
   92.6400 5.135756e+05
   92.6500 5.137572e+05
   92.6600 5.139393e+05
   92.6700 5.141219e+05
   92.6800 5.143048e+05
   92.6900 5.144883e+05
   92.7000 5.146721e+05
   92.7100 5.148564e+05
   92.7200 5.150412e+05
   92.7300 5.152264e+05
   92.7400 5.154120e+05
   92.7500 5.155981e+05
   92.7600 5.157847e+05
   92.7700 5.159717e+05
   92.7800 5.161591e+05
   92.7900 5.163470e+05
   92.8000 5.165353e+05
   92.8100 5.167240e+05
   92.8200 5.169132e+05
   92.8300 5.171028e+05
   92.8400 5.172929e+05
   92.8500 5.174834e+05
   92.8600 5.176744e+05
   92.8700 5.178658e+05
   92.8800 5.180576e+05
   92.8900 5.182499e+05
   92.9000 5.184426e+05
   92.9100 5.186357e+05
   92.9200 5.188293e+05
   92.9300 5.190233e+05
   92.9400 5.192178e+05
   92.9500 5.194126e+05
   92.9600 5.196080e+05
   92.9700 5.198037e+05
   92.9800 5.199999e+05
   92.9900 5.201965e+05
   93.0000 5.203936e+05
   93.0100 5.205911e+05
   93.0200 5.207890e+05
   93.0300 5.209874e+05
   93.0400 5.211862e+05
   93.0500 5.213854e+05
   93.0600 5.215850e+05
   93.0700 5.217851e+05
   93.0800 5.219856e+05
   93.0900 5.221866e+05
   93.1000 5.223879e+05
   93.1100 5.225897e+05
   93.1200 5.227920e+05
   93.1300 5.229946e+05
   93.1400 5.231977e+05
   93.1500 5.234012e+05
   93.1600 5.236051e+05
   93.1700 5.238095e+05
   93.1800 5.240143e+05
   93.1900 5.242195e+05
   93.2000 5.244251e+05
   93.2100 5.246312e+05
   93.2200 5.248377e+05
   93.2300 5.250446e+05
   93.2400 5.252519e+05
   93.2500 5.254597e+05
   93.2600 5.256679e+05
   93.2700 5.258765e+05
   93.2800 5.260855e+05
   93.2900 5.262949e+05
   93.3000 5.265048e+05
   93.3100 5.267151e+05
   93.3200 5.269258e+05
   93.3300 5.271369e+05
   93.3400 5.273484e+05
   93.3500 5.275604e+05
   93.3600 5.277728e+05
   93.3700 5.279856e+05
   93.3800 5.281988e+05
   93.3900 5.284124e+05
   93.4000 5.286265e+05
   93.4100 5.288409e+05
   93.4200 5.290558e+05
   93.4300 5.292711e+05
   93.4400 5.294868e+05
   93.4500 5.297029e+05
   93.4600 5.299194e+05
   93.4700 5.301364e+05
   93.4800 5.303538e+05
   93.4900 5.305715e+05
   93.5000 5.307897e+05
   93.5100 5.310083e+05
   93.5200 5.312273e+05
   93.5300 5.314467e+05
   93.5400 5.316666e+05
   93.5500 5.318868e+05
   93.5600 5.321074e+05
   93.5700 5.323285e+05
   93.5800 5.325500e+05
   93.5900 5.327718e+05
   93.6000 5.329941e+05
   93.6100 5.332168e+05
   93.6200 5.334399e+05
   93.6300 5.336634e+05
   93.6400 5.338873e+05
   93.6500 5.341116e+05
   93.6600 5.343363e+05
   93.6700 5.345614e+05
   93.6800 5.347870e+05
   93.6900 5.350129e+05
   93.7000 5.352392e+05
   93.7100 5.354660e+05
   93.7200 5.356931e+05
   93.7300 5.359207e+05
   93.7400 5.361486e+05
   93.7500 5.363769e+05
   93.7600 5.366057e+05
   93.7700 5.368348e+05
   93.7800 5.370644e+05
   93.7900 5.372943e+05
   93.8000 5.375247e+05
   93.8100 5.377554e+05
   93.8200 5.379865e+05
   93.8300 5.382181e+05
   93.8400 5.384500e+05
   93.8500 5.386824e+05
   93.8600 5.389151e+05
   93.8700 5.391482e+05
   93.8800 5.393817e+05
   93.8900 5.396156e+05
   93.9000 5.398500e+05
   93.9100 5.400847e+05
   93.9200 5.403198e+05
   93.9300 5.405552e+05
   93.9400 5.407911e+05
   93.9500 5.410274e+05
   93.9600 5.412641e+05
   93.9700 5.415011e+05
   93.9800 5.417386e+05
   93.9900 5.419764e+05
   94.0000 5.422147e+05
   94.0100 5.424533e+05
   94.0200 5.426923e+05
   94.0300 5.429317e+05
   94.0400 5.431715e+05
   94.0500 5.434117e+05
   94.0600 5.436523e+05
   94.0700 5.438932e+05
   94.0800 5.441346e+05
   94.0900 5.443763e+05
   94.1000 5.446184e+05
   94.1100 5.448609e+05
   94.1200 5.451038e+05
   94.1300 5.453471e+05
   94.1400 5.455907e+05
   94.1500 5.458348e+05
   94.1600 5.460792e+05
   94.1700 5.463240e+05
   94.1800 5.465692e+05
   94.1900 5.468148e+05
   94.2000 5.470607e+05
   94.2100 5.473070e+05
   94.2200 5.475538e+05
   94.2300 5.478009e+05
   94.2400 5.480483e+05
   94.2500 5.482962e+05
   94.2600 5.485444e+05
   94.2700 5.487930e+05
   94.2800 5.490420e+05
   94.2900 5.492914e+05
   94.3000 5.495412e+05
   94.3100 5.497913e+05
   94.3200 5.500418e+05
   94.3300 5.502927e+05
   94.3400 5.505439e+05
   94.3500 5.507956e+05
   94.3600 5.510476e+05
   94.3700 5.512999e+05
   94.3800 5.515527e+05
   94.3900 5.518058e+05
   94.4000 5.520593e+05
   94.4100 5.523132e+05
   94.4200 5.525675e+05
   94.4300 5.528221e+05
   94.4400 5.530771e+05
   94.4500 5.533324e+05
   94.4600 5.535882e+05
   94.4700 5.538443e+05
   94.4800 5.541007e+05
   94.4900 5.543576e+05
   94.5000 5.546148e+05
   94.5100 5.548724e+05
   94.5200 5.551303e+05
   94.5300 5.553886e+05
   94.5400 5.556473e+05
   94.5500 5.559064e+05
   94.5600 5.561658e+05
   94.5700 5.564256e+05
   94.5800 5.566857e+05
   94.5900 5.569462e+05
   94.6000 5.572071e+05
   94.6100 5.574683e+05
   94.6200 5.577300e+05
   94.6300 5.579919e+05
   94.6400 5.582543e+05
   94.6500 5.585170e+05
   94.6600 5.587800e+05
   94.6700 5.590434e+05
   94.6800 5.593072e+05
   94.6900 5.595713e+05
   94.7000 5.598358e+05
   94.7100 5.601007e+05
   94.7200 5.603659e+05
   94.7300 5.606315e+05
   94.7400 5.608975e+05
   94.7500 5.611637e+05
   94.7600 5.614304e+05
   94.7700 5.616974e+05
   94.7800 5.619648e+05
   94.7900 5.622325e+05
   94.8000 5.625006e+05
   94.8100 5.627690e+05
   94.8200 5.630378e+05
   94.8300 5.633070e+05
   94.8400 5.635765e+05
   94.8500 5.638463e+05
   94.8600 5.641165e+05
   94.8700 5.643871e+05
   94.8800 5.646580e+05
   94.8900 5.649293e+05
   94.9000 5.652009e+05
   94.9100 5.654729e+05
   94.9200 5.657452e+05
   94.9300 5.660179e+05
   94.9400 5.662909e+05
   94.9500 5.665643e+05
   94.9600 5.668380e+05
   94.9700 5.671121e+05
   94.9800 5.673865e+05
   94.9900 5.676612e+05
   95.0000 5.679363e+05
   95.0100 5.682118e+05
   95.0200 5.684876e+05
   95.0300 5.687638e+05
   95.0400 5.690403e+05
   95.0500 5.693171e+05
   95.0600 5.695943e+05
   95.0700 5.698718e+05
   95.0800 5.701497e+05
   95.0900 5.704279e+05
   95.1000 5.707065e+05
   95.1100 5.709854e+05
   95.1200 5.712647e+05
   95.1300 5.715443e+05
   95.1400 5.718242e+05
   95.1500 5.721045e+05
   95.1600 5.723851e+05
   95.1700 5.726660e+05
   95.1800 5.729473e+05
   95.1900 5.732290e+05
   95.2000 5.735109e+05
   95.2100 5.737933e+05
   95.2200 5.740759e+05
   95.2300 5.743589e+05
   95.2400 5.746422e+05
   95.2500 5.749259e+05
   95.2600 5.752099e+05
   95.2700 5.754942e+05
   95.2800 5.757789e+05
   95.2900 5.760639e+05
   95.3000 5.763492e+05
   95.3100 5.766349e+05
   95.3200 5.769209e+05
   95.3300 5.772073e+05
   95.3400 5.774939e+05
   95.3500 5.777809e+05
   95.3600 5.780683e+05
   95.3700 5.783559e+05
   95.3800 5.786439e+05
   95.3900 5.789323e+05
   95.4000 5.792209e+05
   95.4100 5.795099e+05
   95.4200 5.797993e+05
   95.4300 5.800889e+05
   95.4400 5.803789e+05
   95.4500 5.806692e+05
   95.4600 5.809598e+05
   95.4700 5.812508e+05
   95.4800 5.815421e+05
   95.4900 5.818337e+05
   95.5000 5.821256e+05
   95.5100 5.824179e+05
   95.5200 5.827105e+05
   95.5300 5.830034e+05
   95.5400 5.832967e+05
   95.5500 5.835902e+05
   95.5600 5.838841e+05
   95.5700 5.841783e+05
   95.5800 5.844729e+05
   95.5900 5.847677e+05
   95.6000 5.850629e+05
   95.6100 5.853584e+05
   95.6200 5.856542e+05
   95.6300 5.859504e+05
   95.6400 5.862468e+05
   95.6500 5.865436e+05
   95.6600 5.868407e+05
   95.6700 5.871381e+05
   95.6800 5.874359e+05
   95.6900 5.877339e+05
   95.7000 5.880323e+05
   95.7100 5.883310e+05
   95.7200 5.886300e+05
   95.7300 5.889293e+05
   95.7400 5.892289e+05
   95.7500 5.895289e+05
   95.7600 5.898292e+05
   95.7700 5.901297e+05
   95.7800 5.904306e+05
   95.7900 5.907319e+05
   95.8000 5.910334e+05
   95.8100 5.913352e+05
   95.8200 5.916374e+05
   95.8300 5.919398e+05
   95.8400 5.922426e+05
   95.8500 5.925457e+05
   95.8600 5.928491e+05
   95.8700 5.931528e+05
   95.8800 5.934568e+05
   95.8900 5.937611e+05
   95.9000 5.940657e+05
   95.9100 5.943707e+05
   95.9200 5.946759e+05
   95.9300 5.949815e+05
   95.9400 5.952873e+05
   95.9500 5.955935e+05
   95.9600 5.959000e+05
   95.9700 5.962068e+05
   95.9800 5.965139e+05
   95.9900 5.968212e+05
   96.0000 5.971289e+05
   96.0100 5.974369e+05
   96.0200 5.977452e+05
   96.0300 5.980539e+05
   96.0400 5.983628e+05
   96.0500 5.986720e+05
   96.0600 5.989815e+05
   96.0700 5.992913e+05
   96.0800 5.996014e+05
   96.0900 5.999118e+05
   96.1000 6.002226e+05
   96.1100 6.005336e+05
   96.1200 6.008449e+05
   96.1300 6.011565e+05
   96.1400 6.014684e+05
   96.1500 6.017806e+05
   96.1600 6.020931e+05
   96.1700 6.024060e+05
   96.1800 6.027191e+05
   96.1900 6.030325e+05
   96.2000 6.033462e+05
   96.2100 6.036602e+05
   96.2200 6.039744e+05
   96.2300 6.042890e+05
   96.2400 6.046039e+05
   96.2500 6.049191e+05
   96.2600 6.052345e+05
   96.2700 6.055503e+05
   96.2800 6.058663e+05
   96.2900 6.061827e+05
   96.3000 6.064993e+05
   96.3100 6.068162e+05
   96.3200 6.071335e+05
   96.3300 6.074510e+05
   96.3400 6.077688e+05
   96.3500 6.080868e+05
   96.3600 6.084052e+05
   96.3700 6.087239e+05
   96.3800 6.090428e+05
   96.3900 6.093621e+05
   96.4000 6.096816e+05
   96.4100 6.100014e+05
   96.4200 6.103215e+05
   96.4300 6.106419e+05
   96.4400 6.109626e+05
   96.4500 6.112835e+05
   96.4600 6.116048e+05
   96.4700 6.119263e+05
   96.4800 6.122481e+05
   96.4900 6.125702e+05
   96.5000 6.128926e+05
   96.5100 6.132152e+05
   96.5200 6.135382e+05
   96.5300 6.138614e+05
   96.5400 6.141849e+05
   96.5500 6.145087e+05
   96.5600 6.148327e+05
   96.5700 6.151571e+05
   96.5800 6.154817e+05
   96.5900 6.158066e+05
   96.6000 6.161318e+05
   96.6100 6.164573e+05
   96.6200 6.167830e+05
   96.6300 6.171090e+05
   96.6400 6.174353e+05
   96.6500 6.177619e+05
   96.6600 6.180887e+05
   96.6700 6.184158e+05
   96.6800 6.187432e+05
   96.6900 6.190709e+05
   96.7000 6.193989e+05
   96.7100 6.197271e+05
   96.7200 6.200556e+05
   96.7300 6.203843e+05
   96.7400 6.207134e+05
   96.7500 6.210427e+05
   96.7600 6.213723e+05
   96.7700 6.217021e+05
   96.7800 6.220323e+05
   96.7900 6.223627e+05
   96.8000 6.226933e+05
   96.8100 6.230243e+05
   96.8200 6.233555e+05
   96.8300 6.236870e+05
   96.8400 6.240187e+05
   96.8500 6.243507e+05
   96.8600 6.246830e+05
   96.8700 6.250155e+05
   96.8800 6.253484e+05
   96.8900 6.256814e+05
   96.9000 6.260148e+05
   96.9100 6.263484e+05
   96.9200 6.266823e+05
   96.9300 6.270164e+05
   96.9400 6.273508e+05
   96.9500 6.276855e+05
   96.9600 6.280204e+05
   96.9700 6.283556e+05
   96.9800 6.286911e+05
   96.9900 6.290268e+05
   97.0000 6.293628e+05
   97.0100 6.296990e+05
   97.0200 6.300355e+05
   97.0300 6.303723e+05
   97.0400 6.307093e+05
   97.0500 6.310466e+05
   97.0600 6.313841e+05
   97.0700 6.317219e+05
   97.0800 6.320600e+05
   97.0900 6.323983e+05
   97.1000 6.327369e+05
   97.1100 6.330757e+05
   97.1200 6.334148e+05
   97.1300 6.337542e+05
   97.1400 6.340938e+05
   97.1500 6.344336e+05
   97.1600 6.347737e+05
   97.1700 6.351141e+05
   97.1800 6.354547e+05
   97.1900 6.357956e+05
   97.2000 6.361367e+05
   97.2100 6.364781e+05
   97.2200 6.368197e+05
   97.2300 6.371616e+05
   97.2400 6.375037e+05
   97.2500 6.378461e+05
   97.2600 6.381887e+05
   97.2700 6.385316e+05
   97.2800 6.388747e+05
   97.2900 6.392181e+05
   97.3000 6.395617e+05
   97.3100 6.399056e+05
   97.3200 6.402497e+05
   97.3300 6.405941e+05
   97.3400 6.409387e+05
   97.3500 6.412836e+05
   97.3600 6.416287e+05
   97.3700 6.419741e+05
   97.3800 6.423197e+05
   97.3900 6.426655e+05
   97.4000 6.430116e+05
   97.4100 6.433580e+05
   97.4200 6.437045e+05
   97.4300 6.440514e+05
   97.4400 6.443984e+05
   97.4500 6.447457e+05
   97.4600 6.450933e+05
   97.4700 6.454411e+05
   97.4800 6.457891e+05
   97.4900 6.461374e+05
   97.5000 6.464859e+05
   97.5100 6.468347e+05
   97.5200 6.471836e+05
   97.5300 6.475329e+05
   97.5400 6.478823e+05
   97.5500 6.482321e+05
   97.5600 6.485820e+05
   97.5700 6.489322e+05
   97.5800 6.492826e+05
   97.5900 6.496333e+05
   97.6000 6.499841e+05
   97.6100 6.503353e+05
   97.6200 6.506866e+05
   97.6300 6.510382e+05
   97.6400 6.513901e+05
   97.6500 6.517421e+05
   97.6600 6.520944e+05
   97.6700 6.524469e+05
   97.6800 6.527997e+05
   97.6900 6.531527e+05
   97.7000 6.535059e+05
   97.7100 6.538594e+05
   97.7200 6.542131e+05
   97.7300 6.545670e+05
   97.7400 6.549211e+05
   97.7500 6.552755e+05
   97.7600 6.556301e+05
   97.7700 6.559849e+05
   97.7800 6.563400e+05
   97.7900 6.566953e+05
   97.8000 6.570508e+05
   97.8100 6.574066e+05
   97.8200 6.577625e+05
   97.8300 6.581187e+05
   97.8400 6.584751e+05
   97.8500 6.588318e+05
   97.8600 6.591887e+05
   97.8700 6.595458e+05
   97.8800 6.599031e+05
   97.8900 6.602606e+05
   97.9000 6.606184e+05
   97.9100 6.609764e+05
   97.9200 6.613346e+05
   97.9300 6.616930e+05
   97.9400 6.620517e+05
   97.9500 6.624105e+05
   97.9600 6.627696e+05
   97.9700 6.631289e+05
   97.9800 6.634885e+05
   97.9900 6.638482e+05
   98.0000 6.642082e+05
   98.0100 6.645684e+05
   98.0200 6.649288e+05
   98.0300 6.652894e+05
   98.0400 6.656503e+05
   98.0500 6.660113e+05
   98.0600 6.663726e+05
   98.0700 6.667341e+05
   98.0800 6.670958e+05
   98.0900 6.674577e+05
   98.1000 6.678198e+05
   98.1100 6.681822e+05
   98.1200 6.685447e+05
   98.1300 6.689075e+05
   98.1400 6.692705e+05
   98.1500 6.696337e+05
   98.1600 6.699971e+05
   98.1700 6.703607e+05
   98.1800 6.707246e+05
   98.1900 6.710886e+05
   98.2000 6.714529e+05
   98.2100 6.718173e+05
   98.2200 6.721820e+05
   98.2300 6.725469e+05
   98.2400 6.729120e+05
   98.2500 6.732773e+05
   98.2600 6.736428e+05
   98.2700 6.740085e+05
   98.2800 6.743744e+05
   98.2900 6.747405e+05
   98.3000 6.751068e+05
   98.3100 6.754734e+05
   98.3200 6.758401e+05
   98.3300 6.762071e+05
   98.3400 6.765742e+05
   98.3500 6.769416e+05
   98.3600 6.773091e+05
   98.3700 6.776769e+05
   98.3800 6.780448e+05
   98.3900 6.784130e+05
   98.4000 6.787814e+05
   98.4100 6.791499e+05
   98.4200 6.795187e+05
   98.4300 6.798877e+05
   98.4400 6.802568e+05
   98.4500 6.806262e+05
   98.4600 6.809957e+05
   98.4700 6.813655e+05
   98.4800 6.817355e+05
   98.4900 6.821056e+05
   98.5000 6.824760e+05
   98.5100 6.828465e+05
   98.5200 6.832173e+05
   98.5300 6.835882e+05
   98.5400 6.839594e+05
   98.5500 6.843307e+05
   98.5600 6.847022e+05
   98.5700 6.850739e+05
   98.5800 6.854459e+05
   98.5900 6.858180e+05
   98.6000 6.861903e+05
   98.6100 6.865628e+05
   98.6200 6.869354e+05
   98.6300 6.873083e+05
   98.6400 6.876814e+05
   98.6500 6.880547e+05
   98.6600 6.884281e+05
   98.6700 6.888017e+05
   98.6800 6.891756e+05
   98.6900 6.895496e+05
   98.7000 6.899238e+05
   98.7100 6.902982e+05
   98.7200 6.906728e+05
   98.7300 6.910475e+05
   98.7400 6.914225e+05
   98.7500 6.917976e+05
   98.7600 6.921730e+05
   98.7700 6.925485e+05
   98.7800 6.929242e+05
   98.7900 6.933001e+05
   98.8000 6.936761e+05
   98.8100 6.940524e+05
   98.8200 6.944288e+05
   98.8300 6.948054e+05
   98.8400 6.951822e+05
   98.8500 6.955592e+05
   98.8600 6.959364e+05
   98.8700 6.963137e+05
   98.8800 6.966913e+05
   98.8900 6.970690e+05
   98.9000 6.974469e+05
   98.9100 6.978249e+05
   98.9200 6.982032e+05
   98.9300 6.985816e+05
   98.9400 6.989602e+05
   98.9500 6.993390e+05
   98.9600 6.997179e+05
   98.9700 7.000971e+05
   98.9800 7.004764e+05
   98.9900 7.008559e+05
   99.0000 7.012355e+05
   99.0100 7.016154e+05
   99.0200 7.019954e+05
   99.0300 7.023756e+05
   99.0400 7.027559e+05
   99.0500 7.031365e+05
   99.0600 7.035172e+05
   99.0700 7.038980e+05
   99.0800 7.042791e+05
   99.0900 7.046603e+05
   99.1000 7.050417e+05
   99.1100 7.054233e+05
   99.1200 7.058050e+05
   99.1300 7.061869e+05
   99.1400 7.065690e+05
   99.1500 7.069513e+05
   99.1600 7.073337e+05
   99.1700 7.077163e+05
   99.1800 7.080990e+05
   99.1900 7.084819e+05
   99.2000 7.088650e+05
   99.2100 7.092483e+05
   99.2200 7.096317e+05
   99.2300 7.100153e+05
   99.2400 7.103990e+05
   99.2500 7.107829e+05
   99.2600 7.111670e+05
   99.2700 7.115512e+05
   99.2800 7.119357e+05
   99.2900 7.123202e+05
   99.3000 7.127050e+05
   99.3100 7.130899e+05
   99.3200 7.134749e+05
   99.3300 7.138601e+05
   99.3400 7.142455e+05
   99.3500 7.146310e+05
   99.3600 7.150167e+05
   99.3700 7.154026e+05
   99.3800 7.157886e+05
   99.3900 7.161748e+05
   99.4000 7.165611e+05
   99.4100 7.169476e+05
   99.4200 7.173343e+05
   99.4300 7.177211e+05
   99.4400 7.181081e+05
   99.4500 7.184952e+05
   99.4600 7.188825e+05
   99.4700 7.192699e+05
   99.4800 7.196575e+05
   99.4900 7.200452e+05
   99.5000 7.204331e+05
   99.5100 7.208212e+05
   99.5200 7.212094e+05
   99.5300 7.215977e+05
   99.5400 7.219863e+05
   99.5500 7.223749e+05
   99.5600 7.227637e+05
   99.5700 7.231527e+05
   99.5800 7.235418e+05
   99.5900 7.239311e+05
   99.6000 7.243205e+05
   99.6100 7.247101e+05
   99.6200 7.250998e+05
   99.6300 7.254896e+05
   99.6400 7.258796e+05
   99.6500 7.262698e+05
   99.6600 7.266601e+05
   99.6700 7.270506e+05
   99.6800 7.274412e+05
   99.6900 7.278319e+05
   99.7000 7.282228e+05
   99.7100 7.286138e+05
   99.7200 7.290050e+05
   99.7300 7.293963e+05
   99.7400 7.297878e+05
   99.7500 7.301794e+05
   99.7600 7.305712e+05
   99.7700 7.309631e+05
   99.7800 7.313551e+05
   99.7900 7.317473e+05
   99.8000 7.321396e+05
   99.8100 7.325321e+05
   99.8200 7.329247e+05
   99.8300 7.333174e+05
   99.8400 7.337103e+05
   99.8500 7.341033e+05
   99.8600 7.344965e+05
   99.8700 7.348898e+05
   99.8800 7.352832e+05
   99.8900 7.356768e+05
   99.9000 7.360705e+05
   99.9100 7.364644e+05
   99.9200 7.368584e+05
   99.9300 7.372525e+05
   99.9400 7.376467e+05
   99.9500 7.380411e+05
   99.9600 7.384356e+05
   99.9700 7.388303e+05
   99.9800 7.392251e+05
   99.9900 7.396200e+05
  100.0000 7.400151e+05
  100.0100 7.404103e+05
  100.0200 7.408056e+05
  100.0300 7.412010e+05
  100.0400 7.415966e+05
  100.0500 7.419923e+05
  100.0600 7.423882e+05
  100.0700 7.427842e+05
  100.0800 7.431803e+05
  100.0900 7.435765e+05
  100.1000 7.439729e+05
  100.1100 7.443694e+05
  100.1200 7.447660e+05
  100.1300 7.451627e+05
  100.1400 7.455596e+05
  100.1500 7.459566e+05
  100.1600 7.463537e+05
  100.1700 7.467510e+05
  100.1800 7.471483e+05
  100.1900 7.475458e+05
  100.2000 7.479435e+05
  100.2100 7.483412e+05
  100.2200 7.487391e+05
  100.2300 7.491371e+05
  100.2400 7.495352e+05
  100.2500 7.499334e+05
  100.2600 7.503318e+05
  100.2700 7.507302e+05
  100.2800 7.511288e+05
  100.2900 7.515276e+05
  100.3000 7.519264e+05
  100.3100 7.523254e+05
  100.3200 7.527244e+05
  100.3300 7.531236e+05
  100.3400 7.535229e+05
  100.3500 7.539224e+05
  100.3600 7.543219e+05
  100.3700 7.547216e+05
  100.3800 7.551214e+05
  100.3900 7.555213e+05
  100.4000 7.559213e+05
  100.4100 7.563214e+05
  100.4200 7.567217e+05
  100.4300 7.571220e+05
  100.4400 7.575225e+05
  100.4500 7.579231e+05
  100.4600 7.583238e+05
  100.4700 7.587246e+05
  100.4800 7.591255e+05
  100.4900 7.595265e+05
  100.5000 7.599277e+05
  100.5100 7.603289e+05
  100.5200 7.607303e+05
  100.5300 7.611318e+05
  100.5400 7.615334e+05
  100.5500 7.619351e+05
  100.5600 7.623369e+05
  100.5700 7.627388e+05
  100.5800 7.631408e+05
  100.5900 7.635429e+05
  100.6000 7.639451e+05
  100.6100 7.643475e+05
  100.6200 7.647499e+05
  100.6300 7.651525e+05
  100.6400 7.655551e+05
  100.6500 7.659579e+05
  100.6600 7.663608e+05
  100.6700 7.667637e+05
  100.6800 7.671668e+05
  100.6900 7.675700e+05
  100.7000 7.679733e+05
  100.7100 7.683766e+05
  100.7200 7.687801e+05
  100.7300 7.691837e+05
  100.7400 7.695874e+05
  100.7500 7.699912e+05
  100.7600 7.703951e+05
  100.7700 7.707990e+05
  100.7800 7.712031e+05
  100.7900 7.716073e+05
  100.8000 7.720116e+05
  100.8100 7.724160e+05
  100.8200 7.728205e+05
  100.8300 7.732250e+05
  100.8400 7.736297e+05
  100.8500 7.740345e+05
  100.8600 7.744393e+05
  100.8700 7.748443e+05
  100.8800 7.752493e+05
  100.8900 7.756545e+05
  100.9000 7.760597e+05
  100.9100 7.764651e+05
  100.9200 7.768705e+05
  100.9300 7.772760e+05
  100.9400 7.776816e+05
  100.9500 7.780873e+05
  100.9600 7.784931e+05
  100.9700 7.788990e+05
  100.9800 7.793050e+05
  100.9900 7.797110e+05
  101.0000 7.801172e+05
  101.0100 7.805234e+05
  101.0200 7.809298e+05
  101.0300 7.813362e+05
  101.0400 7.817427e+05
  101.0500 7.821493e+05
  101.0600 7.825560e+05
  101.0700 7.829628e+05
  101.0800 7.833696e+05
  101.0900 7.837766e+05
  101.1000 7.841836e+05
  101.1100 7.845907e+05
  101.1200 7.849979e+05
  101.1300 7.854052e+05
  101.1400 7.858126e+05
  101.1500 7.862200e+05
  101.1600 7.866276e+05
  101.1700 7.870352e+05
  101.1800 7.874429e+05
  101.1900 7.878507e+05
  101.2000 7.882585e+05
  101.2100 7.886665e+05
  101.2200 7.890745e+05
  101.2300 7.894826e+05
  101.2400 7.898908e+05
  101.2500 7.902990e+05
  101.2600 7.907074e+05
  101.2700 7.911158e+05
  101.2800 7.915243e+05
  101.2900 7.919329e+05
  101.3000 7.923415e+05
  101.3100 7.927502e+05
  101.3200 7.931590e+05
  101.3300 7.935679e+05
  101.3400 7.939769e+05
  101.3500 7.943859e+05
  101.3600 7.947950e+05
  101.3700 7.952042e+05
  101.3800 7.956134e+05
  101.3900 7.960227e+05
  101.4000 7.964321e+05
  101.4100 7.968416e+05
  101.4200 7.972511e+05
  101.4300 7.976607e+05
  101.4400 7.980704e+05
  101.4500 7.984802e+05
  101.4600 7.988900e+05
  101.4700 7.992999e+05
  101.4800 7.997098e+05
  101.4900 8.001199e+05
  101.5000 8.005299e+05
  101.5100 8.009401e+05
  101.5200 8.013503e+05
  101.5300 8.017606e+05
  101.5400 8.021710e+05
  101.5500 8.025814e+05
  101.5600 8.029919e+05
  101.5700 8.034025e+05
  101.5800 8.038131e+05
  101.5900 8.042238e+05
  101.6000 8.046346e+05
  101.6100 8.050454e+05
  101.6200 8.054563e+05
  101.6300 8.058672e+05
  101.6400 8.062782e+05
  101.6500 8.066893e+05
  101.6600 8.071004e+05
  101.6700 8.075116e+05
  101.6800 8.079228e+05
  101.6900 8.083341e+05
  101.7000 8.087455e+05
  101.7100 8.091569e+05
  101.7200 8.095684e+05
  101.7300 8.099800e+05
  101.7400 8.103916e+05
  101.7500 8.108032e+05
  101.7600 8.112150e+05
  101.7700 8.116267e+05
  101.7800 8.120386e+05
  101.7900 8.124505e+05
  101.8000 8.128624e+05
  101.8100 8.132744e+05
  101.8200 8.136864e+05
  101.8300 8.140986e+05
  101.8400 8.145107e+05
  101.8500 8.149229e+05
  101.8600 8.153352e+05
  101.8700 8.157475e+05
  101.8800 8.161599e+05
  101.8900 8.165723e+05
  101.9000 8.169848e+05
  101.9100 8.173973e+05
  101.9200 8.178099e+05
  101.9300 8.182225e+05
  101.9400 8.186352e+05
  101.9500 8.190479e+05
  101.9600 8.194607e+05
  101.9700 8.198735e+05
  101.9800 8.202863e+05
  101.9900 8.206992e+05
  102.0000 8.211122e+05
  102.0100 8.215252e+05
  102.0200 8.219383e+05
  102.0300 8.223514e+05
  102.0400 8.227645e+05
  102.0500 8.231777e+05
  102.0600 8.235909e+05
  102.0700 8.240042e+05
  102.0800 8.244175e+05
  102.0900 8.248309e+05
  102.1000 8.252443e+05
  102.1100 8.256577e+05
  102.1200 8.260712e+05
  102.1300 8.264847e+05
  102.1400 8.268983e+05
  102.1500 8.273119e+05
  102.1600 8.277256e+05
  102.1700 8.281392e+05
  102.1800 8.285530e+05
  102.1900 8.289667e+05
  102.2000 8.293805e+05
  102.2100 8.297944e+05
  102.2200 8.302083e+05
  102.2300 8.306222e+05
  102.2400 8.310361e+05
  102.2500 8.314501e+05
  102.2600 8.318641e+05
  102.2700 8.322782e+05
  102.2800 8.326923e+05
  102.2900 8.331064e+05
  102.3000 8.335206e+05
  102.3100 8.339348e+05
  102.3200 8.343490e+05
  102.3300 8.347633e+05
  102.3400 8.351776e+05
  102.3500 8.355919e+05
  102.3600 8.360062e+05
  102.3700 8.364206e+05
  102.3800 8.368350e+05
  102.3900 8.372495e+05
  102.4000 8.376640e+05
  102.4100 8.380785e+05
  102.4200 8.384930e+05
  102.4300 8.389076e+05
  102.4400 8.393222e+05
  102.4500 8.397368e+05
  102.4600 8.401514e+05
  102.4700 8.405661e+05
  102.4800 8.409808e+05
  102.4900 8.413955e+05
  102.5000 8.418103e+05
  102.5100 8.422250e+05
  102.5200 8.426398e+05
  102.5300 8.430547e+05
  102.5400 8.434695e+05
  102.5500 8.438844e+05
  102.5600 8.442993e+05
  102.5700 8.447142e+05
  102.5800 8.451291e+05
  102.5900 8.455441e+05
  102.6000 8.459591e+05
  102.6100 8.463741e+05
  102.6200 8.467891e+05
  102.6300 8.472041e+05
  102.6400 8.476192e+05
  102.6500 8.480342e+05
  102.6600 8.484493e+05
  102.6700 8.488645e+05
  102.6800 8.492796e+05
  102.6900 8.496947e+05
  102.7000 8.501099e+05
  102.7100 8.505251e+05
  102.7200 8.509403e+05
  102.7300 8.513555e+05
  102.7400 8.517707e+05
  102.7500 8.521859e+05
  102.7600 8.526012e+05
  102.7700 8.530165e+05
  102.7800 8.534318e+05
  102.7900 8.538470e+05
  102.8000 8.542624e+05
  102.8100 8.546777e+05
  102.8200 8.550930e+05
  102.8300 8.555083e+05
  102.8400 8.559237e+05
  102.8500 8.563391e+05
  102.8600 8.567544e+05
  102.8700 8.571698e+05
  102.8800 8.575852e+05
  102.8900 8.580006e+05
  102.9000 8.584160e+05
  102.9100 8.588314e+05
  102.9200 8.592468e+05
  102.9300 8.596623e+05
  102.9400 8.600777e+05
  102.9500 8.604932e+05
  102.9600 8.609086e+05
  102.9700 8.613241e+05
  102.9800 8.617395e+05
  102.9900 8.621550e+05
  103.0000 8.625704e+05
  103.0100 8.629859e+05
  103.0200 8.634014e+05
  103.0300 8.638168e+05
  103.0400 8.642323e+05
  103.0500 8.646478e+05
  103.0600 8.650633e+05
  103.0700 8.654788e+05
  103.0800 8.658942e+05
  103.0900 8.663097e+05
  103.1000 8.667252e+05
  103.1100 8.671407e+05
  103.1200 8.675561e+05
  103.1300 8.679716e+05
  103.1400 8.683871e+05
  103.1500 8.688026e+05
  103.1600 8.692180e+05
  103.1700 8.696335e+05
  103.1800 8.700489e+05
  103.1900 8.704644e+05
  103.2000 8.708799e+05
  103.2100 8.712953e+05
  103.2200 8.717107e+05
  103.2300 8.721262e+05
  103.2400 8.725416e+05
  103.2500 8.729570e+05
  103.2600 8.733724e+05
  103.2700 8.737878e+05
  103.2800 8.742032e+05
  103.2900 8.746186e+05
  103.3000 8.750340e+05
  103.3100 8.754494e+05
  103.3200 8.758647e+05
  103.3300 8.762801e+05
  103.3400 8.766954e+05
  103.3500 8.771107e+05
  103.3600 8.775260e+05
  103.3700 8.779413e+05
  103.3800 8.783566e+05
  103.3900 8.787719e+05
  103.4000 8.791872e+05
  103.4100 8.796024e+05
  103.4200 8.800177e+05
  103.4300 8.804329e+05
  103.4400 8.808481e+05
  103.4500 8.812633e+05
  103.4600 8.816785e+05
  103.4700 8.820936e+05
  103.4800 8.825088e+05
  103.4900 8.829239e+05
  103.5000 8.833390e+05
  103.5100 8.837541e+05
  103.5200 8.841691e+05
  103.5300 8.845842e+05
  103.5400 8.849992e+05
  103.5500 8.854142e+05
  103.5600 8.858292e+05
  103.5700 8.862442e+05
  103.5800 8.866591e+05
  103.5900 8.870741e+05
  103.6000 8.874890e+05
  103.6100 8.879039e+05
  103.6200 8.883187e+05
  103.6300 8.887335e+05
  103.6400 8.891484e+05
  103.6500 8.895631e+05
  103.6600 8.899779e+05
  103.6700 8.903927e+05
  103.6800 8.908074e+05
  103.6900 8.912221e+05
  103.7000 8.916367e+05
  103.7100 8.920514e+05
  103.7200 8.924660e+05
  103.7300 8.928805e+05
  103.7400 8.932951e+05
  103.7500 8.937096e+05
  103.7600 8.941241e+05
  103.7700 8.945386e+05
  103.7800 8.949530e+05
  103.7900 8.953674e+05
  103.8000 8.957818e+05
  103.8100 8.961961e+05
  103.8200 8.966104e+05
  103.8300 8.970247e+05
  103.8400 8.974390e+05
  103.8500 8.978532e+05
  103.8600 8.982674e+05
  103.8700 8.986815e+05
  103.8800 8.990956e+05
  103.8900 8.995097e+05
  103.9000 8.999238e+05
  103.9100 9.003378e+05
  103.9200 9.007517e+05
  103.9300 9.011657e+05
  103.9400 9.015796e+05
  103.9500 9.019935e+05
  103.9600 9.024073e+05
  103.9700 9.028211e+05
  103.9800 9.032348e+05
  103.9900 9.036485e+05
  104.0000 9.040622e+05
  104.0100 9.044758e+05
  104.0200 9.048894e+05
  104.0300 9.053030e+05
  104.0400 9.057165e+05
  104.0500 9.061300e+05
  104.0600 9.065434e+05
  104.0700 9.069568e+05
  104.0800 9.073701e+05
  104.0900 9.077834e+05
  104.1000 9.081967e+05
  104.1100 9.086099e+05
  104.1200 9.090231e+05
  104.1300 9.094362e+05
  104.1400 9.098493e+05
  104.1500 9.102623e+05
  104.1600 9.106753e+05
  104.1700 9.110882e+05
  104.1800 9.115011e+05
  104.1900 9.119140e+05
  104.2000 9.123268e+05
  104.2100 9.127395e+05
  104.2200 9.131522e+05
  104.2300 9.135649e+05
  104.2400 9.139775e+05
  104.2500 9.143900e+05
  104.2600 9.148025e+05
  104.2700 9.152150e+05
  104.2800 9.156274e+05
  104.2900 9.160397e+05
  104.3000 9.164520e+05
  104.3100 9.168643e+05
  104.3200 9.172765e+05
  104.3300 9.176886e+05
  104.3400 9.181007e+05
  104.3500 9.185127e+05
  104.3600 9.189247e+05
  104.3700 9.193366e+05
  104.3800 9.197485e+05
  104.3900 9.201603e+05
  104.4000 9.205721e+05
  104.4100 9.209838e+05
  104.4200 9.213954e+05
  104.4300 9.218070e+05
  104.4400 9.222185e+05
  104.4500 9.226300e+05
  104.4600 9.230414e+05
  104.4700 9.234527e+05
  104.4800 9.238640e+05
  104.4900 9.242752e+05
  104.5000 9.246864e+05
  104.5100 9.250975e+05
  104.5200 9.255085e+05
  104.5300 9.259195e+05
  104.5400 9.263304e+05
  104.5500 9.267413e+05
  104.5600 9.271521e+05
  104.5700 9.275628e+05
  104.5800 9.279735e+05
  104.5900 9.283841e+05
  104.6000 9.287946e+05
  104.6100 9.292051e+05
  104.6200 9.296155e+05
  104.6300 9.300258e+05
  104.6400 9.304361e+05
  104.6500 9.308463e+05
  104.6600 9.312565e+05
  104.6700 9.316665e+05
  104.6800 9.320765e+05
  104.6900 9.324865e+05
  104.7000 9.328963e+05
  104.7100 9.333061e+05
  104.7200 9.337158e+05
  104.7300 9.341255e+05
  104.7400 9.345351e+05
  104.7500 9.349446e+05
  104.7600 9.353540e+05
  104.7700 9.357634e+05
  104.7800 9.361727e+05
  104.7900 9.365819e+05
  104.8000 9.369910e+05
  104.8100 9.374001e+05
  104.8200 9.378091e+05
  104.8300 9.382180e+05
  104.8400 9.386269e+05
  104.8500 9.390356e+05
  104.8600 9.394443e+05
  104.8700 9.398530e+05
  104.8800 9.402615e+05
  104.8900 9.406700e+05
  104.9000 9.410784e+05
  104.9100 9.414867e+05
  104.9200 9.418949e+05
  104.9300 9.423030e+05
  104.9400 9.427111e+05
  104.9500 9.431191e+05
  104.9600 9.435270e+05
  104.9700 9.439348e+05
  104.9800 9.443426e+05
  104.9900 9.447503e+05
  105.0000 9.451578e+05
  105.0100 9.455654e+05
  105.0200 9.459728e+05
  105.0300 9.463801e+05
  105.0400 9.467874e+05
  105.0500 9.471945e+05
  105.0600 9.476016e+05
  105.0700 9.480086e+05
  105.0800 9.484155e+05
  105.0900 9.488223e+05
  105.1000 9.492291e+05
  105.1100 9.496357e+05
  105.1200 9.500423e+05
  105.1300 9.504488e+05
  105.1400 9.508552e+05
  105.1500 9.512615e+05
  105.1600 9.516677e+05
  105.1700 9.520738e+05
  105.1800 9.524798e+05
  105.1900 9.528858e+05
  105.2000 9.532916e+05
  105.2100 9.536974e+05
  105.2200 9.541031e+05
  105.2300 9.545086e+05
  105.2400 9.549141e+05
  105.2500 9.553195e+05
  105.2600 9.557248e+05
  105.2700 9.561300e+05
  105.2800 9.565351e+05
  105.2900 9.569401e+05
  105.3000 9.573451e+05
  105.3100 9.577499e+05
  105.3200 9.581546e+05
  105.3300 9.585592e+05
  105.3400 9.589638e+05
  105.3500 9.593682e+05
  105.3600 9.597726e+05
  105.3700 9.601768e+05
  105.3800 9.605810e+05
  105.3900 9.609850e+05
  105.4000 9.613889e+05
  105.4100 9.617928e+05
  105.4200 9.621965e+05
  105.4300 9.626002e+05
  105.4400 9.630037e+05
  105.4500 9.634072e+05
  105.4600 9.638105e+05
  105.4700 9.642138e+05
  105.4800 9.646169e+05
  105.4900 9.650199e+05
  105.5000 9.654229e+05
  105.5100 9.658257e+05
  105.5200 9.662284e+05
  105.5300 9.666310e+05
  105.5400 9.670335e+05
  105.5500 9.674359e+05
  105.5600 9.678382e+05
  105.5700 9.682404e+05
  105.5800 9.686425e+05
  105.5900 9.690445e+05
  105.6000 9.694464e+05
  105.6100 9.698481e+05
  105.6200 9.702498e+05
  105.6300 9.706513e+05
  105.6400 9.710527e+05
  105.6500 9.714541e+05
  105.6600 9.718553e+05
  105.6700 9.722564e+05
  105.6800 9.726574e+05
  105.6900 9.730583e+05
  105.7000 9.734590e+05
  105.7100 9.738597e+05
  105.7200 9.742602e+05
  105.7300 9.746606e+05
  105.7400 9.750610e+05
  105.7500 9.754612e+05
  105.7600 9.758612e+05
  105.7700 9.762612e+05
  105.7800 9.766611e+05
  105.7900 9.770608e+05
  105.8000 9.774604e+05
  105.8100 9.778599e+05
  105.8200 9.782593e+05
  105.8300 9.786586e+05
  105.8400 9.790577e+05
  105.8500 9.794568e+05
  105.8600 9.798557e+05
  105.8700 9.802545e+05
  105.8800 9.806531e+05
  105.8900 9.810517e+05
  105.9000 9.814501e+05
  105.9100 9.818484e+05
  105.9200 9.822466e+05
  105.9300 9.826447e+05
  105.9400 9.830426e+05
  105.9500 9.834405e+05
  105.9600 9.838381e+05
  105.9700 9.842357e+05
  105.9800 9.846332e+05
  105.9900 9.850305e+05
  106.0000 9.854277e+05
  106.0100 9.858248e+05
  106.0200 9.862217e+05
  106.0300 9.866185e+05
  106.0400 9.870152e+05
  106.0500 9.874118e+05
  106.0600 9.878082e+05
  106.0700 9.882046e+05
  106.0800 9.886007e+05
  106.0900 9.889968e+05
  106.1000 9.893927e+05
  106.1100 9.897885e+05
  106.1200 9.901842e+05
  106.1300 9.905797e+05
  106.1400 9.909751e+05
  106.1500 9.913704e+05
  106.1600 9.917655e+05
  106.1700 9.921605e+05
  106.1800 9.925554e+05
  106.1900 9.929502e+05
  106.2000 9.933448e+05
  106.2100 9.937392e+05
  106.2200 9.941336e+05
  106.2300 9.945278e+05
  106.2400 9.949218e+05
  106.2500 9.953158e+05
  106.2600 9.957096e+05
  106.2700 9.961032e+05
  106.2800 9.964968e+05
  106.2900 9.968901e+05
  106.3000 9.972834e+05
  106.3100 9.976765e+05
  106.3200 9.980695e+05
  106.3300 9.984623e+05
  106.3400 9.988550e+05
  106.3500 9.992475e+05
  106.3600 9.996399e+05
  106.3700 1.000032e+06
  106.3800 1.000424e+06
  106.3900 1.000816e+06
  106.4000 1.001208e+06
  106.4100 1.001600e+06
  106.4200 1.001991e+06
  106.4300 1.002383e+06
  106.4400 1.002774e+06
  106.4500 1.003165e+06
  106.4600 1.003556e+06
  106.4700 1.003947e+06
  106.4800 1.004338e+06
  106.4900 1.004728e+06
  106.5000 1.005119e+06
  106.5100 1.005509e+06
  106.5200 1.005899e+06
  106.5300 1.006289e+06
  106.5400 1.006679e+06
  106.5500 1.007068e+06
  106.5600 1.007458e+06
  106.5700 1.007847e+06
  106.5800 1.008237e+06
  106.5900 1.008626e+06
  106.6000 1.009014e+06
  106.6100 1.009403e+06
  106.6200 1.009792e+06
  106.6300 1.010180e+06
  106.6400 1.010569e+06
  106.6500 1.010957e+06
  106.6600 1.011345e+06
  106.6700 1.011733e+06
  106.6800 1.012120e+06
  106.6900 1.012508e+06
  106.7000 1.012895e+06
  106.7100 1.013282e+06
  106.7200 1.013669e+06
  106.7300 1.014056e+06
  106.7400 1.014443e+06
  106.7500 1.014830e+06
  106.7600 1.015216e+06
  106.7700 1.015602e+06
  106.7800 1.015989e+06
  106.7900 1.016374e+06
  106.8000 1.016760e+06
  106.8100 1.017146e+06
  106.8200 1.017531e+06
  106.8300 1.017917e+06
  106.8400 1.018302e+06
  106.8500 1.018687e+06
  106.8600 1.019072e+06
  106.8700 1.019456e+06
  106.8800 1.019841e+06
  106.8900 1.020225e+06
  106.9000 1.020609e+06
  106.9100 1.020993e+06
  106.9200 1.021377e+06
  106.9300 1.021761e+06
  106.9400 1.022144e+06
  106.9500 1.022528e+06
  106.9600 1.022911e+06
  106.9700 1.023294e+06
  106.9800 1.023677e+06
  106.9900 1.024060e+06
  107.0000 1.024442e+06
  107.0100 1.024824e+06
  107.0200 1.025207e+06
  107.0300 1.025589e+06
  107.0400 1.025970e+06
  107.0500 1.026352e+06
  107.0600 1.026734e+06
  107.0700 1.027115e+06
  107.0800 1.027496e+06
  107.0900 1.027877e+06
  107.1000 1.028258e+06
  107.1100 1.028639e+06
  107.1200 1.029019e+06
  107.1300 1.029399e+06
  107.1400 1.029779e+06
  107.1500 1.030159e+06
  107.1600 1.030539e+06
  107.1700 1.030919e+06
  107.1800 1.031298e+06
  107.1900 1.031677e+06
  107.2000 1.032056e+06
  107.2100 1.032435e+06
  107.2200 1.032814e+06
  107.2300 1.033193e+06
  107.2400 1.033571e+06
  107.2500 1.033949e+06
  107.2600 1.034327e+06
  107.2700 1.034705e+06
  107.2800 1.035083e+06
  107.2900 1.035460e+06
  107.3000 1.035837e+06
  107.3100 1.036214e+06
  107.3200 1.036591e+06
  107.3300 1.036968e+06
  107.3400 1.037345e+06
  107.3500 1.037721e+06
  107.3600 1.038097e+06
  107.3700 1.038473e+06
  107.3800 1.038849e+06
  107.3900 1.039225e+06
  107.4000 1.039600e+06
  107.4100 1.039975e+06
  107.4200 1.040350e+06
  107.4300 1.040725e+06
  107.4400 1.041100e+06
  107.4500 1.041474e+06
  107.4600 1.041849e+06
  107.4700 1.042223e+06
  107.4800 1.042597e+06
  107.4900 1.042971e+06
  107.5000 1.043344e+06
  107.5100 1.043718e+06
  107.5200 1.044091e+06
  107.5300 1.044464e+06
  107.5400 1.044837e+06
  107.5500 1.045209e+06
  107.5600 1.045582e+06
  107.5700 1.045954e+06
  107.5800 1.046326e+06
  107.5900 1.046698e+06
  107.6000 1.047069e+06
  107.6100 1.047441e+06
  107.6200 1.047812e+06
  107.6300 1.048183e+06
  107.6400 1.048554e+06
  107.6500 1.048925e+06
  107.6600 1.049295e+06
  107.6700 1.049665e+06
  107.6800 1.050035e+06
  107.6900 1.050405e+06
  107.7000 1.050775e+06
  107.7100 1.051145e+06
  107.7200 1.051514e+06
  107.7300 1.051883e+06
  107.7400 1.052252e+06
  107.7500 1.052620e+06
  107.7600 1.052989e+06
  107.7700 1.053357e+06
  107.7800 1.053725e+06
  107.7900 1.054093e+06
  107.8000 1.054461e+06
  107.8100 1.054828e+06
  107.8200 1.055196e+06
  107.8300 1.055563e+06
  107.8400 1.055930e+06
  107.8500 1.056296e+06
  107.8600 1.056663e+06
  107.8700 1.057029e+06
  107.8800 1.057395e+06
  107.8900 1.057761e+06
  107.9000 1.058126e+06
  107.9100 1.058492e+06
  107.9200 1.058857e+06
  107.9300 1.059222e+06
  107.9400 1.059587e+06
  107.9500 1.059952e+06
  107.9600 1.060316e+06
  107.9700 1.060680e+06
  107.9800 1.061044e+06
  107.9900 1.061408e+06
  108.0000 1.061771e+06
  108.0100 1.062135e+06
  108.0200 1.062498e+06
  108.0300 1.062861e+06
  108.0400 1.063223e+06
  108.0500 1.063586e+06
  108.0600 1.063948e+06
  108.0700 1.064310e+06
  108.0800 1.064672e+06
  108.0900 1.065034e+06
  108.1000 1.065395e+06
  108.1100 1.065756e+06
  108.1200 1.066117e+06
  108.1300 1.066478e+06
  108.1400 1.066838e+06
  108.1500 1.067199e+06
  108.1600 1.067559e+06
  108.1700 1.067919e+06
  108.1800 1.068278e+06
  108.1900 1.068638e+06
  108.2000 1.068997e+06
  108.2100 1.069356e+06
  108.2200 1.069715e+06
  108.2300 1.070073e+06
  108.2400 1.070432e+06
  108.2500 1.070790e+06
  108.2600 1.071148e+06
  108.2700 1.071506e+06
  108.2800 1.071863e+06
  108.2900 1.072220e+06
  108.3000 1.072577e+06
  108.3100 1.072934e+06
  108.3200 1.073291e+06
  108.3300 1.073647e+06
  108.3400 1.074003e+06
  108.3500 1.074359e+06
  108.3600 1.074715e+06
  108.3700 1.075070e+06
  108.3800 1.075425e+06
  108.3900 1.075780e+06
  108.4000 1.076135e+06
  108.4100 1.076489e+06
  108.4200 1.076844e+06
  108.4300 1.077198e+06
  108.4400 1.077552e+06
  108.4500 1.077905e+06
  108.4600 1.078259e+06
  108.4700 1.078612e+06
  108.4800 1.078965e+06
  108.4900 1.079317e+06
  108.5000 1.079670e+06
  108.5100 1.080022e+06
  108.5200 1.080374e+06
  108.5300 1.080726e+06
  108.5400 1.081077e+06
  108.5500 1.081428e+06
  108.5600 1.081779e+06
  108.5700 1.082130e+06
  108.5800 1.082481e+06
  108.5900 1.082831e+06
  108.6000 1.083181e+06
  108.6100 1.083531e+06
  108.6200 1.083881e+06
  108.6300 1.084230e+06
  108.6400 1.084579e+06
  108.6500 1.084928e+06
  108.6600 1.085277e+06
  108.6700 1.085625e+06
  108.6800 1.085973e+06
  108.6900 1.086321e+06
  108.7000 1.086669e+06
  108.7100 1.087016e+06
  108.7200 1.087364e+06
  108.7300 1.087711e+06
  108.7400 1.088057e+06
  108.7500 1.088404e+06
  108.7600 1.088750e+06
  108.7700 1.089096e+06
  108.7800 1.089442e+06
  108.7900 1.089787e+06
  108.8000 1.090133e+06
  108.8100 1.090478e+06
  108.8200 1.090822e+06
  108.8300 1.091167e+06
  108.8400 1.091511e+06
  108.8500 1.091855e+06
  108.8600 1.092199e+06
  108.8700 1.092543e+06
  108.8800 1.092886e+06
  108.8900 1.093229e+06
  108.9000 1.093572e+06
  108.9100 1.093914e+06
  108.9200 1.094257e+06
  108.9300 1.094599e+06
  108.9400 1.094940e+06
  108.9500 1.095282e+06
  108.9600 1.095623e+06
  108.9700 1.095964e+06
  108.9800 1.096305e+06
  108.9900 1.096645e+06
  109.0000 1.096986e+06
  109.0100 1.097326e+06
  109.0200 1.097666e+06
  109.0300 1.098005e+06
  109.0400 1.098344e+06
  109.0500 1.098683e+06
  109.0600 1.099022e+06
  109.0700 1.099360e+06
  109.0800 1.099699e+06
  109.0900 1.100037e+06
  109.1000 1.100374e+06
  109.1100 1.100712e+06
  109.1200 1.101049e+06
  109.1300 1.101386e+06
  109.1400 1.101723e+06
  109.1500 1.102059e+06
  109.1600 1.102395e+06
  109.1700 1.102731e+06
  109.1800 1.103067e+06
  109.1900 1.103402e+06
  109.2000 1.103737e+06
  109.2100 1.104072e+06
  109.2200 1.104406e+06
  109.2300 1.104741e+06
  109.2400 1.105075e+06
  109.2500 1.105409e+06
  109.2600 1.105742e+06
  109.2700 1.106075e+06
  109.2800 1.106408e+06
  109.2900 1.106741e+06
  109.3000 1.107073e+06
  109.3100 1.107406e+06
  109.3200 1.107738e+06
  109.3300 1.108069e+06
  109.3400 1.108401e+06
  109.3500 1.108732e+06
  109.3600 1.109062e+06
  109.3700 1.109393e+06
  109.3800 1.109723e+06
  109.3900 1.110053e+06
  109.4000 1.110383e+06
  109.4100 1.110713e+06
  109.4200 1.111042e+06
  109.4300 1.111371e+06
  109.4400 1.111699e+06
  109.4500 1.112028e+06
  109.4600 1.112356e+06
  109.4700 1.112684e+06
  109.4800 1.113011e+06
  109.4900 1.113339e+06
  109.5000 1.113666e+06
  109.5100 1.113992e+06
  109.5200 1.114319e+06
  109.5300 1.114645e+06
  109.5400 1.114971e+06
  109.5500 1.115297e+06
  109.5600 1.115622e+06
  109.5700 1.115947e+06
  109.5800 1.116272e+06
  109.5900 1.116596e+06
  109.6000 1.116921e+06
  109.6100 1.117244e+06
  109.6200 1.117568e+06
  109.6300 1.117892e+06
  109.6400 1.118215e+06
  109.6500 1.118538e+06
  109.6600 1.118860e+06
  109.6700 1.119182e+06
  109.6800 1.119504e+06
  109.6900 1.119826e+06
  109.7000 1.120147e+06
  109.7100 1.120469e+06
  109.7200 1.120789e+06
  109.7300 1.121110e+06
  109.7400 1.121430e+06
  109.7500 1.121750e+06
  109.7600 1.122070e+06
  109.7700 1.122389e+06
  109.7800 1.122708e+06
  109.7900 1.123027e+06
  109.8000 1.123346e+06
  109.8100 1.123664e+06
  109.8200 1.123982e+06
  109.8300 1.124300e+06
  109.8400 1.124617e+06
  109.8500 1.124934e+06
  109.8600 1.125251e+06
  109.8700 1.125568e+06
  109.8800 1.125884e+06
  109.8900 1.126200e+06
  109.9000 1.126515e+06
  109.9100 1.126831e+06
  109.9200 1.127146e+06
  109.9300 1.127461e+06
  109.9400 1.127775e+06
  109.9500 1.128089e+06
  109.9600 1.128403e+06
  109.9700 1.128717e+06
  109.9800 1.129030e+06
  109.9900 1.129343e+06
  110.0000 1.129656e+06
  110.0100 1.129968e+06
  110.0200 1.130280e+06
  110.0300 1.130592e+06
  110.0400 1.130903e+06
  110.0500 1.131215e+06
  110.0600 1.131526e+06
  110.0700 1.131836e+06
  110.0800 1.132147e+06
  110.0900 1.132457e+06
  110.1000 1.132766e+06
  110.1100 1.133076e+06
  110.1200 1.133385e+06
  110.1300 1.133694e+06
  110.1400 1.134002e+06
  110.1500 1.134310e+06
  110.1600 1.134618e+06
  110.1700 1.134926e+06
  110.1800 1.135233e+06
  110.1900 1.135540e+06
  110.2000 1.135847e+06
  110.2100 1.136154e+06
  110.2200 1.136460e+06
  110.2300 1.136766e+06
  110.2400 1.137071e+06
  110.2500 1.137377e+06
  110.2600 1.137682e+06
  110.2700 1.137986e+06
  110.2800 1.138291e+06
  110.2900 1.138595e+06
  110.3000 1.138899e+06
  110.3100 1.139202e+06
  110.3200 1.139506e+06
  110.3300 1.139809e+06
  110.3400 1.140111e+06
  110.3500 1.140414e+06
  110.3600 1.140716e+06
  110.3700 1.141017e+06
  110.3800 1.141319e+06
  110.3900 1.141620e+06
  110.4000 1.141921e+06
  110.4100 1.142222e+06
  110.4200 1.142522e+06
  110.4300 1.142822e+06
  110.4400 1.143122e+06
  110.4500 1.143421e+06
  110.4600 1.143720e+06
  110.4700 1.144019e+06
  110.4800 1.144318e+06
  110.4900 1.144616e+06
  110.5000 1.144914e+06
  110.5100 1.145212e+06
  110.5200 1.145509e+06
  110.5300 1.145806e+06
  110.5400 1.146103e+06
  110.5500 1.146400e+06
  110.5600 1.146696e+06
  110.5700 1.146992e+06
  110.5800 1.147287e+06
  110.5900 1.147583e+06
  110.6000 1.147878e+06
  110.6100 1.148173e+06
  110.6200 1.148467e+06
  110.6300 1.148761e+06
  110.6400 1.149055e+06
  110.6500 1.149349e+06
  110.6600 1.149642e+06
  110.6700 1.149935e+06
  110.6800 1.150228e+06
  110.6900 1.150521e+06
  110.7000 1.150813e+06
  110.7100 1.151105e+06
  110.7200 1.151396e+06
  110.7300 1.151688e+06
  110.7400 1.151979e+06
  110.7500 1.152270e+06
  110.7600 1.152560e+06
  110.7700 1.152850e+06
  110.7800 1.153140e+06
  110.7900 1.153430e+06
  110.8000 1.153719e+06
  110.8100 1.154008e+06
  110.8200 1.154297e+06
  110.8300 1.154585e+06
  110.8400 1.154874e+06
  110.8500 1.155162e+06
  110.8600 1.155449e+06
  110.8700 1.155736e+06
  110.8800 1.156023e+06
  110.8900 1.156310e+06
  110.9000 1.156597e+06
  110.9100 1.156883e+06
  110.9200 1.157169e+06
  110.9300 1.157454e+06
  110.9400 1.157740e+06
  110.9500 1.158025e+06
  110.9600 1.158310e+06
  110.9700 1.158594e+06
  110.9800 1.158878e+06
  110.9900 1.159162e+06
  111.0000 1.159446e+06
  111.0100 1.159729e+06
  111.0200 1.160012e+06
  111.0300 1.160295e+06
  111.0400 1.160577e+06
  111.0500 1.160860e+06
  111.0600 1.161142e+06
  111.0700 1.161423e+06
  111.0800 1.161705e+06
  111.0900 1.161986e+06
  111.1000 1.162266e+06
  111.1100 1.162547e+06
  111.1200 1.162827e+06
  111.1300 1.163107e+06
  111.1400 1.163387e+06
  111.1500 1.163666e+06
  111.1600 1.163945e+06
  111.1700 1.164224e+06
  111.1800 1.164503e+06
  111.1900 1.164781e+06
  111.2000 1.165059e+06
  111.2100 1.165337e+06
  111.2200 1.165614e+06
  111.2300 1.165891e+06
  111.2400 1.166168e+06
  111.2500 1.166445e+06
  111.2600 1.166721e+06
  111.2700 1.166997e+06
  111.2800 1.167273e+06
  111.2900 1.167548e+06
  111.3000 1.167823e+06
  111.3100 1.168098e+06
  111.3200 1.168373e+06
  111.3300 1.168647e+06
  111.3400 1.168921e+06
  111.3500 1.169195e+06
  111.3600 1.169468e+06
  111.3700 1.169742e+06
  111.3800 1.170015e+06
  111.3900 1.170287e+06
  111.4000 1.170560e+06
  111.4100 1.170832e+06
  111.4200 1.171104e+06
  111.4300 1.171375e+06
  111.4400 1.171646e+06
  111.4500 1.171917e+06
  111.4600 1.172188e+06
  111.4700 1.172458e+06
  111.4800 1.172729e+06
  111.4900 1.172999e+06
  111.5000 1.173268e+06
  111.5100 1.173537e+06
  111.5200 1.173806e+06
  111.5300 1.174075e+06
  111.5400 1.174344e+06
  111.5500 1.174612e+06
  111.5600 1.174880e+06
  111.5700 1.175148e+06
  111.5800 1.175415e+06
  111.5900 1.175682e+06
  111.6000 1.175949e+06
  111.6100 1.176215e+06
  111.6200 1.176482e+06
  111.6300 1.176748e+06
  111.6400 1.177014e+06
  111.6500 1.177279e+06
  111.6600 1.177544e+06
  111.6700 1.177809e+06
  111.6800 1.178074e+06
  111.6900 1.178338e+06
  111.7000 1.178602e+06
  111.7100 1.178866e+06
  111.7200 1.179130e+06
  111.7300 1.179393e+06
  111.7400 1.179656e+06
  111.7500 1.179919e+06
  111.7600 1.180181e+06
  111.7700 1.180443e+06
  111.7800 1.180705e+06
  111.7900 1.180967e+06
  111.8000 1.181228e+06
  111.8100 1.181489e+06
  111.8200 1.181750e+06
  111.8300 1.182010e+06
  111.8400 1.182271e+06
  111.8500 1.182531e+06
  111.8600 1.182790e+06
  111.8700 1.183050e+06
  111.8800 1.183309e+06
  111.8900 1.183568e+06
  111.9000 1.183827e+06
  111.9100 1.184085e+06
  111.9200 1.184343e+06
  111.9300 1.184601e+06
  111.9400 1.184858e+06
  111.9500 1.185116e+06
  111.9600 1.185373e+06
  111.9700 1.185629e+06
  111.9800 1.185886e+06
  111.9900 1.186142e+06
  112.0000 1.186398e+06
  112.0100 1.186654e+06
  112.0200 1.186909e+06
  112.0300 1.187164e+06
  112.0400 1.187419e+06
  112.0500 1.187674e+06
  112.0600 1.187928e+06
  112.0700 1.188182e+06
  112.0800 1.188436e+06
  112.0900 1.188689e+06
  112.1000 1.188942e+06
  112.1100 1.189195e+06
  112.1200 1.189448e+06
  112.1300 1.189700e+06
  112.1400 1.189953e+06
  112.1500 1.190204e+06
  112.1600 1.190456e+06
  112.1700 1.190707e+06
  112.1800 1.190959e+06
  112.1900 1.191209e+06
  112.2000 1.191460e+06
  112.2100 1.191710e+06
  112.2200 1.191960e+06
  112.2300 1.192210e+06
  112.2400 1.192459e+06
  112.2500 1.192709e+06
  112.2600 1.192958e+06
  112.2700 1.193206e+06
  112.2800 1.193455e+06
  112.2900 1.193703e+06
  112.3000 1.193951e+06
  112.3100 1.194198e+06
  112.3200 1.194446e+06
  112.3300 1.194693e+06
  112.3400 1.194939e+06
  112.3500 1.195186e+06
  112.3600 1.195432e+06
  112.3700 1.195678e+06
  112.3800 1.195924e+06
  112.3900 1.196170e+06
  112.4000 1.196415e+06
  112.4100 1.196660e+06
  112.4200 1.196904e+06
  112.4300 1.197149e+06
  112.4400 1.197393e+06
  112.4500 1.197637e+06
  112.4600 1.197881e+06
  112.4700 1.198124e+06
  112.4800 1.198367e+06
  112.4900 1.198610e+06
  112.5000 1.198852e+06
  112.5100 1.199095e+06
  112.5200 1.199337e+06
  112.5300 1.199579e+06
  112.5400 1.199820e+06
  112.5500 1.200061e+06
  112.5600 1.200302e+06
  112.5700 1.200543e+06
  112.5800 1.200784e+06
  112.5900 1.201024e+06
  112.6000 1.201264e+06
  112.6100 1.201503e+06
  112.6200 1.201743e+06
  112.6300 1.201982e+06
  112.6400 1.202221e+06
  112.6500 1.202460e+06
  112.6600 1.202698e+06
  112.6700 1.202936e+06
  112.6800 1.203174e+06
  112.6900 1.203412e+06
  112.7000 1.203649e+06
  112.7100 1.203886e+06
  112.7200 1.204123e+06
  112.7300 1.204359e+06
  112.7400 1.204596e+06
  112.7500 1.204832e+06
  112.7600 1.205068e+06
  112.7700 1.205303e+06
  112.7800 1.205538e+06
  112.7900 1.205773e+06
  112.8000 1.206008e+06
  112.8100 1.206243e+06
  112.8200 1.206477e+06
  112.8300 1.206711e+06
  112.8400 1.206944e+06
  112.8500 1.207178e+06
  112.8600 1.207411e+06
  112.8700 1.207644e+06
  112.8800 1.207877e+06
  112.8900 1.208109e+06
  112.9000 1.208341e+06
  112.9100 1.208573e+06
  112.9200 1.208805e+06
  112.9300 1.209036e+06
  112.9400 1.209267e+06
  112.9500 1.209498e+06
  112.9600 1.209729e+06
  112.9700 1.209959e+06
  112.9800 1.210189e+06
  112.9900 1.210419e+06
  113.0000 1.210649e+06
  113.0100 1.210878e+06
  113.0200 1.211107e+06
  113.0300 1.211336e+06
  113.0400 1.211564e+06
  113.0500 1.211793e+06
  113.0600 1.212021e+06
  113.0700 1.212248e+06
  113.0800 1.212476e+06
  113.0900 1.212703e+06
  113.1000 1.212930e+06
  113.1100 1.213157e+06
  113.1200 1.213384e+06
  113.1300 1.213610e+06
  113.1400 1.213836e+06
  113.1500 1.214062e+06
  113.1600 1.214287e+06
  113.1700 1.214512e+06
  113.1800 1.214737e+06
  113.1900 1.214962e+06
  113.2000 1.215186e+06
  113.2100 1.215411e+06
  113.2200 1.215635e+06
  113.2300 1.215858e+06
  113.2400 1.216082e+06
  113.2500 1.216305e+06
  113.2600 1.216528e+06
  113.2700 1.216751e+06
  113.2800 1.216973e+06
  113.2900 1.217195e+06
  113.3000 1.217417e+06
  113.3100 1.217639e+06
  113.3200 1.217860e+06
  113.3300 1.218082e+06
  113.3400 1.218303e+06
  113.3500 1.218523e+06
  113.3600 1.218744e+06
  113.3700 1.218964e+06
  113.3800 1.219184e+06
  113.3900 1.219403e+06
  113.4000 1.219623e+06
  113.4100 1.219842e+06
  113.4200 1.220061e+06
  113.4300 1.220280e+06
  113.4400 1.220498e+06
  113.4500 1.220716e+06
  113.4600 1.220934e+06
  113.4700 1.221152e+06
  113.4800 1.221369e+06
  113.4900 1.221586e+06
  113.5000 1.221803e+06
  113.5100 1.222020e+06
  113.5200 1.222236e+06
  113.5300 1.222453e+06
  113.5400 1.222668e+06
  113.5500 1.222884e+06
  113.5600 1.223100e+06
  113.5700 1.223315e+06
  113.5800 1.223530e+06
  113.5900 1.223744e+06
  113.6000 1.223959e+06
  113.6100 1.224173e+06
  113.6200 1.224387e+06
  113.6300 1.224601e+06
  113.6400 1.224814e+06
  113.6500 1.225027e+06
  113.6600 1.225240e+06
  113.6700 1.225453e+06
  113.6800 1.225665e+06
  113.6900 1.225877e+06
  113.7000 1.226089e+06
  113.7100 1.226301e+06
  113.7200 1.226513e+06
  113.7300 1.226724e+06
  113.7400 1.226935e+06
  113.7500 1.227145e+06
  113.7600 1.227356e+06
  113.7700 1.227566e+06
  113.7800 1.227776e+06
  113.7900 1.227986e+06
  113.8000 1.228195e+06
  113.8100 1.228405e+06
  113.8200 1.228614e+06
  113.8300 1.228822e+06
  113.8400 1.229031e+06
  113.8500 1.229239e+06
  113.8600 1.229447e+06
  113.8700 1.229655e+06
  113.8800 1.229862e+06
  113.8900 1.230070e+06
  113.9000 1.230277e+06
  113.9100 1.230484e+06
  113.9200 1.230690e+06
  113.9300 1.230896e+06
  113.9400 1.231102e+06
  113.9500 1.231308e+06
  113.9600 1.231514e+06
  113.9700 1.231719e+06
  113.9800 1.231924e+06
  113.9900 1.232129e+06
  114.0000 1.232334e+06
  114.0100 1.232538e+06
  114.0200 1.232742e+06
  114.0300 1.232946e+06
  114.0400 1.233150e+06
  114.0500 1.233353e+06
  114.0600 1.233556e+06
  114.0700 1.233759e+06
  114.0800 1.233962e+06
  114.0900 1.234164e+06
  114.1000 1.234366e+06
  114.1100 1.234568e+06
  114.1200 1.234770e+06
  114.1300 1.234971e+06
  114.1400 1.235173e+06
  114.1500 1.235374e+06
  114.1600 1.235574e+06
  114.1700 1.235775e+06
  114.1800 1.235975e+06
  114.1900 1.236175e+06
  114.2000 1.236375e+06
  114.2100 1.236574e+06
  114.2200 1.236774e+06
  114.2300 1.236973e+06
  114.2400 1.237172e+06
  114.2500 1.237370e+06
  114.2600 1.237568e+06
  114.2700 1.237767e+06
  114.2800 1.237964e+06
  114.2900 1.238162e+06
  114.3000 1.238359e+06
  114.3100 1.238557e+06
  114.3200 1.238753e+06
  114.3300 1.238950e+06
  114.3400 1.239147e+06
  114.3500 1.239343e+06
  114.3600 1.239539e+06
  114.3700 1.239734e+06
  114.3800 1.239930e+06
  114.3900 1.240125e+06
  114.4000 1.240320e+06
  114.4100 1.240515e+06
  114.4200 1.240709e+06
  114.4300 1.240904e+06
  114.4400 1.241098e+06
  114.4500 1.241291e+06
  114.4600 1.241485e+06
  114.4700 1.241678e+06
  114.4800 1.241871e+06
  114.4900 1.242064e+06
  114.5000 1.242257e+06
  114.5100 1.242449e+06
  114.5200 1.242641e+06
  114.5300 1.242833e+06
  114.5400 1.243025e+06
  114.5500 1.243216e+06
  114.5600 1.243408e+06
  114.5700 1.243599e+06
  114.5800 1.243789e+06
  114.5900 1.243980e+06
  114.6000 1.244170e+06
  114.6100 1.244360e+06
  114.6200 1.244550e+06
  114.6300 1.244740e+06
  114.6400 1.244929e+06
  114.6500 1.245118e+06
  114.6600 1.245307e+06
  114.6700 1.245495e+06
  114.6800 1.245684e+06
  114.6900 1.245872e+06
  114.7000 1.246060e+06
  114.7100 1.246248e+06
  114.7200 1.246435e+06
  114.7300 1.246622e+06
  114.7400 1.246809e+06
  114.7500 1.246996e+06
  114.7600 1.247183e+06
  114.7700 1.247369e+06
  114.7800 1.247555e+06
  114.7900 1.247741e+06
  114.8000 1.247926e+06
  114.8100 1.248112e+06
  114.8200 1.248297e+06
  114.8300 1.248482e+06
  114.8400 1.248666e+06
  114.8500 1.248851e+06
  114.8600 1.249035e+06
  114.8700 1.249219e+06
  114.8800 1.249403e+06
  114.8900 1.249586e+06
  114.9000 1.249770e+06
  114.9100 1.249953e+06
  114.9200 1.250136e+06
  114.9300 1.250318e+06
  114.9400 1.250500e+06
  114.9500 1.250683e+06
  114.9600 1.250864e+06
  114.9700 1.251046e+06
  114.9800 1.251228e+06
  114.9900 1.251409e+06
  115.0000 1.251590e+06
  115.0100 1.251771e+06
  115.0200 1.251951e+06
  115.0300 1.252131e+06
  115.0400 1.252311e+06
  115.0500 1.252491e+06
  115.0600 1.252671e+06
  115.0700 1.252850e+06
  115.0800 1.253029e+06
  115.0900 1.253208e+06
  115.1000 1.253387e+06
  115.1100 1.253566e+06
  115.1200 1.253744e+06
  115.1300 1.253922e+06
  115.1400 1.254100e+06
  115.1500 1.254277e+06
  115.1600 1.254454e+06
  115.1700 1.254632e+06
  115.1800 1.254808e+06
  115.1900 1.254985e+06
  115.2000 1.255162e+06
  115.2100 1.255338e+06
  115.2200 1.255514e+06
  115.2300 1.255689e+06
  115.2400 1.255865e+06
  115.2500 1.256040e+06
  115.2600 1.256215e+06
  115.2700 1.256390e+06
  115.2800 1.256565e+06
  115.2900 1.256739e+06
  115.3000 1.256913e+06
  115.3100 1.257087e+06
  115.3200 1.257261e+06
  115.3300 1.257434e+06
  115.3400 1.257608e+06
  115.3500 1.257781e+06
  115.3600 1.257954e+06
  115.3700 1.258126e+06
  115.3800 1.258299e+06
  115.3900 1.258471e+06
  115.4000 1.258643e+06
  115.4100 1.258814e+06
  115.4200 1.258986e+06
  115.4300 1.259157e+06
  115.4400 1.259328e+06
  115.4500 1.259499e+06
  115.4600 1.259669e+06
  115.4700 1.259840e+06
  115.4800 1.260010e+06
  115.4900 1.260180e+06
  115.5000 1.260350e+06
  115.5100 1.260519e+06
  115.5200 1.260688e+06
  115.5300 1.260857e+06
  115.5400 1.261026e+06
  115.5500 1.261195e+06
  115.5600 1.261363e+06
  115.5700 1.261531e+06
  115.5800 1.261699e+06
  115.5900 1.261867e+06
  115.6000 1.262034e+06
  115.6100 1.262201e+06
  115.6200 1.262368e+06
  115.6300 1.262535e+06
  115.6400 1.262702e+06
  115.6500 1.262868e+06
  115.6600 1.263034e+06
  115.6700 1.263200e+06
  115.6800 1.263366e+06
  115.6900 1.263531e+06
  115.7000 1.263697e+06
  115.7100 1.263862e+06
  115.7200 1.264027e+06
  115.7300 1.264191e+06
  115.7400 1.264356e+06
  115.7500 1.264520e+06
  115.7600 1.264684e+06
  115.7700 1.264847e+06
  115.7800 1.265011e+06
  115.7900 1.265174e+06
  115.8000 1.265337e+06
  115.8100 1.265500e+06
  115.8200 1.265663e+06
  115.8300 1.265825e+06
  115.8400 1.265987e+06
  115.8500 1.266149e+06
  115.8600 1.266311e+06
  115.8700 1.266473e+06
  115.8800 1.266634e+06
  115.8900 1.266795e+06
  115.9000 1.266956e+06
  115.9100 1.267117e+06
  115.9200 1.267277e+06
  115.9300 1.267437e+06
  115.9400 1.267597e+06
  115.9500 1.267757e+06
  115.9600 1.267917e+06
  115.9700 1.268076e+06
  115.9800 1.268235e+06
  115.9900 1.268394e+06
  116.0000 1.268553e+06
  116.0100 1.268712e+06
  116.0200 1.268870e+06
  116.0300 1.269028e+06
  116.0400 1.269186e+06
  116.0500 1.269343e+06
  116.0600 1.269501e+06
  116.0700 1.269658e+06
  116.0800 1.269815e+06
  116.0900 1.269972e+06
  116.1000 1.270128e+06
  116.1100 1.270285e+06
  116.1200 1.270441e+06
  116.1300 1.270597e+06
  116.1400 1.270753e+06
  116.1500 1.270908e+06
  116.1600 1.271063e+06
  116.1700 1.271219e+06
  116.1800 1.271373e+06
  116.1900 1.271528e+06
  116.2000 1.271682e+06
  116.2100 1.271837e+06
  116.2200 1.271991e+06
  116.2300 1.272145e+06
  116.2400 1.272298e+06
  116.2500 1.272452e+06
  116.2600 1.272605e+06
  116.2700 1.272758e+06
  116.2800 1.272910e+06
  116.2900 1.273063e+06
  116.3000 1.273215e+06
  116.3100 1.273367e+06
  116.3200 1.273519e+06
  116.3300 1.273671e+06
  116.3400 1.273822e+06
  116.3500 1.273974e+06
  116.3600 1.274125e+06
  116.3700 1.274276e+06
  116.3800 1.274426e+06
  116.3900 1.274577e+06
  116.4000 1.274727e+06
  116.4100 1.274877e+06
  116.4200 1.275027e+06
  116.4300 1.275176e+06
  116.4400 1.275326e+06
  116.4500 1.275475e+06
  116.4600 1.275624e+06
  116.4700 1.275772e+06
  116.4800 1.275921e+06
  116.4900 1.276069e+06
  116.5000 1.276217e+06
  116.5100 1.276365e+06
  116.5200 1.276513e+06
  116.5300 1.276660e+06
  116.5400 1.276808e+06
  116.5500 1.276955e+06
  116.5600 1.277102e+06
  116.5700 1.277248e+06
  116.5800 1.277395e+06
  116.5900 1.277541e+06
  116.6000 1.277687e+06
  116.6100 1.277833e+06
  116.6200 1.277978e+06
  116.6300 1.278124e+06
  116.6400 1.278269e+06
  116.6500 1.278414e+06
  116.6600 1.278559e+06
  116.6700 1.278703e+06
  116.6800 1.278848e+06
  116.6900 1.278992e+06
  116.7000 1.279136e+06
  116.7100 1.279280e+06
  116.7200 1.279423e+06
  116.7300 1.279567e+06
  116.7400 1.279710e+06
  116.7500 1.279853e+06
  116.7600 1.279995e+06
  116.7700 1.280138e+06
  116.7800 1.280280e+06
  116.7900 1.280422e+06
  116.8000 1.280564e+06
  116.8100 1.280706e+06
  116.8200 1.280847e+06
  116.8300 1.280989e+06
  116.8400 1.281130e+06
  116.8500 1.281271e+06
  116.8600 1.281411e+06
  116.8700 1.281552e+06
  116.8800 1.281692e+06
  116.8900 1.281832e+06
  116.9000 1.281972e+06
  116.9100 1.282112e+06
  116.9200 1.282251e+06
  116.9300 1.282390e+06
  116.9400 1.282530e+06
  116.9500 1.282668e+06
  116.9600 1.282807e+06
  116.9700 1.282945e+06
  116.9800 1.283084e+06
  116.9900 1.283222e+06
  117.0000 1.283360e+06
  117.0100 1.283497e+06
  117.0200 1.283635e+06
  117.0300 1.283772e+06
  117.0400 1.283909e+06
  117.0500 1.284046e+06
  117.0600 1.284182e+06
  117.0700 1.284319e+06
  117.0800 1.284455e+06
  117.0900 1.284591e+06
  117.1000 1.284727e+06
  117.1100 1.284863e+06
  117.1200 1.284998e+06
  117.1300 1.285133e+06
  117.1400 1.285268e+06
  117.1500 1.285403e+06
  117.1600 1.285538e+06
  117.1700 1.285672e+06
  117.1800 1.285806e+06
  117.1900 1.285940e+06
  117.2000 1.286074e+06
  117.2100 1.286208e+06
  117.2200 1.286341e+06
  117.2300 1.286474e+06
  117.2400 1.286607e+06
  117.2500 1.286740e+06
  117.2600 1.286873e+06
  117.2700 1.287005e+06
  117.2800 1.287138e+06
  117.2900 1.287270e+06
  117.3000 1.287401e+06
  117.3100 1.287533e+06
  117.3200 1.287664e+06
  117.3300 1.287796e+06
  117.3400 1.287927e+06
  117.3500 1.288058e+06
  117.3600 1.288188e+06
  117.3700 1.288319e+06
  117.3800 1.288449e+06
  117.3900 1.288579e+06
  117.4000 1.288709e+06
  117.4100 1.288839e+06
  117.4200 1.288968e+06
  117.4300 1.289097e+06
  117.4400 1.289226e+06
  117.4500 1.289355e+06
  117.4600 1.289484e+06
  117.4700 1.289612e+06
  117.4800 1.289741e+06
  117.4900 1.289869e+06
  117.5000 1.289997e+06
  117.5100 1.290124e+06
  117.5200 1.290252e+06
  117.5300 1.290379e+06
  117.5400 1.290506e+06
  117.5500 1.290633e+06
  117.5600 1.290760e+06
  117.5700 1.290887e+06
  117.5800 1.291013e+06
  117.5900 1.291139e+06
  117.6000 1.291265e+06
  117.6100 1.291391e+06
  117.6200 1.291516e+06
  117.6300 1.291642e+06
  117.6400 1.291767e+06
  117.6500 1.291892e+06
  117.6600 1.292017e+06
  117.6700 1.292141e+06
  117.6800 1.292266e+06
  117.6900 1.292390e+06
  117.7000 1.292514e+06
  117.7100 1.292638e+06
  117.7200 1.292761e+06
  117.7300 1.292885e+06
  117.7400 1.293008e+06
  117.7500 1.293131e+06
  117.7600 1.293254e+06
  117.7700 1.293377e+06
  117.7800 1.293499e+06
  117.7900 1.293622e+06
  117.8000 1.293744e+06
  117.8100 1.293866e+06
  117.8200 1.293987e+06
  117.8300 1.294109e+06
  117.8400 1.294230e+06
  117.8500 1.294351e+06
  117.8600 1.294472e+06
  117.8700 1.294593e+06
  117.8800 1.294714e+06
  117.8900 1.294834e+06
  117.9000 1.294954e+06
  117.9100 1.295074e+06
  117.9200 1.295194e+06
  117.9300 1.295314e+06
  117.9400 1.295433e+06
  117.9500 1.295552e+06
  117.9600 1.295671e+06
  117.9700 1.295790e+06
  117.9800 1.295909e+06
  117.9900 1.296028e+06
  118.0000 1.296146e+06
  118.0100 1.296264e+06
  118.0200 1.296382e+06
  118.0300 1.296500e+06
  118.0400 1.296617e+06
  118.0500 1.296735e+06
  118.0600 1.296852e+06
  118.0700 1.296969e+06
  118.0800 1.297086e+06
  118.0900 1.297202e+06
  118.1000 1.297319e+06
  118.1100 1.297435e+06
  118.1200 1.297551e+06
  118.1300 1.297667e+06
  118.1400 1.297782e+06
  118.1500 1.297898e+06
  118.1600 1.298013e+06
  118.1700 1.298128e+06
  118.1800 1.298243e+06
  118.1900 1.298358e+06
  118.2000 1.298473e+06
  118.2100 1.298587e+06
  118.2200 1.298701e+06
  118.2300 1.298815e+06
  118.2400 1.298929e+06
  118.2500 1.299043e+06
  118.2600 1.299156e+06
  118.2700 1.299269e+06
  118.2800 1.299383e+06
  118.2900 1.299495e+06
  118.3000 1.299608e+06
  118.3100 1.299721e+06
  118.3200 1.299833e+06
  118.3300 1.299945e+06
  118.3400 1.300057e+06
  118.3500 1.300169e+06
  118.3600 1.300281e+06
  118.3700 1.300392e+06
  118.3800 1.300503e+06
  118.3900 1.300614e+06
  118.4000 1.300725e+06
  118.4100 1.300836e+06
  118.4200 1.300946e+06
  118.4300 1.301057e+06
  118.4400 1.301167e+06
  118.4500 1.301277e+06
  118.4600 1.301387e+06
  118.4700 1.301496e+06
  118.4800 1.301606e+06
  118.4900 1.301715e+06
  118.5000 1.301824e+06
  118.5100 1.301933e+06
  118.5200 1.302041e+06
  118.5300 1.302150e+06
  118.5400 1.302258e+06
  118.5500 1.302366e+06
  118.5600 1.302474e+06
  118.5700 1.302582e+06
  118.5800 1.302690e+06
  118.5900 1.302797e+06
  118.6000 1.302905e+06
  118.6100 1.303012e+06
  118.6200 1.303118e+06
  118.6300 1.303225e+06
  118.6400 1.303332e+06
  118.6500 1.303438e+06
  118.6600 1.303544e+06
  118.6700 1.303650e+06
  118.6800 1.303756e+06
  118.6900 1.303862e+06
  118.7000 1.303967e+06
  118.7100 1.304072e+06
  118.7200 1.304177e+06
  118.7300 1.304282e+06
  118.7400 1.304387e+06
  118.7500 1.304492e+06
  118.7600 1.304596e+06
  118.7700 1.304700e+06
  118.7800 1.304804e+06
  118.7900 1.304908e+06
  118.8000 1.305012e+06
  118.8100 1.305115e+06
  118.8200 1.305219e+06
  118.8300 1.305322e+06
  118.8400 1.305425e+06
  118.8500 1.305527e+06
  118.8600 1.305630e+06
  118.8700 1.305732e+06
  118.8800 1.305835e+06
  118.8900 1.305937e+06
  118.9000 1.306039e+06
  118.9100 1.306140e+06
  118.9200 1.306242e+06
  118.9300 1.306343e+06
  118.9400 1.306445e+06
  118.9500 1.306546e+06
  118.9600 1.306646e+06
  118.9700 1.306747e+06
  118.9800 1.306848e+06
  118.9900 1.306948e+06
  119.0000 1.307048e+06
  119.0100 1.307148e+06
  119.0200 1.307248e+06
  119.0300 1.307347e+06
  119.0400 1.307447e+06
  119.0500 1.307546e+06
  119.0600 1.307645e+06
  119.0700 1.307744e+06
  119.0800 1.307843e+06
  119.0900 1.307941e+06
  119.1000 1.308040e+06
  119.1100 1.308138e+06
  119.1200 1.308236e+06
  119.1300 1.308334e+06
  119.1400 1.308432e+06
  119.1500 1.308529e+06
  119.1600 1.308627e+06
  119.1700 1.308724e+06
  119.1800 1.308821e+06
  119.1900 1.308918e+06
  119.2000 1.309014e+06
  119.2100 1.309111e+06
  119.2200 1.309207e+06
  119.2300 1.309303e+06
  119.2400 1.309399e+06
  119.2500 1.309495e+06
  119.2600 1.309591e+06
  119.2700 1.309686e+06
  119.2800 1.309782e+06
  119.2900 1.309877e+06
  119.3000 1.309972e+06
  119.3100 1.310066e+06
  119.3200 1.310161e+06
  119.3300 1.310255e+06
  119.3400 1.310350e+06
  119.3500 1.310444e+06
  119.3600 1.310538e+06
  119.3700 1.310632e+06
  119.3800 1.310725e+06
  119.3900 1.310819e+06
  119.4000 1.310912e+06
  119.4100 1.311005e+06
  119.4200 1.311098e+06
  119.4300 1.311191e+06
  119.4400 1.311283e+06
  119.4500 1.311376e+06
  119.4600 1.311468e+06
  119.4700 1.311560e+06
  119.4800 1.311652e+06
  119.4900 1.311744e+06
  119.5000 1.311835e+06
  119.5100 1.311927e+06
  119.5200 1.312018e+06
  119.5300 1.312109e+06
  119.5400 1.312200e+06
  119.5500 1.312290e+06
  119.5600 1.312381e+06
  119.5700 1.312471e+06
  119.5800 1.312562e+06
  119.5900 1.312652e+06
  119.6000 1.312742e+06
  119.6100 1.312831e+06
  119.6200 1.312921e+06
  119.6300 1.313010e+06
  119.6400 1.313100e+06
  119.6500 1.313189e+06
  119.6600 1.313278e+06
  119.6700 1.313366e+06
  119.6800 1.313455e+06
  119.6900 1.313543e+06
  119.7000 1.313631e+06
  119.7100 1.313720e+06
  119.7200 1.313807e+06
  119.7300 1.313895e+06
  119.7400 1.313983e+06
  119.7500 1.314070e+06
  119.7600 1.314157e+06
  119.7700 1.314245e+06
  119.7800 1.314331e+06
  119.7900 1.314418e+06
  119.8000 1.314505e+06
  119.8100 1.314591e+06
  119.8200 1.314677e+06
  119.8300 1.314764e+06
  119.8400 1.314849e+06
  119.8500 1.314935e+06
  119.8600 1.315021e+06
  119.8700 1.315106e+06
  119.8800 1.315192e+06
  119.8900 1.315277e+06
  119.9000 1.315362e+06
  119.9100 1.315446e+06
  119.9200 1.315531e+06
  119.9300 1.315616e+06
  119.9400 1.315700e+06
  119.9500 1.315784e+06
  119.9600 1.315868e+06
  119.9700 1.315952e+06
  119.9800 1.316036e+06
  119.9900 1.316119e+06
  120.0000 1.316202e+06
  120.0100 1.316286e+06
  120.0200 1.316369e+06
  120.0300 1.316451e+06
  120.0400 1.316534e+06
  120.0500 1.316617e+06
  120.0600 1.316699e+06
  120.0700 1.316781e+06
  120.0800 1.316863e+06
  120.0900 1.316945e+06
  120.1000 1.317027e+06
  120.1100 1.317108e+06
  120.1200 1.317190e+06
  120.1300 1.317271e+06
  120.1400 1.317352e+06
  120.1500 1.317433e+06
  120.1600 1.317514e+06
  120.1700 1.317595e+06
  120.1800 1.317675e+06
  120.1900 1.317755e+06
  120.2000 1.317835e+06
  120.2100 1.317915e+06
  120.2200 1.317995e+06
  120.2300 1.318075e+06
  120.2400 1.318154e+06
  120.2500 1.318234e+06
  120.2600 1.318313e+06
  120.2700 1.318392e+06
  120.2800 1.318471e+06
  120.2900 1.318550e+06
  120.3000 1.318628e+06
  120.3100 1.318707e+06
  120.3200 1.318785e+06
  120.3300 1.318863e+06
  120.3400 1.318941e+06
  120.3500 1.319019e+06
  120.3600 1.319096e+06
  120.3700 1.319174e+06
  120.3800 1.319251e+06
  120.3900 1.319328e+06
  120.4000 1.319405e+06
  120.4100 1.319482e+06
  120.4200 1.319559e+06
  120.4300 1.319635e+06
  120.4400 1.319712e+06
  120.4500 1.319788e+06
  120.4600 1.319864e+06
  120.4700 1.319940e+06
  120.4800 1.320016e+06
  120.4900 1.320091e+06
  120.5000 1.320167e+06
  120.5100 1.320242e+06
  120.5200 1.320317e+06
  120.5300 1.320392e+06
  120.5400 1.320467e+06
  120.5500 1.320542e+06
  120.5600 1.320616e+06
  120.5700 1.320690e+06
  120.5800 1.320765e+06
  120.5900 1.320839e+06
  120.6000 1.320913e+06
  120.6100 1.320986e+06
  120.6200 1.321060e+06
  120.6300 1.321133e+06
  120.6400 1.321207e+06
  120.6500 1.321280e+06
  120.6600 1.321353e+06
  120.6700 1.321426e+06
  120.6800 1.321498e+06
  120.6900 1.321571e+06
  120.7000 1.321643e+06
  120.7100 1.321716e+06
  120.7200 1.321788e+06
  120.7300 1.321860e+06
  120.7400 1.321931e+06
  120.7500 1.322003e+06
  120.7600 1.322075e+06
  120.7700 1.322146e+06
  120.7800 1.322217e+06
  120.7900 1.322288e+06
  120.8000 1.322359e+06
  120.8100 1.322430e+06
  120.8200 1.322500e+06
  120.8300 1.322571e+06
  120.8400 1.322641e+06
  120.8500 1.322711e+06
  120.8600 1.322781e+06
  120.8700 1.322851e+06
  120.8800 1.322921e+06
  120.8900 1.322990e+06
  120.9000 1.323059e+06
  120.9100 1.323129e+06
  120.9200 1.323198e+06
  120.9300 1.323267e+06
  120.9400 1.323336e+06
  120.9500 1.323404e+06
  120.9600 1.323473e+06
  120.9700 1.323541e+06
  120.9800 1.323609e+06
  120.9900 1.323677e+06
  121.0000 1.323745e+06
  121.0100 1.323813e+06
  121.0200 1.323880e+06
  121.0300 1.323948e+06
  121.0400 1.324015e+06
  121.0500 1.324082e+06
  121.0600 1.324149e+06
  121.0700 1.324216e+06
  121.0800 1.324283e+06
  121.0900 1.324350e+06
  121.1000 1.324416e+06
  121.1100 1.324482e+06
  121.1200 1.324548e+06
  121.1300 1.324614e+06
  121.1400 1.324680e+06
  121.1500 1.324746e+06
  121.1600 1.324812e+06
  121.1700 1.324877e+06
  121.1800 1.324942e+06
  121.1900 1.325007e+06
  121.2000 1.325072e+06
  121.2100 1.325137e+06
  121.2200 1.325202e+06
  121.2300 1.325266e+06
  121.2400 1.325331e+06
  121.2500 1.325395e+06
  121.2600 1.325459e+06
  121.2700 1.325523e+06
  121.2800 1.325587e+06
  121.2900 1.325651e+06
  121.3000 1.325714e+06
  121.3100 1.325777e+06
  121.3200 1.325841e+06
  121.3300 1.325904e+06
  121.3400 1.325967e+06
  121.3500 1.326030e+06
  121.3600 1.326092e+06
  121.3700 1.326155e+06
  121.3800 1.326217e+06
  121.3900 1.326279e+06
  121.4000 1.326342e+06
  121.4100 1.326403e+06
  121.4200 1.326465e+06
  121.4300 1.326527e+06
  121.4400 1.326588e+06
  121.4500 1.326650e+06
  121.4600 1.326711e+06
  121.4700 1.326772e+06
  121.4800 1.326833e+06
  121.4900 1.326894e+06
  121.5000 1.326955e+06
  121.5100 1.327015e+06
  121.5200 1.327076e+06
  121.5300 1.327136e+06
  121.5400 1.327196e+06
  121.5500 1.327256e+06
  121.5600 1.327316e+06
  121.5700 1.327376e+06
  121.5800 1.327435e+06
  121.5900 1.327495e+06
  121.6000 1.327554e+06
  121.6100 1.327613e+06
  121.6200 1.327672e+06
  121.6300 1.327731e+06
  121.6400 1.327790e+06
  121.6500 1.327848e+06
  121.6600 1.327907e+06
  121.6700 1.327965e+06
  121.6800 1.328023e+06
  121.6900 1.328081e+06
  121.7000 1.328139e+06
  121.7100 1.328197e+06
  121.7200 1.328255e+06
  121.7300 1.328312e+06
  121.7400 1.328369e+06
  121.7500 1.328427e+06
  121.7600 1.328484e+06
  121.7700 1.328541e+06
  121.7800 1.328597e+06
  121.7900 1.328654e+06
  121.8000 1.328711e+06
  121.8100 1.328767e+06
  121.8200 1.328823e+06
  121.8300 1.328879e+06
  121.8400 1.328935e+06
  121.8500 1.328991e+06
  121.8600 1.329047e+06
  121.8700 1.329102e+06
  121.8800 1.329158e+06
  121.8900 1.329213e+06
  121.9000 1.329268e+06
  121.9100 1.329323e+06
  121.9200 1.329378e+06
  121.9300 1.329433e+06
  121.9400 1.329488e+06
  121.9500 1.329542e+06
  121.9600 1.329596e+06
  121.9700 1.329651e+06
  121.9800 1.329705e+06
  121.9900 1.329759e+06
  122.0000 1.329813e+06
  122.0100 1.329866e+06
  122.0200 1.329920e+06
  122.0300 1.329973e+06
  122.0400 1.330027e+06
  122.0500 1.330080e+06
  122.0600 1.330133e+06
  122.0700 1.330186e+06
  122.0800 1.330238e+06
  122.0900 1.330291e+06
  122.1000 1.330343e+06
  122.1100 1.330396e+06
  122.1200 1.330448e+06
  122.1300 1.330500e+06
  122.1400 1.330552e+06
  122.1500 1.330604e+06
  122.1600 1.330656e+06
  122.1700 1.330707e+06
  122.1800 1.330759e+06
  122.1900 1.330810e+06
  122.2000 1.330861e+06
  122.2100 1.330912e+06
  122.2200 1.330963e+06
  122.2300 1.331014e+06
  122.2400 1.331064e+06
  122.2500 1.331115e+06
  122.2600 1.331165e+06
  122.2700 1.331216e+06
  122.2800 1.331266e+06
  122.2900 1.331316e+06
  122.3000 1.331365e+06
  122.3100 1.331415e+06
  122.3200 1.331465e+06
  122.3300 1.331514e+06
  122.3400 1.331564e+06
  122.3500 1.331613e+06
  122.3600 1.331662e+06
  122.3700 1.331711e+06
  122.3800 1.331760e+06
  122.3900 1.331808e+06
  122.4000 1.331857e+06
  122.4100 1.331905e+06
  122.4200 1.331954e+06
  122.4300 1.332002e+06
  122.4400 1.332050e+06
  122.4500 1.332098e+06
  122.4600 1.332146e+06
  122.4700 1.332193e+06
  122.4800 1.332241e+06
  122.4900 1.332288e+06
  122.5000 1.332336e+06
  122.5100 1.332383e+06
  122.5200 1.332430e+06
  122.5300 1.332477e+06
  122.5400 1.332524e+06
  122.5500 1.332570e+06
  122.5600 1.332617e+06
  122.5700 1.332663e+06
  122.5800 1.332709e+06
  122.5900 1.332756e+06
  122.6000 1.332802e+06
  122.6100 1.332847e+06
  122.6200 1.332893e+06
  122.6300 1.332939e+06
  122.6400 1.332984e+06
  122.6500 1.333030e+06
  122.6600 1.333075e+06
  122.6700 1.333120e+06
  122.6800 1.333165e+06
  122.6900 1.333210e+06
  122.7000 1.333255e+06
  122.7100 1.333300e+06
  122.7200 1.333344e+06
  122.7300 1.333389e+06
  122.7400 1.333433e+06
  122.7500 1.333477e+06
  122.7600 1.333521e+06
  122.7700 1.333565e+06
  122.7800 1.333609e+06
  122.7900 1.333652e+06
  122.8000 1.333696e+06
  122.8100 1.333739e+06
  122.8200 1.333783e+06
  122.8300 1.333826e+06
  122.8400 1.333869e+06
  122.8500 1.333912e+06
  122.8600 1.333955e+06
  122.8700 1.333997e+06
  122.8800 1.334040e+06
  122.8900 1.334082e+06
  122.9000 1.334124e+06
  122.9100 1.334167e+06
  122.9200 1.334209e+06
  122.9300 1.334251e+06
  122.9400 1.334293e+06
  122.9500 1.334334e+06
  122.9600 1.334376e+06
  122.9700 1.334417e+06
  122.9800 1.334459e+06
  122.9900 1.334500e+06
  123.0000 1.334541e+06
  123.0100 1.334582e+06
  123.0200 1.334623e+06
  123.0300 1.334664e+06
  123.0400 1.334704e+06
  123.0500 1.334745e+06
  123.0600 1.334785e+06
  123.0700 1.334825e+06
  123.0800 1.334865e+06
  123.0900 1.334905e+06
  123.1000 1.334945e+06
  123.1100 1.334985e+06
  123.1200 1.335025e+06
  123.1300 1.335064e+06
  123.1400 1.335104e+06
  123.1500 1.335143e+06
  123.1600 1.335182e+06
  123.1700 1.335221e+06
  123.1800 1.335260e+06
  123.1900 1.335299e+06
  123.2000 1.335338e+06
  123.2100 1.335377e+06
  123.2200 1.335415e+06
  123.2300 1.335453e+06
  123.2400 1.335492e+06
  123.2500 1.335530e+06
  123.2600 1.335568e+06
  123.2700 1.335606e+06
  123.2800 1.335644e+06
  123.2900 1.335681e+06
  123.3000 1.335719e+06
  123.3100 1.335756e+06
  123.3200 1.335793e+06
  123.3300 1.335831e+06
  123.3400 1.335868e+06
  123.3500 1.335905e+06
  123.3600 1.335942e+06
  123.3700 1.335978e+06
  123.3800 1.336015e+06
  123.3900 1.336052e+06
  123.4000 1.336088e+06
  123.4100 1.336124e+06
  123.4200 1.336160e+06
  123.4300 1.336196e+06
  123.4400 1.336232e+06
  123.4500 1.336268e+06
  123.4600 1.336304e+06
  123.4700 1.336339e+06
  123.4800 1.336375e+06
  123.4900 1.336410e+06
  123.5000 1.336446e+06
  123.5100 1.336481e+06
  123.5200 1.336516e+06
  123.5300 1.336551e+06
  123.5400 1.336585e+06
  123.5500 1.336620e+06
  123.5600 1.336655e+06
  123.5700 1.336689e+06
  123.5800 1.336724e+06
  123.5900 1.336758e+06
  123.6000 1.336792e+06
  123.6100 1.336826e+06
  123.6200 1.336860e+06
  123.6300 1.336894e+06
  123.6400 1.336927e+06
  123.6500 1.336961e+06
  123.6600 1.336994e+06
  123.6700 1.337028e+06
  123.6800 1.337061e+06
  123.6900 1.337094e+06
  123.7000 1.337127e+06
  123.7100 1.337160e+06
  123.7200 1.337193e+06
  123.7300 1.337225e+06
  123.7400 1.337258e+06
  123.7500 1.337290e+06
  123.7600 1.337323e+06
  123.7700 1.337355e+06
  123.7800 1.337387e+06
  123.7900 1.337419e+06
  123.8000 1.337451e+06
  123.8100 1.337483e+06
  123.8200 1.337515e+06
  123.8300 1.337546e+06
  123.8400 1.337578e+06
  123.8500 1.337609e+06
  123.8600 1.337640e+06
  123.8700 1.337671e+06
  123.8800 1.337702e+06
  123.8900 1.337733e+06
  123.9000 1.337764e+06
  123.9100 1.337795e+06
  123.9200 1.337826e+06
  123.9300 1.337856e+06
  123.9400 1.337886e+06
  123.9500 1.337917e+06
  123.9600 1.337947e+06
  123.9700 1.337977e+06
  123.9800 1.338007e+06
  123.9900 1.338037e+06
  124.0000 1.338067e+06
  124.0100 1.338096e+06
  124.0200 1.338126e+06
  124.0300 1.338155e+06
  124.0400 1.338184e+06
  124.0500 1.338214e+06
  124.0600 1.338243e+06
  124.0700 1.338272e+06
  124.0800 1.338301e+06
  124.0900 1.338330e+06
  124.1000 1.338358e+06
  124.1100 1.338387e+06
  124.1200 1.338415e+06
  124.1300 1.338444e+06
  124.1400 1.338472e+06
  124.1500 1.338500e+06
  124.1600 1.338528e+06
  124.1700 1.338556e+06
  124.1800 1.338584e+06
  124.1900 1.338612e+06
  124.2000 1.338639e+06
  124.2100 1.338667e+06
  124.2200 1.338694e+06
  124.2300 1.338722e+06
  124.2400 1.338749e+06
  124.2500 1.338776e+06
  124.2600 1.338803e+06
  124.2700 1.338830e+06
  124.2800 1.338857e+06
  124.2900 1.338883e+06
  124.3000 1.338910e+06
  124.3100 1.338937e+06
  124.3200 1.338963e+06
  124.3300 1.338989e+06
  124.3400 1.339015e+06
  124.3500 1.339042e+06
  124.3600 1.339068e+06
  124.3700 1.339093e+06
  124.3800 1.339119e+06
  124.3900 1.339145e+06
  124.4000 1.339171e+06
  124.4100 1.339196e+06
  124.4200 1.339221e+06
  124.4300 1.339247e+06
  124.4400 1.339272e+06
  124.4500 1.339297e+06
  124.4600 1.339322e+06
  124.4700 1.339347e+06
  124.4800 1.339372e+06
  124.4900 1.339396e+06
  124.5000 1.339421e+06
  124.5100 1.339445e+06
  124.5200 1.339470e+06
  124.5300 1.339494e+06
  124.5400 1.339518e+06
  124.5500 1.339542e+06
  124.5600 1.339566e+06
  124.5700 1.339590e+06
  124.5800 1.339614e+06
  124.5900 1.339638e+06
  124.6000 1.339661e+06
  124.6100 1.339685e+06
  124.6200 1.339708e+06
  124.6300 1.339731e+06
  124.6400 1.339755e+06
  124.6500 1.339778e+06
  124.6600 1.339801e+06
  124.6700 1.339824e+06
  124.6800 1.339846e+06
  124.6900 1.339869e+06
  124.7000 1.339892e+06
  124.7100 1.339914e+06
  124.7200 1.339937e+06
  124.7300 1.339959e+06
  124.7400 1.339981e+06
  124.7500 1.340003e+06
  124.7600 1.340025e+06
  124.7700 1.340047e+06
  124.7800 1.340069e+06
  124.7900 1.340091e+06
  124.8000 1.340113e+06
  124.8100 1.340134e+06
  124.8200 1.340156e+06
  124.8300 1.340177e+06
  124.8400 1.340198e+06
  124.8500 1.340219e+06
  124.8600 1.340240e+06
  124.8700 1.340261e+06
  124.8800 1.340282e+06
  124.8900 1.340303e+06
  124.9000 1.340324e+06
  124.9100 1.340344e+06
  124.9200 1.340365e+06
  124.9300 1.340385e+06
  124.9400 1.340406e+06
  124.9500 1.340426e+06
  124.9600 1.340446e+06
  124.9700 1.340466e+06
  124.9800 1.340486e+06
  124.9900 1.340506e+06
  125.0000 1.340526e+06
  125.0100 1.340545e+06
  125.0200 1.340565e+06
  125.0300 1.340584e+06
  125.0400 1.340604e+06
  125.0500 1.340623e+06
  125.0600 1.340642e+06
  125.0700 1.340661e+06
  125.0800 1.340680e+06
  125.0900 1.340699e+06
  125.1000 1.340718e+06
  125.1100 1.340737e+06
  125.1200 1.340756e+06
  125.1300 1.340774e+06
  125.1400 1.340793e+06
  125.1500 1.340811e+06
  125.1600 1.340829e+06
  125.1700 1.340847e+06
  125.1800 1.340866e+06
  125.1900 1.340884e+06
  125.2000 1.340901e+06
  125.2100 1.340919e+06
  125.2200 1.340937e+06
  125.2300 1.340955e+06
  125.2400 1.340972e+06
  125.2500 1.340990e+06
  125.2600 1.341007e+06
  125.2700 1.341024e+06
  125.2800 1.341042e+06
  125.2900 1.341059e+06
  125.3000 1.341076e+06
  125.3100 1.341093e+06
  125.3200 1.341110e+06
  125.3300 1.341126e+06
  125.3400 1.341143e+06
  125.3500 1.341160e+06
  125.3600 1.341176e+06
  125.3700 1.341192e+06
  125.3800 1.341209e+06
  125.3900 1.341225e+06
  125.4000 1.341241e+06
  125.4100 1.341257e+06
  125.4200 1.341273e+06
  125.4300 1.341289e+06
  125.4400 1.341305e+06
  125.4500 1.341321e+06
  125.4600 1.341336e+06
  125.4700 1.341352e+06
  125.4800 1.341367e+06
  125.4900 1.341383e+06
  125.5000 1.341398e+06
  125.5100 1.341413e+06
  125.5200 1.341428e+06
  125.5300 1.341443e+06
  125.5400 1.341458e+06
  125.5500 1.341473e+06
  125.5600 1.341488e+06
  125.5700 1.341502e+06
  125.5800 1.341517e+06
  125.5900 1.341531e+06
  125.6000 1.341546e+06
  125.6100 1.341560e+06
  125.6200 1.341574e+06
  125.6300 1.341589e+06
  125.6400 1.341603e+06
  125.6500 1.341617e+06
  125.6600 1.341631e+06
  125.6700 1.341644e+06
  125.6800 1.341658e+06
  125.6900 1.341672e+06
  125.7000 1.341685e+06
  125.7100 1.341699e+06
  125.7200 1.341712e+06
  125.7300 1.341726e+06
  125.7400 1.341739e+06
  125.7500 1.341752e+06
  125.7600 1.341765e+06
  125.7700 1.341778e+06
  125.7800 1.341791e+06
  125.7900 1.341804e+06
  125.8000 1.341817e+06
  125.8100 1.341829e+06
  125.8200 1.341842e+06
  125.8300 1.341854e+06
  125.8400 1.341867e+06
  125.8500 1.341879e+06
  125.8600 1.341891e+06
  125.8700 1.341903e+06
  125.8800 1.341916e+06
  125.8900 1.341928e+06
  125.9000 1.341940e+06
  125.9100 1.341951e+06
  125.9200 1.341963e+06
  125.9300 1.341975e+06
  125.9400 1.341986e+06
  125.9500 1.341998e+06
  125.9600 1.342009e+06
  125.9700 1.342021e+06
  125.9800 1.342032e+06
  125.9900 1.342043e+06
  126.0000 1.342054e+06
  126.0100 1.342065e+06
  126.0200 1.342076e+06
  126.0300 1.342087e+06
  126.0400 1.342098e+06
  126.0500 1.342109e+06
  126.0600 1.342120e+06
  126.0700 1.342130e+06
  126.0800 1.342141e+06
  126.0900 1.342151e+06
  126.1000 1.342161e+06
  126.1100 1.342172e+06
  126.1200 1.342182e+06
  126.1300 1.342192e+06
  126.1400 1.342202e+06
  126.1500 1.342212e+06
  126.1600 1.342222e+06
  126.1700 1.342232e+06
  126.1800 1.342241e+06
  126.1900 1.342251e+06
  126.2000 1.342261e+06
  126.2100 1.342270e+06
  126.2200 1.342279e+06
  126.2300 1.342289e+06
  126.2400 1.342298e+06
  126.2500 1.342307e+06
  126.2600 1.342316e+06
  126.2700 1.342325e+06
  126.2800 1.342334e+06
  126.2900 1.342343e+06
  126.3000 1.342352e+06
  126.3100 1.342361e+06
  126.3200 1.342369e+06
  126.3300 1.342378e+06
  126.3400 1.342387e+06
  126.3500 1.342395e+06
  126.3600 1.342403e+06
  126.3700 1.342412e+06
  126.3800 1.342420e+06
  126.3900 1.342428e+06
  126.4000 1.342436e+06
  126.4100 1.342444e+06
  126.4200 1.342452e+06
  126.4300 1.342460e+06
  126.4400 1.342467e+06
  126.4500 1.342475e+06
  126.4600 1.342483e+06
  126.4700 1.342490e+06
  126.4800 1.342498e+06
  126.4900 1.342505e+06
  126.5000 1.342513e+06
  126.5100 1.342520e+06
  126.5200 1.342527e+06
  126.5300 1.342534e+06
  126.5400 1.342541e+06
  126.5500 1.342548e+06
  126.5600 1.342555e+06
  126.5700 1.342562e+06
  126.5800 1.342569e+06
  126.5900 1.342575e+06
  126.6000 1.342582e+06
  126.6100 1.342588e+06
  126.6200 1.342595e+06
  126.6300 1.342601e+06
  126.6400 1.342608e+06
  126.6500 1.342614e+06
  126.6600 1.342620e+06
  126.6700 1.342626e+06
  126.6800 1.342632e+06
  126.6900 1.342638e+06
  126.7000 1.342644e+06
  126.7100 1.342650e+06
  126.7200 1.342656e+06
  126.7300 1.342661e+06
  126.7400 1.342667e+06
  126.7500 1.342672e+06
  126.7600 1.342678e+06
  126.7700 1.342683e+06
  126.7800 1.342689e+06
  126.7900 1.342694e+06
  126.8000 1.342699e+06
  126.8100 1.342704e+06
  126.8200 1.342709e+06
  126.8300 1.342714e+06
  126.8400 1.342719e+06
  126.8500 1.342724e+06
  126.8600 1.342729e+06
  126.8700 1.342734e+06
  126.8800 1.342738e+06
  126.8900 1.342743e+06
  126.9000 1.342748e+06
  126.9100 1.342752e+06
  126.9200 1.342756e+06
  126.9300 1.342761e+06
  126.9400 1.342765e+06
  126.9500 1.342769e+06
  126.9600 1.342773e+06
  126.9700 1.342777e+06
  126.9800 1.342781e+06
  126.9900 1.342785e+06
  127.0000 1.342789e+06
  127.0100 1.342793e+06
  127.0200 1.342797e+06
  127.0300 1.342800e+06
  127.0400 1.342804e+06
  127.0500 1.342808e+06
  127.0600 1.342811e+06
  127.0700 1.342814e+06
  127.0800 1.342818e+06
  127.0900 1.342821e+06
  127.1000 1.342824e+06
  127.1100 1.342827e+06
  127.1200 1.342830e+06
  127.1300 1.342833e+06
  127.1400 1.342836e+06
  127.1500 1.342839e+06
  127.1600 1.342842e+06
  127.1700 1.342845e+06
  127.1800 1.342848e+06
  127.1900 1.342850e+06
  127.2000 1.342853e+06
  127.2100 1.342855e+06
  127.2200 1.342858e+06
  127.2300 1.342860e+06
  127.2400 1.342863e+06
  127.2500 1.342865e+06
  127.2600 1.342867e+06
  127.2700 1.342869e+06
  127.2800 1.342871e+06
  127.2900 1.342873e+06
  127.3000 1.342875e+06
  127.3100 1.342877e+06
  127.3200 1.342879e+06
  127.3300 1.342881e+06
  127.3400 1.342882e+06
  127.3500 1.342884e+06
  127.3600 1.342886e+06
  127.3700 1.342887e+06
  127.3800 1.342889e+06
  127.3900 1.342890e+06
  127.4000 1.342891e+06
  127.4100 1.342893e+06
  127.4200 1.342894e+06
  127.4300 1.342895e+06
  127.4400 1.342896e+06
  127.4500 1.342897e+06
  127.4600 1.342898e+06
  127.4700 1.342899e+06
  127.4800 1.342900e+06
  127.4900 1.342901e+06
  127.5000 1.342901e+06
  127.5100 1.342902e+06
  127.5200 1.342903e+06
  127.5300 1.342903e+06
  127.5400 1.342904e+06
  127.5500 1.342904e+06
  127.5600 1.342905e+06
  127.5700 1.342905e+06
  127.5800 1.342905e+06
  127.5900 1.342905e+06
  127.6000 1.342906e+06
  127.6100 1.342906e+06
  127.6200 1.342906e+06
  127.6300 1.342906e+06
  127.6400 1.342906e+06
  127.6500 1.342906e+06
  127.6600 1.342905e+06
  127.6700 1.342905e+06
  127.6800 1.342905e+06
  127.6900 1.342904e+06
  127.7000 1.342904e+06
  127.7100 1.342904e+06
  127.7200 1.342903e+06
  127.7300 1.342902e+06
  127.7400 1.342902e+06
  127.7500 1.342901e+06
  127.7600 1.342900e+06
  127.7700 1.342900e+06
  127.7800 1.342899e+06
  127.7900 1.342898e+06
  127.8000 1.342897e+06
  127.8100 1.342896e+06
  127.8200 1.342895e+06
  127.8300 1.342894e+06
  127.8400 1.342892e+06
  127.8500 1.342891e+06
  127.8600 1.342890e+06
  127.8700 1.342889e+06
  127.8800 1.342887e+06
  127.8900 1.342886e+06
  127.9000 1.342884e+06
  127.9100 1.342883e+06
  127.9200 1.342881e+06
  127.9300 1.342879e+06
  127.9400 1.342878e+06
  127.9500 1.342876e+06
  127.9600 1.342874e+06
  127.9700 1.342872e+06
  127.9800 1.342870e+06
  127.9900 1.342868e+06
  128.0000 1.342866e+06
  128.0100 1.342864e+06
  128.0200 1.342862e+06
  128.0300 1.342860e+06
  128.0400 1.342858e+06
  128.0500 1.342855e+06
  128.0600 1.342853e+06
  128.0700 1.342850e+06
  128.0800 1.342848e+06
  128.0900 1.342846e+06
  128.1000 1.342843e+06
  128.1100 1.342840e+06
  128.1200 1.342838e+06
  128.1300 1.342835e+06
  128.1400 1.342832e+06
  128.1500 1.342829e+06
  128.1600 1.342827e+06
  128.1700 1.342824e+06
  128.1800 1.342821e+06
  128.1900 1.342818e+06
  128.2000 1.342815e+06
  128.2100 1.342812e+06
  128.2200 1.342808e+06
  128.2300 1.342805e+06
  128.2400 1.342802e+06
  128.2500 1.342799e+06
  128.2600 1.342795e+06
  128.2700 1.342792e+06
  128.2800 1.342788e+06
  128.2900 1.342785e+06
  128.3000 1.342781e+06
  128.3100 1.342778e+06
  128.3200 1.342774e+06
  128.3300 1.342770e+06
  128.3400 1.342767e+06
  128.3500 1.342763e+06
  128.3600 1.342759e+06
  128.3700 1.342755e+06
  128.3800 1.342751e+06
  128.3900 1.342747e+06
  128.4000 1.342743e+06
  128.4100 1.342739e+06
  128.4200 1.342735e+06
  128.4300 1.342731e+06
  128.4400 1.342727e+06
  128.4500 1.342723e+06
  128.4600 1.342718e+06
  128.4700 1.342714e+06
  128.4800 1.342710e+06
  128.4900 1.342705e+06
  128.5000 1.342701e+06
  128.5100 1.342696e+06
  128.5200 1.342692e+06
  128.5300 1.342687e+06
  128.5400 1.342682e+06
  128.5500 1.342678e+06
  128.5600 1.342673e+06
  128.5700 1.342668e+06
  128.5800 1.342663e+06
  128.5900 1.342658e+06
  128.6000 1.342653e+06
  128.6100 1.342648e+06
  128.6200 1.342643e+06
  128.6300 1.342638e+06
  128.6400 1.342633e+06
  128.6500 1.342628e+06
  128.6600 1.342623e+06
  128.6700 1.342618e+06
  128.6800 1.342612e+06
  128.6900 1.342607e+06
  128.7000 1.342602e+06
  128.7100 1.342596e+06
  128.7200 1.342591e+06
  128.7300 1.342585e+06
  128.7400 1.342580e+06
  128.7500 1.342574e+06
  128.7600 1.342569e+06
  128.7700 1.342563e+06
  128.7800 1.342557e+06
  128.7900 1.342552e+06
  128.8000 1.342546e+06
  128.8100 1.342540e+06
  128.8200 1.342534e+06
  128.8300 1.342528e+06
  128.8400 1.342522e+06
  128.8500 1.342516e+06
  128.8600 1.342510e+06
  128.8700 1.342504e+06
  128.8800 1.342498e+06
  128.8900 1.342492e+06
  128.9000 1.342486e+06
  128.9100 1.342480e+06
  128.9200 1.342473e+06
  128.9300 1.342467e+06
  128.9400 1.342461e+06
  128.9500 1.342454e+06
  128.9600 1.342448e+06
  128.9700 1.342441e+06
  128.9800 1.342435e+06
  128.9900 1.342428e+06
  129.0000 1.342422e+06
  129.0100 1.342415e+06
  129.0200 1.342408e+06
  129.0300 1.342402e+06
  129.0400 1.342395e+06
  129.0500 1.342388e+06
  129.0600 1.342381e+06
  129.0700 1.342375e+06
  129.0800 1.342368e+06
  129.0900 1.342361e+06
  129.1000 1.342354e+06
  129.1100 1.342347e+06
  129.1200 1.342340e+06
  129.1300 1.342333e+06
  129.1400 1.342326e+06
  129.1500 1.342318e+06
  129.1600 1.342311e+06
  129.1700 1.342304e+06
  129.1800 1.342297e+06
  129.1900 1.342290e+06
  129.2000 1.342282e+06
  129.2100 1.342275e+06
  129.2200 1.342267e+06
  129.2300 1.342260e+06
  129.2400 1.342253e+06
  129.2500 1.342245e+06
  129.2600 1.342238e+06
  129.2700 1.342230e+06
  129.2800 1.342222e+06
  129.2900 1.342215e+06
  129.3000 1.342207e+06
  129.3100 1.342199e+06
  129.3200 1.342192e+06
  129.3300 1.342184e+06
  129.3400 1.342176e+06
  129.3500 1.342168e+06
  129.3600 1.342160e+06
  129.3700 1.342152e+06
  129.3800 1.342144e+06
  129.3900 1.342136e+06
  129.4000 1.342128e+06
  129.4100 1.342120e+06
  129.4200 1.342112e+06
  129.4300 1.342104e+06
  129.4400 1.342096e+06
  129.4500 1.342088e+06
  129.4600 1.342080e+06
  129.4700 1.342071e+06
  129.4800 1.342063e+06
  129.4900 1.342055e+06
  129.5000 1.342046e+06
  129.5100 1.342038e+06
  129.5200 1.342030e+06
  129.5300 1.342021e+06
  129.5400 1.342013e+06
  129.5500 1.342004e+06
  129.5600 1.341996e+06
  129.5700 1.341987e+06
  129.5800 1.341979e+06
  129.5900 1.341970e+06
  129.6000 1.341961e+06
  129.6100 1.341953e+06
  129.6200 1.341944e+06
  129.6300 1.341935e+06
  129.6400 1.341926e+06
  129.6500 1.341918e+06
  129.6600 1.341909e+06
  129.6700 1.341900e+06
  129.6800 1.341891e+06
  129.6900 1.341882e+06
  129.7000 1.341873e+06
  129.7100 1.341864e+06
  129.7200 1.341855e+06
  129.7300 1.341846e+06
  129.7400 1.341837e+06
  129.7500 1.341828e+06
  129.7600 1.341819e+06
  129.7700 1.341810e+06
  129.7800 1.341801e+06
  129.7900 1.341791e+06
  129.8000 1.341782e+06
  129.8100 1.341773e+06
  129.8200 1.341764e+06
  129.8300 1.341754e+06
  129.8400 1.341745e+06
  129.8500 1.341736e+06
  129.8600 1.341726e+06
  129.8700 1.341717e+06
  129.8800 1.341707e+06
  129.8900 1.341698e+06
  129.9000 1.341688e+06
  129.9100 1.341679e+06
  129.9200 1.341669e+06
  129.9300 1.341660e+06
  129.9400 1.341650e+06
  129.9500 1.341641e+06
  129.9600 1.341631e+06
  129.9700 1.341621e+06
  129.9800 1.341611e+06
  129.9900 1.341602e+06
  130.0000 1.341592e+06
  130.0100 1.341582e+06
  130.0200 1.341572e+06
  130.0300 1.341563e+06
  130.0400 1.341553e+06
  130.0500 1.341543e+06
  130.0600 1.341533e+06
  130.0700 1.341523e+06
  130.0800 1.341513e+06
  130.0900 1.341503e+06
  130.1000 1.341493e+06
  130.1100 1.341483e+06
  130.1200 1.341473e+06
  130.1300 1.341463e+06
  130.1400 1.341453e+06
  130.1500 1.341443e+06
  130.1600 1.341432e+06
  130.1700 1.341422e+06
  130.1800 1.341412e+06
  130.1900 1.341402e+06
  130.2000 1.341392e+06
  130.2100 1.341381e+06
  130.2200 1.341371e+06
  130.2300 1.341361e+06
  130.2400 1.341350e+06
  130.2500 1.341340e+06
  130.2600 1.341330e+06
  130.2700 1.341319e+06
  130.2800 1.341309e+06
  130.2900 1.341298e+06
  130.3000 1.341288e+06
  130.3100 1.341277e+06
  130.3200 1.341267e+06
  130.3300 1.341256e+06
  130.3400 1.341245e+06
  130.3500 1.341235e+06
  130.3600 1.341224e+06
  130.3700 1.341214e+06
  130.3800 1.341203e+06
  130.3900 1.341192e+06
  130.4000 1.341181e+06
  130.4100 1.341171e+06
  130.4200 1.341160e+06
  130.4300 1.341149e+06
  130.4400 1.341138e+06
  130.4500 1.341127e+06
  130.4600 1.341116e+06
  130.4700 1.341105e+06
  130.4800 1.341094e+06
  130.4900 1.341084e+06
  130.5000 1.341073e+06
  130.5100 1.341061e+06
  130.5200 1.341050e+06
  130.5300 1.341039e+06
  130.5400 1.341028e+06
  130.5500 1.341017e+06
  130.5600 1.341006e+06
  130.5700 1.340995e+06
  130.5800 1.340984e+06
  130.5900 1.340972e+06
  130.6000 1.340961e+06
  130.6100 1.340950e+06
  130.6200 1.340939e+06
  130.6300 1.340927e+06
  130.6400 1.340916e+06
  130.6500 1.340905e+06
  130.6600 1.340893e+06
  130.6700 1.340882e+06
  130.6800 1.340870e+06
  130.6900 1.340859e+06
  130.7000 1.340847e+06
  130.7100 1.340836e+06
  130.7200 1.340824e+06
  130.7300 1.340813e+06
  130.7400 1.340801e+06
  130.7500 1.340790e+06
  130.7600 1.340778e+06
  130.7700 1.340766e+06
  130.7800 1.340755e+06
  130.7900 1.340743e+06
  130.8000 1.340731e+06
  130.8100 1.340720e+06
  130.8200 1.340708e+06
  130.8300 1.340696e+06
  130.8400 1.340684e+06
  130.8500 1.340672e+06
  130.8600 1.340660e+06
  130.8700 1.340649e+06
  130.8800 1.340637e+06
  130.8900 1.340625e+06
  130.9000 1.340613e+06
  130.9100 1.340601e+06
  130.9200 1.340589e+06
  130.9300 1.340577e+06
  130.9400 1.340565e+06
  130.9500 1.340552e+06
  130.9600 1.340540e+06
  130.9700 1.340528e+06
  130.9800 1.340516e+06
  130.9900 1.340504e+06
  131.0000 1.340492e+06
  131.0100 1.340479e+06
  131.0200 1.340467e+06
  131.0300 1.340455e+06
  131.0400 1.340442e+06
  131.0500 1.340430e+06
  131.0600 1.340418e+06
  131.0700 1.340405e+06
  131.0800 1.340393e+06
  131.0900 1.340381e+06
  131.1000 1.340368e+06
  131.1100 1.340356e+06
  131.1200 1.340343e+06
  131.1300 1.340331e+06
  131.1400 1.340318e+06
  131.1500 1.340305e+06
  131.1600 1.340293e+06
  131.1700 1.340280e+06
  131.1800 1.340268e+06
  131.1900 1.340255e+06
  131.2000 1.340242e+06
  131.2100 1.340229e+06
  131.2200 1.340217e+06
  131.2300 1.340204e+06
  131.2400 1.340191e+06
  131.2500 1.340178e+06
  131.2600 1.340166e+06
  131.2700 1.340153e+06
  131.2800 1.340140e+06
  131.2900 1.340127e+06
  131.3000 1.340114e+06
  131.3100 1.340101e+06
  131.3200 1.340088e+06
  131.3300 1.340075e+06
  131.3400 1.340062e+06
  131.3500 1.340049e+06
  131.3600 1.340036e+06
  131.3700 1.340023e+06
  131.3800 1.340009e+06
  131.3900 1.339996e+06
  131.4000 1.339983e+06
  131.4100 1.339970e+06
  131.4200 1.339957e+06
  131.4300 1.339943e+06
  131.4400 1.339930e+06
  131.4500 1.339917e+06
  131.4600 1.339904e+06
  131.4700 1.339890e+06
  131.4800 1.339877e+06
  131.4900 1.339863e+06
  131.5000 1.339850e+06
  131.5100 1.339837e+06
  131.5200 1.339823e+06
  131.5300 1.339810e+06
  131.5400 1.339796e+06
  131.5500 1.339783e+06
  131.5600 1.339769e+06
  131.5700 1.339755e+06
  131.5800 1.339742e+06
  131.5900 1.339728e+06
  131.6000 1.339715e+06
  131.6100 1.339701e+06
  131.6200 1.339687e+06
  131.6300 1.339673e+06
  131.6400 1.339660e+06
  131.6500 1.339646e+06
  131.6600 1.339632e+06
  131.6700 1.339618e+06
  131.6800 1.339604e+06
  131.6900 1.339590e+06
  131.7000 1.339577e+06
  131.7100 1.339563e+06
  131.7200 1.339549e+06
  131.7300 1.339535e+06
  131.7400 1.339521e+06
  131.7500 1.339507e+06
  131.7600 1.339493e+06
  131.7700 1.339479e+06
  131.7800 1.339465e+06
  131.7900 1.339450e+06
  131.8000 1.339436e+06
  131.8100 1.339422e+06
  131.8200 1.339408e+06
  131.8300 1.339394e+06
  131.8400 1.339380e+06
  131.8500 1.339365e+06
  131.8600 1.339351e+06
  131.8700 1.339337e+06
  131.8800 1.339322e+06
  131.8900 1.339308e+06
  131.9000 1.339294e+06
  131.9100 1.339279e+06
  131.9200 1.339265e+06
  131.9300 1.339250e+06
  131.9400 1.339236e+06
  131.9500 1.339221e+06
  131.9600 1.339207e+06
  131.9700 1.339192e+06
  131.9800 1.339178e+06
  131.9900 1.339163e+06
  132.0000 1.339149e+06
  132.0100 1.339134e+06
  132.0200 1.339119e+06
  132.0300 1.339105e+06
  132.0400 1.339090e+06
  132.0500 1.339075e+06
  132.0600 1.339060e+06
  132.0700 1.339046e+06
  132.0800 1.339031e+06
  132.0900 1.339016e+06
  132.1000 1.339001e+06
  132.1100 1.338986e+06
  132.1200 1.338971e+06
  132.1300 1.338957e+06
  132.1400 1.338942e+06
  132.1500 1.338927e+06
  132.1600 1.338912e+06
  132.1700 1.338897e+06
  132.1800 1.338882e+06
  132.1900 1.338867e+06
  132.2000 1.338851e+06
  132.2100 1.338836e+06
  132.2200 1.338821e+06
  132.2300 1.338806e+06
  132.2400 1.338791e+06
  132.2500 1.338776e+06
  132.2600 1.338760e+06
  132.2700 1.338745e+06
  132.2800 1.338730e+06
  132.2900 1.338715e+06
  132.3000 1.338699e+06
  132.3100 1.338684e+06
  132.3200 1.338669e+06
  132.3300 1.338653e+06
  132.3400 1.338638e+06
  132.3500 1.338622e+06
  132.3600 1.338607e+06
  132.3700 1.338591e+06
  132.3800 1.338576e+06
  132.3900 1.338560e+06
  132.4000 1.338545e+06
  132.4100 1.338529e+06
  132.4200 1.338514e+06
  132.4300 1.338498e+06
  132.4400 1.338482e+06
  132.4500 1.338467e+06
  132.4600 1.338451e+06
  132.4700 1.338435e+06
  132.4800 1.338420e+06
  132.4900 1.338404e+06
  132.5000 1.338388e+06
  132.5100 1.338372e+06
  132.5200 1.338356e+06
  132.5300 1.338341e+06
  132.5400 1.338325e+06
  132.5500 1.338309e+06
  132.5600 1.338293e+06
  132.5700 1.338277e+06
  132.5800 1.338261e+06
  132.5900 1.338245e+06
  132.6000 1.338229e+06
  132.6100 1.338213e+06
  132.6200 1.338197e+06
  132.6300 1.338181e+06
  132.6400 1.338165e+06
  132.6500 1.338149e+06
  132.6600 1.338132e+06
  132.6700 1.338116e+06
  132.6800 1.338100e+06
  132.6900 1.338084e+06
  132.7000 1.338068e+06
  132.7100 1.338051e+06
  132.7200 1.338035e+06
  132.7300 1.338019e+06
  132.7400 1.338002e+06
  132.7500 1.337986e+06
  132.7600 1.337970e+06
  132.7700 1.337953e+06
  132.7800 1.337937e+06
  132.7900 1.337920e+06
  132.8000 1.337904e+06
  132.8100 1.337887e+06
  132.8200 1.337871e+06
  132.8300 1.337854e+06
  132.8400 1.337838e+06
  132.8500 1.337821e+06
  132.8600 1.337804e+06
  132.8700 1.337788e+06
  132.8800 1.337771e+06
  132.8900 1.337754e+06
  132.9000 1.337738e+06
  132.9100 1.337721e+06
  132.9200 1.337704e+06
  132.9300 1.337687e+06
  132.9400 1.337671e+06
  132.9500 1.337654e+06
  132.9600 1.337637e+06
  132.9700 1.337620e+06
  132.9800 1.337603e+06
  132.9900 1.337586e+06
  133.0000 1.337569e+06
  133.0100 1.337552e+06
  133.0200 1.337535e+06
  133.0300 1.337518e+06
  133.0400 1.337501e+06
  133.0500 1.337484e+06
  133.0600 1.337467e+06
  133.0700 1.337450e+06
  133.0800 1.337433e+06
  133.0900 1.337416e+06
  133.1000 1.337399e+06
  133.1100 1.337381e+06
  133.1200 1.337364e+06
  133.1300 1.337347e+06
  133.1400 1.337330e+06
  133.1500 1.337312e+06
  133.1600 1.337295e+06
  133.1700 1.337278e+06
  133.1800 1.337260e+06
  133.1900 1.337243e+06
  133.2000 1.337226e+06
  133.2100 1.337208e+06
  133.2200 1.337191e+06
  133.2300 1.337173e+06
  133.2400 1.337156e+06
  133.2500 1.337138e+06
  133.2600 1.337121e+06
  133.2700 1.337103e+06
  133.2800 1.337086e+06
  133.2900 1.337068e+06
  133.3000 1.337050e+06
  133.3100 1.337033e+06
  133.3200 1.337015e+06
  133.3300 1.336997e+06
  133.3400 1.336980e+06
  133.3500 1.336962e+06
  133.3600 1.336944e+06
  133.3700 1.336926e+06
  133.3800 1.336909e+06
  133.3900 1.336891e+06
  133.4000 1.336873e+06
  133.4100 1.336855e+06
  133.4200 1.336837e+06
  133.4300 1.336819e+06
  133.4400 1.336801e+06
  133.4500 1.336783e+06
  133.4600 1.336765e+06
  133.4700 1.336747e+06
  133.4800 1.336729e+06
  133.4900 1.336711e+06
  133.5000 1.336693e+06
  133.5100 1.336675e+06
  133.5200 1.336657e+06
  133.5300 1.336639e+06
  133.5400 1.336620e+06
  133.5500 1.336602e+06
  133.5600 1.336584e+06
  133.5700 1.336566e+06
  133.5800 1.336548e+06
  133.5900 1.336529e+06
  133.6000 1.336511e+06
  133.6100 1.336493e+06
  133.6200 1.336474e+06
  133.6300 1.336456e+06
  133.6400 1.336438e+06
  133.6500 1.336419e+06
  133.6600 1.336401e+06
  133.6700 1.336382e+06
  133.6800 1.336364e+06
  133.6900 1.336345e+06
  133.7000 1.336327e+06
  133.7100 1.336308e+06
  133.7200 1.336289e+06
  133.7300 1.336271e+06
  133.7400 1.336252e+06
  133.7500 1.336234e+06
  133.7600 1.336215e+06
  133.7700 1.336196e+06
  133.7800 1.336178e+06
  133.7900 1.336159e+06
  133.8000 1.336140e+06
  133.8100 1.336121e+06
  133.8200 1.336102e+06
  133.8300 1.336084e+06
  133.8400 1.336065e+06
  133.8500 1.336046e+06
  133.8600 1.336027e+06
  133.8700 1.336008e+06
  133.8800 1.335989e+06
  133.8900 1.335970e+06
  133.9000 1.335951e+06
  133.9100 1.335932e+06
  133.9200 1.335913e+06
  133.9300 1.335894e+06
  133.9400 1.335875e+06
  133.9500 1.335856e+06
  133.9600 1.335837e+06
  133.9700 1.335818e+06
  133.9800 1.335799e+06
  133.9900 1.335779e+06
  134.0000 1.335760e+06
  134.0100 1.335741e+06
  134.0200 1.335722e+06
  134.0300 1.335702e+06
  134.0400 1.335683e+06
  134.0500 1.335664e+06
  134.0600 1.335644e+06
  134.0700 1.335625e+06
  134.0800 1.335606e+06
  134.0900 1.335586e+06
  134.1000 1.335567e+06
  134.1100 1.335547e+06
  134.1200 1.335528e+06
  134.1300 1.335508e+06
  134.1400 1.335489e+06
  134.1500 1.335469e+06
  134.1600 1.335450e+06
  134.1700 1.335430e+06
  134.1800 1.335411e+06
  134.1900 1.335391e+06
  134.2000 1.335371e+06
  134.2100 1.335352e+06
  134.2200 1.335332e+06
  134.2300 1.335312e+06
  134.2400 1.335292e+06
  134.2500 1.335273e+06
  134.2600 1.335253e+06
  134.2700 1.335233e+06
  134.2800 1.335213e+06
  134.2900 1.335193e+06
  134.3000 1.335173e+06
  134.3100 1.335154e+06
  134.3200 1.335134e+06
  134.3300 1.335114e+06
  134.3400 1.335094e+06
  134.3500 1.335074e+06
  134.3600 1.335054e+06
  134.3700 1.335034e+06
  134.3800 1.335014e+06
  134.3900 1.334994e+06
  134.4000 1.334973e+06
  134.4100 1.334953e+06
  134.4200 1.334933e+06
  134.4300 1.334913e+06
  134.4400 1.334893e+06
  134.4500 1.334873e+06
  134.4600 1.334852e+06
  134.4700 1.334832e+06
  134.4800 1.334812e+06
  134.4900 1.334792e+06
  134.5000 1.334771e+06
  134.5100 1.334751e+06
  134.5200 1.334731e+06
  134.5300 1.334710e+06
  134.5400 1.334690e+06
  134.5500 1.334669e+06
  134.5600 1.334649e+06
  134.5700 1.334628e+06
  134.5800 1.334608e+06
  134.5900 1.334587e+06
  134.6000 1.334567e+06
  134.6100 1.334546e+06
  134.6200 1.334526e+06
  134.6300 1.334505e+06
  134.6400 1.334484e+06
  134.6500 1.334464e+06
  134.6600 1.334443e+06
  134.6700 1.334422e+06
  134.6800 1.334402e+06
  134.6900 1.334381e+06
  134.7000 1.334360e+06
  134.7100 1.334339e+06
  134.7200 1.334319e+06
  134.7300 1.334298e+06
  134.7400 1.334277e+06
  134.7500 1.334256e+06
  134.7600 1.334235e+06
  134.7700 1.334214e+06
  134.7800 1.334193e+06
  134.7900 1.334172e+06
  134.8000 1.334151e+06
  134.8100 1.334130e+06
  134.8200 1.334109e+06
  134.8300 1.334088e+06
  134.8400 1.334067e+06
  134.8500 1.334046e+06
  134.8600 1.334025e+06
  134.8700 1.334004e+06
  134.8800 1.333983e+06
  134.8900 1.333962e+06
  134.9000 1.333940e+06
  134.9100 1.333919e+06
  134.9200 1.333898e+06
  134.9300 1.333877e+06
  134.9400 1.333855e+06
  134.9500 1.333834e+06
  134.9600 1.333813e+06
  134.9700 1.333792e+06
  134.9800 1.333770e+06
  134.9900 1.333749e+06
  135.0000 1.333727e+06
  135.0100 1.333706e+06
  135.0200 1.333684e+06
  135.0300 1.333663e+06
  135.0400 1.333641e+06
  135.0500 1.333620e+06
  135.0600 1.333598e+06
  135.0700 1.333577e+06
  135.0800 1.333555e+06
  135.0900 1.333534e+06
  135.1000 1.333512e+06
  135.1100 1.333490e+06
  135.1200 1.333469e+06
  135.1300 1.333447e+06
  135.1400 1.333425e+06
  135.1500 1.333404e+06
  135.1600 1.333382e+06
  135.1700 1.333360e+06
  135.1800 1.333338e+06
  135.1900 1.333316e+06
  135.2000 1.333295e+06
  135.2100 1.333273e+06
  135.2200 1.333251e+06
  135.2300 1.333229e+06
  135.2400 1.333207e+06
  135.2500 1.333185e+06
  135.2600 1.333163e+06
  135.2700 1.333141e+06
  135.2800 1.333119e+06
  135.2900 1.333097e+06
  135.3000 1.333075e+06
  135.3100 1.333053e+06
  135.3200 1.333031e+06
  135.3300 1.333009e+06
  135.3400 1.332986e+06
  135.3500 1.332964e+06
  135.3600 1.332942e+06
  135.3700 1.332920e+06
  135.3800 1.332898e+06
  135.3900 1.332875e+06
  135.4000 1.332853e+06
  135.4100 1.332831e+06
  135.4200 1.332808e+06
  135.4300 1.332786e+06
  135.4400 1.332764e+06
  135.4500 1.332741e+06
  135.4600 1.332719e+06
  135.4700 1.332697e+06
  135.4800 1.332674e+06
  135.4900 1.332652e+06
  135.5000 1.332629e+06
  135.5100 1.332607e+06
  135.5200 1.332584e+06
  135.5300 1.332561e+06
  135.5400 1.332539e+06
  135.5500 1.332516e+06
  135.5600 1.332494e+06
  135.5700 1.332471e+06
  135.5800 1.332448e+06
  135.5900 1.332426e+06
  135.6000 1.332403e+06
  135.6100 1.332380e+06
  135.6200 1.332358e+06
  135.6300 1.332335e+06
  135.6400 1.332312e+06
  135.6500 1.332289e+06
  135.6600 1.332266e+06
  135.6700 1.332243e+06
  135.6800 1.332221e+06
  135.6900 1.332198e+06
  135.7000 1.332175e+06
  135.7100 1.332152e+06
  135.7200 1.332129e+06
  135.7300 1.332106e+06
  135.7400 1.332083e+06
  135.7500 1.332060e+06
  135.7600 1.332037e+06
  135.7700 1.332014e+06
  135.7800 1.331991e+06
  135.7900 1.331968e+06
  135.8000 1.331944e+06
  135.8100 1.331921e+06
  135.8200 1.331898e+06
  135.8300 1.331875e+06
  135.8400 1.331852e+06
  135.8500 1.331828e+06
  135.8600 1.331805e+06
  135.8700 1.331782e+06
  135.8800 1.331759e+06
  135.8900 1.331735e+06
  135.9000 1.331712e+06
  135.9100 1.331689e+06
  135.9200 1.331665e+06
  135.9300 1.331642e+06
  135.9400 1.331618e+06
  135.9500 1.331595e+06
  135.9600 1.331571e+06
  135.9700 1.331548e+06
  135.9800 1.331524e+06
  135.9900 1.331501e+06
  136.0000 1.331477e+06
  136.0100 1.331454e+06
  136.0200 1.331430e+06
  136.0300 1.331407e+06
  136.0400 1.331383e+06
  136.0500 1.331359e+06
  136.0600 1.331336e+06
  136.0700 1.331312e+06
  136.0800 1.331288e+06
  136.0900 1.331264e+06
  136.1000 1.331241e+06
  136.1100 1.331217e+06
  136.1200 1.331193e+06
  136.1300 1.331169e+06
  136.1400 1.331145e+06
  136.1500 1.331122e+06
  136.1600 1.331098e+06
  136.1700 1.331074e+06
  136.1800 1.331050e+06
  136.1900 1.331026e+06
  136.2000 1.331002e+06
  136.2100 1.330978e+06
  136.2200 1.330954e+06
  136.2300 1.330930e+06
  136.2400 1.330906e+06
  136.2500 1.330882e+06
  136.2600 1.330858e+06
  136.2700 1.330833e+06
  136.2800 1.330809e+06
  136.2900 1.330785e+06
  136.3000 1.330761e+06
  136.3100 1.330737e+06
  136.3200 1.330713e+06
  136.3300 1.330688e+06
  136.3400 1.330664e+06
  136.3500 1.330640e+06
  136.3600 1.330615e+06
  136.3700 1.330591e+06
  136.3800 1.330567e+06
  136.3900 1.330542e+06
  136.4000 1.330518e+06
  136.4100 1.330494e+06
  136.4200 1.330469e+06
  136.4300 1.330445e+06
  136.4400 1.330420e+06
  136.4500 1.330396e+06
  136.4600 1.330371e+06
  136.4700 1.330347e+06
  136.4800 1.330322e+06
  136.4900 1.330297e+06
  136.5000 1.330273e+06
  136.5100 1.330248e+06
  136.5200 1.330224e+06
  136.5300 1.330199e+06
  136.5400 1.330174e+06
  136.5500 1.330150e+06
  136.5600 1.330125e+06
  136.5700 1.330100e+06
  136.5800 1.330075e+06
  136.5900 1.330051e+06
  136.6000 1.330026e+06
  136.6100 1.330001e+06
  136.6200 1.329976e+06
  136.6300 1.329951e+06
  136.6400 1.329926e+06
  136.6500 1.329901e+06
  136.6600 1.329876e+06
  136.6700 1.329851e+06
  136.6800 1.329827e+06
  136.6900 1.329802e+06
  136.7000 1.329777e+06
  136.7100 1.329751e+06
  136.7200 1.329726e+06
  136.7300 1.329701e+06
  136.7400 1.329676e+06
  136.7500 1.329651e+06
  136.7600 1.329626e+06
  136.7700 1.329601e+06
  136.7800 1.329576e+06
  136.7900 1.329550e+06
  136.8000 1.329525e+06
  136.8100 1.329500e+06
  136.8200 1.329475e+06
  136.8300 1.329449e+06
  136.8400 1.329424e+06
  136.8500 1.329399e+06
  136.8600 1.329373e+06
  136.8700 1.329348e+06
  136.8800 1.329323e+06
  136.8900 1.329297e+06
  136.9000 1.329272e+06
  136.9100 1.329246e+06
  136.9200 1.329221e+06
  136.9300 1.329195e+06
  136.9400 1.329170e+06
  136.9500 1.329144e+06
  136.9600 1.329119e+06
  136.9700 1.329093e+06
  136.9800 1.329068e+06
  136.9900 1.329042e+06
  137.0000 1.329016e+06
  137.0100 1.328991e+06
  137.0200 1.328965e+06
  137.0300 1.328939e+06
  137.0400 1.328914e+06
  137.0500 1.328888e+06
  137.0600 1.328862e+06
  137.0700 1.328837e+06
  137.0800 1.328811e+06
  137.0900 1.328785e+06
  137.1000 1.328759e+06
  137.1100 1.328733e+06
  137.1200 1.328707e+06
  137.1300 1.328681e+06
  137.1400 1.328656e+06
  137.1500 1.328630e+06
  137.1600 1.328604e+06
  137.1700 1.328578e+06
  137.1800 1.328552e+06
  137.1900 1.328526e+06
  137.2000 1.328500e+06
  137.2100 1.328474e+06
  137.2200 1.328447e+06
  137.2300 1.328421e+06
  137.2400 1.328395e+06
  137.2500 1.328369e+06
  137.2600 1.328343e+06
  137.2700 1.328317e+06
  137.2800 1.328291e+06
  137.2900 1.328264e+06
  137.3000 1.328238e+06
  137.3100 1.328212e+06
  137.3200 1.328186e+06
  137.3300 1.328159e+06
  137.3400 1.328133e+06
  137.3500 1.328107e+06
  137.3600 1.328080e+06
  137.3700 1.328054e+06
  137.3800 1.328027e+06
  137.3900 1.328001e+06
  137.4000 1.327975e+06
  137.4100 1.327948e+06
  137.4200 1.327922e+06
  137.4300 1.327895e+06
  137.4400 1.327869e+06
  137.4500 1.327842e+06
  137.4600 1.327815e+06
  137.4700 1.327789e+06
  137.4800 1.327762e+06
  137.4900 1.327736e+06
  137.5000 1.327709e+06
  137.5100 1.327682e+06
  137.5200 1.327656e+06
  137.5300 1.327629e+06
  137.5400 1.327602e+06
  137.5500 1.327575e+06
  137.5600 1.327549e+06
  137.5700 1.327522e+06
  137.5800 1.327495e+06
  137.5900 1.327468e+06
  137.6000 1.327441e+06
  137.6100 1.327415e+06
  137.6200 1.327388e+06
  137.6300 1.327361e+06
  137.6400 1.327334e+06
  137.6500 1.327307e+06
  137.6600 1.327280e+06
  137.6700 1.327253e+06
  137.6800 1.327226e+06
  137.6900 1.327199e+06
  137.7000 1.327172e+06
  137.7100 1.327145e+06
  137.7200 1.327118e+06
  137.7300 1.327091e+06
  137.7400 1.327063e+06
  137.7500 1.327036e+06
  137.7600 1.327009e+06
  137.7700 1.326982e+06
  137.7800 1.326955e+06
  137.7900 1.326928e+06
  137.8000 1.326900e+06
  137.8100 1.326873e+06
  137.8200 1.326846e+06
  137.8300 1.326818e+06
  137.8400 1.326791e+06
  137.8500 1.326764e+06
  137.8600 1.326736e+06
  137.8700 1.326709e+06
  137.8800 1.326682e+06
  137.8900 1.326654e+06
  137.9000 1.326627e+06
  137.9100 1.326599e+06
  137.9200 1.326572e+06
  137.9300 1.326544e+06
  137.9400 1.326517e+06
  137.9500 1.326489e+06
  137.9600 1.326462e+06
  137.9700 1.326434e+06
  137.9800 1.326406e+06
  137.9900 1.326379e+06
  138.0000 1.326351e+06
  138.0100 1.326323e+06
  138.0200 1.326296e+06
  138.0300 1.326268e+06
  138.0400 1.326240e+06
  138.0500 1.326213e+06
  138.0600 1.326185e+06
  138.0700 1.326157e+06
  138.0800 1.326129e+06
  138.0900 1.326101e+06
  138.1000 1.326074e+06
  138.1100 1.326046e+06
  138.1200 1.326018e+06
  138.1300 1.325990e+06
  138.1400 1.325962e+06
  138.1500 1.325934e+06
  138.1600 1.325906e+06
  138.1700 1.325878e+06
  138.1800 1.325850e+06
  138.1900 1.325822e+06
  138.2000 1.325794e+06
  138.2100 1.325766e+06
  138.2200 1.325738e+06
  138.2300 1.325710e+06
  138.2400 1.325682e+06
  138.2500 1.325654e+06
  138.2600 1.325625e+06
  138.2700 1.325597e+06
  138.2800 1.325569e+06
  138.2900 1.325541e+06
  138.3000 1.325513e+06
  138.3100 1.325484e+06
  138.3200 1.325456e+06
  138.3300 1.325428e+06
  138.3400 1.325399e+06
  138.3500 1.325371e+06
  138.3600 1.325343e+06
  138.3700 1.325314e+06
  138.3800 1.325286e+06
  138.3900 1.325258e+06
  138.4000 1.325229e+06
  138.4100 1.325201e+06
  138.4200 1.325172e+06
  138.4300 1.325144e+06
  138.4400 1.325115e+06
  138.4500 1.325087e+06
  138.4600 1.325058e+06
  138.4700 1.325030e+06
  138.4800 1.325001e+06
  138.4900 1.324972e+06
  138.5000 1.324944e+06
  138.5100 1.324915e+06
  138.5200 1.324886e+06
  138.5300 1.324858e+06
  138.5400 1.324829e+06
  138.5500 1.324800e+06
  138.5600 1.324772e+06
  138.5700 1.324743e+06
  138.5800 1.324714e+06
  138.5900 1.324685e+06
  138.6000 1.324656e+06
  138.6100 1.324628e+06
  138.6200 1.324599e+06
  138.6300 1.324570e+06
  138.6400 1.324541e+06
  138.6500 1.324512e+06
  138.6600 1.324483e+06
  138.6700 1.324454e+06
  138.6800 1.324425e+06
  138.6900 1.324396e+06
  138.7000 1.324367e+06
  138.7100 1.324338e+06
  138.7200 1.324309e+06
  138.7300 1.324280e+06
  138.7400 1.324251e+06
  138.7500 1.324222e+06
  138.7600 1.324193e+06
  138.7700 1.324163e+06
  138.7800 1.324134e+06
  138.7900 1.324105e+06
  138.8000 1.324076e+06
  138.8100 1.324047e+06
  138.8200 1.324017e+06
  138.8300 1.323988e+06
  138.8400 1.323959e+06
  138.8500 1.323930e+06
  138.8600 1.323900e+06
  138.8700 1.323871e+06
  138.8800 1.323841e+06
  138.8900 1.323812e+06
  138.9000 1.323783e+06
  138.9100 1.323753e+06
  138.9200 1.323724e+06
  138.9300 1.323694e+06
  138.9400 1.323665e+06
  138.9500 1.323635e+06
  138.9600 1.323606e+06
  138.9700 1.323576e+06
  138.9800 1.323547e+06
  138.9900 1.323517e+06
  139.0000 1.323488e+06
  139.0100 1.323458e+06
  139.0200 1.323428e+06
  139.0300 1.323399e+06
  139.0400 1.323369e+06
  139.0500 1.323339e+06
  139.0600 1.323310e+06
  139.0700 1.323280e+06
  139.0800 1.323250e+06
  139.0900 1.323220e+06
  139.1000 1.323191e+06
  139.1100 1.323161e+06
  139.1200 1.323131e+06
  139.1300 1.323101e+06
  139.1400 1.323071e+06
  139.1500 1.323041e+06
  139.1600 1.323011e+06
  139.1700 1.322982e+06
  139.1800 1.322952e+06
  139.1900 1.322922e+06
  139.2000 1.322892e+06
  139.2100 1.322862e+06
  139.2200 1.322832e+06
  139.2300 1.322802e+06
  139.2400 1.322772e+06
  139.2500 1.322742e+06
  139.2600 1.322711e+06
  139.2700 1.322681e+06
  139.2800 1.322651e+06
  139.2900 1.322621e+06
  139.3000 1.322591e+06
  139.3100 1.322561e+06
  139.3200 1.322530e+06
  139.3300 1.322500e+06
  139.3400 1.322470e+06
  139.3500 1.322440e+06
  139.3600 1.322409e+06
  139.3700 1.322379e+06
  139.3800 1.322349e+06
  139.3900 1.322319e+06
  139.4000 1.322288e+06
  139.4100 1.322258e+06
  139.4200 1.322227e+06
  139.4300 1.322197e+06
  139.4400 1.322167e+06
  139.4500 1.322136e+06
  139.4600 1.322106e+06
  139.4700 1.322075e+06
  139.4800 1.322045e+06
  139.4900 1.322014e+06
  139.5000 1.321984e+06
  139.5100 1.321953e+06
  139.5200 1.321922e+06
  139.5300 1.321892e+06
  139.5400 1.321861e+06
  139.5500 1.321831e+06
  139.5600 1.321800e+06
  139.5700 1.321769e+06
  139.5800 1.321738e+06
  139.5900 1.321708e+06
  139.6000 1.321677e+06
  139.6100 1.321646e+06
  139.6200 1.321616e+06
  139.6300 1.321585e+06
  139.6400 1.321554e+06
  139.6500 1.321523e+06
  139.6600 1.321492e+06
  139.6700 1.321461e+06
  139.6800 1.321430e+06
  139.6900 1.321400e+06
  139.7000 1.321369e+06
  139.7100 1.321338e+06
  139.7200 1.321307e+06
  139.7300 1.321276e+06
  139.7400 1.321245e+06
  139.7500 1.321214e+06
  139.7600 1.321183e+06
  139.7700 1.321152e+06
  139.7800 1.321121e+06
  139.7900 1.321090e+06
  139.8000 1.321058e+06
  139.8100 1.321027e+06
  139.8200 1.320996e+06
  139.8300 1.320965e+06
  139.8400 1.320934e+06
  139.8500 1.320903e+06
  139.8600 1.320871e+06
  139.8700 1.320840e+06
  139.8800 1.320809e+06
  139.8900 1.320778e+06
  139.9000 1.320746e+06
  139.9100 1.320715e+06
  139.9200 1.320684e+06
  139.9300 1.320652e+06
  139.9400 1.320621e+06
  139.9500 1.320590e+06
  139.9600 1.320558e+06
  139.9700 1.320527e+06
  139.9800 1.320495e+06
  139.9900 1.320464e+06
  140.0000 1.320432e+06
  140.0100 1.320401e+06
  140.0200 1.320369e+06
  140.0300 1.320338e+06
  140.0400 1.320306e+06
  140.0500 1.320275e+06
  140.0600 1.320243e+06
  140.0700 1.320211e+06
  140.0800 1.320180e+06
  140.0900 1.320148e+06
  140.1000 1.320116e+06
  140.1100 1.320085e+06
  140.1200 1.320053e+06
  140.1300 1.320021e+06
  140.1400 1.319990e+06
  140.1500 1.319958e+06
  140.1600 1.319926e+06
  140.1700 1.319894e+06
  140.1800 1.319862e+06
  140.1900 1.319831e+06
  140.2000 1.319799e+06
  140.2100 1.319767e+06
  140.2200 1.319735e+06
  140.2300 1.319703e+06
  140.2400 1.319671e+06
  140.2500 1.319639e+06
  140.2600 1.319607e+06
  140.2700 1.319575e+06
  140.2800 1.319543e+06
  140.2900 1.319511e+06
  140.3000 1.319479e+06
  140.3100 1.319447e+06
  140.3200 1.319415e+06
  140.3300 1.319383e+06
  140.3400 1.319351e+06
  140.3500 1.319319e+06
  140.3600 1.319287e+06
  140.3700 1.319254e+06
  140.3800 1.319222e+06
  140.3900 1.319190e+06
  140.4000 1.319158e+06
  140.4100 1.319126e+06
  140.4200 1.319093e+06
  140.4300 1.319061e+06
  140.4400 1.319029e+06
  140.4500 1.318997e+06
  140.4600 1.318964e+06
  140.4700 1.318932e+06
  140.4800 1.318899e+06
  140.4900 1.318867e+06
  140.5000 1.318835e+06
  140.5100 1.318802e+06
  140.5200 1.318770e+06
  140.5300 1.318737e+06
  140.5400 1.318705e+06
  140.5500 1.318672e+06
  140.5600 1.318640e+06
  140.5700 1.318607e+06
  140.5800 1.318575e+06
  140.5900 1.318542e+06
  140.6000 1.318510e+06
  140.6100 1.318477e+06
  140.6200 1.318444e+06
  140.6300 1.318412e+06
  140.6400 1.318379e+06
  140.6500 1.318347e+06
  140.6600 1.318314e+06
  140.6700 1.318281e+06
  140.6800 1.318248e+06
  140.6900 1.318216e+06
  140.7000 1.318183e+06
  140.7100 1.318150e+06
  140.7200 1.318117e+06
  140.7300 1.318084e+06
  140.7400 1.318052e+06
  140.7500 1.318019e+06
  140.7600 1.317986e+06
  140.7700 1.317953e+06
  140.7800 1.317920e+06
  140.7900 1.317887e+06
  140.8000 1.317854e+06
  140.8100 1.317821e+06
  140.8200 1.317788e+06
  140.8300 1.317755e+06
  140.8400 1.317722e+06
  140.8500 1.317689e+06
  140.8600 1.317656e+06
  140.8700 1.317623e+06
  140.8800 1.317590e+06
  140.8900 1.317557e+06
  140.9000 1.317524e+06
  140.9100 1.317491e+06
  140.9200 1.317457e+06
  140.9300 1.317424e+06
  140.9400 1.317391e+06
  140.9500 1.317358e+06
  140.9600 1.317325e+06
  140.9700 1.317291e+06
  140.9800 1.317258e+06
  140.9900 1.317225e+06
  141.0000 1.317192e+06
  141.0100 1.317158e+06
  141.0200 1.317125e+06
  141.0300 1.317092e+06
  141.0400 1.317058e+06
  141.0500 1.317025e+06
  141.0600 1.316991e+06
  141.0700 1.316958e+06
  141.0800 1.316924e+06
  141.0900 1.316891e+06
  141.1000 1.316858e+06
  141.1100 1.316824e+06
  141.1200 1.316790e+06
  141.1300 1.316757e+06
  141.1400 1.316723e+06
  141.1500 1.316690e+06
  141.1600 1.316656e+06
  141.1700 1.316623e+06
  141.1800 1.316589e+06
  141.1900 1.316555e+06
  141.2000 1.316522e+06
  141.2100 1.316488e+06
  141.2200 1.316454e+06
  141.2300 1.316421e+06
  141.2400 1.316387e+06
  141.2500 1.316353e+06
  141.2600 1.316319e+06
  141.2700 1.316286e+06
  141.2800 1.316252e+06
  141.2900 1.316218e+06
  141.3000 1.316184e+06
  141.3100 1.316150e+06
  141.3200 1.316116e+06
  141.3300 1.316082e+06
  141.3400 1.316049e+06
  141.3500 1.316015e+06
  141.3600 1.315981e+06
  141.3700 1.315947e+06
  141.3800 1.315913e+06
  141.3900 1.315879e+06
  141.4000 1.315845e+06
  141.4100 1.315811e+06
  141.4200 1.315777e+06
  141.4300 1.315743e+06
  141.4400 1.315708e+06
  141.4500 1.315674e+06
  141.4600 1.315640e+06
  141.4700 1.315606e+06
  141.4800 1.315572e+06
  141.4900 1.315538e+06
  141.5000 1.315504e+06
  141.5100 1.315469e+06
  141.5200 1.315435e+06
  141.5300 1.315401e+06
  141.5400 1.315367e+06
  141.5500 1.315332e+06
  141.5600 1.315298e+06
  141.5700 1.315264e+06
  141.5800 1.315229e+06
  141.5900 1.315195e+06
  141.6000 1.315161e+06
  141.6100 1.315126e+06
  141.6200 1.315092e+06
  141.6300 1.315057e+06
  141.6400 1.315023e+06
  141.6500 1.314989e+06
  141.6600 1.314954e+06
  141.6700 1.314920e+06
  141.6800 1.314885e+06
  141.6900 1.314851e+06
  141.7000 1.314816e+06
  141.7100 1.314782e+06
  141.7200 1.314747e+06
  141.7300 1.314712e+06
  141.7400 1.314678e+06
  141.7500 1.314643e+06
  141.7600 1.314608e+06
  141.7700 1.314574e+06
  141.7800 1.314539e+06
  141.7900 1.314504e+06
  141.8000 1.314470e+06
  141.8100 1.314435e+06
  141.8200 1.314400e+06
  141.8300 1.314365e+06
  141.8400 1.314331e+06
  141.8500 1.314296e+06
  141.8600 1.314261e+06
  141.8700 1.314226e+06
  141.8800 1.314191e+06
  141.8900 1.314156e+06
  141.9000 1.314122e+06
  141.9100 1.314087e+06
  141.9200 1.314052e+06
  141.9300 1.314017e+06
  141.9400 1.313982e+06
  141.9500 1.313947e+06
  141.9600 1.313912e+06
  141.9700 1.313877e+06
  141.9800 1.313842e+06
  141.9900 1.313807e+06
  142.0000 1.313772e+06
  142.0100 1.313737e+06
  142.0200 1.313702e+06
  142.0300 1.313666e+06
  142.0400 1.313631e+06
  142.0500 1.313596e+06
  142.0600 1.313561e+06
  142.0700 1.313526e+06
  142.0800 1.313491e+06
  142.0900 1.313455e+06
  142.1000 1.313420e+06
  142.1100 1.313385e+06
  142.1200 1.313350e+06
  142.1300 1.313314e+06
  142.1400 1.313279e+06
  142.1500 1.313244e+06
  142.1600 1.313208e+06
  142.1700 1.313173e+06
  142.1800 1.313138e+06
  142.1900 1.313102e+06
  142.2000 1.313067e+06
  142.2100 1.313031e+06
  142.2200 1.312996e+06
  142.2300 1.312960e+06
  142.2400 1.312925e+06
  142.2500 1.312889e+06
  142.2600 1.312854e+06
  142.2700 1.312818e+06
  142.2800 1.312783e+06
  142.2900 1.312747e+06
  142.3000 1.312712e+06
  142.3100 1.312676e+06
  142.3200 1.312641e+06
  142.3300 1.312605e+06
  142.3400 1.312569e+06
  142.3500 1.312534e+06
  142.3600 1.312498e+06
  142.3700 1.312462e+06
  142.3800 1.312426e+06
  142.3900 1.312391e+06
  142.4000 1.312355e+06
  142.4100 1.312319e+06
  142.4200 1.312283e+06
  142.4300 1.312248e+06
  142.4400 1.312212e+06
  142.4500 1.312176e+06
  142.4600 1.312140e+06
  142.4700 1.312104e+06
  142.4800 1.312068e+06
  142.4900 1.312032e+06
  142.5000 1.311997e+06
  142.5100 1.311961e+06
  142.5200 1.311925e+06
  142.5300 1.311889e+06
  142.5400 1.311853e+06
  142.5500 1.311817e+06
  142.5600 1.311781e+06
  142.5700 1.311745e+06
  142.5800 1.311709e+06
  142.5900 1.311673e+06
  142.6000 1.311636e+06
  142.6100 1.311600e+06
  142.6200 1.311564e+06
  142.6300 1.311528e+06
  142.6400 1.311492e+06
  142.6500 1.311456e+06
  142.6600 1.311420e+06
  142.6700 1.311383e+06
  142.6800 1.311347e+06
  142.6900 1.311311e+06
  142.7000 1.311275e+06
  142.7100 1.311238e+06
  142.7200 1.311202e+06
  142.7300 1.311166e+06
  142.7400 1.311129e+06
  142.7500 1.311093e+06
  142.7600 1.311057e+06
  142.7700 1.311020e+06
  142.7800 1.310984e+06
  142.7900 1.310948e+06
  142.8000 1.310911e+06
  142.8100 1.310875e+06
  142.8200 1.310838e+06
  142.8300 1.310802e+06
  142.8400 1.310765e+06
  142.8500 1.310729e+06
  142.8600 1.310692e+06
  142.8700 1.310656e+06
  142.8800 1.310619e+06
  142.8900 1.310583e+06
  142.9000 1.310546e+06
  142.9100 1.310509e+06
  142.9200 1.310473e+06
  142.9300 1.310436e+06
  142.9400 1.310399e+06
  142.9500 1.310363e+06
  142.9600 1.310326e+06
  142.9700 1.310289e+06
  142.9800 1.310253e+06
  142.9900 1.310216e+06
  143.0000 1.310179e+06
  143.0100 1.310142e+06
  143.0200 1.310106e+06
  143.0300 1.310069e+06
  143.0400 1.310032e+06
  143.0500 1.309995e+06
  143.0600 1.309958e+06
  143.0700 1.309921e+06
  143.0800 1.309884e+06
  143.0900 1.309847e+06
  143.1000 1.309811e+06
  143.1100 1.309774e+06
  143.1200 1.309737e+06
  143.1300 1.309700e+06
  143.1400 1.309663e+06
  143.1500 1.309626e+06
  143.1600 1.309589e+06
  143.1700 1.309552e+06
  143.1800 1.309515e+06
  143.1900 1.309477e+06
  143.2000 1.309440e+06
  143.2100 1.309403e+06
  143.2200 1.309366e+06
  143.2300 1.309329e+06
  143.2400 1.309292e+06
  143.2500 1.309255e+06
  143.2600 1.309218e+06
  143.2700 1.309180e+06
  143.2800 1.309143e+06
  143.2900 1.309106e+06
  143.3000 1.309069e+06
  143.3100 1.309031e+06
  143.3200 1.308994e+06
  143.3300 1.308957e+06
  143.3400 1.308919e+06
  143.3500 1.308882e+06
  143.3600 1.308845e+06
  143.3700 1.308807e+06
  143.3800 1.308770e+06
  143.3900 1.308733e+06
  143.4000 1.308695e+06
  143.4100 1.308658e+06
  143.4200 1.308620e+06
  143.4300 1.308583e+06
  143.4400 1.308545e+06
  143.4500 1.308508e+06
  143.4600 1.308470e+06
  143.4700 1.308433e+06
  143.4800 1.308395e+06
  143.4900 1.308358e+06
  143.5000 1.308320e+06
  143.5100 1.308282e+06
  143.5200 1.308245e+06
  143.5300 1.308207e+06
  143.5400 1.308170e+06
  143.5500 1.308132e+06
  143.5600 1.308094e+06
  143.5700 1.308056e+06
  143.5800 1.308019e+06
  143.5900 1.307981e+06
  143.6000 1.307943e+06
  143.6100 1.307906e+06
  143.6200 1.307868e+06
  143.6300 1.307830e+06
  143.6400 1.307792e+06
  143.6500 1.307754e+06
  143.6600 1.307716e+06
  143.6700 1.307679e+06
  143.6800 1.307641e+06
  143.6900 1.307603e+06
  143.7000 1.307565e+06
  143.7100 1.307527e+06
  143.7200 1.307489e+06
  143.7300 1.307451e+06
  143.7400 1.307413e+06
  143.7500 1.307375e+06
  143.7600 1.307337e+06
  143.7700 1.307299e+06
  143.7800 1.307261e+06
  143.7900 1.307223e+06
  143.8000 1.307185e+06
  143.8100 1.307147e+06
  143.8200 1.307109e+06
  143.8300 1.307071e+06
  143.8400 1.307033e+06
  143.8500 1.306994e+06
  143.8600 1.306956e+06
  143.8700 1.306918e+06
  143.8800 1.306880e+06
  143.8900 1.306842e+06
  143.9000 1.306803e+06
  143.9100 1.306765e+06
  143.9200 1.306727e+06
  143.9300 1.306689e+06
  143.9400 1.306650e+06
  143.9500 1.306612e+06
  143.9600 1.306574e+06
  143.9700 1.306535e+06
  143.9800 1.306497e+06
  143.9900 1.306459e+06
  144.0000 1.306420e+06
  144.0100 1.306382e+06
  144.0200 1.306343e+06
  144.0300 1.306305e+06
  144.0400 1.306267e+06
  144.0500 1.306228e+06
  144.0600 1.306190e+06
  144.0700 1.306151e+06
  144.0800 1.306113e+06
  144.0900 1.306074e+06
  144.1000 1.306036e+06
  144.1100 1.305997e+06
  144.1200 1.305958e+06
  144.1300 1.305920e+06
  144.1400 1.305881e+06
  144.1500 1.305843e+06
  144.1600 1.305804e+06
  144.1700 1.305765e+06
  144.1800 1.305727e+06
  144.1900 1.305688e+06
  144.2000 1.305649e+06
  144.2100 1.305611e+06
  144.2200 1.305572e+06
  144.2300 1.305533e+06
  144.2400 1.305494e+06
  144.2500 1.305455e+06
  144.2600 1.305417e+06
  144.2700 1.305378e+06
  144.2800 1.305339e+06
  144.2900 1.305300e+06
  144.3000 1.305261e+06
  144.3100 1.305222e+06
  144.3200 1.305184e+06
  144.3300 1.305145e+06
  144.3400 1.305106e+06
  144.3500 1.305067e+06
  144.3600 1.305028e+06
  144.3700 1.304989e+06
  144.3800 1.304950e+06
  144.3900 1.304911e+06
  144.4000 1.304872e+06
  144.4100 1.304833e+06
  144.4200 1.304794e+06
  144.4300 1.304755e+06
  144.4400 1.304716e+06
  144.4500 1.304677e+06
  144.4600 1.304637e+06
  144.4700 1.304598e+06
  144.4800 1.304559e+06
  144.4900 1.304520e+06
  144.5000 1.304481e+06
  144.5100 1.304442e+06
  144.5200 1.304402e+06
  144.5300 1.304363e+06
  144.5400 1.304324e+06
  144.5500 1.304285e+06
  144.5600 1.304245e+06
  144.5700 1.304206e+06
  144.5800 1.304167e+06
  144.5900 1.304128e+06
  144.6000 1.304088e+06
  144.6100 1.304049e+06
  144.6200 1.304010e+06
  144.6300 1.303970e+06
  144.6400 1.303931e+06
  144.6500 1.303891e+06
  144.6600 1.303852e+06
  144.6700 1.303813e+06
  144.6800 1.303773e+06
  144.6900 1.303734e+06
  144.7000 1.303694e+06
  144.7100 1.303655e+06
  144.7200 1.303615e+06
  144.7300 1.303576e+06
  144.7400 1.303536e+06
  144.7500 1.303497e+06
  144.7600 1.303457e+06
  144.7700 1.303417e+06
  144.7800 1.303378e+06
  144.7900 1.303338e+06
  144.8000 1.303299e+06
  144.8100 1.303259e+06
  144.8200 1.303219e+06
  144.8300 1.303180e+06
  144.8400 1.303140e+06
  144.8500 1.303100e+06
  144.8600 1.303060e+06
  144.8700 1.303021e+06
  144.8800 1.302981e+06
  144.8900 1.302941e+06
  144.9000 1.302901e+06
  144.9100 1.302862e+06
  144.9200 1.302822e+06
  144.9300 1.302782e+06
  144.9400 1.302742e+06
  144.9500 1.302702e+06
  144.9600 1.302662e+06
  144.9700 1.302622e+06
  144.9800 1.302582e+06
  144.9900 1.302543e+06
  145.0000 1.302503e+06
  145.0100 1.302463e+06
  145.0200 1.302423e+06
  145.0300 1.302383e+06
  145.0400 1.302343e+06
  145.0500 1.302303e+06
  145.0600 1.302263e+06
  145.0700 1.302223e+06
  145.0800 1.302183e+06
  145.0900 1.302142e+06
  145.1000 1.302102e+06
  145.1100 1.302062e+06
  145.1200 1.302022e+06
  145.1300 1.301982e+06
  145.1400 1.301942e+06
  145.1500 1.301902e+06
  145.1600 1.301862e+06
  145.1700 1.301821e+06
  145.1800 1.301781e+06
  145.1900 1.301741e+06
  145.2000 1.301701e+06
  145.2100 1.301660e+06
  145.2200 1.301620e+06
  145.2300 1.301580e+06
  145.2400 1.301540e+06
  145.2500 1.301499e+06
  145.2600 1.301459e+06
  145.2700 1.301419e+06
  145.2800 1.301378e+06
  145.2900 1.301338e+06
  145.3000 1.301297e+06
  145.3100 1.301257e+06
  145.3200 1.301217e+06
  145.3300 1.301176e+06
  145.3400 1.301136e+06
  145.3500 1.301095e+06
  145.3600 1.301055e+06
  145.3700 1.301014e+06
  145.3800 1.300974e+06
  145.3900 1.300933e+06
  145.4000 1.300893e+06
  145.4100 1.300852e+06
  145.4200 1.300812e+06
  145.4300 1.300771e+06
  145.4400 1.300730e+06
  145.4500 1.300690e+06
  145.4600 1.300649e+06
  145.4700 1.300609e+06
  145.4800 1.300568e+06
  145.4900 1.300527e+06
  145.5000 1.300487e+06
  145.5100 1.300446e+06
  145.5200 1.300405e+06
  145.5300 1.300364e+06
  145.5400 1.300324e+06
  145.5500 1.300283e+06
  145.5600 1.300242e+06
  145.5700 1.300201e+06
  145.5800 1.300161e+06
  145.5900 1.300120e+06
  145.6000 1.300079e+06
  145.6100 1.300038e+06
  145.6200 1.299997e+06
  145.6300 1.299956e+06
  145.6400 1.299915e+06
  145.6500 1.299874e+06
  145.6600 1.299834e+06
  145.6700 1.299793e+06
  145.6800 1.299752e+06
  145.6900 1.299711e+06
  145.7000 1.299670e+06
  145.7100 1.299629e+06
  145.7200 1.299588e+06
  145.7300 1.299547e+06
  145.7400 1.299506e+06
  145.7500 1.299465e+06
  145.7600 1.299424e+06
  145.7700 1.299382e+06
  145.7800 1.299341e+06
  145.7900 1.299300e+06
  145.8000 1.299259e+06
  145.8100 1.299218e+06
  145.8200 1.299177e+06
  145.8300 1.299136e+06
  145.8400 1.299094e+06
  145.8500 1.299053e+06
  145.8600 1.299012e+06
  145.8700 1.298971e+06
  145.8800 1.298930e+06
  145.8900 1.298888e+06
  145.9000 1.298847e+06
  145.9100 1.298806e+06
  145.9200 1.298764e+06
  145.9300 1.298723e+06
  145.9400 1.298682e+06
  145.9500 1.298641e+06
  145.9600 1.298599e+06
  145.9700 1.298558e+06
  145.9800 1.298516e+06
  145.9900 1.298475e+06
  146.0000 1.298434e+06
  146.0100 1.298392e+06
  146.0200 1.298351e+06
  146.0300 1.298309e+06
  146.0400 1.298268e+06
  146.0500 1.298226e+06
  146.0600 1.298185e+06
  146.0700 1.298143e+06
  146.0800 1.298102e+06
  146.0900 1.298060e+06
  146.1000 1.298019e+06
  146.1100 1.297977e+06
  146.1200 1.297935e+06
  146.1300 1.297894e+06
  146.1400 1.297852e+06
  146.1500 1.297811e+06
  146.1600 1.297769e+06
  146.1700 1.297727e+06
  146.1800 1.297686e+06
  146.1900 1.297644e+06
  146.2000 1.297602e+06
  146.2100 1.297561e+06
  146.2200 1.297519e+06
  146.2300 1.297477e+06
  146.2400 1.297435e+06
  146.2500 1.297394e+06
  146.2600 1.297352e+06
  146.2700 1.297310e+06
  146.2800 1.297268e+06
  146.2900 1.297226e+06
  146.3000 1.297184e+06
  146.3100 1.297143e+06
  146.3200 1.297101e+06
  146.3300 1.297059e+06
  146.3400 1.297017e+06
  146.3500 1.296975e+06
  146.3600 1.296933e+06
  146.3700 1.296891e+06
  146.3800 1.296849e+06
  146.3900 1.296807e+06
  146.4000 1.296765e+06
  146.4100 1.296723e+06
  146.4200 1.296681e+06
  146.4300 1.296639e+06
  146.4400 1.296597e+06
  146.4500 1.296555e+06
  146.4600 1.296513e+06
  146.4700 1.296471e+06
  146.4800 1.296429e+06
  146.4900 1.296387e+06
  146.5000 1.296345e+06
  146.5100 1.296302e+06
  146.5200 1.296260e+06
  146.5300 1.296218e+06
  146.5400 1.296176e+06
  146.5500 1.296134e+06
  146.5600 1.296092e+06
  146.5700 1.296049e+06
  146.5800 1.296007e+06
  146.5900 1.295965e+06
  146.6000 1.295923e+06
  146.6100 1.295880e+06
  146.6200 1.295838e+06
  146.6300 1.295796e+06
  146.6400 1.295753e+06
  146.6500 1.295711e+06
  146.6600 1.295669e+06
  146.6700 1.295626e+06
  146.6800 1.295584e+06
  146.6900 1.295542e+06
  146.7000 1.295499e+06
  146.7100 1.295457e+06
  146.7200 1.295414e+06
  146.7300 1.295372e+06
  146.7400 1.295329e+06
  146.7500 1.295287e+06
  146.7600 1.295244e+06
  146.7700 1.295202e+06
  146.7800 1.295159e+06
  146.7900 1.295117e+06
  146.8000 1.295074e+06
  146.8100 1.295032e+06
  146.8200 1.294989e+06
  146.8300 1.294947e+06
  146.8400 1.294904e+06
  146.8500 1.294861e+06
  146.8600 1.294819e+06
  146.8700 1.294776e+06
  146.8800 1.294734e+06
  146.8900 1.294691e+06
  146.9000 1.294648e+06
  146.9100 1.294606e+06
  146.9200 1.294563e+06
  146.9300 1.294520e+06
  146.9400 1.294477e+06
  146.9500 1.294435e+06
  146.9600 1.294392e+06
  146.9700 1.294349e+06
  146.9800 1.294306e+06
  146.9900 1.294263e+06
  147.0000 1.294221e+06
  147.0100 1.294178e+06
  147.0200 1.294135e+06
  147.0300 1.294092e+06
  147.0400 1.294049e+06
  147.0500 1.294006e+06
  147.0600 1.293963e+06
  147.0700 1.293921e+06
  147.0800 1.293878e+06
  147.0900 1.293835e+06
  147.1000 1.293792e+06
  147.1100 1.293749e+06
  147.1200 1.293706e+06
  147.1300 1.293663e+06
  147.1400 1.293620e+06
  147.1500 1.293577e+06
  147.1600 1.293534e+06
  147.1700 1.293491e+06
  147.1800 1.293448e+06
  147.1900 1.293405e+06
  147.2000 1.293361e+06
  147.2100 1.293318e+06
  147.2200 1.293275e+06
  147.2300 1.293232e+06
  147.2400 1.293189e+06
  147.2500 1.293146e+06
  147.2600 1.293103e+06
  147.2700 1.293059e+06
  147.2800 1.293016e+06
  147.2900 1.292973e+06
  147.3000 1.292930e+06
  147.3100 1.292887e+06
  147.3200 1.292843e+06
  147.3300 1.292800e+06
  147.3400 1.292757e+06
  147.3500 1.292714e+06
  147.3600 1.292670e+06
  147.3700 1.292627e+06
  147.3800 1.292584e+06
  147.3900 1.292540e+06
  147.4000 1.292497e+06
  147.4100 1.292454e+06
  147.4200 1.292410e+06
  147.4300 1.292367e+06
  147.4400 1.292323e+06
  147.4500 1.292280e+06
  147.4600 1.292236e+06
  147.4700 1.292193e+06
  147.4800 1.292150e+06
  147.4900 1.292106e+06
  147.5000 1.292063e+06
  147.5100 1.292019e+06
  147.5200 1.291976e+06
  147.5300 1.291932e+06
  147.5400 1.291889e+06
  147.5500 1.291845e+06
  147.5600 1.291801e+06
  147.5700 1.291758e+06
  147.5800 1.291714e+06
  147.5900 1.291671e+06
  147.6000 1.291627e+06
  147.6100 1.291583e+06
  147.6200 1.291540e+06
  147.6300 1.291496e+06
  147.6400 1.291452e+06
  147.6500 1.291409e+06
  147.6600 1.291365e+06
  147.6700 1.291321e+06
  147.6800 1.291278e+06
  147.6900 1.291234e+06
  147.7000 1.291190e+06
  147.7100 1.291146e+06
  147.7200 1.291102e+06
  147.7300 1.291059e+06
  147.7400 1.291015e+06
  147.7500 1.290971e+06
  147.7600 1.290927e+06
  147.7700 1.290883e+06
  147.7800 1.290840e+06
  147.7900 1.290796e+06
  147.8000 1.290752e+06
  147.8100 1.290708e+06
  147.8200 1.290664e+06
  147.8300 1.290620e+06
  147.8400 1.290576e+06
  147.8500 1.290532e+06
  147.8600 1.290488e+06
  147.8700 1.290444e+06
  147.8800 1.290400e+06
  147.8900 1.290356e+06
  147.9000 1.290312e+06
  147.9100 1.290268e+06
  147.9200 1.290224e+06
  147.9300 1.290180e+06
  147.9400 1.290136e+06
  147.9500 1.290092e+06
  147.9600 1.290048e+06
  147.9700 1.290004e+06
  147.9800 1.289960e+06
  147.9900 1.289916e+06
  148.0000 1.289871e+06
  148.0100 1.289827e+06
  148.0200 1.289783e+06
  148.0300 1.289739e+06
  148.0400 1.289695e+06
  148.0500 1.289650e+06
  148.0600 1.289606e+06
  148.0700 1.289562e+06
  148.0800 1.289518e+06
  148.0900 1.289474e+06
  148.1000 1.289429e+06
  148.1100 1.289385e+06
  148.1200 1.289341e+06
  148.1300 1.289296e+06
  148.1400 1.289252e+06
  148.1500 1.289208e+06
  148.1600 1.289163e+06
  148.1700 1.289119e+06
  148.1800 1.289075e+06
  148.1900 1.289030e+06
  148.2000 1.288986e+06
  148.2100 1.288941e+06
  148.2200 1.288897e+06
  148.2300 1.288853e+06
  148.2400 1.288808e+06
  148.2500 1.288764e+06
  148.2600 1.288719e+06
  148.2700 1.288675e+06
  148.2800 1.288630e+06
  148.2900 1.288586e+06
  148.3000 1.288541e+06
  148.3100 1.288497e+06
  148.3200 1.288452e+06
  148.3300 1.288407e+06
  148.3400 1.288363e+06
  148.3500 1.288318e+06
  148.3600 1.288274e+06
  148.3700 1.288229e+06
  148.3800 1.288184e+06
  148.3900 1.288140e+06
  148.4000 1.288095e+06
  148.4100 1.288051e+06
  148.4200 1.288006e+06
  148.4300 1.287961e+06
  148.4400 1.287916e+06
  148.4500 1.287872e+06
  148.4600 1.287827e+06
  148.4700 1.287782e+06
  148.4800 1.287738e+06
  148.4900 1.287693e+06
  148.5000 1.287648e+06
  148.5100 1.287603e+06
  148.5200 1.287558e+06
  148.5300 1.287514e+06
  148.5400 1.287469e+06
  148.5500 1.287424e+06
  148.5600 1.287379e+06
  148.5700 1.287334e+06
  148.5800 1.287289e+06
  148.5900 1.287244e+06
  148.6000 1.287199e+06
  148.6100 1.287155e+06
  148.6200 1.287110e+06
  148.6300 1.287065e+06
  148.6400 1.287020e+06
  148.6500 1.286975e+06
  148.6600 1.286930e+06
  148.6700 1.286885e+06
  148.6800 1.286840e+06
  148.6900 1.286795e+06
  148.7000 1.286750e+06
  148.7100 1.286705e+06
  148.7200 1.286660e+06
  148.7300 1.286615e+06
  148.7400 1.286570e+06
  148.7500 1.286524e+06
  148.7600 1.286479e+06
  148.7700 1.286434e+06
  148.7800 1.286389e+06
  148.7900 1.286344e+06
  148.8000 1.286299e+06
  148.8100 1.286254e+06
  148.8200 1.286208e+06
  148.8300 1.286163e+06
  148.8400 1.286118e+06
  148.8500 1.286073e+06
  148.8600 1.286028e+06
  148.8700 1.285982e+06
  148.8800 1.285937e+06
  148.8900 1.285892e+06
  148.9000 1.285847e+06
  148.9100 1.285801e+06
  148.9200 1.285756e+06
  148.9300 1.285711e+06
  148.9400 1.285665e+06
  148.9500 1.285620e+06
  148.9600 1.285575e+06
  148.9700 1.285529e+06
  148.9800 1.285484e+06
  148.9900 1.285439e+06
  149.0000 1.285393e+06
  149.0100 1.285348e+06
  149.0200 1.285302e+06
  149.0300 1.285257e+06
  149.0400 1.285212e+06
  149.0500 1.285166e+06
  149.0600 1.285121e+06
  149.0700 1.285075e+06
  149.0800 1.285030e+06
  149.0900 1.284984e+06
  149.1000 1.284939e+06
  149.1100 1.284893e+06
  149.1200 1.284848e+06
  149.1300 1.284802e+06
  149.1400 1.284756e+06
  149.1500 1.284711e+06
  149.1600 1.284665e+06
  149.1700 1.284620e+06
  149.1800 1.284574e+06
  149.1900 1.284528e+06
  149.2000 1.284483e+06
  149.2100 1.284437e+06
  149.2200 1.284392e+06
  149.2300 1.284346e+06
  149.2400 1.284300e+06
  149.2500 1.284254e+06
  149.2600 1.284209e+06
  149.2700 1.284163e+06
  149.2800 1.284117e+06
  149.2900 1.284072e+06
  149.3000 1.284026e+06
  149.3100 1.283980e+06
  149.3200 1.283934e+06
  149.3300 1.283888e+06
  149.3400 1.283843e+06
  149.3500 1.283797e+06
  149.3600 1.283751e+06
  149.3700 1.283705e+06
  149.3800 1.283659e+06
  149.3900 1.283613e+06
  149.4000 1.283568e+06
  149.4100 1.283522e+06
  149.4200 1.283476e+06
  149.4300 1.283430e+06
  149.4400 1.283384e+06
  149.4500 1.283338e+06
  149.4600 1.283292e+06
  149.4700 1.283246e+06
  149.4800 1.283200e+06
  149.4900 1.283154e+06
  149.5000 1.283108e+06
  149.5100 1.283062e+06
  149.5200 1.283016e+06
  149.5300 1.282970e+06
  149.5400 1.282924e+06
  149.5500 1.282878e+06
  149.5600 1.282832e+06
  149.5700 1.282786e+06
  149.5800 1.282740e+06
  149.5900 1.282694e+06
  149.6000 1.282648e+06
  149.6100 1.282602e+06
  149.6200 1.282555e+06
  149.6300 1.282509e+06
  149.6400 1.282463e+06
  149.6500 1.282417e+06
  149.6600 1.282371e+06
  149.6700 1.282325e+06
  149.6800 1.282278e+06
  149.6900 1.282232e+06
  149.7000 1.282186e+06
  149.7100 1.282140e+06
  149.7200 1.282093e+06
  149.7300 1.282047e+06
  149.7400 1.282001e+06
  149.7500 1.281955e+06
  149.7600 1.281908e+06
  149.7700 1.281862e+06
  149.7800 1.281816e+06
  149.7900 1.281769e+06
  149.8000 1.281723e+06
  149.8100 1.281677e+06
  149.8200 1.281630e+06
  149.8300 1.281584e+06
  149.8400 1.281538e+06
  149.8500 1.281491e+06
  149.8600 1.281445e+06
  149.8700 1.281398e+06
  149.8800 1.281352e+06
  149.8900 1.281305e+06
  149.9000 1.281259e+06
  149.9100 1.281213e+06
  149.9200 1.281166e+06
  149.9300 1.281120e+06
  149.9400 1.281073e+06
  149.9500 1.281027e+06
  149.9600 1.280980e+06
  149.9700 1.280933e+06
  149.9800 1.280887e+06
  149.9900 1.280840e+06
  150.0000 1.280794e+06
  150.0100 1.280747e+06
  150.0200 1.280701e+06
  150.0300 1.280654e+06
  150.0400 1.280607e+06
  150.0500 1.280561e+06
  150.0600 1.280514e+06
  150.0700 1.280467e+06
  150.0800 1.280421e+06
  150.0900 1.280374e+06
  150.1000 1.280327e+06
  150.1100 1.280281e+06
  150.1200 1.280234e+06
  150.1300 1.280187e+06
  150.1400 1.280141e+06
  150.1500 1.280094e+06
  150.1600 1.280047e+06
  150.1700 1.280000e+06
  150.1800 1.279954e+06
  150.1900 1.279907e+06
  150.2000 1.279860e+06
  150.2100 1.279813e+06
  150.2200 1.279766e+06
  150.2300 1.279720e+06
  150.2400 1.279673e+06
  150.2500 1.279626e+06
  150.2600 1.279579e+06
  150.2700 1.279532e+06
  150.2800 1.279485e+06
  150.2900 1.279438e+06
  150.3000 1.279391e+06
  150.3100 1.279344e+06
  150.3200 1.279298e+06
  150.3300 1.279251e+06
  150.3400 1.279204e+06
  150.3500 1.279157e+06
  150.3600 1.279110e+06
  150.3700 1.279063e+06
  150.3800 1.279016e+06
  150.3900 1.278969e+06
  150.4000 1.278922e+06
  150.4100 1.278875e+06
  150.4200 1.278828e+06
  150.4300 1.278781e+06
  150.4400 1.278734e+06
  150.4500 1.278686e+06
  150.4600 1.278639e+06
  150.4700 1.278592e+06
  150.4800 1.278545e+06
  150.4900 1.278498e+06
  150.5000 1.278451e+06
  150.5100 1.278404e+06
  150.5200 1.278357e+06
  150.5300 1.278309e+06
  150.5400 1.278262e+06
  150.5500 1.278215e+06
  150.5600 1.278168e+06
  150.5700 1.278121e+06
  150.5800 1.278073e+06
  150.5900 1.278026e+06
  150.6000 1.277979e+06
  150.6100 1.277932e+06
  150.6200 1.277884e+06
  150.6300 1.277837e+06
  150.6400 1.277790e+06
  150.6500 1.277743e+06
  150.6600 1.277695e+06
  150.6700 1.277648e+06
  150.6800 1.277601e+06
  150.6900 1.277553e+06
  150.7000 1.277506e+06
  150.7100 1.277459e+06
  150.7200 1.277411e+06
  150.7300 1.277364e+06
  150.7400 1.277316e+06
  150.7500 1.277269e+06
  150.7600 1.277222e+06
  150.7700 1.277174e+06
  150.7800 1.277127e+06
  150.7900 1.277079e+06
  150.8000 1.277032e+06
  150.8100 1.276984e+06
  150.8200 1.276937e+06
  150.8300 1.276889e+06
  150.8400 1.276842e+06
  150.8500 1.276794e+06
  150.8600 1.276747e+06
  150.8700 1.276699e+06
  150.8800 1.276652e+06
  150.8900 1.276604e+06
  150.9000 1.276557e+06
  150.9100 1.276509e+06
  150.9200 1.276462e+06
  150.9300 1.276414e+06
  150.9400 1.276366e+06
  150.9500 1.276319e+06
  150.9600 1.276271e+06
  150.9700 1.276223e+06
  150.9800 1.276176e+06
  150.9900 1.276128e+06
  151.0000 1.276080e+06
  151.0100 1.276033e+06
  151.0200 1.275985e+06
  151.0300 1.275937e+06
  151.0400 1.275890e+06
  151.0500 1.275842e+06
  151.0600 1.275794e+06
  151.0700 1.275746e+06
  151.0800 1.275699e+06
  151.0900 1.275651e+06
  151.1000 1.275603e+06
  151.1100 1.275555e+06
  151.1200 1.275508e+06
  151.1300 1.275460e+06
  151.1400 1.275412e+06
  151.1500 1.275364e+06
  151.1600 1.275316e+06
  151.1700 1.275268e+06
  151.1800 1.275221e+06
  151.1900 1.275173e+06
  151.2000 1.275125e+06
  151.2100 1.275077e+06
  151.2200 1.275029e+06
  151.2300 1.274981e+06
  151.2400 1.274933e+06
  151.2500 1.274885e+06
  151.2600 1.274837e+06
  151.2700 1.274789e+06
  151.2800 1.274741e+06
  151.2900 1.274693e+06
  151.3000 1.274645e+06
  151.3100 1.274597e+06
  151.3200 1.274549e+06
  151.3300 1.274501e+06
  151.3400 1.274453e+06
  151.3500 1.274405e+06
  151.3600 1.274357e+06
  151.3700 1.274309e+06
  151.3800 1.274261e+06
  151.3900 1.274213e+06
  151.4000 1.274165e+06
  151.4100 1.274117e+06
  151.4200 1.274069e+06
  151.4300 1.274021e+06
  151.4400 1.273972e+06
  151.4500 1.273924e+06
  151.4600 1.273876e+06
  151.4700 1.273828e+06
  151.4800 1.273780e+06
  151.4900 1.273732e+06
  151.5000 1.273683e+06
  151.5100 1.273635e+06
  151.5200 1.273587e+06
  151.5300 1.273539e+06
  151.5400 1.273491e+06
  151.5500 1.273442e+06
  151.5600 1.273394e+06
  151.5700 1.273346e+06
  151.5800 1.273298e+06
  151.5900 1.273249e+06
  151.6000 1.273201e+06
  151.6100 1.273153e+06
  151.6200 1.273104e+06
  151.6300 1.273056e+06
  151.6400 1.273008e+06
  151.6500 1.272959e+06
  151.6600 1.272911e+06
  151.6700 1.272863e+06
  151.6800 1.272814e+06
  151.6900 1.272766e+06
  151.7000 1.272717e+06
  151.7100 1.272669e+06
  151.7200 1.272621e+06
  151.7300 1.272572e+06
  151.7400 1.272524e+06
  151.7500 1.272475e+06
  151.7600 1.272427e+06
  151.7700 1.272378e+06
  151.7800 1.272330e+06
  151.7900 1.272281e+06
  151.8000 1.272233e+06
  151.8100 1.272184e+06
  151.8200 1.272136e+06
  151.8300 1.272087e+06
  151.8400 1.272039e+06
  151.8500 1.271990e+06
  151.8600 1.271942e+06
  151.8700 1.271893e+06
  151.8800 1.271845e+06
  151.8900 1.271796e+06
  151.9000 1.271747e+06
  151.9100 1.271699e+06
  151.9200 1.271650e+06
  151.9300 1.271602e+06
  151.9400 1.271553e+06
  151.9500 1.271504e+06
  151.9600 1.271456e+06
  151.9700 1.271407e+06
  151.9800 1.271358e+06
  151.9900 1.271310e+06
  152.0000 1.271261e+06
  152.0100 1.271212e+06
  152.0200 1.271163e+06
  152.0300 1.271115e+06
  152.0400 1.271066e+06
  152.0500 1.271017e+06
  152.0600 1.270968e+06
  152.0700 1.270920e+06
  152.0800 1.270871e+06
  152.0900 1.270822e+06
  152.1000 1.270773e+06
  152.1100 1.270724e+06
  152.1200 1.270676e+06
  152.1300 1.270627e+06
  152.1400 1.270578e+06
  152.1500 1.270529e+06
  152.1600 1.270480e+06
  152.1700 1.270431e+06
  152.1800 1.270383e+06
  152.1900 1.270334e+06
  152.2000 1.270285e+06
  152.2100 1.270236e+06
  152.2200 1.270187e+06
  152.2300 1.270138e+06
  152.2400 1.270089e+06
  152.2500 1.270040e+06
  152.2600 1.269991e+06
  152.2700 1.269942e+06
  152.2800 1.269893e+06
  152.2900 1.269844e+06
  152.3000 1.269795e+06
  152.3100 1.269746e+06
  152.3200 1.269697e+06
  152.3300 1.269648e+06
  152.3400 1.269599e+06
  152.3500 1.269550e+06
  152.3600 1.269501e+06
  152.3700 1.269452e+06
  152.3800 1.269403e+06
  152.3900 1.269354e+06
  152.4000 1.269305e+06
  152.4100 1.269256e+06
  152.4200 1.269207e+06
  152.4300 1.269158e+06
  152.4400 1.269108e+06
  152.4500 1.269059e+06
  152.4600 1.269010e+06
  152.4700 1.268961e+06
  152.4800 1.268912e+06
  152.4900 1.268863e+06
  152.5000 1.268813e+06
  152.5100 1.268764e+06
  152.5200 1.268715e+06
  152.5300 1.268666e+06
  152.5400 1.268617e+06
  152.5500 1.268567e+06
  152.5600 1.268518e+06
  152.5700 1.268469e+06
  152.5800 1.268420e+06
  152.5900 1.268370e+06
  152.6000 1.268321e+06
  152.6100 1.268272e+06
  152.6200 1.268223e+06
  152.6300 1.268173e+06
  152.6400 1.268124e+06
  152.6500 1.268075e+06
  152.6600 1.268025e+06
  152.6700 1.267976e+06
  152.6800 1.267927e+06
  152.6900 1.267877e+06
  152.7000 1.267828e+06
  152.7100 1.267778e+06
  152.7200 1.267729e+06
  152.7300 1.267680e+06
  152.7400 1.267630e+06
  152.7500 1.267581e+06
  152.7600 1.267531e+06
  152.7700 1.267482e+06
  152.7800 1.267433e+06
  152.7900 1.267383e+06
  152.8000 1.267334e+06
  152.8100 1.267284e+06
  152.8200 1.267235e+06
  152.8300 1.267185e+06
  152.8400 1.267136e+06
  152.8500 1.267086e+06
  152.8600 1.267037e+06
  152.8700 1.266987e+06
  152.8800 1.266938e+06
  152.8900 1.266888e+06
  152.9000 1.266838e+06
  152.9100 1.266789e+06
  152.9200 1.266739e+06
  152.9300 1.266690e+06
  152.9400 1.266640e+06
  152.9500 1.266590e+06
  152.9600 1.266541e+06
  152.9700 1.266491e+06
  152.9800 1.266442e+06
  152.9900 1.266392e+06
  153.0000 1.266342e+06
  153.0100 1.266293e+06
  153.0200 1.266243e+06
  153.0300 1.266193e+06
  153.0400 1.266144e+06
  153.0500 1.266094e+06
  153.0600 1.266044e+06
  153.0700 1.265995e+06
  153.0800 1.265945e+06
  153.0900 1.265895e+06
  153.1000 1.265845e+06
  153.1100 1.265796e+06
  153.1200 1.265746e+06
  153.1300 1.265696e+06
  153.1400 1.265646e+06
  153.1500 1.265597e+06
  153.1600 1.265547e+06
  153.1700 1.265497e+06
  153.1800 1.265447e+06
  153.1900 1.265397e+06
  153.2000 1.265347e+06
  153.2100 1.265298e+06
  153.2200 1.265248e+06
  153.2300 1.265198e+06
  153.2400 1.265148e+06
  153.2500 1.265098e+06
  153.2600 1.265048e+06
  153.2700 1.264998e+06
  153.2800 1.264948e+06
  153.2900 1.264899e+06
  153.3000 1.264849e+06
  153.3100 1.264799e+06
  153.3200 1.264749e+06
  153.3300 1.264699e+06
  153.3400 1.264649e+06
  153.3500 1.264599e+06
  153.3600 1.264549e+06
  153.3700 1.264499e+06
  153.3800 1.264449e+06
  153.3900 1.264399e+06
  153.4000 1.264349e+06
  153.4100 1.264299e+06
  153.4200 1.264249e+06
  153.4300 1.264199e+06
  153.4400 1.264149e+06
  153.4500 1.264099e+06
  153.4600 1.264049e+06
  153.4700 1.263999e+06
  153.4800 1.263949e+06
  153.4900 1.263898e+06
  153.5000 1.263848e+06
  153.5100 1.263798e+06
  153.5200 1.263748e+06
  153.5300 1.263698e+06
  153.5400 1.263648e+06
  153.5500 1.263598e+06
  153.5600 1.263548e+06
  153.5700 1.263497e+06
  153.5800 1.263447e+06
  153.5900 1.263397e+06
  153.6000 1.263347e+06
  153.6100 1.263297e+06
  153.6200 1.263247e+06
  153.6300 1.263196e+06
  153.6400 1.263146e+06
  153.6500 1.263096e+06
  153.6600 1.263046e+06
  153.6700 1.262995e+06
  153.6800 1.262945e+06
  153.6900 1.262895e+06
  153.7000 1.262845e+06
  153.7100 1.262794e+06
  153.7200 1.262744e+06
  153.7300 1.262694e+06
  153.7400 1.262643e+06
  153.7500 1.262593e+06
  153.7600 1.262543e+06
  153.7700 1.262492e+06
  153.7800 1.262442e+06
  153.7900 1.262392e+06
  153.8000 1.262341e+06
  153.8100 1.262291e+06
  153.8200 1.262241e+06
  153.8300 1.262190e+06
  153.8400 1.262140e+06
  153.8500 1.262090e+06
  153.8600 1.262039e+06
  153.8700 1.261989e+06
  153.8800 1.261938e+06
  153.8900 1.261888e+06
  153.9000 1.261837e+06
  153.9100 1.261787e+06
  153.9200 1.261737e+06
  153.9300 1.261686e+06
  153.9400 1.261636e+06
  153.9500 1.261585e+06
  153.9600 1.261535e+06
  153.9700 1.261484e+06
  153.9800 1.261434e+06
  153.9900 1.261383e+06
  154.0000 1.261333e+06
  154.0100 1.261282e+06
  154.0200 1.261231e+06
  154.0300 1.261181e+06
  154.0400 1.261130e+06
  154.0500 1.261080e+06
  154.0600 1.261029e+06
  154.0700 1.260979e+06
  154.0800 1.260928e+06
  154.0900 1.260877e+06
  154.1000 1.260827e+06
  154.1100 1.260776e+06
  154.1200 1.260726e+06
  154.1300 1.260675e+06
  154.1400 1.260624e+06
  154.1500 1.260574e+06
  154.1600 1.260523e+06
  154.1700 1.260472e+06
  154.1800 1.260422e+06
  154.1900 1.260371e+06
  154.2000 1.260320e+06
  154.2100 1.260270e+06
  154.2200 1.260219e+06
  154.2300 1.260168e+06
  154.2400 1.260117e+06
  154.2500 1.260067e+06
  154.2600 1.260016e+06
  154.2700 1.259965e+06
  154.2800 1.259914e+06
  154.2900 1.259864e+06
  154.3000 1.259813e+06
  154.3100 1.259762e+06
  154.3200 1.259711e+06
  154.3300 1.259661e+06
  154.3400 1.259610e+06
  154.3500 1.259559e+06
  154.3600 1.259508e+06
  154.3700 1.259457e+06
  154.3800 1.259406e+06
  154.3900 1.259356e+06
  154.4000 1.259305e+06
  154.4100 1.259254e+06
  154.4200 1.259203e+06
  154.4300 1.259152e+06
  154.4400 1.259101e+06
  154.4500 1.259050e+06
  154.4600 1.258999e+06
  154.4700 1.258949e+06
  154.4800 1.258898e+06
  154.4900 1.258847e+06
  154.5000 1.258796e+06
  154.5100 1.258745e+06
  154.5200 1.258694e+06
  154.5300 1.258643e+06
  154.5400 1.258592e+06
  154.5500 1.258541e+06
  154.5600 1.258490e+06
  154.5700 1.258439e+06
  154.5800 1.258388e+06
  154.5900 1.258337e+06
  154.6000 1.258286e+06
  154.6100 1.258235e+06
  154.6200 1.258184e+06
  154.6300 1.258133e+06
  154.6400 1.258082e+06
  154.6500 1.258031e+06
  154.6600 1.257980e+06
  154.6700 1.257929e+06
  154.6800 1.257878e+06
  154.6900 1.257826e+06
  154.7000 1.257775e+06
  154.7100 1.257724e+06
  154.7200 1.257673e+06
  154.7300 1.257622e+06
  154.7400 1.257571e+06
  154.7500 1.257520e+06
  154.7600 1.257469e+06
  154.7700 1.257417e+06
  154.7800 1.257366e+06
  154.7900 1.257315e+06
  154.8000 1.257264e+06
  154.8100 1.257213e+06
  154.8200 1.257162e+06
  154.8300 1.257110e+06
  154.8400 1.257059e+06
  154.8500 1.257008e+06
  154.8600 1.256957e+06
  154.8700 1.256906e+06
  154.8800 1.256854e+06
  154.8900 1.256803e+06
  154.9000 1.256752e+06
  154.9100 1.256701e+06
  154.9200 1.256649e+06
  154.9300 1.256598e+06
  154.9400 1.256547e+06
  154.9500 1.256495e+06
  154.9600 1.256444e+06
  154.9700 1.256393e+06
  154.9800 1.256342e+06
  154.9900 1.256290e+06
  155.0000 1.256239e+06
  155.0100 1.256188e+06
  155.0200 1.256136e+06
  155.0300 1.256085e+06
  155.0400 1.256034e+06
  155.0500 1.255982e+06
  155.0600 1.255931e+06
  155.0700 1.255879e+06
  155.0800 1.255828e+06
  155.0900 1.255777e+06
  155.1000 1.255725e+06
  155.1100 1.255674e+06
  155.1200 1.255622e+06
  155.1300 1.255571e+06
  155.1400 1.255520e+06
  155.1500 1.255468e+06
  155.1600 1.255417e+06
  155.1700 1.255365e+06
  155.1800 1.255314e+06
  155.1900 1.255262e+06
  155.2000 1.255211e+06
  155.2100 1.255159e+06
  155.2200 1.255108e+06
  155.2300 1.255056e+06
  155.2400 1.255005e+06
  155.2500 1.254953e+06
  155.2600 1.254902e+06
  155.2700 1.254850e+06
  155.2800 1.254799e+06
  155.2900 1.254747e+06
  155.3000 1.254696e+06
  155.3100 1.254644e+06
  155.3200 1.254592e+06
  155.3300 1.254541e+06
  155.3400 1.254489e+06
  155.3500 1.254438e+06
  155.3600 1.254386e+06
  155.3700 1.254335e+06
  155.3800 1.254283e+06
  155.3900 1.254231e+06
  155.4000 1.254180e+06
  155.4100 1.254128e+06
  155.4200 1.254076e+06
  155.4300 1.254025e+06
  155.4400 1.253973e+06
  155.4500 1.253921e+06
  155.4600 1.253870e+06
  155.4700 1.253818e+06
  155.4800 1.253766e+06
  155.4900 1.253715e+06
  155.5000 1.253663e+06
  155.5100 1.253611e+06
  155.5200 1.253560e+06
  155.5300 1.253508e+06
  155.5400 1.253456e+06
  155.5500 1.253404e+06
  155.5600 1.253353e+06
  155.5700 1.253301e+06
  155.5800 1.253249e+06
  155.5900 1.253197e+06
  155.6000 1.253146e+06
  155.6100 1.253094e+06
  155.6200 1.253042e+06
  155.6300 1.252990e+06
  155.6400 1.252938e+06
  155.6500 1.252887e+06
  155.6600 1.252835e+06
  155.6700 1.252783e+06
  155.6800 1.252731e+06
  155.6900 1.252679e+06
  155.7000 1.252628e+06
  155.7100 1.252576e+06
  155.7200 1.252524e+06
  155.7300 1.252472e+06
  155.7400 1.252420e+06
  155.7500 1.252368e+06
  155.7600 1.252316e+06
  155.7700 1.252264e+06
  155.7800 1.252213e+06
  155.7900 1.252161e+06
  155.8000 1.252109e+06
  155.8100 1.252057e+06
  155.8200 1.252005e+06
  155.8300 1.251953e+06
  155.8400 1.251901e+06
  155.8500 1.251849e+06
  155.8600 1.251797e+06
  155.8700 1.251745e+06
  155.8800 1.251693e+06
  155.8900 1.251641e+06
  155.9000 1.251589e+06
  155.9100 1.251537e+06
  155.9200 1.251485e+06
  155.9300 1.251433e+06
  155.9400 1.251381e+06
  155.9500 1.251329e+06
  155.9600 1.251277e+06
  155.9700 1.251225e+06
  155.9800 1.251173e+06
  155.9900 1.251121e+06
  156.0000 1.251069e+06
  156.0100 1.251017e+06
  156.0200 1.250965e+06
  156.0300 1.250913e+06
  156.0400 1.250861e+06
  156.0500 1.250809e+06
  156.0600 1.250757e+06
  156.0700 1.250704e+06
  156.0800 1.250652e+06
  156.0900 1.250600e+06
  156.1000 1.250548e+06
  156.1100 1.250496e+06
  156.1200 1.250444e+06
  156.1300 1.250392e+06
  156.1400 1.250340e+06
  156.1500 1.250287e+06
  156.1600 1.250235e+06
  156.1700 1.250183e+06
  156.1800 1.250131e+06
  156.1900 1.250079e+06
  156.2000 1.250027e+06
  156.2100 1.249974e+06
  156.2200 1.249922e+06
  156.2300 1.249870e+06
  156.2400 1.249818e+06
  156.2500 1.249765e+06
  156.2600 1.249713e+06
  156.2700 1.249661e+06
  156.2800 1.249609e+06
  156.2900 1.249557e+06
  156.3000 1.249504e+06
  156.3100 1.249452e+06
  156.3200 1.249400e+06
  156.3300 1.249347e+06
  156.3400 1.249295e+06
  156.3500 1.249243e+06
  156.3600 1.249191e+06
  156.3700 1.249138e+06
  156.3800 1.249086e+06
  156.3900 1.249034e+06
  156.4000 1.248981e+06
  156.4100 1.248929e+06
  156.4200 1.248877e+06
  156.4300 1.248824e+06
  156.4400 1.248772e+06
  156.4500 1.248720e+06
  156.4600 1.248667e+06
  156.4700 1.248615e+06
  156.4800 1.248563e+06
  156.4900 1.248510e+06
  156.5000 1.248458e+06
  156.5100 1.248405e+06
  156.5200 1.248353e+06
  156.5300 1.248301e+06
  156.5400 1.248248e+06
  156.5500 1.248196e+06
  156.5600 1.248143e+06
  156.5700 1.248091e+06
  156.5800 1.248038e+06
  156.5900 1.247986e+06
  156.6000 1.247934e+06
  156.6100 1.247881e+06
  156.6200 1.247829e+06
  156.6300 1.247776e+06
  156.6400 1.247724e+06
  156.6500 1.247671e+06
  156.6600 1.247619e+06
  156.6700 1.247566e+06
  156.6800 1.247514e+06
  156.6900 1.247461e+06
  156.7000 1.247409e+06
  156.7100 1.247356e+06
  156.7200 1.247304e+06
  156.7300 1.247251e+06
  156.7400 1.247199e+06
  156.7500 1.247146e+06
  156.7600 1.247093e+06
  156.7700 1.247041e+06
  156.7800 1.246988e+06
  156.7900 1.246936e+06
  156.8000 1.246883e+06
  156.8100 1.246831e+06
  156.8200 1.246778e+06
  156.8300 1.246725e+06
  156.8400 1.246673e+06
  156.8500 1.246620e+06
  156.8600 1.246568e+06
  156.8700 1.246515e+06
  156.8800 1.246462e+06
  156.8900 1.246410e+06
  156.9000 1.246357e+06
  156.9100 1.246304e+06
  156.9200 1.246252e+06
  156.9300 1.246199e+06
  156.9400 1.246146e+06
  156.9500 1.246094e+06
  156.9600 1.246041e+06
  156.9700 1.245988e+06
  156.9800 1.245936e+06
  156.9900 1.245883e+06
  157.0000 1.245830e+06
  157.0100 1.245778e+06
  157.0200 1.245725e+06
  157.0300 1.245672e+06
  157.0400 1.245619e+06
  157.0500 1.245567e+06
  157.0600 1.245514e+06
  157.0700 1.245461e+06
  157.0800 1.245408e+06
  157.0900 1.245356e+06
  157.1000 1.245303e+06
  157.1100 1.245250e+06
  157.1200 1.245197e+06
  157.1300 1.245145e+06
  157.1400 1.245092e+06
  157.1500 1.245039e+06
  157.1600 1.244986e+06
  157.1700 1.244933e+06
  157.1800 1.244881e+06
  157.1900 1.244828e+06
  157.2000 1.244775e+06
  157.2100 1.244722e+06
  157.2200 1.244669e+06
  157.2300 1.244616e+06
  157.2400 1.244564e+06
  157.2500 1.244511e+06
  157.2600 1.244458e+06
  157.2700 1.244405e+06
  157.2800 1.244352e+06
  157.2900 1.244299e+06
  157.3000 1.244246e+06
  157.3100 1.244193e+06
  157.3200 1.244141e+06
  157.3300 1.244088e+06
  157.3400 1.244035e+06
  157.3500 1.243982e+06
  157.3600 1.243929e+06
  157.3700 1.243876e+06
  157.3800 1.243823e+06
  157.3900 1.243770e+06
  157.4000 1.243717e+06
  157.4100 1.243664e+06
  157.4200 1.243611e+06
  157.4300 1.243558e+06
  157.4400 1.243505e+06
  157.4500 1.243452e+06
  157.4600 1.243399e+06
  157.4700 1.243346e+06
  157.4800 1.243293e+06
  157.4900 1.243240e+06
  157.5000 1.243187e+06
  157.5100 1.243134e+06
  157.5200 1.243081e+06
  157.5300 1.243028e+06
  157.5400 1.242975e+06
  157.5500 1.242922e+06
  157.5600 1.242869e+06
  157.5700 1.242816e+06
  157.5800 1.242763e+06
  157.5900 1.242710e+06
  157.6000 1.242657e+06
  157.6100 1.242604e+06
  157.6200 1.242551e+06
  157.6300 1.242498e+06
  157.6400 1.242445e+06
  157.6500 1.242392e+06
  157.6600 1.242339e+06
  157.6700 1.242286e+06
  157.6800 1.242232e+06
  157.6900 1.242179e+06
  157.7000 1.242126e+06
  157.7100 1.242073e+06
  157.7200 1.242020e+06
  157.7300 1.241967e+06
  157.7400 1.241914e+06
  157.7500 1.241861e+06
  157.7600 1.241807e+06
  157.7700 1.241754e+06
  157.7800 1.241701e+06
  157.7900 1.241648e+06
  157.8000 1.241595e+06
  157.8100 1.241542e+06
  157.8200 1.241488e+06
  157.8300 1.241435e+06
  157.8400 1.241382e+06
  157.8500 1.241329e+06
  157.8600 1.241276e+06
  157.8700 1.241222e+06
  157.8800 1.241169e+06
  157.8900 1.241116e+06
  157.9000 1.241063e+06
  157.9100 1.241010e+06
  157.9200 1.240956e+06
  157.9300 1.240903e+06
  157.9400 1.240850e+06
  157.9500 1.240797e+06
  157.9600 1.240743e+06
  157.9700 1.240690e+06
  157.9800 1.240637e+06
  157.9900 1.240584e+06
  158.0000 1.240530e+06
  158.0100 1.240477e+06
  158.0200 1.240424e+06
  158.0300 1.240370e+06
  158.0400 1.240317e+06
  158.0500 1.240264e+06
  158.0600 1.240210e+06
  158.0700 1.240157e+06
  158.0800 1.240104e+06
  158.0900 1.240050e+06
  158.1000 1.239997e+06
  158.1100 1.239944e+06
  158.1200 1.239890e+06
  158.1300 1.239837e+06
  158.1400 1.239784e+06
  158.1500 1.239730e+06
  158.1600 1.239677e+06
  158.1700 1.239624e+06
  158.1800 1.239570e+06
  158.1900 1.239517e+06
  158.2000 1.239464e+06
  158.2100 1.239410e+06
  158.2200 1.239357e+06
  158.2300 1.239303e+06
  158.2400 1.239250e+06
  158.2500 1.239197e+06
  158.2600 1.239143e+06
  158.2700 1.239090e+06
  158.2800 1.239036e+06
  158.2900 1.238983e+06
  158.3000 1.238929e+06
  158.3100 1.238876e+06
  158.3200 1.238823e+06
  158.3300 1.238769e+06
  158.3400 1.238716e+06
  158.3500 1.238662e+06
  158.3600 1.238609e+06
  158.3700 1.238555e+06
  158.3800 1.238502e+06
  158.3900 1.238448e+06
  158.4000 1.238395e+06
  158.4100 1.238341e+06
  158.4200 1.238288e+06
  158.4300 1.238234e+06
  158.4400 1.238181e+06
  158.4500 1.238127e+06
  158.4600 1.238074e+06
  158.4700 1.238020e+06
  158.4800 1.237967e+06
  158.4900 1.237913e+06
  158.5000 1.237860e+06
  158.5100 1.237806e+06
  158.5200 1.237752e+06
  158.5300 1.237699e+06
  158.5400 1.237645e+06
  158.5500 1.237592e+06
  158.5600 1.237538e+06
  158.5700 1.237485e+06
  158.5800 1.237431e+06
  158.5900 1.237378e+06
  158.6000 1.237324e+06
  158.6100 1.237270e+06
  158.6200 1.237217e+06
  158.6300 1.237163e+06
  158.6400 1.237110e+06
  158.6500 1.237056e+06
  158.6600 1.237002e+06
  158.6700 1.236949e+06
  158.6800 1.236895e+06
  158.6900 1.236841e+06
  158.7000 1.236788e+06
  158.7100 1.236734e+06
  158.7200 1.236680e+06
  158.7300 1.236627e+06
  158.7400 1.236573e+06
  158.7500 1.236520e+06
  158.7600 1.236466e+06
  158.7700 1.236412e+06
  158.7800 1.236359e+06
  158.7900 1.236305e+06
  158.8000 1.236251e+06
  158.8100 1.236197e+06
  158.8200 1.236144e+06
  158.8300 1.236090e+06
  158.8400 1.236036e+06
  158.8500 1.235983e+06
  158.8600 1.235929e+06
  158.8700 1.235875e+06
  158.8800 1.235821e+06
  158.8900 1.235768e+06
  158.9000 1.235714e+06
  158.9100 1.235660e+06
  158.9200 1.235607e+06
  158.9300 1.235553e+06
  158.9400 1.235499e+06
  158.9500 1.235445e+06
  158.9600 1.235392e+06
  158.9700 1.235338e+06
  158.9800 1.235284e+06
  158.9900 1.235230e+06
  159.0000 1.235176e+06
  159.0100 1.235123e+06
  159.0200 1.235069e+06
  159.0300 1.235015e+06
  159.0400 1.234961e+06
  159.0500 1.234907e+06
  159.0600 1.234854e+06
  159.0700 1.234800e+06
  159.0800 1.234746e+06
  159.0900 1.234692e+06
  159.1000 1.234638e+06
  159.1100 1.234585e+06
  159.1200 1.234531e+06
  159.1300 1.234477e+06
  159.1400 1.234423e+06
  159.1500 1.234369e+06
  159.1600 1.234315e+06
  159.1700 1.234261e+06
  159.1800 1.234208e+06
  159.1900 1.234154e+06
  159.2000 1.234100e+06
  159.2100 1.234046e+06
  159.2200 1.233992e+06
  159.2300 1.233938e+06
  159.2400 1.233884e+06
  159.2500 1.233830e+06
  159.2600 1.233777e+06
  159.2700 1.233723e+06
  159.2800 1.233669e+06
  159.2900 1.233615e+06
  159.3000 1.233561e+06
  159.3100 1.233507e+06
  159.3200 1.233453e+06
  159.3300 1.233399e+06
  159.3400 1.233345e+06
  159.3500 1.233291e+06
  159.3600 1.233237e+06
  159.3700 1.233183e+06
  159.3800 1.233129e+06
  159.3900 1.233075e+06
  159.4000 1.233022e+06
  159.4100 1.232968e+06
  159.4200 1.232914e+06
  159.4300 1.232860e+06
  159.4400 1.232806e+06
  159.4500 1.232752e+06
  159.4600 1.232698e+06
  159.4700 1.232644e+06
  159.4800 1.232590e+06
  159.4900 1.232536e+06
  159.5000 1.232482e+06
  159.5100 1.232428e+06
  159.5200 1.232374e+06
  159.5300 1.232320e+06
  159.5400 1.232266e+06
  159.5500 1.232212e+06
  159.5600 1.232158e+06
  159.5700 1.232104e+06
  159.5800 1.232050e+06
  159.5900 1.231995e+06
  159.6000 1.231941e+06
  159.6100 1.231887e+06
  159.6200 1.231833e+06
  159.6300 1.231779e+06
  159.6400 1.231725e+06
  159.6500 1.231671e+06
  159.6600 1.231617e+06
  159.6700 1.231563e+06
  159.6800 1.231509e+06
  159.6900 1.231455e+06
  159.7000 1.231401e+06
  159.7100 1.231347e+06
  159.7200 1.231293e+06
  159.7300 1.231238e+06
  159.7400 1.231184e+06
  159.7500 1.231130e+06
  159.7600 1.231076e+06
  159.7700 1.231022e+06
  159.7800 1.230968e+06
  159.7900 1.230914e+06
  159.8000 1.230860e+06
  159.8100 1.230806e+06
  159.8200 1.230751e+06
  159.8300 1.230697e+06
  159.8400 1.230643e+06
  159.8500 1.230589e+06
  159.8600 1.230535e+06
  159.8700 1.230481e+06
  159.8800 1.230427e+06
  159.8900 1.230372e+06
  159.9000 1.230318e+06
  159.9100 1.230264e+06
  159.9200 1.230210e+06
  159.9300 1.230156e+06
  159.9400 1.230102e+06
  159.9500 1.230047e+06
  159.9600 1.229993e+06
  159.9700 1.229939e+06
  159.9800 1.229885e+06
  159.9900 1.229831e+06
  160.0000 1.229776e+06
  160.0100 1.229722e+06
  160.0200 1.229668e+06
  160.0300 1.229614e+06
  160.0400 1.229559e+06
  160.0500 1.229505e+06
  160.0600 1.229451e+06
  160.0700 1.229397e+06
  160.0800 1.229343e+06
  160.0900 1.229288e+06
  160.1000 1.229234e+06
  160.1100 1.229180e+06
  160.1200 1.229126e+06
  160.1300 1.229071e+06
  160.1400 1.229017e+06
  160.1500 1.228963e+06
  160.1600 1.228909e+06
  160.1700 1.228854e+06
  160.1800 1.228800e+06
  160.1900 1.228746e+06
  160.2000 1.228691e+06
  160.2100 1.228637e+06
  160.2200 1.228583e+06
  160.2300 1.228529e+06
  160.2400 1.228474e+06
  160.2500 1.228420e+06
  160.2600 1.228366e+06
  160.2700 1.228311e+06
  160.2800 1.228257e+06
  160.2900 1.228203e+06
  160.3000 1.228148e+06
  160.3100 1.228094e+06
  160.3200 1.228040e+06
  160.3300 1.227985e+06
  160.3400 1.227931e+06
  160.3500 1.227877e+06
  160.3600 1.227822e+06
  160.3700 1.227768e+06
  160.3800 1.227714e+06
  160.3900 1.227659e+06
  160.4000 1.227605e+06
  160.4100 1.227551e+06
  160.4200 1.227496e+06
  160.4300 1.227442e+06
  160.4400 1.227388e+06
  160.4500 1.227333e+06
  160.4600 1.227279e+06
  160.4700 1.227224e+06
  160.4800 1.227170e+06
  160.4900 1.227116e+06
  160.5000 1.227061e+06
  160.5100 1.227007e+06
  160.5200 1.226952e+06
  160.5300 1.226898e+06
  160.5400 1.226844e+06
  160.5500 1.226789e+06
  160.5600 1.226735e+06
  160.5700 1.226680e+06
  160.5800 1.226626e+06
  160.5900 1.226572e+06
  160.6000 1.226517e+06
  160.6100 1.226463e+06
  160.6200 1.226408e+06
  160.6300 1.226354e+06
  160.6400 1.226299e+06
  160.6500 1.226245e+06
  160.6600 1.226191e+06
  160.6700 1.226136e+06
  160.6800 1.226082e+06
  160.6900 1.226027e+06
  160.7000 1.225973e+06
  160.7100 1.225918e+06
  160.7200 1.225864e+06
  160.7300 1.225809e+06
  160.7400 1.225755e+06
  160.7500 1.225700e+06
  160.7600 1.225646e+06
  160.7700 1.225591e+06
  160.7800 1.225537e+06
  160.7900 1.225482e+06
  160.8000 1.225428e+06
  160.8100 1.225373e+06
  160.8200 1.225319e+06
  160.8300 1.225264e+06
  160.8400 1.225210e+06
  160.8500 1.225155e+06
  160.8600 1.225101e+06
  160.8700 1.225046e+06
  160.8800 1.224992e+06
  160.8900 1.224937e+06
  160.9000 1.224883e+06
  160.9100 1.224828e+06
  160.9200 1.224774e+06
  160.9300 1.224719e+06
  160.9400 1.224665e+06
  160.9500 1.224610e+06
  160.9600 1.224556e+06
  160.9700 1.224501e+06
  160.9800 1.224447e+06
  160.9900 1.224392e+06
  161.0000 1.224337e+06
  161.0100 1.224283e+06
  161.0200 1.224228e+06
  161.0300 1.224174e+06
  161.0400 1.224119e+06
  161.0500 1.224065e+06
  161.0600 1.224010e+06
  161.0700 1.223955e+06
  161.0800 1.223901e+06
  161.0900 1.223846e+06
  161.1000 1.223792e+06
  161.1100 1.223737e+06
  161.1200 1.223683e+06
  161.1300 1.223628e+06
  161.1400 1.223573e+06
  161.1500 1.223519e+06
  161.1600 1.223464e+06
  161.1700 1.223410e+06
  161.1800 1.223355e+06
  161.1900 1.223300e+06
  161.2000 1.223246e+06
  161.2100 1.223191e+06
  161.2200 1.223136e+06
  161.2300 1.223082e+06
  161.2400 1.223027e+06
  161.2500 1.222973e+06
  161.2600 1.222918e+06
  161.2700 1.222863e+06
  161.2800 1.222809e+06
  161.2900 1.222754e+06
  161.3000 1.222699e+06
  161.3100 1.222645e+06
  161.3200 1.222590e+06
  161.3300 1.222535e+06
  161.3400 1.222481e+06
  161.3500 1.222426e+06
  161.3600 1.222371e+06
  161.3700 1.222317e+06
  161.3800 1.222262e+06
  161.3900 1.222207e+06
  161.4000 1.222153e+06
  161.4100 1.222098e+06
  161.4200 1.222043e+06
  161.4300 1.221989e+06
  161.4400 1.221934e+06
  161.4500 1.221879e+06
  161.4600 1.221825e+06
  161.4700 1.221770e+06
  161.4800 1.221715e+06
  161.4900 1.221661e+06
  161.5000 1.221606e+06
  161.5100 1.221551e+06
  161.5200 1.221496e+06
  161.5300 1.221442e+06
  161.5400 1.221387e+06
  161.5500 1.221332e+06
  161.5600 1.221278e+06
  161.5700 1.221223e+06
  161.5800 1.221168e+06
  161.5900 1.221113e+06
  161.6000 1.221059e+06
  161.6100 1.221004e+06
  161.6200 1.220949e+06
  161.6300 1.220894e+06
  161.6400 1.220840e+06
  161.6500 1.220785e+06
  161.6600 1.220730e+06
  161.6700 1.220675e+06
  161.6800 1.220621e+06
  161.6900 1.220566e+06
  161.7000 1.220511e+06
  161.7100 1.220456e+06
  161.7200 1.220402e+06
  161.7300 1.220347e+06
  161.7400 1.220292e+06
  161.7500 1.220237e+06
  161.7600 1.220183e+06
  161.7700 1.220128e+06
  161.7800 1.220073e+06
  161.7900 1.220018e+06
  161.8000 1.219963e+06
  161.8100 1.219909e+06
  161.8200 1.219854e+06
  161.8300 1.219799e+06
  161.8400 1.219744e+06
  161.8500 1.219690e+06
  161.8600 1.219635e+06
  161.8700 1.219580e+06
  161.8800 1.219525e+06
  161.8900 1.219470e+06
  161.9000 1.219416e+06
  161.9100 1.219361e+06
  161.9200 1.219306e+06
  161.9300 1.219251e+06
  161.9400 1.219196e+06
  161.9500 1.219141e+06
  161.9600 1.219087e+06
  161.9700 1.219032e+06
  161.9800 1.218977e+06
  161.9900 1.218922e+06
  162.0000 1.218867e+06
  162.0100 1.218812e+06
  162.0200 1.218758e+06
  162.0300 1.218703e+06
  162.0400 1.218648e+06
  162.0500 1.218593e+06
  162.0600 1.218538e+06
  162.0700 1.218483e+06
  162.0800 1.218429e+06
  162.0900 1.218374e+06
  162.1000 1.218319e+06
  162.1100 1.218264e+06
  162.1200 1.218209e+06
  162.1300 1.218154e+06
  162.1400 1.218099e+06
  162.1500 1.218045e+06
  162.1600 1.217990e+06
  162.1700 1.217935e+06
  162.1800 1.217880e+06
  162.1900 1.217825e+06
  162.2000 1.217770e+06
  162.2100 1.217715e+06
  162.2200 1.217660e+06
  162.2300 1.217606e+06
  162.2400 1.217551e+06
  162.2500 1.217496e+06
  162.2600 1.217441e+06
  162.2700 1.217386e+06
  162.2800 1.217331e+06
  162.2900 1.217276e+06
  162.3000 1.217221e+06
  162.3100 1.217166e+06
  162.3200 1.217111e+06
  162.3300 1.217057e+06
  162.3400 1.217002e+06
  162.3500 1.216947e+06
  162.3600 1.216892e+06
  162.3700 1.216837e+06
  162.3800 1.216782e+06
  162.3900 1.216727e+06
  162.4000 1.216672e+06
  162.4100 1.216617e+06
  162.4200 1.216562e+06
  162.4300 1.216507e+06
  162.4400 1.216452e+06
  162.4500 1.216398e+06
  162.4600 1.216343e+06
  162.4700 1.216288e+06
  162.4800 1.216233e+06
  162.4900 1.216178e+06
  162.5000 1.216123e+06
  162.5100 1.216068e+06
  162.5200 1.216013e+06
  162.5300 1.215958e+06
  162.5400 1.215903e+06
  162.5500 1.215848e+06
  162.5600 1.215793e+06
  162.5700 1.215738e+06
  162.5800 1.215683e+06
  162.5900 1.215628e+06
  162.6000 1.215573e+06
  162.6100 1.215518e+06
  162.6200 1.215463e+06
  162.6300 1.215408e+06
  162.6400 1.215353e+06
  162.6500 1.215299e+06
  162.6600 1.215244e+06
  162.6700 1.215189e+06
  162.6800 1.215134e+06
  162.6900 1.215079e+06
  162.7000 1.215024e+06
  162.7100 1.214969e+06
  162.7200 1.214914e+06
  162.7300 1.214859e+06
  162.7400 1.214804e+06
  162.7500 1.214749e+06
  162.7600 1.214694e+06
  162.7700 1.214639e+06
  162.7800 1.214584e+06
  162.7900 1.214529e+06
  162.8000 1.214474e+06
  162.8100 1.214419e+06
  162.8200 1.214364e+06
  162.8300 1.214309e+06
  162.8400 1.214254e+06
  162.8500 1.214199e+06
  162.8600 1.214144e+06
  162.8700 1.214089e+06
  162.8800 1.214034e+06
  162.8900 1.213979e+06
  162.9000 1.213924e+06
  162.9100 1.213869e+06
  162.9200 1.213814e+06
  162.9300 1.213759e+06
  162.9400 1.213704e+06
  162.9500 1.213649e+06
  162.9600 1.213594e+06
  162.9700 1.213538e+06
  162.9800 1.213483e+06
  162.9900 1.213428e+06
  163.0000 1.213373e+06
  163.0100 1.213318e+06
  163.0200 1.213263e+06
  163.0300 1.213208e+06
  163.0400 1.213153e+06
  163.0500 1.213098e+06
  163.0600 1.213043e+06
  163.0700 1.212988e+06
  163.0800 1.212933e+06
  163.0900 1.212878e+06
  163.1000 1.212823e+06
  163.1100 1.212768e+06
  163.1200 1.212713e+06
  163.1300 1.212658e+06
  163.1400 1.212603e+06
  163.1500 1.212548e+06
  163.1600 1.212493e+06
  163.1700 1.212438e+06
  163.1800 1.212383e+06
  163.1900 1.212327e+06
  163.2000 1.212272e+06
  163.2100 1.212217e+06
  163.2200 1.212162e+06
  163.2300 1.212107e+06
  163.2400 1.212052e+06
  163.2500 1.211997e+06
  163.2600 1.211942e+06
  163.2700 1.211887e+06
  163.2800 1.211832e+06
  163.2900 1.211777e+06
  163.3000 1.211722e+06
  163.3100 1.211667e+06
  163.3200 1.211612e+06
  163.3300 1.211556e+06
  163.3400 1.211501e+06
  163.3500 1.211446e+06
  163.3600 1.211391e+06
  163.3700 1.211336e+06
  163.3800 1.211281e+06
  163.3900 1.211226e+06
  163.4000 1.211171e+06
  163.4100 1.211116e+06
  163.4200 1.211061e+06
  163.4300 1.211006e+06
  163.4400 1.210950e+06
  163.4500 1.210895e+06
  163.4600 1.210840e+06
  163.4700 1.210785e+06
  163.4800 1.210730e+06
  163.4900 1.210675e+06
  163.5000 1.210620e+06
  163.5100 1.210565e+06
  163.5200 1.210510e+06
  163.5300 1.210455e+06
  163.5400 1.210399e+06
  163.5500 1.210344e+06
  163.5600 1.210289e+06
  163.5700 1.210234e+06
  163.5800 1.210179e+06
  163.5900 1.210124e+06
  163.6000 1.210069e+06
  163.6100 1.210014e+06
  163.6200 1.209959e+06
  163.6300 1.209903e+06
  163.6400 1.209848e+06
  163.6500 1.209793e+06
  163.6600 1.209738e+06
  163.6700 1.209683e+06
  163.6800 1.209628e+06
  163.6900 1.209573e+06
  163.7000 1.209518e+06
  163.7100 1.209462e+06
  163.7200 1.209407e+06
  163.7300 1.209352e+06
  163.7400 1.209297e+06
  163.7500 1.209242e+06
  163.7600 1.209187e+06
  163.7700 1.209132e+06
  163.7800 1.209076e+06
  163.7900 1.209021e+06
  163.8000 1.208966e+06
  163.8100 1.208911e+06
  163.8200 1.208856e+06
  163.8300 1.208801e+06
  163.8400 1.208746e+06
  163.8500 1.208690e+06
  163.8600 1.208635e+06
  163.8700 1.208580e+06
  163.8800 1.208525e+06
  163.8900 1.208470e+06
  163.9000 1.208415e+06
  163.9100 1.208360e+06
  163.9200 1.208304e+06
  163.9300 1.208249e+06
  163.9400 1.208194e+06
  163.9500 1.208139e+06
  163.9600 1.208084e+06
  163.9700 1.208029e+06
  163.9800 1.207974e+06
  163.9900 1.207918e+06
  164.0000 1.207863e+06
  164.0100 1.207808e+06
  164.0200 1.207753e+06
  164.0300 1.207698e+06
  164.0400 1.207643e+06
  164.0500 1.207587e+06
  164.0600 1.207532e+06
  164.0700 1.207477e+06
  164.0800 1.207422e+06
  164.0900 1.207367e+06
  164.1000 1.207312e+06
  164.1100 1.207256e+06
  164.1200 1.207201e+06
  164.1300 1.207146e+06
  164.1400 1.207091e+06
  164.1500 1.207036e+06
  164.1600 1.206981e+06
  164.1700 1.206925e+06
  164.1800 1.206870e+06
  164.1900 1.206815e+06
  164.2000 1.206760e+06
  164.2100 1.206705e+06
  164.2200 1.206650e+06
  164.2300 1.206594e+06
  164.2400 1.206539e+06
  164.2500 1.206484e+06
  164.2600 1.206429e+06
  164.2700 1.206374e+06
  164.2800 1.206318e+06
  164.2900 1.206263e+06
  164.3000 1.206208e+06
  164.3100 1.206153e+06
  164.3200 1.206098e+06
  164.3300 1.206043e+06
  164.3400 1.205987e+06
  164.3500 1.205932e+06
  164.3600 1.205877e+06
  164.3700 1.205822e+06
  164.3800 1.205767e+06
  164.3900 1.205711e+06
  164.4000 1.205656e+06
  164.4100 1.205601e+06
  164.4200 1.205546e+06
  164.4300 1.205491e+06
  164.4400 1.205436e+06
  164.4500 1.205380e+06
  164.4600 1.205325e+06
  164.4700 1.205270e+06
  164.4800 1.205215e+06
  164.4900 1.205160e+06
  164.5000 1.205104e+06
  164.5100 1.205049e+06
  164.5200 1.204994e+06
  164.5300 1.204939e+06
  164.5400 1.204884e+06
  164.5500 1.204828e+06
  164.5600 1.204773e+06
  164.5700 1.204718e+06
  164.5800 1.204663e+06
  164.5900 1.204608e+06
  164.6000 1.204552e+06
  164.6100 1.204497e+06
  164.6200 1.204442e+06
  164.6300 1.204387e+06
  164.6400 1.204332e+06
  164.6500 1.204276e+06
  164.6600 1.204221e+06
  164.6700 1.204166e+06
  164.6800 1.204111e+06
  164.6900 1.204056e+06
  164.7000 1.204000e+06
  164.7100 1.203945e+06
  164.7200 1.203890e+06
  164.7300 1.203835e+06
  164.7400 1.203780e+06
  164.7500 1.203724e+06
  164.7600 1.203669e+06
  164.7700 1.203614e+06
  164.7800 1.203559e+06
  164.7900 1.203504e+06
  164.8000 1.203448e+06
  164.8100 1.203393e+06
  164.8200 1.203338e+06
  164.8300 1.203283e+06
  164.8400 1.203228e+06
  164.8500 1.203172e+06
  164.8600 1.203117e+06
  164.8700 1.203062e+06
  164.8800 1.203007e+06
  164.8900 1.202952e+06
  164.9000 1.202896e+06
  164.9100 1.202841e+06
  164.9200 1.202786e+06
  164.9300 1.202731e+06
  164.9400 1.202676e+06
  164.9500 1.202620e+06
  164.9600 1.202565e+06
  164.9700 1.202510e+06
  164.9800 1.202455e+06
  164.9900 1.202400e+06
  165.0000 1.202344e+06
  165.0100 1.202289e+06
  165.0200 1.202234e+06
  165.0300 1.202179e+06
  165.0400 1.202123e+06
  165.0500 1.202068e+06
  165.0600 1.202013e+06
  165.0700 1.201958e+06
  165.0800 1.201903e+06
  165.0900 1.201847e+06
  165.1000 1.201792e+06
  165.1100 1.201737e+06
  165.1200 1.201682e+06
  165.1300 1.201627e+06
  165.1400 1.201571e+06
  165.1500 1.201516e+06
  165.1600 1.201461e+06
  165.1700 1.201406e+06
  165.1800 1.201351e+06
  165.1900 1.201295e+06
  165.2000 1.201240e+06
  165.2100 1.201185e+06
  165.2200 1.201130e+06
  165.2300 1.201075e+06
  165.2400 1.201019e+06
  165.2500 1.200964e+06
  165.2600 1.200909e+06
  165.2700 1.200854e+06
  165.2800 1.200798e+06
  165.2900 1.200743e+06
  165.3000 1.200688e+06
  165.3100 1.200633e+06
  165.3200 1.200578e+06
  165.3300 1.200522e+06
  165.3400 1.200467e+06
  165.3500 1.200412e+06
  165.3600 1.200357e+06
  165.3700 1.200302e+06
  165.3800 1.200246e+06
  165.3900 1.200191e+06
  165.4000 1.200136e+06
  165.4100 1.200081e+06
  165.4200 1.200026e+06
  165.4300 1.199970e+06
  165.4400 1.199915e+06
  165.4500 1.199860e+06
  165.4600 1.199805e+06
  165.4700 1.199750e+06
  165.4800 1.199694e+06
  165.4900 1.199639e+06
  165.5000 1.199584e+06
  165.5100 1.199529e+06
  165.5200 1.199474e+06
  165.5300 1.199418e+06
  165.5400 1.199363e+06
  165.5500 1.199308e+06
  165.5600 1.199253e+06
  165.5700 1.199197e+06
  165.5800 1.199142e+06
  165.5900 1.199087e+06
  165.6000 1.199032e+06
  165.6100 1.198977e+06
  165.6200 1.198921e+06
  165.6300 1.198866e+06
  165.6400 1.198811e+06
  165.6500 1.198756e+06
  165.6600 1.198701e+06
  165.6700 1.198645e+06
  165.6800 1.198590e+06
  165.6900 1.198535e+06
  165.7000 1.198480e+06
  165.7100 1.198425e+06
  165.7200 1.198369e+06
  165.7300 1.198314e+06
  165.7400 1.198259e+06
  165.7500 1.198204e+06
  165.7600 1.198149e+06
  165.7700 1.198094e+06
  165.7800 1.198038e+06
  165.7900 1.197983e+06
  165.8000 1.197928e+06
  165.8100 1.197873e+06
  165.8200 1.197818e+06
  165.8300 1.197762e+06
  165.8400 1.197707e+06
  165.8500 1.197652e+06
  165.8600 1.197597e+06
  165.8700 1.197542e+06
  165.8800 1.197486e+06
  165.8900 1.197431e+06
  165.9000 1.197376e+06
  165.9100 1.197321e+06
  165.9200 1.197266e+06
  165.9300 1.197210e+06
  165.9400 1.197155e+06
  165.9500 1.197100e+06
  165.9600 1.197045e+06
  165.9700 1.196990e+06
  165.9800 1.196935e+06
  165.9900 1.196879e+06
  166.0000 1.196824e+06
  166.0100 1.196769e+06
  166.0200 1.196714e+06
  166.0300 1.196659e+06
  166.0400 1.196603e+06
  166.0500 1.196548e+06
  166.0600 1.196493e+06
  166.0700 1.196438e+06
  166.0800 1.196383e+06
  166.0900 1.196328e+06
  166.1000 1.196272e+06
  166.1100 1.196217e+06
  166.1200 1.196162e+06
  166.1300 1.196107e+06
  166.1400 1.196052e+06
  166.1500 1.195996e+06
  166.1600 1.195941e+06
  166.1700 1.195886e+06
  166.1800 1.195831e+06
  166.1900 1.195776e+06
  166.2000 1.195721e+06
  166.2100 1.195665e+06
  166.2200 1.195610e+06
  166.2300 1.195555e+06
  166.2400 1.195500e+06
  166.2500 1.195445e+06
  166.2600 1.195390e+06
  166.2700 1.195334e+06
  166.2800 1.195279e+06
  166.2900 1.195224e+06
  166.3000 1.195169e+06
  166.3100 1.195114e+06
  166.3200 1.195059e+06
  166.3300 1.195004e+06
  166.3400 1.194948e+06
  166.3500 1.194893e+06
  166.3600 1.194838e+06
  166.3700 1.194783e+06
  166.3800 1.194728e+06
  166.3900 1.194673e+06
  166.4000 1.194617e+06
  166.4100 1.194562e+06
  166.4200 1.194507e+06
  166.4300 1.194452e+06
  166.4400 1.194397e+06
  166.4500 1.194342e+06
  166.4600 1.194287e+06
  166.4700 1.194231e+06
  166.4800 1.194176e+06
  166.4900 1.194121e+06
  166.5000 1.194066e+06
  166.5100 1.194011e+06
  166.5200 1.193956e+06
  166.5300 1.193901e+06
  166.5400 1.193845e+06
  166.5500 1.193790e+06
  166.5600 1.193735e+06
  166.5700 1.193680e+06
  166.5800 1.193625e+06
  166.5900 1.193570e+06
  166.6000 1.193515e+06
  166.6100 1.193459e+06
  166.6200 1.193404e+06
  166.6300 1.193349e+06
  166.6400 1.193294e+06
  166.6500 1.193239e+06
  166.6600 1.193184e+06
  166.6700 1.193129e+06
  166.6800 1.193074e+06
  166.6900 1.193018e+06
  166.7000 1.192963e+06
  166.7100 1.192908e+06
  166.7200 1.192853e+06
  166.7300 1.192798e+06
  166.7400 1.192743e+06
  166.7500 1.192688e+06
  166.7600 1.192633e+06
  166.7700 1.192577e+06
  166.7800 1.192522e+06
  166.7900 1.192467e+06
  166.8000 1.192412e+06
  166.8100 1.192357e+06
  166.8200 1.192302e+06
  166.8300 1.192247e+06
  166.8400 1.192192e+06
  166.8500 1.192137e+06
  166.8600 1.192082e+06
  166.8700 1.192026e+06
  166.8800 1.191971e+06
  166.8900 1.191916e+06
  166.9000 1.191861e+06
  166.9100 1.191806e+06
  166.9200 1.191751e+06
  166.9300 1.191696e+06
  166.9400 1.191641e+06
  166.9500 1.191586e+06
  166.9600 1.191531e+06
  166.9700 1.191476e+06
  166.9800 1.191420e+06
  166.9900 1.191365e+06
  167.0000 1.191310e+06
  167.0100 1.191255e+06
  167.0200 1.191200e+06
  167.0300 1.191145e+06
  167.0400 1.191090e+06
  167.0500 1.191035e+06
  167.0600 1.190980e+06
  167.0700 1.190925e+06
  167.0800 1.190870e+06
  167.0900 1.190815e+06
  167.1000 1.190759e+06
  167.1100 1.190704e+06
  167.1200 1.190649e+06
  167.1300 1.190594e+06
  167.1400 1.190539e+06
  167.1500 1.190484e+06
  167.1600 1.190429e+06
  167.1700 1.190374e+06
  167.1800 1.190319e+06
  167.1900 1.190264e+06
  167.2000 1.190209e+06
  167.2100 1.190154e+06
  167.2200 1.190099e+06
  167.2300 1.190044e+06
  167.2400 1.189989e+06
  167.2500 1.189934e+06
  167.2600 1.189879e+06
  167.2700 1.189824e+06
  167.2800 1.189768e+06
  167.2900 1.189713e+06
  167.3000 1.189658e+06
  167.3100 1.189603e+06
  167.3200 1.189548e+06
  167.3300 1.189493e+06
  167.3400 1.189438e+06
  167.3500 1.189383e+06
  167.3600 1.189328e+06
  167.3700 1.189273e+06
  167.3800 1.189218e+06
  167.3900 1.189163e+06
  167.4000 1.189108e+06
  167.4100 1.189053e+06
  167.4200 1.188998e+06
  167.4300 1.188943e+06
  167.4400 1.188888e+06
  167.4500 1.188833e+06
  167.4600 1.188778e+06
  167.4700 1.188723e+06
  167.4800 1.188668e+06
  167.4900 1.188613e+06
  167.5000 1.188558e+06
  167.5100 1.188503e+06
  167.5200 1.188448e+06
  167.5300 1.188393e+06
  167.5400 1.188338e+06
  167.5500 1.188283e+06
  167.5600 1.188228e+06
  167.5700 1.188173e+06
  167.5800 1.188118e+06
  167.5900 1.188063e+06
  167.6000 1.188008e+06
  167.6100 1.187953e+06
  167.6200 1.187898e+06
  167.6300 1.187843e+06
  167.6400 1.187788e+06
  167.6500 1.187733e+06
  167.6600 1.187678e+06
  167.6700 1.187623e+06
  167.6800 1.187568e+06
  167.6900 1.187513e+06
  167.7000 1.187458e+06
  167.7100 1.187403e+06
  167.7200 1.187348e+06
  167.7300 1.187293e+06
  167.7400 1.187238e+06
  167.7500 1.187183e+06
  167.7600 1.187128e+06
  167.7700 1.187074e+06
  167.7800 1.187019e+06
  167.7900 1.186964e+06
  167.8000 1.186909e+06
  167.8100 1.186854e+06
  167.8200 1.186799e+06
  167.8300 1.186744e+06
  167.8400 1.186689e+06
  167.8500 1.186634e+06
  167.8600 1.186579e+06
  167.8700 1.186524e+06
  167.8800 1.186469e+06
  167.8900 1.186414e+06
  167.9000 1.186359e+06
  167.9100 1.186304e+06
  167.9200 1.186249e+06
  167.9300 1.186195e+06
  167.9400 1.186140e+06
  167.9500 1.186085e+06
  167.9600 1.186030e+06
  167.9700 1.185975e+06
  167.9800 1.185920e+06
  167.9900 1.185865e+06
  168.0000 1.185810e+06
  168.0100 1.185755e+06
  168.0200 1.185700e+06
  168.0300 1.185645e+06
  168.0400 1.185590e+06
  168.0500 1.185536e+06
  168.0600 1.185481e+06
  168.0700 1.185426e+06
  168.0800 1.185371e+06
  168.0900 1.185316e+06
  168.1000 1.185261e+06
  168.1100 1.185206e+06
  168.1200 1.185151e+06
  168.1300 1.185096e+06
  168.1400 1.185042e+06
  168.1500 1.184987e+06
  168.1600 1.184932e+06
  168.1700 1.184877e+06
  168.1800 1.184822e+06
  168.1900 1.184767e+06
  168.2000 1.184712e+06
  168.2100 1.184658e+06
  168.2200 1.184603e+06
  168.2300 1.184548e+06
  168.2400 1.184493e+06
  168.2500 1.184438e+06
  168.2600 1.184383e+06
  168.2700 1.184328e+06
  168.2800 1.184274e+06
  168.2900 1.184219e+06
  168.3000 1.184164e+06
  168.3100 1.184109e+06
  168.3200 1.184054e+06
  168.3300 1.183999e+06
  168.3400 1.183945e+06
  168.3500 1.183890e+06
  168.3600 1.183835e+06
  168.3700 1.183780e+06
  168.3800 1.183725e+06
  168.3900 1.183670e+06
  168.4000 1.183616e+06
  168.4100 1.183561e+06
  168.4200 1.183506e+06
  168.4300 1.183451e+06
  168.4400 1.183396e+06
  168.4500 1.183342e+06
  168.4600 1.183287e+06
  168.4700 1.183232e+06
  168.4800 1.183177e+06
  168.4900 1.183122e+06
  168.5000 1.183068e+06
  168.5100 1.183013e+06
  168.5200 1.182958e+06
  168.5300 1.182903e+06
  168.5400 1.182848e+06
  168.5500 1.182794e+06
  168.5600 1.182739e+06
  168.5700 1.182684e+06
  168.5800 1.182629e+06
  168.5900 1.182575e+06
  168.6000 1.182520e+06
  168.6100 1.182465e+06
  168.6200 1.182410e+06
  168.6300 1.182355e+06
  168.6400 1.182301e+06
  168.6500 1.182246e+06
  168.6600 1.182191e+06
  168.6700 1.182136e+06
  168.6800 1.182082e+06
  168.6900 1.182027e+06
  168.7000 1.181972e+06
  168.7100 1.181917e+06
  168.7200 1.181863e+06
  168.7300 1.181808e+06
  168.7400 1.181753e+06
  168.7500 1.181699e+06
  168.7600 1.181644e+06
  168.7700 1.181589e+06
  168.7800 1.181534e+06
  168.7900 1.181480e+06
  168.8000 1.181425e+06
  168.8100 1.181370e+06
  168.8200 1.181316e+06
  168.8300 1.181261e+06
  168.8400 1.181206e+06
  168.8500 1.181151e+06
  168.8600 1.181097e+06
  168.8700 1.181042e+06
  168.8800 1.180987e+06
  168.8900 1.180933e+06
  168.9000 1.180878e+06
  168.9100 1.180823e+06
  168.9200 1.180769e+06
  168.9300 1.180714e+06
  168.9400 1.180659e+06
  168.9500 1.180605e+06
  168.9600 1.180550e+06
  168.9700 1.180495e+06
  168.9800 1.180441e+06
  168.9900 1.180386e+06
  169.0000 1.180331e+06
  169.0100 1.180277e+06
  169.0200 1.180222e+06
  169.0300 1.180167e+06
  169.0400 1.180113e+06
  169.0500 1.180058e+06
  169.0600 1.180003e+06
  169.0700 1.179949e+06
  169.0800 1.179894e+06
  169.0900 1.179839e+06
  169.1000 1.179785e+06
  169.1100 1.179730e+06
  169.1200 1.179676e+06
  169.1300 1.179621e+06
  169.1400 1.179566e+06
  169.1500 1.179512e+06
  169.1600 1.179457e+06
  169.1700 1.179403e+06
  169.1800 1.179348e+06
  169.1900 1.179293e+06
  169.2000 1.179239e+06
  169.2100 1.179184e+06
  169.2200 1.179130e+06
  169.2300 1.179075e+06
  169.2400 1.179020e+06
  169.2500 1.178966e+06
  169.2600 1.178911e+06
  169.2700 1.178857e+06
  169.2800 1.178802e+06
  169.2900 1.178747e+06
  169.3000 1.178693e+06
  169.3100 1.178638e+06
  169.3200 1.178584e+06
  169.3300 1.178529e+06
  169.3400 1.178475e+06
  169.3500 1.178420e+06
  169.3600 1.178366e+06
  169.3700 1.178311e+06
  169.3800 1.178256e+06
  169.3900 1.178202e+06
  169.4000 1.178147e+06
  169.4100 1.178093e+06
  169.4200 1.178038e+06
  169.4300 1.177984e+06
  169.4400 1.177929e+06
  169.4500 1.177875e+06
  169.4600 1.177820e+06
  169.4700 1.177766e+06
  169.4800 1.177711e+06
  169.4900 1.177657e+06
  169.5000 1.177602e+06
  169.5100 1.177548e+06
  169.5200 1.177493e+06
  169.5300 1.177439e+06
  169.5400 1.177384e+06
  169.5500 1.177330e+06
  169.5600 1.177275e+06
  169.5700 1.177221e+06
  169.5800 1.177166e+06
  169.5900 1.177112e+06
  169.6000 1.177057e+06
  169.6100 1.177003e+06
  169.6200 1.176948e+06
  169.6300 1.176894e+06
  169.6400 1.176839e+06
  169.6500 1.176785e+06
  169.6600 1.176731e+06
  169.6700 1.176676e+06
  169.6800 1.176622e+06
  169.6900 1.176567e+06
  169.7000 1.176513e+06
  169.7100 1.176458e+06
  169.7200 1.176404e+06
  169.7300 1.176349e+06
  169.7400 1.176295e+06
  169.7500 1.176241e+06
  169.7600 1.176186e+06
  169.7700 1.176132e+06
  169.7800 1.176077e+06
  169.7900 1.176023e+06
  169.8000 1.175969e+06
  169.8100 1.175914e+06
  169.8200 1.175860e+06
  169.8300 1.175805e+06
  169.8400 1.175751e+06
  169.8500 1.175697e+06
  169.8600 1.175642e+06
  169.8700 1.175588e+06
  169.8800 1.175533e+06
  169.8900 1.175479e+06
  169.9000 1.175425e+06
  169.9100 1.175370e+06
  169.9200 1.175316e+06
  169.9300 1.175262e+06
  169.9400 1.175207e+06
  169.9500 1.175153e+06
  169.9600 1.175099e+06
  169.9700 1.175044e+06
  169.9800 1.174990e+06
  169.9900 1.174936e+06
  170.0000 1.174881e+06
  170.0100 1.174827e+06
  170.0200 1.174773e+06
  170.0300 1.174718e+06
  170.0400 1.174664e+06
  170.0500 1.174610e+06
  170.0600 1.174555e+06
  170.0700 1.174501e+06
  170.0800 1.174447e+06
  170.0900 1.174392e+06
  170.1000 1.174338e+06
  170.1100 1.174284e+06
  170.1200 1.174229e+06
  170.1300 1.174175e+06
  170.1400 1.174121e+06
  170.1500 1.174067e+06
  170.1600 1.174012e+06
  170.1700 1.173958e+06
  170.1800 1.173904e+06
  170.1900 1.173850e+06
  170.2000 1.173795e+06
  170.2100 1.173741e+06
  170.2200 1.173687e+06
  170.2300 1.173633e+06
  170.2400 1.173578e+06
  170.2500 1.173524e+06
  170.2600 1.173470e+06
  170.2700 1.173416e+06
  170.2800 1.173361e+06
  170.2900 1.173307e+06
  170.3000 1.173253e+06
  170.3100 1.173199e+06
  170.3200 1.173144e+06
  170.3300 1.173090e+06
  170.3400 1.173036e+06
  170.3500 1.172982e+06
  170.3600 1.172928e+06
  170.3700 1.172873e+06
  170.3800 1.172819e+06
  170.3900 1.172765e+06
  170.4000 1.172711e+06
  170.4100 1.172657e+06
  170.4200 1.172603e+06
  170.4300 1.172548e+06
  170.4400 1.172494e+06
  170.4500 1.172440e+06
  170.4600 1.172386e+06
  170.4700 1.172332e+06
  170.4800 1.172278e+06
  170.4900 1.172223e+06
  170.5000 1.172169e+06
  170.5100 1.172115e+06
  170.5200 1.172061e+06
  170.5300 1.172007e+06
  170.5400 1.171953e+06
  170.5500 1.171899e+06
  170.5600 1.171844e+06
  170.5700 1.171790e+06
  170.5800 1.171736e+06
  170.5900 1.171682e+06
  170.6000 1.171628e+06
  170.6100 1.171574e+06
  170.6200 1.171520e+06
  170.6300 1.171466e+06
  170.6400 1.171412e+06
  170.6500 1.171358e+06
  170.6600 1.171304e+06
  170.6700 1.171249e+06
  170.6800 1.171195e+06
  170.6900 1.171141e+06
  170.7000 1.171087e+06
  170.7100 1.171033e+06
  170.7200 1.170979e+06
  170.7300 1.170925e+06
  170.7400 1.170871e+06
  170.7500 1.170817e+06
  170.7600 1.170763e+06
  170.7700 1.170709e+06
  170.7800 1.170655e+06
  170.7900 1.170601e+06
  170.8000 1.170547e+06
  170.8100 1.170493e+06
  170.8200 1.170439e+06
  170.8300 1.170385e+06
  170.8400 1.170331e+06
  170.8500 1.170277e+06
  170.8600 1.170223e+06
  170.8700 1.170169e+06
  170.8800 1.170115e+06
  170.8900 1.170061e+06
  170.9000 1.170007e+06
  170.9100 1.169953e+06
  170.9200 1.169899e+06
  170.9300 1.169845e+06
  170.9400 1.169791e+06
  170.9500 1.169737e+06
  170.9600 1.169683e+06
  170.9700 1.169629e+06
  170.9800 1.169575e+06
  170.9900 1.169521e+06
  171.0000 1.169467e+06
  171.0100 1.169413e+06
  171.0200 1.169360e+06
  171.0300 1.169306e+06
  171.0400 1.169252e+06
  171.0500 1.169198e+06
  171.0600 1.169144e+06
  171.0700 1.169090e+06
  171.0800 1.169036e+06
  171.0900 1.168982e+06
  171.1000 1.168928e+06
  171.1100 1.168874e+06
  171.1200 1.168821e+06
  171.1300 1.168767e+06
  171.1400 1.168713e+06
  171.1500 1.168659e+06
  171.1600 1.168605e+06
  171.1700 1.168551e+06
  171.1800 1.168497e+06
  171.1900 1.168443e+06
  171.2000 1.168390e+06
  171.2100 1.168336e+06
  171.2200 1.168282e+06
  171.2300 1.168228e+06
  171.2400 1.168174e+06
  171.2500 1.168120e+06
  171.2600 1.168067e+06
  171.2700 1.168013e+06
  171.2800 1.167959e+06
  171.2900 1.167905e+06
  171.3000 1.167851e+06
  171.3100 1.167798e+06
  171.3200 1.167744e+06
  171.3300 1.167690e+06
  171.3400 1.167636e+06
  171.3500 1.167583e+06
  171.3600 1.167529e+06
  171.3700 1.167475e+06
  171.3800 1.167421e+06
  171.3900 1.167367e+06
  171.4000 1.167314e+06
  171.4100 1.167260e+06
  171.4200 1.167206e+06
  171.4300 1.167152e+06
  171.4400 1.167099e+06
  171.4500 1.167045e+06
  171.4600 1.166991e+06
  171.4700 1.166938e+06
  171.4800 1.166884e+06
  171.4900 1.166830e+06
  171.5000 1.166776e+06
  171.5100 1.166723e+06
  171.5200 1.166669e+06
  171.5300 1.166615e+06
  171.5400 1.166562e+06
  171.5500 1.166508e+06
  171.5600 1.166454e+06
  171.5700 1.166401e+06
  171.5800 1.166347e+06
  171.5900 1.166293e+06
  171.6000 1.166240e+06
  171.6100 1.166186e+06
  171.6200 1.166132e+06
  171.6300 1.166079e+06
  171.6400 1.166025e+06
  171.6500 1.165971e+06
  171.6600 1.165918e+06
  171.6700 1.165864e+06
  171.6800 1.165811e+06
  171.6900 1.165757e+06
  171.7000 1.165703e+06
  171.7100 1.165650e+06
  171.7200 1.165596e+06
  171.7300 1.165543e+06
  171.7400 1.165489e+06
  171.7500 1.165435e+06
  171.7600 1.165382e+06
  171.7700 1.165328e+06
  171.7800 1.165275e+06
  171.7900 1.165221e+06
  171.8000 1.165168e+06
  171.8100 1.165114e+06
  171.8200 1.165060e+06
  171.8300 1.165007e+06
  171.8400 1.164953e+06
  171.8500 1.164900e+06
  171.8600 1.164846e+06
  171.8700 1.164793e+06
  171.8800 1.164739e+06
  171.8900 1.164686e+06
  171.9000 1.164632e+06
  171.9100 1.164579e+06
  171.9200 1.164525e+06
  171.9300 1.164472e+06
  171.9400 1.164418e+06
  171.9500 1.164365e+06
  171.9600 1.164311e+06
  171.9700 1.164258e+06
  171.9800 1.164204e+06
  171.9900 1.164151e+06
  172.0000 1.164097e+06
  172.0100 1.164044e+06
  172.0200 1.163990e+06
  172.0300 1.163937e+06
  172.0400 1.163884e+06
  172.0500 1.163830e+06
  172.0600 1.163777e+06
  172.0700 1.163723e+06
  172.0800 1.163670e+06
  172.0900 1.163616e+06
  172.1000 1.163563e+06
  172.1100 1.163510e+06
  172.1200 1.163456e+06
  172.1300 1.163403e+06
  172.1400 1.163350e+06
  172.1500 1.163296e+06
  172.1600 1.163243e+06
  172.1700 1.163189e+06
  172.1800 1.163136e+06
  172.1900 1.163083e+06
  172.2000 1.163029e+06
  172.2100 1.162976e+06
  172.2200 1.162923e+06
  172.2300 1.162869e+06
  172.2400 1.162816e+06
  172.2500 1.162763e+06
  172.2600 1.162709e+06
  172.2700 1.162656e+06
  172.2800 1.162603e+06
  172.2900 1.162549e+06
  172.3000 1.162496e+06
  172.3100 1.162443e+06
  172.3200 1.162389e+06
  172.3300 1.162336e+06
  172.3400 1.162283e+06
  172.3500 1.162230e+06
  172.3600 1.162176e+06
  172.3700 1.162123e+06
  172.3800 1.162070e+06
  172.3900 1.162017e+06
  172.4000 1.161963e+06
  172.4100 1.161910e+06
  172.4200 1.161857e+06
  172.4300 1.161804e+06
  172.4400 1.161750e+06
  172.4500 1.161697e+06
  172.4600 1.161644e+06
  172.4700 1.161591e+06
  172.4800 1.161538e+06
  172.4900 1.161484e+06
  172.5000 1.161431e+06
  172.5100 1.161378e+06
  172.5200 1.161325e+06
  172.5300 1.161272e+06
  172.5400 1.161218e+06
  172.5500 1.161165e+06
  172.5600 1.161112e+06
  172.5700 1.161059e+06
  172.5800 1.161006e+06
  172.5900 1.160953e+06
  172.6000 1.160900e+06
  172.6100 1.160846e+06
  172.6200 1.160793e+06
  172.6300 1.160740e+06
  172.6400 1.160687e+06
  172.6500 1.160634e+06
  172.6600 1.160581e+06
  172.6700 1.160528e+06
  172.6800 1.160475e+06
  172.6900 1.160422e+06
  172.7000 1.160368e+06
  172.7100 1.160315e+06
  172.7200 1.160262e+06
  172.7300 1.160209e+06
  172.7400 1.160156e+06
  172.7500 1.160103e+06
  172.7600 1.160050e+06
  172.7700 1.159997e+06
  172.7800 1.159944e+06
  172.7900 1.159891e+06
  172.8000 1.159838e+06
  172.8100 1.159785e+06
  172.8200 1.159732e+06
  172.8300 1.159679e+06
  172.8400 1.159626e+06
  172.8500 1.159573e+06
  172.8600 1.159520e+06
  172.8700 1.159467e+06
  172.8800 1.159414e+06
  172.8900 1.159361e+06
  172.9000 1.159308e+06
  172.9100 1.159255e+06
  172.9200 1.159202e+06
  172.9300 1.159149e+06
  172.9400 1.159096e+06
  172.9500 1.159043e+06
  172.9600 1.158990e+06
  172.9700 1.158937e+06
  172.9800 1.158885e+06
  172.9900 1.158832e+06
  173.0000 1.158779e+06
  173.0100 1.158726e+06
  173.0200 1.158673e+06
  173.0300 1.158620e+06
  173.0400 1.158567e+06
  173.0500 1.158514e+06
  173.0600 1.158461e+06
  173.0700 1.158408e+06
  173.0800 1.158356e+06
  173.0900 1.158303e+06
  173.1000 1.158250e+06
  173.1100 1.158197e+06
  173.1200 1.158144e+06
  173.1300 1.158091e+06
  173.1400 1.158039e+06
  173.1500 1.157986e+06
  173.1600 1.157933e+06
  173.1700 1.157880e+06
  173.1800 1.157827e+06
  173.1900 1.157775e+06
  173.2000 1.157722e+06
  173.2100 1.157669e+06
  173.2200 1.157616e+06
  173.2300 1.157563e+06
  173.2400 1.157511e+06
  173.2500 1.157458e+06
  173.2600 1.157405e+06
  173.2700 1.157352e+06
  173.2800 1.157300e+06
  173.2900 1.157247e+06
  173.3000 1.157194e+06
  173.3100 1.157141e+06
  173.3200 1.157089e+06
  173.3300 1.157036e+06
  173.3400 1.156983e+06
  173.3500 1.156931e+06
  173.3600 1.156878e+06
  173.3700 1.156825e+06
  173.3800 1.156773e+06
  173.3900 1.156720e+06
  173.4000 1.156667e+06
  173.4100 1.156615e+06
  173.4200 1.156562e+06
  173.4300 1.156509e+06
  173.4400 1.156457e+06
  173.4500 1.156404e+06
  173.4600 1.156351e+06
  173.4700 1.156299e+06
  173.4800 1.156246e+06
  173.4900 1.156194e+06
  173.5000 1.156141e+06
  173.5100 1.156088e+06
  173.5200 1.156036e+06
  173.5300 1.155983e+06
  173.5400 1.155931e+06
  173.5500 1.155878e+06
  173.5600 1.155825e+06
  173.5700 1.155773e+06
  173.5800 1.155720e+06
  173.5900 1.155668e+06
  173.6000 1.155615e+06
  173.6100 1.155563e+06
  173.6200 1.155510e+06
  173.6300 1.155458e+06
  173.6400 1.155405e+06
  173.6500 1.155353e+06
  173.6600 1.155300e+06
  173.6700 1.155248e+06
  173.6800 1.155195e+06
  173.6900 1.155143e+06
  173.7000 1.155090e+06
  173.7100 1.155038e+06
  173.7200 1.154985e+06
  173.7300 1.154933e+06
  173.7400 1.154880e+06
  173.7500 1.154828e+06
  173.7600 1.154775e+06
  173.7700 1.154723e+06
  173.7800 1.154671e+06
  173.7900 1.154618e+06
  173.8000 1.154566e+06
  173.8100 1.154513e+06
  173.8200 1.154461e+06
  173.8300 1.154409e+06
  173.8400 1.154356e+06
  173.8500 1.154304e+06
  173.8600 1.154251e+06
  173.8700 1.154199e+06
  173.8800 1.154147e+06
  173.8900 1.154094e+06
  173.9000 1.154042e+06
  173.9100 1.153990e+06
  173.9200 1.153937e+06
  173.9300 1.153885e+06
  173.9400 1.153833e+06
  173.9500 1.153780e+06
  173.9600 1.153728e+06
  173.9700 1.153676e+06
  173.9800 1.153623e+06
  173.9900 1.153571e+06
  174.0000 1.153519e+06
  174.0100 1.153467e+06
  174.0200 1.153414e+06
  174.0300 1.153362e+06
  174.0400 1.153310e+06
  174.0500 1.153257e+06
  174.0600 1.153205e+06
  174.0700 1.153153e+06
  174.0800 1.153101e+06
  174.0900 1.153049e+06
  174.1000 1.152996e+06
  174.1100 1.152944e+06
  174.1200 1.152892e+06
  174.1300 1.152840e+06
  174.1400 1.152788e+06
  174.1500 1.152735e+06
  174.1600 1.152683e+06
  174.1700 1.152631e+06
  174.1800 1.152579e+06
  174.1900 1.152527e+06
  174.2000 1.152475e+06
  174.2100 1.152422e+06
  174.2200 1.152370e+06
  174.2300 1.152318e+06
  174.2400 1.152266e+06
  174.2500 1.152214e+06
  174.2600 1.152162e+06
  174.2700 1.152110e+06
  174.2800 1.152058e+06
  174.2900 1.152005e+06
  174.3000 1.151953e+06
  174.3100 1.151901e+06
  174.3200 1.151849e+06
  174.3300 1.151797e+06
  174.3400 1.151745e+06
  174.3500 1.151693e+06
  174.3600 1.151641e+06
  174.3700 1.151589e+06
  174.3800 1.151537e+06
  174.3900 1.151485e+06
  174.4000 1.151433e+06
  174.4100 1.151381e+06
  174.4200 1.151329e+06
  174.4300 1.151277e+06
  174.4400 1.151225e+06
  174.4500 1.151173e+06
  174.4600 1.151121e+06
  174.4700 1.151069e+06
  174.4800 1.151017e+06
  174.4900 1.150965e+06
  174.5000 1.150913e+06
  174.5100 1.150861e+06
  174.5200 1.150809e+06
  174.5300 1.150757e+06
  174.5400 1.150706e+06
  174.5500 1.150654e+06
  174.5600 1.150602e+06
  174.5700 1.150550e+06
  174.5800 1.150498e+06
  174.5900 1.150446e+06
  174.6000 1.150394e+06
  174.6100 1.150342e+06
  174.6200 1.150290e+06
  174.6300 1.150239e+06
  174.6400 1.150187e+06
  174.6500 1.150135e+06
  174.6600 1.150083e+06
  174.6700 1.150031e+06
  174.6800 1.149979e+06
  174.6900 1.149928e+06
  174.7000 1.149876e+06
  174.7100 1.149824e+06
  174.7200 1.149772e+06
  174.7300 1.149721e+06
  174.7400 1.149669e+06
  174.7500 1.149617e+06
  174.7600 1.149565e+06
  174.7700 1.149513e+06
  174.7800 1.149462e+06
  174.7900 1.149410e+06
  174.8000 1.149358e+06
  174.8100 1.149307e+06
  174.8200 1.149255e+06
  174.8300 1.149203e+06
  174.8400 1.149151e+06
  174.8500 1.149100e+06
  174.8600 1.149048e+06
  174.8700 1.148996e+06
  174.8800 1.148945e+06
  174.8900 1.148893e+06
  174.9000 1.148841e+06
  174.9100 1.148790e+06
  174.9200 1.148738e+06
  174.9300 1.148686e+06
  174.9400 1.148635e+06
  174.9500 1.148583e+06
  174.9600 1.148532e+06
  174.9700 1.148480e+06
  174.9800 1.148428e+06
  174.9900 1.148377e+06
  175.0000 1.148325e+06
  175.0100 1.148274e+06
  175.0200 1.148222e+06
  175.0300 1.148171e+06
  175.0400 1.148119e+06
  175.0500 1.148067e+06
  175.0600 1.148016e+06
  175.0700 1.147964e+06
  175.0800 1.147913e+06
  175.0900 1.147861e+06
  175.1000 1.147810e+06
  175.1100 1.147758e+06
  175.1200 1.147707e+06
  175.1300 1.147655e+06
  175.1400 1.147604e+06
  175.1500 1.147552e+06
  175.1600 1.147501e+06
  175.1700 1.147449e+06
  175.1800 1.147398e+06
  175.1900 1.147347e+06
  175.2000 1.147295e+06
  175.2100 1.147244e+06
  175.2200 1.147192e+06
  175.2300 1.147141e+06
  175.2400 1.147089e+06
  175.2500 1.147038e+06
  175.2600 1.146987e+06
  175.2700 1.146935e+06
  175.2800 1.146884e+06
  175.2900 1.146833e+06
  175.3000 1.146781e+06
  175.3100 1.146730e+06
  175.3200 1.146678e+06
  175.3300 1.146627e+06
  175.3400 1.146576e+06
  175.3500 1.146525e+06
  175.3600 1.146473e+06
  175.3700 1.146422e+06
  175.3800 1.146371e+06
  175.3900 1.146319e+06
  175.4000 1.146268e+06
  175.4100 1.146217e+06
  175.4200 1.146165e+06
  175.4300 1.146114e+06
  175.4400 1.146063e+06
  175.4500 1.146012e+06
  175.4600 1.145961e+06
  175.4700 1.145909e+06
  175.4800 1.145858e+06
  175.4900 1.145807e+06
  175.5000 1.145756e+06
  175.5100 1.145704e+06
  175.5200 1.145653e+06
  175.5300 1.145602e+06
  175.5400 1.145551e+06
  175.5500 1.145500e+06
  175.5600 1.145449e+06
  175.5700 1.145397e+06
  175.5800 1.145346e+06
  175.5900 1.145295e+06
  175.6000 1.145244e+06
  175.6100 1.145193e+06
  175.6200 1.145142e+06
  175.6300 1.145091e+06
  175.6400 1.145040e+06
  175.6500 1.144989e+06
  175.6600 1.144937e+06
  175.6700 1.144886e+06
  175.6800 1.144835e+06
  175.6900 1.144784e+06
  175.7000 1.144733e+06
  175.7100 1.144682e+06
  175.7200 1.144631e+06
  175.7300 1.144580e+06
  175.7400 1.144529e+06
  175.7500 1.144478e+06
  175.7600 1.144427e+06
  175.7700 1.144376e+06
  175.7800 1.144325e+06
  175.7900 1.144274e+06
  175.8000 1.144223e+06
  175.8100 1.144172e+06
  175.8200 1.144121e+06
  175.8300 1.144070e+06
  175.8400 1.144019e+06
  175.8500 1.143968e+06
  175.8600 1.143917e+06
  175.8700 1.143867e+06
  175.8800 1.143816e+06
  175.8900 1.143765e+06
  175.9000 1.143714e+06
  175.9100 1.143663e+06
  175.9200 1.143612e+06
  175.9300 1.143561e+06
  175.9400 1.143510e+06
  175.9500 1.143460e+06
  175.9600 1.143409e+06
  175.9700 1.143358e+06
  175.9800 1.143307e+06
  175.9900 1.143256e+06
  176.0000 1.143205e+06
  176.0100 1.143155e+06
  176.0200 1.143104e+06
  176.0300 1.143053e+06
  176.0400 1.143002e+06
  176.0500 1.142952e+06
  176.0600 1.142901e+06
  176.0700 1.142850e+06
  176.0800 1.142799e+06
  176.0900 1.142749e+06
  176.1000 1.142698e+06
  176.1100 1.142647e+06
  176.1200 1.142596e+06
  176.1300 1.142546e+06
  176.1400 1.142495e+06
  176.1500 1.142444e+06
  176.1600 1.142394e+06
  176.1700 1.142343e+06
  176.1800 1.142292e+06
  176.1900 1.142242e+06
  176.2000 1.142191e+06
  176.2100 1.142140e+06
  176.2200 1.142090e+06
  176.2300 1.142039e+06
  176.2400 1.141989e+06
  176.2500 1.141938e+06
  176.2600 1.141887e+06
  176.2700 1.141837e+06
  176.2800 1.141786e+06
  176.2900 1.141736e+06
  176.3000 1.141685e+06
  176.3100 1.141634e+06
  176.3200 1.141584e+06
  176.3300 1.141533e+06
  176.3400 1.141483e+06
  176.3500 1.141432e+06
  176.3600 1.141382e+06
  176.3700 1.141331e+06
  176.3800 1.141281e+06
  176.3900 1.141230e+06
  176.4000 1.141180e+06
  176.4100 1.141129e+06
  176.4200 1.141079e+06
  176.4300 1.141029e+06
  176.4400 1.140978e+06
  176.4500 1.140928e+06
  176.4600 1.140877e+06
  176.4700 1.140827e+06
  176.4800 1.140776e+06
  176.4900 1.140726e+06
  176.5000 1.140676e+06
  176.5100 1.140625e+06
  176.5200 1.140575e+06
  176.5300 1.140524e+06
  176.5400 1.140474e+06
  176.5500 1.140424e+06
  176.5600 1.140373e+06
  176.5700 1.140323e+06
  176.5800 1.140273e+06
  176.5900 1.140222e+06
  176.6000 1.140172e+06
  176.6100 1.140122e+06
  176.6200 1.140072e+06
  176.6300 1.140021e+06
  176.6400 1.139971e+06
  176.6500 1.139921e+06
  176.6600 1.139870e+06
  176.6700 1.139820e+06
  176.6800 1.139770e+06
  176.6900 1.139720e+06
  176.7000 1.139670e+06
  176.7100 1.139619e+06
  176.7200 1.139569e+06
  176.7300 1.139519e+06
  176.7400 1.139469e+06
  176.7500 1.139419e+06
  176.7600 1.139368e+06
  176.7700 1.139318e+06
  176.7800 1.139268e+06
  176.7900 1.139218e+06
  176.8000 1.139168e+06
  176.8100 1.139118e+06
  176.8200 1.139068e+06
  176.8300 1.139017e+06
  176.8400 1.138967e+06
  176.8500 1.138917e+06
  176.8600 1.138867e+06
  176.8700 1.138817e+06
  176.8800 1.138767e+06
  176.8900 1.138717e+06
  176.9000 1.138667e+06
  176.9100 1.138617e+06
  176.9200 1.138567e+06
  176.9300 1.138517e+06
  176.9400 1.138467e+06
  176.9500 1.138417e+06
  176.9600 1.138367e+06
  176.9700 1.138317e+06
  176.9800 1.138267e+06
  176.9900 1.138217e+06
  177.0000 1.138167e+06
  177.0100 1.138117e+06
  177.0200 1.138067e+06
  177.0300 1.138017e+06
  177.0400 1.137967e+06
  177.0500 1.137917e+06
  177.0600 1.137867e+06
  177.0700 1.137818e+06
  177.0800 1.137768e+06
  177.0900 1.137718e+06
  177.1000 1.137668e+06
  177.1100 1.137618e+06
  177.1200 1.137568e+06
  177.1300 1.137518e+06
  177.1400 1.137469e+06
  177.1500 1.137419e+06
  177.1600 1.137369e+06
  177.1700 1.137319e+06
  177.1800 1.137269e+06
  177.1900 1.137220e+06
  177.2000 1.137170e+06
  177.2100 1.137120e+06
  177.2200 1.137070e+06
  177.2300 1.137020e+06
  177.2400 1.136971e+06
  177.2500 1.136921e+06
  177.2600 1.136871e+06
  177.2700 1.136822e+06
  177.2800 1.136772e+06
  177.2900 1.136722e+06
  177.3000 1.136672e+06
  177.3100 1.136623e+06
  177.3200 1.136573e+06
  177.3300 1.136523e+06
  177.3400 1.136474e+06
  177.3500 1.136424e+06
  177.3600 1.136375e+06
  177.3700 1.136325e+06
  177.3800 1.136275e+06
  177.3900 1.136226e+06
  177.4000 1.136176e+06
  177.4100 1.136127e+06
  177.4200 1.136077e+06
  177.4300 1.136027e+06
  177.4400 1.135978e+06
  177.4500 1.135928e+06
  177.4600 1.135879e+06
  177.4700 1.135829e+06
  177.4800 1.135780e+06
  177.4900 1.135730e+06
  177.5000 1.135681e+06
  177.5100 1.135631e+06
  177.5200 1.135582e+06
  177.5300 1.135532e+06
  177.5400 1.135483e+06
  177.5500 1.135433e+06
  177.5600 1.135384e+06
  177.5700 1.135334e+06
  177.5800 1.135285e+06
  177.5900 1.135236e+06
  177.6000 1.135186e+06
  177.6100 1.135137e+06
  177.6200 1.135087e+06
  177.6300 1.135038e+06
  177.6400 1.134989e+06
  177.6500 1.134939e+06
  177.6600 1.134890e+06
  177.6700 1.134841e+06
  177.6800 1.134791e+06
  177.6900 1.134742e+06
  177.7000 1.134693e+06
  177.7100 1.134643e+06
  177.7200 1.134594e+06
  177.7300 1.134545e+06
  177.7400 1.134495e+06
  177.7500 1.134446e+06
  177.7600 1.134397e+06
  177.7700 1.134348e+06
  177.7800 1.134298e+06
  177.7900 1.134249e+06
  177.8000 1.134200e+06
  177.8100 1.134151e+06
  177.8200 1.134101e+06
  177.8300 1.134052e+06
  177.8400 1.134003e+06
  177.8500 1.133954e+06
  177.8600 1.133905e+06
  177.8700 1.133856e+06
  177.8800 1.133806e+06
  177.8900 1.133757e+06
  177.9000 1.133708e+06
  177.9100 1.133659e+06
  177.9200 1.133610e+06
  177.9300 1.133561e+06
  177.9400 1.133512e+06
  177.9500 1.133463e+06
  177.9600 1.133414e+06
  177.9700 1.133365e+06
  177.9800 1.133315e+06
  177.9900 1.133266e+06
  178.0000 1.133217e+06
  178.0100 1.133168e+06
  178.0200 1.133119e+06
  178.0300 1.133070e+06
  178.0400 1.133021e+06
  178.0500 1.132972e+06
  178.0600 1.132923e+06
  178.0700 1.132874e+06
  178.0800 1.132826e+06
  178.0900 1.132777e+06
  178.1000 1.132728e+06
  178.1100 1.132679e+06
  178.1200 1.132630e+06
  178.1300 1.132581e+06
  178.1400 1.132532e+06
  178.1500 1.132483e+06
  178.1600 1.132434e+06
  178.1700 1.132385e+06
  178.1800 1.132337e+06
  178.1900 1.132288e+06
  178.2000 1.132239e+06
  178.2100 1.132190e+06
  178.2200 1.132141e+06
  178.2300 1.132092e+06
  178.2400 1.132044e+06
  178.2500 1.131995e+06
  178.2600 1.131946e+06
  178.2700 1.131897e+06
  178.2800 1.131848e+06
  178.2900 1.131800e+06
  178.3000 1.131751e+06
  178.3100 1.131702e+06
  178.3200 1.131654e+06
  178.3300 1.131605e+06
  178.3400 1.131556e+06
  178.3500 1.131507e+06
  178.3600 1.131459e+06
  178.3700 1.131410e+06
  178.3800 1.131361e+06
  178.3900 1.131313e+06
  178.4000 1.131264e+06
  178.4100 1.131216e+06
  178.4200 1.131167e+06
  178.4300 1.131118e+06
  178.4400 1.131070e+06
  178.4500 1.131021e+06
  178.4600 1.130972e+06
  178.4700 1.130924e+06
  178.4800 1.130875e+06
  178.4900 1.130827e+06
  178.5000 1.130778e+06
  178.5100 1.130730e+06
  178.5200 1.130681e+06
  178.5300 1.130633e+06
  178.5400 1.130584e+06
  178.5500 1.130536e+06
  178.5600 1.130487e+06
  178.5700 1.130439e+06
  178.5800 1.130390e+06
  178.5900 1.130342e+06
  178.6000 1.130293e+06
  178.6100 1.130245e+06
  178.6200 1.130197e+06
  178.6300 1.130148e+06
  178.6400 1.130100e+06
  178.6500 1.130051e+06
  178.6600 1.130003e+06
  178.6700 1.129955e+06
  178.6800 1.129906e+06
  178.6900 1.129858e+06
  178.7000 1.129810e+06
  178.7100 1.129761e+06
  178.7200 1.129713e+06
  178.7300 1.129665e+06
  178.7400 1.129616e+06
  178.7500 1.129568e+06
  178.7600 1.129520e+06
  178.7700 1.129471e+06
  178.7800 1.129423e+06
  178.7900 1.129375e+06
  178.8000 1.129327e+06
  178.8100 1.129279e+06
  178.8200 1.129230e+06
  178.8300 1.129182e+06
  178.8400 1.129134e+06
  178.8500 1.129086e+06
  178.8600 1.129038e+06
  178.8700 1.128989e+06
  178.8800 1.128941e+06
  178.8900 1.128893e+06
  178.9000 1.128845e+06
  178.9100 1.128797e+06
  178.9200 1.128749e+06
  178.9300 1.128701e+06
  178.9400 1.128652e+06
  178.9500 1.128604e+06
  178.9600 1.128556e+06
  178.9700 1.128508e+06
  178.9800 1.128460e+06
  178.9900 1.128412e+06
  179.0000 1.128364e+06
  179.0100 1.128316e+06
  179.0200 1.128268e+06
  179.0300 1.128220e+06
  179.0400 1.128172e+06
  179.0500 1.128124e+06
  179.0600 1.128076e+06
  179.0700 1.128028e+06
  179.0800 1.127980e+06
  179.0900 1.127932e+06
  179.1000 1.127884e+06
  179.1100 1.127836e+06
  179.1200 1.127789e+06
  179.1300 1.127741e+06
  179.1400 1.127693e+06
  179.1500 1.127645e+06
  179.1600 1.127597e+06
  179.1700 1.127549e+06
  179.1800 1.127501e+06
  179.1900 1.127454e+06
  179.2000 1.127406e+06
  179.2100 1.127358e+06
  179.2200 1.127310e+06
  179.2300 1.127262e+06
  179.2400 1.127215e+06
  179.2500 1.127167e+06
  179.2600 1.127119e+06
  179.2700 1.127071e+06
  179.2800 1.127024e+06
  179.2900 1.126976e+06
  179.3000 1.126928e+06
  179.3100 1.126880e+06
  179.3200 1.126833e+06
  179.3300 1.126785e+06
  179.3400 1.126737e+06
  179.3500 1.126690e+06
  179.3600 1.126642e+06
  179.3700 1.126594e+06
  179.3800 1.126547e+06
  179.3900 1.126499e+06
  179.4000 1.126452e+06
  179.4100 1.126404e+06
  179.4200 1.126356e+06
  179.4300 1.126309e+06
  179.4400 1.126261e+06
  179.4500 1.126214e+06
  179.4600 1.126166e+06
  179.4700 1.126119e+06
  179.4800 1.126071e+06
  179.4900 1.126023e+06
  179.5000 1.125976e+06
  179.5100 1.125929e+06
  179.5200 1.125881e+06
  179.5300 1.125834e+06
  179.5400 1.125786e+06
  179.5500 1.125739e+06
  179.5600 1.125691e+06
  179.5700 1.125644e+06
  179.5800 1.125596e+06
  179.5900 1.125549e+06
  179.6000 1.125502e+06
  179.6100 1.125454e+06
  179.6200 1.125407e+06
  179.6300 1.125359e+06
  179.6400 1.125312e+06
  179.6500 1.125265e+06
  179.6600 1.125217e+06
  179.6700 1.125170e+06
  179.6800 1.125123e+06
  179.6900 1.125075e+06
  179.7000 1.125028e+06
  179.7100 1.124981e+06
  179.7200 1.124934e+06
  179.7300 1.124886e+06
  179.7400 1.124839e+06
  179.7500 1.124792e+06
  179.7600 1.124745e+06
  179.7700 1.124698e+06
  179.7800 1.124650e+06
  179.7900 1.124603e+06
  179.8000 1.124556e+06
  179.8100 1.124509e+06
  179.8200 1.124462e+06
  179.8300 1.124414e+06
  179.8400 1.124367e+06
  179.8500 1.124320e+06
  179.8600 1.124273e+06
  179.8700 1.124226e+06
  179.8800 1.124179e+06
  179.8900 1.124132e+06
  179.9000 1.124085e+06
  179.9100 1.124038e+06
  179.9200 1.123991e+06
  179.9300 1.123944e+06
  179.9400 1.123897e+06
  179.9500 1.123850e+06
  179.9600 1.123803e+06
  179.9700 1.123756e+06
  179.9800 1.123709e+06
  179.9900 1.123662e+06
  180.0000 1.123615e+06
  180.0100 1.123568e+06
  180.0200 1.123521e+06
  180.0300 1.123474e+06
  180.0400 1.123427e+06
  180.0500 1.123380e+06
  180.0600 1.123333e+06
  180.0700 1.123286e+06
  180.0800 1.123239e+06
  180.0900 1.123193e+06
  180.1000 1.123146e+06
  180.1100 1.123099e+06
  180.1200 1.123052e+06
  180.1300 1.123005e+06
  180.1400 1.122959e+06
  180.1500 1.122912e+06
  180.1600 1.122865e+06
  180.1700 1.122818e+06
  180.1800 1.122771e+06
  180.1900 1.122725e+06
  180.2000 1.122678e+06
  180.2100 1.122631e+06
  180.2200 1.122585e+06
  180.2300 1.122538e+06
  180.2400 1.122491e+06
  180.2500 1.122444e+06
  180.2600 1.122398e+06
  180.2700 1.122351e+06
  180.2800 1.122304e+06
  180.2900 1.122258e+06
  180.3000 1.122211e+06
  180.3100 1.122165e+06
  180.3200 1.122118e+06
  180.3300 1.122071e+06
  180.3400 1.122025e+06
  180.3500 1.121978e+06
  180.3600 1.121932e+06
  180.3700 1.121885e+06
  180.3800 1.121839e+06
  180.3900 1.121792e+06
  180.4000 1.121746e+06
  180.4100 1.121699e+06
  180.4200 1.121653e+06
  180.4300 1.121606e+06
  180.4400 1.121560e+06
  180.4500 1.121513e+06
  180.4600 1.121467e+06
  180.4700 1.121420e+06
  180.4800 1.121374e+06
  180.4900 1.121327e+06
  180.5000 1.121281e+06
  180.5100 1.121235e+06
  180.5200 1.121188e+06
  180.5300 1.121142e+06
  180.5400 1.121096e+06
  180.5500 1.121049e+06
  180.5600 1.121003e+06
  180.5700 1.120957e+06
  180.5800 1.120910e+06
  180.5900 1.120864e+06
  180.6000 1.120818e+06
  180.6100 1.120771e+06
  180.6200 1.120725e+06
  180.6300 1.120679e+06
  180.6400 1.120633e+06
  180.6500 1.120586e+06
  180.6600 1.120540e+06
  180.6700 1.120494e+06
  180.6800 1.120448e+06
  180.6900 1.120401e+06
  180.7000 1.120355e+06
  180.7100 1.120309e+06
  180.7200 1.120263e+06
  180.7300 1.120217e+06
  180.7400 1.120171e+06
  180.7500 1.120125e+06
  180.7600 1.120078e+06
  180.7700 1.120032e+06
  180.7800 1.119986e+06
  180.7900 1.119940e+06
  180.8000 1.119894e+06
  180.8100 1.119848e+06
  180.8200 1.119802e+06
  180.8300 1.119756e+06
  180.8400 1.119710e+06
  180.8500 1.119664e+06
  180.8600 1.119618e+06
  180.8700 1.119572e+06
  180.8800 1.119526e+06
  180.8900 1.119480e+06
  180.9000 1.119434e+06
  180.9100 1.119388e+06
  180.9200 1.119342e+06
  180.9300 1.119296e+06
  180.9400 1.119250e+06
  180.9500 1.119204e+06
  180.9600 1.119158e+06
  180.9700 1.119112e+06
  180.9800 1.119067e+06
  180.9900 1.119021e+06
  181.0000 1.118975e+06
  181.0100 1.118929e+06
  181.0200 1.118883e+06
  181.0300 1.118837e+06
  181.0400 1.118791e+06
  181.0500 1.118746e+06
  181.0600 1.118700e+06
  181.0700 1.118654e+06
  181.0800 1.118608e+06
  181.0900 1.118563e+06
  181.1000 1.118517e+06
  181.1100 1.118471e+06
  181.1200 1.118425e+06
  181.1300 1.118380e+06
  181.1400 1.118334e+06
  181.1500 1.118288e+06
  181.1600 1.118243e+06
  181.1700 1.118197e+06
  181.1800 1.118151e+06
  181.1900 1.118106e+06
  181.2000 1.118060e+06
  181.2100 1.118014e+06
  181.2200 1.117969e+06
  181.2300 1.117923e+06
  181.2400 1.117877e+06
  181.2500 1.117832e+06
  181.2600 1.117786e+06
  181.2700 1.117741e+06
  181.2800 1.117695e+06
  181.2900 1.117650e+06
  181.3000 1.117604e+06
  181.3100 1.117558e+06
  181.3200 1.117513e+06
  181.3300 1.117467e+06
  181.3400 1.117422e+06
  181.3500 1.117376e+06
  181.3600 1.117331e+06
  181.3700 1.117286e+06
  181.3800 1.117240e+06
  181.3900 1.117195e+06
  181.4000 1.117149e+06
  181.4100 1.117104e+06
  181.4200 1.117058e+06
  181.4300 1.117013e+06
  181.4400 1.116968e+06
  181.4500 1.116922e+06
  181.4600 1.116877e+06
  181.4700 1.116831e+06
  181.4800 1.116786e+06
  181.4900 1.116741e+06
  181.5000 1.116695e+06
  181.5100 1.116650e+06
  181.5200 1.116605e+06
  181.5300 1.116560e+06
  181.5400 1.116514e+06
  181.5500 1.116469e+06
  181.5600 1.116424e+06
  181.5700 1.116378e+06
  181.5800 1.116333e+06
  181.5900 1.116288e+06
  181.6000 1.116243e+06
  181.6100 1.116198e+06
  181.6200 1.116152e+06
  181.6300 1.116107e+06
  181.6400 1.116062e+06
  181.6500 1.116017e+06
  181.6600 1.115972e+06
  181.6700 1.115927e+06
  181.6800 1.115881e+06
  181.6900 1.115836e+06
  181.7000 1.115791e+06
  181.7100 1.115746e+06
  181.7200 1.115701e+06
  181.7300 1.115656e+06
  181.7400 1.115611e+06
  181.7500 1.115566e+06
  181.7600 1.115521e+06
  181.7700 1.115476e+06
  181.7800 1.115431e+06
  181.7900 1.115386e+06
  181.8000 1.115341e+06
  181.8100 1.115296e+06
  181.8200 1.115251e+06
  181.8300 1.115206e+06
  181.8400 1.115161e+06
  181.8500 1.115116e+06
  181.8600 1.115071e+06
  181.8700 1.115026e+06
  181.8800 1.114981e+06
  181.8900 1.114936e+06
  181.9000 1.114891e+06
  181.9100 1.114846e+06
  181.9200 1.114801e+06
  181.9300 1.114756e+06
  181.9400 1.114712e+06
  181.9500 1.114667e+06
  181.9600 1.114622e+06
  181.9700 1.114577e+06
  181.9800 1.114532e+06
  181.9900 1.114487e+06
  182.0000 1.114443e+06
  182.0100 1.114398e+06
  182.0200 1.114353e+06
  182.0300 1.114308e+06
  182.0400 1.114263e+06
  182.0500 1.114219e+06
  182.0600 1.114174e+06
  182.0700 1.114129e+06
  182.0800 1.114085e+06
  182.0900 1.114040e+06
  182.1000 1.113995e+06
  182.1100 1.113950e+06
  182.1200 1.113906e+06
  182.1300 1.113861e+06
  182.1400 1.113816e+06
  182.1500 1.113772e+06
  182.1600 1.113727e+06
  182.1700 1.113683e+06
  182.1800 1.113638e+06
  182.1900 1.113593e+06
  182.2000 1.113549e+06
  182.2100 1.113504e+06
  182.2200 1.113460e+06
  182.2300 1.113415e+06
  182.2400 1.113370e+06
  182.2500 1.113326e+06
  182.2600 1.113281e+06
  182.2700 1.113237e+06
  182.2800 1.113192e+06
  182.2900 1.113148e+06
  182.3000 1.113103e+06
  182.3100 1.113059e+06
  182.3200 1.113014e+06
  182.3300 1.112970e+06
  182.3400 1.112925e+06
  182.3500 1.112881e+06
  182.3600 1.112837e+06
  182.3700 1.112792e+06
  182.3800 1.112748e+06
  182.3900 1.112703e+06
  182.4000 1.112659e+06
  182.4100 1.112615e+06
  182.4200 1.112570e+06
  182.4300 1.112526e+06
  182.4400 1.112482e+06
  182.4500 1.112437e+06
  182.4600 1.112393e+06
  182.4700 1.112349e+06
  182.4800 1.112304e+06
  182.4900 1.112260e+06
  182.5000 1.112216e+06
  182.5100 1.112171e+06
  182.5200 1.112127e+06
  182.5300 1.112083e+06
  182.5400 1.112039e+06
  182.5500 1.111994e+06
  182.5600 1.111950e+06
  182.5700 1.111906e+06
  182.5800 1.111862e+06
  182.5900 1.111818e+06
  182.6000 1.111773e+06
  182.6100 1.111729e+06
  182.6200 1.111685e+06
  182.6300 1.111641e+06
  182.6400 1.111597e+06
  182.6500 1.111553e+06
  182.6600 1.111508e+06
  182.6700 1.111464e+06
  182.6800 1.111420e+06
  182.6900 1.111376e+06
  182.7000 1.111332e+06
  182.7100 1.111288e+06
  182.7200 1.111244e+06
  182.7300 1.111200e+06
  182.7400 1.111156e+06
  182.7500 1.111112e+06
  182.7600 1.111068e+06
  182.7700 1.111024e+06
  182.7800 1.110980e+06
  182.7900 1.110936e+06
  182.8000 1.110892e+06
  182.8100 1.110848e+06
  182.8200 1.110804e+06
  182.8300 1.110760e+06
  182.8400 1.110716e+06
  182.8500 1.110672e+06
  182.8600 1.110628e+06
  182.8700 1.110584e+06
  182.8800 1.110540e+06
  182.8900 1.110496e+06
  182.9000 1.110453e+06
  182.9100 1.110409e+06
  182.9200 1.110365e+06
  182.9300 1.110321e+06
  182.9400 1.110277e+06
  182.9500 1.110233e+06
  182.9600 1.110190e+06
  182.9700 1.110146e+06
  182.9800 1.110102e+06
  182.9900 1.110058e+06
  183.0000 1.110014e+06
  183.0100 1.109971e+06
  183.0200 1.109927e+06
  183.0300 1.109883e+06
  183.0400 1.109839e+06
  183.0500 1.109796e+06
  183.0600 1.109752e+06
  183.0700 1.109708e+06
  183.0800 1.109664e+06
  183.0900 1.109621e+06
  183.1000 1.109577e+06
  183.1100 1.109533e+06
  183.1200 1.109490e+06
  183.1300 1.109446e+06
  183.1400 1.109402e+06
  183.1500 1.109359e+06
  183.1600 1.109315e+06
  183.1700 1.109272e+06
  183.1800 1.109228e+06
  183.1900 1.109184e+06
  183.2000 1.109141e+06
  183.2100 1.109097e+06
  183.2200 1.109054e+06
  183.2300 1.109010e+06
  183.2400 1.108967e+06
  183.2500 1.108923e+06
  183.2600 1.108880e+06
  183.2700 1.108836e+06
  183.2800 1.108793e+06
  183.2900 1.108749e+06
  183.3000 1.108706e+06
  183.3100 1.108662e+06
  183.3200 1.108619e+06
  183.3300 1.108575e+06
  183.3400 1.108532e+06
  183.3500 1.108488e+06
  183.3600 1.108445e+06
  183.3700 1.108402e+06
  183.3800 1.108358e+06
  183.3900 1.108315e+06
  183.4000 1.108271e+06
  183.4100 1.108228e+06
  183.4200 1.108185e+06
  183.4300 1.108141e+06
  183.4400 1.108098e+06
  183.4500 1.108055e+06
  183.4600 1.108011e+06
  183.4700 1.107968e+06
  183.4800 1.107925e+06
  183.4900 1.107881e+06
  183.5000 1.107838e+06
  183.5100 1.107795e+06
  183.5200 1.107752e+06
  183.5300 1.107708e+06
  183.5400 1.107665e+06
  183.5500 1.107622e+06
  183.5600 1.107579e+06
  183.5700 1.107535e+06
  183.5800 1.107492e+06
  183.5900 1.107449e+06
  183.6000 1.107406e+06
  183.6100 1.107363e+06
  183.6200 1.107319e+06
  183.6300 1.107276e+06
  183.6400 1.107233e+06
  183.6500 1.107190e+06
  183.6600 1.107147e+06
  183.6700 1.107104e+06
  183.6800 1.107061e+06
  183.6900 1.107018e+06
  183.7000 1.106975e+06
  183.7100 1.106931e+06
  183.7200 1.106888e+06
  183.7300 1.106845e+06
  183.7400 1.106802e+06
  183.7500 1.106759e+06
  183.7600 1.106716e+06
  183.7700 1.106673e+06
  183.7800 1.106630e+06
  183.7900 1.106587e+06
  183.8000 1.106544e+06
  183.8100 1.106501e+06
  183.8200 1.106458e+06
  183.8300 1.106415e+06
  183.8400 1.106372e+06
  183.8500 1.106329e+06
  183.8600 1.106286e+06
  183.8700 1.106244e+06
  183.8800 1.106201e+06
  183.8900 1.106158e+06
  183.9000 1.106115e+06
  183.9100 1.106072e+06
  183.9200 1.106029e+06
  183.9300 1.105986e+06
  183.9400 1.105943e+06
  183.9500 1.105901e+06
  183.9600 1.105858e+06
  183.9700 1.105815e+06
  183.9800 1.105772e+06
  183.9900 1.105729e+06
  184.0000 1.105686e+06
  184.0100 1.105644e+06
  184.0200 1.105601e+06
  184.0300 1.105558e+06
  184.0400 1.105515e+06
  184.0500 1.105473e+06
  184.0600 1.105430e+06
  184.0700 1.105387e+06
  184.0800 1.105344e+06
  184.0900 1.105302e+06
  184.1000 1.105259e+06
  184.1100 1.105216e+06
  184.1200 1.105174e+06
  184.1300 1.105131e+06
  184.1400 1.105088e+06
  184.1500 1.105046e+06
  184.1600 1.105003e+06
  184.1700 1.104960e+06
  184.1800 1.104918e+06
  184.1900 1.104875e+06
  184.2000 1.104833e+06
  184.2100 1.104790e+06
  184.2200 1.104747e+06
  184.2300 1.104705e+06
  184.2400 1.104662e+06
  184.2500 1.104620e+06
  184.2600 1.104577e+06
  184.2700 1.104535e+06
  184.2800 1.104492e+06
  184.2900 1.104450e+06
  184.3000 1.104407e+06
  184.3100 1.104365e+06
  184.3200 1.104322e+06
  184.3300 1.104280e+06
  184.3400 1.104237e+06
  184.3500 1.104195e+06
  184.3600 1.104152e+06
  184.3700 1.104110e+06
  184.3800 1.104067e+06
  184.3900 1.104025e+06
  184.4000 1.103983e+06
  184.4100 1.103940e+06
  184.4200 1.103898e+06
  184.4300 1.103855e+06
  184.4400 1.103813e+06
  184.4500 1.103771e+06
  184.4600 1.103728e+06
  184.4700 1.103686e+06
  184.4800 1.103644e+06
  184.4900 1.103601e+06
  184.5000 1.103559e+06
  184.5100 1.103517e+06
  184.5200 1.103474e+06
  184.5300 1.103432e+06
  184.5400 1.103390e+06
  184.5500 1.103348e+06
  184.5600 1.103305e+06
  184.5700 1.103263e+06
  184.5800 1.103221e+06
  184.5900 1.103179e+06
  184.6000 1.103136e+06
  184.6100 1.103094e+06
  184.6200 1.103052e+06
  184.6300 1.103010e+06
  184.6400 1.102968e+06
  184.6500 1.102925e+06
  184.6600 1.102883e+06
  184.6700 1.102841e+06
  184.6800 1.102799e+06
  184.6900 1.102757e+06
  184.7000 1.102715e+06
  184.7100 1.102673e+06
  184.7200 1.102630e+06
  184.7300 1.102588e+06
  184.7400 1.102546e+06
  184.7500 1.102504e+06
  184.7600 1.102462e+06
  184.7700 1.102420e+06
  184.7800 1.102378e+06
  184.7900 1.102336e+06
  184.8000 1.102294e+06
  184.8100 1.102252e+06
  184.8200 1.102210e+06
  184.8300 1.102168e+06
  184.8400 1.102126e+06
  184.8500 1.102084e+06
  184.8600 1.102042e+06
  184.8700 1.102000e+06
  184.8800 1.101958e+06
  184.8900 1.101916e+06
  184.9000 1.101874e+06
  184.9100 1.101832e+06
  184.9200 1.101790e+06
  184.9300 1.101748e+06
  184.9400 1.101706e+06
  184.9500 1.101665e+06
  184.9600 1.101623e+06
  184.9700 1.101581e+06
  184.9800 1.101539e+06
  184.9900 1.101497e+06
  185.0000 1.101455e+06
  185.0100 1.101413e+06
  185.0200 1.101372e+06
  185.0300 1.101330e+06
  185.0400 1.101288e+06
  185.0500 1.101246e+06
  185.0600 1.101204e+06
  185.0700 1.101163e+06
  185.0800 1.101121e+06
  185.0900 1.101079e+06
  185.1000 1.101037e+06
  185.1100 1.100996e+06
  185.1200 1.100954e+06
  185.1300 1.100912e+06
  185.1400 1.100870e+06
  185.1500 1.100829e+06
  185.1600 1.100787e+06
  185.1700 1.100745e+06
  185.1800 1.100704e+06
  185.1900 1.100662e+06
  185.2000 1.100620e+06
  185.2100 1.100579e+06
  185.2200 1.100537e+06
  185.2300 1.100495e+06
  185.2400 1.100454e+06
  185.2500 1.100412e+06
  185.2600 1.100371e+06
  185.2700 1.100329e+06
  185.2800 1.100287e+06
  185.2900 1.100246e+06
  185.3000 1.100204e+06
  185.3100 1.100163e+06
  185.3200 1.100121e+06
  185.3300 1.100080e+06
  185.3400 1.100038e+06
  185.3500 1.099997e+06
  185.3600 1.099955e+06
  185.3700 1.099914e+06
  185.3800 1.099872e+06
  185.3900 1.099831e+06
  185.4000 1.099789e+06
  185.4100 1.099748e+06
  185.4200 1.099706e+06
  185.4300 1.099665e+06
  185.4400 1.099623e+06
  185.4500 1.099582e+06
  185.4600 1.099540e+06
  185.4700 1.099499e+06
  185.4800 1.099458e+06
  185.4900 1.099416e+06
  185.5000 1.099375e+06
  185.5100 1.099333e+06
  185.5200 1.099292e+06
  185.5300 1.099251e+06
  185.5400 1.099209e+06
  185.5500 1.099168e+06
  185.5600 1.099127e+06
  185.5700 1.099085e+06
  185.5800 1.099044e+06
  185.5900 1.099003e+06
  185.6000 1.098961e+06
  185.6100 1.098920e+06
  185.6200 1.098879e+06
  185.6300 1.098838e+06
  185.6400 1.098796e+06
  185.6500 1.098755e+06
  185.6600 1.098714e+06
  185.6700 1.098673e+06
  185.6800 1.098631e+06
  185.6900 1.098590e+06
  185.7000 1.098549e+06
  185.7100 1.098508e+06
  185.7200 1.098467e+06
  185.7300 1.098425e+06
  185.7400 1.098384e+06
  185.7500 1.098343e+06
  185.7600 1.098302e+06
  185.7700 1.098261e+06
  185.7800 1.098220e+06
  185.7900 1.098179e+06
  185.8000 1.098137e+06
  185.8100 1.098096e+06
  185.8200 1.098055e+06
  185.8300 1.098014e+06
  185.8400 1.097973e+06
  185.8500 1.097932e+06
  185.8600 1.097891e+06
  185.8700 1.097850e+06
  185.8800 1.097809e+06
  185.8900 1.097768e+06
  185.9000 1.097727e+06
  185.9100 1.097686e+06
  185.9200 1.097645e+06
  185.9300 1.097604e+06
  185.9400 1.097563e+06
  185.9500 1.097522e+06
  185.9600 1.097481e+06
  185.9700 1.097440e+06
  185.9800 1.097399e+06
  185.9900 1.097358e+06
  186.0000 1.097317e+06
  186.0100 1.097276e+06
  186.0200 1.097235e+06
  186.0300 1.097194e+06
  186.0400 1.097153e+06
  186.0500 1.097113e+06
  186.0600 1.097072e+06
  186.0700 1.097031e+06
  186.0800 1.096990e+06
  186.0900 1.096949e+06
  186.1000 1.096908e+06
  186.1100 1.096867e+06
  186.1200 1.096827e+06
  186.1300 1.096786e+06
  186.1400 1.096745e+06
  186.1500 1.096704e+06
  186.1600 1.096663e+06
  186.1700 1.096623e+06
  186.1800 1.096582e+06
  186.1900 1.096541e+06
  186.2000 1.096500e+06
  186.2100 1.096460e+06
  186.2200 1.096419e+06
  186.2300 1.096378e+06
  186.2400 1.096337e+06
  186.2500 1.096297e+06
  186.2600 1.096256e+06
  186.2700 1.096215e+06
  186.2800 1.096175e+06
  186.2900 1.096134e+06
  186.3000 1.096093e+06
  186.3100 1.096053e+06
  186.3200 1.096012e+06
  186.3300 1.095971e+06
  186.3400 1.095931e+06
  186.3500 1.095890e+06
  186.3600 1.095849e+06
  186.3700 1.095809e+06
  186.3800 1.095768e+06
  186.3900 1.095728e+06
  186.4000 1.095687e+06
  186.4100 1.095646e+06
  186.4200 1.095606e+06
  186.4300 1.095565e+06
  186.4400 1.095525e+06
  186.4500 1.095484e+06
  186.4600 1.095444e+06
  186.4700 1.095403e+06
  186.4800 1.095363e+06
  186.4900 1.095322e+06
  186.5000 1.095282e+06
  186.5100 1.095241e+06
  186.5200 1.095201e+06
  186.5300 1.095160e+06
  186.5400 1.095120e+06
  186.5500 1.095079e+06
  186.5600 1.095039e+06
  186.5700 1.094999e+06
  186.5800 1.094958e+06
  186.5900 1.094918e+06
  186.6000 1.094877e+06
  186.6100 1.094837e+06
  186.6200 1.094797e+06
  186.6300 1.094756e+06
  186.6400 1.094716e+06
  186.6500 1.094675e+06
  186.6600 1.094635e+06
  186.6700 1.094595e+06
  186.6800 1.094554e+06
  186.6900 1.094514e+06
  186.7000 1.094474e+06
  186.7100 1.094433e+06
  186.7200 1.094393e+06
  186.7300 1.094353e+06
  186.7400 1.094313e+06
  186.7500 1.094272e+06
  186.7600 1.094232e+06
  186.7700 1.094192e+06
  186.7800 1.094152e+06
  186.7900 1.094111e+06
  186.8000 1.094071e+06
  186.8100 1.094031e+06
  186.8200 1.093991e+06
  186.8300 1.093950e+06
  186.8400 1.093910e+06
  186.8500 1.093870e+06
  186.8600 1.093830e+06
  186.8700 1.093790e+06
  186.8800 1.093750e+06
  186.8900 1.093709e+06
  186.9000 1.093669e+06
  186.9100 1.093629e+06
  186.9200 1.093589e+06
  186.9300 1.093549e+06
  186.9400 1.093509e+06
  186.9500 1.093469e+06
  186.9600 1.093429e+06
  186.9700 1.093388e+06
  186.9800 1.093348e+06
  186.9900 1.093308e+06
  187.0000 1.093268e+06
  187.0100 1.093228e+06
  187.0200 1.093188e+06
  187.0300 1.093148e+06
  187.0400 1.093108e+06
  187.0500 1.093068e+06
  187.0600 1.093028e+06
  187.0700 1.092988e+06
  187.0800 1.092948e+06
  187.0900 1.092908e+06
  187.1000 1.092868e+06
  187.1100 1.092828e+06
  187.1200 1.092788e+06
  187.1300 1.092748e+06
  187.1400 1.092708e+06
  187.1500 1.092668e+06
  187.1600 1.092629e+06
  187.1700 1.092589e+06
  187.1800 1.092549e+06
  187.1900 1.092509e+06
  187.2000 1.092469e+06
  187.2100 1.092429e+06
  187.2200 1.092389e+06
  187.2300 1.092349e+06
  187.2400 1.092309e+06
  187.2500 1.092270e+06
  187.2600 1.092230e+06
  187.2700 1.092190e+06
  187.2800 1.092150e+06
  187.2900 1.092110e+06
  187.3000 1.092071e+06
  187.3100 1.092031e+06
  187.3200 1.091991e+06
  187.3300 1.091951e+06
  187.3400 1.091911e+06
  187.3500 1.091872e+06
  187.3600 1.091832e+06
  187.3700 1.091792e+06
  187.3800 1.091752e+06
  187.3900 1.091713e+06
  187.4000 1.091673e+06
  187.4100 1.091633e+06
  187.4200 1.091594e+06
  187.4300 1.091554e+06
  187.4400 1.091514e+06
  187.4500 1.091474e+06
  187.4600 1.091435e+06
  187.4700 1.091395e+06
  187.4800 1.091356e+06
  187.4900 1.091316e+06
  187.5000 1.091276e+06
  187.5100 1.091237e+06
  187.5200 1.091197e+06
  187.5300 1.091157e+06
  187.5400 1.091118e+06
  187.5500 1.091078e+06
  187.5600 1.091039e+06
  187.5700 1.090999e+06
  187.5800 1.090959e+06
  187.5900 1.090920e+06
  187.6000 1.090880e+06
  187.6100 1.090841e+06
  187.6200 1.090801e+06
  187.6300 1.090762e+06
  187.6400 1.090722e+06
  187.6500 1.090683e+06
  187.6600 1.090643e+06
  187.6700 1.090604e+06
  187.6800 1.090564e+06
  187.6900 1.090525e+06
  187.7000 1.090485e+06
  187.7100 1.090446e+06
  187.7200 1.090406e+06
  187.7300 1.090367e+06
  187.7400 1.090328e+06
  187.7500 1.090288e+06
  187.7600 1.090249e+06
  187.7700 1.090209e+06
  187.7800 1.090170e+06
  187.7900 1.090130e+06
  187.8000 1.090091e+06
  187.8100 1.090052e+06
  187.8200 1.090012e+06
  187.8300 1.089973e+06
  187.8400 1.089934e+06
  187.8500 1.089894e+06
  187.8600 1.089855e+06
  187.8700 1.089816e+06
  187.8800 1.089776e+06
  187.8900 1.089737e+06
  187.9000 1.089698e+06
  187.9100 1.089658e+06
  187.9200 1.089619e+06
  187.9300 1.089580e+06
  187.9400 1.089541e+06
  187.9500 1.089501e+06
  187.9600 1.089462e+06
  187.9700 1.089423e+06
  187.9800 1.089384e+06
  187.9900 1.089344e+06
  188.0000 1.089305e+06
  188.0100 1.089266e+06
  188.0200 1.089227e+06
  188.0300 1.089188e+06
  188.0400 1.089148e+06
  188.0500 1.089109e+06
  188.0600 1.089070e+06
  188.0700 1.089031e+06
  188.0800 1.088992e+06
  188.0900 1.088953e+06
  188.1000 1.088913e+06
  188.1100 1.088874e+06
  188.1200 1.088835e+06
  188.1300 1.088796e+06
  188.1400 1.088757e+06
  188.1500 1.088718e+06
  188.1600 1.088679e+06
  188.1700 1.088640e+06
  188.1800 1.088601e+06
  188.1900 1.088562e+06
  188.2000 1.088522e+06
  188.2100 1.088483e+06
  188.2200 1.088444e+06
  188.2300 1.088405e+06
  188.2400 1.088366e+06
  188.2500 1.088327e+06
  188.2600 1.088288e+06
  188.2700 1.088249e+06
  188.2800 1.088210e+06
  188.2900 1.088171e+06
  188.3000 1.088132e+06
  188.3100 1.088093e+06
  188.3200 1.088054e+06
  188.3300 1.088015e+06
  188.3400 1.087977e+06
  188.3500 1.087938e+06
  188.3600 1.087899e+06
  188.3700 1.087860e+06
  188.3800 1.087821e+06
  188.3900 1.087782e+06
  188.4000 1.087743e+06
  188.4100 1.087704e+06
  188.4200 1.087665e+06
  188.4300 1.087626e+06
  188.4400 1.087588e+06
  188.4500 1.087549e+06
  188.4600 1.087510e+06
  188.4700 1.087471e+06
  188.4800 1.087432e+06
  188.4900 1.087393e+06
  188.5000 1.087355e+06
  188.5100 1.087316e+06
  188.5200 1.087277e+06
  188.5300 1.087238e+06
  188.5400 1.087199e+06
  188.5500 1.087161e+06
  188.5600 1.087122e+06
  188.5700 1.087083e+06
  188.5800 1.087044e+06
  188.5900 1.087006e+06
  188.6000 1.086967e+06
  188.6100 1.086928e+06
  188.6200 1.086889e+06
  188.6300 1.086851e+06
  188.6400 1.086812e+06
  188.6500 1.086773e+06
  188.6600 1.086735e+06
  188.6700 1.086696e+06
  188.6800 1.086657e+06
  188.6900 1.086619e+06
  188.7000 1.086580e+06
  188.7100 1.086541e+06
  188.7200 1.086503e+06
  188.7300 1.086464e+06
  188.7400 1.086425e+06
  188.7500 1.086387e+06
  188.7600 1.086348e+06
  188.7700 1.086310e+06
  188.7800 1.086271e+06
  188.7900 1.086232e+06
  188.8000 1.086194e+06
  188.8100 1.086155e+06
  188.8200 1.086117e+06
  188.8300 1.086078e+06
  188.8400 1.086040e+06
  188.8500 1.086001e+06
  188.8600 1.085963e+06
  188.8700 1.085924e+06
  188.8800 1.085886e+06
  188.8900 1.085847e+06
  188.9000 1.085809e+06
  188.9100 1.085770e+06
  188.9200 1.085732e+06
  188.9300 1.085693e+06
  188.9400 1.085655e+06
  188.9500 1.085616e+06
  188.9600 1.085578e+06
  188.9700 1.085539e+06
  188.9800 1.085501e+06
  188.9900 1.085462e+06
  189.0000 1.085424e+06
  189.0100 1.085386e+06
  189.0200 1.085347e+06
  189.0300 1.085309e+06
  189.0400 1.085270e+06
  189.0500 1.085232e+06
  189.0600 1.085194e+06
  189.0700 1.085155e+06
  189.0800 1.085117e+06
  189.0900 1.085079e+06
  189.1000 1.085040e+06
  189.1100 1.085002e+06
  189.1200 1.084964e+06
  189.1300 1.084925e+06
  189.1400 1.084887e+06
  189.1500 1.084849e+06
  189.1600 1.084810e+06
  189.1700 1.084772e+06
  189.1800 1.084734e+06
  189.1900 1.084696e+06
  189.2000 1.084657e+06
  189.2100 1.084619e+06
  189.2200 1.084581e+06
  189.2300 1.084543e+06
  189.2400 1.084504e+06
  189.2500 1.084466e+06
  189.2600 1.084428e+06
  189.2700 1.084390e+06
  189.2800 1.084352e+06
  189.2900 1.084313e+06
  189.3000 1.084275e+06
  189.3100 1.084237e+06
  189.3200 1.084199e+06
  189.3300 1.084161e+06
  189.3400 1.084122e+06
  189.3500 1.084084e+06
  189.3600 1.084046e+06
  189.3700 1.084008e+06
  189.3800 1.083970e+06
  189.3900 1.083932e+06
  189.4000 1.083894e+06
  189.4100 1.083856e+06
  189.4200 1.083818e+06
  189.4300 1.083779e+06
  189.4400 1.083741e+06
  189.4500 1.083703e+06
  189.4600 1.083665e+06
  189.4700 1.083627e+06
  189.4800 1.083589e+06
  189.4900 1.083551e+06
  189.5000 1.083513e+06
  189.5100 1.083475e+06
  189.5200 1.083437e+06
  189.5300 1.083399e+06
  189.5400 1.083361e+06
  189.5500 1.083323e+06
  189.5600 1.083285e+06
  189.5700 1.083247e+06
  189.5800 1.083209e+06
  189.5900 1.083171e+06
  189.6000 1.083133e+06
  189.6100 1.083095e+06
  189.6200 1.083057e+06
  189.6300 1.083019e+06
  189.6400 1.082981e+06
  189.6500 1.082944e+06
  189.6600 1.082906e+06
  189.6700 1.082868e+06
  189.6800 1.082830e+06
  189.6900 1.082792e+06
  189.7000 1.082754e+06
  189.7100 1.082716e+06
  189.7200 1.082678e+06
  189.7300 1.082640e+06
  189.7400 1.082603e+06
  189.7500 1.082565e+06
  189.7600 1.082527e+06
  189.7700 1.082489e+06
  189.7800 1.082451e+06
  189.7900 1.082414e+06
  189.8000 1.082376e+06
  189.8100 1.082338e+06
  189.8200 1.082300e+06
  189.8300 1.082262e+06
  189.8400 1.082225e+06
  189.8500 1.082187e+06
  189.8600 1.082149e+06
  189.8700 1.082111e+06
  189.8800 1.082074e+06
  189.8900 1.082036e+06
  189.9000 1.081998e+06
  189.9100 1.081960e+06
  189.9200 1.081923e+06
  189.9300 1.081885e+06
  189.9400 1.081847e+06
  189.9500 1.081810e+06
  189.9600 1.081772e+06
  189.9700 1.081734e+06
  189.9800 1.081697e+06
  189.9900 1.081659e+06
  190.0000 1.081621e+06
  190.0100 1.081584e+06
  190.0200 1.081546e+06
  190.0300 1.081508e+06
  190.0400 1.081471e+06
  190.0500 1.081433e+06
  190.0600 1.081396e+06
  190.0700 1.081358e+06
  190.0800 1.081320e+06
  190.0900 1.081283e+06
  190.1000 1.081245e+06
  190.1100 1.081208e+06
  190.1200 1.081170e+06
  190.1300 1.081132e+06
  190.1400 1.081095e+06
  190.1500 1.081057e+06
  190.1600 1.081020e+06
  190.1700 1.080982e+06
  190.1800 1.080945e+06
  190.1900 1.080907e+06
  190.2000 1.080870e+06
  190.2100 1.080832e+06
  190.2200 1.080795e+06
  190.2300 1.080757e+06
  190.2400 1.080720e+06
  190.2500 1.080682e+06
  190.2600 1.080645e+06
  190.2700 1.080607e+06
  190.2800 1.080570e+06
  190.2900 1.080533e+06
  190.3000 1.080495e+06
  190.3100 1.080458e+06
  190.3200 1.080420e+06
  190.3300 1.080383e+06
  190.3400 1.080346e+06
  190.3500 1.080308e+06
  190.3600 1.080271e+06
  190.3700 1.080233e+06
  190.3800 1.080196e+06
  190.3900 1.080159e+06
  190.4000 1.080121e+06
  190.4100 1.080084e+06
  190.4200 1.080047e+06
  190.4300 1.080009e+06
  190.4400 1.079972e+06
  190.4500 1.079935e+06
  190.4600 1.079897e+06
  190.4700 1.079860e+06
  190.4800 1.079823e+06
  190.4900 1.079785e+06
  190.5000 1.079748e+06
  190.5100 1.079711e+06
  190.5200 1.079674e+06
  190.5300 1.079636e+06
  190.5400 1.079599e+06
  190.5500 1.079562e+06
  190.5600 1.079525e+06
  190.5700 1.079487e+06
  190.5800 1.079450e+06
  190.5900 1.079413e+06
  190.6000 1.079376e+06
  190.6100 1.079338e+06
  190.6200 1.079301e+06
  190.6300 1.079264e+06
  190.6400 1.079227e+06
  190.6500 1.079190e+06
  190.6600 1.079153e+06
  190.6700 1.079115e+06
  190.6800 1.079078e+06
  190.6900 1.079041e+06
  190.7000 1.079004e+06
  190.7100 1.078967e+06
  190.7200 1.078930e+06
  190.7300 1.078893e+06
  190.7400 1.078855e+06
  190.7500 1.078818e+06
  190.7600 1.078781e+06
  190.7700 1.078744e+06
  190.7800 1.078707e+06
  190.7900 1.078670e+06
  190.8000 1.078633e+06
  190.8100 1.078596e+06
  190.8200 1.078559e+06
  190.8300 1.078522e+06
  190.8400 1.078485e+06
  190.8500 1.078448e+06
  190.8600 1.078411e+06
  190.8700 1.078374e+06
  190.8800 1.078337e+06
  190.8900 1.078300e+06
  190.9000 1.078263e+06
  190.9100 1.078226e+06
  190.9200 1.078189e+06
  190.9300 1.078152e+06
  190.9400 1.078115e+06
  190.9500 1.078078e+06
  190.9600 1.078041e+06
  190.9700 1.078004e+06
  190.9800 1.077967e+06
  190.9900 1.077930e+06
  191.0000 1.077893e+06
  191.0100 1.077856e+06
  191.0200 1.077819e+06
  191.0300 1.077782e+06
  191.0400 1.077746e+06
  191.0500 1.077709e+06
  191.0600 1.077672e+06
  191.0700 1.077635e+06
  191.0800 1.077598e+06
  191.0900 1.077561e+06
  191.1000 1.077524e+06
  191.1100 1.077487e+06
  191.1200 1.077451e+06
  191.1300 1.077414e+06
  191.1400 1.077377e+06
  191.1500 1.077340e+06
  191.1600 1.077303e+06
  191.1700 1.077267e+06
  191.1800 1.077230e+06
  191.1900 1.077193e+06
  191.2000 1.077156e+06
  191.2100 1.077119e+06
  191.2200 1.077083e+06
  191.2300 1.077046e+06
  191.2400 1.077009e+06
  191.2500 1.076972e+06
  191.2600 1.076936e+06
  191.2700 1.076899e+06
  191.2800 1.076862e+06
  191.2900 1.076825e+06
  191.3000 1.076789e+06
  191.3100 1.076752e+06
  191.3200 1.076715e+06
  191.3300 1.076679e+06
  191.3400 1.076642e+06
  191.3500 1.076605e+06
  191.3600 1.076569e+06
  191.3700 1.076532e+06
  191.3800 1.076495e+06
  191.3900 1.076459e+06
  191.4000 1.076422e+06
  191.4100 1.076385e+06
  191.4200 1.076349e+06
  191.4300 1.076312e+06
  191.4400 1.076276e+06
  191.4500 1.076239e+06
  191.4600 1.076202e+06
  191.4700 1.076166e+06
  191.4800 1.076129e+06
  191.4900 1.076093e+06
  191.5000 1.076056e+06
  191.5100 1.076019e+06
  191.5200 1.075983e+06
  191.5300 1.075946e+06
  191.5400 1.075910e+06
  191.5500 1.075873e+06
  191.5600 1.075837e+06
  191.5700 1.075800e+06
  191.5800 1.075764e+06
  191.5900 1.075727e+06
  191.6000 1.075691e+06
  191.6100 1.075654e+06
  191.6200 1.075618e+06
  191.6300 1.075581e+06
  191.6400 1.075545e+06
  191.6500 1.075508e+06
  191.6600 1.075472e+06
  191.6700 1.075435e+06
  191.6800 1.075399e+06
  191.6900 1.075362e+06
  191.7000 1.075326e+06
  191.7100 1.075290e+06
  191.7200 1.075253e+06
  191.7300 1.075217e+06
  191.7400 1.075180e+06
  191.7500 1.075144e+06
  191.7600 1.075108e+06
  191.7700 1.075071e+06
  191.7800 1.075035e+06
  191.7900 1.074998e+06
  191.8000 1.074962e+06
  191.8100 1.074926e+06
  191.8200 1.074889e+06
  191.8300 1.074853e+06
  191.8400 1.074817e+06
  191.8500 1.074780e+06
  191.8600 1.074744e+06
  191.8700 1.074708e+06
  191.8800 1.074671e+06
  191.8900 1.074635e+06
  191.9000 1.074599e+06
  191.9100 1.074562e+06
  191.9200 1.074526e+06
  191.9300 1.074490e+06
  191.9400 1.074454e+06
  191.9500 1.074417e+06
  191.9600 1.074381e+06
  191.9700 1.074345e+06
  191.9800 1.074309e+06
  191.9900 1.074272e+06
  192.0000 1.074236e+06
  192.0100 1.074200e+06
  192.0200 1.074164e+06
  192.0300 1.074127e+06
  192.0400 1.074091e+06
  192.0500 1.074055e+06
  192.0600 1.074019e+06
  192.0700 1.073983e+06
  192.0800 1.073946e+06
  192.0900 1.073910e+06
  192.1000 1.073874e+06
  192.1100 1.073838e+06
  192.1200 1.073802e+06
  192.1300 1.073766e+06
  192.1400 1.073730e+06
  192.1500 1.073693e+06
  192.1600 1.073657e+06
  192.1700 1.073621e+06
  192.1800 1.073585e+06
  192.1900 1.073549e+06
  192.2000 1.073513e+06
  192.2100 1.073477e+06
  192.2200 1.073441e+06
  192.2300 1.073405e+06
  192.2400 1.073369e+06
  192.2500 1.073333e+06
  192.2600 1.073296e+06
  192.2700 1.073260e+06
  192.2800 1.073224e+06
  192.2900 1.073188e+06
  192.3000 1.073152e+06
  192.3100 1.073116e+06
  192.3200 1.073080e+06
  192.3300 1.073044e+06
  192.3400 1.073008e+06
  192.3500 1.072972e+06
  192.3600 1.072936e+06
  192.3700 1.072900e+06
  192.3800 1.072864e+06
  192.3900 1.072828e+06
  192.4000 1.072792e+06
  192.4100 1.072756e+06
  192.4200 1.072720e+06
  192.4300 1.072684e+06
  192.4400 1.072649e+06
  192.4500 1.072613e+06
  192.4600 1.072577e+06
  192.4700 1.072541e+06
  192.4800 1.072505e+06
  192.4900 1.072469e+06
  192.5000 1.072433e+06
  192.5100 1.072397e+06
  192.5200 1.072361e+06
  192.5300 1.072325e+06
  192.5400 1.072290e+06
  192.5500 1.072254e+06
  192.5600 1.072218e+06
  192.5700 1.072182e+06
  192.5800 1.072146e+06
  192.5900 1.072110e+06
  192.6000 1.072074e+06
  192.6100 1.072039e+06
  192.6200 1.072003e+06
  192.6300 1.071967e+06
  192.6400 1.071931e+06
  192.6500 1.071895e+06
  192.6600 1.071860e+06
  192.6700 1.071824e+06
  192.6800 1.071788e+06
  192.6900 1.071752e+06
  192.7000 1.071716e+06
  192.7100 1.071681e+06
  192.7200 1.071645e+06
  192.7300 1.071609e+06
  192.7400 1.071573e+06
  192.7500 1.071538e+06
  192.7600 1.071502e+06
  192.7700 1.071466e+06
  192.7800 1.071431e+06
  192.7900 1.071395e+06
  192.8000 1.071359e+06
  192.8100 1.071323e+06
  192.8200 1.071288e+06
  192.8300 1.071252e+06
  192.8400 1.071216e+06
  192.8500 1.071181e+06
  192.8600 1.071145e+06
  192.8700 1.071109e+06
  192.8800 1.071074e+06
  192.8900 1.071038e+06
  192.9000 1.071002e+06
  192.9100 1.070967e+06
  192.9200 1.070931e+06
  192.9300 1.070896e+06
  192.9400 1.070860e+06
  192.9500 1.070824e+06
  192.9600 1.070789e+06
  192.9700 1.070753e+06
  192.9800 1.070718e+06
  192.9900 1.070682e+06
  193.0000 1.070646e+06
  193.0100 1.070611e+06
  193.0200 1.070575e+06
  193.0300 1.070540e+06
  193.0400 1.070504e+06
  193.0500 1.070469e+06
  193.0600 1.070433e+06
  193.0700 1.070398e+06
  193.0800 1.070362e+06
  193.0900 1.070326e+06
  193.1000 1.070291e+06
  193.1100 1.070255e+06
  193.1200 1.070220e+06
  193.1300 1.070184e+06
  193.1400 1.070149e+06
  193.1500 1.070114e+06
  193.1600 1.070078e+06
  193.1700 1.070043e+06
  193.1800 1.070007e+06
  193.1900 1.069972e+06
  193.2000 1.069936e+06
  193.2100 1.069901e+06
  193.2200 1.069865e+06
  193.2300 1.069830e+06
  193.2400 1.069794e+06
  193.2500 1.069759e+06
  193.2600 1.069724e+06
  193.2700 1.069688e+06
  193.2800 1.069653e+06
  193.2900 1.069617e+06
  193.3000 1.069582e+06
  193.3100 1.069547e+06
  193.3200 1.069511e+06
  193.3300 1.069476e+06
  193.3400 1.069441e+06
  193.3500 1.069405e+06
  193.3600 1.069370e+06
  193.3700 1.069335e+06
  193.3800 1.069299e+06
  193.3900 1.069264e+06
  193.4000 1.069229e+06
  193.4100 1.069193e+06
  193.4200 1.069158e+06
  193.4300 1.069123e+06
  193.4400 1.069087e+06
  193.4500 1.069052e+06
  193.4600 1.069017e+06
  193.4700 1.068981e+06
  193.4800 1.068946e+06
  193.4900 1.068911e+06
  193.5000 1.068876e+06
  193.5100 1.068840e+06
  193.5200 1.068805e+06
  193.5300 1.068770e+06
  193.5400 1.068735e+06
  193.5500 1.068699e+06
  193.5600 1.068664e+06
  193.5700 1.068629e+06
  193.5800 1.068594e+06
  193.5900 1.068559e+06
  193.6000 1.068523e+06
  193.6100 1.068488e+06
  193.6200 1.068453e+06
  193.6300 1.068418e+06
  193.6400 1.068383e+06
  193.6500 1.068347e+06
  193.6600 1.068312e+06
  193.6700 1.068277e+06
  193.6800 1.068242e+06
  193.6900 1.068207e+06
  193.7000 1.068172e+06
  193.7100 1.068137e+06
  193.7200 1.068101e+06
  193.7300 1.068066e+06
  193.7400 1.068031e+06
  193.7500 1.067996e+06
  193.7600 1.067961e+06
  193.7700 1.067926e+06
  193.7800 1.067891e+06
  193.7900 1.067856e+06
  193.8000 1.067821e+06
  193.8100 1.067786e+06
  193.8200 1.067751e+06
  193.8300 1.067715e+06
  193.8400 1.067680e+06
  193.8500 1.067645e+06
  193.8600 1.067610e+06
  193.8700 1.067575e+06
  193.8800 1.067540e+06
  193.8900 1.067505e+06
  193.9000 1.067470e+06
  193.9100 1.067435e+06
  193.9200 1.067400e+06
  193.9300 1.067365e+06
  193.9400 1.067330e+06
  193.9500 1.067295e+06
  193.9600 1.067260e+06
  193.9700 1.067225e+06
  193.9800 1.067190e+06
  193.9900 1.067155e+06
  194.0000 1.067120e+06
  194.0100 1.067085e+06
  194.0200 1.067050e+06
  194.0300 1.067016e+06
  194.0400 1.066981e+06
  194.0500 1.066946e+06
  194.0600 1.066911e+06
  194.0700 1.066876e+06
  194.0800 1.066841e+06
  194.0900 1.066806e+06
  194.1000 1.066771e+06
  194.1100 1.066736e+06
  194.1200 1.066701e+06
  194.1300 1.066666e+06
  194.1400 1.066632e+06
  194.1500 1.066597e+06
  194.1600 1.066562e+06
  194.1700 1.066527e+06
  194.1800 1.066492e+06
  194.1900 1.066457e+06
  194.2000 1.066422e+06
  194.2100 1.066388e+06
  194.2200 1.066353e+06
  194.2300 1.066318e+06
  194.2400 1.066283e+06
  194.2500 1.066248e+06
  194.2600 1.066214e+06
  194.2700 1.066179e+06
  194.2800 1.066144e+06
  194.2900 1.066109e+06
  194.3000 1.066074e+06
  194.3100 1.066040e+06
  194.3200 1.066005e+06
  194.3300 1.065970e+06
  194.3400 1.065935e+06
  194.3500 1.065901e+06
  194.3600 1.065866e+06
  194.3700 1.065831e+06
  194.3800 1.065796e+06
  194.3900 1.065762e+06
  194.4000 1.065727e+06
  194.4100 1.065692e+06
  194.4200 1.065658e+06
  194.4300 1.065623e+06
  194.4400 1.065588e+06
  194.4500 1.065553e+06
  194.4600 1.065519e+06
  194.4700 1.065484e+06
  194.4800 1.065449e+06
  194.4900 1.065415e+06
  194.5000 1.065380e+06
  194.5100 1.065345e+06
  194.5200 1.065311e+06
  194.5300 1.065276e+06
  194.5400 1.065241e+06
  194.5500 1.065207e+06
  194.5600 1.065172e+06
  194.5700 1.065138e+06
  194.5800 1.065103e+06
  194.5900 1.065068e+06
  194.6000 1.065034e+06
  194.6100 1.064999e+06
  194.6200 1.064965e+06
  194.6300 1.064930e+06
  194.6400 1.064895e+06
  194.6500 1.064861e+06
  194.6600 1.064826e+06
  194.6700 1.064792e+06
  194.6800 1.064757e+06
  194.6900 1.064723e+06
  194.7000 1.064688e+06
  194.7100 1.064654e+06
  194.7200 1.064619e+06
  194.7300 1.064584e+06
  194.7400 1.064550e+06
  194.7500 1.064515e+06
  194.7600 1.064481e+06
  194.7700 1.064446e+06
  194.7800 1.064412e+06
  194.7900 1.064377e+06
  194.8000 1.064343e+06
  194.8100 1.064308e+06
  194.8200 1.064274e+06
  194.8300 1.064239e+06
  194.8400 1.064205e+06
  194.8500 1.064171e+06
  194.8600 1.064136e+06
  194.8700 1.064102e+06
  194.8800 1.064067e+06
  194.8900 1.064033e+06
  194.9000 1.063998e+06
  194.9100 1.063964e+06
  194.9200 1.063929e+06
  194.9300 1.063895e+06
  194.9400 1.063861e+06
  194.9500 1.063826e+06
  194.9600 1.063792e+06
  194.9700 1.063757e+06
  194.9800 1.063723e+06
  194.9900 1.063689e+06
  195.0000 1.063654e+06
  195.0100 1.063620e+06
  195.0200 1.063586e+06
  195.0300 1.063551e+06
  195.0400 1.063517e+06
  195.0500 1.063483e+06
  195.0600 1.063448e+06
  195.0700 1.063414e+06
  195.0800 1.063380e+06
  195.0900 1.063345e+06
  195.1000 1.063311e+06
  195.1100 1.063277e+06
  195.1200 1.063242e+06
  195.1300 1.063208e+06
  195.1400 1.063174e+06
  195.1500 1.063139e+06
  195.1600 1.063105e+06
  195.1700 1.063071e+06
  195.1800 1.063037e+06
  195.1900 1.063002e+06
  195.2000 1.062968e+06
  195.2100 1.062934e+06
  195.2200 1.062900e+06
  195.2300 1.062865e+06
  195.2400 1.062831e+06
  195.2500 1.062797e+06
  195.2600 1.062763e+06
  195.2700 1.062728e+06
  195.2800 1.062694e+06
  195.2900 1.062660e+06
  195.3000 1.062626e+06
  195.3100 1.062591e+06
  195.3200 1.062557e+06
  195.3300 1.062523e+06
  195.3400 1.062489e+06
  195.3500 1.062455e+06
  195.3600 1.062421e+06
  195.3700 1.062386e+06
  195.3800 1.062352e+06
  195.3900 1.062318e+06
  195.4000 1.062284e+06
  195.4100 1.062250e+06
  195.4200 1.062216e+06
  195.4300 1.062181e+06
  195.4400 1.062147e+06
  195.4500 1.062113e+06
  195.4600 1.062079e+06
  195.4700 1.062045e+06
  195.4800 1.062011e+06
  195.4900 1.061977e+06
  195.5000 1.061943e+06
  195.5100 1.061909e+06
  195.5200 1.061875e+06
  195.5300 1.061840e+06
  195.5400 1.061806e+06
  195.5500 1.061772e+06
  195.5600 1.061738e+06
  195.5700 1.061704e+06
  195.5800 1.061670e+06
  195.5900 1.061636e+06
  195.6000 1.061602e+06
  195.6100 1.061568e+06
  195.6200 1.061534e+06
  195.6300 1.061500e+06
  195.6400 1.061466e+06
  195.6500 1.061432e+06
  195.6600 1.061398e+06
  195.6700 1.061364e+06
  195.6800 1.061330e+06
  195.6900 1.061296e+06
  195.7000 1.061262e+06
  195.7100 1.061228e+06
  195.7200 1.061194e+06
  195.7300 1.061160e+06
  195.7400 1.061126e+06
  195.7500 1.061092e+06
  195.7600 1.061058e+06
  195.7700 1.061024e+06
  195.7800 1.060990e+06
  195.7900 1.060956e+06
  195.8000 1.060922e+06
  195.8100 1.060888e+06
  195.8200 1.060854e+06
  195.8300 1.060820e+06
  195.8400 1.060787e+06
  195.8500 1.060753e+06
  195.8600 1.060719e+06
  195.8700 1.060685e+06
  195.8800 1.060651e+06
  195.8900 1.060617e+06
  195.9000 1.060583e+06
  195.9100 1.060549e+06
  195.9200 1.060515e+06
  195.9300 1.060482e+06
  195.9400 1.060448e+06
  195.9500 1.060414e+06
  195.9600 1.060380e+06
  195.9700 1.060346e+06
  195.9800 1.060312e+06
  195.9900 1.060278e+06
  196.0000 1.060245e+06
  196.0100 1.060211e+06
  196.0200 1.060177e+06
  196.0300 1.060143e+06
  196.0400 1.060109e+06
  196.0500 1.060076e+06
  196.0600 1.060042e+06
  196.0700 1.060008e+06
  196.0800 1.059974e+06
  196.0900 1.059940e+06
  196.1000 1.059907e+06
  196.1100 1.059873e+06
  196.1200 1.059839e+06
  196.1300 1.059805e+06
  196.1400 1.059772e+06
  196.1500 1.059738e+06
  196.1600 1.059704e+06
  196.1700 1.059670e+06
  196.1800 1.059637e+06
  196.1900 1.059603e+06
  196.2000 1.059569e+06
  196.2100 1.059535e+06
  196.2200 1.059502e+06
  196.2300 1.059468e+06
  196.2400 1.059434e+06
  196.2500 1.059401e+06
  196.2600 1.059367e+06
  196.2700 1.059333e+06
  196.2800 1.059300e+06
  196.2900 1.059266e+06
  196.3000 1.059232e+06
  196.3100 1.059199e+06
  196.3200 1.059165e+06
  196.3300 1.059131e+06
  196.3400 1.059098e+06
  196.3500 1.059064e+06
  196.3600 1.059030e+06
  196.3700 1.058997e+06
  196.3800 1.058963e+06
  196.3900 1.058929e+06
  196.4000 1.058896e+06
  196.4100 1.058862e+06
  196.4200 1.058829e+06
  196.4300 1.058795e+06
  196.4400 1.058761e+06
  196.4500 1.058728e+06
  196.4600 1.058694e+06
  196.4700 1.058661e+06
  196.4800 1.058627e+06
  196.4900 1.058593e+06
  196.5000 1.058560e+06
  196.5100 1.058526e+06
  196.5200 1.058493e+06
  196.5300 1.058459e+06
  196.5400 1.058426e+06
  196.5500 1.058392e+06
  196.5600 1.058359e+06
  196.5700 1.058325e+06
  196.5800 1.058291e+06
  196.5900 1.058258e+06
  196.6000 1.058224e+06
  196.6100 1.058191e+06
  196.6200 1.058157e+06
  196.6300 1.058124e+06
  196.6400 1.058090e+06
  196.6500 1.058057e+06
  196.6600 1.058023e+06
  196.6700 1.057990e+06
  196.6800 1.057956e+06
  196.6900 1.057923e+06
  196.7000 1.057889e+06
  196.7100 1.057856e+06
  196.7200 1.057823e+06
  196.7300 1.057789e+06
  196.7400 1.057756e+06
  196.7500 1.057722e+06
  196.7600 1.057689e+06
  196.7700 1.057655e+06
  196.7800 1.057622e+06
  196.7900 1.057588e+06
  196.8000 1.057555e+06
  196.8100 1.057522e+06
  196.8200 1.057488e+06
  196.8300 1.057455e+06
  196.8400 1.057421e+06
  196.8500 1.057388e+06
  196.8600 1.057355e+06
  196.8700 1.057321e+06
  196.8800 1.057288e+06
  196.8900 1.057254e+06
  196.9000 1.057221e+06
  196.9100 1.057188e+06
  196.9200 1.057154e+06
  196.9300 1.057121e+06
  196.9400 1.057088e+06
  196.9500 1.057054e+06
  196.9600 1.057021e+06
  196.9700 1.056988e+06
  196.9800 1.056954e+06
  196.9900 1.056921e+06
  197.0000 1.056888e+06
  197.0100 1.056854e+06
  197.0200 1.056821e+06
  197.0300 1.056788e+06
  197.0400 1.056754e+06
  197.0500 1.056721e+06
  197.0600 1.056688e+06
  197.0700 1.056655e+06
  197.0800 1.056621e+06
  197.0900 1.056588e+06
  197.1000 1.056555e+06
  197.1100 1.056521e+06
  197.1200 1.056488e+06
  197.1300 1.056455e+06
  197.1400 1.056422e+06
  197.1500 1.056388e+06
  197.1600 1.056355e+06
  197.1700 1.056322e+06
  197.1800 1.056289e+06
  197.1900 1.056256e+06
  197.2000 1.056222e+06
  197.2100 1.056189e+06
  197.2200 1.056156e+06
  197.2300 1.056123e+06
  197.2400 1.056089e+06
  197.2500 1.056056e+06
  197.2600 1.056023e+06
  197.2700 1.055990e+06
  197.2800 1.055957e+06
  197.2900 1.055923e+06
  197.3000 1.055890e+06
  197.3100 1.055857e+06
  197.3200 1.055824e+06
  197.3300 1.055791e+06
  197.3400 1.055758e+06
  197.3500 1.055725e+06
  197.3600 1.055691e+06
  197.3700 1.055658e+06
  197.3800 1.055625e+06
  197.3900 1.055592e+06
  197.4000 1.055559e+06
  197.4100 1.055526e+06
  197.4200 1.055493e+06
  197.4300 1.055459e+06
  197.4400 1.055426e+06
  197.4500 1.055393e+06
  197.4600 1.055360e+06
  197.4700 1.055327e+06
  197.4800 1.055294e+06
  197.4900 1.055261e+06
  197.5000 1.055228e+06
  197.5100 1.055195e+06
  197.5200 1.055162e+06
  197.5300 1.055129e+06
  197.5400 1.055096e+06
  197.5500 1.055062e+06
  197.5600 1.055029e+06
  197.5700 1.054996e+06
  197.5800 1.054963e+06
  197.5900 1.054930e+06
  197.6000 1.054897e+06
  197.6100 1.054864e+06
  197.6200 1.054831e+06
  197.6300 1.054798e+06
  197.6400 1.054765e+06
  197.6500 1.054732e+06
  197.6600 1.054699e+06
  197.6700 1.054666e+06
  197.6800 1.054633e+06
  197.6900 1.054600e+06
  197.7000 1.054567e+06
  197.7100 1.054534e+06
  197.7200 1.054501e+06
  197.7300 1.054468e+06
  197.7400 1.054435e+06
  197.7500 1.054402e+06
  197.7600 1.054369e+06
  197.7700 1.054336e+06
  197.7800 1.054303e+06
  197.7900 1.054271e+06
  197.8000 1.054238e+06
  197.8100 1.054205e+06
  197.8200 1.054172e+06
  197.8300 1.054139e+06
  197.8400 1.054106e+06
  197.8500 1.054073e+06
  197.8600 1.054040e+06
  197.8700 1.054007e+06
  197.8800 1.053974e+06
  197.8900 1.053941e+06
  197.9000 1.053908e+06
  197.9100 1.053876e+06
  197.9200 1.053843e+06
  197.9300 1.053810e+06
  197.9400 1.053777e+06
  197.9500 1.053744e+06
  197.9600 1.053711e+06
  197.9700 1.053678e+06
  197.9800 1.053645e+06
  197.9900 1.053613e+06
  198.0000 1.053580e+06
  198.0100 1.053547e+06
  198.0200 1.053514e+06
  198.0300 1.053481e+06
  198.0400 1.053448e+06
  198.0500 1.053416e+06
  198.0600 1.053383e+06
  198.0700 1.053350e+06
  198.0800 1.053317e+06
  198.0900 1.053284e+06
  198.1000 1.053251e+06
  198.1100 1.053219e+06
  198.1200 1.053186e+06
  198.1300 1.053153e+06
  198.1400 1.053120e+06
  198.1500 1.053088e+06
  198.1600 1.053055e+06
  198.1700 1.053022e+06
  198.1800 1.052989e+06
  198.1900 1.052956e+06
  198.2000 1.052924e+06
  198.2100 1.052891e+06
  198.2200 1.052858e+06
  198.2300 1.052825e+06
  198.2400 1.052793e+06
  198.2500 1.052760e+06
  198.2600 1.052727e+06
  198.2700 1.052694e+06
  198.2800 1.052662e+06
  198.2900 1.052629e+06
  198.3000 1.052596e+06
  198.3100 1.052564e+06
  198.3200 1.052531e+06
  198.3300 1.052498e+06
  198.3400 1.052466e+06
  198.3500 1.052433e+06
  198.3600 1.052400e+06
  198.3700 1.052367e+06
  198.3800 1.052335e+06
  198.3900 1.052302e+06
  198.4000 1.052269e+06
  198.4100 1.052237e+06
  198.4200 1.052204e+06
  198.4300 1.052171e+06
  198.4400 1.052139e+06
  198.4500 1.052106e+06
  198.4600 1.052074e+06
  198.4700 1.052041e+06
  198.4800 1.052008e+06
  198.4900 1.051976e+06
  198.5000 1.051943e+06
  198.5100 1.051910e+06
  198.5200 1.051878e+06
  198.5300 1.051845e+06
  198.5400 1.051813e+06
  198.5500 1.051780e+06
  198.5600 1.051747e+06
  198.5700 1.051715e+06
  198.5800 1.051682e+06
  198.5900 1.051650e+06
  198.6000 1.051617e+06
  198.6100 1.051584e+06
  198.6200 1.051552e+06
  198.6300 1.051519e+06
  198.6400 1.051487e+06
  198.6500 1.051454e+06
  198.6600 1.051422e+06
  198.6700 1.051389e+06
  198.6800 1.051356e+06
  198.6900 1.051324e+06
  198.7000 1.051291e+06
  198.7100 1.051259e+06
  198.7200 1.051226e+06
  198.7300 1.051194e+06
  198.7400 1.051161e+06
  198.7500 1.051129e+06
  198.7600 1.051096e+06
  198.7700 1.051064e+06
  198.7800 1.051031e+06
  198.7900 1.050999e+06
  198.8000 1.050966e+06
  198.8100 1.050934e+06
  198.8200 1.050901e+06
  198.8300 1.050869e+06
  198.8400 1.050836e+06
  198.8500 1.050804e+06
  198.8600 1.050771e+06
  198.8700 1.050739e+06
  198.8800 1.050706e+06
  198.8900 1.050674e+06
  198.9000 1.050641e+06
  198.9100 1.050609e+06
  198.9200 1.050577e+06
  198.9300 1.050544e+06
  198.9400 1.050512e+06
  198.9500 1.050479e+06
  198.9600 1.050447e+06
  198.9700 1.050414e+06
  198.9800 1.050382e+06
  198.9900 1.050350e+06
  199.0000 1.050317e+06
  199.0100 1.050285e+06
  199.0200 1.050252e+06
  199.0300 1.050220e+06
  199.0400 1.050187e+06
  199.0500 1.050155e+06
  199.0600 1.050123e+06
  199.0700 1.050090e+06
  199.0800 1.050058e+06
  199.0900 1.050026e+06
  199.1000 1.049993e+06
  199.1100 1.049961e+06
  199.1200 1.049928e+06
  199.1300 1.049896e+06
  199.1400 1.049864e+06
  199.1500 1.049831e+06
  199.1600 1.049799e+06
  199.1700 1.049767e+06
  199.1800 1.049734e+06
  199.1900 1.049702e+06
  199.2000 1.049670e+06
  199.2100 1.049637e+06
  199.2200 1.049605e+06
  199.2300 1.049573e+06
  199.2400 1.049540e+06
  199.2500 1.049508e+06
  199.2600 1.049476e+06
  199.2700 1.049443e+06
  199.2800 1.049411e+06
  199.2900 1.049379e+06
  199.3000 1.049347e+06
  199.3100 1.049314e+06
  199.3200 1.049282e+06
  199.3300 1.049250e+06
  199.3400 1.049217e+06
  199.3500 1.049185e+06
  199.3600 1.049153e+06
  199.3700 1.049121e+06
  199.3800 1.049088e+06
  199.3900 1.049056e+06
  199.4000 1.049024e+06
  199.4100 1.048992e+06
  199.4200 1.048959e+06
  199.4300 1.048927e+06
  199.4400 1.048895e+06
  199.4500 1.048863e+06
  199.4600 1.048831e+06
  199.4700 1.048798e+06
  199.4800 1.048766e+06
  199.4900 1.048734e+06
  199.5000 1.048702e+06
  199.5100 1.048669e+06
  199.5200 1.048637e+06
  199.5300 1.048605e+06
  199.5400 1.048573e+06
  199.5500 1.048541e+06
  199.5600 1.048508e+06
  199.5700 1.048476e+06
  199.5800 1.048444e+06
  199.5900 1.048412e+06
  199.6000 1.048380e+06
  199.6100 1.048348e+06
  199.6200 1.048315e+06
  199.6300 1.048283e+06
  199.6400 1.048251e+06
  199.6500 1.048219e+06
  199.6600 1.048187e+06
  199.6700 1.048155e+06
  199.6800 1.048123e+06
  199.6900 1.048090e+06
  199.7000 1.048058e+06
  199.7100 1.048026e+06
  199.7200 1.047994e+06
  199.7300 1.047962e+06
  199.7400 1.047930e+06
  199.7500 1.047898e+06
  199.7600 1.047866e+06
  199.7700 1.047833e+06
  199.7800 1.047801e+06
  199.7900 1.047769e+06
  199.8000 1.047737e+06
  199.8100 1.047705e+06
  199.8200 1.047673e+06
  199.8300 1.047641e+06
  199.8400 1.047609e+06
  199.8500 1.047577e+06
  199.8600 1.047545e+06
  199.8700 1.047513e+06
  199.8800 1.047481e+06
  199.8900 1.047449e+06
  199.9000 1.047416e+06
  199.9100 1.047384e+06
  199.9200 1.047352e+06
  199.9300 1.047320e+06
  199.9400 1.047288e+06
  199.9500 1.047256e+06
  199.9600 1.047224e+06
  199.9700 1.047192e+06
  199.9800 1.047160e+06
  199.9900 1.047128e+06
  200.0000 1.047096e+06
  200.0100 1.047064e+06
  200.0200 1.047032e+06
  200.0300 1.047000e+06
  200.0400 1.046968e+06
  200.0500 1.046936e+06
  200.0600 1.046904e+06
  200.0700 1.046872e+06
  200.0800 1.046840e+06
  200.0900 1.046808e+06
  200.1000 1.046776e+06
  200.1100 1.046744e+06
  200.1200 1.046712e+06
  200.1300 1.046680e+06
  200.1400 1.046648e+06
  200.1500 1.046616e+06
  200.1600 1.046584e+06
  200.1700 1.046552e+06
  200.1800 1.046521e+06
  200.1900 1.046489e+06
  200.2000 1.046457e+06
  200.2100 1.046425e+06
  200.2200 1.046393e+06
  200.2300 1.046361e+06
  200.2400 1.046329e+06
  200.2500 1.046297e+06
  200.2600 1.046265e+06
  200.2700 1.046233e+06
  200.2800 1.046201e+06
  200.2900 1.046169e+06
  200.3000 1.046137e+06
  200.3100 1.046106e+06
  200.3200 1.046074e+06
  200.3300 1.046042e+06
  200.3400 1.046010e+06
  200.3500 1.045978e+06
  200.3600 1.045946e+06
  200.3700 1.045914e+06
  200.3800 1.045882e+06
  200.3900 1.045850e+06
  200.4000 1.045819e+06
  200.4100 1.045787e+06
  200.4200 1.045755e+06
  200.4300 1.045723e+06
  200.4400 1.045691e+06
  200.4500 1.045659e+06
  200.4600 1.045627e+06
  200.4700 1.045596e+06
  200.4800 1.045564e+06
  200.4900 1.045532e+06
  200.5000 1.045500e+06
  200.5100 1.045468e+06
  200.5200 1.045436e+06
  200.5300 1.045405e+06
  200.5400 1.045373e+06
  200.5500 1.045341e+06
  200.5600 1.045309e+06
  200.5700 1.045277e+06
  200.5800 1.045246e+06
  200.5900 1.045214e+06
  200.6000 1.045182e+06
  200.6100 1.045150e+06
  200.6200 1.045118e+06
  200.6300 1.045087e+06
  200.6400 1.045055e+06
  200.6500 1.045023e+06
  200.6600 1.044991e+06
  200.6700 1.044960e+06
  200.6800 1.044928e+06
  200.6900 1.044896e+06
  200.7000 1.044864e+06
  200.7100 1.044832e+06
  200.7200 1.044801e+06
  200.7300 1.044769e+06
  200.7400 1.044737e+06
  200.7500 1.044705e+06
  200.7600 1.044674e+06
  200.7700 1.044642e+06
  200.7800 1.044610e+06
  200.7900 1.044578e+06
  200.8000 1.044547e+06
  200.8100 1.044515e+06
  200.8200 1.044483e+06
  200.8300 1.044452e+06
  200.8400 1.044420e+06
  200.8500 1.044388e+06
  200.8600 1.044356e+06
  200.8700 1.044325e+06
  200.8800 1.044293e+06
  200.8900 1.044261e+06
  200.9000 1.044230e+06
  200.9100 1.044198e+06
  200.9200 1.044166e+06
  200.9300 1.044135e+06
  200.9400 1.044103e+06
  200.9500 1.044071e+06
  200.9600 1.044039e+06
  200.9700 1.044008e+06
  200.9800 1.043976e+06
  200.9900 1.043944e+06
  201.0000 1.043913e+06
  201.0100 1.043881e+06
  201.0200 1.043849e+06
  201.0300 1.043818e+06
  201.0400 1.043786e+06
  201.0500 1.043755e+06
  201.0600 1.043723e+06
  201.0700 1.043691e+06
  201.0800 1.043660e+06
  201.0900 1.043628e+06
  201.1000 1.043596e+06
  201.1100 1.043565e+06
  201.1200 1.043533e+06
  201.1300 1.043501e+06
  201.1400 1.043470e+06
  201.1500 1.043438e+06
  201.1600 1.043407e+06
  201.1700 1.043375e+06
  201.1800 1.043343e+06
  201.1900 1.043312e+06
  201.2000 1.043280e+06
  201.2100 1.043249e+06
  201.2200 1.043217e+06
  201.2300 1.043185e+06
  201.2400 1.043154e+06
  201.2500 1.043122e+06
  201.2600 1.043091e+06
  201.2700 1.043059e+06
  201.2800 1.043027e+06
  201.2900 1.042996e+06
  201.3000 1.042964e+06
  201.3100 1.042933e+06
  201.3200 1.042901e+06
  201.3300 1.042870e+06
  201.3400 1.042838e+06
  201.3500 1.042806e+06
  201.3600 1.042775e+06
  201.3700 1.042743e+06
  201.3800 1.042712e+06
  201.3900 1.042680e+06
  201.4000 1.042649e+06
  201.4100 1.042617e+06
  201.4200 1.042586e+06
  201.4300 1.042554e+06
  201.4400 1.042523e+06
  201.4500 1.042491e+06
  201.4600 1.042460e+06
  201.4700 1.042428e+06
  201.4800 1.042396e+06
  201.4900 1.042365e+06
  201.5000 1.042333e+06
  201.5100 1.042302e+06
  201.5200 1.042270e+06
  201.5300 1.042239e+06
  201.5400 1.042207e+06
  201.5500 1.042176e+06
  201.5600 1.042144e+06
  201.5700 1.042113e+06
  201.5800 1.042081e+06
  201.5900 1.042050e+06
  201.6000 1.042018e+06
  201.6100 1.041987e+06
  201.6200 1.041955e+06
  201.6300 1.041924e+06
  201.6400 1.041893e+06
  201.6500 1.041861e+06
  201.6600 1.041830e+06
  201.6700 1.041798e+06
  201.6800 1.041767e+06
  201.6900 1.041735e+06
  201.7000 1.041704e+06
  201.7100 1.041672e+06
  201.7200 1.041641e+06
  201.7300 1.041609e+06
  201.7400 1.041578e+06
  201.7500 1.041546e+06
  201.7600 1.041515e+06
  201.7700 1.041484e+06
  201.7800 1.041452e+06
  201.7900 1.041421e+06
  201.8000 1.041389e+06
  201.8100 1.041358e+06
  201.8200 1.041326e+06
  201.8300 1.041295e+06
  201.8400 1.041264e+06
  201.8500 1.041232e+06
  201.8600 1.041201e+06
  201.8700 1.041169e+06
  201.8800 1.041138e+06
  201.8900 1.041107e+06
  201.9000 1.041075e+06
  201.9100 1.041044e+06
  201.9200 1.041012e+06
  201.9300 1.040981e+06
  201.9400 1.040950e+06
  201.9500 1.040918e+06
  201.9600 1.040887e+06
  201.9700 1.040855e+06
  201.9800 1.040824e+06
  201.9900 1.040793e+06
  202.0000 1.040761e+06
  202.0100 1.040730e+06
  202.0200 1.040698e+06
  202.0300 1.040667e+06
  202.0400 1.040636e+06
  202.0500 1.040604e+06
  202.0600 1.040573e+06
  202.0700 1.040542e+06
  202.0800 1.040510e+06
  202.0900 1.040479e+06
  202.1000 1.040448e+06
  202.1100 1.040416e+06
  202.1200 1.040385e+06
  202.1300 1.040353e+06
  202.1400 1.040322e+06
  202.1500 1.040291e+06
  202.1600 1.040259e+06
  202.1700 1.040228e+06
  202.1800 1.040197e+06
  202.1900 1.040165e+06
  202.2000 1.040134e+06
  202.2100 1.040103e+06
  202.2200 1.040071e+06
  202.2300 1.040040e+06
  202.2400 1.040009e+06
  202.2500 1.039977e+06
  202.2600 1.039946e+06
  202.2700 1.039915e+06
  202.2800 1.039884e+06
  202.2900 1.039852e+06
  202.3000 1.039821e+06
  202.3100 1.039790e+06
  202.3200 1.039758e+06
  202.3300 1.039727e+06
  202.3400 1.039696e+06
  202.3500 1.039664e+06
  202.3600 1.039633e+06
  202.3700 1.039602e+06
  202.3800 1.039571e+06
  202.3900 1.039539e+06
  202.4000 1.039508e+06
  202.4100 1.039477e+06
  202.4200 1.039445e+06
  202.4300 1.039414e+06
  202.4400 1.039383e+06
  202.4500 1.039352e+06
  202.4600 1.039320e+06
  202.4700 1.039289e+06
  202.4800 1.039258e+06
  202.4900 1.039227e+06
  202.5000 1.039195e+06
  202.5100 1.039164e+06
  202.5200 1.039133e+06
  202.5300 1.039102e+06
  202.5400 1.039070e+06
  202.5500 1.039039e+06
  202.5600 1.039008e+06
  202.5700 1.038977e+06
  202.5800 1.038945e+06
  202.5900 1.038914e+06
  202.6000 1.038883e+06
  202.6100 1.038852e+06
  202.6200 1.038820e+06
  202.6300 1.038789e+06
  202.6400 1.038758e+06
  202.6500 1.038727e+06
  202.6600 1.038695e+06
  202.6700 1.038664e+06
  202.6800 1.038633e+06
  202.6900 1.038602e+06
  202.7000 1.038571e+06
  202.7100 1.038539e+06
  202.7200 1.038508e+06
  202.7300 1.038477e+06
  202.7400 1.038446e+06
  202.7500 1.038414e+06
  202.7600 1.038383e+06
  202.7700 1.038352e+06
  202.7800 1.038321e+06
  202.7900 1.038290e+06
  202.8000 1.038258e+06
  202.8100 1.038227e+06
  202.8200 1.038196e+06
  202.8300 1.038165e+06
  202.8400 1.038134e+06
  202.8500 1.038103e+06
  202.8600 1.038071e+06
  202.8700 1.038040e+06
  202.8800 1.038009e+06
  202.8900 1.037978e+06
  202.9000 1.037947e+06
  202.9100 1.037915e+06
  202.9200 1.037884e+06
  202.9300 1.037853e+06
  202.9400 1.037822e+06
  202.9500 1.037791e+06
  202.9600 1.037760e+06
  202.9700 1.037728e+06
  202.9800 1.037697e+06
  202.9900 1.037666e+06
  203.0000 1.037635e+06
  203.0100 1.037604e+06
  203.0200 1.037573e+06
  203.0300 1.037542e+06
  203.0400 1.037510e+06
  203.0500 1.037479e+06
  203.0600 1.037448e+06
  203.0700 1.037417e+06
  203.0800 1.037386e+06
  203.0900 1.037355e+06
  203.1000 1.037324e+06
  203.1100 1.037292e+06
  203.1200 1.037261e+06
  203.1300 1.037230e+06
  203.1400 1.037199e+06
  203.1500 1.037168e+06
  203.1600 1.037137e+06
  203.1700 1.037106e+06
  203.1800 1.037074e+06
  203.1900 1.037043e+06
  203.2000 1.037012e+06
  203.2100 1.036981e+06
  203.2200 1.036950e+06
  203.2300 1.036919e+06
  203.2400 1.036888e+06
  203.2500 1.036857e+06
  203.2600 1.036826e+06
  203.2700 1.036794e+06
  203.2800 1.036763e+06
  203.2900 1.036732e+06
  203.3000 1.036701e+06
  203.3100 1.036670e+06
  203.3200 1.036639e+06
  203.3300 1.036608e+06
  203.3400 1.036577e+06
  203.3500 1.036546e+06
  203.3600 1.036515e+06
  203.3700 1.036483e+06
  203.3800 1.036452e+06
  203.3900 1.036421e+06
  203.4000 1.036390e+06
  203.4100 1.036359e+06
  203.4200 1.036328e+06
  203.4300 1.036297e+06
  203.4400 1.036266e+06
  203.4500 1.036235e+06
  203.4600 1.036204e+06
  203.4700 1.036173e+06
  203.4800 1.036142e+06
  203.4900 1.036111e+06
  203.5000 1.036079e+06
  203.5100 1.036048e+06
  203.5200 1.036017e+06
  203.5300 1.035986e+06
  203.5400 1.035955e+06
  203.5500 1.035924e+06
  203.5600 1.035893e+06
  203.5700 1.035862e+06
  203.5800 1.035831e+06
  203.5900 1.035800e+06
  203.6000 1.035769e+06
  203.6100 1.035738e+06
  203.6200 1.035707e+06
  203.6300 1.035676e+06
  203.6400 1.035645e+06
  203.6500 1.035614e+06
  203.6600 1.035583e+06
  203.6700 1.035552e+06
  203.6800 1.035520e+06
  203.6900 1.035489e+06
  203.7000 1.035458e+06
  203.7100 1.035427e+06
  203.7200 1.035396e+06
  203.7300 1.035365e+06
  203.7400 1.035334e+06
  203.7500 1.035303e+06
  203.7600 1.035272e+06
  203.7700 1.035241e+06
  203.7800 1.035210e+06
  203.7900 1.035179e+06
  203.8000 1.035148e+06
  203.8100 1.035117e+06
  203.8200 1.035086e+06
  203.8300 1.035055e+06
  203.8400 1.035024e+06
  203.8500 1.034993e+06
  203.8600 1.034962e+06
  203.8700 1.034931e+06
  203.8800 1.034900e+06
  203.8900 1.034869e+06
  203.9000 1.034838e+06
  203.9100 1.034807e+06
  203.9200 1.034776e+06
  203.9300 1.034745e+06
  203.9400 1.034714e+06
  203.9500 1.034683e+06
  203.9600 1.034652e+06
  203.9700 1.034621e+06
  203.9800 1.034590e+06
  203.9900 1.034559e+06
  204.0000 1.034528e+06
  204.0100 1.034497e+06
  204.0200 1.034466e+06
  204.0300 1.034435e+06
  204.0400 1.034404e+06
  204.0500 1.034373e+06
  204.0600 1.034342e+06
  204.0700 1.034311e+06
  204.0800 1.034280e+06
  204.0900 1.034249e+06
  204.1000 1.034218e+06
  204.1100 1.034187e+06
  204.1200 1.034156e+06
  204.1300 1.034125e+06
  204.1400 1.034094e+06
  204.1500 1.034063e+06
  204.1600 1.034032e+06
  204.1700 1.034001e+06
  204.1800 1.033970e+06
  204.1900 1.033939e+06
  204.2000 1.033908e+06
  204.2100 1.033877e+06
  204.2200 1.033846e+06
  204.2300 1.033815e+06
  204.2400 1.033784e+06
  204.2500 1.033753e+06
  204.2600 1.033722e+06
  204.2700 1.033691e+06
  204.2800 1.033661e+06
  204.2900 1.033630e+06
  204.3000 1.033599e+06
  204.3100 1.033568e+06
  204.3200 1.033537e+06
  204.3300 1.033506e+06
  204.3400 1.033475e+06
  204.3500 1.033444e+06
  204.3600 1.033413e+06
  204.3700 1.033382e+06
  204.3800 1.033351e+06
  204.3900 1.033320e+06
  204.4000 1.033289e+06
  204.4100 1.033258e+06
  204.4200 1.033227e+06
  204.4300 1.033196e+06
  204.4400 1.033165e+06
  204.4500 1.033134e+06
  204.4600 1.033103e+06
  204.4700 1.033072e+06
  204.4800 1.033041e+06
  204.4900 1.033011e+06
  204.5000 1.032980e+06
  204.5100 1.032949e+06
  204.5200 1.032918e+06
  204.5300 1.032887e+06
  204.5400 1.032856e+06
  204.5500 1.032825e+06
  204.5600 1.032794e+06
  204.5700 1.032763e+06
  204.5800 1.032732e+06
  204.5900 1.032701e+06
  204.6000 1.032670e+06
  204.6100 1.032639e+06
  204.6200 1.032608e+06
  204.6300 1.032577e+06
  204.6400 1.032547e+06
  204.6500 1.032516e+06
  204.6600 1.032485e+06
  204.6700 1.032454e+06
  204.6800 1.032423e+06
  204.6900 1.032392e+06
  204.7000 1.032361e+06
  204.7100 1.032330e+06
  204.7200 1.032299e+06
  204.7300 1.032268e+06
  204.7400 1.032237e+06
  204.7500 1.032206e+06
  204.7600 1.032175e+06
  204.7700 1.032145e+06
  204.7800 1.032114e+06
  204.7900 1.032083e+06
  204.8000 1.032052e+06
  204.8100 1.032021e+06
  204.8200 1.031990e+06
  204.8300 1.031959e+06
  204.8400 1.031928e+06
  204.8500 1.031897e+06
  204.8600 1.031866e+06
  204.8700 1.031835e+06
  204.8800 1.031805e+06
  204.8900 1.031774e+06
  204.9000 1.031743e+06
  204.9100 1.031712e+06
  204.9200 1.031681e+06
  204.9300 1.031650e+06
  204.9400 1.031619e+06
  204.9500 1.031588e+06
  204.9600 1.031557e+06
  204.9700 1.031526e+06
  204.9800 1.031495e+06
  204.9900 1.031465e+06
  205.0000 1.031434e+06
  205.0100 1.031403e+06
  205.0200 1.031372e+06
  205.0300 1.031341e+06
  205.0400 1.031310e+06
  205.0500 1.031279e+06
  205.0600 1.031248e+06
  205.0700 1.031217e+06
  205.0800 1.031187e+06
  205.0900 1.031156e+06
  205.1000 1.031125e+06
  205.1100 1.031094e+06
  205.1200 1.031063e+06
  205.1300 1.031032e+06
  205.1400 1.031001e+06
  205.1500 1.030970e+06
  205.1600 1.030939e+06
  205.1700 1.030909e+06
  205.1800 1.030878e+06
  205.1900 1.030847e+06
  205.2000 1.030816e+06
  205.2100 1.030785e+06
  205.2200 1.030754e+06
  205.2300 1.030723e+06
  205.2400 1.030692e+06
  205.2500 1.030661e+06
  205.2600 1.030631e+06
  205.2700 1.030600e+06
  205.2800 1.030569e+06
  205.2900 1.030538e+06
  205.3000 1.030507e+06
  205.3100 1.030476e+06
  205.3200 1.030445e+06
  205.3300 1.030414e+06
  205.3400 1.030383e+06
  205.3500 1.030353e+06
  205.3600 1.030322e+06
  205.3700 1.030291e+06
  205.3800 1.030260e+06
  205.3900 1.030229e+06
  205.4000 1.030198e+06
  205.4100 1.030167e+06
  205.4200 1.030136e+06
  205.4300 1.030106e+06
  205.4400 1.030075e+06
  205.4500 1.030044e+06
  205.4600 1.030013e+06
  205.4700 1.029982e+06
  205.4800 1.029951e+06
  205.4900 1.029920e+06
  205.5000 1.029889e+06
  205.5100 1.029859e+06
  205.5200 1.029828e+06
  205.5300 1.029797e+06
  205.5400 1.029766e+06
  205.5500 1.029735e+06
  205.5600 1.029704e+06
  205.5700 1.029673e+06
  205.5800 1.029642e+06
  205.5900 1.029612e+06
  205.6000 1.029581e+06
  205.6100 1.029550e+06
  205.6200 1.029519e+06
  205.6300 1.029488e+06
  205.6400 1.029457e+06
  205.6500 1.029426e+06
  205.6600 1.029395e+06
  205.6700 1.029365e+06
  205.6800 1.029334e+06
  205.6900 1.029303e+06
  205.7000 1.029272e+06
  205.7100 1.029241e+06
  205.7200 1.029210e+06
  205.7300 1.029179e+06
  205.7400 1.029149e+06
  205.7500 1.029118e+06
  205.7600 1.029087e+06
  205.7700 1.029056e+06
  205.7800 1.029025e+06
  205.7900 1.028994e+06
  205.8000 1.028963e+06
  205.8100 1.028932e+06
  205.8200 1.028902e+06
  205.8300 1.028871e+06
  205.8400 1.028840e+06
  205.8500 1.028809e+06
  205.8600 1.028778e+06
  205.8700 1.028747e+06
  205.8800 1.028716e+06
  205.8900 1.028686e+06
  205.9000 1.028655e+06
  205.9100 1.028624e+06
  205.9200 1.028593e+06
  205.9300 1.028562e+06
  205.9400 1.028531e+06
  205.9500 1.028500e+06
  205.9600 1.028469e+06
  205.9700 1.028439e+06
  205.9800 1.028408e+06
  205.9900 1.028377e+06
  206.0000 1.028346e+06
  206.0100 1.028315e+06
  206.0200 1.028284e+06
  206.0300 1.028253e+06
  206.0400 1.028223e+06
  206.0500 1.028192e+06
  206.0600 1.028161e+06
  206.0700 1.028130e+06
  206.0800 1.028099e+06
  206.0900 1.028068e+06
  206.1000 1.028037e+06
  206.1100 1.028007e+06
  206.1200 1.027976e+06
  206.1300 1.027945e+06
  206.1400 1.027914e+06
  206.1500 1.027883e+06
  206.1600 1.027852e+06
  206.1700 1.027821e+06
  206.1800 1.027790e+06
  206.1900 1.027760e+06
  206.2000 1.027729e+06
  206.2100 1.027698e+06
  206.2200 1.027667e+06
  206.2300 1.027636e+06
  206.2400 1.027605e+06
  206.2500 1.027574e+06
  206.2600 1.027544e+06
  206.2700 1.027513e+06
  206.2800 1.027482e+06
  206.2900 1.027451e+06
  206.3000 1.027420e+06
  206.3100 1.027389e+06
  206.3200 1.027358e+06
  206.3300 1.027327e+06
  206.3400 1.027297e+06
  206.3500 1.027266e+06
  206.3600 1.027235e+06
  206.3700 1.027204e+06
  206.3800 1.027173e+06
  206.3900 1.027142e+06
  206.4000 1.027111e+06
  206.4100 1.027081e+06
  206.4200 1.027050e+06
  206.4300 1.027019e+06
  206.4400 1.026988e+06
  206.4500 1.026957e+06
  206.4600 1.026926e+06
  206.4700 1.026895e+06
  206.4800 1.026864e+06
  206.4900 1.026834e+06
  206.5000 1.026803e+06
  206.5100 1.026772e+06
  206.5200 1.026741e+06
  206.5300 1.026710e+06
  206.5400 1.026679e+06
  206.5500 1.026648e+06
  206.5600 1.026617e+06
  206.5700 1.026587e+06
  206.5800 1.026556e+06
  206.5900 1.026525e+06
  206.6000 1.026494e+06
  206.6100 1.026463e+06
  206.6200 1.026432e+06
  206.6300 1.026401e+06
  206.6400 1.026370e+06
  206.6500 1.026340e+06
  206.6600 1.026309e+06
  206.6700 1.026278e+06
  206.6800 1.026247e+06
  206.6900 1.026216e+06
  206.7000 1.026185e+06
  206.7100 1.026154e+06
  206.7200 1.026123e+06
  206.7300 1.026093e+06
  206.7400 1.026062e+06
  206.7500 1.026031e+06
  206.7600 1.026000e+06
  206.7700 1.025969e+06
  206.7800 1.025938e+06
  206.7900 1.025907e+06
  206.8000 1.025876e+06
  206.8100 1.025845e+06
  206.8200 1.025815e+06
  206.8300 1.025784e+06
  206.8400 1.025753e+06
  206.8500 1.025722e+06
  206.8600 1.025691e+06
  206.8700 1.025660e+06
  206.8800 1.025629e+06
  206.8900 1.025598e+06
  206.9000 1.025568e+06
  206.9100 1.025537e+06
  206.9200 1.025506e+06
  206.9300 1.025475e+06
  206.9400 1.025444e+06
  206.9500 1.025413e+06
  206.9600 1.025382e+06
  206.9700 1.025351e+06
  206.9800 1.025320e+06
  206.9900 1.025290e+06
  207.0000 1.025259e+06
  207.0100 1.025228e+06
  207.0200 1.025197e+06
  207.0300 1.025166e+06
  207.0400 1.025135e+06
  207.0500 1.025104e+06
  207.0600 1.025073e+06
  207.0700 1.025042e+06
  207.0800 1.025011e+06
  207.0900 1.024981e+06
  207.1000 1.024950e+06
  207.1100 1.024919e+06
  207.1200 1.024888e+06
  207.1300 1.024857e+06
  207.1400 1.024826e+06
  207.1500 1.024795e+06
  207.1600 1.024764e+06
  207.1700 1.024733e+06
  207.1800 1.024702e+06
  207.1900 1.024672e+06
  207.2000 1.024641e+06
  207.2100 1.024610e+06
  207.2200 1.024579e+06
  207.2300 1.024548e+06
  207.2400 1.024517e+06
  207.2500 1.024486e+06
  207.2600 1.024455e+06
  207.2700 1.024424e+06
  207.2800 1.024393e+06
  207.2900 1.024362e+06
  207.3000 1.024332e+06
  207.3100 1.024301e+06
  207.3200 1.024270e+06
  207.3300 1.024239e+06
  207.3400 1.024208e+06
  207.3500 1.024177e+06
  207.3600 1.024146e+06
  207.3700 1.024115e+06
  207.3800 1.024084e+06
  207.3900 1.024053e+06
  207.4000 1.024022e+06
  207.4100 1.023991e+06
  207.4200 1.023960e+06
  207.4300 1.023930e+06
  207.4400 1.023899e+06
  207.4500 1.023868e+06
  207.4600 1.023837e+06
  207.4700 1.023806e+06
  207.4800 1.023775e+06
  207.4900 1.023744e+06
  207.5000 1.023713e+06
  207.5100 1.023682e+06
  207.5200 1.023651e+06
  207.5300 1.023620e+06
  207.5400 1.023589e+06
  207.5500 1.023558e+06
  207.5600 1.023527e+06
  207.5700 1.023496e+06
  207.5800 1.023466e+06
  207.5900 1.023435e+06
  207.6000 1.023404e+06
  207.6100 1.023373e+06
  207.6200 1.023342e+06
  207.6300 1.023311e+06
  207.6400 1.023280e+06
  207.6500 1.023249e+06
  207.6600 1.023218e+06
  207.6700 1.023187e+06
  207.6800 1.023156e+06
  207.6900 1.023125e+06
  207.7000 1.023094e+06
  207.7100 1.023063e+06
  207.7200 1.023032e+06
  207.7300 1.023001e+06
  207.7400 1.022970e+06
  207.7500 1.022939e+06
  207.7600 1.022908e+06
  207.7700 1.022878e+06
  207.7800 1.022847e+06
  207.7900 1.022816e+06
  207.8000 1.022785e+06
  207.8100 1.022754e+06
  207.8200 1.022723e+06
  207.8300 1.022692e+06
  207.8400 1.022661e+06
  207.8500 1.022630e+06
  207.8600 1.022599e+06
  207.8700 1.022568e+06
  207.8800 1.022537e+06
  207.8900 1.022506e+06
  207.9000 1.022475e+06
  207.9100 1.022444e+06
  207.9200 1.022413e+06
  207.9300 1.022382e+06
  207.9400 1.022351e+06
  207.9500 1.022320e+06
  207.9600 1.022289e+06
  207.9700 1.022258e+06
  207.9800 1.022227e+06
  207.9900 1.022196e+06
  208.0000 1.022165e+06
  208.0100 1.022134e+06
  208.0200 1.022103e+06
  208.0300 1.022072e+06
  208.0400 1.022041e+06
  208.0500 1.022010e+06
  208.0600 1.021979e+06
  208.0700 1.021948e+06
  208.0800 1.021917e+06
  208.0900 1.021886e+06
  208.1000 1.021855e+06
  208.1100 1.021824e+06
  208.1200 1.021793e+06
  208.1300 1.021762e+06
  208.1400 1.021731e+06
  208.1500 1.021700e+06
  208.1600 1.021669e+06
  208.1700 1.021638e+06
  208.1800 1.021607e+06
  208.1900 1.021576e+06
  208.2000 1.021545e+06
  208.2100 1.021514e+06
  208.2200 1.021483e+06
  208.2300 1.021452e+06
  208.2400 1.021421e+06
  208.2500 1.021390e+06
  208.2600 1.021359e+06
  208.2700 1.021328e+06
  208.2800 1.021297e+06
  208.2900 1.021266e+06
  208.3000 1.021235e+06
  208.3100 1.021204e+06
  208.3200 1.021173e+06
  208.3300 1.021142e+06
  208.3400 1.021111e+06
  208.3500 1.021080e+06
  208.3600 1.021049e+06
  208.3700 1.021018e+06
  208.3800 1.020987e+06
  208.3900 1.020956e+06
  208.4000 1.020925e+06
  208.4100 1.020894e+06
  208.4200 1.020863e+06
  208.4300 1.020832e+06
  208.4400 1.020801e+06
  208.4500 1.020769e+06
  208.4600 1.020738e+06
  208.4700 1.020707e+06
  208.4800 1.020676e+06
  208.4900 1.020645e+06
  208.5000 1.020614e+06
  208.5100 1.020583e+06
  208.5200 1.020552e+06
  208.5300 1.020521e+06
  208.5400 1.020490e+06
  208.5500 1.020459e+06
  208.5600 1.020428e+06
  208.5700 1.020397e+06
  208.5800 1.020366e+06
  208.5900 1.020335e+06
  208.6000 1.020304e+06
  208.6100 1.020273e+06
  208.6200 1.020241e+06
  208.6300 1.020210e+06
  208.6400 1.020179e+06
  208.6500 1.020148e+06
  208.6600 1.020117e+06
  208.6700 1.020086e+06
  208.6800 1.020055e+06
  208.6900 1.020024e+06
  208.7000 1.019993e+06
  208.7100 1.019962e+06
  208.7200 1.019931e+06
  208.7300 1.019900e+06
  208.7400 1.019868e+06
  208.7500 1.019837e+06
  208.7600 1.019806e+06
  208.7700 1.019775e+06
  208.7800 1.019744e+06
  208.7900 1.019713e+06
  208.8000 1.019682e+06
  208.8100 1.019651e+06
  208.8200 1.019620e+06
  208.8300 1.019589e+06
  208.8400 1.019557e+06
  208.8500 1.019526e+06
  208.8600 1.019495e+06
  208.8700 1.019464e+06
  208.8800 1.019433e+06
  208.8900 1.019402e+06
  208.9000 1.019371e+06
  208.9100 1.019340e+06
  208.9200 1.019308e+06
  208.9300 1.019277e+06
  208.9400 1.019246e+06
  208.9500 1.019215e+06
  208.9600 1.019184e+06
  208.9700 1.019153e+06
  208.9800 1.019122e+06
  208.9900 1.019091e+06
  209.0000 1.019059e+06
  209.0100 1.019028e+06
  209.0200 1.018997e+06
  209.0300 1.018966e+06
  209.0400 1.018935e+06
  209.0500 1.018904e+06
  209.0600 1.018873e+06
  209.0700 1.018841e+06
  209.0800 1.018810e+06
  209.0900 1.018779e+06
  209.1000 1.018748e+06
  209.1100 1.018717e+06
  209.1200 1.018686e+06
  209.1300 1.018654e+06
  209.1400 1.018623e+06
  209.1500 1.018592e+06
  209.1600 1.018561e+06
  209.1700 1.018530e+06
  209.1800 1.018499e+06
  209.1900 1.018467e+06
  209.2000 1.018436e+06
  209.2100 1.018405e+06
  209.2200 1.018374e+06
  209.2300 1.018343e+06
  209.2400 1.018311e+06
  209.2500 1.018280e+06
  209.2600 1.018249e+06
  209.2700 1.018218e+06
  209.2800 1.018187e+06
  209.2900 1.018156e+06
  209.3000 1.018124e+06
  209.3100 1.018093e+06
  209.3200 1.018062e+06
  209.3300 1.018031e+06
  209.3400 1.017999e+06
  209.3500 1.017968e+06
  209.3600 1.017937e+06
  209.3700 1.017906e+06
  209.3800 1.017875e+06
  209.3900 1.017843e+06
  209.4000 1.017812e+06
  209.4100 1.017781e+06
  209.4200 1.017750e+06
  209.4300 1.017719e+06
  209.4400 1.017687e+06
  209.4500 1.017656e+06
  209.4600 1.017625e+06
  209.4700 1.017594e+06
  209.4800 1.017562e+06
  209.4900 1.017531e+06
  209.5000 1.017500e+06
  209.5100 1.017469e+06
  209.5200 1.017437e+06
  209.5300 1.017406e+06
  209.5400 1.017375e+06
  209.5500 1.017344e+06
  209.5600 1.017312e+06
  209.5700 1.017281e+06
  209.5800 1.017250e+06
  209.5900 1.017219e+06
  209.6000 1.017187e+06
  209.6100 1.017156e+06
  209.6200 1.017125e+06
  209.6300 1.017094e+06
  209.6400 1.017062e+06
  209.6500 1.017031e+06
  209.6600 1.017000e+06
  209.6700 1.016968e+06
  209.6800 1.016937e+06
  209.6900 1.016906e+06
  209.7000 1.016875e+06
  209.7100 1.016843e+06
  209.7200 1.016812e+06
  209.7300 1.016781e+06
  209.7400 1.016749e+06
  209.7500 1.016718e+06
  209.7600 1.016687e+06
  209.7700 1.016656e+06
  209.7800 1.016624e+06
  209.7900 1.016593e+06
  209.8000 1.016562e+06
  209.8100 1.016530e+06
  209.8200 1.016499e+06
  209.8300 1.016468e+06
  209.8400 1.016436e+06
  209.8500 1.016405e+06
  209.8600 1.016374e+06
  209.8700 1.016342e+06
  209.8800 1.016311e+06
  209.8900 1.016280e+06
  209.9000 1.016248e+06
  209.9100 1.016217e+06
  209.9200 1.016186e+06
  209.9300 1.016154e+06
  209.9400 1.016123e+06
  209.9500 1.016092e+06
  209.9600 1.016060e+06
  209.9700 1.016029e+06
  209.9800 1.015998e+06
  209.9900 1.015966e+06
  210.0000 1.015935e+06
  210.0100 1.015904e+06
  210.0200 1.015872e+06
  210.0300 1.015841e+06
  210.0400 1.015810e+06
  210.0500 1.015778e+06
  210.0600 1.015747e+06
  210.0700 1.015715e+06
  210.0800 1.015684e+06
  210.0900 1.015653e+06
  210.1000 1.015621e+06
  210.1100 1.015590e+06
  210.1200 1.015559e+06
  210.1300 1.015527e+06
  210.1400 1.015496e+06
  210.1500 1.015464e+06
  210.1600 1.015433e+06
  210.1700 1.015402e+06
  210.1800 1.015370e+06
  210.1900 1.015339e+06
  210.2000 1.015307e+06
  210.2100 1.015276e+06
  210.2200 1.015245e+06
  210.2300 1.015213e+06
  210.2400 1.015182e+06
  210.2500 1.015150e+06
  210.2600 1.015119e+06
  210.2700 1.015087e+06
  210.2800 1.015056e+06
  210.2900 1.015025e+06
  210.3000 1.014993e+06
  210.3100 1.014962e+06
  210.3200 1.014930e+06
  210.3300 1.014899e+06
  210.3400 1.014867e+06
  210.3500 1.014836e+06
  210.3600 1.014805e+06
  210.3700 1.014773e+06
  210.3800 1.014742e+06
  210.3900 1.014710e+06
  210.4000 1.014679e+06
  210.4100 1.014647e+06
  210.4200 1.014616e+06
  210.4300 1.014584e+06
  210.4400 1.014553e+06
  210.4500 1.014522e+06
  210.4600 1.014490e+06
  210.4700 1.014459e+06
  210.4800 1.014427e+06
  210.4900 1.014396e+06
  210.5000 1.014364e+06
  210.5100 1.014333e+06
  210.5200 1.014301e+06
  210.5300 1.014270e+06
  210.5400 1.014238e+06
  210.5500 1.014207e+06
  210.5600 1.014175e+06
  210.5700 1.014144e+06
  210.5800 1.014112e+06
  210.5900 1.014081e+06
  210.6000 1.014049e+06
  210.6100 1.014018e+06
  210.6200 1.013986e+06
  210.6300 1.013955e+06
  210.6400 1.013924e+06
  210.6500 1.013892e+06
  210.6600 1.013861e+06
  210.6700 1.013829e+06
  210.6800 1.013798e+06
  210.6900 1.013766e+06
  210.7000 1.013735e+06
  210.7100 1.013703e+06
  210.7200 1.013672e+06
  210.7300 1.013640e+06
  210.7400 1.013609e+06
  210.7500 1.013577e+06
  210.7600 1.013545e+06
  210.7700 1.013514e+06
  210.7800 1.013482e+06
  210.7900 1.013451e+06
  210.8000 1.013419e+06
  210.8100 1.013388e+06
  210.8200 1.013356e+06
  210.8300 1.013325e+06
  210.8400 1.013293e+06
  210.8500 1.013262e+06
  210.8600 1.013230e+06
  210.8700 1.013199e+06
  210.8800 1.013167e+06
  210.8900 1.013136e+06
  210.9000 1.013104e+06
  210.9100 1.013073e+06
  210.9200 1.013041e+06
  210.9300 1.013010e+06
  210.9400 1.012978e+06
  210.9500 1.012947e+06
  210.9600 1.012915e+06
  210.9700 1.012883e+06
  210.9800 1.012852e+06
  210.9900 1.012820e+06
  211.0000 1.012789e+06
  211.0100 1.012757e+06
  211.0200 1.012726e+06
  211.0300 1.012694e+06
  211.0400 1.012663e+06
  211.0500 1.012631e+06
  211.0600 1.012599e+06
  211.0700 1.012568e+06
  211.0800 1.012536e+06
  211.0900 1.012505e+06
  211.1000 1.012473e+06
  211.1100 1.012442e+06
  211.1200 1.012410e+06
  211.1300 1.012379e+06
  211.1400 1.012347e+06
  211.1500 1.012315e+06
  211.1600 1.012284e+06
  211.1700 1.012252e+06
  211.1800 1.012221e+06
  211.1900 1.012189e+06
  211.2000 1.012158e+06
  211.2100 1.012126e+06
  211.2200 1.012095e+06
  211.2300 1.012063e+06
  211.2400 1.012031e+06
  211.2500 1.012000e+06
  211.2600 1.011968e+06
  211.2700 1.011937e+06
  211.2800 1.011905e+06
  211.2900 1.011873e+06
  211.3000 1.011842e+06
  211.3100 1.011810e+06
  211.3200 1.011779e+06
  211.3300 1.011747e+06
  211.3400 1.011716e+06
  211.3500 1.011684e+06
  211.3600 1.011652e+06
  211.3700 1.011621e+06
  211.3800 1.011589e+06
  211.3900 1.011558e+06
  211.4000 1.011526e+06
  211.4100 1.011495e+06
  211.4200 1.011463e+06
  211.4300 1.011431e+06
  211.4400 1.011400e+06
  211.4500 1.011368e+06
  211.4600 1.011337e+06
  211.4700 1.011305e+06
  211.4800 1.011273e+06
  211.4900 1.011242e+06
  211.5000 1.011210e+06
  211.5100 1.011179e+06
  211.5200 1.011147e+06
  211.5300 1.011115e+06
  211.5400 1.011084e+06
  211.5500 1.011052e+06
  211.5600 1.011021e+06
  211.5700 1.010989e+06
  211.5800 1.010957e+06
  211.5900 1.010926e+06
  211.6000 1.010894e+06
  211.6100 1.010863e+06
  211.6200 1.010831e+06
  211.6300 1.010799e+06
  211.6400 1.010768e+06
  211.6500 1.010736e+06
  211.6600 1.010705e+06
  211.6700 1.010673e+06
  211.6800 1.010641e+06
  211.6900 1.010610e+06
  211.7000 1.010578e+06
  211.7100 1.010547e+06
  211.7200 1.010515e+06
  211.7300 1.010483e+06
  211.7400 1.010452e+06
  211.7500 1.010420e+06
  211.7600 1.010389e+06
  211.7700 1.010357e+06
  211.7800 1.010325e+06
  211.7900 1.010294e+06
  211.8000 1.010262e+06
  211.8100 1.010231e+06
  211.8200 1.010199e+06
  211.8300 1.010167e+06
  211.8400 1.010136e+06
  211.8500 1.010104e+06
  211.8600 1.010073e+06
  211.8700 1.010041e+06
  211.8800 1.010009e+06
  211.8900 1.009978e+06
  211.9000 1.009946e+06
  211.9100 1.009915e+06
  211.9200 1.009883e+06
  211.9300 1.009851e+06
  211.9400 1.009820e+06
  211.9500 1.009788e+06
  211.9600 1.009756e+06
  211.9700 1.009725e+06
  211.9800 1.009693e+06
  211.9900 1.009662e+06
  212.0000 1.009630e+06
  212.0100 1.009598e+06
  212.0200 1.009567e+06
  212.0300 1.009535e+06
  212.0400 1.009504e+06
  212.0500 1.009472e+06
  212.0600 1.009440e+06
  212.0700 1.009409e+06
  212.0800 1.009377e+06
  212.0900 1.009346e+06
  212.1000 1.009314e+06
  212.1100 1.009282e+06
  212.1200 1.009251e+06
  212.1300 1.009219e+06
  212.1400 1.009188e+06
  212.1500 1.009156e+06
  212.1600 1.009124e+06
  212.1700 1.009093e+06
  212.1800 1.009061e+06
  212.1900 1.009030e+06
  212.2000 1.008998e+06
  212.2100 1.008966e+06
  212.2200 1.008935e+06
  212.2300 1.008903e+06
  212.2400 1.008871e+06
  212.2500 1.008840e+06
  212.2600 1.008808e+06
  212.2700 1.008777e+06
  212.2800 1.008745e+06
  212.2900 1.008713e+06
  212.3000 1.008682e+06
  212.3100 1.008650e+06
  212.3200 1.008619e+06
  212.3300 1.008587e+06
  212.3400 1.008555e+06
  212.3500 1.008524e+06
  212.3600 1.008492e+06
  212.3700 1.008461e+06
  212.3800 1.008429e+06
  212.3900 1.008397e+06
  212.4000 1.008366e+06
  212.4100 1.008334e+06
  212.4200 1.008303e+06
  212.4300 1.008271e+06
  212.4400 1.008239e+06
  212.4500 1.008208e+06
  212.4600 1.008176e+06
  212.4700 1.008145e+06
  212.4800 1.008113e+06
  212.4900 1.008081e+06
  212.5000 1.008050e+06
  212.5100 1.008018e+06
  212.5200 1.007987e+06
  212.5300 1.007955e+06
  212.5400 1.007923e+06
  212.5500 1.007892e+06
  212.5600 1.007860e+06
  212.5700 1.007829e+06
  212.5800 1.007797e+06
  212.5900 1.007766e+06
  212.6000 1.007734e+06
  212.6100 1.007702e+06
  212.6200 1.007671e+06
  212.6300 1.007639e+06
  212.6400 1.007608e+06
  212.6500 1.007576e+06
  212.6600 1.007544e+06
  212.6700 1.007513e+06
  212.6800 1.007481e+06
  212.6900 1.007450e+06
  212.7000 1.007418e+06
  212.7100 1.007387e+06
  212.7200 1.007355e+06
  212.7300 1.007323e+06
  212.7400 1.007292e+06
  212.7500 1.007260e+06
  212.7600 1.007229e+06
  212.7700 1.007197e+06
  212.7800 1.007166e+06
  212.7900 1.007134e+06
  212.8000 1.007102e+06
  212.8100 1.007071e+06
  212.8200 1.007039e+06
  212.8300 1.007008e+06
  212.8400 1.006976e+06
  212.8500 1.006945e+06
  212.8600 1.006913e+06
  212.8700 1.006881e+06
  212.8800 1.006850e+06
  212.8900 1.006818e+06
  212.9000 1.006787e+06
  212.9100 1.006755e+06
  212.9200 1.006724e+06
  212.9300 1.006692e+06
  212.9400 1.006660e+06
  212.9500 1.006629e+06
  212.9600 1.006597e+06
  212.9700 1.006566e+06
  212.9800 1.006534e+06
  212.9900 1.006503e+06
  213.0000 1.006471e+06
  213.0100 1.006440e+06
  213.0200 1.006408e+06
  213.0300 1.006377e+06
  213.0400 1.006345e+06
  213.0500 1.006313e+06
  213.0600 1.006282e+06
  213.0700 1.006250e+06
  213.0800 1.006219e+06
  213.0900 1.006187e+06
  213.1000 1.006156e+06
  213.1100 1.006124e+06
  213.1200 1.006093e+06
  213.1300 1.006061e+06
  213.1400 1.006030e+06
  213.1500 1.005998e+06
  213.1600 1.005967e+06
  213.1700 1.005935e+06
  213.1800 1.005904e+06
  213.1900 1.005872e+06
  213.2000 1.005840e+06
  213.2100 1.005809e+06
  213.2200 1.005777e+06
  213.2300 1.005746e+06
  213.2400 1.005714e+06
  213.2500 1.005683e+06
  213.2600 1.005651e+06
  213.2700 1.005620e+06
  213.2800 1.005588e+06
  213.2900 1.005557e+06
  213.3000 1.005525e+06
  213.3100 1.005494e+06
  213.3200 1.005462e+06
  213.3300 1.005431e+06
  213.3400 1.005399e+06
  213.3500 1.005368e+06
  213.3600 1.005336e+06
  213.3700 1.005305e+06
  213.3800 1.005273e+06
  213.3900 1.005242e+06
  213.4000 1.005210e+06
  213.4100 1.005179e+06
  213.4200 1.005147e+06
  213.4300 1.005116e+06
  213.4400 1.005084e+06
  213.4500 1.005053e+06
  213.4600 1.005021e+06
  213.4700 1.004990e+06
  213.4800 1.004958e+06
  213.4900 1.004927e+06
  213.5000 1.004896e+06
  213.5100 1.004864e+06
  213.5200 1.004833e+06
  213.5300 1.004801e+06
  213.5400 1.004770e+06
  213.5500 1.004738e+06
  213.5600 1.004707e+06
  213.5700 1.004675e+06
  213.5800 1.004644e+06
  213.5900 1.004612e+06
  213.6000 1.004581e+06
  213.6100 1.004549e+06
  213.6200 1.004518e+06
  213.6300 1.004487e+06
  213.6400 1.004455e+06
  213.6500 1.004424e+06
  213.6600 1.004392e+06
  213.6700 1.004361e+06
  213.6800 1.004329e+06
  213.6900 1.004298e+06
  213.7000 1.004266e+06
  213.7100 1.004235e+06
  213.7200 1.004204e+06
  213.7300 1.004172e+06
  213.7400 1.004141e+06
  213.7500 1.004109e+06
  213.7600 1.004078e+06
  213.7700 1.004047e+06
  213.7800 1.004015e+06
  213.7900 1.003984e+06
  213.8000 1.003952e+06
  213.8100 1.003921e+06
  213.8200 1.003889e+06
  213.8300 1.003858e+06
  213.8400 1.003827e+06
  213.8500 1.003795e+06
  213.8600 1.003764e+06
  213.8700 1.003732e+06
  213.8800 1.003701e+06
  213.8900 1.003670e+06
  213.9000 1.003638e+06
  213.9100 1.003607e+06
  213.9200 1.003576e+06
  213.9300 1.003544e+06
  213.9400 1.003513e+06
  213.9500 1.003481e+06
  213.9600 1.003450e+06
  213.9700 1.003419e+06
  213.9800 1.003387e+06
  213.9900 1.003356e+06
  214.0000 1.003325e+06
  214.0100 1.003293e+06
  214.0200 1.003262e+06
  214.0300 1.003230e+06
  214.0400 1.003199e+06
  214.0500 1.003168e+06
  214.0600 1.003136e+06
  214.0700 1.003105e+06
  214.0800 1.003074e+06
  214.0900 1.003042e+06
  214.1000 1.003011e+06
  214.1100 1.002980e+06
  214.1200 1.002948e+06
  214.1300 1.002917e+06
  214.1400 1.002886e+06
  214.1500 1.002854e+06
  214.1600 1.002823e+06
  214.1700 1.002792e+06
  214.1800 1.002760e+06
  214.1900 1.002729e+06
  214.2000 1.002698e+06
  214.2100 1.002666e+06
  214.2200 1.002635e+06
  214.2300 1.002604e+06
  214.2400 1.002573e+06
  214.2500 1.002541e+06
  214.2600 1.002510e+06
  214.2700 1.002479e+06
  214.2800 1.002447e+06
  214.2900 1.002416e+06
  214.3000 1.002385e+06
  214.3100 1.002353e+06
  214.3200 1.002322e+06
  214.3300 1.002291e+06
  214.3400 1.002260e+06
  214.3500 1.002228e+06
  214.3600 1.002197e+06
  214.3700 1.002166e+06
  214.3800 1.002135e+06
  214.3900 1.002103e+06
  214.4000 1.002072e+06
  214.4100 1.002041e+06
  214.4200 1.002010e+06
  214.4300 1.001978e+06
  214.4400 1.001947e+06
  214.4500 1.001916e+06
  214.4600 1.001885e+06
  214.4700 1.001853e+06
  214.4800 1.001822e+06
  214.4900 1.001791e+06
  214.5000 1.001760e+06
  214.5100 1.001728e+06
  214.5200 1.001697e+06
  214.5300 1.001666e+06
  214.5400 1.001635e+06
  214.5500 1.001604e+06
  214.5600 1.001572e+06
  214.5700 1.001541e+06
  214.5800 1.001510e+06
  214.5900 1.001479e+06
  214.6000 1.001448e+06
  214.6100 1.001416e+06
  214.6200 1.001385e+06
  214.6300 1.001354e+06
  214.6400 1.001323e+06
  214.6500 1.001292e+06
  214.6600 1.001260e+06
  214.6700 1.001229e+06
  214.6800 1.001198e+06
  214.6900 1.001167e+06
  214.7000 1.001136e+06
  214.7100 1.001105e+06
  214.7200 1.001073e+06
  214.7300 1.001042e+06
  214.7400 1.001011e+06
  214.7500 1.000980e+06
  214.7600 1.000949e+06
  214.7700 1.000918e+06
  214.7800 1.000887e+06
  214.7900 1.000855e+06
  214.8000 1.000824e+06
  214.8100 1.000793e+06
  214.8200 1.000762e+06
  214.8300 1.000731e+06
  214.8400 1.000700e+06
  214.8500 1.000669e+06
  214.8600 1.000638e+06
  214.8700 1.000607e+06
  214.8800 1.000575e+06
  214.8900 1.000544e+06
  214.9000 1.000513e+06
  214.9100 1.000482e+06
  214.9200 1.000451e+06
  214.9300 1.000420e+06
  214.9400 1.000389e+06
  214.9500 1.000358e+06
  214.9600 1.000327e+06
  214.9700 1.000296e+06
  214.9800 1.000265e+06
  214.9900 1.000234e+06
  215.0000 1.000202e+06
  215.0100 1.000171e+06
  215.0200 1.000140e+06
  215.0300 1.000109e+06
  215.0400 1.000078e+06
  215.0500 1.000047e+06
  215.0600 1.000016e+06
  215.0700 9.999852e+05
  215.0800 9.999542e+05
  215.0900 9.999231e+05
  215.1000 9.998921e+05
  215.1100 9.998611e+05
  215.1200 9.998301e+05
  215.1300 9.997991e+05
  215.1400 9.997681e+05
  215.1500 9.997371e+05
  215.1600 9.997061e+05
  215.1700 9.996751e+05
  215.1800 9.996441e+05
  215.1900 9.996131e+05
  215.2000 9.995821e+05
  215.2100 9.995512e+05
  215.2200 9.995202e+05
  215.2300 9.994892e+05
  215.2400 9.994582e+05
  215.2500 9.994273e+05
  215.2600 9.993963e+05
  215.2700 9.993654e+05
  215.2800 9.993344e+05
  215.2900 9.993035e+05
  215.3000 9.992725e+05
  215.3100 9.992416e+05
  215.3200 9.992107e+05
  215.3300 9.991797e+05
  215.3400 9.991488e+05
  215.3500 9.991179e+05
  215.3600 9.990870e+05
  215.3700 9.990561e+05
  215.3800 9.990252e+05
  215.3900 9.989942e+05
  215.4000 9.989633e+05
  215.4100 9.989325e+05
  215.4200 9.989016e+05
  215.4300 9.988707e+05
  215.4400 9.988398e+05
  215.4500 9.988089e+05
  215.4600 9.987780e+05
  215.4700 9.987472e+05
  215.4800 9.987163e+05
  215.4900 9.986854e+05
  215.5000 9.986546e+05
  215.5100 9.986237e+05
  215.5200 9.985929e+05
  215.5300 9.985620e+05
  215.5400 9.985312e+05
  215.5500 9.985004e+05
  215.5600 9.984695e+05
  215.5700 9.984387e+05
  215.5800 9.984079e+05
  215.5900 9.983771e+05
  215.6000 9.983462e+05
  215.6100 9.983154e+05
  215.6200 9.982846e+05
  215.6300 9.982538e+05
  215.6400 9.982230e+05
  215.6500 9.981922e+05
  215.6600 9.981615e+05
  215.6700 9.981307e+05
  215.6800 9.980999e+05
  215.6900 9.980691e+05
  215.7000 9.980384e+05
  215.7100 9.980076e+05
  215.7200 9.979768e+05
  215.7300 9.979461e+05
  215.7400 9.979153e+05
  215.7500 9.978846e+05
  215.7600 9.978538e+05
  215.7700 9.978231e+05
  215.7800 9.977924e+05
  215.7900 9.977616e+05
  215.8000 9.977309e+05
  215.8100 9.977002e+05
  215.8200 9.976695e+05
  215.8300 9.976388e+05
  215.8400 9.976081e+05
  215.8500 9.975774e+05
  215.8600 9.975467e+05
  215.8700 9.975160e+05
  215.8800 9.974853e+05
  215.8900 9.974546e+05
  215.9000 9.974239e+05
  215.9100 9.973933e+05
  215.9200 9.973626e+05
  215.9300 9.973320e+05
  215.9400 9.973013e+05
  215.9500 9.972706e+05
  215.9600 9.972400e+05
  215.9700 9.972094e+05
  215.9800 9.971787e+05
  215.9900 9.971481e+05
  216.0000 9.971175e+05
  216.0100 9.970868e+05
  216.0200 9.970562e+05
  216.0300 9.970256e+05
  216.0400 9.969950e+05
  216.0500 9.969644e+05
  216.0600 9.969338e+05
  216.0700 9.969032e+05
  216.0800 9.968726e+05
  216.0900 9.968420e+05
  216.1000 9.968115e+05
  216.1100 9.967809e+05
  216.1200 9.967503e+05
  216.1300 9.967198e+05
  216.1400 9.966892e+05
  216.1500 9.966587e+05
  216.1600 9.966281e+05
  216.1700 9.965976e+05
  216.1800 9.965670e+05
  216.1900 9.965365e+05
  216.2000 9.965060e+05
  216.2100 9.964754e+05
  216.2200 9.964449e+05
  216.2300 9.964144e+05
  216.2400 9.963839e+05
  216.2500 9.963534e+05
  216.2600 9.963229e+05
  216.2700 9.962924e+05
  216.2800 9.962619e+05
  216.2900 9.962314e+05
  216.3000 9.962009e+05
  216.3100 9.961705e+05
  216.3200 9.961400e+05
  216.3300 9.961095e+05
  216.3400 9.960790e+05
  216.3500 9.960486e+05
  216.3600 9.960181e+05
  216.3700 9.959877e+05
  216.3800 9.959572e+05
  216.3900 9.959268e+05
  216.4000 9.958964e+05
  216.4100 9.958659e+05
  216.4200 9.958355e+05
  216.4300 9.958051e+05
  216.4400 9.957747e+05
  216.4500 9.957443e+05
  216.4600 9.957138e+05
  216.4700 9.956834e+05
  216.4800 9.956530e+05
  216.4900 9.956227e+05
  216.5000 9.955923e+05
  216.5100 9.955619e+05
  216.5200 9.955315e+05
  216.5300 9.955011e+05
  216.5400 9.954707e+05
  216.5500 9.954404e+05
  216.5600 9.954100e+05
  216.5700 9.953797e+05
  216.5800 9.953493e+05
  216.5900 9.953190e+05
  216.6000 9.952886e+05
  216.6100 9.952583e+05
  216.6200 9.952279e+05
  216.6300 9.951976e+05
  216.6400 9.951673e+05
  216.6500 9.951370e+05
  216.6600 9.951066e+05
  216.6700 9.950763e+05
  216.6800 9.950460e+05
  216.6900 9.950157e+05
  216.7000 9.949854e+05
  216.7100 9.949551e+05
  216.7200 9.949248e+05
  216.7300 9.948945e+05
  216.7400 9.948642e+05
  216.7500 9.948340e+05
  216.7600 9.948037e+05
  216.7700 9.947734e+05
  216.7800 9.947431e+05
  216.7900 9.947129e+05
  216.8000 9.946826e+05
  216.8100 9.946524e+05
  216.8200 9.946221e+05
  216.8300 9.945919e+05
  216.8400 9.945616e+05
  216.8500 9.945314e+05
  216.8600 9.945012e+05
  216.8700 9.944709e+05
  216.8800 9.944407e+05
  216.8900 9.944105e+05
  216.9000 9.943803e+05
  216.9100 9.943501e+05
  216.9200 9.943199e+05
  216.9300 9.942897e+05
  216.9400 9.942595e+05
  216.9500 9.942293e+05
  216.9600 9.941991e+05
  216.9700 9.941689e+05
  216.9800 9.941387e+05
  216.9900 9.941085e+05
  217.0000 9.940784e+05
  217.0100 9.940482e+05
  217.0200 9.940180e+05
  217.0300 9.939879e+05
  217.0400 9.939577e+05
  217.0500 9.939275e+05
  217.0600 9.938974e+05
  217.0700 9.938672e+05
  217.0800 9.938371e+05
  217.0900 9.938070e+05
  217.1000 9.937768e+05
  217.1100 9.937467e+05
  217.1200 9.937166e+05
  217.1300 9.936865e+05
  217.1400 9.936563e+05
  217.1500 9.936262e+05
  217.1600 9.935961e+05
  217.1700 9.935660e+05
  217.1800 9.935359e+05
  217.1900 9.935058e+05
  217.2000 9.934757e+05
  217.2100 9.934456e+05
  217.2200 9.934155e+05
  217.2300 9.933855e+05
  217.2400 9.933554e+05
  217.2500 9.933253e+05
  217.2600 9.932952e+05
  217.2700 9.932652e+05
  217.2800 9.932351e+05
  217.2900 9.932050e+05
  217.3000 9.931750e+05
  217.3100 9.931449e+05
  217.3200 9.931149e+05
  217.3300 9.930848e+05
  217.3400 9.930548e+05
  217.3500 9.930248e+05
  217.3600 9.929947e+05
  217.3700 9.929647e+05
  217.3800 9.929347e+05
  217.3900 9.929047e+05
  217.4000 9.928746e+05
  217.4100 9.928446e+05
  217.4200 9.928146e+05
  217.4300 9.927846e+05
  217.4400 9.927546e+05
  217.4500 9.927246e+05
  217.4600 9.926946e+05
  217.4700 9.926646e+05
  217.4800 9.926346e+05
  217.4900 9.926047e+05
  217.5000 9.925747e+05
  217.5100 9.925447e+05
  217.5200 9.925147e+05
  217.5300 9.924848e+05
  217.5400 9.924548e+05
  217.5500 9.924248e+05
  217.5600 9.923949e+05
  217.5700 9.923649e+05
  217.5800 9.923350e+05
  217.5900 9.923050e+05
  217.6000 9.922751e+05
  217.6100 9.922451e+05
  217.6200 9.922152e+05
  217.6300 9.921853e+05
  217.6400 9.921553e+05
  217.6500 9.921254e+05
  217.6600 9.920955e+05
  217.6700 9.920656e+05
  217.6800 9.920357e+05
  217.6900 9.920057e+05
  217.7000 9.919758e+05
  217.7100 9.919459e+05
  217.7200 9.919160e+05
  217.7300 9.918861e+05
  217.7400 9.918562e+05
  217.7500 9.918263e+05
  217.7600 9.917965e+05
  217.7700 9.917666e+05
  217.7800 9.917367e+05
  217.7900 9.917068e+05
  217.8000 9.916769e+05
  217.8100 9.916471e+05
  217.8200 9.916172e+05
  217.8300 9.915873e+05
  217.8400 9.915575e+05
  217.8500 9.915276e+05
  217.8600 9.914978e+05
  217.8700 9.914679e+05
  217.8800 9.914381e+05
  217.8900 9.914082e+05
  217.9000 9.913784e+05
  217.9100 9.913486e+05
  217.9200 9.913187e+05
  217.9300 9.912889e+05
  217.9400 9.912591e+05
  217.9500 9.912292e+05
  217.9600 9.911994e+05
  217.9700 9.911696e+05
  217.9800 9.911398e+05
  217.9900 9.911100e+05
  218.0000 9.910802e+05
  218.0100 9.910504e+05
  218.0200 9.910206e+05
  218.0300 9.909908e+05
  218.0400 9.909610e+05
  218.0500 9.909312e+05
  218.0600 9.909014e+05
  218.0700 9.908716e+05
  218.0800 9.908418e+05
  218.0900 9.908121e+05
  218.1000 9.907823e+05
  218.1100 9.907525e+05
  218.1200 9.907227e+05
  218.1300 9.906930e+05
  218.1400 9.906632e+05
  218.1500 9.906335e+05
  218.1600 9.906037e+05
  218.1700 9.905740e+05
  218.1800 9.905442e+05
  218.1900 9.905145e+05
  218.2000 9.904847e+05
  218.2100 9.904550e+05
  218.2200 9.904252e+05
  218.2300 9.903955e+05
  218.2400 9.903658e+05
  218.2500 9.903360e+05
  218.2600 9.903063e+05
  218.2700 9.902766e+05
  218.2800 9.902469e+05
  218.2900 9.902172e+05
  218.3000 9.901875e+05
  218.3100 9.901577e+05
  218.3200 9.901280e+05
  218.3300 9.900983e+05
  218.3400 9.900686e+05
  218.3500 9.900389e+05
  218.3600 9.900092e+05
  218.3700 9.899795e+05
  218.3800 9.899499e+05
  218.3900 9.899202e+05
  218.4000 9.898905e+05
  218.4100 9.898608e+05
  218.4200 9.898311e+05
  218.4300 9.898015e+05
  218.4400 9.897718e+05
  218.4500 9.897421e+05
  218.4600 9.897124e+05
  218.4700 9.896828e+05
  218.4800 9.896531e+05
  218.4900 9.896235e+05
  218.5000 9.895938e+05
  218.5100 9.895642e+05
  218.5200 9.895345e+05
  218.5300 9.895049e+05
  218.5400 9.894752e+05
  218.5500 9.894456e+05
  218.5600 9.894159e+05
  218.5700 9.893863e+05
  218.5800 9.893567e+05
  218.5900 9.893270e+05
  218.6000 9.892974e+05
  218.6100 9.892678e+05
  218.6200 9.892382e+05
  218.6300 9.892086e+05
  218.6400 9.891789e+05
  218.6500 9.891493e+05
  218.6600 9.891197e+05
  218.6700 9.890901e+05
  218.6800 9.890605e+05
  218.6900 9.890309e+05
  218.7000 9.890013e+05
  218.7100 9.889717e+05
  218.7200 9.889421e+05
  218.7300 9.889125e+05
  218.7400 9.888829e+05
  218.7500 9.888533e+05
  218.7600 9.888238e+05
  218.7700 9.887942e+05
  218.7800 9.887646e+05
  218.7900 9.887350e+05
  218.8000 9.887055e+05
  218.8100 9.886759e+05
  218.8200 9.886463e+05
  218.8300 9.886167e+05
  218.8400 9.885872e+05
  218.8500 9.885576e+05
  218.8600 9.885281e+05
  218.8700 9.884985e+05
  218.8800 9.884690e+05
  218.8900 9.884394e+05
  218.9000 9.884099e+05
  218.9100 9.883803e+05
  218.9200 9.883508e+05
  218.9300 9.883212e+05
  218.9400 9.882917e+05
  218.9500 9.882622e+05
  218.9600 9.882326e+05
  218.9700 9.882031e+05
  218.9800 9.881736e+05
  218.9900 9.881440e+05
  219.0000 9.881145e+05
  219.0100 9.880850e+05
  219.0200 9.880555e+05
  219.0300 9.880260e+05
  219.0400 9.879964e+05
  219.0500 9.879669e+05
  219.0600 9.879374e+05
  219.0700 9.879079e+05
  219.0800 9.878784e+05
  219.0900 9.878489e+05
  219.1000 9.878194e+05
  219.1100 9.877899e+05
  219.1200 9.877604e+05
  219.1300 9.877309e+05
  219.1400 9.877014e+05
  219.1500 9.876719e+05
  219.1600 9.876425e+05
  219.1700 9.876130e+05
  219.1800 9.875835e+05
  219.1900 9.875540e+05
  219.2000 9.875245e+05
  219.2100 9.874951e+05
  219.2200 9.874656e+05
  219.2300 9.874361e+05
  219.2400 9.874067e+05
  219.2500 9.873772e+05
  219.2600 9.873477e+05
  219.2700 9.873183e+05
  219.2800 9.872888e+05
  219.2900 9.872593e+05
  219.3000 9.872299e+05
  219.3100 9.872004e+05
  219.3200 9.871710e+05
  219.3300 9.871415e+05
  219.3400 9.871121e+05
  219.3500 9.870826e+05
  219.3600 9.870532e+05
  219.3700 9.870238e+05
  219.3800 9.869943e+05
  219.3900 9.869649e+05
  219.4000 9.869355e+05
  219.4100 9.869060e+05
  219.4200 9.868766e+05
  219.4300 9.868472e+05
  219.4400 9.868177e+05
  219.4500 9.867883e+05
  219.4600 9.867589e+05
  219.4700 9.867295e+05
  219.4800 9.867001e+05
  219.4900 9.866706e+05
  219.5000 9.866412e+05
  219.5100 9.866118e+05
  219.5200 9.865824e+05
  219.5300 9.865530e+05
  219.5400 9.865236e+05
  219.5500 9.864942e+05
  219.5600 9.864648e+05
  219.5700 9.864354e+05
  219.5800 9.864060e+05
  219.5900 9.863766e+05
  219.6000 9.863472e+05
  219.6100 9.863178e+05
  219.6200 9.862884e+05
  219.6300 9.862590e+05
  219.6400 9.862296e+05
  219.6500 9.862003e+05
  219.6600 9.861709e+05
  219.6700 9.861415e+05
  219.6800 9.861121e+05
  219.6900 9.860827e+05
  219.7000 9.860534e+05
  219.7100 9.860240e+05
  219.7200 9.859946e+05
  219.7300 9.859653e+05
  219.7400 9.859359e+05
  219.7500 9.859065e+05
  219.7600 9.858772e+05
  219.7700 9.858478e+05
  219.7800 9.858184e+05
  219.7900 9.857891e+05
  219.8000 9.857597e+05
  219.8100 9.857304e+05
  219.8200 9.857010e+05
  219.8300 9.856716e+05
  219.8400 9.856423e+05
  219.8500 9.856129e+05
  219.8600 9.855836e+05
  219.8700 9.855543e+05
  219.8800 9.855249e+05
  219.8900 9.854956e+05
  219.9000 9.854662e+05
  219.9100 9.854369e+05
  219.9200 9.854076e+05
  219.9300 9.853782e+05
  219.9400 9.853489e+05
  219.9500 9.853195e+05
  219.9600 9.852902e+05
  219.9700 9.852609e+05
  219.9800 9.852316e+05
  219.9900 9.852022e+05
  220.0000 9.851729e+05
  220.0100 9.851436e+05
  220.0200 9.851143e+05
  220.0300 9.850849e+05
  220.0400 9.850556e+05
  220.0500 9.850263e+05
  220.0600 9.849970e+05
  220.0700 9.849677e+05
  220.0800 9.849384e+05
  220.0900 9.849091e+05
  220.1000 9.848797e+05
  220.1100 9.848504e+05
  220.1200 9.848211e+05
  220.1300 9.847918e+05
  220.1400 9.847625e+05
  220.1500 9.847332e+05
  220.1600 9.847039e+05
  220.1700 9.846746e+05
  220.1800 9.846453e+05
  220.1900 9.846160e+05
  220.2000 9.845867e+05
  220.2100 9.845574e+05
  220.2200 9.845281e+05
  220.2300 9.844989e+05
  220.2400 9.844696e+05
  220.2500 9.844403e+05
  220.2600 9.844110e+05
  220.2700 9.843817e+05
  220.2800 9.843524e+05
  220.2900 9.843231e+05
  220.3000 9.842939e+05
  220.3100 9.842646e+05
  220.3200 9.842353e+05
  220.3300 9.842060e+05
  220.3400 9.841767e+05
  220.3500 9.841475e+05
  220.3600 9.841182e+05
  220.3700 9.840889e+05
  220.3800 9.840597e+05
  220.3900 9.840304e+05
  220.4000 9.840011e+05
  220.4100 9.839718e+05
  220.4200 9.839426e+05
  220.4300 9.839133e+05
  220.4400 9.838841e+05
  220.4500 9.838548e+05
  220.4600 9.838255e+05
  220.4700 9.837963e+05
  220.4800 9.837670e+05
  220.4900 9.837378e+05
  220.5000 9.837085e+05
  220.5100 9.836792e+05
  220.5200 9.836500e+05
  220.5300 9.836207e+05
  220.5400 9.835915e+05
  220.5500 9.835622e+05
  220.5600 9.835330e+05
  220.5700 9.835037e+05
  220.5800 9.834745e+05
  220.5900 9.834452e+05
  220.6000 9.834160e+05
  220.6100 9.833867e+05
  220.6200 9.833575e+05
  220.6300 9.833283e+05
  220.6400 9.832990e+05
  220.6500 9.832698e+05
  220.6600 9.832405e+05
  220.6700 9.832113e+05
  220.6800 9.831821e+05
  220.6900 9.831528e+05
  220.7000 9.831236e+05
  220.7100 9.830944e+05
  220.7200 9.830651e+05
  220.7300 9.830359e+05
  220.7400 9.830067e+05
  220.7500 9.829774e+05
  220.7600 9.829482e+05
  220.7700 9.829190e+05
  220.7800 9.828897e+05
  220.7900 9.828605e+05
  220.8000 9.828313e+05
  220.8100 9.828021e+05
  220.8200 9.827728e+05
  220.8300 9.827436e+05
  220.8400 9.827144e+05
  220.8500 9.826852e+05
  220.8600 9.826559e+05
  220.8700 9.826267e+05
  220.8800 9.825975e+05
  220.8900 9.825683e+05
  220.9000 9.825391e+05
  220.9100 9.825098e+05
  220.9200 9.824806e+05
  220.9300 9.824514e+05
  220.9400 9.824222e+05
  220.9500 9.823930e+05
  220.9600 9.823638e+05
  220.9700 9.823346e+05
  220.9800 9.823054e+05
  220.9900 9.822761e+05
  221.0000 9.822469e+05
  221.0100 9.822177e+05
  221.0200 9.821885e+05
  221.0300 9.821593e+05
  221.0400 9.821301e+05
  221.0500 9.821009e+05
  221.0600 9.820717e+05
  221.0700 9.820425e+05
  221.0800 9.820133e+05
  221.0900 9.819841e+05
  221.1000 9.819549e+05
  221.1100 9.819257e+05
  221.1200 9.818965e+05
  221.1300 9.818673e+05
  221.1400 9.818381e+05
  221.1500 9.818089e+05
  221.1600 9.817797e+05
  221.1700 9.817505e+05
  221.1800 9.817213e+05
  221.1900 9.816921e+05
  221.2000 9.816629e+05
  221.2100 9.816337e+05
  221.2200 9.816045e+05
  221.2300 9.815753e+05
  221.2400 9.815461e+05
  221.2500 9.815169e+05
  221.2600 9.814877e+05
  221.2700 9.814585e+05
  221.2800 9.814293e+05
  221.2900 9.814001e+05
  221.3000 9.813709e+05
  221.3100 9.813417e+05
  221.3200 9.813125e+05
  221.3300 9.812833e+05
  221.3400 9.812542e+05
  221.3500 9.812250e+05
  221.3600 9.811958e+05
  221.3700 9.811666e+05
  221.3800 9.811374e+05
  221.3900 9.811082e+05
  221.4000 9.810790e+05
  221.4100 9.810498e+05
  221.4200 9.810206e+05
  221.4300 9.809915e+05
  221.4400 9.809623e+05
  221.4500 9.809331e+05
  221.4600 9.809039e+05
  221.4700 9.808747e+05
  221.4800 9.808455e+05
  221.4900 9.808163e+05
  221.5000 9.807872e+05
  221.5100 9.807580e+05
  221.5200 9.807288e+05
  221.5300 9.806996e+05
  221.5400 9.806704e+05
  221.5500 9.806412e+05
  221.5600 9.806121e+05
  221.5700 9.805829e+05
  221.5800 9.805537e+05
  221.5900 9.805245e+05
  221.6000 9.804953e+05
  221.6100 9.804662e+05
  221.6200 9.804370e+05
  221.6300 9.804078e+05
  221.6400 9.803786e+05
  221.6500 9.803494e+05
  221.6600 9.803202e+05
  221.6700 9.802911e+05
  221.6800 9.802619e+05
  221.6900 9.802327e+05
  221.7000 9.802035e+05
  221.7100 9.801743e+05
  221.7200 9.801452e+05
  221.7300 9.801160e+05
  221.7400 9.800868e+05
  221.7500 9.800576e+05
  221.7600 9.800284e+05
  221.7700 9.799993e+05
  221.7800 9.799701e+05
  221.7900 9.799409e+05
  221.8000 9.799117e+05
  221.8100 9.798825e+05
  221.8200 9.798534e+05
  221.8300 9.798242e+05
  221.8400 9.797950e+05
  221.8500 9.797658e+05
  221.8600 9.797367e+05
  221.8700 9.797075e+05
  221.8800 9.796783e+05
  221.8900 9.796491e+05
  221.9000 9.796199e+05
  221.9100 9.795908e+05
  221.9200 9.795616e+05
  221.9300 9.795324e+05
  221.9400 9.795032e+05
  221.9500 9.794740e+05
  221.9600 9.794449e+05
  221.9700 9.794157e+05
  221.9800 9.793865e+05
  221.9900 9.793573e+05
  222.0000 9.793281e+05
  222.0100 9.792990e+05
  222.0200 9.792698e+05
  222.0300 9.792406e+05
  222.0400 9.792114e+05
  222.0500 9.791822e+05
  222.0600 9.791531e+05
  222.0700 9.791239e+05
  222.0800 9.790947e+05
  222.0900 9.790655e+05
  222.1000 9.790363e+05
  222.1100 9.790071e+05
  222.1200 9.789780e+05
  222.1300 9.789488e+05
  222.1400 9.789196e+05
  222.1500 9.788904e+05
  222.1600 9.788612e+05
  222.1700 9.788320e+05
  222.1800 9.788029e+05
  222.1900 9.787737e+05
  222.2000 9.787445e+05
  222.2100 9.787153e+05
  222.2200 9.786861e+05
  222.2300 9.786569e+05
  222.2400 9.786278e+05
  222.2500 9.785986e+05
  222.2600 9.785694e+05
  222.2700 9.785402e+05
  222.2800 9.785110e+05
  222.2900 9.784818e+05
  222.3000 9.784526e+05
  222.3100 9.784234e+05
  222.3200 9.783943e+05
  222.3300 9.783651e+05
  222.3400 9.783359e+05
  222.3500 9.783067e+05
  222.3600 9.782775e+05
  222.3700 9.782483e+05
  222.3800 9.782191e+05
  222.3900 9.781899e+05
  222.4000 9.781607e+05
  222.4100 9.781315e+05
  222.4200 9.781024e+05
  222.4300 9.780732e+05
  222.4400 9.780440e+05
  222.4500 9.780148e+05
  222.4600 9.779856e+05
  222.4700 9.779564e+05
  222.4800 9.779272e+05
  222.4900 9.778980e+05
  222.5000 9.778688e+05
  222.5100 9.778396e+05
  222.5200 9.778104e+05
  222.5300 9.777812e+05
  222.5400 9.777520e+05
  222.5500 9.777228e+05
  222.5600 9.776936e+05
  222.5700 9.776644e+05
  222.5800 9.776352e+05
  222.5900 9.776060e+05
  222.6000 9.775768e+05
  222.6100 9.775476e+05
  222.6200 9.775184e+05
  222.6300 9.774892e+05
  222.6400 9.774600e+05
  222.6500 9.774308e+05
  222.6600 9.774016e+05
  222.6700 9.773724e+05
  222.6800 9.773432e+05
  222.6900 9.773139e+05
  222.7000 9.772847e+05
  222.7100 9.772555e+05
  222.7200 9.772263e+05
  222.7300 9.771971e+05
  222.7400 9.771679e+05
  222.7500 9.771387e+05
  222.7600 9.771095e+05
  222.7700 9.770802e+05
  222.7800 9.770510e+05
  222.7900 9.770218e+05
  222.8000 9.769926e+05
  222.8100 9.769634e+05
  222.8200 9.769342e+05
  222.8300 9.769049e+05
  222.8400 9.768757e+05
  222.8500 9.768465e+05
  222.8600 9.768173e+05
  222.8700 9.767881e+05
  222.8800 9.767588e+05
  222.8900 9.767296e+05
  222.9000 9.767004e+05
  222.9100 9.766712e+05
  222.9200 9.766419e+05
  222.9300 9.766127e+05
  222.9400 9.765835e+05
  222.9500 9.765542e+05
  222.9600 9.765250e+05
  222.9700 9.764958e+05
  222.9800 9.764666e+05
  222.9900 9.764373e+05
  223.0000 9.764081e+05
  223.0100 9.763788e+05
  223.0200 9.763496e+05
  223.0300 9.763204e+05
  223.0400 9.762911e+05
  223.0500 9.762619e+05
  223.0600 9.762327e+05
  223.0700 9.762034e+05
  223.0800 9.761742e+05
  223.0900 9.761449e+05
  223.1000 9.761157e+05
  223.1100 9.760864e+05
  223.1200 9.760572e+05
  223.1300 9.760279e+05
  223.1400 9.759987e+05
  223.1500 9.759694e+05
  223.1600 9.759402e+05
  223.1700 9.759109e+05
  223.1800 9.758817e+05
  223.1900 9.758524e+05
  223.2000 9.758232e+05
  223.2100 9.757939e+05
  223.2200 9.757647e+05
  223.2300 9.757354e+05
  223.2400 9.757061e+05
  223.2500 9.756769e+05
  223.2600 9.756476e+05
  223.2700 9.756184e+05
  223.2800 9.755891e+05
  223.2900 9.755598e+05
  223.3000 9.755306e+05
  223.3100 9.755013e+05
  223.3200 9.754720e+05
  223.3300 9.754428e+05
  223.3400 9.754135e+05
  223.3500 9.753842e+05
  223.3600 9.753549e+05
  223.3700 9.753257e+05
  223.3800 9.752964e+05
  223.3900 9.752671e+05
  223.4000 9.752378e+05
  223.4100 9.752085e+05
  223.4200 9.751793e+05
  223.4300 9.751500e+05
  223.4400 9.751207e+05
  223.4500 9.750914e+05
  223.4600 9.750621e+05
  223.4700 9.750328e+05
  223.4800 9.750035e+05
  223.4900 9.749742e+05
  223.5000 9.749449e+05
  223.5100 9.749157e+05
  223.5200 9.748864e+05
  223.5300 9.748571e+05
  223.5400 9.748278e+05
  223.5500 9.747985e+05
  223.5600 9.747692e+05
  223.5700 9.747399e+05
  223.5800 9.747106e+05
  223.5900 9.746812e+05
  223.6000 9.746519e+05
  223.6100 9.746226e+05
  223.6200 9.745933e+05
  223.6300 9.745640e+05
  223.6400 9.745347e+05
  223.6500 9.745054e+05
  223.6600 9.744761e+05
  223.6700 9.744467e+05
  223.6800 9.744174e+05
  223.6900 9.743881e+05
  223.7000 9.743588e+05
  223.7100 9.743295e+05
  223.7200 9.743001e+05
  223.7300 9.742708e+05
  223.7400 9.742415e+05
  223.7500 9.742121e+05
  223.7600 9.741828e+05
  223.7700 9.741535e+05
  223.7800 9.741241e+05
  223.7900 9.740948e+05
  223.8000 9.740655e+05
  223.8100 9.740361e+05
  223.8200 9.740068e+05
  223.8300 9.739774e+05
  223.8400 9.739481e+05
  223.8500 9.739187e+05
  223.8600 9.738894e+05
  223.8700 9.738600e+05
  223.8800 9.738307e+05
  223.8900 9.738013e+05
  223.9000 9.737720e+05
  223.9100 9.737426e+05
  223.9200 9.737133e+05
  223.9300 9.736839e+05
  223.9400 9.736545e+05
  223.9500 9.736252e+05
  223.9600 9.735958e+05
  223.9700 9.735664e+05
  223.9800 9.735371e+05
  223.9900 9.735077e+05
  224.0000 9.734783e+05
  224.0100 9.734490e+05
  224.0200 9.734196e+05
  224.0300 9.733902e+05
  224.0400 9.733608e+05
  224.0500 9.733314e+05
  224.0600 9.733021e+05
  224.0700 9.732727e+05
  224.0800 9.732433e+05
  224.0900 9.732139e+05
  224.1000 9.731845e+05
  224.1100 9.731551e+05
  224.1200 9.731257e+05
  224.1300 9.730963e+05
  224.1400 9.730669e+05
  224.1500 9.730375e+05
  224.1600 9.730081e+05
  224.1700 9.729787e+05
  224.1800 9.729493e+05
  224.1900 9.729199e+05
  224.2000 9.728905e+05
  224.2100 9.728611e+05
  224.2200 9.728317e+05
  224.2300 9.728022e+05
  224.2400 9.727728e+05
  224.2500 9.727434e+05
  224.2600 9.727140e+05
  224.2700 9.726845e+05
  224.2800 9.726551e+05
  224.2900 9.726257e+05
  224.3000 9.725963e+05
  224.3100 9.725668e+05
  224.3200 9.725374e+05
  224.3300 9.725080e+05
  224.3400 9.724785e+05
  224.3500 9.724491e+05
  224.3600 9.724196e+05
  224.3700 9.723902e+05
  224.3800 9.723607e+05
  224.3900 9.723313e+05
  224.4000 9.723018e+05
  224.4100 9.722724e+05
  224.4200 9.722429e+05
  224.4300 9.722135e+05
  224.4400 9.721840e+05
  224.4500 9.721545e+05
  224.4600 9.721251e+05
  224.4700 9.720956e+05
  224.4800 9.720661e+05
  224.4900 9.720367e+05
  224.5000 9.720072e+05
  224.5100 9.719777e+05
  224.5200 9.719482e+05
  224.5300 9.719188e+05
  224.5400 9.718893e+05
  224.5500 9.718598e+05
  224.5600 9.718303e+05
  224.5700 9.718008e+05
  224.5800 9.717713e+05
  224.5900 9.717418e+05
  224.6000 9.717123e+05
  224.6100 9.716828e+05
  224.6200 9.716533e+05
  224.6300 9.716238e+05
  224.6400 9.715943e+05
  224.6500 9.715648e+05
  224.6600 9.715353e+05
  224.6700 9.715058e+05
  224.6800 9.714763e+05
  224.6900 9.714467e+05
  224.7000 9.714172e+05
  224.7100 9.713877e+05
  224.7200 9.713582e+05
  224.7300 9.713286e+05
  224.7400 9.712991e+05
  224.7500 9.712696e+05
  224.7600 9.712400e+05
  224.7700 9.712105e+05
  224.7800 9.711810e+05
  224.7900 9.711514e+05
  224.8000 9.711219e+05
  224.8100 9.710923e+05
  224.8200 9.710628e+05
  224.8300 9.710332e+05
  224.8400 9.710037e+05
  224.8500 9.709741e+05
  224.8600 9.709446e+05
  224.8700 9.709150e+05
  224.8800 9.708854e+05
  224.8900 9.708559e+05
  224.9000 9.708263e+05
  224.9100 9.707967e+05
  224.9200 9.707671e+05
  224.9300 9.707376e+05
  224.9400 9.707080e+05
  224.9500 9.706784e+05
  224.9600 9.706488e+05
  224.9700 9.706192e+05
  224.9800 9.705896e+05
  224.9900 9.705600e+05
  225.0000 9.705304e+05
  225.0100 9.705008e+05
  225.0200 9.704712e+05
  225.0300 9.704416e+05
  225.0400 9.704120e+05
  225.0500 9.703824e+05
  225.0600 9.703528e+05
  225.0700 9.703232e+05
  225.0800 9.702936e+05
  225.0900 9.702640e+05
  225.1000 9.702343e+05
  225.1100 9.702047e+05
  225.1200 9.701751e+05
  225.1300 9.701455e+05
  225.1400 9.701158e+05
  225.1500 9.700862e+05
  225.1600 9.700565e+05
  225.1700 9.700269e+05
  225.1800 9.699973e+05
  225.1900 9.699676e+05
  225.2000 9.699380e+05
  225.2100 9.699083e+05
  225.2200 9.698786e+05
  225.2300 9.698490e+05
  225.2400 9.698193e+05
  225.2500 9.697897e+05
  225.2600 9.697600e+05
  225.2700 9.697303e+05
  225.2800 9.697006e+05
  225.2900 9.696710e+05
  225.3000 9.696413e+05
  225.3100 9.696116e+05
  225.3200 9.695819e+05
  225.3300 9.695522e+05
  225.3400 9.695225e+05
  225.3500 9.694928e+05
  225.3600 9.694631e+05
  225.3700 9.694334e+05
  225.3800 9.694037e+05
  225.3900 9.693740e+05
  225.4000 9.693443e+05
  225.4100 9.693146e+05
  225.4200 9.692849e+05
  225.4300 9.692552e+05
  225.4400 9.692255e+05
  225.4500 9.691957e+05
  225.4600 9.691660e+05
  225.4700 9.691363e+05
  225.4800 9.691065e+05
  225.4900 9.690768e+05
  225.5000 9.690471e+05
  225.5100 9.690173e+05
  225.5200 9.689876e+05
  225.5300 9.689578e+05
  225.5400 9.689281e+05
  225.5500 9.688983e+05
  225.5600 9.688686e+05
  225.5700 9.688388e+05
  225.5800 9.688090e+05
  225.5900 9.687793e+05
  225.6000 9.687495e+05
  225.6100 9.687197e+05
  225.6200 9.686899e+05
  225.6300 9.686602e+05
  225.6400 9.686304e+05
  225.6500 9.686006e+05
  225.6600 9.685708e+05
  225.6700 9.685410e+05
  225.6800 9.685112e+05
  225.6900 9.684814e+05
  225.7000 9.684516e+05
  225.7100 9.684218e+05
  225.7200 9.683920e+05
  225.7300 9.683622e+05
  225.7400 9.683324e+05
  225.7500 9.683026e+05
  225.7600 9.682727e+05
  225.7700 9.682429e+05
  225.7800 9.682131e+05
  225.7900 9.681832e+05
  225.8000 9.681534e+05
  225.8100 9.681236e+05
  225.8200 9.680937e+05
  225.8300 9.680639e+05
  225.8400 9.680340e+05
  225.8500 9.680042e+05
  225.8600 9.679743e+05
  225.8700 9.679445e+05
  225.8800 9.679146e+05
  225.8900 9.678847e+05
  225.9000 9.678549e+05
  225.9100 9.678250e+05
  225.9200 9.677951e+05
  225.9300 9.677652e+05
  225.9400 9.677354e+05
  225.9500 9.677055e+05
  225.9600 9.676756e+05
  225.9700 9.676457e+05
  225.9800 9.676158e+05
  225.9900 9.675859e+05
  226.0000 9.675560e+05
  226.0100 9.675261e+05
  226.0200 9.674962e+05
  226.0300 9.674663e+05
  226.0400 9.674363e+05
  226.0500 9.674064e+05
  226.0600 9.673765e+05
  226.0700 9.673466e+05
  226.0800 9.673166e+05
  226.0900 9.672867e+05
  226.1000 9.672568e+05
  226.1100 9.672268e+05
  226.1200 9.671969e+05
  226.1300 9.671669e+05
  226.1400 9.671370e+05
  226.1500 9.671070e+05
  226.1600 9.670770e+05
  226.1700 9.670471e+05
  226.1800 9.670171e+05
  226.1900 9.669871e+05
  226.2000 9.669572e+05
  226.2100 9.669272e+05
  226.2200 9.668972e+05
  226.2300 9.668672e+05
  226.2400 9.668372e+05
  226.2500 9.668072e+05
  226.2600 9.667772e+05
  226.2700 9.667472e+05
  226.2800 9.667172e+05
  226.2900 9.666872e+05
  226.3000 9.666572e+05
  226.3100 9.666272e+05
  226.3200 9.665972e+05
  226.3300 9.665671e+05
  226.3400 9.665371e+05
  226.3500 9.665071e+05
  226.3600 9.664770e+05
  226.3700 9.664470e+05
  226.3800 9.664170e+05
  226.3900 9.663869e+05
  226.4000 9.663569e+05
  226.4100 9.663268e+05
  226.4200 9.662968e+05
  226.4300 9.662667e+05
  226.4400 9.662366e+05
  226.4500 9.662066e+05
  226.4600 9.661765e+05
  226.4700 9.661464e+05
  226.4800 9.661163e+05
  226.4900 9.660862e+05
  226.5000 9.660561e+05
  226.5100 9.660261e+05
  226.5200 9.659960e+05
  226.5300 9.659659e+05
  226.5400 9.659358e+05
  226.5500 9.659056e+05
  226.5600 9.658755e+05
  226.5700 9.658454e+05
  226.5800 9.658153e+05
  226.5900 9.657852e+05
  226.6000 9.657550e+05
  226.6100 9.657249e+05
  226.6200 9.656948e+05
  226.6300 9.656646e+05
  226.6400 9.656345e+05
  226.6500 9.656043e+05
  226.6600 9.655742e+05
  226.6700 9.655440e+05
  226.6800 9.655139e+05
  226.6900 9.654837e+05
  226.7000 9.654535e+05
  226.7100 9.654234e+05
  226.7200 9.653932e+05
  226.7300 9.653630e+05
  226.7400 9.653328e+05
  226.7500 9.653026e+05
  226.7600 9.652724e+05
  226.7700 9.652422e+05
  226.7800 9.652120e+05
  226.7900 9.651818e+05
  226.8000 9.651516e+05
  226.8100 9.651214e+05
  226.8200 9.650912e+05
  226.8300 9.650609e+05
  226.8400 9.650307e+05
  226.8500 9.650005e+05
  226.8600 9.649703e+05
  226.8700 9.649400e+05
  226.8800 9.649098e+05
  226.8900 9.648795e+05
  226.9000 9.648493e+05
  226.9100 9.648190e+05
  226.9200 9.647887e+05
  226.9300 9.647585e+05
  226.9400 9.647282e+05
  226.9500 9.646979e+05
  226.9600 9.646677e+05
  226.9700 9.646374e+05
  226.9800 9.646071e+05
  226.9900 9.645768e+05
  227.0000 9.645465e+05
  227.0100 9.645162e+05
  227.0200 9.644859e+05
  227.0300 9.644556e+05
  227.0400 9.644253e+05
  227.0500 9.643950e+05
  227.0600 9.643646e+05
  227.0700 9.643343e+05
  227.0800 9.643040e+05
  227.0900 9.642736e+05
  227.1000 9.642433e+05
  227.1100 9.642130e+05
  227.1200 9.641826e+05
  227.1300 9.641523e+05
  227.1400 9.641219e+05
  227.1500 9.640915e+05
  227.1600 9.640612e+05
  227.1700 9.640308e+05
  227.1800 9.640004e+05
  227.1900 9.639700e+05
  227.2000 9.639397e+05
  227.2100 9.639093e+05
  227.2200 9.638789e+05
  227.2300 9.638485e+05
  227.2400 9.638181e+05
  227.2500 9.637877e+05
  227.2600 9.637573e+05
  227.2700 9.637268e+05
  227.2800 9.636964e+05
  227.2900 9.636660e+05
  227.3000 9.636356e+05
  227.3100 9.636051e+05
  227.3200 9.635747e+05
  227.3300 9.635443e+05
  227.3400 9.635138e+05
  227.3500 9.634833e+05
  227.3600 9.634529e+05
  227.3700 9.634224e+05
  227.3800 9.633920e+05
  227.3900 9.633615e+05
  227.4000 9.633310e+05
  227.4100 9.633005e+05
  227.4200 9.632700e+05
  227.4300 9.632396e+05
  227.4400 9.632091e+05
  227.4500 9.631786e+05
  227.4600 9.631481e+05
  227.4700 9.631175e+05
  227.4800 9.630870e+05
  227.4900 9.630565e+05
  227.5000 9.630260e+05
  227.5100 9.629955e+05
  227.5200 9.629649e+05
  227.5300 9.629344e+05
  227.5400 9.629039e+05
  227.5500 9.628733e+05
  227.5600 9.628428e+05
  227.5700 9.628122e+05
  227.5800 9.627816e+05
  227.5900 9.627511e+05
  227.6000 9.627205e+05
  227.6100 9.626899e+05
  227.6200 9.626593e+05
  227.6300 9.626288e+05
  227.6400 9.625982e+05
  227.6500 9.625676e+05
  227.6600 9.625370e+05
  227.6700 9.625064e+05
  227.6800 9.624757e+05
  227.6900 9.624451e+05
  227.7000 9.624145e+05
  227.7100 9.623839e+05
  227.7200 9.623533e+05
  227.7300 9.623226e+05
  227.7400 9.622920e+05
  227.7500 9.622613e+05
  227.7600 9.622307e+05
  227.7700 9.622000e+05
  227.7800 9.621694e+05
  227.7900 9.621387e+05
  227.8000 9.621080e+05
  227.8100 9.620774e+05
  227.8200 9.620467e+05
  227.8300 9.620160e+05
  227.8400 9.619853e+05
  227.8500 9.619546e+05
  227.8600 9.619239e+05
  227.8700 9.618932e+05
  227.8800 9.618625e+05
  227.8900 9.618318e+05
  227.9000 9.618011e+05
  227.9100 9.617703e+05
  227.9200 9.617396e+05
  227.9300 9.617089e+05
  227.9400 9.616781e+05
  227.9500 9.616474e+05
  227.9600 9.616166e+05
  227.9700 9.615859e+05
  227.9800 9.615551e+05
  227.9900 9.615243e+05
  228.0000 9.614936e+05
  228.0100 9.614628e+05
  228.0200 9.614320e+05
  228.0300 9.614012e+05
  228.0400 9.613704e+05
  228.0500 9.613396e+05
  228.0600 9.613088e+05
  228.0700 9.612780e+05
  228.0800 9.612472e+05
  228.0900 9.612164e+05
  228.1000 9.611856e+05
  228.1100 9.611547e+05
  228.1200 9.611239e+05
  228.1300 9.610930e+05
  228.1400 9.610622e+05
  228.1500 9.610314e+05
  228.1600 9.610005e+05
  228.1700 9.609696e+05
  228.1800 9.609388e+05
  228.1900 9.609079e+05
  228.2000 9.608770e+05
  228.2100 9.608461e+05
  228.2200 9.608152e+05
  228.2300 9.607844e+05
  228.2400 9.607535e+05
  228.2500 9.607225e+05
  228.2600 9.606916e+05
  228.2700 9.606607e+05
  228.2800 9.606298e+05
  228.2900 9.605989e+05
  228.3000 9.605679e+05
  228.3100 9.605370e+05
  228.3200 9.605061e+05
  228.3300 9.604751e+05
  228.3400 9.604442e+05
  228.3500 9.604132e+05
  228.3600 9.603822e+05
  228.3700 9.603513e+05
  228.3800 9.603203e+05
  228.3900 9.602893e+05
  228.4000 9.602583e+05
  228.4100 9.602273e+05
  228.4200 9.601963e+05
  228.4300 9.601653e+05
  228.4400 9.601343e+05
  228.4500 9.601033e+05
  228.4600 9.600723e+05
  228.4700 9.600413e+05
  228.4800 9.600102e+05
  228.4900 9.599792e+05
  228.5000 9.599482e+05
  228.5100 9.599171e+05
  228.5200 9.598861e+05
  228.5300 9.598550e+05
  228.5400 9.598239e+05
  228.5500 9.597929e+05
  228.5600 9.597618e+05
  228.5700 9.597307e+05
  228.5800 9.596996e+05
  228.5900 9.596685e+05
  228.6000 9.596374e+05
  228.6100 9.596063e+05
  228.6200 9.595752e+05
  228.6300 9.595441e+05
  228.6400 9.595130e+05
  228.6500 9.594819e+05
  228.6600 9.594507e+05
  228.6700 9.594196e+05
  228.6800 9.593884e+05
  228.6900 9.593573e+05
  228.7000 9.593261e+05
  228.7100 9.592950e+05
  228.7200 9.592638e+05
  228.7300 9.592326e+05
  228.7400 9.592014e+05
  228.7500 9.591703e+05
  228.7600 9.591391e+05
  228.7700 9.591079e+05
  228.7800 9.590767e+05
  228.7900 9.590455e+05
  228.8000 9.590143e+05
  228.8100 9.589830e+05
  228.8200 9.589518e+05
  228.8300 9.589206e+05
  228.8400 9.588893e+05
  228.8500 9.588581e+05
  228.8600 9.588268e+05
  228.8700 9.587956e+05
  228.8800 9.587643e+05
  228.8900 9.587331e+05
  228.9000 9.587018e+05
  228.9100 9.586705e+05
  228.9200 9.586392e+05
  228.9300 9.586079e+05
  228.9400 9.585766e+05
  228.9500 9.585453e+05
  228.9600 9.585140e+05
  228.9700 9.584827e+05
  228.9800 9.584514e+05
  228.9900 9.584201e+05
  229.0000 9.583887e+05
  229.0100 9.583574e+05
  229.0200 9.583260e+05
  229.0300 9.582947e+05
  229.0400 9.582633e+05
  229.0500 9.582320e+05
  229.0600 9.582006e+05
  229.0700 9.581692e+05
  229.0800 9.581378e+05
  229.0900 9.581065e+05
  229.1000 9.580751e+05
  229.1100 9.580437e+05
  229.1200 9.580123e+05
  229.1300 9.579808e+05
  229.1400 9.579494e+05
  229.1500 9.579180e+05
  229.1600 9.578866e+05
  229.1700 9.578551e+05
  229.1800 9.578237e+05
  229.1900 9.577922e+05
  229.2000 9.577608e+05
  229.2100 9.577293e+05
  229.2200 9.576979e+05
  229.2300 9.576664e+05
  229.2400 9.576349e+05
  229.2500 9.576034e+05
  229.2600 9.575719e+05
  229.2700 9.575404e+05
  229.2800 9.575089e+05
  229.2900 9.574774e+05
  229.3000 9.574459e+05
  229.3100 9.574144e+05
  229.3200 9.573828e+05
  229.3300 9.573513e+05
  229.3400 9.573198e+05
  229.3500 9.572882e+05
  229.3600 9.572567e+05
  229.3700 9.572251e+05
  229.3800 9.571935e+05
  229.3900 9.571619e+05
  229.4000 9.571304e+05
  229.4100 9.570988e+05
  229.4200 9.570672e+05
  229.4300 9.570356e+05
  229.4400 9.570040e+05
  229.4500 9.569724e+05
  229.4600 9.569407e+05
  229.4700 9.569091e+05
  229.4800 9.568775e+05
  229.4900 9.568459e+05
  229.5000 9.568142e+05
  229.5100 9.567826e+05
  229.5200 9.567509e+05
  229.5300 9.567192e+05
  229.5400 9.566876e+05
  229.5500 9.566559e+05
  229.5600 9.566242e+05
  229.5700 9.565925e+05
  229.5800 9.565608e+05
  229.5900 9.565291e+05
  229.6000 9.564974e+05
  229.6100 9.564657e+05
  229.6200 9.564340e+05
  229.6300 9.564022e+05
  229.6400 9.563705e+05
  229.6500 9.563388e+05
  229.6600 9.563070e+05
  229.6700 9.562752e+05
  229.6800 9.562435e+05
  229.6900 9.562117e+05
  229.7000 9.561799e+05
  229.7100 9.561482e+05
  229.7200 9.561164e+05
  229.7300 9.560846e+05
  229.7400 9.560528e+05
  229.7500 9.560210e+05
  229.7600 9.559891e+05
  229.7700 9.559573e+05
  229.7800 9.559255e+05
  229.7900 9.558937e+05
  229.8000 9.558618e+05
  229.8100 9.558300e+05
  229.8200 9.557981e+05
  229.8300 9.557663e+05
  229.8400 9.557344e+05
  229.8500 9.557025e+05
  229.8600 9.556706e+05
  229.8700 9.556387e+05
  229.8800 9.556068e+05
  229.8900 9.555749e+05
  229.9000 9.555430e+05
  229.9100 9.555111e+05
  229.9200 9.554792e+05
  229.9300 9.554473e+05
  229.9400 9.554153e+05
  229.9500 9.553834e+05
  229.9600 9.553514e+05
  229.9700 9.553195e+05
  229.9800 9.552875e+05
  229.9900 9.552555e+05
  230.0000 9.552235e+05
  230.0100 9.551916e+05
  230.0200 9.551596e+05
  230.0300 9.551276e+05
  230.0400 9.550956e+05
  230.0500 9.550636e+05
  230.0600 9.550315e+05
  230.0700 9.549995e+05
  230.0800 9.549675e+05
  230.0900 9.549354e+05
  230.1000 9.549034e+05
  230.1100 9.548713e+05
  230.1200 9.548393e+05
  230.1300 9.548072e+05
  230.1400 9.547751e+05
  230.1500 9.547431e+05
  230.1600 9.547110e+05
  230.1700 9.546789e+05
  230.1800 9.546468e+05
  230.1900 9.546147e+05
  230.2000 9.545826e+05
  230.2100 9.545505e+05
  230.2200 9.545183e+05
  230.2300 9.544862e+05
  230.2400 9.544541e+05
  230.2500 9.544219e+05
  230.2600 9.543898e+05
  230.2700 9.543576e+05
  230.2800 9.543255e+05
  230.2900 9.542933e+05
  230.3000 9.542611e+05
  230.3100 9.542290e+05
  230.3200 9.541968e+05
  230.3300 9.541646e+05
  230.3400 9.541324e+05
  230.3500 9.541002e+05
  230.3600 9.540680e+05
  230.3700 9.540358e+05
  230.3800 9.540035e+05
  230.3900 9.539713e+05
  230.4000 9.539391e+05
  230.4100 9.539068e+05
  230.4200 9.538746e+05
  230.4300 9.538424e+05
  230.4400 9.538101e+05
  230.4500 9.537778e+05
  230.4600 9.537456e+05
  230.4700 9.537133e+05
  230.4800 9.536810e+05
  230.4900 9.536487e+05
  230.5000 9.536165e+05
  230.5100 9.535842e+05
  230.5200 9.535519e+05
  230.5300 9.535196e+05
  230.5400 9.534873e+05
  230.5500 9.534549e+05
  230.5600 9.534226e+05
  230.5700 9.533903e+05
  230.5800 9.533580e+05
  230.5900 9.533256e+05
  230.6000 9.532933e+05
  230.6100 9.532609e+05
  230.6200 9.532286e+05
  230.6300 9.531962e+05
  230.6400 9.531639e+05
  230.6500 9.531315e+05
  230.6600 9.530991e+05
  230.6700 9.530668e+05
  230.6800 9.530344e+05
  230.6900 9.530020e+05
  230.7000 9.529696e+05
  230.7100 9.529372e+05
  230.7200 9.529048e+05
  230.7300 9.528724e+05
  230.7400 9.528400e+05
  230.7500 9.528076e+05
  230.7600 9.527751e+05
  230.7700 9.527427e+05
  230.7800 9.527103e+05
  230.7900 9.526779e+05
  230.8000 9.526454e+05
  230.8100 9.526130e+05
  230.8200 9.525805e+05
  230.8300 9.525481e+05
  230.8400 9.525156e+05
  230.8500 9.524831e+05
  230.8600 9.524507e+05
  230.8700 9.524182e+05
  230.8800 9.523857e+05
  230.8900 9.523532e+05
  230.9000 9.523208e+05
  230.9100 9.522883e+05
  230.9200 9.522558e+05
  230.9300 9.522233e+05
  230.9400 9.521908e+05
  230.9500 9.521583e+05
  230.9600 9.521258e+05
  230.9700 9.520933e+05
  230.9800 9.520607e+05
  230.9900 9.520282e+05
  231.0000 9.519957e+05
  231.0100 9.519632e+05
  231.0200 9.519306e+05
  231.0300 9.518981e+05
  231.0400 9.518655e+05
  231.0500 9.518330e+05
  231.0600 9.518004e+05
  231.0700 9.517679e+05
  231.0800 9.517353e+05
  231.0900 9.517028e+05
  231.1000 9.516702e+05
  231.1100 9.516376e+05
  231.1200 9.516051e+05
  231.1300 9.515725e+05
  231.1400 9.515399e+05
  231.1500 9.515073e+05
  231.1600 9.514747e+05
  231.1700 9.514421e+05
  231.1800 9.514095e+05
  231.1900 9.513769e+05
  231.2000 9.513443e+05
  231.2100 9.513117e+05
  231.2200 9.512791e+05
  231.2300 9.512465e+05
  231.2400 9.512139e+05
  231.2500 9.511813e+05
  231.2600 9.511486e+05
  231.2700 9.511160e+05
  231.2800 9.510834e+05
  231.2900 9.510507e+05
  231.3000 9.510181e+05
  231.3100 9.509855e+05
  231.3200 9.509528e+05
  231.3300 9.509202e+05
  231.3400 9.508875e+05
  231.3500 9.508549e+05
  231.3600 9.508222e+05
  231.3700 9.507896e+05
  231.3800 9.507569e+05
  231.3900 9.507242e+05
  231.4000 9.506916e+05
  231.4100 9.506589e+05
  231.4200 9.506262e+05
  231.4300 9.505935e+05
  231.4400 9.505609e+05
  231.4500 9.505282e+05
  231.4600 9.504955e+05
  231.4700 9.504628e+05
  231.4800 9.504301e+05
  231.4900 9.503974e+05
  231.5000 9.503647e+05
  231.5100 9.503320e+05
  231.5200 9.502993e+05
  231.5300 9.502666e+05
  231.5400 9.502339e+05
  231.5500 9.502012e+05
  231.5600 9.501685e+05
  231.5700 9.501358e+05
  231.5800 9.501031e+05
  231.5900 9.500704e+05
  231.6000 9.500376e+05
  231.6100 9.500049e+05
  231.6200 9.499722e+05
  231.6300 9.499395e+05
  231.6400 9.499067e+05
  231.6500 9.498740e+05
  231.6600 9.498413e+05
  231.6700 9.498085e+05
  231.6800 9.497758e+05
  231.6900 9.497430e+05
  231.7000 9.497103e+05
  231.7100 9.496775e+05
  231.7200 9.496448e+05
  231.7300 9.496120e+05
  231.7400 9.495793e+05
  231.7500 9.495465e+05
  231.7600 9.495138e+05
  231.7700 9.494810e+05
  231.7800 9.494483e+05
  231.7900 9.494155e+05
  231.8000 9.493827e+05
  231.8100 9.493500e+05
  231.8200 9.493172e+05
  231.8300 9.492844e+05
  231.8400 9.492517e+05
  231.8500 9.492189e+05
  231.8600 9.491861e+05
  231.8700 9.491533e+05
  231.8800 9.491206e+05
  231.8900 9.490878e+05
  231.9000 9.490550e+05
  231.9100 9.490222e+05
  231.9200 9.489894e+05
  231.9300 9.489567e+05
  231.9400 9.489239e+05
  231.9500 9.488911e+05
  231.9600 9.488583e+05
  231.9700 9.488255e+05
  231.9800 9.487927e+05
  231.9900 9.487599e+05
  232.0000 9.487271e+05
  232.0100 9.486943e+05
  232.0200 9.486615e+05
  232.0300 9.486287e+05
  232.0400 9.485959e+05
  232.0500 9.485631e+05
  232.0600 9.485303e+05
  232.0700 9.484975e+05
  232.0800 9.484647e+05
  232.0900 9.484319e+05
  232.1000 9.483991e+05
  232.1100 9.483663e+05
  232.1200 9.483335e+05
  232.1300 9.483007e+05
  232.1400 9.482679e+05
  232.1500 9.482351e+05
  232.1600 9.482023e+05
  232.1700 9.481694e+05
  232.1800 9.481366e+05
  232.1900 9.481038e+05
  232.2000 9.480710e+05
  232.2100 9.480382e+05
  232.2200 9.480054e+05
  232.2300 9.479725e+05
  232.2400 9.479397e+05
  232.2500 9.479069e+05
  232.2600 9.478741e+05
  232.2700 9.478413e+05
  232.2800 9.478085e+05
  232.2900 9.477756e+05
  232.3000 9.477428e+05
  232.3100 9.477100e+05
  232.3200 9.476772e+05
  232.3300 9.476444e+05
  232.3400 9.476115e+05
  232.3500 9.475787e+05
  232.3600 9.475459e+05
  232.3700 9.475131e+05
  232.3800 9.474802e+05
  232.3900 9.474474e+05
  232.4000 9.474146e+05
  232.4100 9.473818e+05
  232.4200 9.473489e+05
  232.4300 9.473161e+05
  232.4400 9.472833e+05
  232.4500 9.472505e+05
  232.4600 9.472177e+05
  232.4700 9.471848e+05
  232.4800 9.471520e+05
  232.4900 9.471192e+05
  232.5000 9.470864e+05
  232.5100 9.470535e+05
  232.5200 9.470207e+05
  232.5300 9.469879e+05
  232.5400 9.469551e+05
  232.5500 9.469222e+05
  232.5600 9.468894e+05
  232.5700 9.468566e+05
  232.5800 9.468238e+05
  232.5900 9.467910e+05
  232.6000 9.467581e+05
  232.6100 9.467253e+05
  232.6200 9.466925e+05
  232.6300 9.466597e+05
  232.6400 9.466269e+05
  232.6500 9.465940e+05
  232.6600 9.465612e+05
  232.6700 9.465284e+05
  232.6800 9.464956e+05
  232.6900 9.464628e+05
  232.7000 9.464300e+05
  232.7100 9.463971e+05
  232.7200 9.463643e+05
  232.7300 9.463315e+05
  232.7400 9.462987e+05
  232.7500 9.462659e+05
  232.7600 9.462331e+05
  232.7700 9.462003e+05
  232.7800 9.461675e+05
  232.7900 9.461347e+05
  232.8000 9.461018e+05
  232.8100 9.460690e+05
  232.8200 9.460362e+05
  232.8300 9.460034e+05
  232.8400 9.459706e+05
  232.8500 9.459378e+05
  232.8600 9.459050e+05
  232.8700 9.458722e+05
  232.8800 9.458394e+05
  232.8900 9.458066e+05
  232.9000 9.457738e+05
  232.9100 9.457410e+05
  232.9200 9.457082e+05
  232.9300 9.456755e+05
  232.9400 9.456427e+05
  232.9500 9.456099e+05
  232.9600 9.455771e+05
  232.9700 9.455443e+05
  232.9800 9.455115e+05
  232.9900 9.454787e+05
  233.0000 9.454460e+05
  233.0100 9.454132e+05
  233.0200 9.453804e+05
  233.0300 9.453476e+05
  233.0400 9.453148e+05
  233.0500 9.452821e+05
  233.0600 9.452493e+05
  233.0700 9.452165e+05
  233.0800 9.451838e+05
  233.0900 9.451510e+05
  233.1000 9.451182e+05
  233.1100 9.450855e+05
  233.1200 9.450527e+05
  233.1300 9.450199e+05
  233.1400 9.449872e+05
  233.1500 9.449544e+05
  233.1600 9.449217e+05
  233.1700 9.448889e+05
  233.1800 9.448562e+05
  233.1900 9.448234e+05
  233.2000 9.447907e+05
  233.2100 9.447579e+05
  233.2200 9.447252e+05
  233.2300 9.446925e+05
  233.2400 9.446597e+05
  233.2500 9.446270e+05
  233.2600 9.445942e+05
  233.2700 9.445615e+05
  233.2800 9.445288e+05
  233.2900 9.444961e+05
  233.3000 9.444633e+05
  233.3100 9.444306e+05
  233.3200 9.443979e+05
  233.3300 9.443652e+05
  233.3400 9.443325e+05
  233.3500 9.442998e+05
  233.3600 9.442671e+05
  233.3700 9.442343e+05
  233.3800 9.442016e+05
  233.3900 9.441689e+05
  233.4000 9.441362e+05
  233.4100 9.441035e+05
  233.4200 9.440709e+05
  233.4300 9.440382e+05
  233.4400 9.440055e+05
  233.4500 9.439728e+05
  233.4600 9.439401e+05
  233.4700 9.439074e+05
  233.4800 9.438748e+05
  233.4900 9.438421e+05
  233.5000 9.438094e+05
  233.5100 9.437767e+05
  233.5200 9.437441e+05
  233.5300 9.437114e+05
  233.5400 9.436788e+05
  233.5500 9.436461e+05
  233.5600 9.436135e+05
  233.5700 9.435808e+05
  233.5800 9.435482e+05
  233.5900 9.435155e+05
  233.6000 9.434829e+05
  233.6100 9.434502e+05
  233.6200 9.434176e+05
  233.6300 9.433850e+05
  233.6400 9.433524e+05
  233.6500 9.433197e+05
  233.6600 9.432871e+05
  233.6700 9.432545e+05
  233.6800 9.432219e+05
  233.6900 9.431893e+05
  233.7000 9.431567e+05
  233.7100 9.431241e+05
  233.7200 9.430915e+05
  233.7300 9.430589e+05
  233.7400 9.430263e+05
  233.7500 9.429937e+05
  233.7600 9.429611e+05
  233.7700 9.429285e+05
  233.7800 9.428960e+05
  233.7900 9.428634e+05
  233.8000 9.428308e+05
  233.8100 9.427982e+05
  233.8200 9.427657e+05
  233.8300 9.427331e+05
  233.8400 9.427006e+05
  233.8500 9.426680e+05
  233.8600 9.426355e+05
  233.8700 9.426029e+05
  233.8800 9.425704e+05
  233.8900 9.425379e+05
  233.9000 9.425053e+05
  233.9100 9.424728e+05
  233.9200 9.424403e+05
  233.9300 9.424078e+05
  233.9400 9.423752e+05
  233.9500 9.423427e+05
  233.9600 9.423102e+05
  233.9700 9.422777e+05
  233.9800 9.422452e+05
  233.9900 9.422127e+05
  234.0000 9.421803e+05
  234.0100 9.421478e+05
  234.0200 9.421153e+05
  234.0300 9.420828e+05
  234.0400 9.420503e+05
  234.0500 9.420179e+05
  234.0600 9.419854e+05
  234.0700 9.419530e+05
  234.0800 9.419205e+05
  234.0900 9.418881e+05
  234.1000 9.418556e+05
  234.1100 9.418232e+05
  234.1200 9.417907e+05
  234.1300 9.417583e+05
  234.1400 9.417259e+05
  234.1500 9.416935e+05
  234.1600 9.416611e+05
  234.1700 9.416286e+05
  234.1800 9.415962e+05
  234.1900 9.415638e+05
  234.2000 9.415314e+05
  234.2100 9.414991e+05
  234.2200 9.414667e+05
  234.2300 9.414343e+05
  234.2400 9.414019e+05
  234.2500 9.413695e+05
  234.2600 9.413372e+05
  234.2700 9.413048e+05
  234.2800 9.412725e+05
  234.2900 9.412401e+05
  234.3000 9.412078e+05
  234.3100 9.411754e+05
  234.3200 9.411431e+05
  234.3300 9.411108e+05
  234.3400 9.410784e+05
  234.3500 9.410461e+05
  234.3600 9.410138e+05
  234.3700 9.409815e+05
  234.3800 9.409492e+05
  234.3900 9.409169e+05
  234.4000 9.408846e+05
  234.4100 9.408523e+05
  234.4200 9.408200e+05
  234.4300 9.407878e+05
  234.4400 9.407555e+05
  234.4500 9.407232e+05
  234.4600 9.406910e+05
  234.4700 9.406587e+05
  234.4800 9.406265e+05
  234.4900 9.405942e+05
  234.5000 9.405620e+05
  234.5100 9.405298e+05
  234.5200 9.404975e+05
  234.5300 9.404653e+05
  234.5400 9.404331e+05
  234.5500 9.404009e+05
  234.5600 9.403687e+05
  234.5700 9.403365e+05
  234.5800 9.403043e+05
  234.5900 9.402721e+05
  234.6000 9.402399e+05
  234.6100 9.402078e+05
  234.6200 9.401756e+05
  234.6300 9.401435e+05
  234.6400 9.401113e+05
  234.6500 9.400792e+05
  234.6600 9.400470e+05
  234.6700 9.400149e+05
  234.6800 9.399828e+05
  234.6900 9.399506e+05
  234.7000 9.399185e+05
  234.7100 9.398864e+05
  234.7200 9.398543e+05
  234.7300 9.398222e+05
  234.7400 9.397901e+05
  234.7500 9.397580e+05
  234.7600 9.397260e+05
  234.7700 9.396939e+05
  234.7800 9.396618e+05
  234.7900 9.396298e+05
  234.8000 9.395977e+05
  234.8100 9.395657e+05
  234.8200 9.395336e+05
  234.8300 9.395016e+05
  234.8400 9.394696e+05
  234.8500 9.394376e+05
  234.8600 9.394055e+05
  234.8700 9.393735e+05
  234.8800 9.393415e+05
  234.8900 9.393096e+05
  234.9000 9.392776e+05
  234.9100 9.392456e+05
  234.9200 9.392136e+05
  234.9300 9.391817e+05
  234.9400 9.391497e+05
  234.9500 9.391178e+05
  234.9600 9.390858e+05
  234.9700 9.390539e+05
  234.9800 9.390220e+05
  234.9900 9.389900e+05
  235.0000 9.389581e+05
  235.0100 9.389262e+05
  235.0200 9.388943e+05
  235.0300 9.388624e+05
  235.0400 9.388305e+05
  235.0500 9.387987e+05
  235.0600 9.387668e+05
  235.0700 9.387349e+05
  235.0800 9.387031e+05
  235.0900 9.386712e+05
  235.1000 9.386394e+05
  235.1100 9.386075e+05
  235.1200 9.385757e+05
  235.1300 9.385439e+05
  235.1400 9.385121e+05
  235.1500 9.384803e+05
  235.1600 9.384485e+05
  235.1700 9.384167e+05
  235.1800 9.383849e+05
  235.1900 9.383532e+05
  235.2000 9.383214e+05
  235.2100 9.382896e+05
  235.2200 9.382579e+05
  235.2300 9.382261e+05
  235.2400 9.381944e+05
  235.2500 9.381627e+05
  235.2600 9.381310e+05
  235.2700 9.380993e+05
  235.2800 9.380676e+05
  235.2900 9.380359e+05
  235.3000 9.380042e+05
  235.3100 9.379725e+05
  235.3200 9.379408e+05
  235.3300 9.379092e+05
  235.3400 9.378775e+05
  235.3500 9.378459e+05
  235.3600 9.378142e+05
  235.3700 9.377826e+05
  235.3800 9.377510e+05
  235.3900 9.377194e+05
  235.4000 9.376878e+05
  235.4100 9.376562e+05
  235.4200 9.376246e+05
  235.4300 9.375930e+05
  235.4400 9.375614e+05
  235.4500 9.375299e+05
  235.4600 9.374983e+05
  235.4700 9.374667e+05
  235.4800 9.374352e+05
  235.4900 9.374037e+05
  235.5000 9.373722e+05
  235.5100 9.373406e+05
  235.5200 9.373091e+05
  235.5300 9.372776e+05
  235.5400 9.372462e+05
  235.5500 9.372147e+05
  235.5600 9.371832e+05
  235.5700 9.371518e+05
  235.5800 9.371203e+05
  235.5900 9.370889e+05
  235.6000 9.370574e+05
  235.6100 9.370260e+05
  235.6200 9.369946e+05
  235.6300 9.369632e+05
  235.6400 9.369318e+05
  235.6500 9.369004e+05
  235.6600 9.368690e+05
  235.6700 9.368376e+05
  235.6800 9.368063e+05
  235.6900 9.367749e+05
  235.7000 9.367436e+05
  235.7100 9.367122e+05
  235.7200 9.366809e+05
  235.7300 9.366496e+05
  235.7400 9.366183e+05
  235.7500 9.365870e+05
  235.7600 9.365557e+05
  235.7700 9.365244e+05
  235.7800 9.364932e+05
  235.7900 9.364619e+05
  235.8000 9.364306e+05
  235.8100 9.363994e+05
  235.8200 9.363682e+05
  235.8300 9.363369e+05
  235.8400 9.363057e+05
  235.8500 9.362745e+05
  235.8600 9.362433e+05
  235.8700 9.362121e+05
  235.8800 9.361810e+05
  235.8900 9.361498e+05
  235.9000 9.361187e+05
  235.9100 9.360875e+05
  235.9200 9.360564e+05
  235.9300 9.360252e+05
  235.9400 9.359941e+05
  235.9500 9.359630e+05
  235.9600 9.359319e+05
  235.9700 9.359008e+05
  235.9800 9.358698e+05
  235.9900 9.358387e+05
  236.0000 9.358076e+05
  236.0100 9.357766e+05
  236.0200 9.357455e+05
  236.0300 9.357145e+05
  236.0400 9.356835e+05
  236.0500 9.356525e+05
  236.0600 9.356215e+05
  236.0700 9.355905e+05
  236.0800 9.355595e+05
  236.0900 9.355286e+05
  236.1000 9.354976e+05
  236.1100 9.354667e+05
  236.1200 9.354357e+05
  236.1300 9.354048e+05
  236.1400 9.353739e+05
  236.1500 9.353430e+05
  236.1600 9.353121e+05
  236.1700 9.352812e+05
  236.1800 9.352503e+05
  236.1900 9.352194e+05
  236.2000 9.351886e+05
  236.2100 9.351578e+05
  236.2200 9.351269e+05
  236.2300 9.350961e+05
  236.2400 9.350653e+05
  236.2500 9.350345e+05
  236.2600 9.350037e+05
  236.2700 9.349729e+05
  236.2800 9.349422e+05
  236.2900 9.349114e+05
  236.3000 9.348806e+05
  236.3100 9.348499e+05
  236.3200 9.348192e+05
  236.3300 9.347885e+05
  236.3400 9.347578e+05
  236.3500 9.347271e+05
  236.3600 9.346964e+05
  236.3700 9.346657e+05
  236.3800 9.346351e+05
  236.3900 9.346044e+05
  236.4000 9.345738e+05
  236.4100 9.345432e+05
  236.4200 9.345125e+05
  236.4300 9.344819e+05
  236.4400 9.344513e+05
  236.4500 9.344208e+05
  236.4600 9.343902e+05
  236.4700 9.343596e+05
  236.4800 9.343291e+05
  236.4900 9.342985e+05
  236.5000 9.342680e+05
  236.5100 9.342375e+05
  236.5200 9.342070e+05
  236.5300 9.341765e+05
  236.5400 9.341460e+05
  236.5500 9.341156e+05
  236.5600 9.340851e+05
  236.5700 9.340547e+05
  236.5800 9.340242e+05
  236.5900 9.339938e+05
  236.6000 9.339634e+05
  236.6100 9.339330e+05
  236.6200 9.339026e+05
  236.6300 9.338722e+05
  236.6400 9.338419e+05
  236.6500 9.338115e+05
  236.6600 9.337812e+05
  236.6700 9.337509e+05
  236.6800 9.337205e+05
  236.6900 9.336902e+05
  236.7000 9.336599e+05
  236.7100 9.336297e+05
  236.7200 9.335994e+05
  236.7300 9.335691e+05
  236.7400 9.335389e+05
  236.7500 9.335087e+05
  236.7600 9.334784e+05
  236.7700 9.334482e+05
  236.7800 9.334180e+05
  236.7900 9.333879e+05
  236.8000 9.333577e+05
  236.8100 9.333275e+05
  236.8200 9.332974e+05
  236.8300 9.332672e+05
  236.8400 9.332371e+05
  236.8500 9.332070e+05
  236.8600 9.331769e+05
  236.8700 9.331468e+05
  236.8800 9.331168e+05
  236.8900 9.330867e+05
  236.9000 9.330566e+05
  236.9100 9.330266e+05
  236.9200 9.329966e+05
  236.9300 9.329666e+05
  236.9400 9.329366e+05
  236.9500 9.329066e+05
  236.9600 9.328766e+05
  236.9700 9.328467e+05
  236.9800 9.328167e+05
  236.9900 9.327868e+05
  237.0000 9.327569e+05
  237.0100 9.327270e+05
  237.0200 9.326971e+05
  237.0300 9.326672e+05
  237.0400 9.326373e+05
  237.0500 9.326074e+05
  237.0600 9.325776e+05
  237.0700 9.325478e+05
  237.0800 9.325179e+05
  237.0900 9.324881e+05
  237.1000 9.324584e+05
  237.1100 9.324286e+05
  237.1200 9.323988e+05
  237.1300 9.323691e+05
  237.1400 9.323393e+05
  237.1500 9.323096e+05
  237.1600 9.322799e+05
  237.1700 9.322502e+05
  237.1800 9.322205e+05
  237.1900 9.321908e+05
  237.2000 9.321611e+05
  237.2100 9.321315e+05
  237.2200 9.321019e+05
  237.2300 9.320722e+05
  237.2400 9.320426e+05
  237.2500 9.320130e+05
  237.2600 9.319835e+05
  237.2700 9.319539e+05
  237.2800 9.319243e+05
  237.2900 9.318948e+05
  237.3000 9.318653e+05
  237.3100 9.318358e+05
  237.3200 9.318063e+05
  237.3300 9.317768e+05
  237.3400 9.317473e+05
  237.3500 9.317179e+05
  237.3600 9.316884e+05
  237.3700 9.316590e+05
  237.3800 9.316296e+05
  237.3900 9.316002e+05
  237.4000 9.315708e+05
  237.4100 9.315414e+05
  237.4200 9.315120e+05
  237.4300 9.314827e+05
  237.4400 9.314534e+05
  237.4500 9.314240e+05
  237.4600 9.313947e+05
  237.4700 9.313654e+05
  237.4800 9.313362e+05
  237.4900 9.313069e+05
  237.5000 9.312777e+05
  237.5100 9.312484e+05
  237.5200 9.312192e+05
  237.5300 9.311900e+05
  237.5400 9.311608e+05
  237.5500 9.311316e+05
  237.5600 9.311025e+05
  237.5700 9.310733e+05
  237.5800 9.310442e+05
  237.5900 9.310151e+05
  237.6000 9.309860e+05
  237.6100 9.309569e+05
  237.6200 9.309278e+05
  237.6300 9.308987e+05
  237.6400 9.308697e+05
  237.6500 9.308406e+05
  237.6600 9.308116e+05
  237.6700 9.307826e+05
  237.6800 9.307536e+05
  237.6900 9.307247e+05
  237.7000 9.306957e+05
  237.7100 9.306668e+05
  237.7200 9.306378e+05
  237.7300 9.306089e+05
  237.7400 9.305800e+05
  237.7500 9.305511e+05
  237.7600 9.305223e+05
  237.7700 9.304934e+05
  237.7800 9.304646e+05
  237.7900 9.304357e+05
  237.8000 9.304069e+05
  237.8100 9.303781e+05
  237.8200 9.303493e+05
  237.8300 9.303206e+05
  237.8400 9.302918e+05
  237.8500 9.302631e+05
  237.8600 9.302344e+05
  237.8700 9.302057e+05
  237.8800 9.301770e+05
  237.8900 9.301483e+05
  237.9000 9.301197e+05
  237.9100 9.300910e+05
  237.9200 9.300624e+05
  237.9300 9.300338e+05
  237.9400 9.300052e+05
  237.9500 9.299766e+05
  237.9600 9.299480e+05
  237.9700 9.299195e+05
  237.9800 9.298909e+05
  237.9900 9.298624e+05
  238.0000 9.298339e+05
  238.0100 9.298054e+05
  238.0200 9.297769e+05
  238.0300 9.297485e+05
  238.0400 9.297200e+05
  238.0500 9.296916e+05
  238.0600 9.296632e+05
  238.0700 9.296348e+05
  238.0800 9.296064e+05
  238.0900 9.295781e+05
  238.1000 9.295497e+05
  238.1100 9.295214e+05
  238.1200 9.294931e+05
  238.1300 9.294648e+05
  238.1400 9.294365e+05
  238.1500 9.294082e+05
  238.1600 9.293800e+05
  238.1700 9.293517e+05
  238.1800 9.293235e+05
  238.1900 9.292953e+05
  238.2000 9.292671e+05
  238.2100 9.292390e+05
  238.2200 9.292108e+05
  238.2300 9.291827e+05
  238.2400 9.291545e+05
  238.2500 9.291264e+05
  238.2600 9.290983e+05
  238.2700 9.290703e+05
  238.2800 9.290422e+05
  238.2900 9.290142e+05
  238.3000 9.289861e+05
  238.3100 9.289581e+05
  238.3200 9.289301e+05
  238.3300 9.289022e+05
  238.3400 9.288742e+05
  238.3500 9.288463e+05
  238.3600 9.288183e+05
  238.3700 9.287904e+05
  238.3800 9.287625e+05
  238.3900 9.287347e+05
  238.4000 9.287068e+05
  238.4100 9.286790e+05
  238.4200 9.286511e+05
  238.4300 9.286233e+05
  238.4400 9.285955e+05
  238.4500 9.285678e+05
  238.4600 9.285400e+05
  238.4700 9.285123e+05
  238.4800 9.284845e+05
  238.4900 9.284568e+05
  238.5000 9.284291e+05
  238.5100 9.284015e+05
  238.5200 9.283738e+05
  238.5300 9.283462e+05
  238.5400 9.283185e+05
  238.5500 9.282909e+05
  238.5600 9.282634e+05
  238.5700 9.282358e+05
  238.5800 9.282082e+05
  238.5900 9.281807e+05
  238.6000 9.281532e+05
  238.6100 9.281257e+05
  238.6200 9.280982e+05
  238.6300 9.280707e+05
  238.6400 9.280433e+05
  238.6500 9.280158e+05
  238.6600 9.279884e+05
  238.6700 9.279610e+05
  238.6800 9.279336e+05
  238.6900 9.279063e+05
  238.7000 9.278789e+05
  238.7100 9.278516e+05
  238.7200 9.278243e+05
  238.7300 9.277970e+05
  238.7400 9.277697e+05
  238.7500 9.277425e+05
  238.7600 9.277152e+05
  238.7700 9.276880e+05
  238.7800 9.276608e+05
  238.7900 9.276336e+05
  238.8000 9.276064e+05
  238.8100 9.275793e+05
  238.8200 9.275522e+05
  238.8300 9.275250e+05
  238.8400 9.274979e+05
  238.8500 9.274709e+05
  238.8600 9.274438e+05
  238.8700 9.274168e+05
  238.8800 9.273897e+05
  238.8900 9.273627e+05
  238.9000 9.273357e+05
  238.9100 9.273088e+05
  238.9200 9.272818e+05
  238.9300 9.272549e+05
  238.9400 9.272280e+05
  238.9500 9.272011e+05
  238.9600 9.271742e+05
  238.9700 9.271473e+05
  238.9800 9.271205e+05
  238.9900 9.270937e+05
  239.0000 9.270669e+05
  239.0100 9.270401e+05
  239.0200 9.270133e+05
  239.0300 9.269865e+05
  239.0400 9.269598e+05
  239.0500 9.269331e+05
  239.0600 9.269064e+05
  239.0700 9.268797e+05
  239.0800 9.268531e+05
  239.0900 9.268264e+05
  239.1000 9.267998e+05
  239.1100 9.267732e+05
  239.1200 9.267466e+05
  239.1300 9.267201e+05
  239.1400 9.266935e+05
  239.1500 9.266670e+05
  239.1600 9.266405e+05
  239.1700 9.266140e+05
  239.1800 9.265875e+05
  239.1900 9.265611e+05
  239.2000 9.265346e+05
  239.2100 9.265082e+05
  239.2200 9.264818e+05
  239.2300 9.264554e+05
  239.2400 9.264291e+05
  239.2500 9.264027e+05
  239.2600 9.263764e+05
  239.2700 9.263501e+05
  239.2800 9.263238e+05
  239.2900 9.262976e+05
  239.3000 9.262713e+05
  239.3100 9.262451e+05
  239.3200 9.262189e+05
  239.3300 9.261927e+05
  239.3400 9.261666e+05
  239.3500 9.261404e+05
  239.3600 9.261143e+05
  239.3700 9.260882e+05
  239.3800 9.260621e+05
  239.3900 9.260360e+05
  239.4000 9.260100e+05
  239.4100 9.259839e+05
  239.4200 9.259579e+05
  239.4300 9.259319e+05
  239.4400 9.259060e+05
  239.4500 9.258800e+05
  239.4600 9.258541e+05
  239.4700 9.258282e+05
  239.4800 9.258023e+05
  239.4900 9.257764e+05
  239.5000 9.257506e+05
  239.5100 9.257247e+05
  239.5200 9.256989e+05
  239.5300 9.256731e+05
  239.5400 9.256474e+05
  239.5500 9.256216e+05
  239.5600 9.255959e+05
  239.5700 9.255702e+05
  239.5800 9.255445e+05
  239.5900 9.255188e+05
  239.6000 9.254931e+05
  239.6100 9.254675e+05
  239.6200 9.254419e+05
  239.6300 9.254163e+05
  239.6400 9.253907e+05
  239.6500 9.253652e+05
  239.6600 9.253396e+05
  239.6700 9.253141e+05
  239.6800 9.252886e+05
  239.6900 9.252632e+05
  239.7000 9.252377e+05
  239.7100 9.252123e+05
  239.7200 9.251869e+05
  239.7300 9.251615e+05
  239.7400 9.251361e+05
  239.7500 9.251108e+05
  239.7600 9.250854e+05
  239.7700 9.250601e+05
  239.7800 9.250348e+05
  239.7900 9.250096e+05
  239.8000 9.249843e+05
  239.8100 9.249591e+05
  239.8200 9.249339e+05
  239.8300 9.249087e+05
  239.8400 9.248836e+05
  239.8500 9.248584e+05
  239.8600 9.248333e+05
  239.8700 9.248082e+05
  239.8800 9.247831e+05
  239.8900 9.247580e+05
  239.9000 9.247330e+05
  239.9100 9.247080e+05
  239.9200 9.246830e+05
  239.9300 9.246580e+05
  239.9400 9.246331e+05
  239.9500 9.246081e+05
  239.9600 9.245832e+05
  239.9700 9.245583e+05
  239.9800 9.245335e+05
  239.9900 9.245086e+05
  240.0000 9.244838e+05
  240.0100 9.244590e+05
  240.0200 9.244342e+05
  240.0300 9.244094e+05
  240.0400 9.243847e+05
  240.0500 9.243600e+05
  240.0600 9.243353e+05
  240.0700 9.243106e+05
  240.0800 9.242859e+05
  240.0900 9.242613e+05
  240.1000 9.242367e+05
  240.1100 9.242121e+05
  240.1200 9.241875e+05
  240.1300 9.241630e+05
  240.1400 9.241384e+05
  240.1500 9.241139e+05
  240.1600 9.240894e+05
  240.1700 9.240650e+05
  240.1800 9.240405e+05
  240.1900 9.240161e+05
  240.2000 9.239917e+05
  240.2100 9.239673e+05
  240.2200 9.239430e+05
  240.2300 9.239187e+05
  240.2400 9.238943e+05
  240.2500 9.238701e+05
  240.2600 9.238458e+05
  240.2700 9.238215e+05
  240.2800 9.237973e+05
  240.2900 9.237731e+05
  240.3000 9.237489e+05
  240.3100 9.237248e+05
  240.3200 9.237006e+05
  240.3300 9.236765e+05
  240.3400 9.236524e+05
  240.3500 9.236284e+05
  240.3600 9.236043e+05
  240.3700 9.235803e+05
  240.3800 9.235563e+05
  240.3900 9.235323e+05
  240.4000 9.235084e+05
  240.4100 9.234844e+05
  240.4200 9.234605e+05
  240.4300 9.234366e+05
  240.4400 9.234127e+05
  240.4500 9.233889e+05
  240.4600 9.233651e+05
  240.4700 9.233413e+05
  240.4800 9.233175e+05
  240.4900 9.232937e+05
  240.5000 9.232700e+05
  240.5100 9.232463e+05
  240.5200 9.232226e+05
  240.5300 9.231989e+05
  240.5400 9.231753e+05
  240.5500 9.231517e+05
  240.5600 9.231281e+05
  240.5700 9.231045e+05
  240.5800 9.230810e+05
  240.5900 9.230574e+05
  240.6000 9.230339e+05
  240.6100 9.230104e+05
  240.6200 9.229870e+05
  240.6300 9.229636e+05
  240.6400 9.229401e+05
  240.6500 9.229167e+05
  240.6600 9.228934e+05
  240.6700 9.228700e+05
  240.6800 9.228467e+05
  240.6900 9.228234e+05
  240.7000 9.228001e+05
  240.7100 9.227769e+05
  240.7200 9.227537e+05
  240.7300 9.227304e+05
  240.7400 9.227073e+05
  240.7500 9.226841e+05
  240.7600 9.226610e+05
  240.7700 9.226379e+05
  240.7800 9.226148e+05
  240.7900 9.225917e+05
  240.8000 9.225687e+05
  240.8100 9.225456e+05
  240.8200 9.225226e+05
  240.8300 9.224997e+05
  240.8400 9.224767e+05
  240.8500 9.224538e+05
  240.8600 9.224309e+05
  240.8700 9.224080e+05
  240.8800 9.223852e+05
  240.8900 9.223623e+05
  240.9000 9.223395e+05
  240.9100 9.223167e+05
  240.9200 9.222940e+05
  240.9300 9.222713e+05
  240.9400 9.222485e+05
  240.9500 9.222259e+05
  240.9600 9.222032e+05
  240.9700 9.221805e+05
  240.9800 9.221579e+05
  240.9900 9.221353e+05
  241.0000 9.221128e+05
  241.0100 9.220902e+05
  241.0200 9.220677e+05
  241.0300 9.220452e+05
  241.0400 9.220227e+05
  241.0500 9.220003e+05
  241.0600 9.219779e+05
  241.0700 9.219555e+05
  241.0800 9.219331e+05
  241.0900 9.219107e+05
  241.1000 9.218884e+05
  241.1100 9.218661e+05
  241.1200 9.218438e+05
  241.1300 9.218216e+05
  241.1400 9.217994e+05
  241.1500 9.217771e+05
  241.1600 9.217550e+05
  241.1700 9.217328e+05
  241.1800 9.217107e+05
  241.1900 9.216886e+05
  241.2000 9.216665e+05
  241.2100 9.216444e+05
  241.2200 9.216224e+05
  241.2300 9.216004e+05
  241.2400 9.215784e+05
  241.2500 9.215564e+05
  241.2600 9.215345e+05
  241.2700 9.215126e+05
  241.2800 9.214907e+05
  241.2900 9.214689e+05
  241.3000 9.214470e+05
  241.3100 9.214252e+05
  241.3200 9.214034e+05
  241.3300 9.213817e+05
  241.3400 9.213599e+05
  241.3500 9.213382e+05
  241.3600 9.213165e+05
  241.3700 9.212949e+05
  241.3800 9.212732e+05
  241.3900 9.212516e+05
  241.4000 9.212300e+05
  241.4100 9.212085e+05
  241.4200 9.211869e+05
  241.4300 9.211654e+05
  241.4400 9.211439e+05
  241.4500 9.211225e+05
  241.4600 9.211011e+05
  241.4700 9.210796e+05
  241.4800 9.210583e+05
  241.4900 9.210369e+05
  241.5000 9.210156e+05
  241.5100 9.209943e+05
  241.5200 9.209730e+05
  241.5300 9.209517e+05
  241.5400 9.209305e+05
  241.5500 9.209093e+05
  241.5600 9.208881e+05
  241.5700 9.208670e+05
  241.5800 9.208458e+05
  241.5900 9.208247e+05
  241.6000 9.208036e+05
  241.6100 9.207826e+05
  241.6200 9.207616e+05
  241.6300 9.207406e+05
  241.6400 9.207196e+05
  241.6500 9.206986e+05
  241.6600 9.206777e+05
  241.6700 9.206568e+05
  241.6800 9.206360e+05
  241.6900 9.206151e+05
  241.7000 9.205943e+05
  241.7100 9.205735e+05
  241.7200 9.205527e+05
  241.7300 9.205320e+05
  241.7400 9.205113e+05
  241.7500 9.204906e+05
  241.7600 9.204699e+05
  241.7700 9.204493e+05
  241.7800 9.204287e+05
  241.7900 9.204081e+05
  241.8000 9.203875e+05
  241.8100 9.203670e+05
  241.8200 9.203465e+05
  241.8300 9.203260e+05
  241.8400 9.203056e+05
  241.8500 9.202851e+05
  241.8600 9.202647e+05
  241.8700 9.202444e+05
  241.8800 9.202240e+05
  241.8900 9.202037e+05
  241.9000 9.201834e+05
  241.9100 9.201631e+05
  241.9200 9.201429e+05
  241.9300 9.201227e+05
  241.9400 9.201025e+05
  241.9500 9.200823e+05
  241.9600 9.200622e+05
  241.9700 9.200421e+05
  241.9800 9.200220e+05
  241.9900 9.200019e+05
  242.0000 9.199819e+05
  242.0100 9.199619e+05
  242.0200 9.199419e+05
  242.0300 9.199220e+05
  242.0400 9.199021e+05
  242.0500 9.198822e+05
  242.0600 9.198623e+05
  242.0700 9.198425e+05
  242.0800 9.198227e+05
  242.0900 9.198029e+05
  242.1000 9.197831e+05
  242.1100 9.197634e+05
  242.1200 9.197437e+05
  242.1300 9.197240e+05
  242.1400 9.197044e+05
  242.1500 9.196847e+05
  242.1600 9.196651e+05
  242.1700 9.196456e+05
  242.1800 9.196260e+05
  242.1900 9.196065e+05
  242.2000 9.195870e+05
  242.2100 9.195676e+05
  242.2200 9.195481e+05
  242.2300 9.195287e+05
  242.2400 9.195094e+05
  242.2500 9.194900e+05
  242.2600 9.194707e+05
  242.2700 9.194514e+05
  242.2800 9.194321e+05
  242.2900 9.194129e+05
  242.3000 9.193937e+05
  242.3100 9.193745e+05
  242.3200 9.193553e+05
  242.3300 9.193362e+05
  242.3400 9.193171e+05
  242.3500 9.192980e+05
  242.3600 9.192790e+05
  242.3700 9.192600e+05
  242.3800 9.192410e+05
  242.3900 9.192220e+05
  242.4000 9.192031e+05
  242.4100 9.191842e+05
  242.4200 9.191653e+05
  242.4300 9.191465e+05
  242.4400 9.191277e+05
  242.4500 9.191089e+05
  242.4600 9.190901e+05
  242.4700 9.190714e+05
  242.4800 9.190527e+05
  242.4900 9.190340e+05
  242.5000 9.190153e+05
  242.5100 9.189967e+05
  242.5200 9.189781e+05
  242.5300 9.189595e+05
  242.5400 9.189410e+05
  242.5500 9.189225e+05
  242.5600 9.189040e+05
  242.5700 9.188855e+05
  242.5800 9.188671e+05
  242.5900 9.188487e+05
  242.6000 9.188304e+05
  242.6100 9.188120e+05
  242.6200 9.187937e+05
  242.6300 9.187754e+05
  242.6400 9.187572e+05
  242.6500 9.187389e+05
  242.6600 9.187207e+05
  242.6700 9.187026e+05
  242.6800 9.186844e+05
  242.6900 9.186663e+05
  242.7000 9.186482e+05
  242.7100 9.186302e+05
  242.7200 9.186122e+05
  242.7300 9.185942e+05
  242.7400 9.185762e+05
  242.7500 9.185583e+05
  242.7600 9.185404e+05
  242.7700 9.185225e+05
  242.7800 9.185046e+05
  242.7900 9.184868e+05
  242.8000 9.184690e+05
  242.8100 9.184512e+05
  242.8200 9.184335e+05
  242.8300 9.184158e+05
  242.8400 9.183981e+05
  242.8500 9.183805e+05
  242.8600 9.183629e+05
  242.8700 9.183453e+05
  242.8800 9.183277e+05
  242.8900 9.183102e+05
  242.9000 9.182927e+05
  242.9100 9.182752e+05
  242.9200 9.182578e+05
  242.9300 9.182404e+05
  242.9400 9.182230e+05
  242.9500 9.182056e+05
  242.9600 9.181883e+05
  242.9700 9.181710e+05
  242.9800 9.181537e+05
  242.9900 9.181365e+05
  243.0000 9.181193e+05
  243.0100 9.181021e+05
  243.0200 9.180850e+05
  243.0300 9.180679e+05
  243.0400 9.180508e+05
  243.0500 9.180337e+05
  243.0600 9.180167e+05
  243.0700 9.179997e+05
  243.0800 9.179827e+05
  243.0900 9.179658e+05
  243.1000 9.179489e+05
  243.1100 9.179320e+05
  243.1200 9.179151e+05
  243.1300 9.178983e+05
  243.1400 9.178815e+05
  243.1500 9.178648e+05
  243.1600 9.178480e+05
  243.1700 9.178313e+05
  243.1800 9.178147e+05
  243.1900 9.177980e+05
  243.2000 9.177814e+05
  243.2100 9.177649e+05
  243.2200 9.177483e+05
  243.2300 9.177318e+05
  243.2400 9.177153e+05
  243.2500 9.176988e+05
  243.2600 9.176824e+05
  243.2700 9.176660e+05
  243.2800 9.176497e+05
  243.2900 9.176333e+05
  243.3000 9.176170e+05
  243.3100 9.176007e+05
  243.3200 9.175845e+05
  243.3300 9.175683e+05
  243.3400 9.175521e+05
  243.3500 9.175359e+05
  243.3600 9.175198e+05
  243.3700 9.175037e+05
  243.3800 9.174877e+05
  243.3900 9.174716e+05
  243.4000 9.174556e+05
  243.4100 9.174397e+05
  243.4200 9.174237e+05
  243.4300 9.174078e+05
  243.4400 9.173920e+05
  243.4500 9.173761e+05
  243.4600 9.173603e+05
  243.4700 9.173445e+05
  243.4800 9.173288e+05
  243.4900 9.173130e+05
  243.5000 9.172973e+05
  243.5100 9.172817e+05
  243.5200 9.172661e+05
  243.5300 9.172505e+05
  243.5400 9.172349e+05
  243.5500 9.172194e+05
  243.5600 9.172039e+05
  243.5700 9.171884e+05
  243.5800 9.171729e+05
  243.5900 9.171575e+05
  243.6000 9.171422e+05
  243.6100 9.171268e+05
  243.6200 9.171115e+05
  243.6300 9.170962e+05
  243.6400 9.170810e+05
  243.6500 9.170657e+05
  243.6600 9.170505e+05
  243.6700 9.170354e+05
  243.6800 9.170203e+05
  243.6900 9.170052e+05
  243.7000 9.169901e+05
  243.7100 9.169751e+05
  243.7200 9.169601e+05
  243.7300 9.169451e+05
  243.7400 9.169302e+05
  243.7500 9.169153e+05
  243.7600 9.169004e+05
  243.7700 9.168855e+05
  243.7800 9.168707e+05
  243.7900 9.168559e+05
  243.8000 9.168412e+05
  243.8100 9.168265e+05
  243.8200 9.168118e+05
  243.8300 9.167972e+05
  243.8400 9.167825e+05
  243.8500 9.167679e+05
  243.8600 9.167534e+05
  243.8700 9.167389e+05
  243.8800 9.167244e+05
  243.8900 9.167099e+05
  243.9000 9.166955e+05
  243.9100 9.166811e+05
  243.9200 9.166667e+05
  243.9300 9.166524e+05
  243.9400 9.166381e+05
  243.9500 9.166238e+05
  243.9600 9.166096e+05
  243.9700 9.165954e+05
  243.9800 9.165812e+05
  243.9900 9.165671e+05
  244.0000 9.165530e+05
  244.0100 9.165389e+05
  244.0200 9.165249e+05
  244.0300 9.165109e+05
  244.0400 9.164969e+05
  244.0500 9.164830e+05
  244.0600 9.164691e+05
  244.0700 9.164552e+05
  244.0800 9.164413e+05
  244.0900 9.164275e+05
  244.1000 9.164137e+05
  244.1100 9.164000e+05
  244.1200 9.163863e+05
  244.1300 9.163726e+05
  244.1400 9.163590e+05
  244.1500 9.163453e+05
  244.1600 9.163318e+05
  244.1700 9.163182e+05
  244.1800 9.163047e+05
  244.1900 9.162912e+05
  244.2000 9.162778e+05
  244.2100 9.162643e+05
  244.2200 9.162510e+05
  244.2300 9.162376e+05
  244.2400 9.162243e+05
  244.2500 9.162110e+05
  244.2600 9.161978e+05
  244.2700 9.161845e+05
  244.2800 9.161714e+05
  244.2900 9.161582e+05
  244.3000 9.161451e+05
  244.3100 9.161320e+05
  244.3200 9.161189e+05
  244.3300 9.161059e+05
  244.3400 9.160929e+05
  244.3500 9.160800e+05
  244.3600 9.160671e+05
  244.3700 9.160542e+05
  244.3800 9.160413e+05
  244.3900 9.160285e+05
  244.4000 9.160157e+05
  244.4100 9.160030e+05
  244.4200 9.159903e+05
  244.4300 9.159776e+05
  244.4400 9.159649e+05
  244.4500 9.159523e+05
  244.4600 9.159397e+05
  244.4700 9.159272e+05
  244.4800 9.159147e+05
  244.4900 9.159022e+05
  244.5000 9.158897e+05
  244.5100 9.158773e+05
  244.5200 9.158649e+05
  244.5300 9.158526e+05
  244.5400 9.158403e+05
  244.5500 9.158280e+05
  244.5600 9.158158e+05
  244.5700 9.158036e+05
  244.5800 9.157914e+05
  244.5900 9.157792e+05
  244.6000 9.157671e+05
  244.6100 9.157551e+05
  244.6200 9.157430e+05
  244.6300 9.157310e+05
  244.6400 9.157190e+05
  244.6500 9.157071e+05
  244.6600 9.156952e+05
  244.6700 9.156833e+05
  244.6800 9.156715e+05
  244.6900 9.156597e+05
  244.7000 9.156479e+05
  244.7100 9.156362e+05
  244.7200 9.156245e+05
  244.7300 9.156128e+05
  244.7400 9.156012e+05
  244.7500 9.155896e+05
  244.7600 9.155781e+05
  244.7700 9.155665e+05
  244.7800 9.155550e+05
  244.7900 9.155436e+05
  244.8000 9.155322e+05
  244.8100 9.155208e+05
  244.8200 9.155094e+05
  244.8300 9.154981e+05
  244.8400 9.154868e+05
  244.8500 9.154756e+05
  244.8600 9.154644e+05
  244.8700 9.154532e+05
  244.8800 9.154421e+05
  244.8900 9.154310e+05
  244.9000 9.154199e+05
  244.9100 9.154088e+05
  244.9200 9.153978e+05
  244.9300 9.153869e+05
  244.9400 9.153759e+05
  244.9500 9.153651e+05
  244.9600 9.153542e+05
  244.9700 9.153434e+05
  244.9800 9.153326e+05
  244.9900 9.153218e+05
  245.0000 9.153111e+05
  245.0100 9.153004e+05
  245.0200 9.152898e+05
  245.0300 9.152791e+05
  245.0400 9.152686e+05
  245.0500 9.152580e+05
  245.0600 9.152475e+05
  245.0700 9.152370e+05
  245.0800 9.152266e+05
  245.0900 9.152162e+05
  245.1000 9.152058e+05
  245.1100 9.151955e+05
  245.1200 9.151852e+05
  245.1300 9.151749e+05
  245.1400 9.151647e+05
  245.1500 9.151545e+05
  245.1600 9.151444e+05
  245.1700 9.151343e+05
  245.1800 9.151242e+05
  245.1900 9.151141e+05
  245.2000 9.151041e+05
  245.2100 9.150941e+05
  245.2200 9.150842e+05
  245.2300 9.150743e+05
  245.2400 9.150644e+05
  245.2500 9.150546e+05
  245.2600 9.150448e+05
  245.2700 9.150350e+05
  245.2800 9.150253e+05
  245.2900 9.150156e+05
  245.3000 9.150060e+05
  245.3100 9.149964e+05
  245.3200 9.149868e+05
  245.3300 9.149772e+05
  245.3400 9.149677e+05
  245.3500 9.149583e+05
  245.3600 9.149488e+05
  245.3700 9.149394e+05
  245.3800 9.149301e+05
  245.3900 9.149207e+05
  245.4000 9.149115e+05
  245.4100 9.149022e+05
  245.4200 9.148930e+05
  245.4300 9.148838e+05
  245.4400 9.148747e+05
  245.4500 9.148656e+05
  245.4600 9.148565e+05
  245.4700 9.148475e+05
  245.4800 9.148385e+05
  245.4900 9.148295e+05
  245.5000 9.148206e+05
  245.5100 9.148117e+05
  245.5200 9.148028e+05
  245.5300 9.147940e+05
  245.5400 9.147852e+05
  245.5500 9.147765e+05
  245.5600 9.147678e+05
  245.5700 9.147591e+05
  245.5800 9.147505e+05
  245.5900 9.147419e+05
  245.6000 9.147334e+05
  245.6100 9.147248e+05
  245.6200 9.147164e+05
  245.6300 9.147079e+05
  245.6400 9.146995e+05
  245.6500 9.146911e+05
  245.6600 9.146828e+05
  245.6700 9.146745e+05
  245.6800 9.146662e+05
  245.6900 9.146580e+05
  245.7000 9.146498e+05
  245.7100 9.146417e+05
  245.7200 9.146336e+05
  245.7300 9.146255e+05
  245.7400 9.146175e+05
  245.7500 9.146095e+05
  245.7600 9.146015e+05
  245.7700 9.145936e+05
  245.7800 9.145857e+05
  245.7900 9.145778e+05
  245.8000 9.145700e+05
  245.8100 9.145622e+05
  245.8200 9.145545e+05
  245.8300 9.145468e+05
  245.8400 9.145391e+05
  245.8500 9.145315e+05
  245.8600 9.145239e+05
  245.8700 9.145164e+05
  245.8800 9.145089e+05
  245.8900 9.145014e+05
  245.9000 9.144940e+05
  245.9100 9.144866e+05
  245.9200 9.144792e+05
  245.9300 9.144719e+05
  245.9400 9.144646e+05
  245.9500 9.144574e+05
  245.9600 9.144501e+05
  245.9700 9.144430e+05
  245.9800 9.144358e+05
  245.9900 9.144287e+05
  246.0000 9.144217e+05
  246.0100 9.144147e+05
  246.0200 9.144077e+05
  246.0300 9.144007e+05
  246.0400 9.143938e+05
  246.0500 9.143870e+05
  246.0600 9.143801e+05
  246.0700 9.143734e+05
  246.0800 9.143666e+05
  246.0900 9.143599e+05
  246.1000 9.143532e+05
  246.1100 9.143466e+05
  246.1200 9.143400e+05
  246.1300 9.143334e+05
  246.1400 9.143269e+05
  246.1500 9.143204e+05
  246.1600 9.143140e+05
  246.1700 9.143076e+05
  246.1800 9.143012e+05
  246.1900 9.142949e+05
  246.2000 9.142886e+05
  246.2100 9.142823e+05
  246.2200 9.142761e+05
  246.2300 9.142699e+05
  246.2400 9.142638e+05
  246.2500 9.142577e+05
  246.2600 9.142516e+05
  246.2700 9.142456e+05
  246.2800 9.142396e+05
  246.2900 9.142337e+05
  246.3000 9.142278e+05
  246.3100 9.142219e+05
  246.3200 9.142161e+05
  246.3300 9.142103e+05
  246.3400 9.142046e+05
  246.3500 9.141989e+05
  246.3600 9.141932e+05
  246.3700 9.141876e+05
  246.3800 9.141820e+05
  246.3900 9.141764e+05
  246.4000 9.141709e+05
  246.4100 9.141654e+05
  246.4200 9.141600e+05
  246.4300 9.141546e+05
  246.4400 9.141492e+05
  246.4500 9.141439e+05
  246.4600 9.141387e+05
  246.4700 9.141334e+05
  246.4800 9.141282e+05
  246.4900 9.141231e+05
  246.5000 9.141179e+05
  246.5100 9.141129e+05
  246.5200 9.141078e+05
  246.5300 9.141028e+05
  246.5400 9.140979e+05
  246.5500 9.140929e+05
  246.5600 9.140881e+05
  246.5700 9.140832e+05
  246.5800 9.140784e+05
  246.5900 9.140736e+05
  246.6000 9.140689e+05
  246.6100 9.140642e+05
  246.6200 9.140596e+05
  246.6300 9.140550e+05
  246.6400 9.140504e+05
  246.6500 9.140459e+05
  246.6600 9.140414e+05
  246.6700 9.140370e+05
  246.6800 9.140326e+05
  246.6900 9.140282e+05
  246.7000 9.140239e+05
  246.7100 9.140196e+05
  246.7200 9.140153e+05
  246.7300 9.140111e+05
  246.7400 9.140070e+05
  246.7500 9.140028e+05
  246.7600 9.139988e+05
  246.7700 9.139947e+05
  246.7800 9.139907e+05
  246.7900 9.139867e+05
  246.8000 9.139828e+05
  246.8100 9.139789e+05
  246.8200 9.139751e+05
  246.8300 9.139713e+05
  246.8400 9.139675e+05
  246.8500 9.139638e+05
  246.8600 9.139601e+05
  246.8700 9.139565e+05
  246.8800 9.139529e+05
  246.8900 9.139493e+05
  246.9000 9.139458e+05
  246.9100 9.139423e+05
  246.9200 9.139389e+05
  246.9300 9.139355e+05
  246.9400 9.139321e+05
  246.9500 9.139288e+05
  246.9600 9.139255e+05
  246.9700 9.139223e+05
  246.9800 9.139191e+05
  246.9900 9.139160e+05
  247.0000 9.139128e+05
  247.0100 9.139098e+05
  247.0200 9.139067e+05
  247.0300 9.139038e+05
  247.0400 9.139008e+05
  247.0500 9.138979e+05
  247.0600 9.138950e+05
  247.0700 9.138922e+05
  247.0800 9.138894e+05
  247.0900 9.138867e+05
  247.1000 9.138840e+05
  247.1100 9.138813e+05
  247.1200 9.138787e+05
  247.1300 9.138761e+05
  247.1400 9.138736e+05
  247.1500 9.138711e+05
  247.1600 9.138686e+05
  247.1700 9.138662e+05
  247.1800 9.138638e+05
  247.1900 9.138615e+05
  247.2000 9.138592e+05
  247.2100 9.138570e+05
  247.2200 9.138548e+05
  247.2300 9.138526e+05
  247.2400 9.138505e+05
  247.2500 9.138484e+05
  247.2600 9.138464e+05
  247.2700 9.138444e+05
  247.2800 9.138424e+05
  247.2900 9.138405e+05
  247.3000 9.138386e+05
  247.3100 9.138368e+05
  247.3200 9.138350e+05
  247.3300 9.138332e+05
  247.3400 9.138315e+05
  247.3500 9.138299e+05
  247.3600 9.138282e+05
  247.3700 9.138267e+05
  247.3800 9.138251e+05
  247.3900 9.138236e+05
  247.4000 9.138222e+05
  247.4100 9.138208e+05
  247.4200 9.138194e+05
  247.4300 9.138180e+05
  247.4400 9.138168e+05
  247.4500 9.138155e+05
  247.4600 9.138143e+05
  247.4700 9.138132e+05
  247.4800 9.138120e+05
  247.4900 9.138110e+05
  247.5000 9.138099e+05
  247.5100 9.138089e+05
  247.5200 9.138080e+05
  247.5300 9.138071e+05
  247.5400 9.138062e+05
  247.5500 9.138054e+05
  247.5600 9.138046e+05
  247.5700 9.138039e+05
  247.5800 9.138032e+05
  247.5900 9.138025e+05
  247.6000 9.138019e+05
  247.6100 9.138013e+05
  247.6200 9.138008e+05
  247.6300 9.138003e+05
  247.6400 9.137999e+05
  247.6500 9.137995e+05
  247.6600 9.137991e+05
  247.6700 9.137988e+05
  247.6800 9.137986e+05
  247.6900 9.137983e+05
  247.7000 9.137981e+05
  247.7100 9.137980e+05
  247.7200 9.137979e+05
  247.7300 9.137978e+05
  247.7400 9.137978e+05
  247.7500 9.137979e+05
  247.7600 9.137979e+05
  247.7700 9.137981e+05
  247.7800 9.137982e+05
  247.7900 9.137984e+05
  247.8000 9.137987e+05
  247.8100 9.137990e+05
  247.8200 9.137993e+05
  247.8300 9.137997e+05
  247.8400 9.138001e+05
  247.8500 9.138005e+05
  247.8600 9.138010e+05
  247.8700 9.138016e+05
  247.8800 9.138022e+05
  247.8900 9.138028e+05
  247.9000 9.138035e+05
  247.9100 9.138042e+05
  247.9200 9.138050e+05
  247.9300 9.138058e+05
  247.9400 9.138066e+05
  247.9500 9.138075e+05
  247.9600 9.138085e+05
  247.9700 9.138095e+05
  247.9800 9.138105e+05
  247.9900 9.138116e+05
  248.0000 9.138127e+05
  248.0100 9.138138e+05
  248.0200 9.138150e+05
  248.0300 9.138163e+05
  248.0400 9.138176e+05
  248.0500 9.138189e+05
  248.0600 9.138203e+05
  248.0700 9.138217e+05
  248.0800 9.138231e+05
  248.0900 9.138247e+05
  248.1000 9.138262e+05
  248.1100 9.138278e+05
  248.1200 9.138294e+05
  248.1300 9.138311e+05
  248.1400 9.138329e+05
  248.1500 9.138346e+05
  248.1600 9.138364e+05
  248.1700 9.138383e+05
  248.1800 9.138402e+05
  248.1900 9.138422e+05
  248.2000 9.138441e+05
  248.2100 9.138462e+05
  248.2200 9.138483e+05
  248.2300 9.138504e+05
  248.2400 9.138526e+05
  248.2500 9.138548e+05
  248.2600 9.138570e+05
  248.2700 9.138593e+05
  248.2800 9.138617e+05
  248.2900 9.138641e+05
  248.3000 9.138665e+05
  248.3100 9.138690e+05
  248.3200 9.138715e+05
  248.3300 9.138741e+05
  248.3400 9.138767e+05
  248.3500 9.138793e+05
  248.3600 9.138821e+05
  248.3700 9.138848e+05
  248.3800 9.138876e+05
  248.3900 9.138904e+05
  248.4000 9.138933e+05
  248.4100 9.138962e+05
  248.4200 9.138992e+05
  248.4300 9.139022e+05
  248.4400 9.139053e+05
  248.4500 9.139084e+05
  248.4600 9.139115e+05
  248.4700 9.139147e+05
  248.4800 9.139180e+05
  248.4900 9.139213e+05
  248.5000 9.139246e+05
  248.5100 9.139280e+05
  248.5200 9.139314e+05
  248.5300 9.139349e+05
  248.5400 9.139384e+05
  248.5500 9.139419e+05
  248.5600 9.139455e+05
  248.5700 9.139492e+05
  248.5800 9.139529e+05
  248.5900 9.139566e+05
  248.6000 9.139604e+05
  248.6100 9.139642e+05
  248.6200 9.139681e+05
  248.6300 9.139720e+05
  248.6400 9.139760e+05
  248.6500 9.139800e+05
  248.6600 9.139841e+05
  248.6700 9.139882e+05
  248.6800 9.139923e+05
  248.6900 9.139965e+05
  248.7000 9.140007e+05
  248.7100 9.140050e+05
  248.7200 9.140093e+05
  248.7300 9.140137e+05
  248.7400 9.140181e+05
  248.7500 9.140226e+05
  248.7600 9.140271e+05
  248.7700 9.140317e+05
  248.7800 9.140363e+05
  248.7900 9.140409e+05
  248.8000 9.140456e+05
  248.8100 9.140504e+05
  248.8200 9.140552e+05
  248.8300 9.140600e+05
  248.8400 9.140649e+05
  248.8500 9.140698e+05
  248.8600 9.140748e+05
  248.8700 9.140798e+05
  248.8800 9.140849e+05
  248.8900 9.140900e+05
  248.9000 9.140951e+05
  248.9100 9.141003e+05
  248.9200 9.141056e+05
  248.9300 9.141109e+05
  248.9400 9.141162e+05
  248.9500 9.141216e+05
  248.9600 9.141270e+05
  248.9700 9.141325e+05
  248.9800 9.141380e+05
  248.9900 9.141436e+05
  249.0000 9.141492e+05
  249.0100 9.141549e+05
  249.0200 9.141606e+05
  249.0300 9.141664e+05
  249.0400 9.141722e+05
  249.0500 9.141780e+05
  249.0600 9.141839e+05
  249.0700 9.141899e+05
  249.0800 9.141959e+05
  249.0900 9.142019e+05
  249.1000 9.142080e+05
  249.1100 9.142141e+05
  249.1200 9.142203e+05
  249.1300 9.142265e+05
  249.1400 9.142328e+05
  249.1500 9.142391e+05
  249.1600 9.142455e+05
  249.1700 9.142519e+05
  249.1800 9.142584e+05
  249.1900 9.142649e+05
  249.2000 9.142714e+05
  249.2100 9.142780e+05
  249.2200 9.142847e+05
  249.2300 9.142914e+05
  249.2400 9.142981e+05
  249.2500 9.143049e+05
  249.2600 9.143117e+05
  249.2700 9.143186e+05
  249.2800 9.143256e+05
  249.2900 9.143325e+05
  249.3000 9.143396e+05
  249.3100 9.143466e+05
  249.3200 9.143538e+05
  249.3300 9.143609e+05
  249.3400 9.143681e+05
  249.3500 9.143754e+05
  249.3600 9.143827e+05
  249.3700 9.143901e+05
  249.3800 9.143975e+05
  249.3900 9.144049e+05
  249.4000 9.144124e+05
  249.4100 9.144200e+05
  249.4200 9.144276e+05
  249.4300 9.144352e+05
  249.4400 9.144429e+05
  249.4500 9.144507e+05
  249.4600 9.144584e+05
  249.4700 9.144663e+05
  249.4800 9.144742e+05
  249.4900 9.144821e+05
  249.5000 9.144901e+05
  249.5100 9.144981e+05
  249.5200 9.145062e+05
  249.5300 9.145143e+05
  249.5400 9.145225e+05
  249.5500 9.145307e+05
  249.5600 9.145389e+05
  249.5700 9.145473e+05
  249.5800 9.145556e+05
  249.5900 9.145640e+05
  249.6000 9.145725e+05
  249.6100 9.145810e+05
  249.6200 9.145895e+05
  249.6300 9.145982e+05
  249.6400 9.146068e+05
  249.6500 9.146155e+05
  249.6600 9.146243e+05
  249.6700 9.146330e+05
  249.6800 9.146419e+05
  249.6900 9.146508e+05
  249.7000 9.146597e+05
  249.7100 9.146687e+05
  249.7200 9.146778e+05
  249.7300 9.146868e+05
  249.7400 9.146960e+05
  249.7500 9.147052e+05
  249.7600 9.147144e+05
  249.7700 9.147237e+05
  249.7800 9.147330e+05
  249.7900 9.147424e+05
  249.8000 9.147518e+05
  249.8100 9.147613e+05
  249.8200 9.147708e+05
  249.8300 9.147804e+05
  249.8400 9.147900e+05
  249.8500 9.147997e+05
  249.8600 9.148094e+05
  249.8700 9.148192e+05
  249.8800 9.148290e+05
  249.8900 9.148388e+05
  249.9000 9.148488e+05
  249.9100 9.148587e+05
  249.9200 9.148687e+05
  249.9300 9.148788e+05
  249.9400 9.148889e+05
  249.9500 9.148991e+05
  249.9600 9.149093e+05
  249.9700 9.149195e+05
  249.9800 9.149299e+05
  249.9900 9.149402e+05
  250.0000 9.149506e+05
  250.0100 9.149611e+05
  250.0200 9.149716e+05
  250.0300 9.149821e+05
  250.0400 9.149927e+05
  250.0500 9.150034e+05
  250.0600 9.150141e+05
  250.0700 9.150248e+05
  250.0800 9.150357e+05
  250.0900 9.150465e+05
  250.1000 9.150574e+05
  250.1100 9.150683e+05
  250.1200 9.150793e+05
  250.1300 9.150904e+05
  250.1400 9.151015e+05
  250.1500 9.151126e+05
  250.1600 9.151238e+05
  250.1700 9.151351e+05
  250.1800 9.151464e+05
  250.1900 9.151577e+05
  250.2000 9.151691e+05
  250.2100 9.151805e+05
  250.2200 9.151920e+05
  250.2300 9.152036e+05
  250.2400 9.152152e+05
  250.2500 9.152268e+05
  250.2600 9.152385e+05
  250.2700 9.152502e+05
  250.2800 9.152620e+05
  250.2900 9.152738e+05
  250.3000 9.152857e+05
  250.3100 9.152977e+05
  250.3200 9.153096e+05
  250.3300 9.153217e+05
  250.3400 9.153337e+05
  250.3500 9.153459e+05
  250.3600 9.153580e+05
  250.3700 9.153703e+05
  250.3800 9.153825e+05
  250.3900 9.153949e+05
  250.4000 9.154072e+05
  250.4100 9.154197e+05
  250.4200 9.154321e+05
  250.4300 9.154447e+05
  250.4400 9.154572e+05
  250.4500 9.154698e+05
  250.4600 9.154825e+05
  250.4700 9.154952e+05
  250.4800 9.155080e+05
  250.4900 9.155208e+05
  250.5000 9.155337e+05
  250.5100 9.155466e+05
  250.5200 9.155595e+05
  250.5300 9.155726e+05
  250.5400 9.155856e+05
  250.5500 9.155987e+05
  250.5600 9.156119e+05
  250.5700 9.156251e+05
  250.5800 9.156383e+05
  250.5900 9.156516e+05
  250.6000 9.156650e+05
  250.6100 9.156784e+05
  250.6200 9.156918e+05
  250.6300 9.157053e+05
  250.6400 9.157189e+05
  250.6500 9.157325e+05
  250.6600 9.157461e+05
  250.6700 9.157598e+05
  250.6800 9.157736e+05
  250.6900 9.157874e+05
  250.7000 9.158012e+05
  250.7100 9.158151e+05
  250.7200 9.158290e+05
  250.7300 9.158430e+05
  250.7400 9.158571e+05
  250.7500 9.158711e+05
  250.7600 9.158853e+05
  250.7700 9.158995e+05
  250.7800 9.159137e+05
  250.7900 9.159280e+05
  250.8000 9.159423e+05
  250.8100 9.159567e+05
  250.8200 9.159711e+05
  250.8300 9.159856e+05
  250.8400 9.160001e+05
  250.8500 9.160147e+05
  250.8600 9.160293e+05
  250.8700 9.160440e+05
  250.8800 9.160587e+05
  250.8900 9.160734e+05
  250.9000 9.160883e+05
  250.9100 9.161031e+05
  250.9200 9.161180e+05
  250.9300 9.161330e+05
  250.9400 9.161480e+05
  250.9500 9.161631e+05
  250.9600 9.161782e+05
  250.9700 9.161933e+05
  250.9800 9.162085e+05
  250.9900 9.162238e+05
  251.0000 9.162391e+05
  251.0100 9.162544e+05
  251.0200 9.162698e+05
  251.0300 9.162853e+05
  251.0400 9.163008e+05
  251.0500 9.163163e+05
  251.0600 9.163319e+05
  251.0700 9.163476e+05
  251.0800 9.163632e+05
  251.0900 9.163790e+05
  251.1000 9.163948e+05
  251.1100 9.164106e+05
  251.1200 9.164265e+05
  251.1300 9.164424e+05
  251.1400 9.164584e+05
  251.1500 9.164744e+05
  251.1600 9.164905e+05
  251.1700 9.165066e+05
  251.1800 9.165228e+05
  251.1900 9.165390e+05
  251.2000 9.165553e+05
  251.2100 9.165716e+05
  251.2200 9.165880e+05
  251.2300 9.166044e+05
  251.2400 9.166209e+05
  251.2500 9.166374e+05
  251.2600 9.166540e+05
  251.2700 9.166706e+05
  251.2800 9.166872e+05
  251.2900 9.167039e+05
  251.3000 9.167207e+05
  251.3100 9.167375e+05
  251.3200 9.167544e+05
  251.3300 9.167713e+05
  251.3400 9.167882e+05
  251.3500 9.168052e+05
  251.3600 9.168223e+05
  251.3700 9.168394e+05
  251.3800 9.168565e+05
  251.3900 9.168737e+05
  251.4000 9.168909e+05
  251.4100 9.169082e+05
  251.4200 9.169256e+05
  251.4300 9.169429e+05
  251.4400 9.169604e+05
  251.4500 9.169779e+05
  251.4600 9.169954e+05
  251.4700 9.170130e+05
  251.4800 9.170306e+05
  251.4900 9.170483e+05
  251.5000 9.170660e+05
  251.5100 9.170838e+05
  251.5200 9.171016e+05
  251.5300 9.171195e+05
  251.5400 9.171374e+05
  251.5500 9.171553e+05
  251.5600 9.171733e+05
  251.5700 9.171914e+05
  251.5800 9.172095e+05
  251.5900 9.172277e+05
  251.6000 9.172459e+05
  251.6100 9.172641e+05
  251.6200 9.172824e+05
  251.6300 9.173008e+05
  251.6400 9.173192e+05
  251.6500 9.173376e+05
  251.6600 9.173561e+05
  251.6700 9.173747e+05
  251.6800 9.173933e+05
  251.6900 9.174119e+05
  251.7000 9.174306e+05
  251.7100 9.174493e+05
  251.7200 9.174681e+05
  251.7300 9.174869e+05
  251.7400 9.175058e+05
  251.7500 9.175247e+05
  251.7600 9.175437e+05
  251.7700 9.175627e+05
  251.7800 9.175818e+05
  251.7900 9.176009e+05
  251.8000 9.176201e+05
  251.8100 9.176393e+05
  251.8200 9.176586e+05
  251.8300 9.176779e+05
  251.8400 9.176972e+05
  251.8500 9.177167e+05
  251.8600 9.177361e+05
  251.8700 9.177556e+05
  251.8800 9.177752e+05
  251.8900 9.177948e+05
  251.9000 9.178144e+05
  251.9100 9.178341e+05
  251.9200 9.178539e+05
  251.9300 9.178736e+05
  251.9400 9.178935e+05
  251.9500 9.179134e+05
  251.9600 9.179333e+05
  251.9700 9.179533e+05
  251.9800 9.179733e+05
  251.9900 9.179934e+05
  252.0000 9.180135e+05
  252.0100 9.180337e+05
  252.0200 9.180539e+05
  252.0300 9.180742e+05
  252.0400 9.180945e+05
  252.0500 9.181149e+05
  252.0600 9.181353e+05
  252.0700 9.181558e+05
  252.0800 9.181763e+05
  252.0900 9.181968e+05
  252.1000 9.182174e+05
  252.1100 9.182381e+05
  252.1200 9.182588e+05
  252.1300 9.182795e+05
  252.1400 9.183003e+05
  252.1500 9.183212e+05
  252.1600 9.183421e+05
  252.1700 9.183630e+05
  252.1800 9.183840e+05
  252.1900 9.184050e+05
  252.2000 9.184261e+05
  252.2100 9.184473e+05
  252.2200 9.184684e+05
  252.2300 9.184897e+05
  252.2400 9.185109e+05
  252.2500 9.185323e+05
  252.2600 9.185536e+05
  252.2700 9.185750e+05
  252.2800 9.185965e+05
  252.2900 9.186180e+05
  252.3000 9.186396e+05
  252.3100 9.186612e+05
  252.3200 9.186829e+05
  252.3300 9.187046e+05
  252.3400 9.187263e+05
  252.3500 9.187481e+05
  252.3600 9.187700e+05
  252.3700 9.187919e+05
  252.3800 9.188138e+05
  252.3900 9.188358e+05
  252.4000 9.188578e+05
  252.4100 9.188799e+05
  252.4200 9.189020e+05
  252.4300 9.189242e+05
  252.4400 9.189465e+05
  252.4500 9.189687e+05
  252.4600 9.189911e+05
  252.4700 9.190134e+05
  252.4800 9.190358e+05
  252.4900 9.190583e+05
  252.5000 9.190808e+05
  252.5100 9.191034e+05
  252.5200 9.191260e+05
  252.5300 9.191487e+05
  252.5400 9.191714e+05
  252.5500 9.191941e+05
  252.5600 9.192169e+05
  252.5700 9.192398e+05
  252.5800 9.192626e+05
  252.5900 9.192856e+05
  252.6000 9.193086e+05
  252.6100 9.193316e+05
  252.6200 9.193547e+05
  252.6300 9.193778e+05
  252.6400 9.194010e+05
  252.6500 9.194242e+05
  252.6600 9.194475e+05
  252.6700 9.194708e+05
  252.6800 9.194942e+05
  252.6900 9.195176e+05
  252.7000 9.195411e+05
  252.7100 9.195646e+05
  252.7200 9.195882e+05
  252.7300 9.196118e+05
  252.7400 9.196354e+05
  252.7500 9.196591e+05
  252.7600 9.196829e+05
  252.7700 9.197067e+05
  252.7800 9.197305e+05
  252.7900 9.197544e+05
  252.8000 9.197783e+05
  252.8100 9.198023e+05
  252.8200 9.198263e+05
  252.8300 9.198504e+05
  252.8400 9.198746e+05
  252.8500 9.198987e+05
  252.8600 9.199229e+05
  252.8700 9.199472e+05
  252.8800 9.199715e+05
  252.8900 9.199959e+05
  252.9000 9.200203e+05
  252.9100 9.200448e+05
  252.9200 9.200693e+05
  252.9300 9.200938e+05
  252.9400 9.201184e+05
  252.9500 9.201431e+05
  252.9600 9.201678e+05
  252.9700 9.201925e+05
  252.9800 9.202173e+05
  252.9900 9.202421e+05
  253.0000 9.202670e+05
  253.0100 9.202919e+05
  253.0200 9.203169e+05
  253.0300 9.203420e+05
  253.0400 9.203670e+05
  253.0500 9.203921e+05
  253.0600 9.204173e+05
  253.0700 9.204425e+05
  253.0800 9.204678e+05
  253.0900 9.204931e+05
  253.1000 9.205184e+05
  253.1100 9.205439e+05
  253.1200 9.205693e+05
  253.1300 9.205948e+05
  253.1400 9.206203e+05
  253.1500 9.206459e+05
  253.1600 9.206716e+05
  253.1700 9.206973e+05
  253.1800 9.207230e+05
  253.1900 9.207488e+05
  253.2000 9.207746e+05
  253.2100 9.208005e+05
  253.2200 9.208264e+05
  253.2300 9.208524e+05
  253.2400 9.208784e+05
  253.2500 9.209044e+05
  253.2600 9.209305e+05
  253.2700 9.209567e+05
  253.2800 9.209829e+05
  253.2900 9.210091e+05
  253.3000 9.210354e+05
  253.3100 9.210618e+05
  253.3200 9.210882e+05
  253.3300 9.211146e+05
  253.3400 9.211411e+05
  253.3500 9.211676e+05
  253.3600 9.211942e+05
  253.3700 9.212208e+05
  253.3800 9.212475e+05
  253.3900 9.212742e+05
  253.4000 9.213010e+05
  253.4100 9.213278e+05
  253.4200 9.213547e+05
  253.4300 9.213816e+05
  253.4400 9.214085e+05
  253.4500 9.214355e+05
  253.4600 9.214626e+05
  253.4700 9.214897e+05
  253.4800 9.215168e+05
  253.4900 9.215440e+05
  253.5000 9.215712e+05
  253.5100 9.215985e+05
  253.5200 9.216259e+05
  253.5300 9.216532e+05
  253.5400 9.216807e+05
  253.5500 9.217081e+05
  253.5600 9.217356e+05
  253.5700 9.217632e+05
  253.5800 9.217908e+05
  253.5900 9.218185e+05
  253.6000 9.218462e+05
  253.6100 9.218739e+05
  253.6200 9.219017e+05
  253.6300 9.219296e+05
  253.6400 9.219575e+05
  253.6500 9.219854e+05
  253.6600 9.220134e+05
  253.6700 9.220414e+05
  253.6800 9.220695e+05
  253.6900 9.220976e+05
  253.7000 9.221258e+05
  253.7100 9.221540e+05
  253.7200 9.221823e+05
  253.7300 9.222106e+05
  253.7400 9.222389e+05
  253.7500 9.222673e+05
  253.7600 9.222958e+05
  253.7700 9.223243e+05
  253.7800 9.223528e+05
  253.7900 9.223814e+05
  253.8000 9.224101e+05
  253.8100 9.224388e+05
  253.8200 9.224675e+05
  253.8300 9.224963e+05
  253.8400 9.225251e+05
  253.8500 9.225540e+05
  253.8600 9.225829e+05
  253.8700 9.226118e+05
  253.8800 9.226409e+05
  253.8900 9.226699e+05
  253.9000 9.226990e+05
  253.9100 9.227282e+05
  253.9200 9.227574e+05
  253.9300 9.227866e+05
  253.9400 9.228159e+05
  253.9500 9.228452e+05
  253.9600 9.228746e+05
  253.9700 9.229041e+05
  253.9800 9.229335e+05
  253.9900 9.229631e+05
  254.0000 9.229926e+05
  254.0100 9.230222e+05
  254.0200 9.230519e+05
  254.0300 9.230816e+05
  254.0400 9.231114e+05
  254.0500 9.231412e+05
  254.0600 9.231710e+05
  254.0700 9.232009e+05
  254.0800 9.232309e+05
  254.0900 9.232609e+05
  254.1000 9.232909e+05
  254.1100 9.233210e+05
  254.1200 9.233511e+05
  254.1300 9.233813e+05
  254.1400 9.234115e+05
  254.1500 9.234418e+05
  254.1600 9.234721e+05
  254.1700 9.235024e+05
  254.1800 9.235328e+05
  254.1900 9.235633e+05
  254.2000 9.235938e+05
  254.2100 9.236243e+05
  254.2200 9.236549e+05
  254.2300 9.236856e+05
  254.2400 9.237163e+05
  254.2500 9.237470e+05
  254.2600 9.237778e+05
  254.2700 9.238086e+05
  254.2800 9.238395e+05
  254.2900 9.238704e+05
  254.3000 9.239013e+05
  254.3100 9.239323e+05
  254.3200 9.239634e+05
  254.3300 9.239945e+05
  254.3400 9.240256e+05
  254.3500 9.240568e+05
  254.3600 9.240881e+05
  254.3700 9.241194e+05
  254.3800 9.241507e+05
  254.3900 9.241821e+05
  254.4000 9.242135e+05
  254.4100 9.242450e+05
  254.4200 9.242765e+05
  254.4300 9.243081e+05
  254.4400 9.243397e+05
  254.4500 9.243713e+05
  254.4600 9.244030e+05
  254.4700 9.244348e+05
  254.4800 9.244666e+05
  254.4900 9.244984e+05
  254.5000 9.245303e+05
  254.5100 9.245622e+05
  254.5200 9.245942e+05
  254.5300 9.246262e+05
  254.5400 9.246583e+05
  254.5500 9.246904e+05
  254.5600 9.247226e+05
  254.5700 9.247548e+05
  254.5800 9.247871e+05
  254.5900 9.248194e+05
  254.6000 9.248517e+05
  254.6100 9.248841e+05
  254.6200 9.249166e+05
  254.6300 9.249490e+05
  254.6400 9.249816e+05
  254.6500 9.250142e+05
  254.6600 9.250468e+05
  254.6700 9.250795e+05
  254.6800 9.251122e+05
  254.6900 9.251449e+05
  254.7000 9.251777e+05
  254.7100 9.252106e+05
  254.7200 9.252435e+05
  254.7300 9.252765e+05
  254.7400 9.253094e+05
  254.7500 9.253425e+05
  254.7600 9.253756e+05
  254.7700 9.254087e+05
  254.7800 9.254419e+05
  254.7900 9.254751e+05
  254.8000 9.255084e+05
  254.8100 9.255417e+05
  254.8200 9.255751e+05
  254.8300 9.256085e+05
  254.8400 9.256419e+05
  254.8500 9.256754e+05
  254.8600 9.257090e+05
  254.8700 9.257426e+05
  254.8800 9.257762e+05
  254.8900 9.258099e+05
  254.9000 9.258436e+05
  254.9100 9.258774e+05
  254.9200 9.259112e+05
  254.9300 9.259451e+05
  254.9400 9.259790e+05
  254.9500 9.260129e+05
  254.9600 9.260469e+05
  254.9700 9.260810e+05
  254.9800 9.261151e+05
  254.9900 9.261492e+05
  255.0000 9.261834e+05
  255.0100 9.262177e+05
  255.0200 9.262519e+05
  255.0300 9.262863e+05
  255.0400 9.263206e+05
  255.0500 9.263550e+05
  255.0600 9.263895e+05
  255.0700 9.264240e+05
  255.0800 9.264586e+05
  255.0900 9.264932e+05
  255.1000 9.265278e+05
  255.1100 9.265625e+05
  255.1200 9.265972e+05
  255.1300 9.266320e+05
  255.1400 9.266669e+05
  255.1500 9.267017e+05
  255.1600 9.267367e+05
  255.1700 9.267716e+05
  255.1800 9.268066e+05
  255.1900 9.268417e+05
  255.2000 9.268768e+05
  255.2100 9.269119e+05
  255.2200 9.269471e+05
  255.2300 9.269824e+05
  255.2400 9.270177e+05
  255.2500 9.270530e+05
  255.2600 9.270884e+05
  255.2700 9.271238e+05
  255.2800 9.271593e+05
  255.2900 9.271948e+05
  255.3000 9.272303e+05
  255.3100 9.272659e+05
  255.3200 9.273016e+05
  255.3300 9.273373e+05
  255.3400 9.273730e+05
  255.3500 9.274088e+05
  255.3600 9.274446e+05
  255.3700 9.274805e+05
  255.3800 9.275164e+05
  255.3900 9.275524e+05
  255.4000 9.275884e+05
  255.4100 9.276245e+05
  255.4200 9.276606e+05
  255.4300 9.276968e+05
  255.4400 9.277330e+05
  255.4500 9.277692e+05
  255.4600 9.278055e+05
  255.4700 9.278418e+05
  255.4800 9.278782e+05
  255.4900 9.279146e+05
  255.5000 9.279511e+05
  255.5100 9.279876e+05
  255.5200 9.280242e+05
  255.5300 9.280608e+05
  255.5400 9.280974e+05
  255.5500 9.281341e+05
  255.5600 9.281709e+05
  255.5700 9.282077e+05
  255.5800 9.282445e+05
  255.5900 9.282814e+05
  255.6000 9.283183e+05
  255.6100 9.283553e+05
  255.6200 9.283923e+05
  255.6300 9.284293e+05
  255.6400 9.284665e+05
  255.6500 9.285036e+05
  255.6600 9.285408e+05
  255.6700 9.285780e+05
  255.6800 9.286153e+05
  255.6900 9.286527e+05
  255.7000 9.286900e+05
  255.7100 9.287275e+05
  255.7200 9.287649e+05
  255.7300 9.288025e+05
  255.7400 9.288400e+05
  255.7500 9.288776e+05
  255.7600 9.289153e+05
  255.7700 9.289530e+05
  255.7800 9.289907e+05
  255.7900 9.290285e+05
  255.8000 9.290663e+05
  255.8100 9.291042e+05
  255.8200 9.291421e+05
  255.8300 9.291801e+05
  255.8400 9.292181e+05
  255.8500 9.292562e+05
  255.8600 9.292943e+05
  255.8700 9.293324e+05
  255.8800 9.293706e+05
  255.8900 9.294089e+05
  255.9000 9.294471e+05
  255.9100 9.294855e+05
  255.9200 9.295238e+05
  255.9300 9.295623e+05
  255.9400 9.296007e+05
  255.9500 9.296392e+05
  255.9600 9.296778e+05
  255.9700 9.297164e+05
  255.9800 9.297550e+05
  255.9900 9.297937e+05
  256.0000 9.298325e+05
  256.0100 9.298712e+05
  256.0200 9.299101e+05
  256.0300 9.299489e+05
  256.0400 9.299879e+05
  256.0500 9.300268e+05
  256.0600 9.300658e+05
  256.0700 9.301049e+05
  256.0800 9.301440e+05
  256.0900 9.301831e+05
  256.1000 9.302223e+05
  256.1100 9.302615e+05
  256.1200 9.303008e+05
  256.1300 9.303401e+05
  256.1400 9.303795e+05
  256.1500 9.304189e+05
  256.1600 9.304584e+05
  256.1700 9.304979e+05
  256.1800 9.305374e+05
  256.1900 9.305770e+05
  256.2000 9.306167e+05
  256.2100 9.306563e+05
  256.2200 9.306961e+05
  256.2300 9.307358e+05
  256.2400 9.307757e+05
  256.2500 9.308155e+05
  256.2600 9.308554e+05
  256.2700 9.308954e+05
  256.2800 9.309354e+05
  256.2900 9.309754e+05
  256.3000 9.310155e+05
  256.3100 9.310556e+05
  256.3200 9.310958e+05
  256.3300 9.311360e+05
  256.3400 9.311763e+05
  256.3500 9.312166e+05
  256.3600 9.312570e+05
  256.3700 9.312974e+05
  256.3800 9.313378e+05
  256.3900 9.313783e+05
  256.4000 9.314188e+05
  256.4100 9.314594e+05
  256.4200 9.315000e+05
  256.4300 9.315407e+05
  256.4400 9.315814e+05
  256.4500 9.316222e+05
  256.4600 9.316630e+05
  256.4700 9.317038e+05
  256.4800 9.317447e+05
  256.4900 9.317857e+05
  256.5000 9.318267e+05
  256.5100 9.318677e+05
  256.5200 9.319088e+05
  256.5300 9.319499e+05
  256.5400 9.319911e+05
  256.5500 9.320323e+05
  256.5600 9.320735e+05
  256.5700 9.321148e+05
  256.5800 9.321562e+05
  256.5900 9.321975e+05
  256.6000 9.322390e+05
  256.6100 9.322804e+05
  256.6200 9.323220e+05
  256.6300 9.323635e+05
  256.6400 9.324051e+05
  256.6500 9.324468e+05
  256.6600 9.324885e+05
  256.6700 9.325302e+05
  256.6800 9.325720e+05
  256.6900 9.326139e+05
  256.7000 9.326557e+05
  256.7100 9.326977e+05
  256.7200 9.327396e+05
  256.7300 9.327816e+05
  256.7400 9.328237e+05
  256.7500 9.328658e+05
  256.7600 9.329080e+05
  256.7700 9.329501e+05
  256.7800 9.329924e+05
  256.7900 9.330347e+05
  256.8000 9.330770e+05
  256.8100 9.331194e+05
  256.8200 9.331618e+05
  256.8300 9.332042e+05
  256.8400 9.332467e+05
  256.8500 9.332893e+05
  256.8600 9.333319e+05
  256.8700 9.333745e+05
  256.8800 9.334172e+05
  256.8900 9.334599e+05
  256.9000 9.335027e+05
  256.9100 9.335455e+05
  256.9200 9.335884e+05
  256.9300 9.336313e+05
  256.9400 9.336742e+05
  256.9500 9.337172e+05
  256.9600 9.337602e+05
  256.9700 9.338033e+05
  256.9800 9.338464e+05
  256.9900 9.338896e+05
  257.0000 9.339328e+05
  257.0100 9.339761e+05
  257.0200 9.340194e+05
  257.0300 9.340627e+05
  257.0400 9.341061e+05
  257.0500 9.341496e+05
  257.0600 9.341931e+05
  257.0700 9.342366e+05
  257.0800 9.342802e+05
  257.0900 9.343238e+05
  257.1000 9.343674e+05
  257.1100 9.344111e+05
  257.1200 9.344549e+05
  257.1300 9.344987e+05
  257.1400 9.345425e+05
  257.1500 9.345864e+05
  257.1600 9.346303e+05
  257.1700 9.346743e+05
  257.1800 9.347183e+05
  257.1900 9.347624e+05
  257.2000 9.348065e+05
  257.2100 9.348506e+05
  257.2200 9.348948e+05
  257.2300 9.349390e+05
  257.2400 9.349833e+05
  257.2500 9.350276e+05
  257.2600 9.350720e+05
  257.2700 9.351164e+05
  257.2800 9.351609e+05
  257.2900 9.352054e+05
  257.3000 9.352499e+05
  257.3100 9.352945e+05
  257.3200 9.353391e+05
  257.3300 9.353838e+05
  257.3400 9.354285e+05
  257.3500 9.354733e+05
  257.3600 9.355181e+05
  257.3700 9.355630e+05
  257.3800 9.356079e+05
  257.3900 9.356528e+05
  257.4000 9.356978e+05
  257.4100 9.357428e+05
  257.4200 9.357879e+05
  257.4300 9.358330e+05
  257.4400 9.358782e+05
  257.4500 9.359234e+05
  257.4600 9.359686e+05
  257.4700 9.360139e+05
  257.4800 9.360593e+05
  257.4900 9.361047e+05
  257.5000 9.361501e+05
  257.5100 9.361956e+05
  257.5200 9.362411e+05
  257.5300 9.362866e+05
  257.5400 9.363323e+05
  257.5500 9.363779e+05
  257.5600 9.364236e+05
  257.5700 9.364693e+05
  257.5800 9.365151e+05
  257.5900 9.365609e+05
  257.6000 9.366068e+05
  257.6100 9.366527e+05
  257.6200 9.366987e+05
  257.6300 9.367447e+05
  257.6400 9.367907e+05
  257.6500 9.368368e+05
  257.6600 9.368829e+05
  257.6700 9.369291e+05
  257.6800 9.369753e+05
  257.6900 9.370216e+05
  257.7000 9.370679e+05
  257.7100 9.371143e+05
  257.7200 9.371607e+05
  257.7300 9.372071e+05
  257.7400 9.372536e+05
  257.7500 9.373001e+05
  257.7600 9.373467e+05
  257.7700 9.373933e+05
  257.7800 9.374400e+05
  257.7900 9.374867e+05
  257.8000 9.375334e+05
  257.8100 9.375802e+05
  257.8200 9.376270e+05
  257.8300 9.376739e+05
  257.8400 9.377209e+05
  257.8500 9.377678e+05
  257.8600 9.378148e+05
  257.8700 9.378619e+05
  257.8800 9.379090e+05
  257.8900 9.379561e+05
  257.9000 9.380033e+05
  257.9100 9.380505e+05
  257.9200 9.380978e+05
  257.9300 9.381451e+05
  257.9400 9.381925e+05
  257.9500 9.382399e+05
  257.9600 9.382874e+05
  257.9700 9.383348e+05
  257.9800 9.383824e+05
  257.9900 9.384300e+05
  258.0000 9.384776e+05
  258.0100 9.385253e+05
  258.0200 9.385730e+05
  258.0300 9.386207e+05
  258.0400 9.386685e+05
  258.0500 9.387164e+05
  258.0600 9.387643e+05
  258.0700 9.388122e+05
  258.0800 9.388602e+05
  258.0900 9.389082e+05
  258.1000 9.389562e+05
  258.1100 9.390043e+05
  258.1200 9.390525e+05
  258.1300 9.391007e+05
  258.1400 9.391489e+05
  258.1500 9.391972e+05
  258.1600 9.392455e+05
  258.1700 9.392939e+05
  258.1800 9.393423e+05
  258.1900 9.393908e+05
  258.2000 9.394393e+05
  258.2100 9.394878e+05
  258.2200 9.395364e+05
  258.2300 9.395850e+05
  258.2400 9.396337e+05
  258.2500 9.396824e+05
  258.2600 9.397312e+05
  258.2700 9.397800e+05
  258.2800 9.398288e+05
  258.2900 9.398777e+05
  258.3000 9.399266e+05
  258.3100 9.399756e+05
  258.3200 9.400246e+05
  258.3300 9.400737e+05
  258.3400 9.401228e+05
  258.3500 9.401720e+05
  258.3600 9.402212e+05
  258.3700 9.402704e+05
  258.3800 9.403197e+05
  258.3900 9.403690e+05
  258.4000 9.404184e+05
  258.4100 9.404678e+05
  258.4200 9.405172e+05
  258.4300 9.405667e+05
  258.4400 9.406163e+05
  258.4500 9.406659e+05
  258.4600 9.407155e+05
  258.4700 9.407652e+05
  258.4800 9.408149e+05
  258.4900 9.408646e+05
  258.5000 9.409145e+05
  258.5100 9.409643e+05
  258.5200 9.410142e+05
  258.5300 9.410641e+05
  258.5400 9.411141e+05
  258.5500 9.411641e+05
  258.5600 9.412142e+05
  258.5700 9.412643e+05
  258.5800 9.413144e+05
  258.5900 9.413646e+05
  258.6000 9.414149e+05
  258.6100 9.414652e+05
  258.6200 9.415155e+05
  258.6300 9.415658e+05
  258.6400 9.416163e+05
  258.6500 9.416667e+05
  258.6600 9.417172e+05
  258.6700 9.417677e+05
  258.6800 9.418183e+05
  258.6900 9.418690e+05
  258.7000 9.419196e+05
  258.7100 9.419703e+05
  258.7200 9.420211e+05
  258.7300 9.420719e+05
  258.7400 9.421227e+05
  258.7500 9.421736e+05
  258.7600 9.422246e+05
  258.7700 9.422755e+05
  258.7800 9.423265e+05
  258.7900 9.423776e+05
  258.8000 9.424287e+05
  258.8100 9.424798e+05
  258.8200 9.425310e+05
  258.8300 9.425823e+05
  258.8400 9.426335e+05
  258.8500 9.426849e+05
  258.8600 9.427362e+05
  258.8700 9.427876e+05
  258.8800 9.428391e+05
  258.8900 9.428906e+05
  258.9000 9.429421e+05
  258.9100 9.429937e+05
  258.9200 9.430453e+05
  258.9300 9.430970e+05
  258.9400 9.431487e+05
  258.9500 9.432004e+05
  258.9600 9.432522e+05
  258.9700 9.433040e+05
  258.9800 9.433559e+05
  258.9900 9.434078e+05
  259.0000 9.434598e+05
  259.0100 9.435118e+05
  259.0200 9.435639e+05
  259.0300 9.436160e+05
  259.0400 9.436681e+05
  259.0500 9.437203e+05
  259.0600 9.437725e+05
  259.0700 9.438248e+05
  259.0800 9.438771e+05
  259.0900 9.439294e+05
  259.1000 9.439818e+05
  259.1100 9.440343e+05
  259.1200 9.440867e+05
  259.1300 9.441393e+05
  259.1400 9.441918e+05
  259.1500 9.442444e+05
  259.1600 9.442971e+05
  259.1700 9.443498e+05
  259.1800 9.444025e+05
  259.1900 9.444553e+05
  259.2000 9.445081e+05
  259.2100 9.445610e+05
  259.2200 9.446139e+05
  259.2300 9.446669e+05
  259.2400 9.447199e+05
  259.2500 9.447729e+05
  259.2600 9.448260e+05
  259.2700 9.448791e+05
  259.2800 9.449323e+05
  259.2900 9.449855e+05
  259.3000 9.450387e+05
  259.3100 9.450920e+05
  259.3200 9.451454e+05
  259.3300 9.451988e+05
  259.3400 9.452522e+05
  259.3500 9.453057e+05
  259.3600 9.453592e+05
  259.3700 9.454127e+05
  259.3800 9.454663e+05
  259.3900 9.455200e+05
  259.4000 9.455736e+05
  259.4100 9.456274e+05
  259.4200 9.456811e+05
  259.4300 9.457349e+05
  259.4400 9.457888e+05
  259.4500 9.458427e+05
  259.4600 9.458966e+05
  259.4700 9.459506e+05
  259.4800 9.460046e+05
  259.4900 9.460587e+05
  259.5000 9.461128e+05
  259.5100 9.461670e+05
  259.5200 9.462211e+05
  259.5300 9.462754e+05
  259.5400 9.463297e+05
  259.5500 9.463840e+05
  259.5600 9.464384e+05
  259.5700 9.464928e+05
  259.5800 9.465472e+05
  259.5900 9.466017e+05
  259.6000 9.466562e+05
  259.6100 9.467108e+05
  259.6200 9.467654e+05
  259.6300 9.468201e+05
  259.6400 9.468748e+05
  259.6500 9.469296e+05
  259.6600 9.469843e+05
  259.6700 9.470392e+05
  259.6800 9.470941e+05
  259.6900 9.471490e+05
  259.7000 9.472039e+05
  259.7100 9.472589e+05
  259.7200 9.473140e+05
  259.7300 9.473691e+05
  259.7400 9.474242e+05
  259.7500 9.474794e+05
  259.7600 9.475346e+05
  259.7700 9.475899e+05
  259.7800 9.476452e+05
  259.7900 9.477005e+05
  259.8000 9.477559e+05
  259.8100 9.478113e+05
  259.8200 9.478668e+05
  259.8300 9.479223e+05
  259.8400 9.479779e+05
  259.8500 9.480335e+05
  259.8600 9.480891e+05
  259.8700 9.481448e+05
  259.8800 9.482005e+05
  259.8900 9.482563e+05
  259.9000 9.483121e+05
  259.9100 9.483680e+05
  259.9200 9.484239e+05
  259.9300 9.484798e+05
  259.9400 9.485358e+05
  259.9500 9.485918e+05
  259.9600 9.486479e+05
  259.9700 9.487040e+05
  259.9800 9.487601e+05
  259.9900 9.488163e+05
  260.0000 9.488726e+05
  260.0100 9.489288e+05
  260.0200 9.489852e+05
  260.0300 9.490415e+05
  260.0400 9.490979e+05
  260.0500 9.491544e+05
  260.0600 9.492109e+05
  260.0700 9.492674e+05
  260.0800 9.493240e+05
  260.0900 9.493806e+05
  260.1000 9.494372e+05
  260.1100 9.494939e+05
  260.1200 9.495507e+05
  260.1300 9.496075e+05
  260.1400 9.496643e+05
  260.1500 9.497212e+05
  260.1600 9.497781e+05
  260.1700 9.498350e+05
  260.1800 9.498920e+05
  260.1900 9.499491e+05
  260.2000 9.500062e+05
  260.2100 9.500633e+05
  260.2200 9.501204e+05
  260.2300 9.501777e+05
  260.2400 9.502349e+05
  260.2500 9.502922e+05
  260.2600 9.503495e+05
  260.2700 9.504069e+05
  260.2800 9.504643e+05
  260.2900 9.505218e+05
  260.3000 9.505793e+05
  260.3100 9.506368e+05
  260.3200 9.506944e+05
  260.3300 9.507521e+05
  260.3400 9.508097e+05
  260.3500 9.508674e+05
  260.3600 9.509252e+05
  260.3700 9.509830e+05
  260.3800 9.510408e+05
  260.3900 9.510987e+05
  260.4000 9.511566e+05
  260.4100 9.512146e+05
  260.4200 9.512726e+05
  260.4300 9.513307e+05
  260.4400 9.513888e+05
  260.4500 9.514469e+05
  260.4600 9.515051e+05
  260.4700 9.515633e+05
  260.4800 9.516216e+05
  260.4900 9.516799e+05
  260.5000 9.517382e+05
  260.5100 9.517966e+05
  260.5200 9.518550e+05
  260.5300 9.519135e+05
  260.5400 9.519720e+05
  260.5500 9.520306e+05
  260.5600 9.520892e+05
  260.5700 9.521478e+05
  260.5800 9.522065e+05
  260.5900 9.522652e+05
  260.6000 9.523240e+05
  260.6100 9.523828e+05
  260.6200 9.524416e+05
  260.6300 9.525005e+05
  260.6400 9.525595e+05
  260.6500 9.526184e+05
  260.6600 9.526774e+05
  260.6700 9.527365e+05
  260.6800 9.527956e+05
  260.6900 9.528547e+05
  260.7000 9.529139e+05
  260.7100 9.529732e+05
  260.7200 9.530324e+05
  260.7300 9.530917e+05
  260.7400 9.531511e+05
  260.7500 9.532105e+05
  260.7600 9.532699e+05
  260.7700 9.533294e+05
  260.7800 9.533889e+05
  260.7900 9.534485e+05
  260.8000 9.535081e+05
  260.8100 9.535677e+05
  260.8200 9.536274e+05
  260.8300 9.536871e+05
  260.8400 9.537469e+05
  260.8500 9.538067e+05
  260.8600 9.538666e+05
  260.8700 9.539265e+05
  260.8800 9.539864e+05
  260.8900 9.540464e+05
  260.9000 9.541064e+05
  260.9100 9.541665e+05
  260.9200 9.542266e+05
  260.9300 9.542867e+05
  260.9400 9.543469e+05
  260.9500 9.544071e+05
  260.9600 9.544674e+05
  260.9700 9.545277e+05
  260.9800 9.545881e+05
  260.9900 9.546485e+05
  261.0000 9.547089e+05
  261.0100 9.547694e+05
  261.0200 9.548299e+05
  261.0300 9.548905e+05
  261.0400 9.549511e+05
  261.0500 9.550117e+05
  261.0600 9.550724e+05
  261.0700 9.551331e+05
  261.0800 9.551939e+05
  261.0900 9.552547e+05
  261.1000 9.553156e+05
  261.1100 9.553765e+05
  261.1200 9.554374e+05
  261.1300 9.554984e+05
  261.1400 9.555594e+05
  261.1500 9.556205e+05
  261.1600 9.556816e+05
  261.1700 9.557427e+05
  261.1800 9.558039e+05
  261.1900 9.558651e+05
  261.2000 9.559264e+05
  261.2100 9.559877e+05
  261.2200 9.560491e+05
  261.2300 9.561104e+05
  261.2400 9.561719e+05
  261.2500 9.562334e+05
  261.2600 9.562949e+05
  261.2700 9.563564e+05
  261.2800 9.564180e+05
  261.2900 9.564797e+05
  261.3000 9.565414e+05
  261.3100 9.566031e+05
  261.3200 9.566649e+05
  261.3300 9.567267e+05
  261.3400 9.567885e+05
  261.3500 9.568504e+05
  261.3600 9.569123e+05
  261.3700 9.569743e+05
  261.3800 9.570363e+05
  261.3900 9.570984e+05
  261.4000 9.571605e+05
  261.4100 9.572226e+05
  261.4200 9.572848e+05
  261.4300 9.573470e+05
  261.4400 9.574093e+05
  261.4500 9.574716e+05
  261.4600 9.575340e+05
  261.4700 9.575963e+05
  261.4800 9.576588e+05
  261.4900 9.577212e+05
  261.5000 9.577838e+05
  261.5100 9.578463e+05
  261.5200 9.579089e+05
  261.5300 9.579715e+05
  261.5400 9.580342e+05
  261.5500 9.580969e+05
  261.5600 9.581597e+05
  261.5700 9.582225e+05
  261.5800 9.582853e+05
  261.5900 9.583482e+05
  261.6000 9.584111e+05
  261.6100 9.584741e+05
  261.6200 9.585371e+05
  261.6300 9.586002e+05
  261.6400 9.586633e+05
  261.6500 9.587264e+05
  261.6600 9.587896e+05
  261.6700 9.588528e+05
  261.6800 9.589160e+05
  261.6900 9.589793e+05
  261.7000 9.590427e+05
  261.7100 9.591060e+05
  261.7200 9.591695e+05
  261.7300 9.592329e+05
  261.7400 9.592964e+05
  261.7500 9.593600e+05
  261.7600 9.594236e+05
  261.7700 9.594872e+05
  261.7800 9.595508e+05
  261.7900 9.596146e+05
  261.8000 9.596783e+05
  261.8100 9.597421e+05
  261.8200 9.598059e+05
  261.8300 9.598698e+05
  261.8400 9.599337e+05
  261.8500 9.599977e+05
  261.8600 9.600617e+05
  261.8700 9.601257e+05
  261.8800 9.601898e+05
  261.8900 9.602539e+05
  261.9000 9.603181e+05
  261.9100 9.603823e+05
  261.9200 9.604465e+05
  261.9300 9.605108e+05
  261.9400 9.605751e+05
  261.9500 9.606395e+05
  261.9600 9.607039e+05
  261.9700 9.607683e+05
  261.9800 9.608328e+05
  261.9900 9.608973e+05
  262.0000 9.609619e+05
  262.0100 9.610265e+05
  262.0200 9.610912e+05
  262.0300 9.611559e+05
  262.0400 9.612206e+05
  262.0500 9.612854e+05
  262.0600 9.613502e+05
  262.0700 9.614150e+05
  262.0800 9.614799e+05
  262.0900 9.615449e+05
  262.1000 9.616099e+05
  262.1100 9.616749e+05
  262.1200 9.617399e+05
  262.1300 9.618050e+05
  262.1400 9.618702e+05
  262.1500 9.619354e+05
  262.1600 9.620006e+05
  262.1700 9.620659e+05
  262.1800 9.621312e+05
  262.1900 9.621965e+05
  262.2000 9.622619e+05
  262.2100 9.623273e+05
  262.2200 9.623928e+05
  262.2300 9.624583e+05
  262.2400 9.625239e+05
  262.2500 9.625894e+05
  262.2600 9.626551e+05
  262.2700 9.627208e+05
  262.2800 9.627865e+05
  262.2900 9.628522e+05
  262.3000 9.629180e+05
  262.3100 9.629839e+05
  262.3200 9.630497e+05
  262.3300 9.631157e+05
  262.3400 9.631816e+05
  262.3500 9.632476e+05
  262.3600 9.633137e+05
  262.3700 9.633797e+05
  262.3800 9.634459e+05
  262.3900 9.635120e+05
  262.4000 9.635782e+05
  262.4100 9.636445e+05
  262.4200 9.637108e+05
  262.4300 9.637771e+05
  262.4400 9.638434e+05
  262.4500 9.639098e+05
  262.4600 9.639763e+05
  262.4700 9.640428e+05
  262.4800 9.641093e+05
  262.4900 9.641759e+05
  262.5000 9.642425e+05
  262.5100 9.643091e+05
  262.5200 9.643758e+05
  262.5300 9.644426e+05
  262.5400 9.645093e+05
  262.5500 9.645762e+05
  262.5600 9.646430e+05
  262.5700 9.647099e+05
  262.5800 9.647768e+05
  262.5900 9.648438e+05
  262.6000 9.649108e+05
  262.6100 9.649779e+05
  262.6200 9.650450e+05
  262.6300 9.651121e+05
  262.6400 9.651793e+05
  262.6500 9.652465e+05
  262.6600 9.653138e+05
  262.6700 9.653811e+05
  262.6800 9.654484e+05
  262.6900 9.655158e+05
  262.7000 9.655832e+05
  262.7100 9.656507e+05
  262.7200 9.657182e+05
  262.7300 9.657857e+05
  262.7400 9.658533e+05
  262.7500 9.659209e+05
  262.7600 9.659886e+05
  262.7700 9.660563e+05
  262.7800 9.661240e+05
  262.7900 9.661918e+05
  262.8000 9.662597e+05
  262.8100 9.663275e+05
  262.8200 9.663954e+05
  262.8300 9.664634e+05
  262.8400 9.665314e+05
  262.8500 9.665994e+05
  262.8600 9.666675e+05
  262.8700 9.667356e+05
  262.8800 9.668037e+05
  262.8900 9.668719e+05
  262.9000 9.669401e+05
  262.9100 9.670084e+05
  262.9200 9.670767e+05
  262.9300 9.671451e+05
  262.9400 9.672135e+05
  262.9500 9.672819e+05
  262.9600 9.673504e+05
  262.9700 9.674189e+05
  262.9800 9.674874e+05
  262.9900 9.675560e+05
  263.0000 9.676246e+05
  263.0100 9.676933e+05
  263.0200 9.677620e+05
  263.0300 9.678308e+05
  263.0400 9.678996e+05
  263.0500 9.679684e+05
  263.0600 9.680373e+05
  263.0700 9.681062e+05
  263.0800 9.681752e+05
  263.0900 9.682442e+05
  263.1000 9.683132e+05
  263.1100 9.683823e+05
  263.1200 9.684514e+05
  263.1300 9.685205e+05
  263.1400 9.685897e+05
  263.1500 9.686590e+05
  263.1600 9.687282e+05
  263.1700 9.687976e+05
  263.1800 9.688669e+05
  263.1900 9.689363e+05
  263.2000 9.690058e+05
  263.2100 9.690752e+05
  263.2200 9.691447e+05
  263.2300 9.692143e+05
  263.2400 9.692839e+05
  263.2500 9.693535e+05
  263.2600 9.694232e+05
  263.2700 9.694929e+05
  263.2800 9.695627e+05
  263.2900 9.696325e+05
  263.3000 9.697023e+05
  263.3100 9.697722e+05
  263.3200 9.698421e+05
  263.3300 9.699121e+05
  263.3400 9.699821e+05
  263.3500 9.700521e+05
  263.3600 9.701222e+05
  263.3700 9.701923e+05
  263.3800 9.702625e+05
  263.3900 9.703327e+05
  263.4000 9.704029e+05
  263.4100 9.704732e+05
  263.4200 9.705435e+05
  263.4300 9.706139e+05
  263.4400 9.706843e+05
  263.4500 9.707547e+05
  263.4600 9.708252e+05
  263.4700 9.708957e+05
  263.4800 9.709663e+05
  263.4900 9.710369e+05
  263.5000 9.711075e+05
  263.5100 9.711782e+05
  263.5200 9.712489e+05
  263.5300 9.713197e+05
  263.5400 9.713905e+05
  263.5500 9.714613e+05
  263.5600 9.715322e+05
  263.5700 9.716031e+05
  263.5800 9.716740e+05
  263.5900 9.717450e+05
  263.6000 9.718161e+05
  263.6100 9.718872e+05
  263.6200 9.719583e+05
  263.6300 9.720294e+05
  263.6400 9.721006e+05
  263.6500 9.721719e+05
  263.6600 9.722431e+05
  263.6700 9.723145e+05
  263.6800 9.723858e+05
  263.6900 9.724572e+05
  263.7000 9.725286e+05
  263.7100 9.726001e+05
  263.7200 9.726716e+05
  263.7300 9.727432e+05
  263.7400 9.728148e+05
  263.7500 9.728864e+05
  263.7600 9.729581e+05
  263.7700 9.730298e+05
  263.7800 9.731016e+05
  263.7900 9.731734e+05
  263.8000 9.732452e+05
  263.8100 9.733171e+05
  263.8200 9.733890e+05
  263.8300 9.734609e+05
  263.8400 9.735329e+05
  263.8500 9.736050e+05
  263.8600 9.736770e+05
  263.8700 9.737491e+05
  263.8800 9.738213e+05
  263.8900 9.738935e+05
  263.9000 9.739657e+05
  263.9100 9.740380e+05
  263.9200 9.741103e+05
  263.9300 9.741826e+05
  263.9400 9.742550e+05
  263.9500 9.743275e+05
  263.9600 9.743999e+05
  263.9700 9.744724e+05
  263.9800 9.745450e+05
  263.9900 9.746176e+05
  264.0000 9.746902e+05
  264.0100 9.747629e+05
  264.0200 9.748356e+05
  264.0300 9.749083e+05
  264.0400 9.749811e+05
  264.0500 9.750539e+05
  264.0600 9.751268e+05
  264.0700 9.751997e+05
  264.0800 9.752726e+05
  264.0900 9.753456e+05
  264.1000 9.754186e+05
  264.1100 9.754917e+05
  264.1200 9.755648e+05
  264.1300 9.756379e+05
  264.1400 9.757111e+05
  264.1500 9.757843e+05
  264.1600 9.758576e+05
  264.1700 9.759309e+05
  264.1800 9.760042e+05
  264.1900 9.760776e+05
  264.2000 9.761510e+05
  264.2100 9.762245e+05
  264.2200 9.762980e+05
  264.2300 9.763715e+05
  264.2400 9.764451e+05
  264.2500 9.765187e+05
  264.2600 9.765924e+05
  264.2700 9.766660e+05
  264.2800 9.767398e+05
  264.2900 9.768136e+05
  264.3000 9.768874e+05
  264.3100 9.769612e+05
  264.3200 9.770351e+05
  264.3300 9.771090e+05
  264.3400 9.771830e+05
  264.3500 9.772570e+05
  264.3600 9.773311e+05
  264.3700 9.774051e+05
  264.3800 9.774793e+05
  264.3900 9.775534e+05
  264.4000 9.776276e+05
  264.4100 9.777019e+05
  264.4200 9.777762e+05
  264.4300 9.778505e+05
  264.4400 9.779249e+05
  264.4500 9.779993e+05
  264.4600 9.780737e+05
  264.4700 9.781482e+05
  264.4800 9.782227e+05
  264.4900 9.782972e+05
  264.5000 9.783718e+05
  264.5100 9.784465e+05
  264.5200 9.785212e+05
  264.5300 9.785959e+05
  264.5400 9.786706e+05
  264.5500 9.787454e+05
  264.5600 9.788203e+05
  264.5700 9.788951e+05
  264.5800 9.789700e+05
  264.5900 9.790450e+05
  264.6000 9.791200e+05
  264.6100 9.791950e+05
  264.6200 9.792701e+05
  264.6300 9.793452e+05
  264.6400 9.794203e+05
  264.6500 9.794955e+05
  264.6600 9.795707e+05
  264.6700 9.796460e+05
  264.6800 9.797213e+05
  264.6900 9.797966e+05
  264.7000 9.798720e+05
  264.7100 9.799474e+05
  264.7200 9.800229e+05
  264.7300 9.800984e+05
  264.7400 9.801739e+05
  264.7500 9.802495e+05
  264.7600 9.803251e+05
  264.7700 9.804008e+05
  264.7800 9.804765e+05
  264.7900 9.805522e+05
  264.8000 9.806280e+05
  264.8100 9.807038e+05
  264.8200 9.807796e+05
  264.8300 9.808555e+05
  264.8400 9.809315e+05
  264.8500 9.810074e+05
  264.8600 9.810834e+05
  264.8700 9.811595e+05
  264.8800 9.812356e+05
  264.8900 9.813117e+05
  264.9000 9.813878e+05
  264.9100 9.814640e+05
  264.9200 9.815403e+05
  264.9300 9.816166e+05
  264.9400 9.816929e+05
  264.9500 9.817692e+05
  264.9600 9.818456e+05
  264.9700 9.819221e+05
  264.9800 9.819985e+05
  264.9900 9.820751e+05
  265.0000 9.821516e+05
  265.0100 9.822282e+05
  265.0200 9.823048e+05
  265.0300 9.823815e+05
  265.0400 9.824582e+05
  265.0500 9.825349e+05
  265.0600 9.826117e+05
  265.0700 9.826885e+05
  265.0800 9.827654e+05
  265.0900 9.828423e+05
  265.1000 9.829193e+05
  265.1100 9.829962e+05
  265.1200 9.830732e+05
  265.1300 9.831503e+05
  265.1400 9.832274e+05
  265.1500 9.833045e+05
  265.1600 9.833817e+05
  265.1700 9.834589e+05
  265.1800 9.835362e+05
  265.1900 9.836135e+05
  265.2000 9.836908e+05
  265.2100 9.837681e+05
  265.2200 9.838456e+05
  265.2300 9.839230e+05
  265.2400 9.840005e+05
  265.2500 9.840780e+05
  265.2600 9.841556e+05
  265.2700 9.842332e+05
  265.2800 9.843108e+05
  265.2900 9.843885e+05
  265.3000 9.844662e+05
  265.3100 9.845439e+05
  265.3200 9.846217e+05
  265.3300 9.846996e+05
  265.3400 9.847774e+05
  265.3500 9.848553e+05
  265.3600 9.849333e+05
  265.3700 9.850113e+05
  265.3800 9.850893e+05
  265.3900 9.851674e+05
  265.4000 9.852455e+05
  265.4100 9.853236e+05
  265.4200 9.854018e+05
  265.4300 9.854800e+05
  265.4400 9.855583e+05
  265.4500 9.856365e+05
  265.4600 9.857149e+05
  265.4700 9.857933e+05
  265.4800 9.858717e+05
  265.4900 9.859501e+05
  265.5000 9.860286e+05
  265.5100 9.861071e+05
  265.5200 9.861857e+05
  265.5300 9.862643e+05
  265.5400 9.863429e+05
  265.5500 9.864216e+05
  265.5600 9.865003e+05
  265.5700 9.865791e+05
  265.5800 9.866579e+05
  265.5900 9.867367e+05
  265.6000 9.868156e+05
  265.6100 9.868945e+05
  265.6200 9.869734e+05
  265.6300 9.870524e+05
  265.6400 9.871315e+05
  265.6500 9.872105e+05
  265.6600 9.872896e+05
  265.6700 9.873688e+05
  265.6800 9.874479e+05
  265.6900 9.875272e+05
  265.7000 9.876064e+05
  265.7100 9.876857e+05
  265.7200 9.877651e+05
  265.7300 9.878444e+05
  265.7400 9.879238e+05
  265.7500 9.880033e+05
  265.7600 9.880828e+05
  265.7700 9.881623e+05
  265.7800 9.882419e+05
  265.7900 9.883215e+05
  265.8000 9.884011e+05
  265.8100 9.884808e+05
  265.8200 9.885605e+05
  265.8300 9.886403e+05
  265.8400 9.887200e+05
  265.8500 9.887999e+05
  265.8600 9.888798e+05
  265.8700 9.889597e+05
  265.8800 9.890396e+05
  265.8900 9.891196e+05
  265.9000 9.891996e+05
  265.9100 9.892797e+05
  265.9200 9.893598e+05
  265.9300 9.894399e+05
  265.9400 9.895201e+05
  265.9500 9.896003e+05
  265.9600 9.896806e+05
  265.9700 9.897609e+05
  265.9800 9.898412e+05
  265.9900 9.899216e+05
  266.0000 9.900020e+05
  266.0100 9.900824e+05
  266.0200 9.901629e+05
  266.0300 9.902434e+05
  266.0400 9.903240e+05
  266.0500 9.904046e+05
  266.0600 9.904852e+05
  266.0700 9.905659e+05
  266.0800 9.906466e+05
  266.0900 9.907273e+05
  266.1000 9.908081e+05
  266.1100 9.908889e+05
  266.1200 9.909698e+05
  266.1300 9.910507e+05
  266.1400 9.911316e+05
  266.1500 9.912126e+05
  266.1600 9.912936e+05
  266.1700 9.913747e+05
  266.1800 9.914558e+05
  266.1900 9.915369e+05
  266.2000 9.916181e+05
  266.2100 9.916993e+05
  266.2200 9.917805e+05
  266.2300 9.918618e+05
  266.2400 9.919431e+05
  266.2500 9.920245e+05
  266.2600 9.921059e+05
  266.2700 9.921873e+05
  266.2800 9.922688e+05
  266.2900 9.923503e+05
  266.3000 9.924319e+05
  266.3100 9.925135e+05
  266.3200 9.925951e+05
  266.3300 9.926767e+05
  266.3400 9.927584e+05
  266.3500 9.928402e+05
  266.3600 9.929220e+05
  266.3700 9.930038e+05
  266.3800 9.930856e+05
  266.3900 9.931675e+05
  266.4000 9.932494e+05
  266.4100 9.933314e+05
  266.4200 9.934134e+05
  266.4300 9.934955e+05
  266.4400 9.935775e+05
  266.4500 9.936597e+05
  266.4600 9.937418e+05
  266.4700 9.938240e+05
  266.4800 9.939062e+05
  266.4900 9.939885e+05
  266.5000 9.940708e+05
  266.5100 9.941532e+05
  266.5200 9.942355e+05
  266.5300 9.943180e+05
  266.5400 9.944004e+05
  266.5500 9.944829e+05
  266.5600 9.945655e+05
  266.5700 9.946480e+05
  266.5800 9.947306e+05
  266.5900 9.948133e+05
  266.6000 9.948960e+05
  266.6100 9.949787e+05
  266.6200 9.950615e+05
  266.6300 9.951443e+05
  266.6400 9.952271e+05
  266.6500 9.953100e+05
  266.6600 9.953929e+05
  266.6700 9.954758e+05
  266.6800 9.955588e+05
  266.6900 9.956418e+05
  266.7000 9.957249e+05
  266.7100 9.958080e+05
  266.7200 9.958912e+05
  266.7300 9.959743e+05
  266.7400 9.960575e+05
  266.7500 9.961408e+05
  266.7600 9.962241e+05
  266.7700 9.963074e+05
  266.7800 9.963908e+05
  266.7900 9.964742e+05
  266.8000 9.965576e+05
  266.8100 9.966411e+05
  266.8200 9.967246e+05
  266.8300 9.968082e+05
  266.8400 9.968918e+05
  266.8500 9.969754e+05
  266.8600 9.970590e+05
  266.8700 9.971428e+05
  266.8800 9.972265e+05
  266.8900 9.973103e+05
  266.9000 9.973941e+05
  266.9100 9.974779e+05
  266.9200 9.975618e+05
  266.9300 9.976458e+05
  266.9400 9.977297e+05
  266.9500 9.978137e+05
  266.9600 9.978978e+05
  266.9700 9.979819e+05
  266.9800 9.980660e+05
  266.9900 9.981501e+05
  267.0000 9.982343e+05
  267.0100 9.983185e+05
  267.0200 9.984028e+05
  267.0300 9.984871e+05
  267.0400 9.985715e+05
  267.0500 9.986558e+05
  267.0600 9.987403e+05
  267.0700 9.988247e+05
  267.0800 9.989092e+05
  267.0900 9.989937e+05
  267.1000 9.990783e+05
  267.1100 9.991629e+05
  267.1200 9.992475e+05
  267.1300 9.993322e+05
  267.1400 9.994169e+05
  267.1500 9.995017e+05
  267.1600 9.995865e+05
  267.1700 9.996713e+05
  267.1800 9.997562e+05
  267.1900 9.998411e+05
  267.2000 9.999260e+05
  267.2100 1.000011e+06
  267.2200 1.000096e+06
  267.2300 1.000181e+06
  267.2400 1.000266e+06
  267.2500 1.000351e+06
  267.2600 1.000436e+06
  267.2700 1.000522e+06
  267.2800 1.000607e+06
  267.2900 1.000692e+06
  267.3000 1.000777e+06
  267.3100 1.000863e+06
  267.3200 1.000948e+06
  267.3300 1.001034e+06
  267.3400 1.001119e+06
  267.3500 1.001205e+06
  267.3600 1.001290e+06
  267.3700 1.001376e+06
  267.3800 1.001461e+06
  267.3900 1.001547e+06
  267.4000 1.001633e+06
  267.4100 1.001718e+06
  267.4200 1.001804e+06
  267.4300 1.001890e+06
  267.4400 1.001976e+06
  267.4500 1.002062e+06
  267.4600 1.002148e+06
  267.4700 1.002234e+06
  267.4800 1.002320e+06
  267.4900 1.002406e+06
  267.5000 1.002492e+06
  267.5100 1.002578e+06
  267.5200 1.002664e+06
  267.5300 1.002750e+06
  267.5400 1.002836e+06
  267.5500 1.002922e+06
  267.5600 1.003009e+06
  267.5700 1.003095e+06
  267.5800 1.003181e+06
  267.5900 1.003268e+06
  267.6000 1.003354e+06
  267.6100 1.003441e+06
  267.6200 1.003527e+06
  267.6300 1.003614e+06
  267.6400 1.003700e+06
  267.6500 1.003787e+06
  267.6600 1.003874e+06
  267.6700 1.003960e+06
  267.6800 1.004047e+06
  267.6900 1.004134e+06
  267.7000 1.004221e+06
  267.7100 1.004307e+06
  267.7200 1.004394e+06
  267.7300 1.004481e+06
  267.7400 1.004568e+06
  267.7500 1.004655e+06
  267.7600 1.004742e+06
  267.7700 1.004829e+06
  267.7800 1.004916e+06
  267.7900 1.005003e+06
  267.8000 1.005091e+06
  267.8100 1.005178e+06
  267.8200 1.005265e+06
  267.8300 1.005352e+06
  267.8400 1.005440e+06
  267.8500 1.005527e+06
  267.8600 1.005614e+06
  267.8700 1.005702e+06
  267.8800 1.005789e+06
  267.8900 1.005877e+06
  267.9000 1.005964e+06
  267.9100 1.006052e+06
  267.9200 1.006140e+06
  267.9300 1.006227e+06
  267.9400 1.006315e+06
  267.9500 1.006403e+06
  267.9600 1.006490e+06
  267.9700 1.006578e+06
  267.9800 1.006666e+06
  267.9900 1.006754e+06
  268.0000 1.006842e+06
  268.0100 1.006930e+06
  268.0200 1.007018e+06
  268.0300 1.007106e+06
  268.0400 1.007194e+06
  268.0500 1.007282e+06
  268.0600 1.007370e+06
  268.0700 1.007458e+06
  268.0800 1.007546e+06
  268.0900 1.007635e+06
  268.1000 1.007723e+06
  268.1100 1.007811e+06
  268.1200 1.007900e+06
  268.1300 1.007988e+06
  268.1400 1.008076e+06
  268.1500 1.008165e+06
  268.1600 1.008253e+06
  268.1700 1.008342e+06
  268.1800 1.008430e+06
  268.1900 1.008519e+06
  268.2000 1.008608e+06
  268.2100 1.008696e+06
  268.2200 1.008785e+06
  268.2300 1.008874e+06
  268.2400 1.008963e+06
  268.2500 1.009051e+06
  268.2600 1.009140e+06
  268.2700 1.009229e+06
  268.2800 1.009318e+06
  268.2900 1.009407e+06
  268.3000 1.009496e+06
  268.3100 1.009585e+06
  268.3200 1.009674e+06
  268.3300 1.009763e+06
  268.3400 1.009852e+06
  268.3500 1.009942e+06
  268.3600 1.010031e+06
  268.3700 1.010120e+06
  268.3800 1.010209e+06
  268.3900 1.010299e+06
  268.4000 1.010388e+06
  268.4100 1.010478e+06
  268.4200 1.010567e+06
  268.4300 1.010657e+06
  268.4400 1.010746e+06
  268.4500 1.010836e+06
  268.4600 1.010925e+06
  268.4700 1.011015e+06
  268.4800 1.011105e+06
  268.4900 1.011194e+06
  268.5000 1.011284e+06
  268.5100 1.011374e+06
  268.5200 1.011464e+06
  268.5300 1.011553e+06
  268.5400 1.011643e+06
  268.5500 1.011733e+06
  268.5600 1.011823e+06
  268.5700 1.011913e+06
  268.5800 1.012003e+06
  268.5900 1.012093e+06
  268.6000 1.012183e+06
  268.6100 1.012274e+06
  268.6200 1.012364e+06
  268.6300 1.012454e+06
  268.6400 1.012544e+06
  268.6500 1.012634e+06
  268.6600 1.012725e+06
  268.6700 1.012815e+06
  268.6800 1.012906e+06
  268.6900 1.012996e+06
  268.7000 1.013086e+06
  268.7100 1.013177e+06
  268.7200 1.013267e+06
  268.7300 1.013358e+06
  268.7400 1.013449e+06
  268.7500 1.013539e+06
  268.7600 1.013630e+06
  268.7700 1.013721e+06
  268.7800 1.013811e+06
  268.7900 1.013902e+06
  268.8000 1.013993e+06
  268.8100 1.014084e+06
  268.8200 1.014175e+06
  268.8300 1.014266e+06
  268.8400 1.014357e+06
  268.8500 1.014448e+06
  268.8600 1.014539e+06
  268.8700 1.014630e+06
  268.8800 1.014721e+06
  268.8900 1.014812e+06
  268.9000 1.014903e+06
  268.9100 1.014995e+06
  268.9200 1.015086e+06
  268.9300 1.015177e+06
  268.9400 1.015269e+06
  268.9500 1.015360e+06
  268.9600 1.015451e+06
  268.9700 1.015543e+06
  268.9800 1.015634e+06
  268.9900 1.015726e+06
  269.0000 1.015817e+06
  269.0100 1.015909e+06
  269.0200 1.016001e+06
  269.0300 1.016092e+06
  269.0400 1.016184e+06
  269.0500 1.016276e+06
  269.0600 1.016367e+06
  269.0700 1.016459e+06
  269.0800 1.016551e+06
  269.0900 1.016643e+06
  269.1000 1.016735e+06
  269.1100 1.016827e+06
  269.1200 1.016919e+06
  269.1300 1.017011e+06
  269.1400 1.017103e+06
  269.1500 1.017195e+06
  269.1600 1.017287e+06
  269.1700 1.017379e+06
  269.1800 1.017472e+06
  269.1900 1.017564e+06
  269.2000 1.017656e+06
  269.2100 1.017748e+06
  269.2200 1.017841e+06
  269.2300 1.017933e+06
  269.2400 1.018025e+06
  269.2500 1.018118e+06
  269.2600 1.018210e+06
  269.2700 1.018303e+06
  269.2800 1.018396e+06
  269.2900 1.018488e+06
  269.3000 1.018581e+06
  269.3100 1.018673e+06
  269.3200 1.018766e+06
  269.3300 1.018859e+06
  269.3400 1.018952e+06
  269.3500 1.019044e+06
  269.3600 1.019137e+06
  269.3700 1.019230e+06
  269.3800 1.019323e+06
  269.3900 1.019416e+06
  269.4000 1.019509e+06
  269.4100 1.019602e+06
  269.4200 1.019695e+06
  269.4300 1.019788e+06
  269.4400 1.019881e+06
  269.4500 1.019975e+06
  269.4600 1.020068e+06
  269.4700 1.020161e+06
  269.4800 1.020254e+06
  269.4900 1.020348e+06
  269.5000 1.020441e+06
  269.5100 1.020534e+06
  269.5200 1.020628e+06
  269.5300 1.020721e+06
  269.5400 1.020815e+06
  269.5500 1.020908e+06
  269.5600 1.021002e+06
  269.5700 1.021095e+06
  269.5800 1.021189e+06
  269.5900 1.021283e+06
  269.6000 1.021377e+06
  269.6100 1.021470e+06
  269.6200 1.021564e+06
  269.6300 1.021658e+06
  269.6400 1.021752e+06
  269.6500 1.021846e+06
  269.6600 1.021940e+06
  269.6700 1.022033e+06
  269.6800 1.022127e+06
  269.6900 1.022222e+06
  269.7000 1.022316e+06
  269.7100 1.022410e+06
  269.7200 1.022504e+06
  269.7300 1.022598e+06
  269.7400 1.022692e+06
  269.7500 1.022786e+06
  269.7600 1.022881e+06
  269.7700 1.022975e+06
  269.7800 1.023069e+06
  269.7900 1.023164e+06
  269.8000 1.023258e+06
  269.8100 1.023353e+06
  269.8200 1.023447e+06
  269.8300 1.023542e+06
  269.8400 1.023636e+06
  269.8500 1.023731e+06
  269.8600 1.023825e+06
  269.8700 1.023920e+06
  269.8800 1.024015e+06
  269.8900 1.024110e+06
  269.9000 1.024204e+06
  269.9100 1.024299e+06
  269.9200 1.024394e+06
  269.9300 1.024489e+06
  269.9400 1.024584e+06
  269.9500 1.024679e+06
  269.9600 1.024774e+06
  269.9700 1.024869e+06
  269.9800 1.024964e+06
  269.9900 1.025059e+06
  270.0000 1.025154e+06
  270.0100 1.025249e+06
  270.0200 1.025345e+06
  270.0300 1.025440e+06
  270.0400 1.025535e+06
  270.0500 1.025630e+06
  270.0600 1.025726e+06
  270.0700 1.025821e+06
  270.0800 1.025916e+06
  270.0900 1.026012e+06
  270.1000 1.026107e+06
  270.1100 1.026203e+06
  270.1200 1.026298e+06
  270.1300 1.026394e+06
  270.1400 1.026490e+06
  270.1500 1.026585e+06
  270.1600 1.026681e+06
  270.1700 1.026777e+06
  270.1800 1.026873e+06
  270.1900 1.026968e+06
  270.2000 1.027064e+06
  270.2100 1.027160e+06
  270.2200 1.027256e+06
  270.2300 1.027352e+06
  270.2400 1.027448e+06
  270.2500 1.027544e+06
  270.2600 1.027640e+06
  270.2700 1.027736e+06
  270.2800 1.027832e+06
  270.2900 1.027928e+06
  270.3000 1.028025e+06
  270.3100 1.028121e+06
  270.3200 1.028217e+06
  270.3300 1.028313e+06
  270.3400 1.028410e+06
  270.3500 1.028506e+06
  270.3600 1.028602e+06
  270.3700 1.028699e+06
  270.3800 1.028795e+06
  270.3900 1.028892e+06
  270.4000 1.028988e+06
  270.4100 1.029085e+06
  270.4200 1.029182e+06
  270.4300 1.029278e+06
  270.4400 1.029375e+06
  270.4500 1.029472e+06
  270.4600 1.029568e+06
  270.4700 1.029665e+06
  270.4800 1.029762e+06
  270.4900 1.029859e+06
  270.5000 1.029956e+06
  270.5100 1.030053e+06
  270.5200 1.030150e+06
  270.5300 1.030247e+06
  270.5400 1.030344e+06
  270.5500 1.030441e+06
  270.5600 1.030538e+06
  270.5700 1.030635e+06
  270.5800 1.030732e+06
  270.5900 1.030829e+06
  270.6000 1.030927e+06
  270.6100 1.031024e+06
  270.6200 1.031121e+06
  270.6300 1.031219e+06
  270.6400 1.031316e+06
  270.6500 1.031413e+06
  270.6600 1.031511e+06
  270.6700 1.031608e+06
  270.6800 1.031706e+06
  270.6900 1.031804e+06
  270.7000 1.031901e+06
  270.7100 1.031999e+06
  270.7200 1.032096e+06
  270.7300 1.032194e+06
  270.7400 1.032292e+06
  270.7500 1.032390e+06
  270.7600 1.032487e+06
  270.7700 1.032585e+06
  270.7800 1.032683e+06
  270.7900 1.032781e+06
  270.8000 1.032879e+06
  270.8100 1.032977e+06
  270.8200 1.033075e+06
  270.8300 1.033173e+06
  270.8400 1.033271e+06
  270.8500 1.033369e+06
  270.8600 1.033467e+06
  270.8700 1.033566e+06
  270.8800 1.033664e+06
  270.8900 1.033762e+06
  270.9000 1.033860e+06
  270.9100 1.033959e+06
  270.9200 1.034057e+06
  270.9300 1.034155e+06
  270.9400 1.034254e+06
  270.9500 1.034352e+06
  270.9600 1.034451e+06
  270.9700 1.034549e+06
  270.9800 1.034648e+06
  270.9900 1.034747e+06
  271.0000 1.034845e+06
  271.0100 1.034944e+06
  271.0200 1.035043e+06
  271.0300 1.035141e+06
  271.0400 1.035240e+06
  271.0500 1.035339e+06
  271.0600 1.035438e+06
  271.0700 1.035537e+06
  271.0800 1.035636e+06
  271.0900 1.035735e+06
  271.1000 1.035834e+06
  271.1100 1.035933e+06
  271.1200 1.036032e+06
  271.1300 1.036131e+06
  271.1400 1.036230e+06
  271.1500 1.036329e+06
  271.1600 1.036428e+06
  271.1700 1.036527e+06
  271.1800 1.036627e+06
  271.1900 1.036726e+06
  271.2000 1.036825e+06
  271.2100 1.036925e+06
  271.2200 1.037024e+06
  271.2300 1.037124e+06
  271.2400 1.037223e+06
  271.2500 1.037323e+06
  271.2600 1.037422e+06
  271.2700 1.037522e+06
  271.2800 1.037621e+06
  271.2900 1.037721e+06
  271.3000 1.037821e+06
  271.3100 1.037920e+06
  271.3200 1.038020e+06
  271.3300 1.038120e+06
  271.3400 1.038220e+06
  271.3500 1.038320e+06
  271.3600 1.038419e+06
  271.3700 1.038519e+06
  271.3800 1.038619e+06
  271.3900 1.038719e+06
  271.4000 1.038819e+06
  271.4100 1.038919e+06
  271.4200 1.039019e+06
  271.4300 1.039120e+06
  271.4400 1.039220e+06
  271.4500 1.039320e+06
  271.4600 1.039420e+06
  271.4700 1.039520e+06
  271.4800 1.039621e+06
  271.4900 1.039721e+06
  271.5000 1.039821e+06
  271.5100 1.039922e+06
  271.5200 1.040022e+06
  271.5300 1.040123e+06
  271.5400 1.040223e+06
  271.5500 1.040324e+06
  271.5600 1.040424e+06
  271.5700 1.040525e+06
  271.5800 1.040626e+06
  271.5900 1.040726e+06
  271.6000 1.040827e+06
  271.6100 1.040928e+06
  271.6200 1.041029e+06
  271.6300 1.041129e+06
  271.6400 1.041230e+06
  271.6500 1.041331e+06
  271.6600 1.041432e+06
  271.6700 1.041533e+06
  271.6800 1.041634e+06
  271.6900 1.041735e+06
  271.7000 1.041836e+06
  271.7100 1.041937e+06
  271.7200 1.042038e+06
  271.7300 1.042139e+06
  271.7400 1.042241e+06
  271.7500 1.042342e+06
  271.7600 1.042443e+06
  271.7700 1.042544e+06
  271.7800 1.042646e+06
  271.7900 1.042747e+06
  271.8000 1.042848e+06
  271.8100 1.042950e+06
  271.8200 1.043051e+06
  271.8300 1.043153e+06
  271.8400 1.043254e+06
  271.8500 1.043356e+06
  271.8600 1.043458e+06
  271.8700 1.043559e+06
  271.8800 1.043661e+06
  271.8900 1.043763e+06
  271.9000 1.043864e+06
  271.9100 1.043966e+06
  271.9200 1.044068e+06
  271.9300 1.044170e+06
  271.9400 1.044272e+06
  271.9500 1.044374e+06
  271.9600 1.044476e+06
  271.9700 1.044577e+06
  271.9800 1.044680e+06
  271.9900 1.044782e+06
  272.0000 1.044884e+06
  272.0100 1.044986e+06
  272.0200 1.045088e+06
  272.0300 1.045190e+06
  272.0400 1.045292e+06
  272.0500 1.045395e+06
  272.0600 1.045497e+06
  272.0700 1.045599e+06
  272.0800 1.045702e+06
  272.0900 1.045804e+06
  272.1000 1.045906e+06
  272.1100 1.046009e+06
  272.1200 1.046111e+06
  272.1300 1.046214e+06
  272.1400 1.046316e+06
  272.1500 1.046419e+06
  272.1600 1.046522e+06
  272.1700 1.046624e+06
  272.1800 1.046727e+06
  272.1900 1.046830e+06
  272.2000 1.046932e+06
  272.2100 1.047035e+06
  272.2200 1.047138e+06
  272.2300 1.047241e+06
  272.2400 1.047344e+06
  272.2500 1.047447e+06
  272.2600 1.047550e+06
  272.2700 1.047653e+06
  272.2800 1.047756e+06
  272.2900 1.047859e+06
  272.3000 1.047962e+06
  272.3100 1.048065e+06
  272.3200 1.048168e+06
  272.3300 1.048271e+06
  272.3400 1.048375e+06
  272.3500 1.048478e+06
  272.3600 1.048581e+06
  272.3700 1.048685e+06
  272.3800 1.048788e+06
  272.3900 1.048891e+06
  272.4000 1.048995e+06
  272.4100 1.049098e+06
  272.4200 1.049202e+06
  272.4300 1.049305e+06
  272.4400 1.049409e+06
  272.4500 1.049512e+06
  272.4600 1.049616e+06
  272.4700 1.049720e+06
  272.4800 1.049823e+06
  272.4900 1.049927e+06
  272.5000 1.050031e+06
  272.5100 1.050135e+06
  272.5200 1.050239e+06
  272.5300 1.050342e+06
  272.5400 1.050446e+06
  272.5500 1.050550e+06
  272.5600 1.050654e+06
  272.5700 1.050758e+06
  272.5800 1.050862e+06
  272.5900 1.050966e+06
  272.6000 1.051071e+06
  272.6100 1.051175e+06
  272.6200 1.051279e+06
  272.6300 1.051383e+06
  272.6400 1.051487e+06
  272.6500 1.051592e+06
  272.6600 1.051696e+06
  272.6700 1.051800e+06
  272.6800 1.051905e+06
  272.6900 1.052009e+06
  272.7000 1.052114e+06
  272.7100 1.052218e+06
  272.7200 1.052322e+06
  272.7300 1.052427e+06
  272.7400 1.052532e+06
  272.7500 1.052636e+06
  272.7600 1.052741e+06
  272.7700 1.052846e+06
  272.7800 1.052950e+06
  272.7900 1.053055e+06
  272.8000 1.053160e+06
  272.8100 1.053265e+06
  272.8200 1.053369e+06
  272.8300 1.053474e+06
  272.8400 1.053579e+06
  272.8500 1.053684e+06
  272.8600 1.053789e+06
  272.8700 1.053894e+06
  272.8800 1.053999e+06
  272.8900 1.054104e+06
  272.9000 1.054209e+06
  272.9100 1.054315e+06
  272.9200 1.054420e+06
  272.9300 1.054525e+06
  272.9400 1.054630e+06
  272.9500 1.054736e+06
  272.9600 1.054841e+06
  272.9700 1.054946e+06
  272.9800 1.055052e+06
  272.9900 1.055157e+06
  273.0000 1.055262e+06
  273.0100 1.055368e+06
  273.0200 1.055473e+06
  273.0300 1.055579e+06
  273.0400 1.055685e+06
  273.0500 1.055790e+06
  273.0600 1.055896e+06
  273.0700 1.056002e+06
  273.0800 1.056107e+06
  273.0900 1.056213e+06
  273.1000 1.056319e+06
  273.1100 1.056425e+06
  273.1200 1.056530e+06
  273.1300 1.056636e+06
  273.1400 1.056742e+06
  273.1500 1.056848e+06
  273.1600 1.056954e+06
  273.1700 1.057060e+06
  273.1800 1.057166e+06
  273.1900 1.057272e+06
  273.2000 1.057378e+06
  273.2100 1.057485e+06
  273.2200 1.057591e+06
  273.2300 1.057697e+06
  273.2400 1.057803e+06
  273.2500 1.057910e+06
  273.2600 1.058016e+06
  273.2700 1.058122e+06
  273.2800 1.058229e+06
  273.2900 1.058335e+06
  273.3000 1.058441e+06
  273.3100 1.058548e+06
  273.3200 1.058654e+06
  273.3300 1.058761e+06
  273.3400 1.058868e+06
  273.3500 1.058974e+06
  273.3600 1.059081e+06
  273.3700 1.059188e+06
  273.3800 1.059294e+06
  273.3900 1.059401e+06
  273.4000 1.059508e+06
  273.4100 1.059615e+06
  273.4200 1.059721e+06
  273.4300 1.059828e+06
  273.4400 1.059935e+06
  273.4500 1.060042e+06
  273.4600 1.060149e+06
  273.4700 1.060256e+06
  273.4800 1.060363e+06
  273.4900 1.060470e+06
  273.5000 1.060577e+06
  273.5100 1.060685e+06
  273.5200 1.060792e+06
  273.5300 1.060899e+06
  273.5400 1.061006e+06
  273.5500 1.061113e+06
  273.5600 1.061221e+06
  273.5700 1.061328e+06
  273.5800 1.061435e+06
  273.5900 1.061543e+06
  273.6000 1.061650e+06
  273.6100 1.061758e+06
  273.6200 1.061865e+06
  273.6300 1.061973e+06
  273.6400 1.062080e+06
  273.6500 1.062188e+06
  273.6600 1.062296e+06
  273.6700 1.062403e+06
  273.6800 1.062511e+06
  273.6900 1.062619e+06
  273.7000 1.062727e+06
  273.7100 1.062834e+06
  273.7200 1.062942e+06
  273.7300 1.063050e+06
  273.7400 1.063158e+06
  273.7500 1.063266e+06
  273.7600 1.063374e+06
  273.7700 1.063482e+06
  273.7800 1.063590e+06
  273.7900 1.063698e+06
  273.8000 1.063806e+06
  273.8100 1.063914e+06
  273.8200 1.064022e+06
  273.8300 1.064130e+06
  273.8400 1.064239e+06
  273.8500 1.064347e+06
  273.8600 1.064455e+06
  273.8700 1.064564e+06
  273.8800 1.064672e+06
  273.8900 1.064780e+06
  273.9000 1.064889e+06
  273.9100 1.064997e+06
  273.9200 1.065106e+06
  273.9300 1.065214e+06
  273.9400 1.065323e+06
  273.9500 1.065431e+06
  273.9600 1.065540e+06
  273.9700 1.065649e+06
  273.9800 1.065757e+06
  273.9900 1.065866e+06
  274.0000 1.065975e+06
  274.0100 1.066084e+06
  274.0200 1.066192e+06
  274.0300 1.066301e+06
  274.0400 1.066410e+06
  274.0500 1.066519e+06
  274.0600 1.066628e+06
  274.0700 1.066737e+06
  274.0800 1.066846e+06
  274.0900 1.066955e+06
  274.1000 1.067064e+06
  274.1100 1.067173e+06
  274.1200 1.067282e+06
  274.1300 1.067392e+06
  274.1400 1.067501e+06
  274.1500 1.067610e+06
  274.1600 1.067719e+06
  274.1700 1.067829e+06
  274.1800 1.067938e+06
  274.1900 1.068047e+06
  274.2000 1.068157e+06
  274.2100 1.068266e+06
  274.2200 1.068376e+06
  274.2300 1.068485e+06
  274.2400 1.068595e+06
  274.2500 1.068704e+06
  274.2600 1.068814e+06
  274.2700 1.068923e+06
  274.2800 1.069033e+06
  274.2900 1.069143e+06
  274.3000 1.069253e+06
  274.3100 1.069362e+06
  274.3200 1.069472e+06
  274.3300 1.069582e+06
  274.3400 1.069692e+06
  274.3500 1.069802e+06
  274.3600 1.069912e+06
  274.3700 1.070022e+06
  274.3800 1.070132e+06
  274.3900 1.070242e+06
  274.4000 1.070352e+06
  274.4100 1.070462e+06
  274.4200 1.070572e+06
  274.4300 1.070682e+06
  274.4400 1.070792e+06
  274.4500 1.070902e+06
  274.4600 1.071013e+06
  274.4700 1.071123e+06
  274.4800 1.071233e+06
  274.4900 1.071344e+06
  274.5000 1.071454e+06
  274.5100 1.071564e+06
  274.5200 1.071675e+06
  274.5300 1.071785e+06
  274.5400 1.071896e+06
  274.5500 1.072006e+06
  274.5600 1.072117e+06
  274.5700 1.072227e+06
  274.5800 1.072338e+06
  274.5900 1.072449e+06
  274.6000 1.072559e+06
  274.6100 1.072670e+06
  274.6200 1.072781e+06
  274.6300 1.072892e+06
  274.6400 1.073003e+06
  274.6500 1.073113e+06
  274.6600 1.073224e+06
  274.6700 1.073335e+06
  274.6800 1.073446e+06
  274.6900 1.073557e+06
  274.7000 1.073668e+06
  274.7100 1.073779e+06
  274.7200 1.073890e+06
  274.7300 1.074001e+06
  274.7400 1.074113e+06
  274.7500 1.074224e+06
  274.7600 1.074335e+06
  274.7700 1.074446e+06
  274.7800 1.074557e+06
  274.7900 1.074669e+06
  274.8000 1.074780e+06
  274.8100 1.074892e+06
  274.8200 1.075003e+06
  274.8300 1.075114e+06
  274.8400 1.075226e+06
  274.8500 1.075337e+06
  274.8600 1.075449e+06
  274.8700 1.075560e+06
  274.8800 1.075672e+06
  274.8900 1.075784e+06
  274.9000 1.075895e+06
  274.9100 1.076007e+06
  274.9200 1.076119e+06
  274.9300 1.076231e+06
  274.9400 1.076342e+06
  274.9500 1.076454e+06
  274.9600 1.076566e+06
  274.9700 1.076678e+06
  274.9800 1.076790e+06
  274.9900 1.076902e+06
  275.0000 1.077014e+06
  275.0100 1.077126e+06
  275.0200 1.077238e+06
  275.0300 1.077350e+06
  275.0400 1.077462e+06
  275.0500 1.077574e+06
  275.0600 1.077686e+06
  275.0700 1.077798e+06
  275.0800 1.077911e+06
  275.0900 1.078023e+06
  275.1000 1.078135e+06
  275.1100 1.078248e+06
  275.1200 1.078360e+06
  275.1300 1.078472e+06
  275.1400 1.078585e+06
  275.1500 1.078697e+06
  275.1600 1.078810e+06
  275.1700 1.078922e+06
  275.1800 1.079035e+06
  275.1900 1.079147e+06
  275.2000 1.079260e+06
  275.2100 1.079373e+06
  275.2200 1.079485e+06
  275.2300 1.079598e+06
  275.2400 1.079711e+06
  275.2500 1.079824e+06
  275.2600 1.079936e+06
  275.2700 1.080049e+06
  275.2800 1.080162e+06
  275.2900 1.080275e+06
  275.3000 1.080388e+06
  275.3100 1.080501e+06
  275.3200 1.080614e+06
  275.3300 1.080727e+06
  275.3400 1.080840e+06
  275.3500 1.080953e+06
  275.3600 1.081066e+06
  275.3700 1.081179e+06
  275.3800 1.081293e+06
  275.3900 1.081406e+06
  275.4000 1.081519e+06
  275.4100 1.081632e+06
  275.4200 1.081746e+06
  275.4300 1.081859e+06
  275.4400 1.081972e+06
  275.4500 1.082086e+06
  275.4600 1.082199e+06
  275.4700 1.082313e+06
  275.4800 1.082426e+06
  275.4900 1.082540e+06
  275.5000 1.082653e+06
  275.5100 1.082767e+06
  275.5200 1.082881e+06
  275.5300 1.082994e+06
  275.5400 1.083108e+06
  275.5500 1.083222e+06
  275.5600 1.083336e+06
  275.5700 1.083449e+06
  275.5800 1.083563e+06
  275.5900 1.083677e+06
  275.6000 1.083791e+06
  275.6100 1.083905e+06
  275.6200 1.084019e+06
  275.6300 1.084133e+06
  275.6400 1.084247e+06
  275.6500 1.084361e+06
  275.6600 1.084475e+06
  275.6700 1.084589e+06
  275.6800 1.084703e+06
  275.6900 1.084817e+06
  275.7000 1.084932e+06
  275.7100 1.085046e+06
  275.7200 1.085160e+06
  275.7300 1.085274e+06
  275.7400 1.085389e+06
  275.7500 1.085503e+06
  275.7600 1.085617e+06
  275.7700 1.085732e+06
  275.7800 1.085846e+06
  275.7900 1.085961e+06
  275.8000 1.086075e+06
  275.8100 1.086190e+06
  275.8200 1.086304e+06
  275.8300 1.086419e+06
  275.8400 1.086534e+06
  275.8500 1.086648e+06
  275.8600 1.086763e+06
  275.8700 1.086878e+06
  275.8800 1.086993e+06
  275.8900 1.087107e+06
  275.9000 1.087222e+06
  275.9100 1.087337e+06
  275.9200 1.087452e+06
  275.9300 1.087567e+06
  275.9400 1.087682e+06
  275.9500 1.087797e+06
  275.9600 1.087912e+06
  275.9700 1.088027e+06
  275.9800 1.088142e+06
  275.9900 1.088257e+06
  276.0000 1.088372e+06
  276.0100 1.088487e+06
  276.0200 1.088603e+06
  276.0300 1.088718e+06
  276.0400 1.088833e+06
  276.0500 1.088948e+06
  276.0600 1.089064e+06
  276.0700 1.089179e+06
  276.0800 1.089295e+06
  276.0900 1.089410e+06
  276.1000 1.089525e+06
  276.1100 1.089641e+06
  276.1200 1.089756e+06
  276.1300 1.089872e+06
  276.1400 1.089988e+06
  276.1500 1.090103e+06
  276.1600 1.090219e+06
  276.1700 1.090334e+06
  276.1800 1.090450e+06
  276.1900 1.090566e+06
  276.2000 1.090682e+06
  276.2100 1.090797e+06
  276.2200 1.090913e+06
  276.2300 1.091029e+06
  276.2400 1.091145e+06
  276.2500 1.091261e+06
  276.2600 1.091377e+06
  276.2700 1.091493e+06
  276.2800 1.091609e+06
  276.2900 1.091725e+06
  276.3000 1.091841e+06
  276.3100 1.091957e+06
  276.3200 1.092073e+06
  276.3300 1.092190e+06
  276.3400 1.092306e+06
  276.3500 1.092422e+06
  276.3600 1.092538e+06
  276.3700 1.092655e+06
  276.3800 1.092771e+06
  276.3900 1.092887e+06
  276.4000 1.093004e+06
  276.4100 1.093120e+06
  276.4200 1.093236e+06
  276.4300 1.093353e+06
  276.4400 1.093469e+06
  276.4500 1.093586e+06
  276.4600 1.093703e+06
  276.4700 1.093819e+06
  276.4800 1.093936e+06
  276.4900 1.094052e+06
  276.5000 1.094169e+06
  276.5100 1.094286e+06
  276.5200 1.094403e+06
  276.5300 1.094519e+06
  276.5400 1.094636e+06
  276.5500 1.094753e+06
  276.5600 1.094870e+06
  276.5700 1.094987e+06
  276.5800 1.095104e+06
  276.5900 1.095221e+06
  276.6000 1.095338e+06
  276.6100 1.095455e+06
  276.6200 1.095572e+06
  276.6300 1.095689e+06
  276.6400 1.095806e+06
  276.6500 1.095923e+06
  276.6600 1.096041e+06
  276.6700 1.096158e+06
  276.6800 1.096275e+06
  276.6900 1.096392e+06
  276.7000 1.096510e+06
  276.7100 1.096627e+06
  276.7200 1.096744e+06
  276.7300 1.096862e+06
  276.7400 1.096979e+06
  276.7500 1.097097e+06
  276.7600 1.097214e+06
  276.7700 1.097332e+06
  276.7800 1.097449e+06
  276.7900 1.097567e+06
  276.8000 1.097685e+06
  276.8100 1.097802e+06
  276.8200 1.097920e+06
  276.8300 1.098038e+06
  276.8400 1.098155e+06
  276.8500 1.098273e+06
  276.8600 1.098391e+06
  276.8700 1.098509e+06
  276.8800 1.098627e+06
  276.8900 1.098745e+06
  276.9000 1.098862e+06
  276.9100 1.098980e+06
  276.9200 1.099098e+06
  276.9300 1.099216e+06
  276.9400 1.099334e+06
  276.9500 1.099453e+06
  276.9600 1.099571e+06
  276.9700 1.099689e+06
  276.9800 1.099807e+06
  276.9900 1.099925e+06
  277.0000 1.100043e+06
  277.0100 1.100162e+06
  277.0200 1.100280e+06
  277.0300 1.100398e+06
  277.0400 1.100517e+06
  277.0500 1.100635e+06
  277.0600 1.100754e+06
  277.0700 1.100872e+06
  277.0800 1.100990e+06
  277.0900 1.101109e+06
  277.1000 1.101227e+06
  277.1100 1.101346e+06
  277.1200 1.101465e+06
  277.1300 1.101583e+06
  277.1400 1.101702e+06
  277.1500 1.101821e+06
  277.1600 1.101939e+06
  277.1700 1.102058e+06
  277.1800 1.102177e+06
  277.1900 1.102296e+06
  277.2000 1.102415e+06
  277.2100 1.102533e+06
  277.2200 1.102652e+06
  277.2300 1.102771e+06
  277.2400 1.102890e+06
  277.2500 1.103009e+06
  277.2600 1.103128e+06
  277.2700 1.103247e+06
  277.2800 1.103366e+06
  277.2900 1.103486e+06
  277.3000 1.103605e+06
  277.3100 1.103724e+06
  277.3200 1.103843e+06
  277.3300 1.103962e+06
  277.3400 1.104082e+06
  277.3500 1.104201e+06
  277.3600 1.104320e+06
  277.3700 1.104440e+06
  277.3800 1.104559e+06
  277.3900 1.104678e+06
  277.4000 1.104798e+06
  277.4100 1.104917e+06
  277.4200 1.105037e+06
  277.4300 1.105156e+06
  277.4400 1.105276e+06
  277.4500 1.105396e+06
  277.4600 1.105515e+06
  277.4700 1.105635e+06
  277.4800 1.105755e+06
  277.4900 1.105874e+06
  277.5000 1.105994e+06
  277.5100 1.106114e+06
  277.5200 1.106234e+06
  277.5300 1.106354e+06
  277.5400 1.106473e+06
  277.5500 1.106593e+06
  277.5600 1.106713e+06
  277.5700 1.106833e+06
  277.5800 1.106953e+06
  277.5900 1.107073e+06
  277.6000 1.107193e+06
  277.6100 1.107313e+06
  277.6200 1.107434e+06
  277.6300 1.107554e+06
  277.6400 1.107674e+06
  277.6500 1.107794e+06
  277.6600 1.107914e+06
  277.6700 1.108035e+06
  277.6800 1.108155e+06
  277.6900 1.108275e+06
  277.7000 1.108396e+06
  277.7100 1.108516e+06
  277.7200 1.108636e+06
  277.7300 1.108757e+06
  277.7400 1.108877e+06
  277.7500 1.108998e+06
  277.7600 1.109118e+06
  277.7700 1.109239e+06
  277.7800 1.109360e+06
  277.7900 1.109480e+06
  277.8000 1.109601e+06
  277.8100 1.109722e+06
  277.8200 1.109842e+06
  277.8300 1.109963e+06
  277.8400 1.110084e+06
  277.8500 1.110205e+06
  277.8600 1.110325e+06
  277.8700 1.110446e+06
  277.8800 1.110567e+06
  277.8900 1.110688e+06
  277.9000 1.110809e+06
  277.9100 1.110930e+06
  277.9200 1.111051e+06
  277.9300 1.111172e+06
  277.9400 1.111293e+06
  277.9500 1.111414e+06
  277.9600 1.111536e+06
  277.9700 1.111657e+06
  277.9800 1.111778e+06
  277.9900 1.111899e+06
  278.0000 1.112020e+06
  278.0100 1.112142e+06
  278.0200 1.112263e+06
  278.0300 1.112384e+06
  278.0400 1.112506e+06
  278.0500 1.112627e+06
  278.0600 1.112749e+06
  278.0700 1.112870e+06
  278.0800 1.112992e+06
  278.0900 1.113113e+06
  278.1000 1.113235e+06
  278.1100 1.113356e+06
  278.1200 1.113478e+06
  278.1300 1.113600e+06
  278.1400 1.113721e+06
  278.1500 1.113843e+06
  278.1600 1.113965e+06
  278.1700 1.114086e+06
  278.1800 1.114208e+06
  278.1900 1.114330e+06
  278.2000 1.114452e+06
  278.2100 1.114574e+06
  278.2200 1.114696e+06
  278.2300 1.114818e+06
  278.2400 1.114940e+06
  278.2500 1.115062e+06
  278.2600 1.115184e+06
  278.2700 1.115306e+06
  278.2800 1.115428e+06
  278.2900 1.115550e+06
  278.3000 1.115672e+06
  278.3100 1.115794e+06
  278.3200 1.115916e+06
  278.3300 1.116039e+06
  278.3400 1.116161e+06
  278.3500 1.116283e+06
  278.3600 1.116406e+06
  278.3700 1.116528e+06
  278.3800 1.116650e+06
  278.3900 1.116773e+06
  278.4000 1.116895e+06
  278.4100 1.117018e+06
  278.4200 1.117140e+06
  278.4300 1.117263e+06
  278.4400 1.117385e+06
  278.4500 1.117508e+06
  278.4600 1.117631e+06
  278.4700 1.117753e+06
  278.4800 1.117876e+06
  278.4900 1.117999e+06
  278.5000 1.118121e+06
  278.5100 1.118244e+06
  278.5200 1.118367e+06
  278.5300 1.118490e+06
  278.5400 1.118613e+06
  278.5500 1.118736e+06
  278.5600 1.118858e+06
  278.5700 1.118981e+06
  278.5800 1.119104e+06
  278.5900 1.119227e+06
  278.6000 1.119350e+06
  278.6100 1.119474e+06
  278.6200 1.119597e+06
  278.6300 1.119720e+06
  278.6400 1.119843e+06
  278.6500 1.119966e+06
  278.6600 1.120089e+06
  278.6700 1.120213e+06
  278.6800 1.120336e+06
  278.6900 1.120459e+06
  278.7000 1.120583e+06
  278.7100 1.120706e+06
  278.7200 1.120829e+06
  278.7300 1.120953e+06
  278.7400 1.121076e+06
  278.7500 1.121200e+06
  278.7600 1.121323e+06
  278.7700 1.121447e+06
  278.7800 1.121570e+06
  278.7900 1.121694e+06
  278.8000 1.121817e+06
  278.8100 1.121941e+06
  278.8200 1.122065e+06
  278.8300 1.122189e+06
  278.8400 1.122312e+06
  278.8500 1.122436e+06
  278.8600 1.122560e+06
  278.8700 1.122684e+06
  278.8800 1.122808e+06
  278.8900 1.122931e+06
  278.9000 1.123055e+06
  278.9100 1.123179e+06
  278.9200 1.123303e+06
  278.9300 1.123427e+06
  278.9400 1.123551e+06
  278.9500 1.123675e+06
  278.9600 1.123800e+06
  278.9700 1.123924e+06
  278.9800 1.124048e+06
  278.9900 1.124172e+06
  279.0000 1.124296e+06
  279.0100 1.124420e+06
  279.0200 1.124545e+06
  279.0300 1.124669e+06
  279.0400 1.124793e+06
  279.0500 1.124918e+06
  279.0600 1.125042e+06
  279.0700 1.125167e+06
  279.0800 1.125291e+06
  279.0900 1.125415e+06
  279.1000 1.125540e+06
  279.1100 1.125665e+06
  279.1200 1.125789e+06
  279.1300 1.125914e+06
  279.1400 1.126038e+06
  279.1500 1.126163e+06
  279.1600 1.126288e+06
  279.1700 1.126412e+06
  279.1800 1.126537e+06
  279.1900 1.126662e+06
  279.2000 1.126787e+06
  279.2100 1.126911e+06
  279.2200 1.127036e+06
  279.2300 1.127161e+06
  279.2400 1.127286e+06
  279.2500 1.127411e+06
  279.2600 1.127536e+06
  279.2700 1.127661e+06
  279.2800 1.127786e+06
  279.2900 1.127911e+06
  279.3000 1.128036e+06
  279.3100 1.128161e+06
  279.3200 1.128286e+06
  279.3300 1.128412e+06
  279.3400 1.128537e+06
  279.3500 1.128662e+06
  279.3600 1.128787e+06
  279.3700 1.128913e+06
  279.3800 1.129038e+06
  279.3900 1.129163e+06
  279.4000 1.129289e+06
  279.4100 1.129414e+06
  279.4200 1.129539e+06
  279.4300 1.129665e+06
  279.4400 1.129790e+06
  279.4500 1.129916e+06
  279.4600 1.130042e+06
  279.4700 1.130167e+06
  279.4800 1.130293e+06
  279.4900 1.130418e+06
  279.5000 1.130544e+06
  279.5100 1.130670e+06
  279.5200 1.130795e+06
  279.5300 1.130921e+06
  279.5400 1.131047e+06
  279.5500 1.131173e+06
  279.5600 1.131299e+06
  279.5700 1.131424e+06
  279.5800 1.131550e+06
  279.5900 1.131676e+06
  279.6000 1.131802e+06
  279.6100 1.131928e+06
  279.6200 1.132054e+06
  279.6300 1.132180e+06
  279.6400 1.132306e+06
  279.6500 1.132432e+06
  279.6600 1.132559e+06
  279.6700 1.132685e+06
  279.6800 1.132811e+06
  279.6900 1.132937e+06
  279.7000 1.133063e+06
  279.7100 1.133190e+06
  279.7200 1.133316e+06
  279.7300 1.133442e+06
  279.7400 1.133569e+06
  279.7500 1.133695e+06
  279.7600 1.133821e+06
  279.7700 1.133948e+06
  279.7800 1.134074e+06
  279.7900 1.134201e+06
  279.8000 1.134327e+06
  279.8100 1.134454e+06
  279.8200 1.134581e+06
  279.8300 1.134707e+06
  279.8400 1.134834e+06
  279.8500 1.134960e+06
  279.8600 1.135087e+06
  279.8700 1.135214e+06
  279.8800 1.135341e+06
  279.8900 1.135467e+06
  279.9000 1.135594e+06
  279.9100 1.135721e+06
  279.9200 1.135848e+06
  279.9300 1.135975e+06
  279.9400 1.136102e+06
  279.9500 1.136229e+06
  279.9600 1.136356e+06
  279.9700 1.136483e+06
  279.9800 1.136610e+06
  279.9900 1.136737e+06
  280.0000 1.136864e+06
  280.0100 1.136991e+06
  280.0200 1.137118e+06
  280.0300 1.137245e+06
  280.0400 1.137373e+06
  280.0500 1.137500e+06
  280.0600 1.137627e+06
  280.0700 1.137754e+06
  280.0800 1.137882e+06
  280.0900 1.138009e+06
  280.1000 1.138136e+06
  280.1100 1.138264e+06
  280.1200 1.138391e+06
  280.1300 1.138519e+06
  280.1400 1.138646e+06
  280.1500 1.138774e+06
  280.1600 1.138901e+06
  280.1700 1.139029e+06
  280.1800 1.139157e+06
  280.1900 1.139284e+06
  280.2000 1.139412e+06
  280.2100 1.139540e+06
  280.2200 1.139667e+06
  280.2300 1.139795e+06
  280.2400 1.139923e+06
  280.2500 1.140051e+06
  280.2600 1.140178e+06
  280.2700 1.140306e+06
  280.2800 1.140434e+06
  280.2900 1.140562e+06
  280.3000 1.140690e+06
  280.3100 1.140818e+06
  280.3200 1.140946e+06
  280.3300 1.141074e+06
  280.3400 1.141202e+06
  280.3500 1.141330e+06
  280.3600 1.141458e+06
  280.3700 1.141587e+06
  280.3800 1.141715e+06
  280.3900 1.141843e+06
  280.4000 1.141971e+06
  280.4100 1.142099e+06
  280.4200 1.142228e+06
  280.4300 1.142356e+06
  280.4400 1.142484e+06
  280.4500 1.142613e+06
  280.4600 1.142741e+06
  280.4700 1.142870e+06
  280.4800 1.142998e+06
  280.4900 1.143127e+06
  280.5000 1.143255e+06
  280.5100 1.143384e+06
  280.5200 1.143512e+06
  280.5300 1.143641e+06
  280.5400 1.143769e+06
  280.5500 1.143898e+06
  280.5600 1.144027e+06
  280.5700 1.144155e+06
  280.5800 1.144284e+06
  280.5900 1.144413e+06
  280.6000 1.144542e+06
  280.6100 1.144671e+06
  280.6200 1.144799e+06
  280.6300 1.144928e+06
  280.6400 1.145057e+06
  280.6500 1.145186e+06
  280.6600 1.145315e+06
  280.6700 1.145444e+06
  280.6800 1.145573e+06
  280.6900 1.145702e+06
  280.7000 1.145831e+06
  280.7100 1.145960e+06
  280.7200 1.146090e+06
  280.7300 1.146219e+06
  280.7400 1.146348e+06
  280.7500 1.146477e+06
  280.7600 1.146606e+06
  280.7700 1.146736e+06
  280.7800 1.146865e+06
  280.7900 1.146994e+06
  280.8000 1.147124e+06
  280.8100 1.147253e+06
  280.8200 1.147382e+06
  280.8300 1.147512e+06
  280.8400 1.147641e+06
  280.8500 1.147771e+06
  280.8600 1.147900e+06
  280.8700 1.148030e+06
  280.8800 1.148159e+06
  280.8900 1.148289e+06
  280.9000 1.148419e+06
  280.9100 1.148548e+06
  280.9200 1.148678e+06
  280.9300 1.148808e+06
  280.9400 1.148938e+06
  280.9500 1.149067e+06
  280.9600 1.149197e+06
  280.9700 1.149327e+06
  280.9800 1.149457e+06
  280.9900 1.149587e+06
  281.0000 1.149717e+06
  281.0100 1.149847e+06
  281.0200 1.149977e+06
  281.0300 1.150107e+06
  281.0400 1.150237e+06
  281.0500 1.150367e+06
  281.0600 1.150497e+06
  281.0700 1.150627e+06
  281.0800 1.150757e+06
  281.0900 1.150887e+06
  281.1000 1.151017e+06
  281.1100 1.151147e+06
  281.1200 1.151278e+06
  281.1300 1.151408e+06
  281.1400 1.151538e+06
  281.1500 1.151669e+06
  281.1600 1.151799e+06
  281.1700 1.151929e+06
  281.1800 1.152060e+06
  281.1900 1.152190e+06
  281.2000 1.152321e+06
  281.2100 1.152451e+06
  281.2200 1.152582e+06
  281.2300 1.152712e+06
  281.2400 1.152843e+06
  281.2500 1.152973e+06
  281.2600 1.153104e+06
  281.2700 1.153235e+06
  281.2800 1.153365e+06
  281.2900 1.153496e+06
  281.3000 1.153627e+06
  281.3100 1.153758e+06
  281.3200 1.153888e+06
  281.3300 1.154019e+06
  281.3400 1.154150e+06
  281.3500 1.154281e+06
  281.3600 1.154412e+06
  281.3700 1.154543e+06
  281.3800 1.154674e+06
  281.3900 1.154805e+06
  281.4000 1.154936e+06
  281.4100 1.155067e+06
  281.4200 1.155198e+06
  281.4300 1.155329e+06
  281.4400 1.155460e+06
  281.4500 1.155591e+06
  281.4600 1.155723e+06
  281.4700 1.155854e+06
  281.4800 1.155985e+06
  281.4900 1.156116e+06
  281.5000 1.156248e+06
  281.5100 1.156379e+06
  281.5200 1.156510e+06
  281.5300 1.156642e+06
  281.5400 1.156773e+06
  281.5500 1.156905e+06
  281.5600 1.157036e+06
  281.5700 1.157167e+06
  281.5800 1.157299e+06
  281.5900 1.157431e+06
  281.6000 1.157562e+06
  281.6100 1.157694e+06
  281.6200 1.157825e+06
  281.6300 1.157957e+06
  281.6400 1.158089e+06
  281.6500 1.158220e+06
  281.6600 1.158352e+06
  281.6700 1.158484e+06
  281.6800 1.158616e+06
  281.6900 1.158747e+06
  281.7000 1.158879e+06
  281.7100 1.159011e+06
  281.7200 1.159143e+06
  281.7300 1.159275e+06
  281.7400 1.159407e+06
  281.7500 1.159539e+06
  281.7600 1.159671e+06
  281.7700 1.159803e+06
  281.7800 1.159935e+06
  281.7900 1.160067e+06
  281.8000 1.160199e+06
  281.8100 1.160331e+06
  281.8200 1.160464e+06
  281.8300 1.160596e+06
  281.8400 1.160728e+06
  281.8500 1.160860e+06
  281.8600 1.160993e+06
  281.8700 1.161125e+06
  281.8800 1.161257e+06
  281.8900 1.161390e+06
  281.9000 1.161522e+06
  281.9100 1.161654e+06
  281.9200 1.161787e+06
  281.9300 1.161919e+06
  281.9400 1.162052e+06
  281.9500 1.162184e+06
  281.9600 1.162317e+06
  281.9700 1.162449e+06
  281.9800 1.162582e+06
  281.9900 1.162715e+06
  282.0000 1.162847e+06
  282.0100 1.162980e+06
  282.0200 1.163113e+06
  282.0300 1.163245e+06
  282.0400 1.163378e+06
  282.0500 1.163511e+06
  282.0600 1.163644e+06
  282.0700 1.163777e+06
  282.0800 1.163910e+06
  282.0900 1.164042e+06
  282.1000 1.164175e+06
  282.1100 1.164308e+06
  282.1200 1.164441e+06
  282.1300 1.164574e+06
  282.1400 1.164707e+06
  282.1500 1.164840e+06
  282.1600 1.164974e+06
  282.1700 1.165107e+06
  282.1800 1.165240e+06
  282.1900 1.165373e+06
  282.2000 1.165506e+06
  282.2100 1.165639e+06
  282.2200 1.165773e+06
  282.2300 1.165906e+06
  282.2400 1.166039e+06
  282.2500 1.166173e+06
  282.2600 1.166306e+06
  282.2700 1.166439e+06
  282.2800 1.166573e+06
  282.2900 1.166706e+06
  282.3000 1.166840e+06
  282.3100 1.166973e+06
  282.3200 1.167107e+06
  282.3300 1.167240e+06
  282.3400 1.167374e+06
  282.3500 1.167507e+06
  282.3600 1.167641e+06
  282.3700 1.167775e+06
  282.3800 1.167908e+06
  282.3900 1.168042e+06
  282.4000 1.168176e+06
  282.4100 1.168310e+06
  282.4200 1.168443e+06
  282.4300 1.168577e+06
  282.4400 1.168711e+06
  282.4500 1.168845e+06
  282.4600 1.168979e+06
  282.4700 1.169113e+06
  282.4800 1.169247e+06
  282.4900 1.169381e+06
  282.5000 1.169515e+06
  282.5100 1.169649e+06
  282.5200 1.169783e+06
  282.5300 1.169917e+06
  282.5400 1.170051e+06
  282.5500 1.170185e+06
  282.5600 1.170319e+06
  282.5700 1.170454e+06
  282.5800 1.170588e+06
  282.5900 1.170722e+06
  282.6000 1.170856e+06
  282.6100 1.170991e+06
  282.6200 1.171125e+06
  282.6300 1.171259e+06
  282.6400 1.171394e+06
  282.6500 1.171528e+06
  282.6600 1.171663e+06
  282.6700 1.171797e+06
  282.6800 1.171931e+06
  282.6900 1.172066e+06
  282.7000 1.172201e+06
  282.7100 1.172335e+06
  282.7200 1.172470e+06
  282.7300 1.172604e+06
  282.7400 1.172739e+06
  282.7500 1.172874e+06
  282.7600 1.173008e+06
  282.7700 1.173143e+06
  282.7800 1.173278e+06
  282.7900 1.173413e+06
  282.8000 1.173547e+06
  282.8100 1.173682e+06
  282.8200 1.173817e+06
  282.8300 1.173952e+06
  282.8400 1.174087e+06
  282.8500 1.174222e+06
  282.8600 1.174357e+06
  282.8700 1.174492e+06
  282.8800 1.174627e+06
  282.8900 1.174762e+06
  282.9000 1.174897e+06
  282.9100 1.175032e+06
  282.9200 1.175167e+06
  282.9300 1.175302e+06
  282.9400 1.175437e+06
  282.9500 1.175573e+06
  282.9600 1.175708e+06
  282.9700 1.175843e+06
  282.9800 1.175978e+06
  282.9900 1.176114e+06
  283.0000 1.176249e+06
  283.0100 1.176384e+06
  283.0200 1.176520e+06
  283.0300 1.176655e+06
  283.0400 1.176791e+06
  283.0500 1.176926e+06
  283.0600 1.177062e+06
  283.0700 1.177197e+06
  283.0800 1.177333e+06
  283.0900 1.177468e+06
  283.1000 1.177604e+06
  283.1100 1.177740e+06
  283.1200 1.177875e+06
  283.1300 1.178011e+06
  283.1400 1.178147e+06
  283.1500 1.178282e+06
  283.1600 1.178418e+06
  283.1700 1.178554e+06
  283.1800 1.178690e+06
  283.1900 1.178826e+06
  283.2000 1.178961e+06
  283.2100 1.179097e+06
  283.2200 1.179233e+06
  283.2300 1.179369e+06
  283.2400 1.179505e+06
  283.2500 1.179641e+06
  283.2600 1.179777e+06
  283.2700 1.179913e+06
  283.2800 1.180049e+06
  283.2900 1.180185e+06
  283.3000 1.180321e+06
  283.3100 1.180458e+06
  283.3200 1.180594e+06
  283.3300 1.180730e+06
  283.3400 1.180866e+06
  283.3500 1.181003e+06
  283.3600 1.181139e+06
  283.3700 1.181275e+06
  283.3800 1.181411e+06
  283.3900 1.181548e+06
  283.4000 1.181684e+06
  283.4100 1.181821e+06
  283.4200 1.181957e+06
  283.4300 1.182094e+06
  283.4400 1.182230e+06
  283.4500 1.182367e+06
  283.4600 1.182503e+06
  283.4700 1.182640e+06
  283.4800 1.182776e+06
  283.4900 1.182913e+06
  283.5000 1.183050e+06
  283.5100 1.183186e+06
  283.5200 1.183323e+06
  283.5300 1.183460e+06
  283.5400 1.183596e+06
  283.5500 1.183733e+06
  283.5600 1.183870e+06
  283.5700 1.184007e+06
  283.5800 1.184144e+06
  283.5900 1.184281e+06
  283.6000 1.184417e+06
  283.6100 1.184554e+06
  283.6200 1.184691e+06
  283.6300 1.184828e+06
  283.6400 1.184965e+06
  283.6500 1.185102e+06
  283.6600 1.185239e+06
  283.6700 1.185377e+06
  283.6800 1.185514e+06
  283.6900 1.185651e+06
  283.7000 1.185788e+06
  283.7100 1.185925e+06
  283.7200 1.186062e+06
  283.7300 1.186200e+06
  283.7400 1.186337e+06
  283.7500 1.186474e+06
  283.7600 1.186612e+06
  283.7700 1.186749e+06
  283.7800 1.186886e+06
  283.7900 1.187024e+06
  283.8000 1.187161e+06
  283.8100 1.187299e+06
  283.8200 1.187436e+06
  283.8300 1.187574e+06
  283.8400 1.187711e+06
  283.8500 1.187849e+06
  283.8600 1.187986e+06
  283.8700 1.188124e+06
  283.8800 1.188261e+06
  283.8900 1.188399e+06
  283.9000 1.188537e+06
  283.9100 1.188675e+06
  283.9200 1.188812e+06
  283.9300 1.188950e+06
  283.9400 1.189088e+06
  283.9500 1.189226e+06
  283.9600 1.189363e+06
  283.9700 1.189501e+06
  283.9800 1.189639e+06
  283.9900 1.189777e+06
  284.0000 1.189915e+06
  284.0100 1.190053e+06
  284.0200 1.190191e+06
  284.0300 1.190329e+06
  284.0400 1.190467e+06
  284.0500 1.190605e+06
  284.0600 1.190743e+06
  284.0700 1.190881e+06
  284.0800 1.191020e+06
  284.0900 1.191158e+06
  284.1000 1.191296e+06
  284.1100 1.191434e+06
  284.1200 1.191572e+06
  284.1300 1.191711e+06
  284.1400 1.191849e+06
  284.1500 1.191987e+06
  284.1600 1.192126e+06
  284.1700 1.192264e+06
  284.1800 1.192402e+06
  284.1900 1.192541e+06
  284.2000 1.192679e+06
  284.2100 1.192818e+06
  284.2200 1.192956e+06
  284.2300 1.193095e+06
  284.2400 1.193233e+06
  284.2500 1.193372e+06
  284.2600 1.193511e+06
  284.2700 1.193649e+06
  284.2800 1.193788e+06
  284.2900 1.193927e+06
  284.3000 1.194065e+06
  284.3100 1.194204e+06
  284.3200 1.194343e+06
  284.3300 1.194482e+06
  284.3400 1.194620e+06
  284.3500 1.194759e+06
  284.3600 1.194898e+06
  284.3700 1.195037e+06
  284.3800 1.195176e+06
  284.3900 1.195315e+06
  284.4000 1.195454e+06
  284.4100 1.195593e+06
  284.4200 1.195732e+06
  284.4300 1.195871e+06
  284.4400 1.196010e+06
  284.4500 1.196149e+06
  284.4600 1.196288e+06
  284.4700 1.196427e+06
  284.4800 1.196567e+06
  284.4900 1.196706e+06
  284.5000 1.196845e+06
  284.5100 1.196984e+06
  284.5200 1.197124e+06
  284.5300 1.197263e+06
  284.5400 1.197402e+06
  284.5500 1.197541e+06
  284.5600 1.197681e+06
  284.5700 1.197820e+06
  284.5800 1.197960e+06
  284.5900 1.198099e+06
  284.6000 1.198239e+06
  284.6100 1.198378e+06
  284.6200 1.198518e+06
  284.6300 1.198657e+06
  284.6400 1.198797e+06
  284.6500 1.198936e+06
  284.6600 1.199076e+06
  284.6700 1.199216e+06
  284.6800 1.199355e+06
  284.6900 1.199495e+06
  284.7000 1.199635e+06
  284.7100 1.199775e+06
  284.7200 1.199914e+06
  284.7300 1.200054e+06
  284.7400 1.200194e+06
  284.7500 1.200334e+06
  284.7600 1.200474e+06
  284.7700 1.200614e+06
  284.7800 1.200753e+06
  284.7900 1.200893e+06
  284.8000 1.201033e+06
  284.8100 1.201173e+06
  284.8200 1.201313e+06
  284.8300 1.201454e+06
  284.8400 1.201594e+06
  284.8500 1.201734e+06
  284.8600 1.201874e+06
  284.8700 1.202014e+06
  284.8800 1.202154e+06
  284.8900 1.202294e+06
  284.9000 1.202435e+06
  284.9100 1.202575e+06
  284.9200 1.202715e+06
  284.9300 1.202855e+06
  284.9400 1.202996e+06
  284.9500 1.203136e+06
  284.9600 1.203277e+06
  284.9700 1.203417e+06
  284.9800 1.203557e+06
  284.9900 1.203698e+06
  285.0000 1.203838e+06
  285.0100 1.203979e+06
  285.0200 1.204119e+06
  285.0300 1.204260e+06
  285.0400 1.204400e+06
  285.0500 1.204541e+06
  285.0600 1.204682e+06
  285.0700 1.204822e+06
  285.0800 1.204963e+06
  285.0900 1.205104e+06
  285.1000 1.205245e+06
  285.1100 1.205385e+06
  285.1200 1.205526e+06
  285.1300 1.205667e+06
  285.1400 1.205808e+06
  285.1500 1.205949e+06
  285.1600 1.206089e+06
  285.1700 1.206230e+06
  285.1800 1.206371e+06
  285.1900 1.206512e+06
  285.2000 1.206653e+06
  285.2100 1.206794e+06
  285.2200 1.206935e+06
  285.2300 1.207076e+06
  285.2400 1.207217e+06
  285.2500 1.207359e+06
  285.2600 1.207500e+06
  285.2700 1.207641e+06
  285.2800 1.207782e+06
  285.2900 1.207923e+06
  285.3000 1.208064e+06
  285.3100 1.208206e+06
  285.3200 1.208347e+06
  285.3300 1.208488e+06
  285.3400 1.208630e+06
  285.3500 1.208771e+06
  285.3600 1.208912e+06
  285.3700 1.209054e+06
  285.3800 1.209195e+06
  285.3900 1.209337e+06
  285.4000 1.209478e+06
  285.4100 1.209620e+06
  285.4200 1.209761e+06
  285.4300 1.209903e+06
  285.4400 1.210044e+06
  285.4500 1.210186e+06
  285.4600 1.210327e+06
  285.4700 1.210469e+06
  285.4800 1.210611e+06
  285.4900 1.210753e+06
  285.5000 1.210894e+06
  285.5100 1.211036e+06
  285.5200 1.211178e+06
  285.5300 1.211320e+06
  285.5400 1.211461e+06
  285.5500 1.211603e+06
  285.5600 1.211745e+06
  285.5700 1.211887e+06
  285.5800 1.212029e+06
  285.5900 1.212171e+06
  285.6000 1.212313e+06
  285.6100 1.212455e+06
  285.6200 1.212597e+06
  285.6300 1.212739e+06
  285.6400 1.212881e+06
  285.6500 1.213023e+06
  285.6600 1.213165e+06
  285.6700 1.213307e+06
  285.6800 1.213450e+06
  285.6900 1.213592e+06
  285.7000 1.213734e+06
  285.7100 1.213876e+06
  285.7200 1.214018e+06
  285.7300 1.214161e+06
  285.7400 1.214303e+06
  285.7500 1.214445e+06
  285.7600 1.214588e+06
  285.7700 1.214730e+06
  285.7800 1.214873e+06
  285.7900 1.215015e+06
  285.8000 1.215157e+06
  285.8100 1.215300e+06
  285.8200 1.215442e+06
  285.8300 1.215585e+06
  285.8400 1.215728e+06
  285.8500 1.215870e+06
  285.8600 1.216013e+06
  285.8700 1.216155e+06
  285.8800 1.216298e+06
  285.8900 1.216441e+06
  285.9000 1.216583e+06
  285.9100 1.216726e+06
  285.9200 1.216869e+06
  285.9300 1.217012e+06
  285.9400 1.217155e+06
  285.9500 1.217297e+06
  285.9600 1.217440e+06
  285.9700 1.217583e+06
  285.9800 1.217726e+06
  285.9900 1.217869e+06
  286.0000 1.218012e+06
  286.0100 1.218155e+06
  286.0200 1.218298e+06
  286.0300 1.218441e+06
  286.0400 1.218584e+06
  286.0500 1.218727e+06
  286.0600 1.218870e+06
  286.0700 1.219013e+06
  286.0800 1.219156e+06
  286.0900 1.219300e+06
  286.1000 1.219443e+06
  286.1100 1.219586e+06
  286.1200 1.219729e+06
  286.1300 1.219872e+06
  286.1400 1.220016e+06
  286.1500 1.220159e+06
  286.1600 1.220302e+06
  286.1700 1.220446e+06
  286.1800 1.220589e+06
  286.1900 1.220733e+06
  286.2000 1.220876e+06
  286.2100 1.221019e+06
  286.2200 1.221163e+06
  286.2300 1.221306e+06
  286.2400 1.221450e+06
  286.2500 1.221594e+06
  286.2600 1.221737e+06
  286.2700 1.221881e+06
  286.2800 1.222024e+06
  286.2900 1.222168e+06
  286.3000 1.222312e+06
  286.3100 1.222455e+06
  286.3200 1.222599e+06
  286.3300 1.222743e+06
  286.3400 1.222887e+06
  286.3500 1.223030e+06
  286.3600 1.223174e+06
  286.3700 1.223318e+06
  286.3800 1.223462e+06
  286.3900 1.223606e+06
  286.4000 1.223750e+06
  286.4100 1.223894e+06
  286.4200 1.224038e+06
  286.4300 1.224182e+06
  286.4400 1.224326e+06
  286.4500 1.224470e+06
  286.4600 1.224614e+06
  286.4700 1.224758e+06
  286.4800 1.224902e+06
  286.4900 1.225046e+06
  286.5000 1.225190e+06
  286.5100 1.225335e+06
  286.5200 1.225479e+06
  286.5300 1.225623e+06
  286.5400 1.225767e+06
  286.5500 1.225911e+06
  286.5600 1.226056e+06
  286.5700 1.226200e+06
  286.5800 1.226344e+06
  286.5900 1.226489e+06
  286.6000 1.226633e+06
  286.6100 1.226778e+06
  286.6200 1.226922e+06
  286.6300 1.227067e+06
  286.6400 1.227211e+06
  286.6500 1.227356e+06
  286.6600 1.227500e+06
  286.6700 1.227645e+06
  286.6800 1.227789e+06
  286.6900 1.227934e+06
  286.7000 1.228079e+06
  286.7100 1.228223e+06
  286.7200 1.228368e+06
  286.7300 1.228513e+06
  286.7400 1.228657e+06
  286.7500 1.228802e+06
  286.7600 1.228947e+06
  286.7700 1.229092e+06
  286.7800 1.229237e+06
  286.7900 1.229381e+06
  286.8000 1.229526e+06
  286.8100 1.229671e+06
  286.8200 1.229816e+06
  286.8300 1.229961e+06
  286.8400 1.230106e+06
  286.8500 1.230251e+06
  286.8600 1.230396e+06
  286.8700 1.230541e+06
  286.8800 1.230686e+06
  286.8900 1.230831e+06
  286.9000 1.230976e+06
  286.9100 1.231121e+06
  286.9200 1.231267e+06
  286.9300 1.231412e+06
  286.9400 1.231557e+06
  286.9500 1.231702e+06
  286.9600 1.231848e+06
  286.9700 1.231993e+06
  286.9800 1.232138e+06
  286.9900 1.232283e+06
  287.0000 1.232429e+06
  287.0100 1.232574e+06
  287.0200 1.232720e+06
  287.0300 1.232865e+06
  287.0400 1.233010e+06
  287.0500 1.233156e+06
  287.0600 1.233301e+06
  287.0700 1.233447e+06
  287.0800 1.233592e+06
  287.0900 1.233738e+06
  287.1000 1.233884e+06
  287.1100 1.234029e+06
  287.1200 1.234175e+06
  287.1300 1.234320e+06
  287.1400 1.234466e+06
  287.1500 1.234612e+06
  287.1600 1.234758e+06
  287.1700 1.234903e+06
  287.1800 1.235049e+06
  287.1900 1.235195e+06
  287.2000 1.235341e+06
  287.2100 1.235487e+06
  287.2200 1.235632e+06
  287.2300 1.235778e+06
  287.2400 1.235924e+06
  287.2500 1.236070e+06
  287.2600 1.236216e+06
  287.2700 1.236362e+06
  287.2800 1.236508e+06
  287.2900 1.236654e+06
  287.3000 1.236800e+06
  287.3100 1.236946e+06
  287.3200 1.237092e+06
  287.3300 1.237239e+06
  287.3400 1.237385e+06
  287.3500 1.237531e+06
  287.3600 1.237677e+06
  287.3700 1.237823e+06
  287.3800 1.237970e+06
  287.3900 1.238116e+06
  287.4000 1.238262e+06
  287.4100 1.238408e+06
  287.4200 1.238555e+06
  287.4300 1.238701e+06
  287.4400 1.238848e+06
  287.4500 1.238994e+06
  287.4600 1.239140e+06
  287.4700 1.239287e+06
  287.4800 1.239433e+06
  287.4900 1.239580e+06
  287.5000 1.239726e+06
  287.5100 1.239873e+06
  287.5200 1.240019e+06
  287.5300 1.240166e+06
  287.5400 1.240313e+06
  287.5500 1.240459e+06
  287.5600 1.240606e+06
  287.5700 1.240753e+06
  287.5800 1.240899e+06
  287.5900 1.241046e+06
  287.6000 1.241193e+06
  287.6100 1.241340e+06
  287.6200 1.241486e+06
  287.6300 1.241633e+06
  287.6400 1.241780e+06
  287.6500 1.241927e+06
  287.6600 1.242074e+06
  287.6700 1.242221e+06
  287.6800 1.242368e+06
  287.6900 1.242515e+06
  287.7000 1.242662e+06
  287.7100 1.242809e+06
  287.7200 1.242956e+06
  287.7300 1.243103e+06
  287.7400 1.243250e+06
  287.7500 1.243397e+06
  287.7600 1.243544e+06
  287.7700 1.243691e+06
  287.7800 1.243838e+06
  287.7900 1.243986e+06
  287.8000 1.244133e+06
  287.8100 1.244280e+06
  287.8200 1.244427e+06
  287.8300 1.244575e+06
  287.8400 1.244722e+06
  287.8500 1.244869e+06
  287.8600 1.245017e+06
  287.8700 1.245164e+06
  287.8800 1.245311e+06
  287.8900 1.245459e+06
  287.9000 1.245606e+06
  287.9100 1.245754e+06
  287.9200 1.245901e+06
  287.9300 1.246049e+06
  287.9400 1.246196e+06
  287.9500 1.246344e+06
  287.9600 1.246492e+06
  287.9700 1.246639e+06
  287.9800 1.246787e+06
  287.9900 1.246934e+06
  288.0000 1.247082e+06
  288.0100 1.247230e+06
  288.0200 1.247378e+06
  288.0300 1.247525e+06
  288.0400 1.247673e+06
  288.0500 1.247821e+06
  288.0600 1.247969e+06
  288.0700 1.248117e+06
  288.0800 1.248264e+06
  288.0900 1.248412e+06
  288.1000 1.248560e+06
  288.1100 1.248708e+06
  288.1200 1.248856e+06
  288.1300 1.249004e+06
  288.1400 1.249152e+06
  288.1500 1.249300e+06
  288.1600 1.249448e+06
  288.1700 1.249596e+06
  288.1800 1.249744e+06
  288.1900 1.249892e+06
  288.2000 1.250041e+06
  288.2100 1.250189e+06
  288.2200 1.250337e+06
  288.2300 1.250485e+06
  288.2400 1.250633e+06
  288.2500 1.250782e+06
  288.2600 1.250930e+06
  288.2700 1.251078e+06
  288.2800 1.251227e+06
  288.2900 1.251375e+06
  288.3000 1.251523e+06
  288.3100 1.251672e+06
  288.3200 1.251820e+06
  288.3300 1.251968e+06
  288.3400 1.252117e+06
  288.3500 1.252265e+06
  288.3600 1.252414e+06
  288.3700 1.252562e+06
  288.3800 1.252711e+06
  288.3900 1.252860e+06
  288.4000 1.253008e+06
  288.4100 1.253157e+06
  288.4200 1.253305e+06
  288.4300 1.253454e+06
  288.4400 1.253603e+06
  288.4500 1.253751e+06
  288.4600 1.253900e+06
  288.4700 1.254049e+06
  288.4800 1.254198e+06
  288.4900 1.254346e+06
  288.5000 1.254495e+06
  288.5100 1.254644e+06
  288.5200 1.254793e+06
  288.5300 1.254942e+06
  288.5400 1.255091e+06
  288.5500 1.255240e+06
  288.5600 1.255389e+06
  288.5700 1.255538e+06
  288.5800 1.255687e+06
  288.5900 1.255836e+06
  288.6000 1.255985e+06
  288.6100 1.256134e+06
  288.6200 1.256283e+06
  288.6300 1.256432e+06
  288.6400 1.256581e+06
  288.6500 1.256730e+06
  288.6600 1.256880e+06
  288.6700 1.257029e+06
  288.6800 1.257178e+06
  288.6900 1.257327e+06
  288.7000 1.257476e+06
  288.7100 1.257626e+06
  288.7200 1.257775e+06
  288.7300 1.257924e+06
  288.7400 1.258074e+06
  288.7500 1.258223e+06
  288.7600 1.258373e+06
  288.7700 1.258522e+06
  288.7800 1.258671e+06
  288.7900 1.258821e+06
  288.8000 1.258970e+06
  288.8100 1.259120e+06
  288.8200 1.259269e+06
  288.8300 1.259419e+06
  288.8400 1.259569e+06
  288.8500 1.259718e+06
  288.8600 1.259868e+06
  288.8700 1.260018e+06
  288.8800 1.260167e+06
  288.8900 1.260317e+06
  288.9000 1.260467e+06
  288.9100 1.260616e+06
  288.9200 1.260766e+06
  288.9300 1.260916e+06
  288.9400 1.261066e+06
  288.9500 1.261216e+06
  288.9600 1.261365e+06
  288.9700 1.261515e+06
  288.9800 1.261665e+06
  288.9900 1.261815e+06
  289.0000 1.261965e+06
  289.0100 1.262115e+06
  289.0200 1.262265e+06
  289.0300 1.262415e+06
  289.0400 1.262565e+06
  289.0500 1.262715e+06
  289.0600 1.262865e+06
  289.0700 1.263015e+06
  289.0800 1.263165e+06
  289.0900 1.263315e+06
  289.1000 1.263466e+06
  289.1100 1.263616e+06
  289.1200 1.263766e+06
  289.1300 1.263916e+06
  289.1400 1.264067e+06
  289.1500 1.264217e+06
  289.1600 1.264367e+06
  289.1700 1.264517e+06
  289.1800 1.264668e+06
  289.1900 1.264818e+06
  289.2000 1.264969e+06
  289.2100 1.265119e+06
  289.2200 1.265269e+06
  289.2300 1.265420e+06
  289.2400 1.265570e+06
  289.2500 1.265721e+06
  289.2600 1.265871e+06
  289.2700 1.266022e+06
  289.2800 1.266172e+06
  289.2900 1.266323e+06
  289.3000 1.266474e+06
  289.3100 1.266624e+06
  289.3200 1.266775e+06
  289.3300 1.266926e+06
  289.3400 1.267076e+06
  289.3500 1.267227e+06
  289.3600 1.267378e+06
  289.3700 1.267528e+06
  289.3800 1.267679e+06
  289.3900 1.267830e+06
  289.4000 1.267981e+06
  289.4100 1.268132e+06
  289.4200 1.268283e+06
  289.4300 1.268433e+06
  289.4400 1.268584e+06
  289.4500 1.268735e+06
  289.4600 1.268886e+06
  289.4700 1.269037e+06
  289.4800 1.269188e+06
  289.4900 1.269339e+06
  289.5000 1.269490e+06
  289.5100 1.269641e+06
  289.5200 1.269793e+06
  289.5300 1.269944e+06
  289.5400 1.270095e+06
  289.5500 1.270246e+06
  289.5600 1.270397e+06
  289.5700 1.270548e+06
  289.5800 1.270700e+06
  289.5900 1.270851e+06
  289.6000 1.271002e+06
  289.6100 1.271153e+06
  289.6200 1.271305e+06
  289.6300 1.271456e+06
  289.6400 1.271607e+06
  289.6500 1.271759e+06
  289.6600 1.271910e+06
  289.6700 1.272061e+06
  289.6800 1.272213e+06
  289.6900 1.272364e+06
  289.7000 1.272516e+06
  289.7100 1.272667e+06
  289.7200 1.272819e+06
  289.7300 1.272970e+06
  289.7400 1.273122e+06
  289.7500 1.273274e+06
  289.7600 1.273425e+06
  289.7700 1.273577e+06
  289.7800 1.273729e+06
  289.7900 1.273880e+06
  289.8000 1.274032e+06
  289.8100 1.274184e+06
  289.8200 1.274335e+06
  289.8300 1.274487e+06
  289.8400 1.274639e+06
  289.8500 1.274791e+06
  289.8600 1.274943e+06
  289.8700 1.275094e+06
  289.8800 1.275246e+06
  289.8900 1.275398e+06
  289.9000 1.275550e+06
  289.9100 1.275702e+06
  289.9200 1.275854e+06
  289.9300 1.276006e+06
  289.9400 1.276158e+06
  289.9500 1.276310e+06
  289.9600 1.276462e+06
  289.9700 1.276614e+06
  289.9800 1.276766e+06
  289.9900 1.276918e+06
  290.0000 1.277070e+06
  290.0100 1.277223e+06
  290.0200 1.277375e+06
  290.0300 1.277527e+06
  290.0400 1.277679e+06
  290.0500 1.277831e+06
  290.0600 1.277984e+06
  290.0700 1.278136e+06
  290.0800 1.278288e+06
  290.0900 1.278441e+06
  290.1000 1.278593e+06
  290.1100 1.278745e+06
  290.1200 1.278898e+06
  290.1300 1.279050e+06
  290.1400 1.279203e+06
  290.1500 1.279355e+06
  290.1600 1.279508e+06
  290.1700 1.279660e+06
  290.1800 1.279813e+06
  290.1900 1.279965e+06
  290.2000 1.280118e+06
  290.2100 1.280270e+06
  290.2200 1.280423e+06
  290.2300 1.280575e+06
  290.2400 1.280728e+06
  290.2500 1.280881e+06
  290.2600 1.281034e+06
  290.2700 1.281186e+06
  290.2800 1.281339e+06
  290.2900 1.281492e+06
  290.3000 1.281644e+06
  290.3100 1.281797e+06
  290.3200 1.281950e+06
  290.3300 1.282103e+06
  290.3400 1.282256e+06
  290.3500 1.282409e+06
  290.3600 1.282562e+06
  290.3700 1.282715e+06
  290.3800 1.282867e+06
  290.3900 1.283020e+06
  290.4000 1.283173e+06
  290.4100 1.283326e+06
  290.4200 1.283479e+06
  290.4300 1.283633e+06
  290.4400 1.283786e+06
  290.4500 1.283939e+06
  290.4600 1.284092e+06
  290.4700 1.284245e+06
  290.4800 1.284398e+06
  290.4900 1.284551e+06
  290.5000 1.284705e+06
  290.5100 1.284858e+06
  290.5200 1.285011e+06
  290.5300 1.285164e+06
  290.5400 1.285318e+06
  290.5500 1.285471e+06
  290.5600 1.285624e+06
  290.5700 1.285778e+06
  290.5800 1.285931e+06
  290.5900 1.286084e+06
  290.6000 1.286238e+06
  290.6100 1.286391e+06
  290.6200 1.286545e+06
  290.6300 1.286698e+06
  290.6400 1.286852e+06
  290.6500 1.287005e+06
  290.6600 1.287159e+06
  290.6700 1.287312e+06
  290.6800 1.287466e+06
  290.6900 1.287619e+06
  290.7000 1.287773e+06
  290.7100 1.287927e+06
  290.7200 1.288080e+06
  290.7300 1.288234e+06
  290.7400 1.288388e+06
  290.7500 1.288541e+06
  290.7600 1.288695e+06
  290.7700 1.288849e+06
  290.7800 1.289003e+06
  290.7900 1.289157e+06
  290.8000 1.289310e+06
  290.8100 1.289464e+06
  290.8200 1.289618e+06
  290.8300 1.289772e+06
  290.8400 1.289926e+06
  290.8500 1.290080e+06
  290.8600 1.290234e+06
  290.8700 1.290388e+06
  290.8800 1.290542e+06
  290.8900 1.290696e+06
  290.9000 1.290850e+06
  290.9100 1.291004e+06
  290.9200 1.291158e+06
  290.9300 1.291312e+06
  290.9400 1.291466e+06
  290.9500 1.291621e+06
  290.9600 1.291775e+06
  290.9700 1.291929e+06
  290.9800 1.292083e+06
  290.9900 1.292237e+06
  291.0000 1.292392e+06
  291.0100 1.292546e+06
  291.0200 1.292700e+06
  291.0300 1.292854e+06
  291.0400 1.293009e+06
  291.0500 1.293163e+06
  291.0600 1.293318e+06
  291.0700 1.293472e+06
  291.0800 1.293626e+06
  291.0900 1.293781e+06
  291.1000 1.293935e+06
  291.1100 1.294090e+06
  291.1200 1.294244e+06
  291.1300 1.294399e+06
  291.1400 1.294553e+06
  291.1500 1.294708e+06
  291.1600 1.294863e+06
  291.1700 1.295017e+06
  291.1800 1.295172e+06
  291.1900 1.295326e+06
  291.2000 1.295481e+06
  291.2100 1.295636e+06
  291.2200 1.295790e+06
  291.2300 1.295945e+06
  291.2400 1.296100e+06
  291.2500 1.296255e+06
  291.2600 1.296410e+06
  291.2700 1.296564e+06
  291.2800 1.296719e+06
  291.2900 1.296874e+06
  291.3000 1.297029e+06
  291.3100 1.297184e+06
  291.3200 1.297339e+06
  291.3300 1.297494e+06
  291.3400 1.297649e+06
  291.3500 1.297804e+06
  291.3600 1.297959e+06
  291.3700 1.298114e+06
  291.3800 1.298269e+06
  291.3900 1.298424e+06
  291.4000 1.298579e+06
  291.4100 1.298734e+06
  291.4200 1.298889e+06
  291.4300 1.299044e+06
  291.4400 1.299199e+06
  291.4500 1.299355e+06
  291.4600 1.299510e+06
  291.4700 1.299665e+06
  291.4800 1.299820e+06
  291.4900 1.299976e+06
  291.5000 1.300131e+06
  291.5100 1.300286e+06
  291.5200 1.300442e+06
  291.5300 1.300597e+06
  291.5400 1.300752e+06
  291.5500 1.300908e+06
  291.5600 1.301063e+06
  291.5700 1.301218e+06
  291.5800 1.301374e+06
  291.5900 1.301529e+06
  291.6000 1.301685e+06
  291.6100 1.301840e+06
  291.6200 1.301996e+06
  291.6300 1.302152e+06
  291.6400 1.302307e+06
  291.6500 1.302463e+06
  291.6600 1.302618e+06
  291.6700 1.302774e+06
  291.6800 1.302930e+06
  291.6900 1.303085e+06
  291.7000 1.303241e+06
  291.7100 1.303397e+06
  291.7200 1.303552e+06
  291.7300 1.303708e+06
  291.7400 1.303864e+06
  291.7500 1.304020e+06
  291.7600 1.304176e+06
  291.7700 1.304331e+06
  291.7800 1.304487e+06
  291.7900 1.304643e+06
  291.8000 1.304799e+06
  291.8100 1.304955e+06
  291.8200 1.305111e+06
  291.8300 1.305267e+06
  291.8400 1.305423e+06
  291.8500 1.305579e+06
  291.8600 1.305735e+06
  291.8700 1.305891e+06
  291.8800 1.306047e+06
  291.8900 1.306203e+06
  291.9000 1.306359e+06
  291.9100 1.306515e+06
  291.9200 1.306672e+06
  291.9300 1.306828e+06
  291.9400 1.306984e+06
  291.9500 1.307140e+06
  291.9600 1.307296e+06
  291.9700 1.307453e+06
  291.9800 1.307609e+06
  291.9900 1.307765e+06
  292.0000 1.307921e+06
  292.0100 1.308078e+06
  292.0200 1.308234e+06
  292.0300 1.308390e+06
  292.0400 1.308547e+06
  292.0500 1.308703e+06
  292.0600 1.308860e+06
  292.0700 1.309016e+06
  292.0800 1.309173e+06
  292.0900 1.309329e+06
  292.1000 1.309486e+06
  292.1100 1.309642e+06
  292.1200 1.309799e+06
  292.1300 1.309955e+06
  292.1400 1.310112e+06
  292.1500 1.310268e+06
  292.1600 1.310425e+06
  292.1700 1.310582e+06
  292.1800 1.310738e+06
  292.1900 1.310895e+06
  292.2000 1.311052e+06
  292.2100 1.311209e+06
  292.2200 1.311365e+06
  292.2300 1.311522e+06
  292.2400 1.311679e+06
  292.2500 1.311836e+06
  292.2600 1.311993e+06
  292.2700 1.312149e+06
  292.2800 1.312306e+06
  292.2900 1.312463e+06
  292.3000 1.312620e+06
  292.3100 1.312777e+06
  292.3200 1.312934e+06
  292.3300 1.313091e+06
  292.3400 1.313248e+06
  292.3500 1.313405e+06
  292.3600 1.313562e+06
  292.3700 1.313719e+06
  292.3800 1.313876e+06
  292.3900 1.314033e+06
  292.4000 1.314190e+06
  292.4100 1.314347e+06
  292.4200 1.314505e+06
  292.4300 1.314662e+06
  292.4400 1.314819e+06
  292.4500 1.314976e+06
  292.4600 1.315133e+06
  292.4700 1.315291e+06
  292.4800 1.315448e+06
  292.4900 1.315605e+06
  292.5000 1.315762e+06
  292.5100 1.315920e+06
  292.5200 1.316077e+06
  292.5300 1.316235e+06
  292.5400 1.316392e+06
  292.5500 1.316549e+06
  292.5600 1.316707e+06
  292.5700 1.316864e+06
  292.5800 1.317022e+06
  292.5900 1.317179e+06
  292.6000 1.317337e+06
  292.6100 1.317494e+06
  292.6200 1.317652e+06
  292.6300 1.317809e+06
  292.6400 1.317967e+06
  292.6500 1.318124e+06
  292.6600 1.318282e+06
  292.6700 1.318440e+06
  292.6800 1.318597e+06
  292.6900 1.318755e+06
  292.7000 1.318913e+06
  292.7100 1.319071e+06
  292.7200 1.319228e+06
  292.7300 1.319386e+06
  292.7400 1.319544e+06
  292.7500 1.319702e+06
  292.7600 1.319859e+06
  292.7700 1.320017e+06
  292.7800 1.320175e+06
  292.7900 1.320333e+06
  292.8000 1.320491e+06
  292.8100 1.320649e+06
  292.8200 1.320807e+06
  292.8300 1.320965e+06
  292.8400 1.321123e+06
  292.8500 1.321281e+06
  292.8600 1.321439e+06
  292.8700 1.321597e+06
  292.8800 1.321755e+06
  292.8900 1.321913e+06
  292.9000 1.322071e+06
  292.9100 1.322229e+06
  292.9200 1.322387e+06
  292.9300 1.322545e+06
  292.9400 1.322704e+06
  292.9500 1.322862e+06
  292.9600 1.323020e+06
  292.9700 1.323178e+06
  292.9800 1.323337e+06
  292.9900 1.323495e+06
  293.0000 1.323653e+06
  293.0100 1.323811e+06
  293.0200 1.323970e+06
  293.0300 1.324128e+06
  293.0400 1.324286e+06
  293.0500 1.324445e+06
  293.0600 1.324603e+06
  293.0700 1.324762e+06
  293.0800 1.324920e+06
  293.0900 1.325079e+06
  293.1000 1.325237e+06
  293.1100 1.325396e+06
  293.1200 1.325554e+06
  293.1300 1.325713e+06
  293.1400 1.325871e+06
  293.1500 1.326030e+06
  293.1600 1.326188e+06
  293.1700 1.326347e+06
  293.1800 1.326506e+06
  293.1900 1.326664e+06
  293.2000 1.326823e+06
  293.2100 1.326982e+06
  293.2200 1.327140e+06
  293.2300 1.327299e+06
  293.2400 1.327458e+06
  293.2500 1.327617e+06
  293.2600 1.327775e+06
  293.2700 1.327934e+06
  293.2800 1.328093e+06
  293.2900 1.328252e+06
  293.3000 1.328411e+06
  293.3100 1.328570e+06
  293.3200 1.328729e+06
  293.3300 1.328888e+06
  293.3400 1.329047e+06
  293.3500 1.329206e+06
  293.3600 1.329365e+06
  293.3700 1.329524e+06
  293.3800 1.329683e+06
  293.3900 1.329842e+06
  293.4000 1.330001e+06
  293.4100 1.330160e+06
  293.4200 1.330319e+06
  293.4300 1.330478e+06
  293.4400 1.330637e+06
  293.4500 1.330796e+06
  293.4600 1.330955e+06
  293.4700 1.331115e+06
  293.4800 1.331274e+06
  293.4900 1.331433e+06
  293.5000 1.331592e+06
  293.5100 1.331752e+06
  293.5200 1.331911e+06
  293.5300 1.332070e+06
  293.5400 1.332230e+06
  293.5500 1.332389e+06
  293.5600 1.332548e+06
  293.5700 1.332708e+06
  293.5800 1.332867e+06
  293.5900 1.333027e+06
  293.6000 1.333186e+06
  293.6100 1.333345e+06
  293.6200 1.333505e+06
  293.6300 1.333664e+06
  293.6400 1.333824e+06
  293.6500 1.333984e+06
  293.6600 1.334143e+06
  293.6700 1.334303e+06
  293.6800 1.334462e+06
  293.6900 1.334622e+06
  293.7000 1.334782e+06
  293.7100 1.334941e+06
  293.7200 1.335101e+06
  293.7300 1.335261e+06
  293.7400 1.335420e+06
  293.7500 1.335580e+06
  293.7600 1.335740e+06
  293.7700 1.335900e+06
  293.7800 1.336059e+06
  293.7900 1.336219e+06
  293.8000 1.336379e+06
  293.8100 1.336539e+06
  293.8200 1.336699e+06
  293.8300 1.336859e+06
  293.8400 1.337019e+06
  293.8500 1.337178e+06
  293.8600 1.337338e+06
  293.8700 1.337498e+06
  293.8800 1.337658e+06
  293.8900 1.337818e+06
  293.9000 1.337978e+06
  293.9100 1.338138e+06
  293.9200 1.338298e+06
  293.9300 1.338459e+06
  293.9400 1.338619e+06
  293.9500 1.338779e+06
  293.9600 1.338939e+06
  293.9700 1.339099e+06
  293.9800 1.339259e+06
  293.9900 1.339419e+06
  294.0000 1.339580e+06
  294.0100 1.339740e+06
  294.0200 1.339900e+06
  294.0300 1.340060e+06
  294.0400 1.340221e+06
  294.0500 1.340381e+06
  294.0600 1.340541e+06
  294.0700 1.340702e+06
  294.0800 1.340862e+06
  294.0900 1.341022e+06
  294.1000 1.341183e+06
  294.1100 1.341343e+06
  294.1200 1.341504e+06
  294.1300 1.341664e+06
  294.1400 1.341824e+06
  294.1500 1.341985e+06
  294.1600 1.342145e+06
  294.1700 1.342306e+06
  294.1800 1.342466e+06
  294.1900 1.342627e+06
  294.2000 1.342788e+06
  294.2100 1.342948e+06
  294.2200 1.343109e+06
  294.2300 1.343269e+06
  294.2400 1.343430e+06
  294.2500 1.343591e+06
  294.2600 1.343752e+06
  294.2700 1.343912e+06
  294.2800 1.344073e+06
  294.2900 1.344234e+06
  294.3000 1.344394e+06
  294.3100 1.344555e+06
  294.3200 1.344716e+06
  294.3300 1.344877e+06
  294.3400 1.345038e+06
  294.3500 1.345199e+06
  294.3600 1.345359e+06
  294.3700 1.345520e+06
  294.3800 1.345681e+06
  294.3900 1.345842e+06
  294.4000 1.346003e+06
  294.4100 1.346164e+06
  294.4200 1.346325e+06
  294.4300 1.346486e+06
  294.4400 1.346647e+06
  294.4500 1.346808e+06
  294.4600 1.346969e+06
  294.4700 1.347130e+06
  294.4800 1.347291e+06
  294.4900 1.347453e+06
  294.5000 1.347614e+06
  294.5100 1.347775e+06
  294.5200 1.347936e+06
  294.5300 1.348097e+06
  294.5400 1.348258e+06
  294.5500 1.348420e+06
  294.5600 1.348581e+06
  294.5700 1.348742e+06
  294.5800 1.348903e+06
  294.5900 1.349065e+06
  294.6000 1.349226e+06
  294.6100 1.349387e+06
  294.6200 1.349549e+06
  294.6300 1.349710e+06
  294.6400 1.349872e+06
  294.6500 1.350033e+06
  294.6600 1.350194e+06
  294.6700 1.350356e+06
  294.6800 1.350517e+06
  294.6900 1.350679e+06
  294.7000 1.350840e+06
  294.7100 1.351002e+06
  294.7200 1.351163e+06
  294.7300 1.351325e+06
  294.7400 1.351487e+06
  294.7500 1.351648e+06
  294.7600 1.351810e+06
  294.7700 1.351971e+06
  294.7800 1.352133e+06
  294.7900 1.352295e+06
  294.8000 1.352456e+06
  294.8100 1.352618e+06
  294.8200 1.352780e+06
  294.8300 1.352942e+06
  294.8400 1.353103e+06
  294.8500 1.353265e+06
  294.8600 1.353427e+06
  294.8700 1.353589e+06
  294.8800 1.353751e+06
  294.8900 1.353912e+06
  294.9000 1.354074e+06
  294.9100 1.354236e+06
  294.9200 1.354398e+06
  294.9300 1.354560e+06
  294.9400 1.354722e+06
  294.9500 1.354884e+06
  294.9600 1.355046e+06
  294.9700 1.355208e+06
  294.9800 1.355370e+06
  294.9900 1.355532e+06
  295.0000 1.355694e+06
  295.0100 1.355856e+06
  295.0200 1.356018e+06
  295.0300 1.356180e+06
  295.0400 1.356342e+06
  295.0500 1.356505e+06
  295.0600 1.356667e+06
  295.0700 1.356829e+06
  295.0800 1.356991e+06
  295.0900 1.357153e+06
  295.1000 1.357315e+06
  295.1100 1.357478e+06
  295.1200 1.357640e+06
  295.1300 1.357802e+06
  295.1400 1.357965e+06
  295.1500 1.358127e+06
  295.1600 1.358289e+06
  295.1700 1.358452e+06
  295.1800 1.358614e+06
  295.1900 1.358776e+06
  295.2000 1.358939e+06
  295.2100 1.359101e+06
  295.2200 1.359264e+06
  295.2300 1.359426e+06
  295.2400 1.359589e+06
  295.2500 1.359751e+06
  295.2600 1.359914e+06
  295.2700 1.360076e+06
  295.2800 1.360239e+06
  295.2900 1.360401e+06
  295.3000 1.360564e+06
  295.3100 1.360727e+06
  295.3200 1.360889e+06
  295.3300 1.361052e+06
  295.3400 1.361214e+06
  295.3500 1.361377e+06
  295.3600 1.361540e+06
  295.3700 1.361703e+06
  295.3800 1.361865e+06
  295.3900 1.362028e+06
  295.4000 1.362191e+06
  295.4100 1.362354e+06
  295.4200 1.362516e+06
  295.4300 1.362679e+06
  295.4400 1.362842e+06
  295.4500 1.363005e+06
  295.4600 1.363168e+06
  295.4700 1.363331e+06
  295.4800 1.363494e+06
  295.4900 1.363657e+06
  295.5000 1.363819e+06
  295.5100 1.363982e+06
  295.5200 1.364145e+06
  295.5300 1.364308e+06
  295.5400 1.364471e+06
  295.5500 1.364634e+06
  295.5600 1.364798e+06
  295.5700 1.364961e+06
  295.5800 1.365124e+06
  295.5900 1.365287e+06
  295.6000 1.365450e+06
  295.6100 1.365613e+06
  295.6200 1.365776e+06
  295.6300 1.365939e+06
  295.6400 1.366103e+06
  295.6500 1.366266e+06
  295.6600 1.366429e+06
  295.6700 1.366592e+06
  295.6800 1.366756e+06
  295.6900 1.366919e+06
  295.7000 1.367082e+06
  295.7100 1.367245e+06
  295.7200 1.367409e+06
  295.7300 1.367572e+06
  295.7400 1.367736e+06
  295.7500 1.367899e+06
  295.7600 1.368062e+06
  295.7700 1.368226e+06
  295.7800 1.368389e+06
  295.7900 1.368553e+06
  295.8000 1.368716e+06
  295.8100 1.368880e+06
  295.8200 1.369043e+06
  295.8300 1.369207e+06
  295.8400 1.369370e+06
  295.8500 1.369534e+06
  295.8600 1.369697e+06
  295.8700 1.369861e+06
  295.8800 1.370025e+06
  295.8900 1.370188e+06
  295.9000 1.370352e+06
  295.9100 1.370516e+06
  295.9200 1.370679e+06
  295.9300 1.370843e+06
  295.9400 1.371007e+06
  295.9500 1.371170e+06
  295.9600 1.371334e+06
  295.9700 1.371498e+06
  295.9800 1.371662e+06
  295.9900 1.371826e+06
  296.0000 1.371989e+06
  296.0100 1.372153e+06
  296.0200 1.372317e+06
  296.0300 1.372481e+06
  296.0400 1.372645e+06
  296.0500 1.372809e+06
  296.0600 1.372973e+06
  296.0700 1.373137e+06
  296.0800 1.373301e+06
  296.0900 1.373465e+06
  296.1000 1.373629e+06
  296.1100 1.373793e+06
  296.1200 1.373957e+06
  296.1300 1.374121e+06
  296.1400 1.374285e+06
  296.1500 1.374449e+06
  296.1600 1.374613e+06
  296.1700 1.374777e+06
  296.1800 1.374941e+06
  296.1900 1.375105e+06
  296.2000 1.375270e+06
  296.2100 1.375434e+06
  296.2200 1.375598e+06
  296.2300 1.375762e+06
  296.2400 1.375926e+06
  296.2500 1.376091e+06
  296.2600 1.376255e+06
  296.2700 1.376419e+06
  296.2800 1.376584e+06
  296.2900 1.376748e+06
  296.3000 1.376912e+06
  296.3100 1.377077e+06
  296.3200 1.377241e+06
  296.3300 1.377405e+06
  296.3400 1.377570e+06
  296.3500 1.377734e+06
  296.3600 1.377899e+06
  296.3700 1.378063e+06
  296.3800 1.378228e+06
  296.3900 1.378392e+06
  296.4000 1.378557e+06
  296.4100 1.378721e+06
  296.4200 1.378886e+06
  296.4300 1.379050e+06
  296.4400 1.379215e+06
  296.4500 1.379380e+06
  296.4600 1.379544e+06
  296.4700 1.379709e+06
  296.4800 1.379873e+06
  296.4900 1.380038e+06
  296.5000 1.380203e+06
  296.5100 1.380368e+06
  296.5200 1.380532e+06
  296.5300 1.380697e+06
  296.5400 1.380862e+06
  296.5500 1.381027e+06
  296.5600 1.381191e+06
  296.5700 1.381356e+06
  296.5800 1.381521e+06
  296.5900 1.381686e+06
  296.6000 1.381851e+06
  296.6100 1.382016e+06
  296.6200 1.382180e+06
  296.6300 1.382345e+06
  296.6400 1.382510e+06
  296.6500 1.382675e+06
  296.6600 1.382840e+06
  296.6700 1.383005e+06
  296.6800 1.383170e+06
  296.6900 1.383335e+06
  296.7000 1.383500e+06
  296.7100 1.383665e+06
  296.7200 1.383830e+06
  296.7300 1.383995e+06
  296.7400 1.384160e+06
  296.7500 1.384326e+06
  296.7600 1.384491e+06
  296.7700 1.384656e+06
  296.7800 1.384821e+06
  296.7900 1.384986e+06
  296.8000 1.385151e+06
  296.8100 1.385317e+06
  296.8200 1.385482e+06
  296.8300 1.385647e+06
  296.8400 1.385812e+06
  296.8500 1.385978e+06
  296.8600 1.386143e+06
  296.8700 1.386308e+06
  296.8800 1.386474e+06
  296.8900 1.386639e+06
  296.9000 1.386804e+06
  296.9100 1.386970e+06
  296.9200 1.387135e+06
  296.9300 1.387300e+06
  296.9400 1.387466e+06
  296.9500 1.387631e+06
  296.9600 1.387797e+06
  296.9700 1.387962e+06
  296.9800 1.388128e+06
  296.9900 1.388293e+06
  297.0000 1.388459e+06
  297.0100 1.388624e+06
  297.0200 1.388790e+06
  297.0300 1.388956e+06
  297.0400 1.389121e+06
  297.0500 1.389287e+06
  297.0600 1.389452e+06
  297.0700 1.389618e+06
  297.0800 1.389784e+06
  297.0900 1.389949e+06
  297.1000 1.390115e+06
  297.1100 1.390281e+06
  297.1200 1.390447e+06
  297.1300 1.390612e+06
  297.1400 1.390778e+06
  297.1500 1.390944e+06
  297.1600 1.391110e+06
  297.1700 1.391275e+06
  297.1800 1.391441e+06
  297.1900 1.391607e+06
  297.2000 1.391773e+06
  297.2100 1.391939e+06
  297.2200 1.392105e+06
  297.2300 1.392271e+06
  297.2400 1.392437e+06
  297.2500 1.392603e+06
  297.2600 1.392769e+06
  297.2700 1.392935e+06
  297.2800 1.393101e+06
  297.2900 1.393267e+06
  297.3000 1.393433e+06
  297.3100 1.393599e+06
  297.3200 1.393765e+06
  297.3300 1.393931e+06
  297.3400 1.394097e+06
  297.3500 1.394263e+06
  297.3600 1.394429e+06
  297.3700 1.394595e+06
  297.3800 1.394761e+06
  297.3900 1.394928e+06
  297.4000 1.395094e+06
  297.4100 1.395260e+06
  297.4200 1.395426e+06
  297.4300 1.395593e+06
  297.4400 1.395759e+06
  297.4500 1.395925e+06
  297.4600 1.396091e+06
  297.4700 1.396258e+06
  297.4800 1.396424e+06
  297.4900 1.396590e+06
  297.5000 1.396757e+06
  297.5100 1.396923e+06
  297.5200 1.397089e+06
  297.5300 1.397256e+06
  297.5400 1.397422e+06
  297.5500 1.397589e+06
  297.5600 1.397755e+06
  297.5700 1.397922e+06
  297.5800 1.398088e+06
  297.5900 1.398255e+06
  297.6000 1.398421e+06
  297.6100 1.398588e+06
  297.6200 1.398754e+06
  297.6300 1.398921e+06
  297.6400 1.399087e+06
  297.6500 1.399254e+06
  297.6600 1.399421e+06
  297.6700 1.399587e+06
  297.6800 1.399754e+06
  297.6900 1.399921e+06
  297.7000 1.400087e+06
  297.7100 1.400254e+06
  297.7200 1.400421e+06
  297.7300 1.400588e+06
  297.7400 1.400754e+06
  297.7500 1.400921e+06
  297.7600 1.401088e+06
  297.7700 1.401255e+06
  297.7800 1.401421e+06
  297.7900 1.401588e+06
  297.8000 1.401755e+06
  297.8100 1.401922e+06
  297.8200 1.402089e+06
  297.8300 1.402256e+06
  297.8400 1.402423e+06
  297.8500 1.402590e+06
  297.8600 1.402757e+06
  297.8700 1.402924e+06
  297.8800 1.403090e+06
  297.8900 1.403257e+06
  297.9000 1.403424e+06
  297.9100 1.403592e+06
  297.9200 1.403759e+06
  297.9300 1.403926e+06
  297.9400 1.404093e+06
  297.9500 1.404260e+06
  297.9600 1.404427e+06
  297.9700 1.404594e+06
  297.9800 1.404761e+06
  297.9900 1.404928e+06
  298.0000 1.405095e+06
  298.0100 1.405263e+06
  298.0200 1.405430e+06
  298.0300 1.405597e+06
  298.0400 1.405764e+06
  298.0500 1.405932e+06
  298.0600 1.406099e+06
  298.0700 1.406266e+06
  298.0800 1.406433e+06
  298.0900 1.406601e+06
  298.1000 1.406768e+06
  298.1100 1.406935e+06
  298.1200 1.407103e+06
  298.1300 1.407270e+06
  298.1400 1.407438e+06
  298.1500 1.407605e+06
  298.1600 1.407772e+06
  298.1700 1.407940e+06
  298.1800 1.408107e+06
  298.1900 1.408275e+06
  298.2000 1.408442e+06
  298.2100 1.408610e+06
  298.2200 1.408777e+06
  298.2300 1.408945e+06
  298.2400 1.409112e+06
  298.2500 1.409280e+06
  298.2600 1.409448e+06
  298.2700 1.409615e+06
  298.2800 1.409783e+06
  298.2900 1.409950e+06
  298.3000 1.410118e+06
  298.3100 1.410286e+06
  298.3200 1.410453e+06
  298.3300 1.410621e+06
  298.3400 1.410789e+06
  298.3500 1.410956e+06
  298.3600 1.411124e+06
  298.3700 1.411292e+06
  298.3800 1.411460e+06
  298.3900 1.411628e+06
  298.4000 1.411795e+06
  298.4100 1.411963e+06
  298.4200 1.412131e+06
  298.4300 1.412299e+06
  298.4400 1.412467e+06
  298.4500 1.412635e+06
  298.4600 1.412803e+06
  298.4700 1.412970e+06
  298.4800 1.413138e+06
  298.4900 1.413306e+06
  298.5000 1.413474e+06
  298.5100 1.413642e+06
  298.5200 1.413810e+06
  298.5300 1.413978e+06
  298.5400 1.414146e+06
  298.5500 1.414314e+06
  298.5600 1.414482e+06
  298.5700 1.414650e+06
  298.5800 1.414819e+06
  298.5900 1.414987e+06
  298.6000 1.415155e+06
  298.6100 1.415323e+06
  298.6200 1.415491e+06
  298.6300 1.415659e+06
  298.6400 1.415827e+06
  298.6500 1.415996e+06
  298.6600 1.416164e+06
  298.6700 1.416332e+06
  298.6800 1.416500e+06
  298.6900 1.416669e+06
  298.7000 1.416837e+06
  298.7100 1.417005e+06
  298.7200 1.417173e+06
  298.7300 1.417342e+06
  298.7400 1.417510e+06
  298.7500 1.417678e+06
  298.7600 1.417847e+06
  298.7700 1.418015e+06
  298.7800 1.418184e+06
  298.7900 1.418352e+06
  298.8000 1.418520e+06
  298.8100 1.418689e+06
  298.8200 1.418857e+06
  298.8300 1.419026e+06
  298.8400 1.419194e+06
  298.8500 1.419363e+06
  298.8600 1.419531e+06
  298.8700 1.419700e+06
  298.8800 1.419868e+06
  298.8900 1.420037e+06
  298.9000 1.420206e+06
  298.9100 1.420374e+06
  298.9200 1.420543e+06
  298.9300 1.420711e+06
  298.9400 1.420880e+06
  298.9500 1.421049e+06
  298.9600 1.421217e+06
  298.9700 1.421386e+06
  298.9800 1.421555e+06
  298.9900 1.421724e+06
  299.0000 1.421892e+06
  299.0100 1.422061e+06
  299.0200 1.422230e+06
  299.0300 1.422399e+06
  299.0400 1.422567e+06
  299.0500 1.422736e+06
  299.0600 1.422905e+06
  299.0700 1.423074e+06
  299.0800 1.423243e+06
  299.0900 1.423412e+06
  299.1000 1.423581e+06
  299.1100 1.423749e+06
  299.1200 1.423918e+06
  299.1300 1.424087e+06
  299.1400 1.424256e+06
  299.1500 1.424425e+06
  299.1600 1.424594e+06
  299.1700 1.424763e+06
  299.1800 1.424932e+06
  299.1900 1.425101e+06
  299.2000 1.425270e+06
  299.2100 1.425439e+06
  299.2200 1.425608e+06
  299.2300 1.425777e+06
  299.2400 1.425947e+06
  299.2500 1.426116e+06
  299.2600 1.426285e+06
  299.2700 1.426454e+06
  299.2800 1.426623e+06
  299.2900 1.426792e+06
  299.3000 1.426962e+06
  299.3100 1.427131e+06
  299.3200 1.427300e+06
  299.3300 1.427469e+06
  299.3400 1.427638e+06
  299.3500 1.427808e+06
  299.3600 1.427977e+06
  299.3700 1.428146e+06
  299.3800 1.428316e+06
  299.3900 1.428485e+06
  299.4000 1.428654e+06
  299.4100 1.428824e+06
  299.4200 1.428993e+06
  299.4300 1.429162e+06
  299.4400 1.429332e+06
  299.4500 1.429501e+06
  299.4600 1.429671e+06
  299.4700 1.429840e+06
  299.4800 1.430010e+06
  299.4900 1.430179e+06
  299.5000 1.430349e+06
  299.5100 1.430518e+06
  299.5200 1.430688e+06
  299.5300 1.430857e+06
  299.5400 1.431027e+06
  299.5500 1.431196e+06
  299.5600 1.431366e+06
  299.5700 1.431535e+06
  299.5800 1.431705e+06
  299.5900 1.431875e+06
  299.6000 1.432044e+06
  299.6100 1.432214e+06
  299.6200 1.432384e+06
  299.6300 1.432553e+06
  299.6400 1.432723e+06
  299.6500 1.432893e+06
  299.6600 1.433063e+06
  299.6700 1.433232e+06
  299.6800 1.433402e+06
  299.6900 1.433572e+06
  299.7000 1.433742e+06
  299.7100 1.433911e+06
  299.7200 1.434081e+06
  299.7300 1.434251e+06
  299.7400 1.434421e+06
  299.7500 1.434591e+06
  299.7600 1.434761e+06
  299.7700 1.434931e+06
  299.7800 1.435101e+06
  299.7900 1.435270e+06
  299.8000 1.435440e+06
  299.8100 1.435610e+06
  299.8200 1.435780e+06
  299.8300 1.435950e+06
  299.8400 1.436120e+06
  299.8500 1.436290e+06
  299.8600 1.436460e+06
  299.8700 1.436630e+06
  299.8800 1.436801e+06
  299.8900 1.436971e+06
  299.9000 1.437141e+06
  299.9100 1.437311e+06
  299.9200 1.437481e+06
  299.9300 1.437651e+06
  299.9400 1.437821e+06
  299.9500 1.437991e+06
  299.9600 1.438162e+06
  299.9700 1.438332e+06
  299.9800 1.438502e+06
  299.9900 1.438672e+06
  300.0000 1.438842e+06
  300.0100 1.439013e+06
  300.0200 1.439183e+06
  300.0300 1.439353e+06
  300.0400 1.439523e+06
  300.0500 1.439694e+06
  300.0600 1.439864e+06
  300.0700 1.440034e+06
  300.0800 1.440205e+06
  300.0900 1.440375e+06
  300.1000 1.440546e+06
  300.1100 1.440716e+06
  300.1200 1.440886e+06
  300.1300 1.441057e+06
  300.1400 1.441227e+06
  300.1500 1.441398e+06
  300.1600 1.441568e+06
  300.1700 1.441739e+06
  300.1800 1.441909e+06
  300.1900 1.442080e+06
  300.2000 1.442250e+06
  300.2100 1.442421e+06
  300.2200 1.442591e+06
  300.2300 1.442762e+06
  300.2400 1.442932e+06
  300.2500 1.443103e+06
  300.2600 1.443274e+06
  300.2700 1.443444e+06
  300.2800 1.443615e+06
  300.2900 1.443786e+06
  300.3000 1.443956e+06
  300.3100 1.444127e+06
  300.3200 1.444298e+06
  300.3300 1.444468e+06
  300.3400 1.444639e+06
  300.3500 1.444810e+06
  300.3600 1.444981e+06
  300.3700 1.445151e+06
  300.3800 1.445322e+06
  300.3900 1.445493e+06
  300.4000 1.445664e+06
  300.4100 1.445835e+06
  300.4200 1.446005e+06
  300.4300 1.446176e+06
  300.4400 1.446347e+06
  300.4500 1.446518e+06
  300.4600 1.446689e+06
  300.4700 1.446860e+06
  300.4800 1.447031e+06
  300.4900 1.447202e+06
  300.5000 1.447373e+06
  300.5100 1.447544e+06
  300.5200 1.447715e+06
  300.5300 1.447886e+06
  300.5400 1.448057e+06
  300.5500 1.448228e+06
  300.5600 1.448399e+06
  300.5700 1.448570e+06
  300.5800 1.448741e+06
  300.5900 1.448912e+06
  300.6000 1.449083e+06
  300.6100 1.449254e+06
  300.6200 1.449425e+06
  300.6300 1.449597e+06
  300.6400 1.449768e+06
  300.6500 1.449939e+06
  300.6600 1.450110e+06
  300.6700 1.450281e+06
  300.6800 1.450452e+06
  300.6900 1.450624e+06
  300.7000 1.450795e+06
  300.7100 1.450966e+06
  300.7200 1.451137e+06
  300.7300 1.451309e+06
  300.7400 1.451480e+06
  300.7500 1.451651e+06
  300.7600 1.451823e+06
  300.7700 1.451994e+06
  300.7800 1.452165e+06
  300.7900 1.452337e+06
  300.8000 1.452508e+06
  300.8100 1.452680e+06
  300.8200 1.452851e+06
  300.8300 1.453022e+06
  300.8400 1.453194e+06
  300.8500 1.453365e+06
  300.8600 1.453537e+06
  300.8700 1.453708e+06
  300.8800 1.453880e+06
  300.8900 1.454051e+06
  300.9000 1.454223e+06
  300.9100 1.454394e+06
  300.9200 1.454566e+06
  300.9300 1.454737e+06
  300.9400 1.454909e+06
  300.9500 1.455081e+06
  300.9600 1.455252e+06
  300.9700 1.455424e+06
  300.9800 1.455595e+06
  300.9900 1.455767e+06
  301.0000 1.455939e+06
  301.0100 1.456110e+06
  301.0200 1.456282e+06
  301.0300 1.456454e+06
  301.0400 1.456626e+06
  301.0500 1.456797e+06
  301.0600 1.456969e+06
  301.0700 1.457141e+06
  301.0800 1.457313e+06
  301.0900 1.457484e+06
  301.1000 1.457656e+06
  301.1100 1.457828e+06
  301.1200 1.458000e+06
  301.1300 1.458172e+06
  301.1400 1.458344e+06
  301.1500 1.458515e+06
  301.1600 1.458687e+06
  301.1700 1.458859e+06
  301.1800 1.459031e+06
  301.1900 1.459203e+06
  301.2000 1.459375e+06
  301.2100 1.459547e+06
  301.2200 1.459719e+06
  301.2300 1.459891e+06
  301.2400 1.460063e+06
  301.2500 1.460235e+06
  301.2600 1.460407e+06
  301.2700 1.460579e+06
  301.2800 1.460751e+06
  301.2900 1.460923e+06
  301.3000 1.461095e+06
  301.3100 1.461267e+06
  301.3200 1.461439e+06
  301.3300 1.461612e+06
  301.3400 1.461784e+06
  301.3500 1.461956e+06
  301.3600 1.462128e+06
  301.3700 1.462300e+06
  301.3800 1.462472e+06
  301.3900 1.462645e+06
  301.4000 1.462817e+06
  301.4100 1.462989e+06
  301.4200 1.463161e+06
  301.4300 1.463334e+06
  301.4400 1.463506e+06
  301.4500 1.463678e+06
  301.4600 1.463850e+06
  301.4700 1.464023e+06
  301.4800 1.464195e+06
  301.4900 1.464367e+06
  301.5000 1.464540e+06
  301.5100 1.464712e+06
  301.5200 1.464884e+06
  301.5300 1.465057e+06
  301.5400 1.465229e+06
  301.5500 1.465402e+06
  301.5600 1.465574e+06
  301.5700 1.465747e+06
  301.5800 1.465919e+06
  301.5900 1.466092e+06
  301.6000 1.466264e+06
  301.6100 1.466437e+06
  301.6200 1.466609e+06
  301.6300 1.466782e+06
  301.6400 1.466954e+06
  301.6500 1.467127e+06
  301.6600 1.467299e+06
  301.6700 1.467472e+06
  301.6800 1.467644e+06
  301.6900 1.467817e+06
  301.7000 1.467990e+06
  301.7100 1.468162e+06
  301.7200 1.468335e+06
  301.7300 1.468508e+06
  301.7400 1.468680e+06
  301.7500 1.468853e+06
  301.7600 1.469026e+06
  301.7700 1.469198e+06
  301.7800 1.469371e+06
  301.7900 1.469544e+06
  301.8000 1.469717e+06
  301.8100 1.469889e+06
  301.8200 1.470062e+06
  301.8300 1.470235e+06
  301.8400 1.470408e+06
  301.8500 1.470581e+06
  301.8600 1.470753e+06
  301.8700 1.470926e+06
  301.8800 1.471099e+06
  301.8900 1.471272e+06
  301.9000 1.471445e+06
  301.9100 1.471618e+06
  301.9200 1.471791e+06
  301.9300 1.471964e+06
  301.9400 1.472137e+06
  301.9500 1.472310e+06
  301.9600 1.472483e+06
  301.9700 1.472656e+06
  301.9800 1.472829e+06
  301.9900 1.473002e+06
  302.0000 1.473175e+06
  302.0100 1.473348e+06
  302.0200 1.473521e+06
  302.0300 1.473694e+06
  302.0400 1.473867e+06
  302.0500 1.474040e+06
  302.0600 1.474213e+06
  302.0700 1.474386e+06
  302.0800 1.474559e+06
  302.0900 1.474732e+06
  302.1000 1.474906e+06
  302.1100 1.475079e+06
  302.1200 1.475252e+06
  302.1300 1.475425e+06
  302.1400 1.475598e+06
  302.1500 1.475772e+06
  302.1600 1.475945e+06
  302.1700 1.476118e+06
  302.1800 1.476291e+06
  302.1900 1.476465e+06
  302.2000 1.476638e+06
  302.2100 1.476811e+06
  302.2200 1.476985e+06
  302.2300 1.477158e+06
  302.2400 1.477331e+06
  302.2500 1.477505e+06
  302.2600 1.477678e+06
  302.2700 1.477851e+06
  302.2800 1.478025e+06
  302.2900 1.478198e+06
  302.3000 1.478372e+06
  302.3100 1.478545e+06
  302.3200 1.478718e+06
  302.3300 1.478892e+06
  302.3400 1.479065e+06
  302.3500 1.479239e+06
  302.3600 1.479412e+06
  302.3700 1.479586e+06
  302.3800 1.479759e+06
  302.3900 1.479933e+06
  302.4000 1.480106e+06
  302.4100 1.480280e+06
  302.4200 1.480454e+06
  302.4300 1.480627e+06
  302.4400 1.480801e+06
  302.4500 1.480974e+06
  302.4600 1.481148e+06
  302.4700 1.481322e+06
  302.4800 1.481495e+06
  302.4900 1.481669e+06
  302.5000 1.481843e+06
  302.5100 1.482016e+06
  302.5200 1.482190e+06
  302.5300 1.482364e+06
  302.5400 1.482538e+06
  302.5500 1.482711e+06
  302.5600 1.482885e+06
  302.5700 1.483059e+06
  302.5800 1.483233e+06
  302.5900 1.483406e+06
  302.6000 1.483580e+06
  302.6100 1.483754e+06
  302.6200 1.483928e+06
  302.6300 1.484102e+06
  302.6400 1.484276e+06
  302.6500 1.484449e+06
  302.6600 1.484623e+06
  302.6700 1.484797e+06
  302.6800 1.484971e+06
  302.6900 1.485145e+06
  302.7000 1.485319e+06
  302.7100 1.485493e+06
  302.7200 1.485667e+06
  302.7300 1.485841e+06
  302.7400 1.486015e+06
  302.7500 1.486189e+06
  302.7600 1.486363e+06
  302.7700 1.486537e+06
  302.7800 1.486711e+06
  302.7900 1.486885e+06
  302.8000 1.487059e+06
  302.8100 1.487233e+06
  302.8200 1.487407e+06
  302.8300 1.487581e+06
  302.8400 1.487755e+06
  302.8500 1.487930e+06
  302.8600 1.488104e+06
  302.8700 1.488278e+06
  302.8800 1.488452e+06
  302.8900 1.488626e+06
  302.9000 1.488800e+06
  302.9100 1.488975e+06
  302.9200 1.489149e+06
  302.9300 1.489323e+06
  302.9400 1.489497e+06
  302.9500 1.489671e+06
  302.9600 1.489846e+06
  302.9700 1.490020e+06
  302.9800 1.490194e+06
  302.9900 1.490369e+06
  303.0000 1.490543e+06
  303.0100 1.490717e+06
  303.0200 1.490892e+06
  303.0300 1.491066e+06
  303.0400 1.491240e+06
  303.0500 1.491415e+06
  303.0600 1.491589e+06
  303.0700 1.491763e+06
  303.0800 1.491938e+06
  303.0900 1.492112e+06
  303.1000 1.492287e+06
  303.1100 1.492461e+06
  303.1200 1.492636e+06
  303.1300 1.492810e+06
  303.1400 1.492985e+06
  303.1500 1.493159e+06
  303.1600 1.493334e+06
  303.1700 1.493508e+06
  303.1800 1.493683e+06
  303.1900 1.493857e+06
  303.2000 1.494032e+06
  303.2100 1.494206e+06
  303.2200 1.494381e+06
  303.2300 1.494556e+06
  303.2400 1.494730e+06
  303.2500 1.494905e+06
  303.2600 1.495080e+06
  303.2700 1.495254e+06
  303.2800 1.495429e+06
  303.2900 1.495604e+06
  303.3000 1.495778e+06
  303.3100 1.495953e+06
  303.3200 1.496128e+06
  303.3300 1.496302e+06
  303.3400 1.496477e+06
  303.3500 1.496652e+06
  303.3600 1.496827e+06
  303.3700 1.497001e+06
  303.3800 1.497176e+06
  303.3900 1.497351e+06
  303.4000 1.497526e+06
  303.4100 1.497701e+06
  303.4200 1.497875e+06
  303.4300 1.498050e+06
  303.4400 1.498225e+06
  303.4500 1.498400e+06
  303.4600 1.498575e+06
  303.4700 1.498750e+06
  303.4800 1.498925e+06
  303.4900 1.499100e+06
  303.5000 1.499275e+06
  303.5100 1.499450e+06
  303.5200 1.499625e+06
  303.5300 1.499799e+06
  303.5400 1.499974e+06
  303.5500 1.500149e+06
  303.5600 1.500324e+06
  303.5700 1.500499e+06
  303.5800 1.500675e+06
  303.5900 1.500850e+06
  303.6000 1.501025e+06
  303.6100 1.501200e+06
  303.6200 1.501375e+06
  303.6300 1.501550e+06
  303.6400 1.501725e+06
  303.6500 1.501900e+06
  303.6600 1.502075e+06
  303.6700 1.502250e+06
  303.6800 1.502426e+06
  303.6900 1.502601e+06
  303.7000 1.502776e+06
  303.7100 1.502951e+06
  303.7200 1.503126e+06
  303.7300 1.503301e+06
  303.7400 1.503477e+06
  303.7500 1.503652e+06
  303.7600 1.503827e+06
  303.7700 1.504002e+06
  303.7800 1.504178e+06
  303.7900 1.504353e+06
  303.8000 1.504528e+06
  303.8100 1.504704e+06
  303.8200 1.504879e+06
  303.8300 1.505054e+06
  303.8400 1.505230e+06
  303.8500 1.505405e+06
  303.8600 1.505580e+06
  303.8700 1.505756e+06
  303.8800 1.505931e+06
  303.8900 1.506107e+06
  303.9000 1.506282e+06
  303.9100 1.506457e+06
  303.9200 1.506633e+06
  303.9300 1.506808e+06
  303.9400 1.506984e+06
  303.9500 1.507159e+06
  303.9600 1.507335e+06
  303.9700 1.507510e+06
  303.9800 1.507686e+06
  303.9900 1.507861e+06
  304.0000 1.508037e+06
  304.0100 1.508212e+06
  304.0200 1.508388e+06
  304.0300 1.508563e+06
  304.0400 1.508739e+06
  304.0500 1.508915e+06
  304.0600 1.509090e+06
  304.0700 1.509266e+06
  304.0800 1.509442e+06
  304.0900 1.509617e+06
  304.1000 1.509793e+06
  304.1100 1.509968e+06
  304.1200 1.510144e+06
  304.1300 1.510320e+06
  304.1400 1.510496e+06
  304.1500 1.510671e+06
  304.1600 1.510847e+06
  304.1700 1.511023e+06
  304.1800 1.511198e+06
  304.1900 1.511374e+06
  304.2000 1.511550e+06
  304.2100 1.511726e+06
  304.2200 1.511902e+06
  304.2300 1.512077e+06
  304.2400 1.512253e+06
  304.2500 1.512429e+06
  304.2600 1.512605e+06
  304.2700 1.512781e+06
  304.2800 1.512957e+06
  304.2900 1.513132e+06
  304.3000 1.513308e+06
  304.3100 1.513484e+06
  304.3200 1.513660e+06
  304.3300 1.513836e+06
  304.3400 1.514012e+06
  304.3500 1.514188e+06
  304.3600 1.514364e+06
  304.3700 1.514540e+06
  304.3800 1.514716e+06
  304.3900 1.514892e+06
  304.4000 1.515068e+06
  304.4100 1.515244e+06
  304.4200 1.515420e+06
  304.4300 1.515596e+06
  304.4400 1.515772e+06
  304.4500 1.515948e+06
  304.4600 1.516124e+06
  304.4700 1.516300e+06
  304.4800 1.516476e+06
  304.4900 1.516653e+06
  304.5000 1.516829e+06
  304.5100 1.517005e+06
  304.5200 1.517181e+06
  304.5300 1.517357e+06
  304.5400 1.517533e+06
  304.5500 1.517709e+06
  304.5600 1.517886e+06
  304.5700 1.518062e+06
  304.5800 1.518238e+06
  304.5900 1.518414e+06
  304.6000 1.518590e+06
  304.6100 1.518767e+06
  304.6200 1.518943e+06
  304.6300 1.519119e+06
  304.6400 1.519296e+06
  304.6500 1.519472e+06
  304.6600 1.519648e+06
  304.6700 1.519824e+06
  304.6800 1.520001e+06
  304.6900 1.520177e+06
  304.7000 1.520353e+06
  304.7100 1.520530e+06
  304.7200 1.520706e+06
  304.7300 1.520883e+06
  304.7400 1.521059e+06
  304.7500 1.521235e+06
  304.7600 1.521412e+06
  304.7700 1.521588e+06
  304.7800 1.521765e+06
  304.7900 1.521941e+06
  304.8000 1.522118e+06
  304.8100 1.522294e+06
  304.8200 1.522471e+06
  304.8300 1.522647e+06
  304.8400 1.522824e+06
  304.8500 1.523000e+06
  304.8600 1.523177e+06
  304.8700 1.523353e+06
  304.8800 1.523530e+06
  304.8900 1.523706e+06
  304.9000 1.523883e+06
  304.9100 1.524059e+06
  304.9200 1.524236e+06
  304.9300 1.524413e+06
  304.9400 1.524589e+06
  304.9500 1.524766e+06
  304.9600 1.524943e+06
  304.9700 1.525119e+06
  304.9800 1.525296e+06
  304.9900 1.525473e+06
  305.0000 1.525649e+06
  305.0100 1.525826e+06
  305.0200 1.526003e+06
  305.0300 1.526179e+06
  305.0400 1.526356e+06
  305.0500 1.526533e+06
  305.0600 1.526710e+06
  305.0700 1.526886e+06
  305.0800 1.527063e+06
  305.0900 1.527240e+06
  305.1000 1.527417e+06
  305.1100 1.527594e+06
  305.1200 1.527770e+06
  305.1300 1.527947e+06
  305.1400 1.528124e+06
  305.1500 1.528301e+06
  305.1600 1.528478e+06
  305.1700 1.528655e+06
  305.1800 1.528832e+06
  305.1900 1.529008e+06
  305.2000 1.529185e+06
  305.2100 1.529362e+06
  305.2200 1.529539e+06
  305.2300 1.529716e+06
  305.2400 1.529893e+06
  305.2500 1.530070e+06
  305.2600 1.530247e+06
  305.2700 1.530424e+06
  305.2800 1.530601e+06
  305.2900 1.530778e+06
  305.3000 1.530955e+06
  305.3100 1.531132e+06
  305.3200 1.531309e+06
  305.3300 1.531486e+06
  305.3400 1.531663e+06
  305.3500 1.531840e+06
  305.3600 1.532017e+06
  305.3700 1.532195e+06
  305.3800 1.532372e+06
  305.3900 1.532549e+06
  305.4000 1.532726e+06
  305.4100 1.532903e+06
  305.4200 1.533080e+06
  305.4300 1.533257e+06
  305.4400 1.533435e+06
  305.4500 1.533612e+06
  305.4600 1.533789e+06
  305.4700 1.533966e+06
  305.4800 1.534143e+06
  305.4900 1.534321e+06
  305.5000 1.534498e+06
  305.5100 1.534675e+06
  305.5200 1.534852e+06
  305.5300 1.535030e+06
  305.5400 1.535207e+06
  305.5500 1.535384e+06
  305.5600 1.535561e+06
  305.5700 1.535739e+06
  305.5800 1.535916e+06
  305.5900 1.536093e+06
  305.6000 1.536271e+06
  305.6100 1.536448e+06
  305.6200 1.536626e+06
  305.6300 1.536803e+06
  305.6400 1.536980e+06
  305.6500 1.537158e+06
  305.6600 1.537335e+06
  305.6700 1.537513e+06
  305.6800 1.537690e+06
  305.6900 1.537867e+06
  305.7000 1.538045e+06
  305.7100 1.538222e+06
  305.7200 1.538400e+06
  305.7300 1.538577e+06
  305.7400 1.538755e+06
  305.7500 1.538932e+06
  305.7600 1.539110e+06
  305.7700 1.539287e+06
  305.7800 1.539465e+06
  305.7900 1.539642e+06
  305.8000 1.539820e+06
  305.8100 1.539998e+06
  305.8200 1.540175e+06
  305.8300 1.540353e+06
  305.8400 1.540530e+06
  305.8500 1.540708e+06
  305.8600 1.540886e+06
  305.8700 1.541063e+06
  305.8800 1.541241e+06
  305.8900 1.541418e+06
  305.9000 1.541596e+06
  305.9100 1.541774e+06
  305.9200 1.541952e+06
  305.9300 1.542129e+06
  305.9400 1.542307e+06
  305.9500 1.542485e+06
  305.9600 1.542662e+06
  305.9700 1.542840e+06
  305.9800 1.543018e+06
  305.9900 1.543196e+06
  306.0000 1.543373e+06
  306.0100 1.543551e+06
  306.0200 1.543729e+06
  306.0300 1.543907e+06
  306.0400 1.544085e+06
  306.0500 1.544262e+06
  306.0600 1.544440e+06
  306.0700 1.544618e+06
  306.0800 1.544796e+06
  306.0900 1.544974e+06
  306.1000 1.545152e+06
  306.1100 1.545330e+06
  306.1200 1.545507e+06
  306.1300 1.545685e+06
  306.1400 1.545863e+06
  306.1500 1.546041e+06
  306.1600 1.546219e+06
  306.1700 1.546397e+06
  306.1800 1.546575e+06
  306.1900 1.546753e+06
  306.2000 1.546931e+06
  306.2100 1.547109e+06
  306.2200 1.547287e+06
  306.2300 1.547465e+06
  306.2400 1.547643e+06
  306.2500 1.547821e+06
  306.2600 1.547999e+06
  306.2700 1.548177e+06
  306.2800 1.548355e+06
  306.2900 1.548533e+06
  306.3000 1.548711e+06
  306.3100 1.548889e+06
  306.3200 1.549068e+06
  306.3300 1.549246e+06
  306.3400 1.549424e+06
  306.3500 1.549602e+06
  306.3600 1.549780e+06
  306.3700 1.549958e+06
  306.3800 1.550136e+06
  306.3900 1.550315e+06
  306.4000 1.550493e+06
  306.4100 1.550671e+06
  306.4200 1.550849e+06
  306.4300 1.551027e+06
  306.4400 1.551206e+06
  306.4500 1.551384e+06
  306.4600 1.551562e+06
  306.4700 1.551740e+06
  306.4800 1.551919e+06
  306.4900 1.552097e+06
  306.5000 1.552275e+06
  306.5100 1.552453e+06
  306.5200 1.552632e+06
  306.5300 1.552810e+06
  306.5400 1.552988e+06
  306.5500 1.553167e+06
  306.5600 1.553345e+06
  306.5700 1.553523e+06
  306.5800 1.553702e+06
  306.5900 1.553880e+06
  306.6000 1.554059e+06
  306.6100 1.554237e+06
  306.6200 1.554415e+06
  306.6300 1.554594e+06
  306.6400 1.554772e+06
  306.6500 1.554951e+06
  306.6600 1.555129e+06
  306.6700 1.555308e+06
  306.6800 1.555486e+06
  306.6900 1.555665e+06
  306.7000 1.555843e+06
  306.7100 1.556022e+06
  306.7200 1.556200e+06
  306.7300 1.556379e+06
  306.7400 1.556557e+06
  306.7500 1.556736e+06
  306.7600 1.556914e+06
  306.7700 1.557093e+06
  306.7800 1.557271e+06
  306.7900 1.557450e+06
  306.8000 1.557628e+06
  306.8100 1.557807e+06
  306.8200 1.557986e+06
  306.8300 1.558164e+06
  306.8400 1.558343e+06
  306.8500 1.558522e+06
  306.8600 1.558700e+06
  306.8700 1.558879e+06
  306.8800 1.559058e+06
  306.8900 1.559236e+06
  306.9000 1.559415e+06
  306.9100 1.559594e+06
  306.9200 1.559772e+06
  306.9300 1.559951e+06
  306.9400 1.560130e+06
  306.9500 1.560308e+06
  306.9600 1.560487e+06
  306.9700 1.560666e+06
  306.9800 1.560845e+06
  306.9900 1.561024e+06
  307.0000 1.561202e+06
  307.0100 1.561381e+06
  307.0200 1.561560e+06
  307.0300 1.561739e+06
  307.0400 1.561918e+06
  307.0500 1.562096e+06
  307.0600 1.562275e+06
  307.0700 1.562454e+06
  307.0800 1.562633e+06
  307.0900 1.562812e+06
  307.1000 1.562991e+06
  307.1100 1.563170e+06
  307.1200 1.563348e+06
  307.1300 1.563527e+06
  307.1400 1.563706e+06
  307.1500 1.563885e+06
  307.1600 1.564064e+06
  307.1700 1.564243e+06
  307.1800 1.564422e+06
  307.1900 1.564601e+06
  307.2000 1.564780e+06
  307.2100 1.564959e+06
  307.2200 1.565138e+06
  307.2300 1.565317e+06
  307.2400 1.565496e+06
  307.2500 1.565675e+06
  307.2600 1.565854e+06
  307.2700 1.566033e+06
  307.2800 1.566212e+06
  307.2900 1.566391e+06
  307.3000 1.566570e+06
  307.3100 1.566749e+06
  307.3200 1.566929e+06
  307.3300 1.567108e+06
  307.3400 1.567287e+06
  307.3500 1.567466e+06
  307.3600 1.567645e+06
  307.3700 1.567824e+06
  307.3800 1.568003e+06
  307.3900 1.568182e+06
  307.4000 1.568362e+06
  307.4100 1.568541e+06
  307.4200 1.568720e+06
  307.4300 1.568899e+06
  307.4400 1.569078e+06
  307.4500 1.569258e+06
  307.4600 1.569437e+06
  307.4700 1.569616e+06
  307.4800 1.569795e+06
  307.4900 1.569975e+06
  307.5000 1.570154e+06
  307.5100 1.570333e+06
  307.5200 1.570512e+06
  307.5300 1.570692e+06
  307.5400 1.570871e+06
  307.5500 1.571050e+06
  307.5600 1.571230e+06
  307.5700 1.571409e+06
  307.5800 1.571588e+06
  307.5900 1.571768e+06
  307.6000 1.571947e+06
  307.6100 1.572126e+06
  307.6200 1.572306e+06
  307.6300 1.572485e+06
  307.6400 1.572665e+06
  307.6500 1.572844e+06
  307.6600 1.573023e+06
  307.6700 1.573203e+06
  307.6800 1.573382e+06
  307.6900 1.573562e+06
  307.7000 1.573741e+06
  307.7100 1.573921e+06
  307.7200 1.574100e+06
  307.7300 1.574280e+06
  307.7400 1.574459e+06
  307.7500 1.574639e+06
  307.7600 1.574818e+06
  307.7700 1.574998e+06
  307.7800 1.575177e+06
  307.7900 1.575357e+06
  307.8000 1.575536e+06
  307.8100 1.575716e+06
  307.8200 1.575895e+06
  307.8300 1.576075e+06
  307.8400 1.576254e+06
  307.8500 1.576434e+06
  307.8600 1.576614e+06
  307.8700 1.576793e+06
  307.8800 1.576973e+06
  307.8900 1.577152e+06
  307.9000 1.577332e+06
  307.9100 1.577512e+06
  307.9200 1.577691e+06
  307.9300 1.577871e+06
  307.9400 1.578051e+06
  307.9500 1.578230e+06
  307.9600 1.578410e+06
  307.9700 1.578590e+06
  307.9800 1.578770e+06
  307.9900 1.578949e+06
  308.0000 1.579129e+06
  308.0100 1.579309e+06
  308.0200 1.579488e+06
  308.0300 1.579668e+06
  308.0400 1.579848e+06
  308.0500 1.580028e+06
  308.0600 1.580208e+06
  308.0700 1.580387e+06
  308.0800 1.580567e+06
  308.0900 1.580747e+06
  308.1000 1.580927e+06
  308.1100 1.581107e+06
  308.1200 1.581286e+06
  308.1300 1.581466e+06
  308.1400 1.581646e+06
  308.1500 1.581826e+06
  308.1600 1.582006e+06
  308.1700 1.582186e+06
  308.1800 1.582366e+06
  308.1900 1.582546e+06
  308.2000 1.582725e+06
  308.2100 1.582905e+06
  308.2200 1.583085e+06
  308.2300 1.583265e+06
  308.2400 1.583445e+06
  308.2500 1.583625e+06
  308.2600 1.583805e+06
  308.2700 1.583985e+06
  308.2800 1.584165e+06
  308.2900 1.584345e+06
  308.3000 1.584525e+06
  308.3100 1.584705e+06
  308.3200 1.584885e+06
  308.3300 1.585065e+06
  308.3400 1.585245e+06
  308.3500 1.585425e+06
  308.3600 1.585605e+06
  308.3700 1.585785e+06
  308.3800 1.585965e+06
  308.3900 1.586145e+06
  308.4000 1.586326e+06
  308.4100 1.586506e+06
  308.4200 1.586686e+06
  308.4300 1.586866e+06
  308.4400 1.587046e+06
  308.4500 1.587226e+06
  308.4600 1.587406e+06
  308.4700 1.587586e+06
  308.4800 1.587767e+06
  308.4900 1.587947e+06
  308.5000 1.588127e+06
  308.5100 1.588307e+06
  308.5200 1.588487e+06
  308.5300 1.588667e+06
  308.5400 1.588848e+06
  308.5500 1.589028e+06
  308.5600 1.589208e+06
  308.5700 1.589388e+06
  308.5800 1.589569e+06
  308.5900 1.589749e+06
  308.6000 1.589929e+06
  308.6100 1.590109e+06
  308.6200 1.590290e+06
  308.6300 1.590470e+06
  308.6400 1.590650e+06
  308.6500 1.590831e+06
  308.6600 1.591011e+06
  308.6700 1.591191e+06
  308.6800 1.591372e+06
  308.6900 1.591552e+06
  308.7000 1.591732e+06
  308.7100 1.591913e+06
  308.7200 1.592093e+06
  308.7300 1.592273e+06
  308.7400 1.592454e+06
  308.7500 1.592634e+06
  308.7600 1.592814e+06
  308.7700 1.592995e+06
  308.7800 1.593175e+06
  308.7900 1.593356e+06
  308.8000 1.593536e+06
  308.8100 1.593717e+06
  308.8200 1.593897e+06
  308.8300 1.594078e+06
  308.8400 1.594258e+06
  308.8500 1.594438e+06
  308.8600 1.594619e+06
  308.8700 1.594799e+06
  308.8800 1.594980e+06
  308.8900 1.595160e+06
  308.9000 1.595341e+06
  308.9100 1.595521e+06
  308.9200 1.595702e+06
  308.9300 1.595883e+06
  308.9400 1.596063e+06
  308.9500 1.596244e+06
  308.9600 1.596424e+06
  308.9700 1.596605e+06
  308.9800 1.596785e+06
  308.9900 1.596966e+06
  309.0000 1.597147e+06
  309.0100 1.597327e+06
  309.0200 1.597508e+06
  309.0300 1.597688e+06
  309.0400 1.597869e+06
  309.0500 1.598050e+06
  309.0600 1.598230e+06
  309.0700 1.598411e+06
  309.0800 1.598592e+06
  309.0900 1.598772e+06
  309.1000 1.598953e+06
  309.1100 1.599134e+06
  309.1200 1.599315e+06
  309.1300 1.599495e+06
  309.1400 1.599676e+06
  309.1500 1.599857e+06
  309.1600 1.600037e+06
  309.1700 1.600218e+06
  309.1800 1.600399e+06
  309.1900 1.600580e+06
  309.2000 1.600760e+06
  309.2100 1.600941e+06
  309.2200 1.601122e+06
  309.2300 1.601303e+06
  309.2400 1.601484e+06
  309.2500 1.601664e+06
  309.2600 1.601845e+06
  309.2700 1.602026e+06
  309.2800 1.602207e+06
  309.2900 1.602388e+06
  309.3000 1.602569e+06
  309.3100 1.602749e+06
  309.3200 1.602930e+06
  309.3300 1.603111e+06
  309.3400 1.603292e+06
  309.3500 1.603473e+06
  309.3600 1.603654e+06
  309.3700 1.603835e+06
  309.3800 1.604016e+06
  309.3900 1.604197e+06
  309.4000 1.604378e+06
  309.4100 1.604558e+06
  309.4200 1.604739e+06
  309.4300 1.604920e+06
  309.4400 1.605101e+06
  309.4500 1.605282e+06
  309.4600 1.605463e+06
  309.4700 1.605644e+06
  309.4800 1.605825e+06
  309.4900 1.606006e+06
  309.5000 1.606187e+06
  309.5100 1.606368e+06
  309.5200 1.606549e+06
  309.5300 1.606730e+06
  309.5400 1.606911e+06
  309.5500 1.607093e+06
  309.5600 1.607274e+06
  309.5700 1.607455e+06
  309.5800 1.607636e+06
  309.5900 1.607817e+06
  309.6000 1.607998e+06
  309.6100 1.608179e+06
  309.6200 1.608360e+06
  309.6300 1.608541e+06
  309.6400 1.608722e+06
  309.6500 1.608904e+06
  309.6600 1.609085e+06
  309.6700 1.609266e+06
  309.6800 1.609447e+06
  309.6900 1.609628e+06
  309.7000 1.609809e+06
  309.7100 1.609990e+06
  309.7200 1.610172e+06
  309.7300 1.610353e+06
  309.7400 1.610534e+06
  309.7500 1.610715e+06
  309.7600 1.610897e+06
  309.7700 1.611078e+06
  309.7800 1.611259e+06
  309.7900 1.611440e+06
  309.8000 1.611621e+06
  309.8100 1.611803e+06
  309.8200 1.611984e+06
  309.8300 1.612165e+06
  309.8400 1.612347e+06
  309.8500 1.612528e+06
  309.8600 1.612709e+06
  309.8700 1.612890e+06
  309.8800 1.613072e+06
  309.8900 1.613253e+06
  309.9000 1.613434e+06
  309.9100 1.613616e+06
  309.9200 1.613797e+06
  309.9300 1.613978e+06
  309.9400 1.614160e+06
  309.9500 1.614341e+06
  309.9600 1.614523e+06
  309.9700 1.614704e+06
  309.9800 1.614885e+06
  309.9900 1.615067e+06
  310.0000 1.615248e+06
  310.0100 1.615430e+06
  310.0200 1.615611e+06
  310.0300 1.615792e+06
  310.0400 1.615974e+06
  310.0500 1.616155e+06
  310.0600 1.616337e+06
  310.0700 1.616518e+06
  310.0800 1.616700e+06
  310.0900 1.616881e+06
  310.1000 1.617063e+06
  310.1100 1.617244e+06
  310.1200 1.617426e+06
  310.1300 1.617607e+06
  310.1400 1.617789e+06
  310.1500 1.617970e+06
  310.1600 1.618152e+06
  310.1700 1.618333e+06
  310.1800 1.618515e+06
  310.1900 1.618696e+06
  310.2000 1.618878e+06
  310.2100 1.619060e+06
  310.2200 1.619241e+06
  310.2300 1.619423e+06
  310.2400 1.619604e+06
  310.2500 1.619786e+06
  310.2600 1.619967e+06
  310.2700 1.620149e+06
  310.2800 1.620331e+06
  310.2900 1.620512e+06
  310.3000 1.620694e+06
  310.3100 1.620876e+06
  310.3200 1.621057e+06
  310.3300 1.621239e+06
  310.3400 1.621421e+06
  310.3500 1.621602e+06
  310.3600 1.621784e+06
  310.3700 1.621966e+06
  310.3800 1.622147e+06
  310.3900 1.622329e+06
  310.4000 1.622511e+06
  310.4100 1.622692e+06
  310.4200 1.622874e+06
  310.4300 1.623056e+06
  310.4400 1.623238e+06
  310.4500 1.623419e+06
  310.4600 1.623601e+06
  310.4700 1.623783e+06
  310.4800 1.623965e+06
  310.4900 1.624146e+06
  310.5000 1.624328e+06
  310.5100 1.624510e+06
  310.5200 1.624692e+06
  310.5300 1.624874e+06
  310.5400 1.625055e+06
  310.5500 1.625237e+06
  310.5600 1.625419e+06
  310.5700 1.625601e+06
  310.5800 1.625783e+06
  310.5900 1.625965e+06
  310.6000 1.626147e+06
  310.6100 1.626328e+06
  310.6200 1.626510e+06
  310.6300 1.626692e+06
  310.6400 1.626874e+06
  310.6500 1.627056e+06
  310.6600 1.627238e+06
  310.6700 1.627420e+06
  310.6800 1.627602e+06
  310.6900 1.627784e+06
  310.7000 1.627966e+06
  310.7100 1.628147e+06
  310.7200 1.628329e+06
  310.7300 1.628511e+06
  310.7400 1.628693e+06
  310.7500 1.628875e+06
  310.7600 1.629057e+06
  310.7700 1.629239e+06
  310.7800 1.629421e+06
  310.7900 1.629603e+06
  310.8000 1.629785e+06
  310.8100 1.629967e+06
  310.8200 1.630149e+06
  310.8300 1.630331e+06
  310.8400 1.630513e+06
  310.8500 1.630695e+06
  310.8600 1.630877e+06
  310.8700 1.631059e+06
  310.8800 1.631241e+06
  310.8900 1.631424e+06
  310.9000 1.631606e+06
  310.9100 1.631788e+06
  310.9200 1.631970e+06
  310.9300 1.632152e+06
  310.9400 1.632334e+06
  310.9500 1.632516e+06
  310.9600 1.632698e+06
  310.9700 1.632880e+06
  310.9800 1.633062e+06
  310.9900 1.633245e+06
  311.0000 1.633427e+06
  311.0100 1.633609e+06
  311.0200 1.633791e+06
  311.0300 1.633973e+06
  311.0400 1.634155e+06
  311.0500 1.634338e+06
  311.0600 1.634520e+06
  311.0700 1.634702e+06
  311.0800 1.634884e+06
  311.0900 1.635066e+06
  311.1000 1.635249e+06
  311.1100 1.635431e+06
  311.1200 1.635613e+06
  311.1300 1.635795e+06
  311.1400 1.635978e+06
  311.1500 1.636160e+06
  311.1600 1.636342e+06
  311.1700 1.636524e+06
  311.1800 1.636707e+06
  311.1900 1.636889e+06
  311.2000 1.637071e+06
  311.2100 1.637253e+06
  311.2200 1.637436e+06
  311.2300 1.637618e+06
  311.2400 1.637800e+06
  311.2500 1.637983e+06
  311.2600 1.638165e+06
  311.2700 1.638347e+06
  311.2800 1.638530e+06
  311.2900 1.638712e+06
  311.3000 1.638894e+06
  311.3100 1.639077e+06
  311.3200 1.639259e+06
  311.3300 1.639441e+06
  311.3400 1.639624e+06
  311.3500 1.639806e+06
  311.3600 1.639989e+06
  311.3700 1.640171e+06
  311.3800 1.640353e+06
  311.3900 1.640536e+06
  311.4000 1.640718e+06
  311.4100 1.640901e+06
  311.4200 1.641083e+06
  311.4300 1.641265e+06
  311.4400 1.641448e+06
  311.4500 1.641630e+06
  311.4600 1.641813e+06
  311.4700 1.641995e+06
  311.4800 1.642178e+06
  311.4900 1.642360e+06
  311.5000 1.642543e+06
  311.5100 1.642725e+06
  311.5200 1.642908e+06
  311.5300 1.643090e+06
  311.5400 1.643273e+06
  311.5500 1.643455e+06
  311.5600 1.643638e+06
  311.5700 1.643820e+06
  311.5800 1.644003e+06
  311.5900 1.644185e+06
  311.6000 1.644368e+06
  311.6100 1.644551e+06
  311.6200 1.644733e+06
  311.6300 1.644916e+06
  311.6400 1.645098e+06
  311.6500 1.645281e+06
  311.6600 1.645463e+06
  311.6700 1.645646e+06
  311.6800 1.645829e+06
  311.6900 1.646011e+06
  311.7000 1.646194e+06
  311.7100 1.646377e+06
  311.7200 1.646559e+06
  311.7300 1.646742e+06
  311.7400 1.646924e+06
  311.7500 1.647107e+06
  311.7600 1.647290e+06
  311.7700 1.647472e+06
  311.7800 1.647655e+06
  311.7900 1.647838e+06
  311.8000 1.648020e+06
  311.8100 1.648203e+06
  311.8200 1.648386e+06
  311.8300 1.648569e+06
  311.8400 1.648751e+06
  311.8500 1.648934e+06
  311.8600 1.649117e+06
  311.8700 1.649299e+06
  311.8800 1.649482e+06
  311.8900 1.649665e+06
  311.9000 1.649848e+06
  311.9100 1.650030e+06
  311.9200 1.650213e+06
  311.9300 1.650396e+06
  311.9400 1.650579e+06
  311.9500 1.650761e+06
  311.9600 1.650944e+06
  311.9700 1.651127e+06
  311.9800 1.651310e+06
  311.9900 1.651493e+06
  312.0000 1.651675e+06
  312.0100 1.651858e+06
  312.0200 1.652041e+06
  312.0300 1.652224e+06
  312.0400 1.652407e+06
  312.0500 1.652590e+06
  312.0600 1.652772e+06
  312.0700 1.652955e+06
  312.0800 1.653138e+06
  312.0900 1.653321e+06
  312.1000 1.653504e+06
  312.1100 1.653687e+06
  312.1200 1.653870e+06
  312.1300 1.654053e+06
  312.1400 1.654235e+06
  312.1500 1.654418e+06
  312.1600 1.654601e+06
  312.1700 1.654784e+06
  312.1800 1.654967e+06
  312.1900 1.655150e+06
  312.2000 1.655333e+06
  312.2100 1.655516e+06
  312.2200 1.655699e+06
  312.2300 1.655882e+06
  312.2400 1.656065e+06
  312.2500 1.656248e+06
  312.2600 1.656431e+06
  312.2700 1.656614e+06
  312.2800 1.656797e+06
  312.2900 1.656980e+06
  312.3000 1.657163e+06
  312.3100 1.657346e+06
  312.3200 1.657529e+06
  312.3300 1.657712e+06
  312.3400 1.657895e+06
  312.3500 1.658078e+06
  312.3600 1.658261e+06
  312.3700 1.658444e+06
  312.3800 1.658627e+06
  312.3900 1.658810e+06
  312.4000 1.658993e+06
  312.4100 1.659176e+06
  312.4200 1.659359e+06
  312.4300 1.659542e+06
  312.4400 1.659725e+06
  312.4500 1.659908e+06
  312.4600 1.660091e+06
  312.4700 1.660275e+06
  312.4800 1.660458e+06
  312.4900 1.660641e+06
  312.5000 1.660824e+06
  312.5100 1.661007e+06
  312.5200 1.661190e+06
  312.5300 1.661373e+06
  312.5400 1.661556e+06
  312.5500 1.661740e+06
  312.5600 1.661923e+06
  312.5700 1.662106e+06
  312.5800 1.662289e+06
  312.5900 1.662472e+06
  312.6000 1.662655e+06
  312.6100 1.662839e+06
  312.6200 1.663022e+06
  312.6300 1.663205e+06
  312.6400 1.663388e+06
  312.6500 1.663571e+06
  312.6600 1.663755e+06
  312.6700 1.663938e+06
  312.6800 1.664121e+06
  312.6900 1.664304e+06
  312.7000 1.664487e+06
  312.7100 1.664671e+06
  312.7200 1.664854e+06
  312.7300 1.665037e+06
  312.7400 1.665221e+06
  312.7500 1.665404e+06
  312.7600 1.665587e+06
  312.7700 1.665770e+06
  312.7800 1.665954e+06
  312.7900 1.666137e+06
  312.8000 1.666320e+06
  312.8100 1.666503e+06
  312.8200 1.666687e+06
  312.8300 1.666870e+06
  312.8400 1.667053e+06
  312.8500 1.667237e+06
  312.8600 1.667420e+06
  312.8700 1.667603e+06
  312.8800 1.667787e+06
  312.8900 1.667970e+06
  312.9000 1.668153e+06
  312.9100 1.668337e+06
  312.9200 1.668520e+06
  312.9300 1.668704e+06
  312.9400 1.668887e+06
  312.9500 1.669070e+06
  312.9600 1.669254e+06
  312.9700 1.669437e+06
  312.9800 1.669620e+06
  312.9900 1.669804e+06
  313.0000 1.669987e+06
  313.0100 1.670171e+06
  313.0200 1.670354e+06
  313.0300 1.670538e+06
  313.0400 1.670721e+06
  313.0500 1.670904e+06
  313.0600 1.671088e+06
  313.0700 1.671271e+06
  313.0800 1.671455e+06
  313.0900 1.671638e+06
  313.1000 1.671822e+06
  313.1100 1.672005e+06
  313.1200 1.672189e+06
  313.1300 1.672372e+06
  313.1400 1.672556e+06
  313.1500 1.672739e+06
  313.1600 1.672923e+06
  313.1700 1.673106e+06
  313.1800 1.673290e+06
  313.1900 1.673473e+06
  313.2000 1.673657e+06
  313.2100 1.673840e+06
  313.2200 1.674024e+06
  313.2300 1.674207e+06
  313.2400 1.674391e+06
  313.2500 1.674574e+06
  313.2600 1.674758e+06
  313.2700 1.674941e+06
  313.2800 1.675125e+06
  313.2900 1.675309e+06
  313.3000 1.675492e+06
  313.3100 1.675676e+06
  313.3200 1.675859e+06
  313.3300 1.676043e+06
  313.3400 1.676226e+06
  313.3500 1.676410e+06
  313.3600 1.676594e+06
  313.3700 1.676777e+06
  313.3800 1.676961e+06
  313.3900 1.677145e+06
  313.4000 1.677328e+06
  313.4100 1.677512e+06
  313.4200 1.677695e+06
  313.4300 1.677879e+06
  313.4400 1.678063e+06
  313.4500 1.678246e+06
  313.4600 1.678430e+06
  313.4700 1.678614e+06
  313.4800 1.678797e+06
  313.4900 1.678981e+06
  313.5000 1.679165e+06
  313.5100 1.679348e+06
  313.5200 1.679532e+06
  313.5300 1.679716e+06
  313.5400 1.679899e+06
  313.5500 1.680083e+06
  313.5600 1.680267e+06
  313.5700 1.680451e+06
  313.5800 1.680634e+06
  313.5900 1.680818e+06
  313.6000 1.681002e+06
  313.6100 1.681186e+06
  313.6200 1.681369e+06
  313.6300 1.681553e+06
  313.6400 1.681737e+06
  313.6500 1.681921e+06
  313.6600 1.682104e+06
  313.6700 1.682288e+06
  313.6800 1.682472e+06
  313.6900 1.682656e+06
  313.7000 1.682839e+06
  313.7100 1.683023e+06
  313.7200 1.683207e+06
  313.7300 1.683391e+06
  313.7400 1.683575e+06
  313.7500 1.683758e+06
  313.7600 1.683942e+06
  313.7700 1.684126e+06
  313.7800 1.684310e+06
  313.7900 1.684494e+06
  313.8000 1.684678e+06
  313.8100 1.684861e+06
  313.8200 1.685045e+06
  313.8300 1.685229e+06
  313.8400 1.685413e+06
  313.8500 1.685597e+06
  313.8600 1.685781e+06
  313.8700 1.685965e+06
  313.8800 1.686148e+06
  313.8900 1.686332e+06
  313.9000 1.686516e+06
  313.9100 1.686700e+06
  313.9200 1.686884e+06
  313.9300 1.687068e+06
  313.9400 1.687252e+06
  313.9500 1.687436e+06
  313.9600 1.687620e+06
  313.9700 1.687804e+06
  313.9800 1.687987e+06
  313.9900 1.688171e+06
  314.0000 1.688355e+06
  314.0100 1.688539e+06
  314.0200 1.688723e+06
  314.0300 1.688907e+06
  314.0400 1.689091e+06
  314.0500 1.689275e+06
  314.0600 1.689459e+06
  314.0700 1.689643e+06
  314.0800 1.689827e+06
  314.0900 1.690011e+06
  314.1000 1.690195e+06
  314.1100 1.690379e+06
  314.1200 1.690563e+06
  314.1300 1.690747e+06
  314.1400 1.690931e+06
  314.1500 1.691115e+06
  314.1600 1.691299e+06
  314.1700 1.691483e+06
  314.1800 1.691667e+06
  314.1900 1.691851e+06
  314.2000 1.692035e+06
  314.2100 1.692219e+06
  314.2200 1.692403e+06
  314.2300 1.692587e+06
  314.2400 1.692771e+06
  314.2500 1.692955e+06
  314.2600 1.693139e+06
  314.2700 1.693323e+06
  314.2800 1.693508e+06
  314.2900 1.693692e+06
  314.3000 1.693876e+06
  314.3100 1.694060e+06
  314.3200 1.694244e+06
  314.3300 1.694428e+06
  314.3400 1.694612e+06
  314.3500 1.694796e+06
  314.3600 1.694980e+06
  314.3700 1.695164e+06
  314.3800 1.695349e+06
  314.3900 1.695533e+06
  314.4000 1.695717e+06
  314.4100 1.695901e+06
  314.4200 1.696085e+06
  314.4300 1.696269e+06
  314.4400 1.696453e+06
  314.4500 1.696637e+06
  314.4600 1.696822e+06
  314.4700 1.697006e+06
  314.4800 1.697190e+06
  314.4900 1.697374e+06
  314.5000 1.697558e+06
  314.5100 1.697742e+06
  314.5200 1.697927e+06
  314.5300 1.698111e+06
  314.5400 1.698295e+06
  314.5500 1.698479e+06
  314.5600 1.698663e+06
  314.5700 1.698848e+06
  314.5800 1.699032e+06
  314.5900 1.699216e+06
  314.6000 1.699400e+06
  314.6100 1.699585e+06
  314.6200 1.699769e+06
  314.6300 1.699953e+06
  314.6400 1.700137e+06
  314.6500 1.700321e+06
  314.6600 1.700506e+06
  314.6700 1.700690e+06
  314.6800 1.700874e+06
  314.6900 1.701058e+06
  314.7000 1.701243e+06
  314.7100 1.701427e+06
  314.7200 1.701611e+06
  314.7300 1.701796e+06
  314.7400 1.701980e+06
  314.7500 1.702164e+06
  314.7600 1.702348e+06
  314.7700 1.702533e+06
  314.7800 1.702717e+06
  314.7900 1.702901e+06
  314.8000 1.703086e+06
  314.8100 1.703270e+06
  314.8200 1.703454e+06
  314.8300 1.703639e+06
  314.8400 1.703823e+06
  314.8500 1.704007e+06
  314.8600 1.704192e+06
  314.8700 1.704376e+06
  314.8800 1.704560e+06
  314.8900 1.704745e+06
  314.9000 1.704929e+06
  314.9100 1.705113e+06
  314.9200 1.705298e+06
  314.9300 1.705482e+06
  314.9400 1.705666e+06
  314.9500 1.705851e+06
  314.9600 1.706035e+06
  314.9700 1.706220e+06
  314.9800 1.706404e+06
  314.9900 1.706588e+06
  315.0000 1.706773e+06
  315.0100 1.706957e+06
  315.0200 1.707142e+06
  315.0300 1.707326e+06
  315.0400 1.707510e+06
  315.0500 1.707695e+06
  315.0600 1.707879e+06
  315.0700 1.708064e+06
  315.0800 1.708248e+06
  315.0900 1.708432e+06
  315.1000 1.708617e+06
  315.1100 1.708801e+06
  315.1200 1.708986e+06
  315.1300 1.709170e+06
  315.1400 1.709355e+06
  315.1500 1.709539e+06
  315.1600 1.709724e+06
  315.1700 1.709908e+06
  315.1800 1.710093e+06
  315.1900 1.710277e+06
  315.2000 1.710461e+06
  315.2100 1.710646e+06
  315.2200 1.710830e+06
  315.2300 1.711015e+06
  315.2400 1.711199e+06
  315.2500 1.711384e+06
  315.2600 1.711568e+06
  315.2700 1.711753e+06
  315.2800 1.711937e+06
  315.2900 1.712122e+06
  315.3000 1.712306e+06
  315.3100 1.712491e+06
  315.3200 1.712676e+06
  315.3300 1.712860e+06
  315.3400 1.713045e+06
  315.3500 1.713229e+06
  315.3600 1.713414e+06
  315.3700 1.713598e+06
  315.3800 1.713783e+06
  315.3900 1.713967e+06
  315.4000 1.714152e+06
  315.4100 1.714336e+06
  315.4200 1.714521e+06
  315.4300 1.714706e+06
  315.4400 1.714890e+06
  315.4500 1.715075e+06
  315.4600 1.715259e+06
  315.4700 1.715444e+06
  315.4800 1.715629e+06
  315.4900 1.715813e+06
  315.5000 1.715998e+06
  315.5100 1.716182e+06
  315.5200 1.716367e+06
  315.5300 1.716552e+06
  315.5400 1.716736e+06
  315.5500 1.716921e+06
  315.5600 1.717105e+06
  315.5700 1.717290e+06
  315.5800 1.717475e+06
  315.5900 1.717659e+06
  315.6000 1.717844e+06
  315.6100 1.718029e+06
  315.6200 1.718213e+06
  315.6300 1.718398e+06
  315.6400 1.718582e+06
  315.6500 1.718767e+06
  315.6600 1.718952e+06
  315.6700 1.719136e+06
  315.6800 1.719321e+06
  315.6900 1.719506e+06
  315.7000 1.719690e+06
  315.7100 1.719875e+06
  315.7200 1.720060e+06
  315.7300 1.720245e+06
  315.7400 1.720429e+06
  315.7500 1.720614e+06
  315.7600 1.720799e+06
  315.7700 1.720983e+06
  315.7800 1.721168e+06
  315.7900 1.721353e+06
  315.8000 1.721537e+06
  315.8100 1.721722e+06
  315.8200 1.721907e+06
  315.8300 1.722092e+06
  315.8400 1.722276e+06
  315.8500 1.722461e+06
  315.8600 1.722646e+06
  315.8700 1.722831e+06
  315.8800 1.723015e+06
  315.8900 1.723200e+06
  315.9000 1.723385e+06
  315.9100 1.723570e+06
  315.9200 1.723754e+06
  315.9300 1.723939e+06
  315.9400 1.724124e+06
  315.9500 1.724309e+06
  315.9600 1.724493e+06
  315.9700 1.724678e+06
  315.9800 1.724863e+06
  315.9900 1.725048e+06
  316.0000 1.725232e+06
  316.0100 1.725417e+06
  316.0200 1.725602e+06
  316.0300 1.725787e+06
  316.0400 1.725972e+06
  316.0500 1.726156e+06
  316.0600 1.726341e+06
  316.0700 1.726526e+06
  316.0800 1.726711e+06
  316.0900 1.726896e+06
  316.1000 1.727080e+06
  316.1100 1.727265e+06
  316.1200 1.727450e+06
  316.1300 1.727635e+06
  316.1400 1.727820e+06
  316.1500 1.728005e+06
  316.1600 1.728189e+06
  316.1700 1.728374e+06
  316.1800 1.728559e+06
  316.1900 1.728744e+06
  316.2000 1.728929e+06
  316.2100 1.729114e+06
  316.2200 1.729299e+06
  316.2300 1.729483e+06
  316.2400 1.729668e+06
  316.2500 1.729853e+06
  316.2600 1.730038e+06
  316.2700 1.730223e+06
  316.2800 1.730408e+06
  316.2900 1.730593e+06
  316.3000 1.730778e+06
  316.3100 1.730962e+06
  316.3200 1.731147e+06
  316.3300 1.731332e+06
  316.3400 1.731517e+06
  316.3500 1.731702e+06
  316.3600 1.731887e+06
  316.3700 1.732072e+06
  316.3800 1.732257e+06
  316.3900 1.732442e+06
  316.4000 1.732627e+06
  316.4100 1.732812e+06
  316.4200 1.732996e+06
  316.4300 1.733181e+06
  316.4400 1.733366e+06
  316.4500 1.733551e+06
  316.4600 1.733736e+06
  316.4700 1.733921e+06
  316.4800 1.734106e+06
  316.4900 1.734291e+06
  316.5000 1.734476e+06
  316.5100 1.734661e+06
  316.5200 1.734846e+06
  316.5300 1.735031e+06
  316.5400 1.735216e+06
  316.5500 1.735401e+06
  316.5600 1.735586e+06
  316.5700 1.735771e+06
  316.5800 1.735956e+06
  316.5900 1.736141e+06
  316.6000 1.736326e+06
  316.6100 1.736511e+06
  316.6200 1.736696e+06
  316.6300 1.736881e+06
  316.6400 1.737066e+06
  316.6500 1.737251e+06
  316.6600 1.737436e+06
  316.6700 1.737621e+06
  316.6800 1.737806e+06
  316.6900 1.737991e+06
  316.7000 1.738176e+06
  316.7100 1.738361e+06
  316.7200 1.738546e+06
  316.7300 1.738731e+06
  316.7400 1.738916e+06
  316.7500 1.739101e+06
  316.7600 1.739286e+06
  316.7700 1.739471e+06
  316.7800 1.739656e+06
  316.7900 1.739841e+06
  316.8000 1.740026e+06
  316.8100 1.740211e+06
  316.8200 1.740396e+06
  316.8300 1.740581e+06
  316.8400 1.740766e+06
  316.8500 1.740951e+06
  316.8600 1.741136e+06
  316.8700 1.741321e+06
  316.8800 1.741507e+06
  316.8900 1.741692e+06
  316.9000 1.741877e+06
  316.9100 1.742062e+06
  316.9200 1.742247e+06
  316.9300 1.742432e+06
  316.9400 1.742617e+06
  316.9500 1.742802e+06
  316.9600 1.742987e+06
  316.9700 1.743172e+06
  316.9800 1.743357e+06
  316.9900 1.743543e+06
  317.0000 1.743728e+06
  317.0100 1.743913e+06
  317.0200 1.744098e+06
  317.0300 1.744283e+06
  317.0400 1.744468e+06
  317.0500 1.744653e+06
  317.0600 1.744838e+06
  317.0700 1.745023e+06
  317.0800 1.745209e+06
  317.0900 1.745394e+06
  317.1000 1.745579e+06
  317.1100 1.745764e+06
  317.1200 1.745949e+06
  317.1300 1.746134e+06
  317.1400 1.746319e+06
  317.1500 1.746505e+06
  317.1600 1.746690e+06
  317.1700 1.746875e+06
  317.1800 1.747060e+06
  317.1900 1.747245e+06
  317.2000 1.747430e+06
  317.2100 1.747615e+06
  317.2200 1.747801e+06
  317.2300 1.747986e+06
  317.2400 1.748171e+06
  317.2500 1.748356e+06
  317.2600 1.748541e+06
  317.2700 1.748726e+06
  317.2800 1.748912e+06
  317.2900 1.749097e+06
  317.3000 1.749282e+06
  317.3100 1.749467e+06
  317.3200 1.749652e+06
  317.3300 1.749838e+06
  317.3400 1.750023e+06
  317.3500 1.750208e+06
  317.3600 1.750393e+06
  317.3700 1.750578e+06
  317.3800 1.750764e+06
  317.3900 1.750949e+06
  317.4000 1.751134e+06
  317.4100 1.751319e+06
  317.4200 1.751504e+06
  317.4300 1.751690e+06
  317.4400 1.751875e+06
  317.4500 1.752060e+06
  317.4600 1.752245e+06
  317.4700 1.752431e+06
  317.4800 1.752616e+06
  317.4900 1.752801e+06
  317.5000 1.752986e+06
  317.5100 1.753172e+06
  317.5200 1.753357e+06
  317.5300 1.753542e+06
  317.5400 1.753727e+06
  317.5500 1.753913e+06
  317.5600 1.754098e+06
  317.5700 1.754283e+06
  317.5800 1.754468e+06
  317.5900 1.754654e+06
  317.6000 1.754839e+06
  317.6100 1.755024e+06
  317.6200 1.755209e+06
  317.6300 1.755395e+06
  317.6400 1.755580e+06
  317.6500 1.755765e+06
  317.6600 1.755950e+06
  317.6700 1.756136e+06
  317.6800 1.756321e+06
  317.6900 1.756506e+06
  317.7000 1.756692e+06
  317.7100 1.756877e+06
  317.7200 1.757062e+06
  317.7300 1.757247e+06
  317.7400 1.757433e+06
  317.7500 1.757618e+06
  317.7600 1.757803e+06
  317.7700 1.757989e+06
  317.7800 1.758174e+06
  317.7900 1.758359e+06
  317.8000 1.758545e+06
  317.8100 1.758730e+06
  317.8200 1.758915e+06
  317.8300 1.759101e+06
  317.8400 1.759286e+06
  317.8500 1.759471e+06
  317.8600 1.759657e+06
  317.8700 1.759842e+06
  317.8800 1.760027e+06
  317.8900 1.760213e+06
  317.9000 1.760398e+06
  317.9100 1.760583e+06
  317.9200 1.760769e+06
  317.9300 1.760954e+06
  317.9400 1.761139e+06
  317.9500 1.761325e+06
  317.9600 1.761510e+06
  317.9700 1.761695e+06
  317.9800 1.761881e+06
  317.9900 1.762066e+06
  318.0000 1.762251e+06
  318.0100 1.762437e+06
  318.0200 1.762622e+06
  318.0300 1.762807e+06
  318.0400 1.762993e+06
  318.0500 1.763178e+06
  318.0600 1.763363e+06
  318.0700 1.763549e+06
  318.0800 1.763734e+06
  318.0900 1.763920e+06
  318.1000 1.764105e+06
  318.1100 1.764290e+06
  318.1200 1.764476e+06
  318.1300 1.764661e+06
  318.1400 1.764846e+06
  318.1500 1.765032e+06
  318.1600 1.765217e+06
  318.1700 1.765403e+06
  318.1800 1.765588e+06
  318.1900 1.765773e+06
  318.2000 1.765959e+06
  318.2100 1.766144e+06
  318.2200 1.766330e+06
  318.2300 1.766515e+06
  318.2400 1.766700e+06
  318.2500 1.766886e+06
  318.2600 1.767071e+06
  318.2700 1.767257e+06
  318.2800 1.767442e+06
  318.2900 1.767627e+06
  318.3000 1.767813e+06
  318.3100 1.767998e+06
  318.3200 1.768184e+06
  318.3300 1.768369e+06
  318.3400 1.768555e+06
  318.3500 1.768740e+06
  318.3600 1.768925e+06
  318.3700 1.769111e+06
  318.3800 1.769296e+06
  318.3900 1.769482e+06
  318.4000 1.769667e+06
  318.4100 1.769853e+06
  318.4200 1.770038e+06
  318.4300 1.770224e+06
  318.4400 1.770409e+06
  318.4500 1.770594e+06
  318.4600 1.770780e+06
  318.4700 1.770965e+06
  318.4800 1.771151e+06
  318.4900 1.771336e+06
  318.5000 1.771522e+06
  318.5100 1.771707e+06
  318.5200 1.771893e+06
  318.5300 1.772078e+06
  318.5400 1.772263e+06
  318.5500 1.772449e+06
  318.5600 1.772634e+06
  318.5700 1.772820e+06
  318.5800 1.773005e+06
  318.5900 1.773191e+06
  318.6000 1.773376e+06
  318.6100 1.773562e+06
  318.6200 1.773747e+06
  318.6300 1.773933e+06
  318.6400 1.774118e+06
  318.6500 1.774304e+06
  318.6600 1.774489e+06
  318.6700 1.774675e+06
  318.6800 1.774860e+06
  318.6900 1.775046e+06
  318.7000 1.775231e+06
  318.7100 1.775417e+06
  318.7200 1.775602e+06
  318.7300 1.775788e+06
  318.7400 1.775973e+06
  318.7500 1.776159e+06
  318.7600 1.776344e+06
  318.7700 1.776530e+06
  318.7800 1.776715e+06
  318.7900 1.776901e+06
  318.8000 1.777086e+06
  318.8100 1.777272e+06
  318.8200 1.777457e+06
  318.8300 1.777643e+06
  318.8400 1.777828e+06
  318.8500 1.778014e+06
  318.8600 1.778199e+06
  318.8700 1.778385e+06
  318.8800 1.778570e+06
  318.8900 1.778756e+06
  318.9000 1.778941e+06
  318.9100 1.779127e+06
  318.9200 1.779312e+06
  318.9300 1.779498e+06
  318.9400 1.779683e+06
  318.9500 1.779869e+06
  318.9600 1.780054e+06
  318.9700 1.780240e+06
  318.9800 1.780425e+06
  318.9900 1.780611e+06
  319.0000 1.780797e+06
  319.0100 1.780982e+06
  319.0200 1.781168e+06
  319.0300 1.781353e+06
  319.0400 1.781539e+06
  319.0500 1.781724e+06
  319.0600 1.781910e+06
  319.0700 1.782095e+06
  319.0800 1.782281e+06
  319.0900 1.782466e+06
  319.1000 1.782652e+06
  319.1100 1.782838e+06
  319.1200 1.783023e+06
  319.1300 1.783209e+06
  319.1400 1.783394e+06
  319.1500 1.783580e+06
  319.1600 1.783765e+06
  319.1700 1.783951e+06
  319.1800 1.784136e+06
  319.1900 1.784322e+06
  319.2000 1.784508e+06
  319.2100 1.784693e+06
  319.2200 1.784879e+06
  319.2300 1.785064e+06
  319.2400 1.785250e+06
  319.2500 1.785435e+06
  319.2600 1.785621e+06
  319.2700 1.785807e+06
  319.2800 1.785992e+06
  319.2900 1.786178e+06
  319.3000 1.786363e+06
  319.3100 1.786549e+06
  319.3200 1.786734e+06
  319.3300 1.786920e+06
  319.3400 1.787106e+06
  319.3500 1.787291e+06
  319.3600 1.787477e+06
  319.3700 1.787662e+06
  319.3800 1.787848e+06
  319.3900 1.788034e+06
  319.4000 1.788219e+06
  319.4100 1.788405e+06
  319.4200 1.788590e+06
  319.4300 1.788776e+06
  319.4400 1.788961e+06
  319.4500 1.789147e+06
  319.4600 1.789333e+06
  319.4700 1.789518e+06
  319.4800 1.789704e+06
  319.4900 1.789889e+06
  319.5000 1.790075e+06
  319.5100 1.790261e+06
  319.5200 1.790446e+06
  319.5300 1.790632e+06
  319.5400 1.790818e+06
  319.5500 1.791003e+06
  319.5600 1.791189e+06
  319.5700 1.791374e+06
  319.5800 1.791560e+06
  319.5900 1.791746e+06
  319.6000 1.791931e+06
  319.6100 1.792117e+06
  319.6200 1.792302e+06
  319.6300 1.792488e+06
  319.6400 1.792674e+06
  319.6500 1.792859e+06
  319.6600 1.793045e+06
  319.6700 1.793230e+06
  319.6800 1.793416e+06
  319.6900 1.793602e+06
  319.7000 1.793787e+06
  319.7100 1.793973e+06
  319.7200 1.794159e+06
  319.7300 1.794344e+06
  319.7400 1.794530e+06
  319.7500 1.794715e+06
  319.7600 1.794901e+06
  319.7700 1.795087e+06
  319.7800 1.795272e+06
  319.7900 1.795458e+06
  319.8000 1.795644e+06
  319.8100 1.795829e+06
  319.8200 1.796015e+06
  319.8300 1.796201e+06
  319.8400 1.796386e+06
  319.8500 1.796572e+06
  319.8600 1.796757e+06
  319.8700 1.796943e+06
  319.8800 1.797129e+06
  319.8900 1.797314e+06
  319.9000 1.797500e+06
  319.9100 1.797686e+06
  319.9200 1.797871e+06
  319.9300 1.798057e+06
  319.9400 1.798243e+06
  319.9500 1.798428e+06
  319.9600 1.798614e+06
  319.9700 1.798799e+06
  319.9800 1.798985e+06
  319.9900 1.799171e+06
  320.0000 1.799356e+06
  320.0100 1.799542e+06
  320.0200 1.799728e+06
  320.0300 1.799913e+06
  320.0400 1.800099e+06
  320.0500 1.800285e+06
  320.0600 1.800470e+06
  320.0700 1.800656e+06
  320.0800 1.800842e+06
  320.0900 1.801027e+06
  320.1000 1.801213e+06
  320.1100 1.801399e+06
  320.1200 1.801584e+06
  320.1300 1.801770e+06
  320.1400 1.801956e+06
  320.1500 1.802141e+06
  320.1600 1.802327e+06
  320.1700 1.802513e+06
  320.1800 1.802698e+06
  320.1900 1.802884e+06
  320.2000 1.803070e+06
  320.2100 1.803255e+06
  320.2200 1.803441e+06
  320.2300 1.803627e+06
  320.2400 1.803812e+06
  320.2500 1.803998e+06
  320.2600 1.804184e+06
  320.2700 1.804369e+06
  320.2800 1.804555e+06
  320.2900 1.804741e+06
  320.3000 1.804926e+06
  320.3100 1.805112e+06
  320.3200 1.805298e+06
  320.3300 1.805483e+06
  320.3400 1.805669e+06
  320.3500 1.805855e+06
  320.3600 1.806040e+06
  320.3700 1.806226e+06
  320.3800 1.806412e+06
  320.3900 1.806597e+06
  320.4000 1.806783e+06
  320.4100 1.806969e+06
  320.4200 1.807154e+06
  320.4300 1.807340e+06
  320.4400 1.807526e+06
  320.4500 1.807711e+06
  320.4600 1.807897e+06
  320.4700 1.808083e+06
  320.4800 1.808268e+06
  320.4900 1.808454e+06
  320.5000 1.808640e+06
  320.5100 1.808825e+06
  320.5200 1.809011e+06
  320.5300 1.809197e+06
  320.5400 1.809382e+06
  320.5500 1.809568e+06
  320.5600 1.809754e+06
  320.5700 1.809939e+06
  320.5800 1.810125e+06
  320.5900 1.810311e+06
  320.6000 1.810497e+06
  320.6100 1.810682e+06
  320.6200 1.810868e+06
  320.6300 1.811054e+06
  320.6400 1.811239e+06
  320.6500 1.811425e+06
  320.6600 1.811611e+06
  320.6700 1.811796e+06
  320.6800 1.811982e+06
  320.6900 1.812168e+06
  320.7000 1.812353e+06
  320.7100 1.812539e+06
  320.7200 1.812725e+06
  320.7300 1.812910e+06
  320.7400 1.813096e+06
  320.7500 1.813282e+06
  320.7600 1.813467e+06
  320.7700 1.813653e+06
  320.7800 1.813839e+06
  320.7900 1.814025e+06
  320.8000 1.814210e+06
  320.8100 1.814396e+06
  320.8200 1.814582e+06
  320.8300 1.814767e+06
  320.8400 1.814953e+06
  320.8500 1.815139e+06
  320.8600 1.815324e+06
  320.8700 1.815510e+06
  320.8800 1.815696e+06
  320.8900 1.815881e+06
  320.9000 1.816067e+06
  320.9100 1.816253e+06
  320.9200 1.816439e+06
  320.9300 1.816624e+06
  320.9400 1.816810e+06
  320.9500 1.816996e+06
  320.9600 1.817181e+06
  320.9700 1.817367e+06
  320.9800 1.817553e+06
  320.9900 1.817738e+06
  321.0000 1.817924e+06
  321.0100 1.818110e+06
  321.0200 1.818295e+06
  321.0300 1.818481e+06
  321.0400 1.818667e+06
  321.0500 1.818852e+06
  321.0600 1.819038e+06
  321.0700 1.819224e+06
  321.0800 1.819410e+06
  321.0900 1.819595e+06
  321.1000 1.819781e+06
  321.1100 1.819967e+06
  321.1200 1.820152e+06
  321.1300 1.820338e+06
  321.1400 1.820524e+06
  321.1500 1.820709e+06
  321.1600 1.820895e+06
  321.1700 1.821081e+06
  321.1800 1.821266e+06
  321.1900 1.821452e+06
  321.2000 1.821638e+06
  321.2100 1.821824e+06
  321.2200 1.822009e+06
  321.2300 1.822195e+06
  321.2400 1.822381e+06
  321.2500 1.822566e+06
  321.2600 1.822752e+06
  321.2700 1.822938e+06
  321.2800 1.823123e+06
  321.2900 1.823309e+06
  321.3000 1.823495e+06
  321.3100 1.823680e+06
  321.3200 1.823866e+06
  321.3300 1.824052e+06
  321.3400 1.824238e+06
  321.3500 1.824423e+06
  321.3600 1.824609e+06
  321.3700 1.824795e+06
  321.3800 1.824980e+06
  321.3900 1.825166e+06
  321.4000 1.825352e+06
  321.4100 1.825537e+06
  321.4200 1.825723e+06
  321.4300 1.825909e+06
  321.4400 1.826094e+06
  321.4500 1.826280e+06
  321.4600 1.826466e+06
  321.4700 1.826651e+06
  321.4800 1.826837e+06
  321.4900 1.827023e+06
  321.5000 1.827209e+06
  321.5100 1.827394e+06
  321.5200 1.827580e+06
  321.5300 1.827766e+06
  321.5400 1.827951e+06
  321.5500 1.828137e+06
  321.5600 1.828323e+06
  321.5700 1.828508e+06
  321.5800 1.828694e+06
  321.5900 1.828880e+06
  321.6000 1.829065e+06
  321.6100 1.829251e+06
  321.6200 1.829437e+06
  321.6300 1.829622e+06
  321.6400 1.829808e+06
  321.6500 1.829994e+06
  321.6600 1.830180e+06
  321.6700 1.830365e+06
  321.6800 1.830551e+06
  321.6900 1.830737e+06
  321.7000 1.830922e+06
  321.7100 1.831108e+06
  321.7200 1.831294e+06
  321.7300 1.831479e+06
  321.7400 1.831665e+06
  321.7500 1.831851e+06
  321.7600 1.832036e+06
  321.7700 1.832222e+06
  321.7800 1.832408e+06
  321.7900 1.832593e+06
  321.8000 1.832779e+06
  321.8100 1.832965e+06
  321.8200 1.833150e+06
  321.8300 1.833336e+06
  321.8400 1.833522e+06
  321.8500 1.833707e+06
  321.8600 1.833893e+06
  321.8700 1.834079e+06
  321.8800 1.834264e+06
  321.8900 1.834450e+06
  321.9000 1.834636e+06
  321.9100 1.834821e+06
  321.9200 1.835007e+06
  321.9300 1.835193e+06
  321.9400 1.835378e+06
  321.9500 1.835564e+06
  321.9600 1.835750e+06
  321.9700 1.835935e+06
  321.9800 1.836121e+06
  321.9900 1.836307e+06
  322.0000 1.836492e+06
  322.0100 1.836678e+06
  322.0200 1.836864e+06
  322.0300 1.837049e+06
  322.0400 1.837235e+06
  322.0500 1.837421e+06
  322.0600 1.837606e+06
  322.0700 1.837792e+06
  322.0800 1.837978e+06
  322.0900 1.838163e+06
  322.1000 1.838349e+06
  322.1100 1.838535e+06
  322.1200 1.838720e+06
  322.1300 1.838906e+06
  322.1400 1.839092e+06
  322.1500 1.839277e+06
  322.1600 1.839463e+06
  322.1700 1.839649e+06
  322.1800 1.839834e+06
  322.1900 1.840020e+06
  322.2000 1.840206e+06
  322.2100 1.840391e+06
  322.2200 1.840577e+06
  322.2300 1.840763e+06
  322.2400 1.840948e+06
  322.2500 1.841134e+06
  322.2600 1.841319e+06
  322.2700 1.841505e+06
  322.2800 1.841691e+06
  322.2900 1.841876e+06
  322.3000 1.842062e+06
  322.3100 1.842248e+06
  322.3200 1.842433e+06
  322.3300 1.842619e+06
  322.3400 1.842805e+06
  322.3500 1.842990e+06
  322.3600 1.843176e+06
  322.3700 1.843362e+06
  322.3800 1.843547e+06
  322.3900 1.843733e+06
  322.4000 1.843918e+06
  322.4100 1.844104e+06
  322.4200 1.844290e+06
  322.4300 1.844475e+06
  322.4400 1.844661e+06
  322.4500 1.844847e+06
  322.4600 1.845032e+06
  322.4700 1.845218e+06
  322.4800 1.845403e+06
  322.4900 1.845589e+06
  322.5000 1.845775e+06
  322.5100 1.845960e+06
  322.5200 1.846146e+06
  322.5300 1.846332e+06
  322.5400 1.846517e+06
  322.5500 1.846703e+06
  322.5600 1.846888e+06
  322.5700 1.847074e+06
  322.5800 1.847260e+06
  322.5900 1.847445e+06
  322.6000 1.847631e+06
  322.6100 1.847817e+06
  322.6200 1.848002e+06
  322.6300 1.848188e+06
  322.6400 1.848373e+06
  322.6500 1.848559e+06
  322.6600 1.848745e+06
  322.6700 1.848930e+06
  322.6800 1.849116e+06
  322.6900 1.849301e+06
  322.7000 1.849487e+06
  322.7100 1.849673e+06
  322.7200 1.849858e+06
  322.7300 1.850044e+06
  322.7400 1.850229e+06
  322.7500 1.850415e+06
  322.7600 1.850601e+06
  322.7700 1.850786e+06
  322.7800 1.850972e+06
  322.7900 1.851157e+06
  322.8000 1.851343e+06
  322.8100 1.851529e+06
  322.8200 1.851714e+06
  322.8300 1.851900e+06
  322.8400 1.852085e+06
  322.8500 1.852271e+06
  322.8600 1.852457e+06
  322.8700 1.852642e+06
  322.8800 1.852828e+06
  322.8900 1.853013e+06
  322.9000 1.853199e+06
  322.9100 1.853384e+06
  322.9200 1.853570e+06
  322.9300 1.853756e+06
  322.9400 1.853941e+06
  322.9500 1.854127e+06
  322.9600 1.854312e+06
  322.9700 1.854498e+06
  322.9800 1.854684e+06
  322.9900 1.854869e+06
  323.0000 1.855055e+06
  323.0100 1.855240e+06
  323.0200 1.855426e+06
  323.0300 1.855611e+06
  323.0400 1.855797e+06
  323.0500 1.855982e+06
  323.0600 1.856168e+06
  323.0700 1.856354e+06
  323.0800 1.856539e+06
  323.0900 1.856725e+06
  323.1000 1.856910e+06
  323.1100 1.857096e+06
  323.1200 1.857281e+06
  323.1300 1.857467e+06
  323.1400 1.857652e+06
  323.1500 1.857838e+06
  323.1600 1.858024e+06
  323.1700 1.858209e+06
  323.1800 1.858395e+06
  323.1900 1.858580e+06
  323.2000 1.858766e+06
  323.2100 1.858951e+06
  323.2200 1.859137e+06
  323.2300 1.859322e+06
  323.2400 1.859508e+06
  323.2500 1.859693e+06
  323.2600 1.859879e+06
  323.2700 1.860064e+06
  323.2800 1.860250e+06
  323.2900 1.860436e+06
  323.3000 1.860621e+06
  323.3100 1.860807e+06
  323.3200 1.860992e+06
  323.3300 1.861178e+06
  323.3400 1.861363e+06
  323.3500 1.861549e+06
  323.3600 1.861734e+06
  323.3700 1.861920e+06
  323.3800 1.862105e+06
  323.3900 1.862291e+06
  323.4000 1.862476e+06
  323.4100 1.862662e+06
  323.4200 1.862847e+06
  323.4300 1.863033e+06
  323.4400 1.863218e+06
  323.4500 1.863404e+06
  323.4600 1.863589e+06
  323.4700 1.863775e+06
  323.4800 1.863960e+06
  323.4900 1.864146e+06
  323.5000 1.864331e+06
  323.5100 1.864517e+06
  323.5200 1.864702e+06
  323.5300 1.864888e+06
  323.5400 1.865073e+06
  323.5500 1.865259e+06
  323.5600 1.865444e+06
  323.5700 1.865630e+06
  323.5800 1.865815e+06
  323.5900 1.866001e+06
  323.6000 1.866186e+06
  323.6100 1.866372e+06
  323.6200 1.866557e+06
  323.6300 1.866743e+06
  323.6400 1.866928e+06
  323.6500 1.867114e+06
  323.6600 1.867299e+06
  323.6700 1.867484e+06
  323.6800 1.867670e+06
  323.6900 1.867855e+06
  323.7000 1.868041e+06
  323.7100 1.868226e+06
  323.7200 1.868412e+06
  323.7300 1.868597e+06
  323.7400 1.868783e+06
  323.7500 1.868968e+06
  323.7600 1.869154e+06
  323.7700 1.869339e+06
  323.7800 1.869524e+06
  323.7900 1.869710e+06
  323.8000 1.869895e+06
  323.8100 1.870081e+06
  323.8200 1.870266e+06
  323.8300 1.870452e+06
  323.8400 1.870637e+06
  323.8500 1.870823e+06
  323.8600 1.871008e+06
  323.8700 1.871193e+06
  323.8800 1.871379e+06
  323.8900 1.871564e+06
  323.9000 1.871750e+06
  323.9100 1.871935e+06
  323.9200 1.872120e+06
  323.9300 1.872306e+06
  323.9400 1.872491e+06
  323.9500 1.872677e+06
  323.9600 1.872862e+06
  323.9700 1.873048e+06
  323.9800 1.873233e+06
  323.9900 1.873418e+06
  324.0000 1.873604e+06
  324.0100 1.873789e+06
  324.0200 1.873975e+06
  324.0300 1.874160e+06
  324.0400 1.874345e+06
  324.0500 1.874531e+06
  324.0600 1.874716e+06
  324.0700 1.874902e+06
  324.0800 1.875087e+06
  324.0900 1.875272e+06
  324.1000 1.875458e+06
  324.1100 1.875643e+06
  324.1200 1.875828e+06
  324.1300 1.876014e+06
  324.1400 1.876199e+06
  324.1500 1.876385e+06
  324.1600 1.876570e+06
  324.1700 1.876755e+06
  324.1800 1.876941e+06
  324.1900 1.877126e+06
  324.2000 1.877311e+06
  324.2100 1.877497e+06
  324.2200 1.877682e+06
  324.2300 1.877868e+06
  324.2400 1.878053e+06
  324.2500 1.878238e+06
  324.2600 1.878424e+06
  324.2700 1.878609e+06
  324.2800 1.878794e+06
  324.2900 1.878980e+06
  324.3000 1.879165e+06
  324.3100 1.879350e+06
  324.3200 1.879536e+06
  324.3300 1.879721e+06
  324.3400 1.879906e+06
  324.3500 1.880092e+06
  324.3600 1.880277e+06
  324.3700 1.880462e+06
  324.3800 1.880648e+06
  324.3900 1.880833e+06
  324.4000 1.881018e+06
  324.4100 1.881204e+06
  324.4200 1.881389e+06
  324.4300 1.881574e+06
  324.4400 1.881759e+06
  324.4500 1.881945e+06
  324.4600 1.882130e+06
  324.4700 1.882315e+06
  324.4800 1.882501e+06
  324.4900 1.882686e+06
  324.5000 1.882871e+06
  324.5100 1.883057e+06
  324.5200 1.883242e+06
  324.5300 1.883427e+06
  324.5400 1.883612e+06
  324.5500 1.883798e+06
  324.5600 1.883983e+06
  324.5700 1.884168e+06
  324.5800 1.884354e+06
  324.5900 1.884539e+06
  324.6000 1.884724e+06
  324.6100 1.884909e+06
  324.6200 1.885095e+06
  324.6300 1.885280e+06
  324.6400 1.885465e+06
  324.6500 1.885650e+06
  324.6600 1.885836e+06
  324.6700 1.886021e+06
  324.6800 1.886206e+06
  324.6900 1.886391e+06
  324.7000 1.886577e+06
  324.7100 1.886762e+06
  324.7200 1.886947e+06
  324.7300 1.887132e+06
  324.7400 1.887318e+06
  324.7500 1.887503e+06
  324.7600 1.887688e+06
  324.7700 1.887873e+06
  324.7800 1.888059e+06
  324.7900 1.888244e+06
  324.8000 1.888429e+06
  324.8100 1.888614e+06
  324.8200 1.888799e+06
  324.8300 1.888985e+06
  324.8400 1.889170e+06
  324.8500 1.889355e+06
  324.8600 1.889540e+06
  324.8700 1.889726e+06
  324.8800 1.889911e+06
  324.8900 1.890096e+06
  324.9000 1.890281e+06
  324.9100 1.890466e+06
  324.9200 1.890651e+06
  324.9300 1.890837e+06
  324.9400 1.891022e+06
  324.9500 1.891207e+06
  324.9600 1.891392e+06
  324.9700 1.891577e+06
  324.9800 1.891763e+06
  324.9900 1.891948e+06
  325.0000 1.892133e+06
  325.0100 1.892318e+06
  325.0200 1.892503e+06
  325.0300 1.892688e+06
  325.0400 1.892874e+06
  325.0500 1.893059e+06
  325.0600 1.893244e+06
  325.0700 1.893429e+06
  325.0800 1.893614e+06
  325.0900 1.893799e+06
  325.1000 1.893984e+06
  325.1100 1.894170e+06
  325.1200 1.894355e+06
  325.1300 1.894540e+06
  325.1400 1.894725e+06
  325.1500 1.894910e+06
  325.1600 1.895095e+06
  325.1700 1.895280e+06
  325.1800 1.895465e+06
  325.1900 1.895651e+06
  325.2000 1.895836e+06
  325.2100 1.896021e+06
  325.2200 1.896206e+06
  325.2300 1.896391e+06
  325.2400 1.896576e+06
  325.2500 1.896761e+06
  325.2600 1.896946e+06
  325.2700 1.897131e+06
  325.2800 1.897317e+06
  325.2900 1.897502e+06
  325.3000 1.897687e+06
  325.3100 1.897872e+06
  325.3200 1.898057e+06
  325.3300 1.898242e+06
  325.3400 1.898427e+06
  325.3500 1.898612e+06
  325.3600 1.898797e+06
  325.3700 1.898982e+06
  325.3800 1.899167e+06
  325.3900 1.899352e+06
  325.4000 1.899537e+06
  325.4100 1.899722e+06
  325.4200 1.899908e+06
  325.4300 1.900093e+06
  325.4400 1.900278e+06
  325.4500 1.900463e+06
  325.4600 1.900648e+06
  325.4700 1.900833e+06
  325.4800 1.901018e+06
  325.4900 1.901203e+06
  325.5000 1.901388e+06
  325.5100 1.901573e+06
  325.5200 1.901758e+06
  325.5300 1.901943e+06
  325.5400 1.902128e+06
  325.5500 1.902313e+06
  325.5600 1.902498e+06
  325.5700 1.902683e+06
  325.5800 1.902868e+06
  325.5900 1.903053e+06
  325.6000 1.903238e+06
  325.6100 1.903423e+06
  325.6200 1.903608e+06
  325.6300 1.903793e+06
  325.6400 1.903978e+06
  325.6500 1.904163e+06
  325.6600 1.904348e+06
  325.6700 1.904533e+06
  325.6800 1.904718e+06
  325.6900 1.904903e+06
  325.7000 1.905088e+06
  325.7100 1.905273e+06
  325.7200 1.905458e+06
  325.7300 1.905643e+06
  325.7400 1.905828e+06
  325.7500 1.906012e+06
  325.7600 1.906197e+06
  325.7700 1.906382e+06
  325.7800 1.906567e+06
  325.7900 1.906752e+06
  325.8000 1.906937e+06
  325.8100 1.907122e+06
  325.8200 1.907307e+06
  325.8300 1.907492e+06
  325.8400 1.907677e+06
  325.8500 1.907862e+06
  325.8600 1.908047e+06
  325.8700 1.908232e+06
  325.8800 1.908416e+06
  325.8900 1.908601e+06
  325.9000 1.908786e+06
  325.9100 1.908971e+06
  325.9200 1.909156e+06
  325.9300 1.909341e+06
  325.9400 1.909526e+06
  325.9500 1.909711e+06
  325.9600 1.909896e+06
  325.9700 1.910080e+06
  325.9800 1.910265e+06
  325.9900 1.910450e+06
  326.0000 1.910635e+06
  326.0100 1.910820e+06
  326.0200 1.911005e+06
  326.0300 1.911190e+06
  326.0400 1.911375e+06
  326.0500 1.911559e+06
  326.0600 1.911744e+06
  326.0700 1.911929e+06
  326.0800 1.912114e+06
  326.0900 1.912299e+06
  326.1000 1.912484e+06
  326.1100 1.912668e+06
  326.1200 1.912853e+06
  326.1300 1.913038e+06
  326.1400 1.913223e+06
  326.1500 1.913408e+06
  326.1600 1.913592e+06
  326.1700 1.913777e+06
  326.1800 1.913962e+06
  326.1900 1.914147e+06
  326.2000 1.914332e+06
  326.2100 1.914516e+06
  326.2200 1.914701e+06
  326.2300 1.914886e+06
  326.2400 1.915071e+06
  326.2500 1.915256e+06
  326.2600 1.915440e+06
  326.2700 1.915625e+06
  326.2800 1.915810e+06
  326.2900 1.915995e+06
  326.3000 1.916179e+06
  326.3100 1.916364e+06
  326.3200 1.916549e+06
  326.3300 1.916734e+06
  326.3400 1.916918e+06
  326.3500 1.917103e+06
  326.3600 1.917288e+06
  326.3700 1.917473e+06
  326.3800 1.917657e+06
  326.3900 1.917842e+06
  326.4000 1.918027e+06
  326.4100 1.918212e+06
  326.4200 1.918396e+06
  326.4300 1.918581e+06
  326.4400 1.918766e+06
  326.4500 1.918950e+06
  326.4600 1.919135e+06
  326.4700 1.919320e+06
  326.4800 1.919505e+06
  326.4900 1.919689e+06
  326.5000 1.919874e+06
  326.5100 1.920059e+06
  326.5200 1.920243e+06
  326.5300 1.920428e+06
  326.5400 1.920613e+06
  326.5500 1.920797e+06
  326.5600 1.920982e+06
  326.5700 1.921167e+06
  326.5800 1.921351e+06
  326.5900 1.921536e+06
  326.6000 1.921721e+06
  326.6100 1.921905e+06
  326.6200 1.922090e+06
  326.6300 1.922275e+06
  326.6400 1.922459e+06
  326.6500 1.922644e+06
  326.6600 1.922828e+06
  326.6700 1.923013e+06
  326.6800 1.923198e+06
  326.6900 1.923382e+06
  326.7000 1.923567e+06
  326.7100 1.923751e+06
  326.7200 1.923936e+06
  326.7300 1.924121e+06
  326.7400 1.924305e+06
  326.7500 1.924490e+06
  326.7600 1.924674e+06
  326.7700 1.924859e+06
  326.7800 1.925044e+06
  326.7900 1.925228e+06
  326.8000 1.925413e+06
  326.8100 1.925597e+06
  326.8200 1.925782e+06
  326.8300 1.925966e+06
  326.8400 1.926151e+06
  326.8500 1.926336e+06
  326.8600 1.926520e+06
  326.8700 1.926705e+06
  326.8800 1.926889e+06
  326.8900 1.927074e+06
  326.9000 1.927258e+06
  326.9100 1.927443e+06
  326.9200 1.927627e+06
  326.9300 1.927812e+06
  326.9400 1.927996e+06
  326.9500 1.928181e+06
  326.9600 1.928365e+06
  326.9700 1.928550e+06
  326.9800 1.928734e+06
  326.9900 1.928919e+06
  327.0000 1.929103e+06
  327.0100 1.929288e+06
  327.0200 1.929472e+06
  327.0300 1.929657e+06
  327.0400 1.929841e+06
  327.0500 1.930026e+06
  327.0600 1.930210e+06
  327.0700 1.930395e+06
  327.0800 1.930579e+06
  327.0900 1.930764e+06
  327.1000 1.930948e+06
  327.1100 1.931133e+06
  327.1200 1.931317e+06
  327.1300 1.931501e+06
  327.1400 1.931686e+06
  327.1500 1.931870e+06
  327.1600 1.932055e+06
  327.1700 1.932239e+06
  327.1800 1.932424e+06
  327.1900 1.932608e+06
  327.2000 1.932792e+06
  327.2100 1.932977e+06
  327.2200 1.933161e+06
  327.2300 1.933346e+06
  327.2400 1.933530e+06
  327.2500 1.933714e+06
  327.2600 1.933899e+06
  327.2700 1.934083e+06
  327.2800 1.934268e+06
  327.2900 1.934452e+06
  327.3000 1.934636e+06
  327.3100 1.934821e+06
  327.3200 1.935005e+06
  327.3300 1.935189e+06
  327.3400 1.935374e+06
  327.3500 1.935558e+06
  327.3600 1.935742e+06
  327.3700 1.935927e+06
  327.3800 1.936111e+06
  327.3900 1.936295e+06
  327.4000 1.936480e+06
  327.4100 1.936664e+06
  327.4200 1.936848e+06
  327.4300 1.937033e+06
  327.4400 1.937217e+06
  327.4500 1.937401e+06
  327.4600 1.937586e+06
  327.4700 1.937770e+06
  327.4800 1.937954e+06
  327.4900 1.938138e+06
  327.5000 1.938323e+06
  327.5100 1.938507e+06
  327.5200 1.938691e+06
  327.5300 1.938875e+06
  327.5400 1.939060e+06
  327.5500 1.939244e+06
  327.5600 1.939428e+06
  327.5700 1.939613e+06
  327.5800 1.939797e+06
  327.5900 1.939981e+06
  327.6000 1.940165e+06
  327.6100 1.940349e+06
  327.6200 1.940534e+06
  327.6300 1.940718e+06
  327.6400 1.940902e+06
  327.6500 1.941086e+06
  327.6600 1.941271e+06
  327.6700 1.941455e+06
  327.6800 1.941639e+06
  327.6900 1.941823e+06
  327.7000 1.942007e+06
  327.7100 1.942192e+06
  327.7200 1.942376e+06
  327.7300 1.942560e+06
  327.7400 1.942744e+06
  327.7500 1.942928e+06
  327.7600 1.943112e+06
  327.7700 1.943297e+06
  327.7800 1.943481e+06
  327.7900 1.943665e+06
  327.8000 1.943849e+06
  327.8100 1.944033e+06
  327.8200 1.944217e+06
  327.8300 1.944401e+06
  327.8400 1.944586e+06
  327.8500 1.944770e+06
  327.8600 1.944954e+06
  327.8700 1.945138e+06
  327.8800 1.945322e+06
  327.8900 1.945506e+06
  327.9000 1.945690e+06
  327.9100 1.945874e+06
  327.9200 1.946058e+06
  327.9300 1.946242e+06
  327.9400 1.946427e+06
  327.9500 1.946611e+06
  327.9600 1.946795e+06
  327.9700 1.946979e+06
  327.9800 1.947163e+06
  327.9900 1.947347e+06
  328.0000 1.947531e+06
  328.0100 1.947715e+06
  328.0200 1.947899e+06
  328.0300 1.948083e+06
  328.0400 1.948267e+06
  328.0500 1.948451e+06
  328.0600 1.948635e+06
  328.0700 1.948819e+06
  328.0800 1.949003e+06
  328.0900 1.949187e+06
  328.1000 1.949371e+06
  328.1100 1.949555e+06
  328.1200 1.949739e+06
  328.1300 1.949923e+06
  328.1400 1.950107e+06
  328.1500 1.950291e+06
  328.1600 1.950475e+06
  328.1700 1.950659e+06
  328.1800 1.950843e+06
  328.1900 1.951027e+06
  328.2000 1.951211e+06
  328.2100 1.951395e+06
  328.2200 1.951579e+06
  328.2300 1.951763e+06
  328.2400 1.951947e+06
  328.2500 1.952131e+06
  328.2600 1.952314e+06
  328.2700 1.952498e+06
  328.2800 1.952682e+06
  328.2900 1.952866e+06
  328.3000 1.953050e+06
  328.3100 1.953234e+06
  328.3200 1.953418e+06
  328.3300 1.953602e+06
  328.3400 1.953786e+06
  328.3500 1.953970e+06
  328.3600 1.954153e+06
  328.3700 1.954337e+06
  328.3800 1.954521e+06
  328.3900 1.954705e+06
  328.4000 1.954889e+06
  328.4100 1.955073e+06
  328.4200 1.955257e+06
  328.4300 1.955440e+06
  328.4400 1.955624e+06
  328.4500 1.955808e+06
  328.4600 1.955992e+06
  328.4700 1.956176e+06
  328.4800 1.956360e+06
  328.4900 1.956543e+06
  328.5000 1.956727e+06
  328.5100 1.956911e+06
  328.5200 1.957095e+06
  328.5300 1.957279e+06
  328.5400 1.957462e+06
  328.5500 1.957646e+06
  328.5600 1.957830e+06
  328.5700 1.958014e+06
  328.5800 1.958197e+06
  328.5900 1.958381e+06
  328.6000 1.958565e+06
  328.6100 1.958749e+06
  328.6200 1.958932e+06
  328.6300 1.959116e+06
  328.6400 1.959300e+06
  328.6500 1.959484e+06
  328.6600 1.959667e+06
  328.6700 1.959851e+06
  328.6800 1.960035e+06
  328.6900 1.960218e+06
  328.7000 1.960402e+06
  328.7100 1.960586e+06
  328.7200 1.960770e+06
  328.7300 1.960953e+06
  328.7400 1.961137e+06
  328.7500 1.961321e+06
  328.7600 1.961504e+06
  328.7700 1.961688e+06
  328.7800 1.961872e+06
  328.7900 1.962055e+06
  328.8000 1.962239e+06
  328.8100 1.962422e+06
  328.8200 1.962606e+06
  328.8300 1.962790e+06
  328.8400 1.962973e+06
  328.8500 1.963157e+06
  328.8600 1.963341e+06
  328.8700 1.963524e+06
  328.8800 1.963708e+06
  328.8900 1.963891e+06
  328.9000 1.964075e+06
  328.9100 1.964259e+06
  328.9200 1.964442e+06
  328.9300 1.964626e+06
  328.9400 1.964809e+06
  328.9500 1.964993e+06
  328.9600 1.965176e+06
  328.9700 1.965360e+06
  328.9800 1.965544e+06
  328.9900 1.965727e+06
  329.0000 1.965911e+06
  329.0100 1.966094e+06
  329.0200 1.966278e+06
  329.0300 1.966461e+06
  329.0400 1.966645e+06
  329.0500 1.966828e+06
  329.0600 1.967012e+06
  329.0700 1.967195e+06
  329.0800 1.967379e+06
  329.0900 1.967562e+06
  329.1000 1.967746e+06
  329.1100 1.967929e+06
  329.1200 1.968113e+06
  329.1300 1.968296e+06
  329.1400 1.968480e+06
  329.1500 1.968663e+06
  329.1600 1.968847e+06
  329.1700 1.969030e+06
  329.1800 1.969213e+06
  329.1900 1.969397e+06
  329.2000 1.969580e+06
  329.2100 1.969764e+06
  329.2200 1.969947e+06
  329.2300 1.970131e+06
  329.2400 1.970314e+06
  329.2500 1.970497e+06
  329.2600 1.970681e+06
  329.2700 1.970864e+06
  329.2800 1.971047e+06
  329.2900 1.971231e+06
  329.3000 1.971414e+06
  329.3100 1.971598e+06
  329.3200 1.971781e+06
  329.3300 1.971964e+06
  329.3400 1.972148e+06
  329.3500 1.972331e+06
  329.3600 1.972514e+06
  329.3700 1.972698e+06
  329.3800 1.972881e+06
  329.3900 1.973064e+06
  329.4000 1.973248e+06
  329.4100 1.973431e+06
  329.4200 1.973614e+06
  329.4300 1.973798e+06
  329.4400 1.973981e+06
  329.4500 1.974164e+06
  329.4600 1.974347e+06
  329.4700 1.974531e+06
  329.4800 1.974714e+06
  329.4900 1.974897e+06
  329.5000 1.975080e+06
  329.5100 1.975264e+06
  329.5200 1.975447e+06
  329.5300 1.975630e+06
  329.5400 1.975813e+06
  329.5500 1.975997e+06
  329.5600 1.976180e+06
  329.5700 1.976363e+06
  329.5800 1.976546e+06
  329.5900 1.976729e+06
  329.6000 1.976913e+06
  329.6100 1.977096e+06
  329.6200 1.977279e+06
  329.6300 1.977462e+06
  329.6400 1.977645e+06
  329.6500 1.977829e+06
  329.6600 1.978012e+06
  329.6700 1.978195e+06
  329.6800 1.978378e+06
  329.6900 1.978561e+06
  329.7000 1.978744e+06
  329.7100 1.978927e+06
  329.7200 1.979111e+06
  329.7300 1.979294e+06
  329.7400 1.979477e+06
  329.7500 1.979660e+06
  329.7600 1.979843e+06
  329.7700 1.980026e+06
  329.7800 1.980209e+06
  329.7900 1.980392e+06
  329.8000 1.980575e+06
  329.8100 1.980758e+06
  329.8200 1.980942e+06
  329.8300 1.981125e+06
  329.8400 1.981308e+06
  329.8500 1.981491e+06
  329.8600 1.981674e+06
  329.8700 1.981857e+06
  329.8800 1.982040e+06
  329.8900 1.982223e+06
  329.9000 1.982406e+06
  329.9100 1.982589e+06
  329.9200 1.982772e+06
  329.9300 1.982955e+06
  329.9400 1.983138e+06
  329.9500 1.983321e+06
  329.9600 1.983504e+06
  329.9700 1.983687e+06
  329.9800 1.983870e+06
  329.9900 1.984053e+06
  330.0000 1.984236e+06
  330.0100 1.984419e+06
  330.0200 1.984602e+06
  330.0300 1.984785e+06
  330.0400 1.984967e+06
  330.0500 1.985150e+06
  330.0600 1.985333e+06
  330.0700 1.985516e+06
  330.0800 1.985699e+06
  330.0900 1.985882e+06
  330.1000 1.986065e+06
  330.1100 1.986248e+06
  330.1200 1.986431e+06
  330.1300 1.986614e+06
  330.1400 1.986796e+06
  330.1500 1.986979e+06
  330.1600 1.987162e+06
  330.1700 1.987345e+06
  330.1800 1.987528e+06
  330.1900 1.987711e+06
  330.2000 1.987894e+06
  330.2100 1.988076e+06
  330.2200 1.988259e+06
  330.2300 1.988442e+06
  330.2400 1.988625e+06
  330.2500 1.988808e+06
  330.2600 1.988990e+06
  330.2700 1.989173e+06
  330.2800 1.989356e+06
  330.2900 1.989539e+06
  330.3000 1.989722e+06
  330.3100 1.989904e+06
  330.3200 1.990087e+06
  330.3300 1.990270e+06
  330.3400 1.990453e+06
  330.3500 1.990635e+06
  330.3600 1.990818e+06
  330.3700 1.991001e+06
  330.3800 1.991183e+06
  330.3900 1.991366e+06
  330.4000 1.991549e+06
  330.4100 1.991732e+06
  330.4200 1.991914e+06
  330.4300 1.992097e+06
  330.4400 1.992280e+06
  330.4500 1.992462e+06
  330.4600 1.992645e+06
  330.4700 1.992828e+06
  330.4800 1.993010e+06
  330.4900 1.993193e+06
  330.5000 1.993376e+06
  330.5100 1.993558e+06
  330.5200 1.993741e+06
  330.5300 1.993923e+06
  330.5400 1.994106e+06
  330.5500 1.994289e+06
  330.5600 1.994471e+06
  330.5700 1.994654e+06
  330.5800 1.994836e+06
  330.5900 1.995019e+06
  330.6000 1.995202e+06
  330.6100 1.995384e+06
  330.6200 1.995567e+06
  330.6300 1.995749e+06
  330.6400 1.995932e+06
  330.6500 1.996114e+06
  330.6600 1.996297e+06
  330.6700 1.996479e+06
  330.6800 1.996662e+06
  330.6900 1.996845e+06
  330.7000 1.997027e+06
  330.7100 1.997210e+06
  330.7200 1.997392e+06
  330.7300 1.997575e+06
  330.7400 1.997757e+06
  330.7500 1.997939e+06
  330.7600 1.998122e+06
  330.7700 1.998304e+06
  330.7800 1.998487e+06
  330.7900 1.998669e+06
  330.8000 1.998852e+06
  330.8100 1.999034e+06
  330.8200 1.999217e+06
  330.8300 1.999399e+06
  330.8400 1.999581e+06
  330.8500 1.999764e+06
  330.8600 1.999946e+06
  330.8700 2.000129e+06
  330.8800 2.000311e+06
  330.8900 2.000493e+06
  330.9000 2.000676e+06
  330.9100 2.000858e+06
  330.9200 2.001041e+06
  330.9300 2.001223e+06
  330.9400 2.001405e+06
  330.9500 2.001588e+06
  330.9600 2.001770e+06
  330.9700 2.001952e+06
  330.9800 2.002135e+06
  330.9900 2.002317e+06
  331.0000 2.002499e+06
  331.0100 2.002681e+06
  331.0200 2.002864e+06
  331.0300 2.003046e+06
  331.0400 2.003228e+06
  331.0500 2.003411e+06
  331.0600 2.003593e+06
  331.0700 2.003775e+06
  331.0800 2.003957e+06
  331.0900 2.004140e+06
  331.1000 2.004322e+06
  331.1100 2.004504e+06
  331.1200 2.004686e+06
  331.1300 2.004869e+06
  331.1400 2.005051e+06
  331.1500 2.005233e+06
  331.1600 2.005415e+06
  331.1700 2.005597e+06
  331.1800 2.005780e+06
  331.1900 2.005962e+06
  331.2000 2.006144e+06
  331.2100 2.006326e+06
  331.2200 2.006508e+06
  331.2300 2.006690e+06
  331.2400 2.006872e+06
  331.2500 2.007055e+06
  331.2600 2.007237e+06
  331.2700 2.007419e+06
  331.2800 2.007601e+06
  331.2900 2.007783e+06
  331.3000 2.007965e+06
  331.3100 2.008147e+06
  331.3200 2.008329e+06
  331.3300 2.008511e+06
  331.3400 2.008694e+06
  331.3500 2.008876e+06
  331.3600 2.009058e+06
  331.3700 2.009240e+06
  331.3800 2.009422e+06
  331.3900 2.009604e+06
  331.4000 2.009786e+06
  331.4100 2.009968e+06
  331.4200 2.010150e+06
  331.4300 2.010332e+06
  331.4400 2.010514e+06
  331.4500 2.010696e+06
  331.4600 2.010878e+06
  331.4700 2.011060e+06
  331.4800 2.011242e+06
  331.4900 2.011424e+06
  331.5000 2.011606e+06
  331.5100 2.011788e+06
  331.5200 2.011970e+06
  331.5300 2.012151e+06
  331.5400 2.012333e+06
  331.5500 2.012515e+06
  331.5600 2.012697e+06
  331.5700 2.012879e+06
  331.5800 2.013061e+06
  331.5900 2.013243e+06
  331.6000 2.013425e+06
  331.6100 2.013607e+06
  331.6200 2.013789e+06
  331.6300 2.013970e+06
  331.6400 2.014152e+06
  331.6500 2.014334e+06
  331.6600 2.014516e+06
  331.6700 2.014698e+06
  331.6800 2.014880e+06
  331.6900 2.015061e+06
  331.7000 2.015243e+06
  331.7100 2.015425e+06
  331.7200 2.015607e+06
  331.7300 2.015789e+06
  331.7400 2.015970e+06
  331.7500 2.016152e+06
  331.7600 2.016334e+06
  331.7700 2.016516e+06
  331.7800 2.016697e+06
  331.7900 2.016879e+06
  331.8000 2.017061e+06
  331.8100 2.017243e+06
  331.8200 2.017424e+06
  331.8300 2.017606e+06
  331.8400 2.017788e+06
  331.8500 2.017970e+06
  331.8600 2.018151e+06
  331.8700 2.018333e+06
  331.8800 2.018515e+06
  331.8900 2.018696e+06
  331.9000 2.018878e+06
  331.9100 2.019060e+06
  331.9200 2.019241e+06
  331.9300 2.019423e+06
  331.9400 2.019605e+06
  331.9500 2.019786e+06
  331.9600 2.019968e+06
  331.9700 2.020149e+06
  331.9800 2.020331e+06
  331.9900 2.020513e+06
  332.0000 2.020694e+06
  332.0100 2.020876e+06
  332.0200 2.021057e+06
  332.0300 2.021239e+06
  332.0400 2.021420e+06
  332.0500 2.021602e+06
  332.0600 2.021784e+06
  332.0700 2.021965e+06
  332.0800 2.022147e+06
  332.0900 2.022328e+06
  332.1000 2.022510e+06
  332.1100 2.022691e+06
  332.1200 2.022873e+06
  332.1300 2.023054e+06
  332.1400 2.023236e+06
  332.1500 2.023417e+06
  332.1600 2.023599e+06
  332.1700 2.023780e+06
  332.1800 2.023961e+06
  332.1900 2.024143e+06
  332.2000 2.024324e+06
  332.2100 2.024506e+06
  332.2200 2.024687e+06
  332.2300 2.024869e+06
  332.2400 2.025050e+06
  332.2500 2.025231e+06
  332.2600 2.025413e+06
  332.2700 2.025594e+06
  332.2800 2.025775e+06
  332.2900 2.025957e+06
  332.3000 2.026138e+06
  332.3100 2.026320e+06
  332.3200 2.026501e+06
  332.3300 2.026682e+06
  332.3400 2.026864e+06
  332.3500 2.027045e+06
  332.3600 2.027226e+06
  332.3700 2.027408e+06
  332.3800 2.027589e+06
  332.3900 2.027770e+06
  332.4000 2.027951e+06
  332.4100 2.028133e+06
  332.4200 2.028314e+06
  332.4300 2.028495e+06
  332.4400 2.028676e+06
  332.4500 2.028858e+06
  332.4600 2.029039e+06
  332.4700 2.029220e+06
  332.4800 2.029401e+06
  332.4900 2.029583e+06
  332.5000 2.029764e+06
  332.5100 2.029945e+06
  332.5200 2.030126e+06
  332.5300 2.030307e+06
  332.5400 2.030488e+06
  332.5500 2.030670e+06
  332.5600 2.030851e+06
  332.5700 2.031032e+06
  332.5800 2.031213e+06
  332.5900 2.031394e+06
  332.6000 2.031575e+06
  332.6100 2.031756e+06
  332.6200 2.031938e+06
  332.6300 2.032119e+06
  332.6400 2.032300e+06
  332.6500 2.032481e+06
  332.6600 2.032662e+06
  332.6700 2.032843e+06
  332.6800 2.033024e+06
  332.6900 2.033205e+06
  332.7000 2.033386e+06
  332.7100 2.033567e+06
  332.7200 2.033748e+06
  332.7300 2.033929e+06
  332.7400 2.034110e+06
  332.7500 2.034291e+06
  332.7600 2.034472e+06
  332.7700 2.034653e+06
  332.7800 2.034834e+06
  332.7900 2.035015e+06
  332.8000 2.035196e+06
  332.8100 2.035377e+06
  332.8200 2.035558e+06
  332.8300 2.035739e+06
  332.8400 2.035920e+06
  332.8500 2.036101e+06
  332.8600 2.036282e+06
  332.8700 2.036463e+06
  332.8800 2.036643e+06
  332.8900 2.036824e+06
  332.9000 2.037005e+06
  332.9100 2.037186e+06
  332.9200 2.037367e+06
  332.9300 2.037548e+06
  332.9400 2.037729e+06
  332.9500 2.037910e+06
  332.9600 2.038090e+06
  332.9700 2.038271e+06
  332.9800 2.038452e+06
  332.9900 2.038633e+06
  333.0000 2.038814e+06
  333.0100 2.038994e+06
  333.0200 2.039175e+06
  333.0300 2.039356e+06
  333.0400 2.039537e+06
  333.0500 2.039717e+06
  333.0600 2.039898e+06
  333.0700 2.040079e+06
  333.0800 2.040260e+06
  333.0900 2.040440e+06
  333.1000 2.040621e+06
  333.1100 2.040802e+06
  333.1200 2.040983e+06
  333.1300 2.041163e+06
  333.1400 2.041344e+06
  333.1500 2.041525e+06
  333.1600 2.041705e+06
  333.1700 2.041886e+06
  333.1800 2.042067e+06
  333.1900 2.042247e+06
  333.2000 2.042428e+06
  333.2100 2.042608e+06
  333.2200 2.042789e+06
  333.2300 2.042970e+06
  333.2400 2.043150e+06
  333.2500 2.043331e+06
  333.2600 2.043511e+06
  333.2700 2.043692e+06
  333.2800 2.043873e+06
  333.2900 2.044053e+06
  333.3000 2.044234e+06
  333.3100 2.044414e+06
  333.3200 2.044595e+06
  333.3300 2.044775e+06
  333.3400 2.044956e+06
  333.3500 2.045136e+06
  333.3600 2.045317e+06
  333.3700 2.045497e+06
  333.3800 2.045678e+06
  333.3900 2.045858e+06
  333.4000 2.046039e+06
  333.4100 2.046219e+06
  333.4200 2.046400e+06
  333.4300 2.046580e+06
  333.4400 2.046760e+06
  333.4500 2.046941e+06
  333.4600 2.047121e+06
  333.4700 2.047302e+06
  333.4800 2.047482e+06
  333.4900 2.047663e+06
  333.5000 2.047843e+06
  333.5100 2.048023e+06
  333.5200 2.048204e+06
  333.5300 2.048384e+06
  333.5400 2.048564e+06
  333.5500 2.048745e+06
  333.5600 2.048925e+06
  333.5700 2.049105e+06
  333.5800 2.049286e+06
  333.5900 2.049466e+06
  333.6000 2.049646e+06
  333.6100 2.049826e+06
  333.6200 2.050007e+06
  333.6300 2.050187e+06
  333.6400 2.050367e+06
  333.6500 2.050548e+06
  333.6600 2.050728e+06
  333.6700 2.050908e+06
  333.6800 2.051088e+06
  333.6900 2.051268e+06
  333.7000 2.051449e+06
  333.7100 2.051629e+06
  333.7200 2.051809e+06
  333.7300 2.051989e+06
  333.7400 2.052169e+06
  333.7500 2.052350e+06
  333.7600 2.052530e+06
  333.7700 2.052710e+06
  333.7800 2.052890e+06
  333.7900 2.053070e+06
  333.8000 2.053250e+06
  333.8100 2.053430e+06
  333.8200 2.053610e+06
  333.8300 2.053790e+06
  333.8400 2.053971e+06
  333.8500 2.054151e+06
  333.8600 2.054331e+06
  333.8700 2.054511e+06
  333.8800 2.054691e+06
  333.8900 2.054871e+06
  333.9000 2.055051e+06
  333.9100 2.055231e+06
  333.9200 2.055411e+06
  333.9300 2.055591e+06
  333.9400 2.055771e+06
  333.9500 2.055951e+06
  333.9600 2.056131e+06
  333.9700 2.056311e+06
  333.9800 2.056491e+06
  333.9900 2.056671e+06
  334.0000 2.056851e+06
  334.0100 2.057031e+06
  334.0200 2.057211e+06
  334.0300 2.057390e+06
  334.0400 2.057570e+06
  334.0500 2.057750e+06
  334.0600 2.057930e+06
  334.0700 2.058110e+06
  334.0800 2.058290e+06
  334.0900 2.058470e+06
  334.1000 2.058650e+06
  334.1100 2.058829e+06
  334.1200 2.059009e+06
  334.1300 2.059189e+06
  334.1400 2.059369e+06
  334.1500 2.059549e+06
  334.1600 2.059729e+06
  334.1700 2.059908e+06
  334.1800 2.060088e+06
  334.1900 2.060268e+06
  334.2000 2.060448e+06
  334.2100 2.060627e+06
  334.2200 2.060807e+06
  334.2300 2.060987e+06
  334.2400 2.061167e+06
  334.2500 2.061346e+06
  334.2600 2.061526e+06
  334.2700 2.061706e+06
  334.2800 2.061885e+06
  334.2900 2.062065e+06
  334.3000 2.062245e+06
  334.3100 2.062424e+06
  334.3200 2.062604e+06
  334.3300 2.062784e+06
  334.3400 2.062963e+06
  334.3500 2.063143e+06
  334.3600 2.063323e+06
  334.3700 2.063502e+06
  334.3800 2.063682e+06
  334.3900 2.063861e+06
  334.4000 2.064041e+06
  334.4100 2.064220e+06
  334.4200 2.064400e+06
  334.4300 2.064580e+06
  334.4400 2.064759e+06
  334.4500 2.064939e+06
  334.4600 2.065118e+06
  334.4700 2.065298e+06
  334.4800 2.065477e+06
  334.4900 2.065657e+06
  334.5000 2.065836e+06
  334.5100 2.066016e+06
  334.5200 2.066195e+06
  334.5300 2.066375e+06
  334.5400 2.066554e+06
  334.5500 2.066733e+06
  334.5600 2.066913e+06
  334.5700 2.067092e+06
  334.5800 2.067272e+06
  334.5900 2.067451e+06
  334.6000 2.067630e+06
  334.6100 2.067810e+06
  334.6200 2.067989e+06
  334.6300 2.068169e+06
  334.6400 2.068348e+06
  334.6500 2.068527e+06
  334.6600 2.068707e+06
  334.6700 2.068886e+06
  334.6800 2.069065e+06
  334.6900 2.069245e+06
  334.7000 2.069424e+06
  334.7100 2.069603e+06
  334.7200 2.069782e+06
  334.7300 2.069962e+06
  334.7400 2.070141e+06
  334.7500 2.070320e+06
  334.7600 2.070499e+06
  334.7700 2.070679e+06
  334.7800 2.070858e+06
  334.7900 2.071037e+06
  334.8000 2.071216e+06
  334.8100 2.071396e+06
  334.8200 2.071575e+06
  334.8300 2.071754e+06
  334.8400 2.071933e+06
  334.8500 2.072112e+06
  334.8600 2.072291e+06
  334.8700 2.072471e+06
  334.8800 2.072650e+06
  334.8900 2.072829e+06
  334.9000 2.073008e+06
  334.9100 2.073187e+06
  334.9200 2.073366e+06
  334.9300 2.073545e+06
  334.9400 2.073724e+06
  334.9500 2.073903e+06
  334.9600 2.074082e+06
  334.9700 2.074261e+06
  334.9800 2.074440e+06
  334.9900 2.074619e+06
  335.0000 2.074798e+06
  335.0100 2.074977e+06
  335.0200 2.075156e+06
  335.0300 2.075335e+06
  335.0400 2.075514e+06
  335.0500 2.075693e+06
  335.0600 2.075872e+06
  335.0700 2.076051e+06
  335.0800 2.076230e+06
  335.0900 2.076409e+06
  335.1000 2.076588e+06
  335.1100 2.076767e+06
  335.1200 2.076946e+06
  335.1300 2.077125e+06
  335.1400 2.077304e+06
  335.1500 2.077482e+06
  335.1600 2.077661e+06
  335.1700 2.077840e+06
  335.1800 2.078019e+06
  335.1900 2.078198e+06
  335.2000 2.078377e+06
  335.2100 2.078555e+06
  335.2200 2.078734e+06
  335.2300 2.078913e+06
  335.2400 2.079092e+06
  335.2500 2.079271e+06
  335.2600 2.079449e+06
  335.2700 2.079628e+06
  335.2800 2.079807e+06
  335.2900 2.079986e+06
  335.3000 2.080164e+06
  335.3100 2.080343e+06
  335.3200 2.080522e+06
  335.3300 2.080700e+06
  335.3400 2.080879e+06
  335.3500 2.081058e+06
  335.3600 2.081236e+06
  335.3700 2.081415e+06
  335.3800 2.081594e+06
  335.3900 2.081772e+06
  335.4000 2.081951e+06
  335.4100 2.082130e+06
  335.4200 2.082308e+06
  335.4300 2.082487e+06
  335.4400 2.082665e+06
  335.4500 2.082844e+06
  335.4600 2.083022e+06
  335.4700 2.083201e+06
  335.4800 2.083380e+06
  335.4900 2.083558e+06
  335.5000 2.083737e+06
  335.5100 2.083915e+06
  335.5200 2.084094e+06
  335.5300 2.084272e+06
  335.5400 2.084451e+06
  335.5500 2.084629e+06
  335.5600 2.084808e+06
  335.5700 2.084986e+06
  335.5800 2.085164e+06
  335.5900 2.085343e+06
  335.6000 2.085521e+06
  335.6100 2.085700e+06
  335.6200 2.085878e+06
  335.6300 2.086057e+06
  335.6400 2.086235e+06
  335.6500 2.086413e+06
  335.6600 2.086592e+06
  335.6700 2.086770e+06
  335.6800 2.086948e+06
  335.6900 2.087127e+06
  335.7000 2.087305e+06
  335.7100 2.087483e+06
  335.7200 2.087662e+06
  335.7300 2.087840e+06
  335.7400 2.088018e+06
  335.7500 2.088196e+06
  335.7600 2.088375e+06
  335.7700 2.088553e+06
  335.7800 2.088731e+06
  335.7900 2.088909e+06
  335.8000 2.089088e+06
  335.8100 2.089266e+06
  335.8200 2.089444e+06
  335.8300 2.089622e+06
  335.8400 2.089800e+06
  335.8500 2.089979e+06
  335.8600 2.090157e+06
  335.8700 2.090335e+06
  335.8800 2.090513e+06
  335.8900 2.090691e+06
  335.9000 2.090869e+06
  335.9100 2.091047e+06
  335.9200 2.091226e+06
  335.9300 2.091404e+06
  335.9400 2.091582e+06
  335.9500 2.091760e+06
  335.9600 2.091938e+06
  335.9700 2.092116e+06
  335.9800 2.092294e+06
  335.9900 2.092472e+06
  336.0000 2.092650e+06
  336.0100 2.092828e+06
  336.0200 2.093006e+06
  336.0300 2.093184e+06
  336.0400 2.093362e+06
  336.0500 2.093540e+06
  336.0600 2.093718e+06
  336.0700 2.093896e+06
  336.0800 2.094074e+06
  336.0900 2.094252e+06
  336.1000 2.094430e+06
  336.1100 2.094607e+06
  336.1200 2.094785e+06
  336.1300 2.094963e+06
  336.1400 2.095141e+06
  336.1500 2.095319e+06
  336.1600 2.095497e+06
  336.1700 2.095675e+06
  336.1800 2.095852e+06
  336.1900 2.096030e+06
  336.2000 2.096208e+06
  336.2100 2.096386e+06
  336.2200 2.096564e+06
  336.2300 2.096741e+06
  336.2400 2.096919e+06
  336.2500 2.097097e+06
  336.2600 2.097275e+06
  336.2700 2.097452e+06
  336.2800 2.097630e+06
  336.2900 2.097808e+06
  336.3000 2.097986e+06
  336.3100 2.098163e+06
  336.3200 2.098341e+06
  336.3300 2.098519e+06
  336.3400 2.098696e+06
  336.3500 2.098874e+06
  336.3600 2.099052e+06
  336.3700 2.099229e+06
  336.3800 2.099407e+06
  336.3900 2.099584e+06
  336.4000 2.099762e+06
  336.4100 2.099940e+06
  336.4200 2.100117e+06
  336.4300 2.100295e+06
  336.4400 2.100472e+06
  336.4500 2.100650e+06
  336.4600 2.100827e+06
  336.4700 2.101005e+06
  336.4800 2.101182e+06
  336.4900 2.101360e+06
  336.5000 2.101537e+06
  336.5100 2.101715e+06
  336.5200 2.101892e+06
  336.5300 2.102070e+06
  336.5400 2.102247e+06
  336.5500 2.102425e+06
  336.5600 2.102602e+06
  336.5700 2.102780e+06
  336.5800 2.102957e+06
  336.5900 2.103134e+06
  336.6000 2.103312e+06
  336.6100 2.103489e+06
  336.6200 2.103666e+06
  336.6300 2.103844e+06
  336.6400 2.104021e+06
  336.6500 2.104198e+06
  336.6600 2.104376e+06
  336.6700 2.104553e+06
  336.6800 2.104730e+06
  336.6900 2.104908e+06
  336.7000 2.105085e+06
  336.7100 2.105262e+06
  336.7200 2.105439e+06
  336.7300 2.105617e+06
  336.7400 2.105794e+06
  336.7500 2.105971e+06
  336.7600 2.106148e+06
  336.7700 2.106326e+06
  336.7800 2.106503e+06
  336.7900 2.106680e+06
  336.8000 2.106857e+06
  336.8100 2.107034e+06
  336.8200 2.107211e+06
  336.8300 2.107389e+06
  336.8400 2.107566e+06
  336.8500 2.107743e+06
  336.8600 2.107920e+06
  336.8700 2.108097e+06
  336.8800 2.108274e+06
  336.8900 2.108451e+06
  336.9000 2.108628e+06
  336.9100 2.108805e+06
  336.9200 2.108982e+06
  336.9300 2.109159e+06
  336.9400 2.109336e+06
  336.9500 2.109513e+06
  336.9600 2.109690e+06
  336.9700 2.109867e+06
  336.9800 2.110044e+06
  336.9900 2.110221e+06
  337.0000 2.110398e+06
  337.0100 2.110575e+06
  337.0200 2.110752e+06
  337.0300 2.110929e+06
  337.0400 2.111106e+06
  337.0500 2.111283e+06
  337.0600 2.111460e+06
  337.0700 2.111637e+06
  337.0800 2.111813e+06
  337.0900 2.111990e+06
  337.1000 2.112167e+06
  337.1100 2.112344e+06
  337.1200 2.112521e+06
  337.1300 2.112698e+06
  337.1400 2.112874e+06
  337.1500 2.113051e+06
  337.1600 2.113228e+06
  337.1700 2.113405e+06
  337.1800 2.113581e+06
  337.1900 2.113758e+06
  337.2000 2.113935e+06
  337.2100 2.114112e+06
  337.2200 2.114288e+06
  337.2300 2.114465e+06
  337.2400 2.114642e+06
  337.2500 2.114818e+06
  337.2600 2.114995e+06
  337.2700 2.115172e+06
  337.2800 2.115348e+06
  337.2900 2.115525e+06
  337.3000 2.115702e+06
  337.3100 2.115878e+06
  337.3200 2.116055e+06
  337.3300 2.116231e+06
  337.3400 2.116408e+06
  337.3500 2.116584e+06
  337.3600 2.116761e+06
  337.3700 2.116938e+06
  337.3800 2.117114e+06
  337.3900 2.117291e+06
  337.4000 2.117467e+06
  337.4100 2.117644e+06
  337.4200 2.117820e+06
  337.4300 2.117997e+06
  337.4400 2.118173e+06
  337.4500 2.118349e+06
  337.4600 2.118526e+06
  337.4700 2.118702e+06
  337.4800 2.118879e+06
  337.4900 2.119055e+06
  337.5000 2.119231e+06
  337.5100 2.119408e+06
  337.5200 2.119584e+06
  337.5300 2.119761e+06
  337.5400 2.119937e+06
  337.5500 2.120113e+06
  337.5600 2.120290e+06
  337.5700 2.120466e+06
  337.5800 2.120642e+06
  337.5900 2.120818e+06
  337.6000 2.120995e+06
  337.6100 2.121171e+06
  337.6200 2.121347e+06
  337.6300 2.121524e+06
  337.6400 2.121700e+06
  337.6500 2.121876e+06
  337.6600 2.122052e+06
  337.6700 2.122228e+06
  337.6800 2.122405e+06
  337.6900 2.122581e+06
  337.7000 2.122757e+06
  337.7100 2.122933e+06
  337.7200 2.123109e+06
  337.7300 2.123285e+06
  337.7400 2.123461e+06
  337.7500 2.123638e+06
  337.7600 2.123814e+06
  337.7700 2.123990e+06
  337.7800 2.124166e+06
  337.7900 2.124342e+06
  337.8000 2.124518e+06
  337.8100 2.124694e+06
  337.8200 2.124870e+06
  337.8300 2.125046e+06
  337.8400 2.125222e+06
  337.8500 2.125398e+06
  337.8600 2.125574e+06
  337.8700 2.125750e+06
  337.8800 2.125926e+06
  337.8900 2.126102e+06
  337.9000 2.126278e+06
  337.9100 2.126454e+06
  337.9200 2.126630e+06
  337.9300 2.126805e+06
  337.9400 2.126981e+06
  337.9500 2.127157e+06
  337.9600 2.127333e+06
  337.9700 2.127509e+06
  337.9800 2.127685e+06
  337.9900 2.127861e+06
  338.0000 2.128036e+06
  338.0100 2.128212e+06
  338.0200 2.128388e+06
  338.0300 2.128564e+06
  338.0400 2.128740e+06
  338.0500 2.128915e+06
  338.0600 2.129091e+06
  338.0700 2.129267e+06
  338.0800 2.129442e+06
  338.0900 2.129618e+06
  338.1000 2.129794e+06
  338.1100 2.129970e+06
  338.1200 2.130145e+06
  338.1300 2.130321e+06
  338.1400 2.130497e+06
  338.1500 2.130672e+06
  338.1600 2.130848e+06
  338.1700 2.131023e+06
  338.1800 2.131199e+06
  338.1900 2.131375e+06
  338.2000 2.131550e+06
  338.2100 2.131726e+06
  338.2200 2.131901e+06
  338.2300 2.132077e+06
  338.2400 2.132252e+06
  338.2500 2.132428e+06
  338.2600 2.132603e+06
  338.2700 2.132779e+06
  338.2800 2.132954e+06
  338.2900 2.133130e+06
  338.3000 2.133305e+06
  338.3100 2.133481e+06
  338.3200 2.133656e+06
  338.3300 2.133832e+06
  338.3400 2.134007e+06
  338.3500 2.134182e+06
  338.3600 2.134358e+06
  338.3700 2.134533e+06
  338.3800 2.134709e+06
  338.3900 2.134884e+06
  338.4000 2.135059e+06
  338.4100 2.135235e+06
  338.4200 2.135410e+06
  338.4300 2.135585e+06
  338.4400 2.135760e+06
  338.4500 2.135936e+06
  338.4600 2.136111e+06
  338.4700 2.136286e+06
  338.4800 2.136462e+06
  338.4900 2.136637e+06
  338.5000 2.136812e+06
  338.5100 2.136987e+06
  338.5200 2.137162e+06
  338.5300 2.137338e+06
  338.5400 2.137513e+06
  338.5500 2.137688e+06
  338.5600 2.137863e+06
  338.5700 2.138038e+06
  338.5800 2.138213e+06
  338.5900 2.138388e+06
  338.6000 2.138564e+06
  338.6100 2.138739e+06
  338.6200 2.138914e+06
  338.6300 2.139089e+06
  338.6400 2.139264e+06
  338.6500 2.139439e+06
  338.6600 2.139614e+06
  338.6700 2.139789e+06
  338.6800 2.139964e+06
  338.6900 2.140139e+06
  338.7000 2.140314e+06
  338.7100 2.140489e+06
  338.7200 2.140664e+06
  338.7300 2.140839e+06
  338.7400 2.141014e+06
  338.7500 2.141189e+06
  338.7600 2.141363e+06
  338.7700 2.141538e+06
  338.7800 2.141713e+06
  338.7900 2.141888e+06
  338.8000 2.142063e+06
  338.8100 2.142238e+06
  338.8200 2.142413e+06
  338.8300 2.142587e+06
  338.8400 2.142762e+06
  338.8500 2.142937e+06
  338.8600 2.143112e+06
  338.8700 2.143287e+06
  338.8800 2.143461e+06
  338.8900 2.143636e+06
  338.9000 2.143811e+06
  338.9100 2.143986e+06
  338.9200 2.144160e+06
  338.9300 2.144335e+06
  338.9400 2.144510e+06
  338.9500 2.144684e+06
  338.9600 2.144859e+06
  338.9700 2.145034e+06
  338.9800 2.145208e+06
  338.9900 2.145383e+06
  339.0000 2.145557e+06
  339.0100 2.145732e+06
  339.0200 2.145907e+06
  339.0300 2.146081e+06
  339.0400 2.146256e+06
  339.0500 2.146430e+06
  339.0600 2.146605e+06
  339.0700 2.146779e+06
  339.0800 2.146954e+06
  339.0900 2.147128e+06
  339.1000 2.147303e+06
  339.1100 2.147477e+06
  339.1200 2.147652e+06
  339.1300 2.147826e+06
  339.1400 2.148001e+06
  339.1500 2.148175e+06
  339.1600 2.148350e+06
  339.1700 2.148524e+06
  339.1800 2.148698e+06
  339.1900 2.148873e+06
  339.2000 2.149047e+06
  339.2100 2.149221e+06
  339.2200 2.149396e+06
  339.2300 2.149570e+06
  339.2400 2.149744e+06
  339.2500 2.149919e+06
  339.2600 2.150093e+06
  339.2700 2.150267e+06
  339.2800 2.150441e+06
  339.2900 2.150616e+06
  339.3000 2.150790e+06
  339.3100 2.150964e+06
  339.3200 2.151138e+06
  339.3300 2.151313e+06
  339.3400 2.151487e+06
  339.3500 2.151661e+06
  339.3600 2.151835e+06
  339.3700 2.152009e+06
  339.3800 2.152183e+06
  339.3900 2.152357e+06
  339.4000 2.152532e+06
  339.4100 2.152706e+06
  339.4200 2.152880e+06
  339.4300 2.153054e+06
  339.4400 2.153228e+06
  339.4500 2.153402e+06
  339.4600 2.153576e+06
  339.4700 2.153750e+06
  339.4800 2.153924e+06
  339.4900 2.154098e+06
  339.5000 2.154272e+06
  339.5100 2.154446e+06
  339.5200 2.154620e+06
  339.5300 2.154794e+06
  339.5400 2.154968e+06
  339.5500 2.155142e+06
  339.5600 2.155316e+06
  339.5700 2.155489e+06
  339.5800 2.155663e+06
  339.5900 2.155837e+06
  339.6000 2.156011e+06
  339.6100 2.156185e+06
  339.6200 2.156359e+06
  339.6300 2.156533e+06
  339.6400 2.156706e+06
  339.6500 2.156880e+06
  339.6600 2.157054e+06
  339.6700 2.157228e+06
  339.6800 2.157401e+06
  339.6900 2.157575e+06
  339.7000 2.157749e+06
  339.7100 2.157923e+06
  339.7200 2.158096e+06
  339.7300 2.158270e+06
  339.7400 2.158444e+06
  339.7500 2.158617e+06
  339.7600 2.158791e+06
  339.7700 2.158965e+06
  339.7800 2.159138e+06
  339.7900 2.159312e+06
  339.8000 2.159485e+06
  339.8100 2.159659e+06
  339.8200 2.159833e+06
  339.8300 2.160006e+06
  339.8400 2.160180e+06
  339.8500 2.160353e+06
  339.8600 2.160527e+06
  339.8700 2.160700e+06
  339.8800 2.160874e+06
  339.8900 2.161047e+06
  339.9000 2.161221e+06
  339.9100 2.161394e+06
  339.9200 2.161568e+06
  339.9300 2.161741e+06
  339.9400 2.161914e+06
  339.9500 2.162088e+06
  339.9600 2.162261e+06
  339.9700 2.162435e+06
  339.9800 2.162608e+06
  339.9900 2.162781e+06
  340.0000 2.162955e+06
  340.0100 2.163128e+06
  340.0200 2.163301e+06
  340.0300 2.163475e+06
  340.0400 2.163648e+06
  340.0500 2.163821e+06
  340.0600 2.163994e+06
  340.0700 2.164168e+06
  340.0800 2.164341e+06
  340.0900 2.164514e+06
  340.1000 2.164687e+06
  340.1100 2.164860e+06
  340.1200 2.165034e+06
  340.1300 2.165207e+06
  340.1400 2.165380e+06
  340.1500 2.165553e+06
  340.1600 2.165726e+06
  340.1700 2.165899e+06
  340.1800 2.166072e+06
  340.1900 2.166245e+06
  340.2000 2.166419e+06
  340.2100 2.166592e+06
  340.2200 2.166765e+06
  340.2300 2.166938e+06
  340.2400 2.167111e+06
  340.2500 2.167284e+06
  340.2600 2.167457e+06
  340.2700 2.167630e+06
  340.2800 2.167803e+06
  340.2900 2.167976e+06
  340.3000 2.168149e+06
  340.3100 2.168321e+06
  340.3200 2.168494e+06
  340.3300 2.168667e+06
  340.3400 2.168840e+06
  340.3500 2.169013e+06
  340.3600 2.169186e+06
  340.3700 2.169359e+06
  340.3800 2.169532e+06
  340.3900 2.169704e+06
  340.4000 2.169877e+06
  340.4100 2.170050e+06
  340.4200 2.170223e+06
  340.4300 2.170396e+06
  340.4400 2.170568e+06
  340.4500 2.170741e+06
  340.4600 2.170914e+06
  340.4700 2.171086e+06
  340.4800 2.171259e+06
  340.4900 2.171432e+06
  340.5000 2.171605e+06
  340.5100 2.171777e+06
  340.5200 2.171950e+06
  340.5300 2.172122e+06
  340.5400 2.172295e+06
  340.5500 2.172468e+06
  340.5600 2.172640e+06
  340.5700 2.172813e+06
  340.5800 2.172985e+06
  340.5900 2.173158e+06
  340.6000 2.173330e+06
  340.6100 2.173503e+06
  340.6200 2.173676e+06
  340.6300 2.173848e+06
  340.6400 2.174020e+06
  340.6500 2.174193e+06
  340.6600 2.174365e+06
  340.6700 2.174538e+06
  340.6800 2.174710e+06
  340.6900 2.174883e+06
  340.7000 2.175055e+06
  340.7100 2.175228e+06
  340.7200 2.175400e+06
  340.7300 2.175572e+06
  340.7400 2.175745e+06
  340.7500 2.175917e+06
  340.7600 2.176089e+06
  340.7700 2.176262e+06
  340.7800 2.176434e+06
  340.7900 2.176606e+06
  340.8000 2.176778e+06
  340.8100 2.176951e+06
  340.8200 2.177123e+06
  340.8300 2.177295e+06
  340.8400 2.177467e+06
  340.8500 2.177640e+06
  340.8600 2.177812e+06
  340.8700 2.177984e+06
  340.8800 2.178156e+06
  340.8900 2.178328e+06
  340.9000 2.178500e+06
  340.9100 2.178672e+06
  340.9200 2.178844e+06
  340.9300 2.179017e+06
  340.9400 2.179189e+06
  340.9500 2.179361e+06
  340.9600 2.179533e+06
  340.9700 2.179705e+06
  340.9800 2.179877e+06
  340.9900 2.180049e+06
  341.0000 2.180221e+06
  341.0100 2.180393e+06
  341.0200 2.180565e+06
  341.0300 2.180737e+06
  341.0400 2.180909e+06
  341.0500 2.181081e+06
  341.0600 2.181252e+06
  341.0700 2.181424e+06
  341.0800 2.181596e+06
  341.0900 2.181768e+06
  341.1000 2.181940e+06
  341.1100 2.182112e+06
  341.1200 2.182284e+06
  341.1300 2.182455e+06
  341.1400 2.182627e+06
  341.1500 2.182799e+06
  341.1600 2.182971e+06
  341.1700 2.183143e+06
  341.1800 2.183314e+06
  341.1900 2.183486e+06
  341.2000 2.183658e+06
  341.2100 2.183829e+06
  341.2200 2.184001e+06
  341.2300 2.184173e+06
  341.2400 2.184344e+06
  341.2500 2.184516e+06
  341.2600 2.184688e+06
  341.2700 2.184859e+06
  341.2800 2.185031e+06
  341.2900 2.185203e+06
  341.3000 2.185374e+06
  341.3100 2.185546e+06
  341.3200 2.185717e+06
  341.3300 2.185889e+06
  341.3400 2.186060e+06
  341.3500 2.186232e+06
  341.3600 2.186403e+06
  341.3700 2.186575e+06
  341.3800 2.186746e+06
  341.3900 2.186918e+06
  341.4000 2.187089e+06
  341.4100 2.187261e+06
  341.4200 2.187432e+06
  341.4300 2.187603e+06
  341.4400 2.187775e+06
  341.4500 2.187946e+06
  341.4600 2.188117e+06
  341.4700 2.188289e+06
  341.4800 2.188460e+06
  341.4900 2.188631e+06
  341.5000 2.188803e+06
  341.5100 2.188974e+06
  341.5200 2.189145e+06
  341.5300 2.189316e+06
  341.5400 2.189488e+06
  341.5500 2.189659e+06
  341.5600 2.189830e+06
  341.5700 2.190001e+06
  341.5800 2.190172e+06
  341.5900 2.190344e+06
  341.6000 2.190515e+06
  341.6100 2.190686e+06
  341.6200 2.190857e+06
  341.6300 2.191028e+06
  341.6400 2.191199e+06
  341.6500 2.191370e+06
  341.6600 2.191541e+06
  341.6700 2.191712e+06
  341.6800 2.191884e+06
  341.6900 2.192055e+06
  341.7000 2.192226e+06
  341.7100 2.192397e+06
  341.7200 2.192568e+06
  341.7300 2.192738e+06
  341.7400 2.192909e+06
  341.7500 2.193080e+06
  341.7600 2.193251e+06
  341.7700 2.193422e+06
  341.7800 2.193593e+06
  341.7900 2.193764e+06
  341.8000 2.193935e+06
  341.8100 2.194106e+06
  341.8200 2.194277e+06
  341.8300 2.194447e+06
  341.8400 2.194618e+06
  341.8500 2.194789e+06
  341.8600 2.194960e+06
  341.8700 2.195131e+06
  341.8800 2.195301e+06
  341.8900 2.195472e+06
  341.9000 2.195643e+06
  341.9100 2.195813e+06
  341.9200 2.195984e+06
  341.9300 2.196155e+06
  341.9400 2.196325e+06
  341.9500 2.196496e+06
  341.9600 2.196667e+06
  341.9700 2.196837e+06
  341.9800 2.197008e+06
  341.9900 2.197179e+06
  342.0000 2.197349e+06
  342.0100 2.197520e+06
  342.0200 2.197690e+06
  342.0300 2.197861e+06
  342.0400 2.198031e+06
  342.0500 2.198202e+06
  342.0600 2.198372e+06
  342.0700 2.198543e+06
  342.0800 2.198713e+06
  342.0900 2.198884e+06
  342.1000 2.199054e+06
  342.1100 2.199225e+06
  342.1200 2.199395e+06
  342.1300 2.199565e+06
  342.1400 2.199736e+06
  342.1500 2.199906e+06
  342.1600 2.200076e+06
  342.1700 2.200247e+06
  342.1800 2.200417e+06
  342.1900 2.200587e+06
  342.2000 2.200758e+06
  342.2100 2.200928e+06
  342.2200 2.201098e+06
  342.2300 2.201268e+06
  342.2400 2.201439e+06
  342.2500 2.201609e+06
  342.2600 2.201779e+06
  342.2700 2.201949e+06
  342.2800 2.202119e+06
  342.2900 2.202290e+06
  342.3000 2.202460e+06
  342.3100 2.202630e+06
  342.3200 2.202800e+06
  342.3300 2.202970e+06
  342.3400 2.203140e+06
  342.3500 2.203310e+06
  342.3600 2.203480e+06
  342.3700 2.203650e+06
  342.3800 2.203820e+06
  342.3900 2.203990e+06
  342.4000 2.204160e+06
  342.4100 2.204330e+06
  342.4200 2.204500e+06
  342.4300 2.204670e+06
  342.4400 2.204840e+06
  342.4500 2.205010e+06
  342.4600 2.205180e+06
  342.4700 2.205350e+06
  342.4800 2.205520e+06
  342.4900 2.205690e+06
  342.5000 2.205859e+06
  342.5100 2.206029e+06
  342.5200 2.206199e+06
  342.5300 2.206369e+06
  342.5400 2.206539e+06
  342.5500 2.206708e+06
  342.5600 2.206878e+06
  342.5700 2.207048e+06
  342.5800 2.207218e+06
  342.5900 2.207387e+06
  342.6000 2.207557e+06
  342.6100 2.207727e+06
  342.6200 2.207896e+06
  342.6300 2.208066e+06
  342.6400 2.208236e+06
  342.6500 2.208405e+06
  342.6600 2.208575e+06
  342.6700 2.208745e+06
  342.6800 2.208914e+06
  342.6900 2.209084e+06
  342.7000 2.209253e+06
  342.7100 2.209423e+06
  342.7200 2.209592e+06
  342.7300 2.209762e+06
  342.7400 2.209931e+06
  342.7500 2.210101e+06
  342.7600 2.210270e+06
  342.7700 2.210440e+06
  342.7800 2.210609e+06
  342.7900 2.210779e+06
  342.8000 2.210948e+06
  342.8100 2.211117e+06
  342.8200 2.211287e+06
  342.8300 2.211456e+06
  342.8400 2.211625e+06
  342.8500 2.211795e+06
  342.8600 2.211964e+06
  342.8700 2.212133e+06
  342.8800 2.212303e+06
  342.8900 2.212472e+06
  342.9000 2.212641e+06
  342.9100 2.212810e+06
  342.9200 2.212980e+06
  342.9300 2.213149e+06
  342.9400 2.213318e+06
  342.9500 2.213487e+06
  342.9600 2.213656e+06
  342.9700 2.213825e+06
  342.9800 2.213995e+06
  342.9900 2.214164e+06
  343.0000 2.214333e+06
  343.0100 2.214502e+06
  343.0200 2.214671e+06
  343.0300 2.214840e+06
  343.0400 2.215009e+06
  343.0500 2.215178e+06
  343.0600 2.215347e+06
  343.0700 2.215516e+06
  343.0800 2.215685e+06
  343.0900 2.215854e+06
  343.1000 2.216023e+06
  343.1100 2.216192e+06
  343.1200 2.216361e+06
  343.1300 2.216530e+06
  343.1400 2.216698e+06
  343.1500 2.216867e+06
  343.1600 2.217036e+06
  343.1700 2.217205e+06
  343.1800 2.217374e+06
  343.1900 2.217543e+06
  343.2000 2.217711e+06
  343.2100 2.217880e+06
  343.2200 2.218049e+06
  343.2300 2.218218e+06
  343.2400 2.218386e+06
  343.2500 2.218555e+06
  343.2600 2.218724e+06
  343.2700 2.218893e+06
  343.2800 2.219061e+06
  343.2900 2.219230e+06
  343.3000 2.219399e+06
  343.3100 2.219567e+06
  343.3200 2.219736e+06
  343.3300 2.219904e+06
  343.3400 2.220073e+06
  343.3500 2.220242e+06
  343.3600 2.220410e+06
  343.3700 2.220579e+06
  343.3800 2.220747e+06
  343.3900 2.220916e+06
  343.4000 2.221084e+06
  343.4100 2.221253e+06
  343.4200 2.221421e+06
  343.4300 2.221589e+06
  343.4400 2.221758e+06
  343.4500 2.221926e+06
  343.4600 2.222095e+06
  343.4700 2.222263e+06
  343.4800 2.222431e+06
  343.4900 2.222600e+06
  343.5000 2.222768e+06
  343.5100 2.222936e+06
  343.5200 2.223105e+06
  343.5300 2.223273e+06
  343.5400 2.223441e+06
  343.5500 2.223609e+06
  343.5600 2.223778e+06
  343.5700 2.223946e+06
  343.5800 2.224114e+06
  343.5900 2.224282e+06
  343.6000 2.224451e+06
  343.6100 2.224619e+06
  343.6200 2.224787e+06
  343.6300 2.224955e+06
  343.6400 2.225123e+06
  343.6500 2.225291e+06
  343.6600 2.225459e+06
  343.6700 2.225627e+06
  343.6800 2.225795e+06
  343.6900 2.225963e+06
  343.7000 2.226131e+06
  343.7100 2.226299e+06
  343.7200 2.226467e+06
  343.7300 2.226635e+06
  343.7400 2.226803e+06
  343.7500 2.226971e+06
  343.7600 2.227139e+06
  343.7700 2.227307e+06
  343.7800 2.227475e+06
  343.7900 2.227643e+06
  343.8000 2.227811e+06
  343.8100 2.227979e+06
  343.8200 2.228146e+06
  343.8300 2.228314e+06
  343.8400 2.228482e+06
  343.8500 2.228650e+06
  343.8600 2.228818e+06
  343.8700 2.228985e+06
  343.8800 2.229153e+06
  343.8900 2.229321e+06
  343.9000 2.229488e+06
  343.9100 2.229656e+06
  343.9200 2.229824e+06
  343.9300 2.229991e+06
  343.9400 2.230159e+06
  343.9500 2.230327e+06
  343.9600 2.230494e+06
  343.9700 2.230662e+06
  343.9800 2.230830e+06
  343.9900 2.230997e+06
  344.0000 2.231165e+06
  344.0100 2.231332e+06
  344.0200 2.231500e+06
  344.0300 2.231667e+06
  344.0400 2.231835e+06
  344.0500 2.232002e+06
  344.0600 2.232170e+06
  344.0700 2.232337e+06
  344.0800 2.232504e+06
  344.0900 2.232672e+06
  344.1000 2.232839e+06
  344.1100 2.233007e+06
  344.1200 2.233174e+06
  344.1300 2.233341e+06
  344.1400 2.233509e+06
  344.1500 2.233676e+06
  344.1600 2.233843e+06
  344.1700 2.234010e+06
  344.1800 2.234178e+06
  344.1900 2.234345e+06
  344.2000 2.234512e+06
  344.2100 2.234679e+06
  344.2200 2.234847e+06
  344.2300 2.235014e+06
  344.2400 2.235181e+06
  344.2500 2.235348e+06
  344.2600 2.235515e+06
  344.2700 2.235682e+06
  344.2800 2.235849e+06
  344.2900 2.236016e+06
  344.3000 2.236184e+06
  344.3100 2.236351e+06
  344.3200 2.236518e+06
  344.3300 2.236685e+06
  344.3400 2.236852e+06
  344.3500 2.237019e+06
  344.3600 2.237186e+06
  344.3700 2.237353e+06
  344.3800 2.237519e+06
  344.3900 2.237686e+06
  344.4000 2.237853e+06
  344.4100 2.238020e+06
  344.4200 2.238187e+06
  344.4300 2.238354e+06
  344.4400 2.238521e+06
  344.4500 2.238688e+06
  344.4600 2.238854e+06
  344.4700 2.239021e+06
  344.4800 2.239188e+06
  344.4900 2.239355e+06
  344.5000 2.239521e+06
  344.5100 2.239688e+06
  344.5200 2.239855e+06
  344.5300 2.240022e+06
  344.5400 2.240188e+06
  344.5500 2.240355e+06
  344.5600 2.240522e+06
  344.5700 2.240688e+06
  344.5800 2.240855e+06
  344.5900 2.241021e+06
  344.6000 2.241188e+06
  344.6100 2.241355e+06
  344.6200 2.241521e+06
  344.6300 2.241688e+06
  344.6400 2.241854e+06
  344.6500 2.242021e+06
  344.6600 2.242187e+06
  344.6700 2.242354e+06
  344.6800 2.242520e+06
  344.6900 2.242687e+06
  344.7000 2.242853e+06
  344.7100 2.243019e+06
  344.7200 2.243186e+06
  344.7300 2.243352e+06
  344.7400 2.243518e+06
  344.7500 2.243685e+06
  344.7600 2.243851e+06
  344.7700 2.244017e+06
  344.7800 2.244184e+06
  344.7900 2.244350e+06
  344.8000 2.244516e+06
  344.8100 2.244682e+06
  344.8200 2.244849e+06
  344.8300 2.245015e+06
  344.8400 2.245181e+06
  344.8500 2.245347e+06
  344.8600 2.245513e+06
  344.8700 2.245680e+06
  344.8800 2.245846e+06
  344.8900 2.246012e+06
  344.9000 2.246178e+06
  344.9100 2.246344e+06
  344.9200 2.246510e+06
  344.9300 2.246676e+06
  344.9400 2.246842e+06
  344.9500 2.247008e+06
  344.9600 2.247174e+06
  344.9700 2.247340e+06
  344.9800 2.247506e+06
  344.9900 2.247672e+06
  345.0000 2.247838e+06
  345.0100 2.248004e+06
  345.0200 2.248170e+06
  345.0300 2.248335e+06
  345.0400 2.248501e+06
  345.0500 2.248667e+06
  345.0600 2.248833e+06
  345.0700 2.248999e+06
  345.0800 2.249165e+06
  345.0900 2.249330e+06
  345.1000 2.249496e+06
  345.1100 2.249662e+06
  345.1200 2.249828e+06
  345.1300 2.249993e+06
  345.1400 2.250159e+06
  345.1500 2.250325e+06
  345.1600 2.250490e+06
  345.1700 2.250656e+06
  345.1800 2.250822e+06
  345.1900 2.250987e+06
  345.2000 2.251153e+06
  345.2100 2.251318e+06
  345.2200 2.251484e+06
  345.2300 2.251649e+06
  345.2400 2.251815e+06
  345.2500 2.251981e+06
  345.2600 2.252146e+06
  345.2700 2.252311e+06
  345.2800 2.252477e+06
  345.2900 2.252642e+06
  345.3000 2.252808e+06
  345.3100 2.252973e+06
  345.3200 2.253139e+06
  345.3300 2.253304e+06
  345.3400 2.253469e+06
  345.3500 2.253635e+06
  345.3600 2.253800e+06
  345.3700 2.253965e+06
  345.3800 2.254131e+06
  345.3900 2.254296e+06
  345.4000 2.254461e+06
  345.4100 2.254626e+06
  345.4200 2.254792e+06
  345.4300 2.254957e+06
  345.4400 2.255122e+06
  345.4500 2.255287e+06
  345.4600 2.255452e+06
  345.4700 2.255617e+06
  345.4800 2.255783e+06
  345.4900 2.255948e+06
  345.5000 2.256113e+06
  345.5100 2.256278e+06
  345.5200 2.256443e+06
  345.5300 2.256608e+06
  345.5400 2.256773e+06
  345.5500 2.256938e+06
  345.5600 2.257103e+06
  345.5700 2.257268e+06
  345.5800 2.257433e+06
  345.5900 2.257598e+06
  345.6000 2.257763e+06
  345.6100 2.257928e+06
  345.6200 2.258093e+06
  345.6300 2.258257e+06
  345.6400 2.258422e+06
  345.6500 2.258587e+06
  345.6600 2.258752e+06
  345.6700 2.258917e+06
  345.6800 2.259081e+06
  345.6900 2.259246e+06
  345.7000 2.259411e+06
  345.7100 2.259576e+06
  345.7200 2.259740e+06
  345.7300 2.259905e+06
  345.7400 2.260070e+06
  345.7500 2.260234e+06
  345.7600 2.260399e+06
  345.7700 2.260564e+06
  345.7800 2.260728e+06
  345.7900 2.260893e+06
  345.8000 2.261058e+06
  345.8100 2.261222e+06
  345.8200 2.261387e+06
  345.8300 2.261551e+06
  345.8400 2.261716e+06
  345.8500 2.261880e+06
  345.8600 2.262045e+06
  345.8700 2.262209e+06
  345.8800 2.262374e+06
  345.8900 2.262538e+06
  345.9000 2.262702e+06
  345.9100 2.262867e+06
  345.9200 2.263031e+06
  345.9300 2.263195e+06
  345.9400 2.263360e+06
  345.9500 2.263524e+06
  345.9600 2.263688e+06
  345.9700 2.263853e+06
  345.9800 2.264017e+06
  345.9900 2.264181e+06
  346.0000 2.264345e+06
  346.0100 2.264510e+06
  346.0200 2.264674e+06
  346.0300 2.264838e+06
  346.0400 2.265002e+06
  346.0500 2.265166e+06
  346.0600 2.265331e+06
  346.0700 2.265495e+06
  346.0800 2.265659e+06
  346.0900 2.265823e+06
  346.1000 2.265987e+06
  346.1100 2.266151e+06
  346.1200 2.266315e+06
  346.1300 2.266479e+06
  346.1400 2.266643e+06
  346.1500 2.266807e+06
  346.1600 2.266971e+06
  346.1700 2.267135e+06
  346.1800 2.267299e+06
  346.1900 2.267463e+06
  346.2000 2.267627e+06
  346.2100 2.267790e+06
  346.2200 2.267954e+06
  346.2300 2.268118e+06
  346.2400 2.268282e+06
  346.2500 2.268446e+06
  346.2600 2.268610e+06
  346.2700 2.268773e+06
  346.2800 2.268937e+06
  346.2900 2.269101e+06
  346.3000 2.269264e+06
  346.3100 2.269428e+06
  346.3200 2.269592e+06
  346.3300 2.269756e+06
  346.3400 2.269919e+06
  346.3500 2.270083e+06
  346.3600 2.270246e+06
  346.3700 2.270410e+06
  346.3800 2.270574e+06
  346.3900 2.270737e+06
  346.4000 2.270901e+06
  346.4100 2.271064e+06
  346.4200 2.271228e+06
  346.4300 2.271391e+06
  346.4400 2.271555e+06
  346.4500 2.271718e+06
  346.4600 2.271882e+06
  346.4700 2.272045e+06
  346.4800 2.272208e+06
  346.4900 2.272372e+06
  346.5000 2.272535e+06
  346.5100 2.272699e+06
  346.5200 2.272862e+06
  346.5300 2.273025e+06
  346.5400 2.273189e+06
  346.5500 2.273352e+06
  346.5600 2.273515e+06
  346.5700 2.273678e+06
  346.5800 2.273842e+06
  346.5900 2.274005e+06
  346.6000 2.274168e+06
  346.6100 2.274331e+06
  346.6200 2.274494e+06
  346.6300 2.274658e+06
  346.6400 2.274821e+06
  346.6500 2.274984e+06
  346.6600 2.275147e+06
  346.6700 2.275310e+06
  346.6800 2.275473e+06
  346.6900 2.275636e+06
  346.7000 2.275799e+06
  346.7100 2.275962e+06
  346.7200 2.276125e+06
  346.7300 2.276288e+06
  346.7400 2.276451e+06
  346.7500 2.276614e+06
  346.7600 2.276777e+06
  346.7700 2.276940e+06
  346.7800 2.277103e+06
  346.7900 2.277266e+06
  346.8000 2.277428e+06
  346.8100 2.277591e+06
  346.8200 2.277754e+06
  346.8300 2.277917e+06
  346.8400 2.278080e+06
  346.8500 2.278243e+06
  346.8600 2.278405e+06
  346.8700 2.278568e+06
  346.8800 2.278731e+06
  346.8900 2.278893e+06
  346.9000 2.279056e+06
  346.9100 2.279219e+06
  346.9200 2.279381e+06
  346.9300 2.279544e+06
  346.9400 2.279707e+06
  346.9500 2.279869e+06
  346.9600 2.280032e+06
  346.9700 2.280194e+06
  346.9800 2.280357e+06
  346.9900 2.280520e+06
  347.0000 2.280682e+06
  347.0100 2.280845e+06
  347.0200 2.281007e+06
  347.0300 2.281170e+06
  347.0400 2.281332e+06
  347.0500 2.281494e+06
  347.0600 2.281657e+06
  347.0700 2.281819e+06
  347.0800 2.281982e+06
  347.0900 2.282144e+06
  347.1000 2.282306e+06
  347.1100 2.282469e+06
  347.1200 2.282631e+06
  347.1300 2.282793e+06
  347.1400 2.282956e+06
  347.1500 2.283118e+06
  347.1600 2.283280e+06
  347.1700 2.283442e+06
  347.1800 2.283605e+06
  347.1900 2.283767e+06
  347.2000 2.283929e+06
  347.2100 2.284091e+06
  347.2200 2.284253e+06
  347.2300 2.284415e+06
  347.2400 2.284577e+06
  347.2500 2.284740e+06
  347.2600 2.284902e+06
  347.2700 2.285064e+06
  347.2800 2.285226e+06
  347.2900 2.285388e+06
  347.3000 2.285550e+06
  347.3100 2.285712e+06
  347.3200 2.285874e+06
  347.3300 2.286036e+06
  347.3400 2.286198e+06
  347.3500 2.286360e+06
  347.3600 2.286521e+06
  347.3700 2.286683e+06
  347.3800 2.286845e+06
  347.3900 2.287007e+06
  347.4000 2.287169e+06
  347.4100 2.287331e+06
  347.4200 2.287493e+06
  347.4300 2.287654e+06
  347.4400 2.287816e+06
  347.4500 2.287978e+06
  347.4600 2.288140e+06
  347.4700 2.288301e+06
  347.4800 2.288463e+06
  347.4900 2.288625e+06
  347.5000 2.288786e+06
  347.5100 2.288948e+06
  347.5200 2.289110e+06
  347.5300 2.289271e+06
  347.5400 2.289433e+06
  347.5500 2.289594e+06
  347.5600 2.289756e+06
  347.5700 2.289918e+06
  347.5800 2.290079e+06
  347.5900 2.290241e+06
  347.6000 2.290402e+06
  347.6100 2.290564e+06
  347.6200 2.290725e+06
  347.6300 2.290887e+06
  347.6400 2.291048e+06
  347.6500 2.291209e+06
  347.6600 2.291371e+06
  347.6700 2.291532e+06
  347.6800 2.291694e+06
  347.6900 2.291855e+06
  347.7000 2.292016e+06
  347.7100 2.292178e+06
  347.7200 2.292339e+06
  347.7300 2.292500e+06
  347.7400 2.292661e+06
  347.7500 2.292823e+06
  347.7600 2.292984e+06
  347.7700 2.293145e+06
  347.7800 2.293306e+06
  347.7900 2.293467e+06
  347.8000 2.293629e+06
  347.8100 2.293790e+06
  347.8200 2.293951e+06
  347.8300 2.294112e+06
  347.8400 2.294273e+06
  347.8500 2.294434e+06
  347.8600 2.294595e+06
  347.8700 2.294756e+06
  347.8800 2.294917e+06
  347.8900 2.295078e+06
  347.9000 2.295239e+06
  347.9100 2.295400e+06
  347.9200 2.295561e+06
  347.9300 2.295722e+06
  347.9400 2.295883e+06
  347.9500 2.296044e+06
  347.9600 2.296205e+06
  347.9700 2.296366e+06
  347.9800 2.296527e+06
  347.9900 2.296687e+06
  348.0000 2.296848e+06
  348.0100 2.297009e+06
  348.0200 2.297170e+06
  348.0300 2.297331e+06
  348.0400 2.297491e+06
  348.0500 2.297652e+06
  348.0600 2.297813e+06
  348.0700 2.297974e+06
  348.0800 2.298134e+06
  348.0900 2.298295e+06
  348.1000 2.298456e+06
  348.1100 2.298616e+06
  348.1200 2.298777e+06
  348.1300 2.298937e+06
  348.1400 2.299098e+06
  348.1500 2.299259e+06
  348.1600 2.299419e+06
  348.1700 2.299580e+06
  348.1800 2.299740e+06
  348.1900 2.299901e+06
  348.2000 2.300061e+06
  348.2100 2.300222e+06
  348.2200 2.300382e+06
  348.2300 2.300543e+06
  348.2400 2.300703e+06
  348.2500 2.300863e+06
  348.2600 2.301024e+06
  348.2700 2.301184e+06
  348.2800 2.301345e+06
  348.2900 2.301505e+06
  348.3000 2.301665e+06
  348.3100 2.301826e+06
  348.3200 2.301986e+06
  348.3300 2.302146e+06
  348.3400 2.302306e+06
  348.3500 2.302467e+06
  348.3600 2.302627e+06
  348.3700 2.302787e+06
  348.3800 2.302947e+06
  348.3900 2.303107e+06
  348.4000 2.303268e+06
  348.4100 2.303428e+06
  348.4200 2.303588e+06
  348.4300 2.303748e+06
  348.4400 2.303908e+06
  348.4500 2.304068e+06
  348.4600 2.304228e+06
  348.4700 2.304388e+06
  348.4800 2.304548e+06
  348.4900 2.304708e+06
  348.5000 2.304868e+06
  348.5100 2.305028e+06
  348.5200 2.305188e+06
  348.5300 2.305348e+06
  348.5400 2.305508e+06
  348.5500 2.305668e+06
  348.5600 2.305828e+06
  348.5700 2.305988e+06
  348.5800 2.306147e+06
  348.5900 2.306307e+06
  348.6000 2.306467e+06
  348.6100 2.306627e+06
  348.6200 2.306787e+06
  348.6300 2.306946e+06
  348.6400 2.307106e+06
  348.6500 2.307266e+06
  348.6600 2.307426e+06
  348.6700 2.307585e+06
  348.6800 2.307745e+06
  348.6900 2.307905e+06
  348.7000 2.308064e+06
  348.7100 2.308224e+06
  348.7200 2.308384e+06
  348.7300 2.308543e+06
  348.7400 2.308703e+06
  348.7500 2.308862e+06
  348.7600 2.309022e+06
  348.7700 2.309181e+06
  348.7800 2.309341e+06
  348.7900 2.309500e+06
  348.8000 2.309660e+06
  348.8100 2.309819e+06
  348.8200 2.309979e+06
  348.8300 2.310138e+06
  348.8400 2.310298e+06
  348.8500 2.310457e+06
  348.8600 2.310616e+06
  348.8700 2.310776e+06
  348.8800 2.310935e+06
  348.8900 2.311095e+06
  348.9000 2.311254e+06
  348.9100 2.311413e+06
  348.9200 2.311572e+06
  348.9300 2.311732e+06
  348.9400 2.311891e+06
  348.9500 2.312050e+06
  348.9600 2.312209e+06
  348.9700 2.312369e+06
  348.9800 2.312528e+06
  348.9900 2.312687e+06
  349.0000 2.312846e+06
  349.0100 2.313005e+06
  349.0200 2.313164e+06
  349.0300 2.313323e+06
  349.0400 2.313483e+06
  349.0500 2.313642e+06
  349.0600 2.313801e+06
  349.0700 2.313960e+06
  349.0800 2.314119e+06
  349.0900 2.314278e+06
  349.1000 2.314437e+06
  349.1100 2.314596e+06
  349.1200 2.314755e+06
  349.1300 2.314914e+06
  349.1400 2.315072e+06
  349.1500 2.315231e+06
  349.1600 2.315390e+06
  349.1700 2.315549e+06
  349.1800 2.315708e+06
  349.1900 2.315867e+06
  349.2000 2.316026e+06
  349.2100 2.316184e+06
  349.2200 2.316343e+06
  349.2300 2.316502e+06
  349.2400 2.316661e+06
  349.2500 2.316819e+06
  349.2600 2.316978e+06
  349.2700 2.317137e+06
  349.2800 2.317296e+06
  349.2900 2.317454e+06
  349.3000 2.317613e+06
  349.3100 2.317772e+06
  349.3200 2.317930e+06
  349.3300 2.318089e+06
  349.3400 2.318247e+06
  349.3500 2.318406e+06
  349.3600 2.318564e+06
  349.3700 2.318723e+06
  349.3800 2.318882e+06
  349.3900 2.319040e+06
  349.4000 2.319199e+06
  349.4100 2.319357e+06
  349.4200 2.319515e+06
  349.4300 2.319674e+06
  349.4400 2.319832e+06
  349.4500 2.319991e+06
  349.4600 2.320149e+06
  349.4700 2.320307e+06
  349.4800 2.320466e+06
  349.4900 2.320624e+06
  349.5000 2.320782e+06
  349.5100 2.320941e+06
  349.5200 2.321099e+06
  349.5300 2.321257e+06
  349.5400 2.321416e+06
  349.5500 2.321574e+06
  349.5600 2.321732e+06
  349.5700 2.321890e+06
  349.5800 2.322048e+06
  349.5900 2.322207e+06
  349.6000 2.322365e+06
  349.6100 2.322523e+06
  349.6200 2.322681e+06
  349.6300 2.322839e+06
  349.6400 2.322997e+06
  349.6500 2.323155e+06
  349.6600 2.323313e+06
  349.6700 2.323471e+06
  349.6800 2.323629e+06
  349.6900 2.323787e+06
  349.7000 2.323945e+06
  349.7100 2.324103e+06
  349.7200 2.324261e+06
  349.7300 2.324419e+06
  349.7400 2.324577e+06
  349.7500 2.324735e+06
  349.7600 2.324893e+06
  349.7700 2.325051e+06
  349.7800 2.325209e+06
  349.7900 2.325367e+06
  349.8000 2.325524e+06
  349.8100 2.325682e+06
  349.8200 2.325840e+06
  349.8300 2.325998e+06
  349.8400 2.326156e+06
  349.8500 2.326313e+06
  349.8600 2.326471e+06
  349.8700 2.326629e+06
  349.8800 2.326786e+06
  349.8900 2.326944e+06
  349.9000 2.327102e+06
  349.9100 2.327259e+06
  349.9200 2.327417e+06
  349.9300 2.327575e+06
  349.9400 2.327732e+06
  349.9500 2.327890e+06
  349.9600 2.328047e+06
  349.9700 2.328205e+06
  349.9800 2.328363e+06
  349.9900 2.328520e+06
  350.0000 2.328678e+06
  350.0100 2.328835e+06
  350.0200 2.328993e+06
  350.0300 2.329150e+06
  350.0400 2.329307e+06
  350.0500 2.329465e+06
  350.0600 2.329622e+06
  350.0700 2.329780e+06
  350.0800 2.329937e+06
  350.0900 2.330094e+06
  350.1000 2.330252e+06
  350.1100 2.330409e+06
  350.1200 2.330566e+06
  350.1300 2.330724e+06
  350.1400 2.330881e+06
  350.1500 2.331038e+06
  350.1600 2.331195e+06
  350.1700 2.331353e+06
  350.1800 2.331510e+06
  350.1900 2.331667e+06
  350.2000 2.331824e+06
  350.2100 2.331981e+06
  350.2200 2.332138e+06
  350.2300 2.332295e+06
  350.2400 2.332453e+06
  350.2500 2.332610e+06
  350.2600 2.332767e+06
  350.2700 2.332924e+06
  350.2800 2.333081e+06
  350.2900 2.333238e+06
  350.3000 2.333395e+06
  350.3100 2.333552e+06
  350.3200 2.333709e+06
  350.3300 2.333866e+06
  350.3400 2.334023e+06
  350.3500 2.334180e+06
  350.3600 2.334337e+06
  350.3700 2.334493e+06
  350.3800 2.334650e+06
  350.3900 2.334807e+06
  350.4000 2.334964e+06
  350.4100 2.335121e+06
  350.4200 2.335278e+06
  350.4300 2.335434e+06
  350.4400 2.335591e+06
  350.4500 2.335748e+06
  350.4600 2.335905e+06
  350.4700 2.336061e+06
  350.4800 2.336218e+06
  350.4900 2.336375e+06
  350.5000 2.336532e+06
  350.5100 2.336688e+06
  350.5200 2.336845e+06
  350.5300 2.337002e+06
  350.5400 2.337158e+06
  350.5500 2.337315e+06
  350.5600 2.337471e+06
  350.5700 2.337628e+06
  350.5800 2.337784e+06
  350.5900 2.337941e+06
  350.6000 2.338097e+06
  350.6100 2.338254e+06
  350.6200 2.338410e+06
  350.6300 2.338567e+06
  350.6400 2.338723e+06
  350.6500 2.338880e+06
  350.6600 2.339036e+06
  350.6700 2.339193e+06
  350.6800 2.339349e+06
  350.6900 2.339505e+06
  350.7000 2.339662e+06
  350.7100 2.339818e+06
  350.7200 2.339974e+06
  350.7300 2.340131e+06
  350.7400 2.340287e+06
  350.7500 2.340443e+06
  350.7600 2.340600e+06
  350.7700 2.340756e+06
  350.7800 2.340912e+06
  350.7900 2.341068e+06
  350.8000 2.341224e+06
  350.8100 2.341381e+06
  350.8200 2.341537e+06
  350.8300 2.341693e+06
  350.8400 2.341849e+06
  350.8500 2.342005e+06
  350.8600 2.342161e+06
  350.8700 2.342317e+06
  350.8800 2.342473e+06
  350.8900 2.342629e+06
  350.9000 2.342785e+06
  350.9100 2.342941e+06
  350.9200 2.343097e+06
  350.9300 2.343253e+06
  350.9400 2.343409e+06
  350.9500 2.343565e+06
  350.9600 2.343721e+06
  350.9700 2.343877e+06
  350.9800 2.344033e+06
  350.9900 2.344189e+06
  351.0000 2.344345e+06
  351.0100 2.344501e+06
  351.0200 2.344656e+06
  351.0300 2.344812e+06
  351.0400 2.344968e+06
  351.0500 2.345124e+06
  351.0600 2.345280e+06
  351.0700 2.345435e+06
  351.0800 2.345591e+06
  351.0900 2.345747e+06
  351.1000 2.345903e+06
  351.1100 2.346058e+06
  351.1200 2.346214e+06
  351.1300 2.346370e+06
  351.1400 2.346525e+06
  351.1500 2.346681e+06
  351.1600 2.346836e+06
  351.1700 2.346992e+06
  351.1800 2.347148e+06
  351.1900 2.347303e+06
  351.2000 2.347459e+06
  351.2100 2.347614e+06
  351.2200 2.347770e+06
  351.2300 2.347925e+06
  351.2400 2.348081e+06
  351.2500 2.348236e+06
  351.2600 2.348392e+06
  351.2700 2.348547e+06
  351.2800 2.348702e+06
  351.2900 2.348858e+06
  351.3000 2.349013e+06
  351.3100 2.349169e+06
  351.3200 2.349324e+06
  351.3300 2.349479e+06
  351.3400 2.349635e+06
  351.3500 2.349790e+06
  351.3600 2.349945e+06
  351.3700 2.350100e+06
  351.3800 2.350256e+06
  351.3900 2.350411e+06
  351.4000 2.350566e+06
  351.4100 2.350721e+06
  351.4200 2.350877e+06
  351.4300 2.351032e+06
  351.4400 2.351187e+06
  351.4500 2.351342e+06
  351.4600 2.351497e+06
  351.4700 2.351652e+06
  351.4800 2.351807e+06
  351.4900 2.351962e+06
  351.5000 2.352117e+06
  351.5100 2.352272e+06
  351.5200 2.352427e+06
  351.5300 2.352582e+06
  351.5400 2.352737e+06
  351.5500 2.352892e+06
  351.5600 2.353047e+06
  351.5700 2.353202e+06
  351.5800 2.353357e+06
  351.5900 2.353512e+06
  351.6000 2.353667e+06
  351.6100 2.353822e+06
  351.6200 2.353977e+06
  351.6300 2.354132e+06
  351.6400 2.354287e+06
  351.6500 2.354441e+06
  351.6600 2.354596e+06
  351.6700 2.354751e+06
  351.6800 2.354906e+06
  351.6900 2.355060e+06
  351.7000 2.355215e+06
  351.7100 2.355370e+06
  351.7200 2.355525e+06
  351.7300 2.355679e+06
  351.7400 2.355834e+06
  351.7500 2.355989e+06
  351.7600 2.356143e+06
  351.7700 2.356298e+06
  351.7800 2.356452e+06
  351.7900 2.356607e+06
  351.8000 2.356762e+06
  351.8100 2.356916e+06
  351.8200 2.357071e+06
  351.8300 2.357225e+06
  351.8400 2.357380e+06
  351.8500 2.357534e+06
  351.8600 2.357689e+06
  351.8700 2.357843e+06
  351.8800 2.357998e+06
  351.8900 2.358152e+06
  351.9000 2.358307e+06
  351.9100 2.358461e+06
  351.9200 2.358615e+06
  351.9300 2.358770e+06
  351.9400 2.358924e+06
  351.9500 2.359078e+06
  351.9600 2.359233e+06
  351.9700 2.359387e+06
  351.9800 2.359541e+06
  351.9900 2.359696e+06
  352.0000 2.359850e+06
  352.0100 2.360004e+06
  352.0200 2.360158e+06
  352.0300 2.360312e+06
  352.0400 2.360467e+06
  352.0500 2.360621e+06
  352.0600 2.360775e+06
  352.0700 2.360929e+06
  352.0800 2.361083e+06
  352.0900 2.361237e+06
  352.1000 2.361391e+06
  352.1100 2.361545e+06
  352.1200 2.361700e+06
  352.1300 2.361854e+06
  352.1400 2.362008e+06
  352.1500 2.362162e+06
  352.1600 2.362316e+06
  352.1700 2.362470e+06
  352.1800 2.362624e+06
  352.1900 2.362778e+06
  352.2000 2.362931e+06
  352.2100 2.363085e+06
  352.2200 2.363239e+06
  352.2300 2.363393e+06
  352.2400 2.363547e+06
  352.2500 2.363701e+06
  352.2600 2.363855e+06
  352.2700 2.364009e+06
  352.2800 2.364162e+06
  352.2900 2.364316e+06
  352.3000 2.364470e+06
  352.3100 2.364624e+06
  352.3200 2.364777e+06
  352.3300 2.364931e+06
  352.3400 2.365085e+06
  352.3500 2.365239e+06
  352.3600 2.365392e+06
  352.3700 2.365546e+06
  352.3800 2.365700e+06
  352.3900 2.365853e+06
  352.4000 2.366007e+06
  352.4100 2.366160e+06
  352.4200 2.366314e+06
  352.4300 2.366468e+06
  352.4400 2.366621e+06
  352.4500 2.366775e+06
  352.4600 2.366928e+06
  352.4700 2.367082e+06
  352.4800 2.367235e+06
  352.4900 2.367389e+06
  352.5000 2.367542e+06
  352.5100 2.367696e+06
  352.5200 2.367849e+06
  352.5300 2.368002e+06
  352.5400 2.368156e+06
  352.5500 2.368309e+06
  352.5600 2.368462e+06
  352.5700 2.368616e+06
  352.5800 2.368769e+06
  352.5900 2.368922e+06
  352.6000 2.369076e+06
  352.6100 2.369229e+06
  352.6200 2.369382e+06
  352.6300 2.369536e+06
  352.6400 2.369689e+06
  352.6500 2.369842e+06
  352.6600 2.369995e+06
  352.6700 2.370148e+06
  352.6800 2.370302e+06
  352.6900 2.370455e+06
  352.7000 2.370608e+06
  352.7100 2.370761e+06
  352.7200 2.370914e+06
  352.7300 2.371067e+06
  352.7400 2.371220e+06
  352.7500 2.371373e+06
  352.7600 2.371526e+06
  352.7700 2.371679e+06
  352.7800 2.371832e+06
  352.7900 2.371985e+06
  352.8000 2.372138e+06
  352.8100 2.372291e+06
  352.8200 2.372444e+06
  352.8300 2.372597e+06
  352.8400 2.372750e+06
  352.8500 2.372903e+06
  352.8600 2.373056e+06
  352.8700 2.373209e+06
  352.8800 2.373362e+06
  352.8900 2.373514e+06
  352.9000 2.373667e+06
  352.9100 2.373820e+06
  352.9200 2.373973e+06
  352.9300 2.374126e+06
  352.9400 2.374278e+06
  352.9500 2.374431e+06
  352.9600 2.374584e+06
  352.9700 2.374737e+06
  352.9800 2.374889e+06
  352.9900 2.375042e+06
  353.0000 2.375195e+06
  353.0100 2.375347e+06
  353.0200 2.375500e+06
  353.0300 2.375653e+06
  353.0400 2.375805e+06
  353.0500 2.375958e+06
  353.0600 2.376110e+06
  353.0700 2.376263e+06
  353.0800 2.376415e+06
  353.0900 2.376568e+06
  353.1000 2.376720e+06
  353.1100 2.376873e+06
  353.1200 2.377025e+06
  353.1300 2.377178e+06
  353.1400 2.377330e+06
  353.1500 2.377483e+06
  353.1600 2.377635e+06
  353.1700 2.377787e+06
  353.1800 2.377940e+06
  353.1900 2.378092e+06
  353.2000 2.378245e+06
  353.2100 2.378397e+06
  353.2200 2.378549e+06
  353.2300 2.378701e+06
  353.2400 2.378854e+06
  353.2500 2.379006e+06
  353.2600 2.379158e+06
  353.2700 2.379311e+06
  353.2800 2.379463e+06
  353.2900 2.379615e+06
  353.3000 2.379767e+06
  353.3100 2.379919e+06
  353.3200 2.380071e+06
  353.3300 2.380224e+06
  353.3400 2.380376e+06
  353.3500 2.380528e+06
  353.3600 2.380680e+06
  353.3700 2.380832e+06
  353.3800 2.380984e+06
  353.3900 2.381136e+06
  353.4000 2.381288e+06
  353.4100 2.381440e+06
  353.4200 2.381592e+06
  353.4300 2.381744e+06
  353.4400 2.381896e+06
  353.4500 2.382048e+06
  353.4600 2.382200e+06
  353.4700 2.382352e+06
  353.4800 2.382504e+06
  353.4900 2.382656e+06
  353.5000 2.382808e+06
  353.5100 2.382959e+06
  353.5200 2.383111e+06
  353.5300 2.383263e+06
  353.5400 2.383415e+06
  353.5500 2.383567e+06
  353.5600 2.383719e+06
  353.5700 2.383870e+06
  353.5800 2.384022e+06
  353.5900 2.384174e+06
  353.6000 2.384326e+06
  353.6100 2.384477e+06
  353.6200 2.384629e+06
  353.6300 2.384781e+06
  353.6400 2.384932e+06
  353.6500 2.385084e+06
  353.6600 2.385235e+06
  353.6700 2.385387e+06
  353.6800 2.385539e+06
  353.6900 2.385690e+06
  353.7000 2.385842e+06
  353.7100 2.385993e+06
  353.7200 2.386145e+06
  353.7300 2.386296e+06
  353.7400 2.386448e+06
  353.7500 2.386599e+06
  353.7600 2.386751e+06
  353.7700 2.386902e+06
  353.7800 2.387054e+06
  353.7900 2.387205e+06
  353.8000 2.387357e+06
  353.8100 2.387508e+06
  353.8200 2.387659e+06
  353.8300 2.387811e+06
  353.8400 2.387962e+06
  353.8500 2.388113e+06
  353.8600 2.388265e+06
  353.8700 2.388416e+06
  353.8800 2.388567e+06
  353.8900 2.388719e+06
  353.9000 2.388870e+06
  353.9100 2.389021e+06
  353.9200 2.389172e+06
  353.9300 2.389323e+06
  353.9400 2.389475e+06
  353.9500 2.389626e+06
  353.9600 2.389777e+06
  353.9700 2.389928e+06
  353.9800 2.390079e+06
  353.9900 2.390230e+06
  354.0000 2.390381e+06
  354.0100 2.390532e+06
  354.0200 2.390684e+06
  354.0300 2.390835e+06
  354.0400 2.390986e+06
  354.0500 2.391137e+06
  354.0600 2.391288e+06
  354.0700 2.391439e+06
  354.0800 2.391590e+06
  354.0900 2.391740e+06
  354.1000 2.391891e+06
  354.1100 2.392042e+06
  354.1200 2.392193e+06
  354.1300 2.392344e+06
  354.1400 2.392495e+06
  354.1500 2.392646e+06
  354.1600 2.392797e+06
  354.1700 2.392948e+06
  354.1800 2.393098e+06
  354.1900 2.393249e+06
  354.2000 2.393400e+06
  354.2100 2.393551e+06
  354.2200 2.393701e+06
  354.2300 2.393852e+06
  354.2400 2.394003e+06
  354.2500 2.394154e+06
  354.2600 2.394304e+06
  354.2700 2.394455e+06
  354.2800 2.394606e+06
  354.2900 2.394756e+06
  354.3000 2.394907e+06
  354.3100 2.395057e+06
  354.3200 2.395208e+06
  354.3300 2.395359e+06
  354.3400 2.395509e+06
  354.3500 2.395660e+06
  354.3600 2.395810e+06
  354.3700 2.395961e+06
  354.3800 2.396111e+06
  354.3900 2.396262e+06
  354.4000 2.396412e+06
  354.4100 2.396563e+06
  354.4200 2.396713e+06
  354.4300 2.396864e+06
  354.4400 2.397014e+06
  354.4500 2.397164e+06
  354.4600 2.397315e+06
  354.4700 2.397465e+06
  354.4800 2.397615e+06
  354.4900 2.397766e+06
  354.5000 2.397916e+06
  354.5100 2.398066e+06
  354.5200 2.398217e+06
  354.5300 2.398367e+06
  354.5400 2.398517e+06
  354.5500 2.398667e+06
  354.5600 2.398818e+06
  354.5700 2.398968e+06
  354.5800 2.399118e+06
  354.5900 2.399268e+06
  354.6000 2.399418e+06
  354.6100 2.399569e+06
  354.6200 2.399719e+06
  354.6300 2.399869e+06
  354.6400 2.400019e+06
  354.6500 2.400169e+06
  354.6600 2.400319e+06
  354.6700 2.400469e+06
  354.6800 2.400619e+06
  354.6900 2.400769e+06
  354.7000 2.400919e+06
  354.7100 2.401069e+06
  354.7200 2.401219e+06
  354.7300 2.401369e+06
  354.7400 2.401519e+06
  354.7500 2.401669e+06
  354.7600 2.401819e+06
  354.7700 2.401969e+06
  354.7800 2.402119e+06
  354.7900 2.402268e+06
  354.8000 2.402418e+06
  354.8100 2.402568e+06
  354.8200 2.402718e+06
  354.8300 2.402868e+06
  354.8400 2.403018e+06
  354.8500 2.403167e+06
  354.8600 2.403317e+06
  354.8700 2.403467e+06
  354.8800 2.403617e+06
  354.8900 2.403766e+06
  354.9000 2.403916e+06
  354.9100 2.404066e+06
  354.9200 2.404215e+06
  354.9300 2.404365e+06
  354.9400 2.404515e+06
  354.9500 2.404664e+06
  354.9600 2.404814e+06
  354.9700 2.404963e+06
  354.9800 2.405113e+06
  354.9900 2.405263e+06
  355.0000 2.405412e+06
  355.0100 2.405562e+06
  355.0200 2.405711e+06
  355.0300 2.405861e+06
  355.0400 2.406010e+06
  355.0500 2.406160e+06
  355.0600 2.406309e+06
  355.0700 2.406458e+06
  355.0800 2.406608e+06
  355.0900 2.406757e+06
  355.1000 2.406907e+06
  355.1100 2.407056e+06
  355.1200 2.407205e+06
  355.1300 2.407355e+06
  355.1400 2.407504e+06
  355.1500 2.407653e+06
  355.1600 2.407803e+06
  355.1700 2.407952e+06
  355.1800 2.408101e+06
  355.1900 2.408250e+06
  355.2000 2.408400e+06
  355.2100 2.408549e+06
  355.2200 2.408698e+06
  355.2300 2.408847e+06
  355.2400 2.408996e+06
  355.2500 2.409146e+06
  355.2600 2.409295e+06
  355.2700 2.409444e+06
  355.2800 2.409593e+06
  355.2900 2.409742e+06
  355.3000 2.409891e+06
  355.3100 2.410040e+06
  355.3200 2.410189e+06
  355.3300 2.410338e+06
  355.3400 2.410487e+06
  355.3500 2.410636e+06
  355.3600 2.410785e+06
  355.3700 2.410934e+06
  355.3800 2.411083e+06
  355.3900 2.411232e+06
  355.4000 2.411381e+06
  355.4100 2.411530e+06
  355.4200 2.411679e+06
  355.4300 2.411828e+06
  355.4400 2.411977e+06
  355.4500 2.412126e+06
  355.4600 2.412274e+06
  355.4700 2.412423e+06
  355.4800 2.412572e+06
  355.4900 2.412721e+06
  355.5000 2.412870e+06
  355.5100 2.413018e+06
  355.5200 2.413167e+06
  355.5300 2.413316e+06
  355.5400 2.413465e+06
  355.5500 2.413613e+06
  355.5600 2.413762e+06
  355.5700 2.413911e+06
  355.5800 2.414059e+06
  355.5900 2.414208e+06
  355.6000 2.414357e+06
  355.6100 2.414505e+06
  355.6200 2.414654e+06
  355.6300 2.414802e+06
  355.6400 2.414951e+06
  355.6500 2.415099e+06
  355.6600 2.415248e+06
  355.6700 2.415396e+06
  355.6800 2.415545e+06
  355.6900 2.415693e+06
  355.7000 2.415842e+06
  355.7100 2.415990e+06
  355.7200 2.416139e+06
  355.7300 2.416287e+06
  355.7400 2.416436e+06
  355.7500 2.416584e+06
  355.7600 2.416732e+06
  355.7700 2.416881e+06
  355.7800 2.417029e+06
  355.7900 2.417177e+06
  355.8000 2.417326e+06
  355.8100 2.417474e+06
  355.8200 2.417622e+06
  355.8300 2.417771e+06
  355.8400 2.417919e+06
  355.8500 2.418067e+06
  355.8600 2.418215e+06
  355.8700 2.418364e+06
  355.8800 2.418512e+06
  355.8900 2.418660e+06
  355.9000 2.418808e+06
  355.9100 2.418956e+06
  355.9200 2.419104e+06
  355.9300 2.419252e+06
  355.9400 2.419401e+06
  355.9500 2.419549e+06
  355.9600 2.419697e+06
  355.9700 2.419845e+06
  355.9800 2.419993e+06
  355.9900 2.420141e+06
  356.0000 2.420289e+06
  356.0100 2.420437e+06
  356.0200 2.420585e+06
  356.0300 2.420733e+06
  356.0400 2.420881e+06
  356.0500 2.421029e+06
  356.0600 2.421177e+06
  356.0700 2.421325e+06
  356.0800 2.421472e+06
  356.0900 2.421620e+06
  356.1000 2.421768e+06
  356.1100 2.421916e+06
  356.1200 2.422064e+06
  356.1300 2.422212e+06
  356.1400 2.422359e+06
  356.1500 2.422507e+06
  356.1600 2.422655e+06
  356.1700 2.422803e+06
  356.1800 2.422950e+06
  356.1900 2.423098e+06
  356.2000 2.423246e+06
  356.2100 2.423394e+06
  356.2200 2.423541e+06
  356.2300 2.423689e+06
  356.2400 2.423837e+06
  356.2500 2.423984e+06
  356.2600 2.424132e+06
  356.2700 2.424279e+06
  356.2800 2.424427e+06
  356.2900 2.424575e+06
  356.3000 2.424722e+06
  356.3100 2.424870e+06
  356.3200 2.425017e+06
  356.3300 2.425165e+06
  356.3400 2.425312e+06
  356.3500 2.425460e+06
  356.3600 2.425607e+06
  356.3700 2.425755e+06
  356.3800 2.425902e+06
  356.3900 2.426050e+06
  356.4000 2.426197e+06
  356.4100 2.426344e+06
  356.4200 2.426492e+06
  356.4300 2.426639e+06
  356.4400 2.426786e+06
  356.4500 2.426934e+06
  356.4600 2.427081e+06
  356.4700 2.427228e+06
  356.4800 2.427376e+06
  356.4900 2.427523e+06
  356.5000 2.427670e+06
  356.5100 2.427817e+06
  356.5200 2.427965e+06
  356.5300 2.428112e+06
  356.5400 2.428259e+06
  356.5500 2.428406e+06
  356.5600 2.428553e+06
  356.5700 2.428701e+06
  356.5800 2.428848e+06
  356.5900 2.428995e+06
  356.6000 2.429142e+06
  356.6100 2.429289e+06
  356.6200 2.429436e+06
  356.6300 2.429583e+06
  356.6400 2.429730e+06
  356.6500 2.429877e+06
  356.6600 2.430024e+06
  356.6700 2.430171e+06
  356.6800 2.430318e+06
  356.6900 2.430465e+06
  356.7000 2.430612e+06
  356.7100 2.430759e+06
  356.7200 2.430906e+06
  356.7300 2.431053e+06
  356.7400 2.431200e+06
  356.7500 2.431347e+06
  356.7600 2.431494e+06
  356.7700 2.431640e+06
  356.7800 2.431787e+06
  356.7900 2.431934e+06
  356.8000 2.432081e+06
  356.8100 2.432228e+06
  356.8200 2.432374e+06
  356.8300 2.432521e+06
  356.8400 2.432668e+06
  356.8500 2.432815e+06
  356.8600 2.432961e+06
  356.8700 2.433108e+06
  356.8800 2.433255e+06
  356.8900 2.433401e+06
  356.9000 2.433548e+06
  356.9100 2.433695e+06
  356.9200 2.433841e+06
  356.9300 2.433988e+06
  356.9400 2.434134e+06
  356.9500 2.434281e+06
  356.9600 2.434428e+06
  356.9700 2.434574e+06
  356.9800 2.434721e+06
  356.9900 2.434867e+06
  357.0000 2.435014e+06
  357.0100 2.435160e+06
  357.0200 2.435307e+06
  357.0300 2.435453e+06
  357.0400 2.435600e+06
  357.0500 2.435746e+06
  357.0600 2.435892e+06
  357.0700 2.436039e+06
  357.0800 2.436185e+06
  357.0900 2.436332e+06
  357.1000 2.436478e+06
  357.1100 2.436624e+06
  357.1200 2.436771e+06
  357.1300 2.436917e+06
  357.1400 2.437063e+06
  357.1500 2.437209e+06
  357.1600 2.437356e+06
  357.1700 2.437502e+06
  357.1800 2.437648e+06
  357.1900 2.437794e+06
  357.2000 2.437941e+06
  357.2100 2.438087e+06
  357.2200 2.438233e+06
  357.2300 2.438379e+06
  357.2400 2.438525e+06
  357.2500 2.438671e+06
  357.2600 2.438818e+06
  357.2700 2.438964e+06
  357.2800 2.439110e+06
  357.2900 2.439256e+06
  357.3000 2.439402e+06
  357.3100 2.439548e+06
  357.3200 2.439694e+06
  357.3300 2.439840e+06
  357.3400 2.439986e+06
  357.3500 2.440132e+06
  357.3600 2.440278e+06
  357.3700 2.440424e+06
  357.3800 2.440570e+06
  357.3900 2.440716e+06
  357.4000 2.440862e+06
  357.4100 2.441007e+06
  357.4200 2.441153e+06
  357.4300 2.441299e+06
  357.4400 2.441445e+06
  357.4500 2.441591e+06
  357.4600 2.441737e+06
  357.4700 2.441883e+06
  357.4800 2.442028e+06
  357.4900 2.442174e+06
  357.5000 2.442320e+06
  357.5100 2.442466e+06
  357.5200 2.442611e+06
  357.5300 2.442757e+06
  357.5400 2.442903e+06
  357.5500 2.443048e+06
  357.5600 2.443194e+06
  357.5700 2.443340e+06
  357.5800 2.443485e+06
  357.5900 2.443631e+06
  357.6000 2.443777e+06
  357.6100 2.443922e+06
  357.6200 2.444068e+06
  357.6300 2.444213e+06
  357.6400 2.444359e+06
  357.6500 2.444504e+06
  357.6600 2.444650e+06
  357.6700 2.444795e+06
  357.6800 2.444941e+06
  357.6900 2.445086e+06
  357.7000 2.445232e+06
  357.7100 2.445377e+06
  357.7200 2.445523e+06
  357.7300 2.445668e+06
  357.7400 2.445814e+06
  357.7500 2.445959e+06
  357.7600 2.446104e+06
  357.7700 2.446250e+06
  357.7800 2.446395e+06
  357.7900 2.446540e+06
  357.8000 2.446686e+06
  357.8100 2.446831e+06
  357.8200 2.446976e+06
  357.8300 2.447121e+06
  357.8400 2.447267e+06
  357.8500 2.447412e+06
  357.8600 2.447557e+06
  357.8700 2.447702e+06
  357.8800 2.447848e+06
  357.8900 2.447993e+06
  357.9000 2.448138e+06
  357.9100 2.448283e+06
  357.9200 2.448428e+06
  357.9300 2.448573e+06
  357.9400 2.448718e+06
  357.9500 2.448864e+06
  357.9600 2.449009e+06
  357.9700 2.449154e+06
  357.9800 2.449299e+06
  357.9900 2.449444e+06
  358.0000 2.449589e+06
  358.0100 2.449734e+06
  358.0200 2.449879e+06
  358.0300 2.450024e+06
  358.0400 2.450169e+06
  358.0500 2.450314e+06
  358.0600 2.450459e+06
  358.0700 2.450603e+06
  358.0800 2.450748e+06
  358.0900 2.450893e+06
  358.1000 2.451038e+06
  358.1100 2.451183e+06
  358.1200 2.451328e+06
  358.1300 2.451473e+06
  358.1400 2.451617e+06
  358.1500 2.451762e+06
  358.1600 2.451907e+06
  358.1700 2.452052e+06
  358.1800 2.452196e+06
  358.1900 2.452341e+06
  358.2000 2.452486e+06
  358.2100 2.452631e+06
  358.2200 2.452775e+06
  358.2300 2.452920e+06
  358.2400 2.453065e+06
  358.2500 2.453209e+06
  358.2600 2.453354e+06
  358.2700 2.453499e+06
  358.2800 2.453643e+06
  358.2900 2.453788e+06
  358.3000 2.453932e+06
  358.3100 2.454077e+06
  358.3200 2.454221e+06
  358.3300 2.454366e+06
  358.3400 2.454510e+06
  358.3500 2.454655e+06
  358.3600 2.454799e+06
  358.3700 2.454944e+06
  358.3800 2.455088e+06
  358.3900 2.455233e+06
  358.4000 2.455377e+06
  358.4100 2.455522e+06
  358.4200 2.455666e+06
  358.4300 2.455810e+06
  358.4400 2.455955e+06
  358.4500 2.456099e+06
  358.4600 2.456243e+06
  358.4700 2.456388e+06
  358.4800 2.456532e+06
  358.4900 2.456676e+06
  358.5000 2.456821e+06
  358.5100 2.456965e+06
  358.5200 2.457109e+06
  358.5300 2.457253e+06
  358.5400 2.457398e+06
  358.5500 2.457542e+06
  358.5600 2.457686e+06
  358.5700 2.457830e+06
  358.5800 2.457974e+06
  358.5900 2.458119e+06
  358.6000 2.458263e+06
  358.6100 2.458407e+06
  358.6200 2.458551e+06
  358.6300 2.458695e+06
  358.6400 2.458839e+06
  358.6500 2.458983e+06
  358.6600 2.459127e+06
  358.6700 2.459271e+06
  358.6800 2.459415e+06
  358.6900 2.459559e+06
  358.7000 2.459703e+06
  358.7100 2.459847e+06
  358.7200 2.459991e+06
  358.7300 2.460135e+06
  358.7400 2.460279e+06
  358.7500 2.460423e+06
  358.7600 2.460567e+06
  358.7700 2.460711e+06
  358.7800 2.460855e+06
  358.7900 2.460998e+06
  358.8000 2.461142e+06
  358.8100 2.461286e+06
  358.8200 2.461430e+06
  358.8300 2.461574e+06
  358.8400 2.461717e+06
  358.8500 2.461861e+06
  358.8600 2.462005e+06
  358.8700 2.462149e+06
  358.8800 2.462292e+06
  358.8900 2.462436e+06
  358.9000 2.462580e+06
  358.9100 2.462724e+06
  358.9200 2.462867e+06
  358.9300 2.463011e+06
  358.9400 2.463154e+06
  358.9500 2.463298e+06
  358.9600 2.463442e+06
  358.9700 2.463585e+06
  358.9800 2.463729e+06
  358.9900 2.463872e+06
  359.0000 2.464016e+06
  359.0100 2.464159e+06
  359.0200 2.464303e+06
  359.0300 2.464447e+06
  359.0400 2.464590e+06
  359.0500 2.464733e+06
  359.0600 2.464877e+06
  359.0700 2.465020e+06
  359.0800 2.465164e+06
  359.0900 2.465307e+06
  359.1000 2.465451e+06
  359.1100 2.465594e+06
  359.1200 2.465737e+06
  359.1300 2.465881e+06
  359.1400 2.466024e+06
  359.1500 2.466167e+06
  359.1600 2.466311e+06
  359.1700 2.466454e+06
  359.1800 2.466597e+06
  359.1900 2.466741e+06
  359.2000 2.466884e+06
  359.2100 2.467027e+06
  359.2200 2.467170e+06
  359.2300 2.467314e+06
  359.2400 2.467457e+06
  359.2500 2.467600e+06
  359.2600 2.467743e+06
  359.2700 2.467886e+06
  359.2800 2.468029e+06
  359.2900 2.468172e+06
  359.3000 2.468316e+06
  359.3100 2.468459e+06
  359.3200 2.468602e+06
  359.3300 2.468745e+06
  359.3400 2.468888e+06
  359.3500 2.469031e+06
  359.3600 2.469174e+06
  359.3700 2.469317e+06
  359.3800 2.469460e+06
  359.3900 2.469603e+06
  359.4000 2.469746e+06
  359.4100 2.469889e+06
  359.4200 2.470032e+06
  359.4300 2.470175e+06
  359.4400 2.470318e+06
  359.4500 2.470461e+06
  359.4600 2.470603e+06
  359.4700 2.470746e+06
  359.4800 2.470889e+06
  359.4900 2.471032e+06
  359.5000 2.471175e+06
  359.5100 2.471318e+06
  359.5200 2.471460e+06
  359.5300 2.471603e+06
  359.5400 2.471746e+06
  359.5500 2.471889e+06
  359.5600 2.472031e+06
  359.5700 2.472174e+06
  359.5800 2.472317e+06
  359.5900 2.472460e+06
  359.6000 2.472602e+06
  359.6100 2.472745e+06
  359.6200 2.472888e+06
  359.6300 2.473030e+06
  359.6400 2.473173e+06
  359.6500 2.473315e+06
  359.6600 2.473458e+06
  359.6700 2.473601e+06
  359.6800 2.473743e+06
  359.6900 2.473886e+06
  359.7000 2.474028e+06
  359.7100 2.474171e+06
  359.7200 2.474313e+06
  359.7300 2.474456e+06
  359.7400 2.474598e+06
  359.7500 2.474741e+06
  359.7600 2.474883e+06
  359.7700 2.475025e+06
  359.7800 2.475168e+06
  359.7900 2.475310e+06
  359.8000 2.475453e+06
  359.8100 2.475595e+06
  359.8200 2.475737e+06
  359.8300 2.475880e+06
  359.8400 2.476022e+06
  359.8500 2.476164e+06
  359.8600 2.476307e+06
  359.8700 2.476449e+06
  359.8800 2.476591e+06
  359.8900 2.476734e+06
  359.9000 2.476876e+06
  359.9100 2.477018e+06
  359.9200 2.477160e+06
  359.9300 2.477302e+06
  359.9400 2.477445e+06
  359.9500 2.477587e+06
  359.9600 2.477729e+06
  359.9700 2.477871e+06
  359.9800 2.478013e+06
  359.9900 2.478155e+06
  360.0000 2.478297e+06
  360.0100 2.478440e+06
  360.0200 2.478582e+06
  360.0300 2.478724e+06
  360.0400 2.478866e+06
  360.0500 2.479008e+06
  360.0600 2.479150e+06
  360.0700 2.479292e+06
  360.0800 2.479434e+06
  360.0900 2.479576e+06
  360.1000 2.479718e+06
  360.1100 2.479860e+06
  360.1200 2.480002e+06
  360.1300 2.480143e+06
  360.1400 2.480285e+06
  360.1500 2.480427e+06
  360.1600 2.480569e+06
  360.1700 2.480711e+06
  360.1800 2.480853e+06
  360.1900 2.480995e+06
  360.2000 2.481136e+06
  360.2100 2.481278e+06
  360.2200 2.481420e+06
  360.2300 2.481562e+06
  360.2400 2.481704e+06
  360.2500 2.481845e+06
  360.2600 2.481987e+06
  360.2700 2.482129e+06
  360.2800 2.482270e+06
  360.2900 2.482412e+06
  360.3000 2.482554e+06
  360.3100 2.482695e+06
  360.3200 2.482837e+06
  360.3300 2.482979e+06
  360.3400 2.483120e+06
  360.3500 2.483262e+06
  360.3600 2.483404e+06
  360.3700 2.483545e+06
  360.3800 2.483687e+06
  360.3900 2.483828e+06
  360.4000 2.483970e+06
  360.4100 2.484111e+06
  360.4200 2.484253e+06
  360.4300 2.484394e+06
  360.4400 2.484536e+06
  360.4500 2.484677e+06
  360.4600 2.484819e+06
  360.4700 2.484960e+06
  360.4800 2.485101e+06
  360.4900 2.485243e+06
  360.5000 2.485384e+06
  360.5100 2.485526e+06
  360.5200 2.485667e+06
  360.5300 2.485808e+06
  360.5400 2.485950e+06
  360.5500 2.486091e+06
  360.5600 2.486232e+06
  360.5700 2.486373e+06
  360.5800 2.486515e+06
  360.5900 2.486656e+06
  360.6000 2.486797e+06
  360.6100 2.486938e+06
  360.6200 2.487080e+06
  360.6300 2.487221e+06
  360.6400 2.487362e+06
  360.6500 2.487503e+06
  360.6600 2.487644e+06
  360.6700 2.487786e+06
  360.6800 2.487927e+06
  360.6900 2.488068e+06
  360.7000 2.488209e+06
  360.7100 2.488350e+06
  360.7200 2.488491e+06
  360.7300 2.488632e+06
  360.7400 2.488773e+06
  360.7500 2.488914e+06
  360.7600 2.489055e+06
  360.7700 2.489196e+06
  360.7800 2.489337e+06
  360.7900 2.489478e+06
  360.8000 2.489619e+06
  360.8100 2.489760e+06
  360.8200 2.489901e+06
  360.8300 2.490042e+06
  360.8400 2.490183e+06
  360.8500 2.490324e+06
  360.8600 2.490465e+06
  360.8700 2.490605e+06
  360.8800 2.490746e+06
  360.8900 2.490887e+06
  360.9000 2.491028e+06
  360.9100 2.491169e+06
  360.9200 2.491309e+06
  360.9300 2.491450e+06
  360.9400 2.491591e+06
  360.9500 2.491732e+06
  360.9600 2.491872e+06
  360.9700 2.492013e+06
  360.9800 2.492154e+06
  360.9900 2.492295e+06
  361.0000 2.492435e+06
  361.0100 2.492576e+06
  361.0200 2.492717e+06
  361.0300 2.492857e+06
  361.0400 2.492998e+06
  361.0500 2.493138e+06
  361.0600 2.493279e+06
  361.0700 2.493420e+06
  361.0800 2.493560e+06
  361.0900 2.493701e+06
  361.1000 2.493841e+06
  361.1100 2.493982e+06
  361.1200 2.494122e+06
  361.1300 2.494263e+06
  361.1400 2.494403e+06
  361.1500 2.494544e+06
  361.1600 2.494684e+06
  361.1700 2.494825e+06
  361.1800 2.494965e+06
  361.1900 2.495105e+06
  361.2000 2.495246e+06
  361.2100 2.495386e+06
  361.2200 2.495527e+06
  361.2300 2.495667e+06
  361.2400 2.495807e+06
  361.2500 2.495948e+06
  361.2600 2.496088e+06
  361.2700 2.496228e+06
  361.2800 2.496368e+06
  361.2900 2.496509e+06
  361.3000 2.496649e+06
  361.3100 2.496789e+06
  361.3200 2.496929e+06
  361.3300 2.497070e+06
  361.3400 2.497210e+06
  361.3500 2.497350e+06
  361.3600 2.497490e+06
  361.3700 2.497630e+06
  361.3800 2.497770e+06
  361.3900 2.497911e+06
  361.4000 2.498051e+06
  361.4100 2.498191e+06
  361.4200 2.498331e+06
  361.4300 2.498471e+06
  361.4400 2.498611e+06
  361.4500 2.498751e+06
  361.4600 2.498891e+06
  361.4700 2.499031e+06
  361.4800 2.499171e+06
  361.4900 2.499311e+06
  361.5000 2.499451e+06
  361.5100 2.499591e+06
  361.5200 2.499731e+06
  361.5300 2.499871e+06
  361.5400 2.500011e+06
  361.5500 2.500151e+06
  361.5600 2.500290e+06
  361.5700 2.500430e+06
  361.5800 2.500570e+06
  361.5900 2.500710e+06
  361.6000 2.500850e+06
  361.6100 2.500990e+06
  361.6200 2.501129e+06
  361.6300 2.501269e+06
  361.6400 2.501409e+06
  361.6500 2.501549e+06
  361.6600 2.501689e+06
  361.6700 2.501828e+06
  361.6800 2.501968e+06
  361.6900 2.502108e+06
  361.7000 2.502247e+06
  361.7100 2.502387e+06
  361.7200 2.502527e+06
  361.7300 2.502666e+06
  361.7400 2.502806e+06
  361.7500 2.502946e+06
  361.7600 2.503085e+06
  361.7700 2.503225e+06
  361.7800 2.503364e+06
  361.7900 2.503504e+06
  361.8000 2.503643e+06
  361.8100 2.503783e+06
  361.8200 2.503923e+06
  361.8300 2.504062e+06
  361.8400 2.504202e+06
  361.8500 2.504341e+06
  361.8600 2.504480e+06
  361.8700 2.504620e+06
  361.8800 2.504759e+06
  361.8900 2.504899e+06
  361.9000 2.505038e+06
  361.9100 2.505178e+06
  361.9200 2.505317e+06
  361.9300 2.505456e+06
  361.9400 2.505596e+06
  361.9500 2.505735e+06
  361.9600 2.505874e+06
  361.9700 2.506014e+06
  361.9800 2.506153e+06
  361.9900 2.506292e+06
  362.0000 2.506431e+06
  362.0100 2.506571e+06
  362.0200 2.506710e+06
  362.0300 2.506849e+06
  362.0400 2.506988e+06
  362.0500 2.507128e+06
  362.0600 2.507267e+06
  362.0700 2.507406e+06
  362.0800 2.507545e+06
  362.0900 2.507684e+06
  362.1000 2.507823e+06
  362.1100 2.507963e+06
  362.1200 2.508102e+06
  362.1300 2.508241e+06
  362.1400 2.508380e+06
  362.1500 2.508519e+06
  362.1600 2.508658e+06
  362.1700 2.508797e+06
  362.1800 2.508936e+06
  362.1900 2.509075e+06
  362.2000 2.509214e+06
  362.2100 2.509353e+06
  362.2200 2.509492e+06
  362.2300 2.509631e+06
  362.2400 2.509770e+06
  362.2500 2.509909e+06
  362.2600 2.510048e+06
  362.2700 2.510186e+06
  362.2800 2.510325e+06
  362.2900 2.510464e+06
  362.3000 2.510603e+06
  362.3100 2.510742e+06
  362.3200 2.510881e+06
  362.3300 2.511020e+06
  362.3400 2.511158e+06
  362.3500 2.511297e+06
  362.3600 2.511436e+06
  362.3700 2.511575e+06
  362.3800 2.511713e+06
  362.3900 2.511852e+06
  362.4000 2.511991e+06
  362.4100 2.512129e+06
  362.4200 2.512268e+06
  362.4300 2.512407e+06
  362.4400 2.512545e+06
  362.4500 2.512684e+06
  362.4600 2.512823e+06
  362.4700 2.512961e+06
  362.4800 2.513100e+06
  362.4900 2.513239e+06
  362.5000 2.513377e+06
  362.5100 2.513516e+06
  362.5200 2.513654e+06
  362.5300 2.513793e+06
  362.5400 2.513931e+06
  362.5500 2.514070e+06
  362.5600 2.514208e+06
  362.5700 2.514347e+06
  362.5800 2.514485e+06
  362.5900 2.514624e+06
  362.6000 2.514762e+06
  362.6100 2.514901e+06
  362.6200 2.515039e+06
  362.6300 2.515177e+06
  362.6400 2.515316e+06
  362.6500 2.515454e+06
  362.6600 2.515592e+06
  362.6700 2.515731e+06
  362.6800 2.515869e+06
  362.6900 2.516007e+06
  362.7000 2.516146e+06
  362.7100 2.516284e+06
  362.7200 2.516422e+06
  362.7300 2.516560e+06
  362.7400 2.516699e+06
  362.7500 2.516837e+06
  362.7600 2.516975e+06
  362.7700 2.517113e+06
  362.7800 2.517252e+06
  362.7900 2.517390e+06
  362.8000 2.517528e+06
  362.8100 2.517666e+06
  362.8200 2.517804e+06
  362.8300 2.517942e+06
  362.8400 2.518080e+06
  362.8500 2.518218e+06
  362.8600 2.518357e+06
  362.8700 2.518495e+06
  362.8800 2.518633e+06
  362.8900 2.518771e+06
  362.9000 2.518909e+06
  362.9100 2.519047e+06
  362.9200 2.519185e+06
  362.9300 2.519323e+06
  362.9400 2.519461e+06
  362.9500 2.519599e+06
  362.9600 2.519737e+06
  362.9700 2.519874e+06
  362.9800 2.520012e+06
  362.9900 2.520150e+06
  363.0000 2.520288e+06
  363.0100 2.520426e+06
  363.0200 2.520564e+06
  363.0300 2.520702e+06
  363.0400 2.520840e+06
  363.0500 2.520977e+06
  363.0600 2.521115e+06
  363.0700 2.521253e+06
  363.0800 2.521391e+06
  363.0900 2.521528e+06
  363.1000 2.521666e+06
  363.1100 2.521804e+06
  363.1200 2.521942e+06
  363.1300 2.522079e+06
  363.1400 2.522217e+06
  363.1500 2.522355e+06
  363.1600 2.522492e+06
  363.1700 2.522630e+06
  363.1800 2.522768e+06
  363.1900 2.522905e+06
  363.2000 2.523043e+06
  363.2100 2.523181e+06
  363.2200 2.523318e+06
  363.2300 2.523456e+06
  363.2400 2.523593e+06
  363.2500 2.523731e+06
  363.2600 2.523868e+06
  363.2700 2.524006e+06
  363.2800 2.524143e+06
  363.2900 2.524281e+06
  363.3000 2.524418e+06
  363.3100 2.524556e+06
  363.3200 2.524693e+06
  363.3300 2.524831e+06
  363.3400 2.524968e+06
  363.3500 2.525105e+06
  363.3600 2.525243e+06
  363.3700 2.525380e+06
  363.3800 2.525518e+06
  363.3900 2.525655e+06
  363.4000 2.525792e+06
  363.4100 2.525930e+06
  363.4200 2.526067e+06
  363.4300 2.526204e+06
  363.4400 2.526341e+06
  363.4500 2.526479e+06
  363.4600 2.526616e+06
  363.4700 2.526753e+06
  363.4800 2.526890e+06
  363.4900 2.527028e+06
  363.5000 2.527165e+06
  363.5100 2.527302e+06
  363.5200 2.527439e+06
  363.5300 2.527576e+06
  363.5400 2.527713e+06
  363.5500 2.527851e+06
  363.5600 2.527988e+06
  363.5700 2.528125e+06
  363.5800 2.528262e+06
  363.5900 2.528399e+06
  363.6000 2.528536e+06
  363.6100 2.528673e+06
  363.6200 2.528810e+06
  363.6300 2.528947e+06
  363.6400 2.529084e+06
  363.6500 2.529221e+06
  363.6600 2.529358e+06
  363.6700 2.529495e+06
  363.6800 2.529632e+06
  363.6900 2.529769e+06
  363.7000 2.529906e+06
  363.7100 2.530043e+06
  363.7200 2.530180e+06
  363.7300 2.530317e+06
  363.7400 2.530453e+06
  363.7500 2.530590e+06
  363.7600 2.530727e+06
  363.7700 2.530864e+06
  363.7800 2.531001e+06
  363.7900 2.531138e+06
  363.8000 2.531274e+06
  363.8100 2.531411e+06
  363.8200 2.531548e+06
  363.8300 2.531685e+06
  363.8400 2.531821e+06
  363.8500 2.531958e+06
  363.8600 2.532095e+06
  363.8700 2.532232e+06
  363.8800 2.532368e+06
  363.8900 2.532505e+06
  363.9000 2.532642e+06
  363.9100 2.532778e+06
  363.9200 2.532915e+06
  363.9300 2.533051e+06
  363.9400 2.533188e+06
  363.9500 2.533325e+06
  363.9600 2.533461e+06
  363.9700 2.533598e+06
  363.9800 2.533734e+06
  363.9900 2.533871e+06
  364.0000 2.534007e+06
  364.0100 2.534144e+06
  364.0200 2.534280e+06
  364.0300 2.534417e+06
  364.0400 2.534553e+06
  364.0500 2.534690e+06
  364.0600 2.534826e+06
  364.0700 2.534963e+06
  364.0800 2.535099e+06
  364.0900 2.535235e+06
  364.1000 2.535372e+06
  364.1100 2.535508e+06
  364.1200 2.535644e+06
  364.1300 2.535781e+06
  364.1400 2.535917e+06
  364.1500 2.536053e+06
  364.1600 2.536190e+06
  364.1700 2.536326e+06
  364.1800 2.536462e+06
  364.1900 2.536599e+06
  364.2000 2.536735e+06
  364.2100 2.536871e+06
  364.2200 2.537007e+06
  364.2300 2.537143e+06
  364.2400 2.537280e+06
  364.2500 2.537416e+06
  364.2600 2.537552e+06
  364.2700 2.537688e+06
  364.2800 2.537824e+06
  364.2900 2.537960e+06
  364.3000 2.538097e+06
  364.3100 2.538233e+06
  364.3200 2.538369e+06
  364.3300 2.538505e+06
  364.3400 2.538641e+06
  364.3500 2.538777e+06
  364.3600 2.538913e+06
  364.3700 2.539049e+06
  364.3800 2.539185e+06
  364.3900 2.539321e+06
  364.4000 2.539457e+06
  364.4100 2.539593e+06
  364.4200 2.539729e+06
  364.4300 2.539865e+06
  364.4400 2.540001e+06
  364.4500 2.540137e+06
  364.4600 2.540273e+06
  364.4700 2.540408e+06
  364.4800 2.540544e+06
  364.4900 2.540680e+06
  364.5000 2.540816e+06
  364.5100 2.540952e+06
  364.5200 2.541088e+06
  364.5300 2.541223e+06
  364.5400 2.541359e+06
  364.5500 2.541495e+06
  364.5600 2.541631e+06
  364.5700 2.541767e+06
  364.5800 2.541902e+06
  364.5900 2.542038e+06
  364.6000 2.542174e+06
  364.6100 2.542309e+06
  364.6200 2.542445e+06
  364.6300 2.542581e+06
  364.6400 2.542716e+06
  364.6500 2.542852e+06
  364.6600 2.542988e+06
  364.6700 2.543123e+06
  364.6800 2.543259e+06
  364.6900 2.543394e+06
  364.7000 2.543530e+06
  364.7100 2.543666e+06
  364.7200 2.543801e+06
  364.7300 2.543937e+06
  364.7400 2.544072e+06
  364.7500 2.544208e+06
  364.7600 2.544343e+06
  364.7700 2.544479e+06
  364.7800 2.544614e+06
  364.7900 2.544750e+06
  364.8000 2.544885e+06
  364.8100 2.545020e+06
  364.8200 2.545156e+06
  364.8300 2.545291e+06
  364.8400 2.545427e+06
  364.8500 2.545562e+06
  364.8600 2.545697e+06
  364.8700 2.545833e+06
  364.8800 2.545968e+06
  364.8900 2.546103e+06
  364.9000 2.546239e+06
  364.9100 2.546374e+06
  364.9200 2.546509e+06
  364.9300 2.546645e+06
  364.9400 2.546780e+06
  364.9500 2.546915e+06
  364.9600 2.547050e+06
  364.9700 2.547185e+06
  364.9800 2.547321e+06
  364.9900 2.547456e+06
  365.0000 2.547591e+06
  365.0100 2.547726e+06
  365.0200 2.547861e+06
  365.0300 2.547996e+06
  365.0400 2.548132e+06
  365.0500 2.548267e+06
  365.0600 2.548402e+06
  365.0700 2.548537e+06
  365.0800 2.548672e+06
  365.0900 2.548807e+06
  365.1000 2.548942e+06
  365.1100 2.549077e+06
  365.1200 2.549212e+06
  365.1300 2.549347e+06
  365.1400 2.549482e+06
  365.1500 2.549617e+06
  365.1600 2.549752e+06
  365.1700 2.549887e+06
  365.1800 2.550022e+06
  365.1900 2.550157e+06
  365.2000 2.550292e+06
  365.2100 2.550427e+06
  365.2200 2.550562e+06
  365.2300 2.550696e+06
  365.2400 2.550831e+06
  365.2500 2.550966e+06
  365.2600 2.551101e+06
  365.2700 2.551236e+06
  365.2800 2.551371e+06
  365.2900 2.551505e+06
  365.3000 2.551640e+06
  365.3100 2.551775e+06
  365.3200 2.551910e+06
  365.3300 2.552044e+06
  365.3400 2.552179e+06
  365.3500 2.552314e+06
  365.3600 2.552448e+06
  365.3700 2.552583e+06
  365.3800 2.552718e+06
  365.3900 2.552852e+06
  365.4000 2.552987e+06
  365.4100 2.553122e+06
  365.4200 2.553256e+06
  365.4300 2.553391e+06
  365.4400 2.553526e+06
  365.4500 2.553660e+06
  365.4600 2.553795e+06
  365.4700 2.553929e+06
  365.4800 2.554064e+06
  365.4900 2.554198e+06
  365.5000 2.554333e+06
  365.5100 2.554467e+06
  365.5200 2.554602e+06
  365.5300 2.554736e+06
  365.5400 2.554871e+06
  365.5500 2.555005e+06
  365.5600 2.555140e+06
  365.5700 2.555274e+06
  365.5800 2.555408e+06
  365.5900 2.555543e+06
  365.6000 2.555677e+06
  365.6100 2.555812e+06
  365.6200 2.555946e+06
  365.6300 2.556080e+06
  365.6400 2.556215e+06
  365.6500 2.556349e+06
  365.6600 2.556483e+06
  365.6700 2.556617e+06
  365.6800 2.556752e+06
  365.6900 2.556886e+06
  365.7000 2.557020e+06
  365.7100 2.557154e+06
  365.7200 2.557289e+06
  365.7300 2.557423e+06
  365.7400 2.557557e+06
  365.7500 2.557691e+06
  365.7600 2.557825e+06
  365.7700 2.557960e+06
  365.7800 2.558094e+06
  365.7900 2.558228e+06
  365.8000 2.558362e+06
  365.8100 2.558496e+06
  365.8200 2.558630e+06
  365.8300 2.558764e+06
  365.8400 2.558898e+06
  365.8500 2.559032e+06
  365.8600 2.559166e+06
  365.8700 2.559300e+06
  365.8800 2.559434e+06
  365.8900 2.559568e+06
  365.9000 2.559702e+06
  365.9100 2.559836e+06
  365.9200 2.559970e+06
  365.9300 2.560104e+06
  365.9400 2.560238e+06
  365.9500 2.560372e+06
  365.9600 2.560506e+06
  365.9700 2.560640e+06
  365.9800 2.560774e+06
  365.9900 2.560908e+06
  366.0000 2.561041e+06
  366.0100 2.561175e+06
  366.0200 2.561309e+06
  366.0300 2.561443e+06
  366.0400 2.561577e+06
  366.0500 2.561710e+06
  366.0600 2.561844e+06
  366.0700 2.561978e+06
  366.0800 2.562112e+06
  366.0900 2.562245e+06
  366.1000 2.562379e+06
  366.1100 2.562513e+06
  366.1200 2.562647e+06
  366.1300 2.562780e+06
  366.1400 2.562914e+06
  366.1500 2.563048e+06
  366.1600 2.563181e+06
  366.1700 2.563315e+06
  366.1800 2.563448e+06
  366.1900 2.563582e+06
  366.2000 2.563716e+06
  366.2100 2.563849e+06
  366.2200 2.563983e+06
  366.2300 2.564116e+06
  366.2400 2.564250e+06
  366.2500 2.564383e+06
  366.2600 2.564517e+06
  366.2700 2.564650e+06
  366.2800 2.564784e+06
  366.2900 2.564917e+06
  366.3000 2.565051e+06
  366.3100 2.565184e+06
  366.3200 2.565318e+06
  366.3300 2.565451e+06
  366.3400 2.565585e+06
  366.3500 2.565718e+06
  366.3600 2.565851e+06
  366.3700 2.565985e+06
  366.3800 2.566118e+06
  366.3900 2.566251e+06
  366.4000 2.566385e+06
  366.4100 2.566518e+06
  366.4200 2.566651e+06
  366.4300 2.566785e+06
  366.4400 2.566918e+06
  366.4500 2.567051e+06
  366.4600 2.567184e+06
  366.4700 2.567318e+06
  366.4800 2.567451e+06
  366.4900 2.567584e+06
  366.5000 2.567717e+06
  366.5100 2.567850e+06
  366.5200 2.567984e+06
  366.5300 2.568117e+06
  366.5400 2.568250e+06
  366.5500 2.568383e+06
  366.5600 2.568516e+06
  366.5700 2.568649e+06
  366.5800 2.568782e+06
  366.5900 2.568915e+06
  366.6000 2.569048e+06
  366.6100 2.569182e+06
  366.6200 2.569315e+06
  366.6300 2.569448e+06
  366.6400 2.569581e+06
  366.6500 2.569714e+06
  366.6600 2.569847e+06
  366.6700 2.569980e+06
  366.6800 2.570113e+06
  366.6900 2.570246e+06
  366.7000 2.570378e+06
  366.7100 2.570511e+06
  366.7200 2.570644e+06
  366.7300 2.570777e+06
  366.7400 2.570910e+06
  366.7500 2.571043e+06
  366.7600 2.571176e+06
  366.7700 2.571309e+06
  366.7800 2.571441e+06
  366.7900 2.571574e+06
  366.8000 2.571707e+06
  366.8100 2.571840e+06
  366.8200 2.571973e+06
  366.8300 2.572105e+06
  366.8400 2.572238e+06
  366.8500 2.572371e+06
  366.8600 2.572504e+06
  366.8700 2.572636e+06
  366.8800 2.572769e+06
  366.8900 2.572902e+06
  366.9000 2.573034e+06
  366.9100 2.573167e+06
  366.9200 2.573300e+06
  366.9300 2.573432e+06
  366.9400 2.573565e+06
  366.9500 2.573698e+06
  366.9600 2.573830e+06
  366.9700 2.573963e+06
  366.9800 2.574095e+06
  366.9900 2.574228e+06
  367.0000 2.574360e+06
  367.0100 2.574493e+06
  367.0200 2.574626e+06
  367.0300 2.574758e+06
  367.0400 2.574891e+06
  367.0500 2.575023e+06
  367.0600 2.575156e+06
  367.0700 2.575288e+06
  367.0800 2.575420e+06
  367.0900 2.575553e+06
  367.1000 2.575685e+06
  367.1100 2.575818e+06
  367.1200 2.575950e+06
  367.1300 2.576082e+06
  367.1400 2.576215e+06
  367.1500 2.576347e+06
  367.1600 2.576479e+06
  367.1700 2.576612e+06
  367.1800 2.576744e+06
  367.1900 2.576876e+06
  367.2000 2.577009e+06
  367.2100 2.577141e+06
  367.2200 2.577273e+06
  367.2300 2.577406e+06
  367.2400 2.577538e+06
  367.2500 2.577670e+06
  367.2600 2.577802e+06
  367.2700 2.577934e+06
  367.2800 2.578067e+06
  367.2900 2.578199e+06
  367.3000 2.578331e+06
  367.3100 2.578463e+06
  367.3200 2.578595e+06
  367.3300 2.578727e+06
  367.3400 2.578859e+06
  367.3500 2.578992e+06
  367.3600 2.579124e+06
  367.3700 2.579256e+06
  367.3800 2.579388e+06
  367.3900 2.579520e+06
  367.4000 2.579652e+06
  367.4100 2.579784e+06
  367.4200 2.579916e+06
  367.4300 2.580048e+06
  367.4400 2.580180e+06
  367.4500 2.580312e+06
  367.4600 2.580444e+06
  367.4700 2.580576e+06
  367.4800 2.580708e+06
  367.4900 2.580840e+06
  367.5000 2.580971e+06
  367.5100 2.581103e+06
  367.5200 2.581235e+06
  367.5300 2.581367e+06
  367.5400 2.581499e+06
  367.5500 2.581631e+06
  367.5600 2.581763e+06
  367.5700 2.581894e+06
  367.5800 2.582026e+06
  367.5900 2.582158e+06
  367.6000 2.582290e+06
  367.6100 2.582422e+06
  367.6200 2.582553e+06
  367.6300 2.582685e+06
  367.6400 2.582817e+06
  367.6500 2.582948e+06
  367.6600 2.583080e+06
  367.6700 2.583212e+06
  367.6800 2.583344e+06
  367.6900 2.583475e+06
  367.7000 2.583607e+06
  367.7100 2.583738e+06
  367.7200 2.583870e+06
  367.7300 2.584002e+06
  367.7400 2.584133e+06
  367.7500 2.584265e+06
  367.7600 2.584396e+06
  367.7700 2.584528e+06
  367.7800 2.584660e+06
  367.7900 2.584791e+06
  367.8000 2.584923e+06
  367.8100 2.585054e+06
  367.8200 2.585186e+06
  367.8300 2.585317e+06
  367.8400 2.585449e+06
  367.8500 2.585580e+06
  367.8600 2.585711e+06
  367.8700 2.585843e+06
  367.8800 2.585974e+06
  367.8900 2.586106e+06
  367.9000 2.586237e+06
  367.9100 2.586368e+06
  367.9200 2.586500e+06
  367.9300 2.586631e+06
  367.9400 2.586763e+06
  367.9500 2.586894e+06
  367.9600 2.587025e+06
  367.9700 2.587156e+06
  367.9800 2.587288e+06
  367.9900 2.587419e+06
  368.0000 2.587550e+06
  368.0100 2.587682e+06
  368.0200 2.587813e+06
  368.0300 2.587944e+06
  368.0400 2.588075e+06
  368.0500 2.588206e+06
  368.0600 2.588338e+06
  368.0700 2.588469e+06
  368.0800 2.588600e+06
  368.0900 2.588731e+06
  368.1000 2.588862e+06
  368.1100 2.588993e+06
  368.1200 2.589124e+06
  368.1300 2.589256e+06
  368.1400 2.589387e+06
  368.1500 2.589518e+06
  368.1600 2.589649e+06
  368.1700 2.589780e+06
  368.1800 2.589911e+06
  368.1900 2.590042e+06
  368.2000 2.590173e+06
  368.2100 2.590304e+06
  368.2200 2.590435e+06
  368.2300 2.590566e+06
  368.2400 2.590697e+06
  368.2500 2.590828e+06
  368.2600 2.590959e+06
  368.2700 2.591090e+06
  368.2800 2.591221e+06
  368.2900 2.591351e+06
  368.3000 2.591482e+06
  368.3100 2.591613e+06
  368.3200 2.591744e+06
  368.3300 2.591875e+06
  368.3400 2.592006e+06
  368.3500 2.592137e+06
  368.3600 2.592267e+06
  368.3700 2.592398e+06
  368.3800 2.592529e+06
  368.3900 2.592660e+06
  368.4000 2.592791e+06
  368.4100 2.592921e+06
  368.4200 2.593052e+06
  368.4300 2.593183e+06
  368.4400 2.593313e+06
  368.4500 2.593444e+06
  368.4600 2.593575e+06
  368.4700 2.593705e+06
  368.4800 2.593836e+06
  368.4900 2.593967e+06
  368.5000 2.594097e+06
  368.5100 2.594228e+06
  368.5200 2.594359e+06
  368.5300 2.594489e+06
  368.5400 2.594620e+06
  368.5500 2.594750e+06
  368.5600 2.594881e+06
  368.5700 2.595011e+06
  368.5800 2.595142e+06
  368.5900 2.595273e+06
  368.6000 2.595403e+06
  368.6100 2.595534e+06
  368.6200 2.595664e+06
  368.6300 2.595794e+06
  368.6400 2.595925e+06
  368.6500 2.596055e+06
  368.6600 2.596186e+06
  368.6700 2.596316e+06
  368.6800 2.596447e+06
  368.6900 2.596577e+06
  368.7000 2.596707e+06
  368.7100 2.596838e+06
  368.7200 2.596968e+06
  368.7300 2.597098e+06
  368.7400 2.597229e+06
  368.7500 2.597359e+06
  368.7600 2.597489e+06
  368.7700 2.597620e+06
  368.7800 2.597750e+06
  368.7900 2.597880e+06
  368.8000 2.598010e+06
  368.8100 2.598141e+06
  368.8200 2.598271e+06
  368.8300 2.598401e+06
  368.8400 2.598531e+06
  368.8500 2.598662e+06
  368.8600 2.598792e+06
  368.8700 2.598922e+06
  368.8800 2.599052e+06
  368.8900 2.599182e+06
  368.9000 2.599312e+06
  368.9100 2.599442e+06
  368.9200 2.599573e+06
  368.9300 2.599703e+06
  368.9400 2.599833e+06
  368.9500 2.599963e+06
  368.9600 2.600093e+06
  368.9700 2.600223e+06
  368.9800 2.600353e+06
  368.9900 2.600483e+06
  369.0000 2.600613e+06
  369.0100 2.600743e+06
  369.0200 2.600873e+06
  369.0300 2.601003e+06
  369.0400 2.601133e+06
  369.0500 2.601263e+06
  369.0600 2.601393e+06
  369.0700 2.601523e+06
  369.0800 2.601653e+06
  369.0900 2.601782e+06
  369.1000 2.601912e+06
  369.1100 2.602042e+06
  369.1200 2.602172e+06
  369.1300 2.602302e+06
  369.1400 2.602432e+06
  369.1500 2.602561e+06
  369.1600 2.602691e+06
  369.1700 2.602821e+06
  369.1800 2.602951e+06
  369.1900 2.603081e+06
  369.2000 2.603210e+06
  369.2100 2.603340e+06
  369.2200 2.603470e+06
  369.2300 2.603600e+06
  369.2400 2.603729e+06
  369.2500 2.603859e+06
  369.2600 2.603989e+06
  369.2700 2.604118e+06
  369.2800 2.604248e+06
  369.2900 2.604378e+06
  369.3000 2.604507e+06
  369.3100 2.604637e+06
  369.3200 2.604766e+06
  369.3300 2.604896e+06
  369.3400 2.605026e+06
  369.3500 2.605155e+06
  369.3600 2.605285e+06
  369.3700 2.605414e+06
  369.3800 2.605544e+06
  369.3900 2.605673e+06
  369.4000 2.605803e+06
  369.4100 2.605932e+06
  369.4200 2.606062e+06
  369.4300 2.606191e+06
  369.4400 2.606321e+06
  369.4500 2.606450e+06
  369.4600 2.606580e+06
  369.4700 2.606709e+06
  369.4800 2.606838e+06
  369.4900 2.606968e+06
  369.5000 2.607097e+06
  369.5100 2.607227e+06
  369.5200 2.607356e+06
  369.5300 2.607485e+06
  369.5400 2.607615e+06
  369.5500 2.607744e+06
  369.5600 2.607873e+06
  369.5700 2.608003e+06
  369.5800 2.608132e+06
  369.5900 2.608261e+06
  369.6000 2.608390e+06
  369.6100 2.608520e+06
  369.6200 2.608649e+06
  369.6300 2.608778e+06
  369.6400 2.608907e+06
  369.6500 2.609036e+06
  369.6600 2.609166e+06
  369.6700 2.609295e+06
  369.6800 2.609424e+06
  369.6900 2.609553e+06
  369.7000 2.609682e+06
  369.7100 2.609811e+06
  369.7200 2.609940e+06
  369.7300 2.610070e+06
  369.7400 2.610199e+06
  369.7500 2.610328e+06
  369.7600 2.610457e+06
  369.7700 2.610586e+06
  369.7800 2.610715e+06
  369.7900 2.610844e+06
  369.8000 2.610973e+06
  369.8100 2.611102e+06
  369.8200 2.611231e+06
  369.8300 2.611360e+06
  369.8400 2.611489e+06
  369.8500 2.611618e+06
  369.8600 2.611747e+06
  369.8700 2.611876e+06
  369.8800 2.612004e+06
  369.8900 2.612133e+06
  369.9000 2.612262e+06
  369.9100 2.612391e+06
  369.9200 2.612520e+06
  369.9300 2.612649e+06
  369.9400 2.612778e+06
  369.9500 2.612906e+06
  369.9600 2.613035e+06
  369.9700 2.613164e+06
  369.9800 2.613293e+06
  369.9900 2.613422e+06
  370.0000 2.613550e+06
  370.0100 2.613679e+06
  370.0200 2.613808e+06
  370.0300 2.613937e+06
  370.0400 2.614065e+06
  370.0500 2.614194e+06
  370.0600 2.614323e+06
  370.0700 2.614451e+06
  370.0800 2.614580e+06
  370.0900 2.614709e+06
  370.1000 2.614837e+06
  370.1100 2.614966e+06
  370.1200 2.615095e+06
  370.1300 2.615223e+06
  370.1400 2.615352e+06
  370.1500 2.615480e+06
  370.1600 2.615609e+06
  370.1700 2.615738e+06
  370.1800 2.615866e+06
  370.1900 2.615995e+06
  370.2000 2.616123e+06
  370.2100 2.616252e+06
  370.2200 2.616380e+06
  370.2300 2.616509e+06
  370.2400 2.616637e+06
  370.2500 2.616765e+06
  370.2600 2.616894e+06
  370.2700 2.617022e+06
  370.2800 2.617151e+06
  370.2900 2.617279e+06
  370.3000 2.617408e+06
  370.3100 2.617536e+06
  370.3200 2.617664e+06
  370.3300 2.617793e+06
  370.3400 2.617921e+06
  370.3500 2.618049e+06
  370.3600 2.618178e+06
  370.3700 2.618306e+06
  370.3800 2.618434e+06
  370.3900 2.618563e+06
  370.4000 2.618691e+06
  370.4100 2.618819e+06
  370.4200 2.618947e+06
  370.4300 2.619076e+06
  370.4400 2.619204e+06
  370.4500 2.619332e+06
  370.4600 2.619460e+06
  370.4700 2.619588e+06
  370.4800 2.619717e+06
  370.4900 2.619845e+06
  370.5000 2.619973e+06
  370.5100 2.620101e+06
  370.5200 2.620229e+06
  370.5300 2.620357e+06
  370.5400 2.620485e+06
  370.5500 2.620613e+06
  370.5600 2.620742e+06
  370.5700 2.620870e+06
  370.5800 2.620998e+06
  370.5900 2.621126e+06
  370.6000 2.621254e+06
  370.6100 2.621382e+06
  370.6200 2.621510e+06
  370.6300 2.621638e+06
  370.6400 2.621766e+06
  370.6500 2.621894e+06
  370.6600 2.622022e+06
  370.6700 2.622150e+06
  370.6800 2.622277e+06
  370.6900 2.622405e+06
  370.7000 2.622533e+06
  370.7100 2.622661e+06
  370.7200 2.622789e+06
  370.7300 2.622917e+06
  370.7400 2.623045e+06
  370.7500 2.623173e+06
  370.7600 2.623301e+06
  370.7700 2.623428e+06
  370.7800 2.623556e+06
  370.7900 2.623684e+06
  370.8000 2.623812e+06
  370.8100 2.623939e+06
  370.8200 2.624067e+06
  370.8300 2.624195e+06
  370.8400 2.624323e+06
  370.8500 2.624450e+06
  370.8600 2.624578e+06
  370.8700 2.624706e+06
  370.8800 2.624834e+06
  370.8900 2.624961e+06
  370.9000 2.625089e+06
  370.9100 2.625217e+06
  370.9200 2.625344e+06
  370.9300 2.625472e+06
  370.9400 2.625599e+06
  370.9500 2.625727e+06
  370.9600 2.625855e+06
  370.9700 2.625982e+06
  370.9800 2.626110e+06
  370.9900 2.626237e+06
  371.0000 2.626365e+06
  371.0100 2.626492e+06
  371.0200 2.626620e+06
  371.0300 2.626747e+06
  371.0400 2.626875e+06
  371.0500 2.627002e+06
  371.0600 2.627130e+06
  371.0700 2.627257e+06
  371.0800 2.627385e+06
  371.0900 2.627512e+06
  371.1000 2.627640e+06
  371.1100 2.627767e+06
  371.1200 2.627894e+06
  371.1300 2.628022e+06
  371.1400 2.628149e+06
  371.1500 2.628277e+06
  371.1600 2.628404e+06
  371.1700 2.628531e+06
  371.1800 2.628659e+06
  371.1900 2.628786e+06
  371.2000 2.628913e+06
  371.2100 2.629040e+06
  371.2200 2.629168e+06
  371.2300 2.629295e+06
  371.2400 2.629422e+06
  371.2500 2.629549e+06
  371.2600 2.629677e+06
  371.2700 2.629804e+06
  371.2800 2.629931e+06
  371.2900 2.630058e+06
  371.3000 2.630185e+06
  371.3100 2.630313e+06
  371.3200 2.630440e+06
  371.3300 2.630567e+06
  371.3400 2.630694e+06
  371.3500 2.630821e+06
  371.3600 2.630948e+06
  371.3700 2.631075e+06
  371.3800 2.631202e+06
  371.3900 2.631330e+06
  371.4000 2.631457e+06
  371.4100 2.631584e+06
  371.4200 2.631711e+06
  371.4300 2.631838e+06
  371.4400 2.631965e+06
  371.4500 2.632092e+06
  371.4600 2.632219e+06
  371.4700 2.632346e+06
  371.4800 2.632473e+06
  371.4900 2.632600e+06
  371.5000 2.632727e+06
  371.5100 2.632853e+06
  371.5200 2.632980e+06
  371.5300 2.633107e+06
  371.5400 2.633234e+06
  371.5500 2.633361e+06
  371.5600 2.633488e+06
  371.5700 2.633615e+06
  371.5800 2.633742e+06
  371.5900 2.633868e+06
  371.6000 2.633995e+06
  371.6100 2.634122e+06
  371.6200 2.634249e+06
  371.6300 2.634376e+06
  371.6400 2.634502e+06
  371.6500 2.634629e+06
  371.6600 2.634756e+06
  371.6700 2.634883e+06
  371.6800 2.635009e+06
  371.6900 2.635136e+06
  371.7000 2.635263e+06
  371.7100 2.635390e+06
  371.7200 2.635516e+06
  371.7300 2.635643e+06
  371.7400 2.635770e+06
  371.7500 2.635896e+06
  371.7600 2.636023e+06
  371.7700 2.636149e+06
  371.7800 2.636276e+06
  371.7900 2.636403e+06
  371.8000 2.636529e+06
  371.8100 2.636656e+06
  371.8200 2.636782e+06
  371.8300 2.636909e+06
  371.8400 2.637035e+06
  371.8500 2.637162e+06
  371.8600 2.637288e+06
  371.8700 2.637415e+06
  371.8800 2.637541e+06
  371.8900 2.637668e+06
  371.9000 2.637794e+06
  371.9100 2.637921e+06
  371.9200 2.638047e+06
  371.9300 2.638174e+06
  371.9400 2.638300e+06
  371.9500 2.638426e+06
  371.9600 2.638553e+06
  371.9700 2.638679e+06
  371.9800 2.638806e+06
  371.9900 2.638932e+06
  372.0000 2.639058e+06
  372.0100 2.639185e+06
  372.0200 2.639311e+06
  372.0300 2.639437e+06
  372.0400 2.639564e+06
  372.0500 2.639690e+06
  372.0600 2.639816e+06
  372.0700 2.639942e+06
  372.0800 2.640069e+06
  372.0900 2.640195e+06
  372.1000 2.640321e+06
  372.1100 2.640447e+06
  372.1200 2.640573e+06
  372.1300 2.640700e+06
  372.1400 2.640826e+06
  372.1500 2.640952e+06
  372.1600 2.641078e+06
  372.1700 2.641204e+06
  372.1800 2.641330e+06
  372.1900 2.641457e+06
  372.2000 2.641583e+06
  372.2100 2.641709e+06
  372.2200 2.641835e+06
  372.2300 2.641961e+06
  372.2400 2.642087e+06
  372.2500 2.642213e+06
  372.2600 2.642339e+06
  372.2700 2.642465e+06
  372.2800 2.642591e+06
  372.2900 2.642717e+06
  372.3000 2.642843e+06
  372.3100 2.642969e+06
  372.3200 2.643095e+06
  372.3300 2.643221e+06
  372.3400 2.643347e+06
  372.3500 2.643473e+06
  372.3600 2.643599e+06
  372.3700 2.643725e+06
  372.3800 2.643850e+06
  372.3900 2.643976e+06
  372.4000 2.644102e+06
  372.4100 2.644228e+06
  372.4200 2.644354e+06
  372.4300 2.644480e+06
  372.4400 2.644606e+06
  372.4500 2.644731e+06
  372.4600 2.644857e+06
  372.4700 2.644983e+06
  372.4800 2.645109e+06
  372.4900 2.645234e+06
  372.5000 2.645360e+06
  372.5100 2.645486e+06
  372.5200 2.645612e+06
  372.5300 2.645737e+06
  372.5400 2.645863e+06
  372.5500 2.645989e+06
  372.5600 2.646114e+06
  372.5700 2.646240e+06
  372.5800 2.646366e+06
  372.5900 2.646491e+06
  372.6000 2.646617e+06
  372.6100 2.646743e+06
  372.6200 2.646868e+06
  372.6300 2.646994e+06
  372.6400 2.647119e+06
  372.6500 2.647245e+06
  372.6600 2.647371e+06
  372.6700 2.647496e+06
  372.6800 2.647622e+06
  372.6900 2.647747e+06
  372.7000 2.647873e+06
  372.7100 2.647998e+06
  372.7200 2.648124e+06
  372.7300 2.648249e+06
  372.7400 2.648375e+06
  372.7500 2.648500e+06
  372.7600 2.648626e+06
  372.7700 2.648751e+06
  372.7800 2.648876e+06
  372.7900 2.649002e+06
  372.8000 2.649127e+06
  372.8100 2.649253e+06
  372.8200 2.649378e+06
  372.8300 2.649503e+06
  372.8400 2.649629e+06
  372.8500 2.649754e+06
  372.8600 2.649879e+06
  372.8700 2.650005e+06
  372.8800 2.650130e+06
  372.8900 2.650255e+06
  372.9000 2.650381e+06
  372.9100 2.650506e+06
  372.9200 2.650631e+06
  372.9300 2.650756e+06
  372.9400 2.650882e+06
  372.9500 2.651007e+06
  372.9600 2.651132e+06
  372.9700 2.651257e+06
  372.9800 2.651382e+06
  372.9900 2.651508e+06
  373.0000 2.651633e+06
  373.0100 2.651758e+06
  373.0200 2.651883e+06
  373.0300 2.652008e+06
  373.0400 2.652133e+06
  373.0500 2.652258e+06
  373.0600 2.652383e+06
  373.0700 2.652509e+06
  373.0800 2.652634e+06
  373.0900 2.652759e+06
  373.1000 2.652884e+06
  373.1100 2.653009e+06
  373.1200 2.653134e+06
  373.1300 2.653259e+06
  373.1400 2.653384e+06
  373.1500 2.653509e+06
  373.1600 2.653634e+06
  373.1700 2.653759e+06
  373.1800 2.653884e+06
  373.1900 2.654009e+06
  373.2000 2.654134e+06
  373.2100 2.654258e+06
  373.2200 2.654383e+06
  373.2300 2.654508e+06
  373.2400 2.654633e+06
  373.2500 2.654758e+06
  373.2600 2.654883e+06
  373.2700 2.655008e+06
  373.2800 2.655133e+06
  373.2900 2.655257e+06
  373.3000 2.655382e+06
  373.3100 2.655507e+06
  373.3200 2.655632e+06
  373.3300 2.655757e+06
  373.3400 2.655881e+06
  373.3500 2.656006e+06
  373.3600 2.656131e+06
  373.3700 2.656256e+06
  373.3800 2.656380e+06
  373.3900 2.656505e+06
  373.4000 2.656630e+06
  373.4100 2.656754e+06
  373.4200 2.656879e+06
  373.4300 2.657004e+06
  373.4400 2.657128e+06
  373.4500 2.657253e+06
  373.4600 2.657378e+06
  373.4700 2.657502e+06
  373.4800 2.657627e+06
  373.4900 2.657751e+06
  373.5000 2.657876e+06
  373.5100 2.658001e+06
  373.5200 2.658125e+06
  373.5300 2.658250e+06
  373.5400 2.658374e+06
  373.5500 2.658499e+06
  373.5600 2.658623e+06
  373.5700 2.658748e+06
  373.5800 2.658872e+06
  373.5900 2.658997e+06
  373.6000 2.659121e+06
  373.6100 2.659246e+06
  373.6200 2.659370e+06
  373.6300 2.659494e+06
  373.6400 2.659619e+06
  373.6500 2.659743e+06
  373.6600 2.659868e+06
  373.6700 2.659992e+06
  373.6800 2.660116e+06
  373.6900 2.660241e+06
  373.7000 2.660365e+06
  373.7100 2.660490e+06
  373.7200 2.660614e+06
  373.7300 2.660738e+06
  373.7400 2.660862e+06
  373.7500 2.660987e+06
  373.7600 2.661111e+06
  373.7700 2.661235e+06
  373.7800 2.661360e+06
  373.7900 2.661484e+06
  373.8000 2.661608e+06
  373.8100 2.661732e+06
  373.8200 2.661856e+06
  373.8300 2.661981e+06
  373.8400 2.662105e+06
  373.8500 2.662229e+06
  373.8600 2.662353e+06
  373.8700 2.662477e+06
  373.8800 2.662601e+06
  373.8900 2.662726e+06
  373.9000 2.662850e+06
  373.9100 2.662974e+06
  373.9200 2.663098e+06
  373.9300 2.663222e+06
  373.9400 2.663346e+06
  373.9500 2.663470e+06
  373.9600 2.663594e+06
  373.9700 2.663718e+06
  373.9800 2.663842e+06
  373.9900 2.663966e+06
  374.0000 2.664090e+06
  374.0100 2.664214e+06
  374.0200 2.664338e+06
  374.0300 2.664462e+06
  374.0400 2.664586e+06
  374.0500 2.664710e+06
  374.0600 2.664834e+06
  374.0700 2.664958e+06
  374.0800 2.665082e+06
  374.0900 2.665206e+06
  374.1000 2.665330e+06
  374.1100 2.665454e+06
  374.1200 2.665577e+06
  374.1300 2.665701e+06
  374.1400 2.665825e+06
  374.1500 2.665949e+06
  374.1600 2.666073e+06
  374.1700 2.666197e+06
  374.1800 2.666320e+06
  374.1900 2.666444e+06
  374.2000 2.666568e+06
  374.2100 2.666692e+06
  374.2200 2.666815e+06
  374.2300 2.666939e+06
  374.2400 2.667063e+06
  374.2500 2.667187e+06
  374.2600 2.667310e+06
  374.2700 2.667434e+06
  374.2800 2.667558e+06
  374.2900 2.667681e+06
  374.3000 2.667805e+06
  374.3100 2.667929e+06
  374.3200 2.668052e+06
  374.3300 2.668176e+06
  374.3400 2.668300e+06
  374.3500 2.668423e+06
  374.3600 2.668547e+06
  374.3700 2.668670e+06
  374.3800 2.668794e+06
  374.3900 2.668918e+06
  374.4000 2.669041e+06
  374.4100 2.669165e+06
  374.4200 2.669288e+06
  374.4300 2.669412e+06
  374.4400 2.669535e+06
  374.4500 2.669659e+06
  374.4600 2.669782e+06
  374.4700 2.669906e+06
  374.4800 2.670029e+06
  374.4900 2.670152e+06
  374.5000 2.670276e+06
  374.5100 2.670399e+06
  374.5200 2.670523e+06
  374.5300 2.670646e+06
  374.5400 2.670770e+06
  374.5500 2.670893e+06
  374.5600 2.671016e+06
  374.5700 2.671140e+06
  374.5800 2.671263e+06
  374.5900 2.671386e+06
  374.6000 2.671510e+06
  374.6100 2.671633e+06
  374.6200 2.671756e+06
  374.6300 2.671879e+06
  374.6400 2.672003e+06
  374.6500 2.672126e+06
  374.6600 2.672249e+06
  374.6700 2.672373e+06
  374.6800 2.672496e+06
  374.6900 2.672619e+06
  374.7000 2.672742e+06
  374.7100 2.672865e+06
  374.7200 2.672989e+06
  374.7300 2.673112e+06
  374.7400 2.673235e+06
  374.7500 2.673358e+06
  374.7600 2.673481e+06
  374.7700 2.673604e+06
  374.7800 2.673727e+06
  374.7900 2.673850e+06
  374.8000 2.673974e+06
  374.8100 2.674097e+06
  374.8200 2.674220e+06
  374.8300 2.674343e+06
  374.8400 2.674466e+06
  374.8500 2.674589e+06
  374.8600 2.674712e+06
  374.8700 2.674835e+06
  374.8800 2.674958e+06
  374.8900 2.675081e+06
  374.9000 2.675204e+06
  374.9100 2.675327e+06
  374.9200 2.675450e+06
  374.9300 2.675573e+06
  374.9400 2.675696e+06
  374.9500 2.675819e+06
  374.9600 2.675942e+06
  374.9700 2.676064e+06
  374.9800 2.676187e+06
  374.9900 2.676310e+06
  375.0000 2.676433e+06
  375.0100 2.676556e+06
  375.0200 2.676679e+06
  375.0300 2.676802e+06
  375.0400 2.676924e+06
  375.0500 2.677047e+06
  375.0600 2.677170e+06
  375.0700 2.677293e+06
  375.0800 2.677416e+06
  375.0900 2.677538e+06
  375.1000 2.677661e+06
  375.1100 2.677784e+06
  375.1200 2.677907e+06
  375.1300 2.678029e+06
  375.1400 2.678152e+06
  375.1500 2.678275e+06
  375.1600 2.678397e+06
  375.1700 2.678520e+06
  375.1800 2.678643e+06
  375.1900 2.678765e+06
  375.2000 2.678888e+06
  375.2100 2.679011e+06
  375.2200 2.679133e+06
  375.2300 2.679256e+06
  375.2400 2.679378e+06
  375.2500 2.679501e+06
  375.2600 2.679624e+06
  375.2700 2.679746e+06
  375.2800 2.679869e+06
  375.2900 2.679991e+06
  375.3000 2.680114e+06
  375.3100 2.680236e+06
  375.3200 2.680359e+06
  375.3300 2.680481e+06
  375.3400 2.680604e+06
  375.3500 2.680726e+06
  375.3600 2.680849e+06
  375.3700 2.680971e+06
  375.3800 2.681094e+06
  375.3900 2.681216e+06
  375.4000 2.681338e+06
  375.4100 2.681461e+06
  375.4200 2.681583e+06
  375.4300 2.681706e+06
  375.4400 2.681828e+06
  375.4500 2.681950e+06
  375.4600 2.682073e+06
  375.4700 2.682195e+06
  375.4800 2.682317e+06
  375.4900 2.682440e+06
  375.5000 2.682562e+06
  375.5100 2.682684e+06
  375.5200 2.682807e+06
  375.5300 2.682929e+06
  375.5400 2.683051e+06
  375.5500 2.683173e+06
  375.5600 2.683296e+06
  375.5700 2.683418e+06
  375.5800 2.683540e+06
  375.5900 2.683662e+06
  375.6000 2.683784e+06
  375.6100 2.683907e+06
  375.6200 2.684029e+06
  375.6300 2.684151e+06
  375.6400 2.684273e+06
  375.6500 2.684395e+06
  375.6600 2.684517e+06
  375.6700 2.684639e+06
  375.6800 2.684762e+06
  375.6900 2.684884e+06
  375.7000 2.685006e+06
  375.7100 2.685128e+06
  375.7200 2.685250e+06
  375.7300 2.685372e+06
  375.7400 2.685494e+06
  375.7500 2.685616e+06
  375.7600 2.685738e+06
  375.7700 2.685860e+06
  375.7800 2.685982e+06
  375.7900 2.686104e+06
  375.8000 2.686226e+06
  375.8100 2.686348e+06
  375.8200 2.686470e+06
  375.8300 2.686592e+06
  375.8400 2.686714e+06
  375.8500 2.686836e+06
  375.8600 2.686958e+06
  375.8700 2.687079e+06
  375.8800 2.687201e+06
  375.8900 2.687323e+06
  375.9000 2.687445e+06
  375.9100 2.687567e+06
  375.9200 2.687689e+06
  375.9300 2.687811e+06
  375.9400 2.687932e+06
  375.9500 2.688054e+06
  375.9600 2.688176e+06
  375.9700 2.688298e+06
  375.9800 2.688419e+06
  375.9900 2.688541e+06
  376.0000 2.688663e+06
  376.0100 2.688785e+06
  376.0200 2.688906e+06
  376.0300 2.689028e+06
  376.0400 2.689150e+06
  376.0500 2.689272e+06
  376.0600 2.689393e+06
  376.0700 2.689515e+06
  376.0800 2.689637e+06
  376.0900 2.689758e+06
  376.1000 2.689880e+06
  376.1100 2.690002e+06
  376.1200 2.690123e+06
  376.1300 2.690245e+06
  376.1400 2.690366e+06
  376.1500 2.690488e+06
  376.1600 2.690609e+06
  376.1700 2.690731e+06
  376.1800 2.690853e+06
  376.1900 2.690974e+06
  376.2000 2.691096e+06
  376.2100 2.691217e+06
  376.2200 2.691339e+06
  376.2300 2.691460e+06
  376.2400 2.691582e+06
  376.2500 2.691703e+06
  376.2600 2.691825e+06
  376.2700 2.691946e+06
  376.2800 2.692067e+06
  376.2900 2.692189e+06
  376.3000 2.692310e+06
  376.3100 2.692432e+06
  376.3200 2.692553e+06
  376.3300 2.692675e+06
  376.3400 2.692796e+06
  376.3500 2.692917e+06
  376.3600 2.693039e+06
  376.3700 2.693160e+06
  376.3800 2.693281e+06
  376.3900 2.693403e+06
  376.4000 2.693524e+06
  376.4100 2.693645e+06
  376.4200 2.693766e+06
  376.4300 2.693888e+06
  376.4400 2.694009e+06
  376.4500 2.694130e+06
  376.4600 2.694251e+06
  376.4700 2.694373e+06
  376.4800 2.694494e+06
  376.4900 2.694615e+06
  376.5000 2.694736e+06
  376.5100 2.694858e+06
  376.5200 2.694979e+06
  376.5300 2.695100e+06
  376.5400 2.695221e+06
  376.5500 2.695342e+06
  376.5600 2.695463e+06
  376.5700 2.695584e+06
  376.5800 2.695706e+06
  376.5900 2.695827e+06
  376.6000 2.695948e+06
  376.6100 2.696069e+06
  376.6200 2.696190e+06
  376.6300 2.696311e+06
  376.6400 2.696432e+06
  376.6500 2.696553e+06
  376.6600 2.696674e+06
  376.6700 2.696795e+06
  376.6800 2.696916e+06
  376.6900 2.697037e+06
  376.7000 2.697158e+06
  376.7100 2.697279e+06
  376.7200 2.697400e+06
  376.7300 2.697521e+06
  376.7400 2.697642e+06
  376.7500 2.697763e+06
  376.7600 2.697884e+06
  376.7700 2.698005e+06
  376.7800 2.698125e+06
  376.7900 2.698246e+06
  376.8000 2.698367e+06
  376.8100 2.698488e+06
  376.8200 2.698609e+06
  376.8300 2.698730e+06
  376.8400 2.698851e+06
  376.8500 2.698971e+06
  376.8600 2.699092e+06
  376.8700 2.699213e+06
  376.8800 2.699334e+06
  376.8900 2.699455e+06
  376.9000 2.699575e+06
  376.9100 2.699696e+06
  376.9200 2.699817e+06
  376.9300 2.699937e+06
  376.9400 2.700058e+06
  376.9500 2.700179e+06
  376.9600 2.700300e+06
  376.9700 2.700420e+06
  376.9800 2.700541e+06
  376.9900 2.700662e+06
  377.0000 2.700782e+06
  377.0100 2.700903e+06
  377.0200 2.701024e+06
  377.0300 2.701144e+06
  377.0400 2.701265e+06
  377.0500 2.701385e+06
  377.0600 2.701506e+06
  377.0700 2.701627e+06
  377.0800 2.701747e+06
  377.0900 2.701868e+06
  377.1000 2.701988e+06
  377.1100 2.702109e+06
  377.1200 2.702229e+06
  377.1300 2.702350e+06
  377.1400 2.702470e+06
  377.1500 2.702591e+06
  377.1600 2.702711e+06
  377.1700 2.702832e+06
  377.1800 2.702952e+06
  377.1900 2.703073e+06
  377.2000 2.703193e+06
  377.2100 2.703313e+06
  377.2200 2.703434e+06
  377.2300 2.703554e+06
  377.2400 2.703675e+06
  377.2500 2.703795e+06
  377.2600 2.703915e+06
  377.2700 2.704036e+06
  377.2800 2.704156e+06
  377.2900 2.704276e+06
  377.3000 2.704397e+06
  377.3100 2.704517e+06
  377.3200 2.704637e+06
  377.3300 2.704758e+06
  377.3400 2.704878e+06
  377.3500 2.704998e+06
  377.3600 2.705118e+06
  377.3700 2.705239e+06
  377.3800 2.705359e+06
  377.3900 2.705479e+06
  377.4000 2.705599e+06
  377.4100 2.705720e+06
  377.4200 2.705840e+06
  377.4300 2.705960e+06
  377.4400 2.706080e+06
  377.4500 2.706200e+06
  377.4600 2.706321e+06
  377.4700 2.706441e+06
  377.4800 2.706561e+06
  377.4900 2.706681e+06
  377.5000 2.706801e+06
  377.5100 2.706921e+06
  377.5200 2.707041e+06
  377.5300 2.707161e+06
  377.5400 2.707281e+06
  377.5500 2.707401e+06
  377.5600 2.707521e+06
  377.5700 2.707641e+06
  377.5800 2.707762e+06
  377.5900 2.707882e+06
  377.6000 2.708002e+06
  377.6100 2.708122e+06
  377.6200 2.708242e+06
  377.6300 2.708361e+06
  377.6400 2.708481e+06
  377.6500 2.708601e+06
  377.6600 2.708721e+06
  377.6700 2.708841e+06
  377.6800 2.708961e+06
  377.6900 2.709081e+06
  377.7000 2.709201e+06
  377.7100 2.709321e+06
  377.7200 2.709441e+06
  377.7300 2.709561e+06
  377.7400 2.709680e+06
  377.7500 2.709800e+06
  377.7600 2.709920e+06
  377.7700 2.710040e+06
  377.7800 2.710160e+06
  377.7900 2.710280e+06
  377.8000 2.710399e+06
  377.8100 2.710519e+06
  377.8200 2.710639e+06
  377.8300 2.710759e+06
  377.8400 2.710878e+06
  377.8500 2.710998e+06
  377.8600 2.711118e+06
  377.8700 2.711238e+06
  377.8800 2.711357e+06
  377.8900 2.711477e+06
  377.9000 2.711597e+06
  377.9100 2.711716e+06
  377.9200 2.711836e+06
  377.9300 2.711956e+06
  377.9400 2.712075e+06
  377.9500 2.712195e+06
  377.9600 2.712315e+06
  377.9700 2.712434e+06
  377.9800 2.712554e+06
  377.9900 2.712673e+06
  378.0000 2.712793e+06
  378.0100 2.712912e+06
  378.0200 2.713032e+06
  378.0300 2.713152e+06
  378.0400 2.713271e+06
  378.0500 2.713391e+06
  378.0600 2.713510e+06
  378.0700 2.713630e+06
  378.0800 2.713749e+06
  378.0900 2.713869e+06
  378.1000 2.713988e+06
  378.1100 2.714107e+06
  378.1200 2.714227e+06
  378.1300 2.714346e+06
  378.1400 2.714466e+06
  378.1500 2.714585e+06
  378.1600 2.714705e+06
  378.1700 2.714824e+06
  378.1800 2.714943e+06
  378.1900 2.715063e+06
  378.2000 2.715182e+06
  378.2100 2.715301e+06
  378.2200 2.715421e+06
  378.2300 2.715540e+06
  378.2400 2.715659e+06
  378.2500 2.715779e+06
  378.2600 2.715898e+06
  378.2700 2.716017e+06
  378.2800 2.716137e+06
  378.2900 2.716256e+06
  378.3000 2.716375e+06
  378.3100 2.716494e+06
  378.3200 2.716614e+06
  378.3300 2.716733e+06
  378.3400 2.716852e+06
  378.3500 2.716971e+06
  378.3600 2.717090e+06
  378.3700 2.717210e+06
  378.3800 2.717329e+06
  378.3900 2.717448e+06
  378.4000 2.717567e+06
  378.4100 2.717686e+06
  378.4200 2.717805e+06
  378.4300 2.717925e+06
  378.4400 2.718044e+06
  378.4500 2.718163e+06
  378.4600 2.718282e+06
  378.4700 2.718401e+06
  378.4800 2.718520e+06
  378.4900 2.718639e+06
  378.5000 2.718758e+06
  378.5100 2.718877e+06
  378.5200 2.718996e+06
  378.5300 2.719115e+06
  378.5400 2.719234e+06
  378.5500 2.719353e+06
  378.5600 2.719472e+06
  378.5700 2.719591e+06
  378.5800 2.719710e+06
  378.5900 2.719829e+06
  378.6000 2.719948e+06
  378.6100 2.720067e+06
  378.6200 2.720186e+06
  378.6300 2.720305e+06
  378.6400 2.720424e+06
  378.6500 2.720542e+06
  378.6600 2.720661e+06
  378.6700 2.720780e+06
  378.6800 2.720899e+06
  378.6900 2.721018e+06
  378.7000 2.721137e+06
  378.7100 2.721256e+06
  378.7200 2.721374e+06
  378.7300 2.721493e+06
  378.7400 2.721612e+06
  378.7500 2.721731e+06
  378.7600 2.721850e+06
  378.7700 2.721968e+06
  378.7800 2.722087e+06
  378.7900 2.722206e+06
  378.8000 2.722325e+06
  378.8100 2.722443e+06
  378.8200 2.722562e+06
  378.8300 2.722681e+06
  378.8400 2.722799e+06
  378.8500 2.722918e+06
  378.8600 2.723037e+06
  378.8700 2.723155e+06
  378.8800 2.723274e+06
  378.8900 2.723393e+06
  378.9000 2.723511e+06
  378.9100 2.723630e+06
  378.9200 2.723748e+06
  378.9300 2.723867e+06
  378.9400 2.723986e+06
  378.9500 2.724104e+06
  378.9600 2.724223e+06
  378.9700 2.724341e+06
  378.9800 2.724460e+06
  378.9900 2.724578e+06
  379.0000 2.724697e+06
  379.0100 2.724815e+06
  379.0200 2.724934e+06
  379.0300 2.725052e+06
  379.0400 2.725171e+06
  379.0500 2.725289e+06
  379.0600 2.725408e+06
  379.0700 2.725526e+06
  379.0800 2.725645e+06
  379.0900 2.725763e+06
  379.1000 2.725882e+06
  379.1100 2.726000e+06
  379.1200 2.726118e+06
  379.1300 2.726237e+06
  379.1400 2.726355e+06
  379.1500 2.726473e+06
  379.1600 2.726592e+06
  379.1700 2.726710e+06
  379.1800 2.726828e+06
  379.1900 2.726947e+06
  379.2000 2.727065e+06
  379.2100 2.727183e+06
  379.2200 2.727302e+06
  379.2300 2.727420e+06
  379.2400 2.727538e+06
  379.2500 2.727656e+06
  379.2600 2.727775e+06
  379.2700 2.727893e+06
  379.2800 2.728011e+06
  379.2900 2.728129e+06
  379.3000 2.728248e+06
  379.3100 2.728366e+06
  379.3200 2.728484e+06
  379.3300 2.728602e+06
  379.3400 2.728720e+06
  379.3500 2.728838e+06
  379.3600 2.728957e+06
  379.3700 2.729075e+06
  379.3800 2.729193e+06
  379.3900 2.729311e+06
  379.4000 2.729429e+06
  379.4100 2.729547e+06
  379.4200 2.729665e+06
  379.4300 2.729783e+06
  379.4400 2.729901e+06
  379.4500 2.730019e+06
  379.4600 2.730138e+06
  379.4700 2.730256e+06
  379.4800 2.730374e+06
  379.4900 2.730492e+06
  379.5000 2.730610e+06
  379.5100 2.730728e+06
  379.5200 2.730846e+06
  379.5300 2.730964e+06
  379.5400 2.731081e+06
  379.5500 2.731199e+06
  379.5600 2.731317e+06
  379.5700 2.731435e+06
  379.5800 2.731553e+06
  379.5900 2.731671e+06
  379.6000 2.731789e+06
  379.6100 2.731907e+06
  379.6200 2.732025e+06
  379.6300 2.732143e+06
  379.6400 2.732260e+06
  379.6500 2.732378e+06
  379.6600 2.732496e+06
  379.6700 2.732614e+06
  379.6800 2.732732e+06
  379.6900 2.732850e+06
  379.7000 2.732967e+06
  379.7100 2.733085e+06
  379.7200 2.733203e+06
  379.7300 2.733321e+06
  379.7400 2.733438e+06
  379.7500 2.733556e+06
  379.7600 2.733674e+06
  379.7700 2.733792e+06
  379.7800 2.733909e+06
  379.7900 2.734027e+06
  379.8000 2.734145e+06
  379.8100 2.734262e+06
  379.8200 2.734380e+06
  379.8300 2.734498e+06
  379.8400 2.734615e+06
  379.8500 2.734733e+06
  379.8600 2.734851e+06
  379.8700 2.734968e+06
  379.8800 2.735086e+06
  379.8900 2.735203e+06
  379.9000 2.735321e+06
  379.9100 2.735439e+06
  379.9200 2.735556e+06
  379.9300 2.735674e+06
  379.9400 2.735791e+06
  379.9500 2.735909e+06
  379.9600 2.736026e+06
  379.9700 2.736144e+06
  379.9800 2.736261e+06
  379.9900 2.736379e+06
  380.0000 2.736496e+06
  380.0100 2.736614e+06
  380.0200 2.736731e+06
  380.0300 2.736849e+06
  380.0400 2.736966e+06
  380.0500 2.737084e+06
  380.0600 2.737201e+06
  380.0700 2.737318e+06
  380.0800 2.737436e+06
  380.0900 2.737553e+06
  380.1000 2.737671e+06
  380.1100 2.737788e+06
  380.1200 2.737905e+06
  380.1300 2.738023e+06
  380.1400 2.738140e+06
  380.1500 2.738257e+06
  380.1600 2.738375e+06
  380.1700 2.738492e+06
  380.1800 2.738609e+06
  380.1900 2.738727e+06
  380.2000 2.738844e+06
  380.2100 2.738961e+06
  380.2200 2.739078e+06
  380.2300 2.739196e+06
  380.2400 2.739313e+06
  380.2500 2.739430e+06
  380.2600 2.739547e+06
  380.2700 2.739665e+06
  380.2800 2.739782e+06
  380.2900 2.739899e+06
  380.3000 2.740016e+06
  380.3100 2.740133e+06
  380.3200 2.740250e+06
  380.3300 2.740368e+06
  380.3400 2.740485e+06
  380.3500 2.740602e+06
  380.3600 2.740719e+06
  380.3700 2.740836e+06
  380.3800 2.740953e+06
  380.3900 2.741070e+06
  380.4000 2.741187e+06
  380.4100 2.741304e+06
  380.4200 2.741421e+06
  380.4300 2.741539e+06
  380.4400 2.741656e+06
  380.4500 2.741773e+06
  380.4600 2.741890e+06
  380.4700 2.742007e+06
  380.4800 2.742124e+06
  380.4900 2.742241e+06
  380.5000 2.742358e+06
  380.5100 2.742475e+06
  380.5200 2.742591e+06
  380.5300 2.742708e+06
  380.5400 2.742825e+06
  380.5500 2.742942e+06
  380.5600 2.743059e+06
  380.5700 2.743176e+06
  380.5800 2.743293e+06
  380.5900 2.743410e+06
  380.6000 2.743527e+06
  380.6100 2.743644e+06
  380.6200 2.743760e+06
  380.6300 2.743877e+06
  380.6400 2.743994e+06
  380.6500 2.744111e+06
  380.6600 2.744228e+06
  380.6700 2.744345e+06
  380.6800 2.744461e+06
  380.6900 2.744578e+06
  380.7000 2.744695e+06
  380.7100 2.744812e+06
  380.7200 2.744928e+06
  380.7300 2.745045e+06
  380.7400 2.745162e+06
  380.7500 2.745279e+06
  380.7600 2.745395e+06
  380.7700 2.745512e+06
  380.7800 2.745629e+06
  380.7900 2.745745e+06
  380.8000 2.745862e+06
  380.8100 2.745979e+06
  380.8200 2.746095e+06
  380.8300 2.746212e+06
  380.8400 2.746329e+06
  380.8500 2.746445e+06
  380.8600 2.746562e+06
  380.8700 2.746678e+06
  380.8800 2.746795e+06
  380.8900 2.746912e+06
  380.9000 2.747028e+06
  380.9100 2.747145e+06
  380.9200 2.747261e+06
  380.9300 2.747378e+06
  380.9400 2.747494e+06
  380.9500 2.747611e+06
  380.9600 2.747727e+06
  380.9700 2.747844e+06
  380.9800 2.747960e+06
  380.9900 2.748077e+06
  381.0000 2.748193e+06
  381.0100 2.748310e+06
  381.0200 2.748426e+06
  381.0300 2.748543e+06
  381.0400 2.748659e+06
  381.0500 2.748776e+06
  381.0600 2.748892e+06
  381.0700 2.749008e+06
  381.0800 2.749125e+06
  381.0900 2.749241e+06
  381.1000 2.749358e+06
  381.1100 2.749474e+06
  381.1200 2.749590e+06
  381.1300 2.749707e+06
  381.1400 2.749823e+06
  381.1500 2.749939e+06
  381.1600 2.750056e+06
  381.1700 2.750172e+06
  381.1800 2.750288e+06
  381.1900 2.750404e+06
  381.2000 2.750521e+06
  381.2100 2.750637e+06
  381.2200 2.750753e+06
  381.2300 2.750869e+06
  381.2400 2.750986e+06
  381.2500 2.751102e+06
  381.2600 2.751218e+06
  381.2700 2.751334e+06
  381.2800 2.751450e+06
  381.2900 2.751567e+06
  381.3000 2.751683e+06
  381.3100 2.751799e+06
  381.3200 2.751915e+06
  381.3300 2.752031e+06
  381.3400 2.752147e+06
  381.3500 2.752264e+06
  381.3600 2.752380e+06
  381.3700 2.752496e+06
  381.3800 2.752612e+06
  381.3900 2.752728e+06
  381.4000 2.752844e+06
  381.4100 2.752960e+06
  381.4200 2.753076e+06
  381.4300 2.753192e+06
  381.4400 2.753308e+06
  381.4500 2.753424e+06
  381.4600 2.753540e+06
  381.4700 2.753656e+06
  381.4800 2.753772e+06
  381.4900 2.753888e+06
  381.5000 2.754004e+06
  381.5100 2.754120e+06
  381.5200 2.754236e+06
  381.5300 2.754352e+06
  381.5400 2.754468e+06
  381.5500 2.754584e+06
  381.5600 2.754700e+06
  381.5700 2.754816e+06
  381.5800 2.754932e+06
  381.5900 2.755047e+06
  381.6000 2.755163e+06
  381.6100 2.755279e+06
  381.6200 2.755395e+06
  381.6300 2.755511e+06
  381.6400 2.755627e+06
  381.6500 2.755742e+06
  381.6600 2.755858e+06
  381.6700 2.755974e+06
  381.6800 2.756090e+06
  381.6900 2.756206e+06
  381.7000 2.756321e+06
  381.7100 2.756437e+06
  381.7200 2.756553e+06
  381.7300 2.756669e+06
  381.7400 2.756784e+06
  381.7500 2.756900e+06
  381.7600 2.757016e+06
  381.7700 2.757132e+06
  381.7800 2.757247e+06
  381.7900 2.757363e+06
  381.8000 2.757479e+06
  381.8100 2.757594e+06
  381.8200 2.757710e+06
  381.8300 2.757826e+06
  381.8400 2.757941e+06
  381.8500 2.758057e+06
  381.8600 2.758172e+06
  381.8700 2.758288e+06
  381.8800 2.758404e+06
  381.8900 2.758519e+06
  381.9000 2.758635e+06
  381.9100 2.758750e+06
  381.9200 2.758866e+06
  381.9300 2.758981e+06
  381.9400 2.759097e+06
  381.9500 2.759213e+06
  381.9600 2.759328e+06
  381.9700 2.759444e+06
  381.9800 2.759559e+06
  381.9900 2.759675e+06
  382.0000 2.759790e+06
  382.0100 2.759905e+06
  382.0200 2.760021e+06
  382.0300 2.760136e+06
  382.0400 2.760252e+06
  382.0500 2.760367e+06
  382.0600 2.760483e+06
  382.0700 2.760598e+06
  382.0800 2.760713e+06
  382.0900 2.760829e+06
  382.1000 2.760944e+06
  382.1100 2.761060e+06
  382.1200 2.761175e+06
  382.1300 2.761290e+06
  382.1400 2.761406e+06
  382.1500 2.761521e+06
  382.1600 2.761636e+06
  382.1700 2.761752e+06
  382.1800 2.761867e+06
  382.1900 2.761982e+06
  382.2000 2.762097e+06
  382.2100 2.762213e+06
  382.2200 2.762328e+06
  382.2300 2.762443e+06
  382.2400 2.762558e+06
  382.2500 2.762674e+06
  382.2600 2.762789e+06
  382.2700 2.762904e+06
  382.2800 2.763019e+06
  382.2900 2.763135e+06
  382.3000 2.763250e+06
  382.3100 2.763365e+06
  382.3200 2.763480e+06
  382.3300 2.763595e+06
  382.3400 2.763710e+06
  382.3500 2.763825e+06
  382.3600 2.763941e+06
  382.3700 2.764056e+06
  382.3800 2.764171e+06
  382.3900 2.764286e+06
  382.4000 2.764401e+06
  382.4100 2.764516e+06
  382.4200 2.764631e+06
  382.4300 2.764746e+06
  382.4400 2.764861e+06
  382.4500 2.764976e+06
  382.4600 2.765091e+06
  382.4700 2.765206e+06
  382.4800 2.765321e+06
  382.4900 2.765436e+06
  382.5000 2.765551e+06
  382.5100 2.765666e+06
  382.5200 2.765781e+06
  382.5300 2.765896e+06
  382.5400 2.766011e+06
  382.5500 2.766126e+06
  382.5600 2.766241e+06
  382.5700 2.766356e+06
  382.5800 2.766471e+06
  382.5900 2.766586e+06
  382.6000 2.766701e+06
  382.6100 2.766815e+06
  382.6200 2.766930e+06
  382.6300 2.767045e+06
  382.6400 2.767160e+06
  382.6500 2.767275e+06
  382.6600 2.767390e+06
  382.6700 2.767505e+06
  382.6800 2.767619e+06
  382.6900 2.767734e+06
  382.7000 2.767849e+06
  382.7100 2.767964e+06
  382.7200 2.768079e+06
  382.7300 2.768193e+06
  382.7400 2.768308e+06
  382.7500 2.768423e+06
  382.7600 2.768538e+06
  382.7700 2.768652e+06
  382.7800 2.768767e+06
  382.7900 2.768882e+06
  382.8000 2.768996e+06
  382.8100 2.769111e+06
  382.8200 2.769226e+06
  382.8300 2.769340e+06
  382.8400 2.769455e+06
  382.8500 2.769570e+06
  382.8600 2.769684e+06
  382.8700 2.769799e+06
  382.8800 2.769914e+06
  382.8900 2.770028e+06
  382.9000 2.770143e+06
  382.9100 2.770257e+06
  382.9200 2.770372e+06
  382.9300 2.770487e+06
  382.9400 2.770601e+06
  382.9500 2.770716e+06
  382.9600 2.770830e+06
  382.9700 2.770945e+06
  382.9800 2.771059e+06
  382.9900 2.771174e+06
  383.0000 2.771288e+06
  383.0100 2.771403e+06
  383.0200 2.771517e+06
  383.0300 2.771632e+06
  383.0400 2.771746e+06
  383.0500 2.771861e+06
  383.0600 2.771975e+06
  383.0700 2.772089e+06
  383.0800 2.772204e+06
  383.0900 2.772318e+06
  383.1000 2.772433e+06
  383.1100 2.772547e+06
  383.1200 2.772662e+06
  383.1300 2.772776e+06
  383.1400 2.772890e+06
  383.1500 2.773005e+06
  383.1600 2.773119e+06
  383.1700 2.773233e+06
  383.1800 2.773348e+06
  383.1900 2.773462e+06
  383.2000 2.773576e+06
  383.2100 2.773691e+06
  383.2200 2.773805e+06
  383.2300 2.773919e+06
  383.2400 2.774033e+06
  383.2500 2.774148e+06
  383.2600 2.774262e+06
  383.2700 2.774376e+06
  383.2800 2.774490e+06
  383.2900 2.774605e+06
  383.3000 2.774719e+06
  383.3100 2.774833e+06
  383.3200 2.774947e+06
  383.3300 2.775061e+06
  383.3400 2.775176e+06
  383.3500 2.775290e+06
  383.3600 2.775404e+06
  383.3700 2.775518e+06
  383.3800 2.775632e+06
  383.3900 2.775746e+06
  383.4000 2.775860e+06
  383.4100 2.775975e+06
  383.4200 2.776089e+06
  383.4300 2.776203e+06
  383.4400 2.776317e+06
  383.4500 2.776431e+06
  383.4600 2.776545e+06
  383.4700 2.776659e+06
  383.4800 2.776773e+06
  383.4900 2.776887e+06
  383.5000 2.777001e+06
  383.5100 2.777115e+06
  383.5200 2.777229e+06
  383.5300 2.777343e+06
  383.5400 2.777457e+06
  383.5500 2.777571e+06
  383.5600 2.777685e+06
  383.5700 2.777799e+06
  383.5800 2.777913e+06
  383.5900 2.778027e+06
  383.6000 2.778141e+06
  383.6100 2.778255e+06
  383.6200 2.778369e+06
  383.6300 2.778483e+06
  383.6400 2.778596e+06
  383.6500 2.778710e+06
  383.6600 2.778824e+06
  383.6700 2.778938e+06
  383.6800 2.779052e+06
  383.6900 2.779166e+06
  383.7000 2.779280e+06
  383.7100 2.779393e+06
  383.7200 2.779507e+06
  383.7300 2.779621e+06
  383.7400 2.779735e+06
  383.7500 2.779849e+06
  383.7600 2.779962e+06
  383.7700 2.780076e+06
  383.7800 2.780190e+06
  383.7900 2.780304e+06
  383.8000 2.780417e+06
  383.8100 2.780531e+06
  383.8200 2.780645e+06
  383.8300 2.780759e+06
  383.8400 2.780872e+06
  383.8500 2.780986e+06
  383.8600 2.781100e+06
  383.8700 2.781213e+06
  383.8800 2.781327e+06
  383.8900 2.781441e+06
  383.9000 2.781554e+06
  383.9100 2.781668e+06
  383.9200 2.781782e+06
  383.9300 2.781895e+06
  383.9400 2.782009e+06
  383.9500 2.782122e+06
  383.9600 2.782236e+06
  383.9700 2.782350e+06
  383.9800 2.782463e+06
  383.9900 2.782577e+06
  384.0000 2.782690e+06
  384.0100 2.782804e+06
  384.0200 2.782917e+06
  384.0300 2.783031e+06
  384.0400 2.783144e+06
  384.0500 2.783258e+06
  384.0600 2.783371e+06
  384.0700 2.783485e+06
  384.0800 2.783598e+06
  384.0900 2.783712e+06
  384.1000 2.783825e+06
  384.1100 2.783939e+06
  384.1200 2.784052e+06
  384.1300 2.784165e+06
  384.1400 2.784279e+06
  384.1500 2.784392e+06
  384.1600 2.784506e+06
  384.1700 2.784619e+06
  384.1800 2.784732e+06
  384.1900 2.784846e+06
  384.2000 2.784959e+06
  384.2100 2.785073e+06
  384.2200 2.785186e+06
  384.2300 2.785299e+06
  384.2400 2.785413e+06
  384.2500 2.785526e+06
  384.2600 2.785639e+06
  384.2700 2.785752e+06
  384.2800 2.785866e+06
  384.2900 2.785979e+06
  384.3000 2.786092e+06
  384.3100 2.786206e+06
  384.3200 2.786319e+06
  384.3300 2.786432e+06
  384.3400 2.786545e+06
  384.3500 2.786659e+06
  384.3600 2.786772e+06
  384.3700 2.786885e+06
  384.3800 2.786998e+06
  384.3900 2.787111e+06
  384.4000 2.787224e+06
  384.4100 2.787338e+06
  384.4200 2.787451e+06
  384.4300 2.787564e+06
  384.4400 2.787677e+06
  384.4500 2.787790e+06
  384.4600 2.787903e+06
  384.4700 2.788016e+06
  384.4800 2.788130e+06
  384.4900 2.788243e+06
  384.5000 2.788356e+06
  384.5100 2.788469e+06
  384.5200 2.788582e+06
  384.5300 2.788695e+06
  384.5400 2.788808e+06
  384.5500 2.788921e+06
  384.5600 2.789034e+06
  384.5700 2.789147e+06
  384.5800 2.789260e+06
  384.5900 2.789373e+06
  384.6000 2.789486e+06
  384.6100 2.789599e+06
  384.6200 2.789712e+06
  384.6300 2.789825e+06
  384.6400 2.789938e+06
  384.6500 2.790051e+06
  384.6600 2.790164e+06
  384.6700 2.790277e+06
  384.6800 2.790390e+06
  384.6900 2.790502e+06
  384.7000 2.790615e+06
  384.7100 2.790728e+06
  384.7200 2.790841e+06
  384.7300 2.790954e+06
  384.7400 2.791067e+06
  384.7500 2.791180e+06
  384.7600 2.791293e+06
  384.7700 2.791405e+06
  384.7800 2.791518e+06
  384.7900 2.791631e+06
  384.8000 2.791744e+06
  384.8100 2.791857e+06
  384.8200 2.791969e+06
  384.8300 2.792082e+06
  384.8400 2.792195e+06
  384.8500 2.792308e+06
  384.8600 2.792420e+06
  384.8700 2.792533e+06
  384.8800 2.792646e+06
  384.8900 2.792759e+06
  384.9000 2.792871e+06
  384.9100 2.792984e+06
  384.9200 2.793097e+06
  384.9300 2.793209e+06
  384.9400 2.793322e+06
  384.9500 2.793435e+06
  384.9600 2.793547e+06
  384.9700 2.793660e+06
  384.9800 2.793773e+06
  384.9900 2.793885e+06
  385.0000 2.793998e+06
  385.0100 2.794111e+06
  385.0200 2.794223e+06
  385.0300 2.794336e+06
  385.0400 2.794448e+06
  385.0500 2.794561e+06
  385.0600 2.794673e+06
  385.0700 2.794786e+06
  385.0800 2.794899e+06
  385.0900 2.795011e+06
  385.1000 2.795124e+06
  385.1100 2.795236e+06
  385.1200 2.795349e+06
  385.1300 2.795461e+06
  385.1400 2.795574e+06
  385.1500 2.795686e+06
  385.1600 2.795799e+06
  385.1700 2.795911e+06
  385.1800 2.796023e+06
  385.1900 2.796136e+06
  385.2000 2.796248e+06
  385.2100 2.796361e+06
  385.2200 2.796473e+06
  385.2300 2.796586e+06
  385.2400 2.796698e+06
  385.2500 2.796810e+06
  385.2600 2.796923e+06
  385.2700 2.797035e+06
  385.2800 2.797147e+06
  385.2900 2.797260e+06
  385.3000 2.797372e+06
  385.3100 2.797484e+06
  385.3200 2.797597e+06
  385.3300 2.797709e+06
  385.3400 2.797821e+06
  385.3500 2.797934e+06
  385.3600 2.798046e+06
  385.3700 2.798158e+06
  385.3800 2.798271e+06
  385.3900 2.798383e+06
  385.4000 2.798495e+06
  385.4100 2.798607e+06
  385.4200 2.798720e+06
  385.4300 2.798832e+06
  385.4400 2.798944e+06
  385.4500 2.799056e+06
  385.4600 2.799168e+06
  385.4700 2.799281e+06
  385.4800 2.799393e+06
  385.4900 2.799505e+06
  385.5000 2.799617e+06
  385.5100 2.799729e+06
  385.5200 2.799841e+06
  385.5300 2.799954e+06
  385.5400 2.800066e+06
  385.5500 2.800178e+06
  385.5600 2.800290e+06
  385.5700 2.800402e+06
  385.5800 2.800514e+06
  385.5900 2.800626e+06
  385.6000 2.800738e+06
  385.6100 2.800850e+06
  385.6200 2.800962e+06
  385.6300 2.801074e+06
  385.6400 2.801186e+06
  385.6500 2.801298e+06
  385.6600 2.801410e+06
  385.6700 2.801522e+06
  385.6800 2.801634e+06
  385.6900 2.801746e+06
  385.7000 2.801858e+06
  385.7100 2.801970e+06
  385.7200 2.802082e+06
  385.7300 2.802194e+06
  385.7400 2.802306e+06
  385.7500 2.802418e+06
  385.7600 2.802530e+06
  385.7700 2.802642e+06
  385.7800 2.802754e+06
  385.7900 2.802866e+06
  385.8000 2.802978e+06
  385.8100 2.803090e+06
  385.8200 2.803201e+06
  385.8300 2.803313e+06
  385.8400 2.803425e+06
  385.8500 2.803537e+06
  385.8600 2.803649e+06
  385.8700 2.803761e+06
  385.8800 2.803872e+06
  385.8900 2.803984e+06
  385.9000 2.804096e+06
  385.9100 2.804208e+06
  385.9200 2.804320e+06
  385.9300 2.804431e+06
  385.9400 2.804543e+06
  385.9500 2.804655e+06
  385.9600 2.804767e+06
  385.9700 2.804878e+06
  385.9800 2.804990e+06
  385.9900 2.805102e+06
  386.0000 2.805213e+06
  386.0100 2.805325e+06
  386.0200 2.805437e+06
  386.0300 2.805549e+06
  386.0400 2.805660e+06
  386.0500 2.805772e+06
  386.0600 2.805884e+06
  386.0700 2.805995e+06
  386.0800 2.806107e+06
  386.0900 2.806218e+06
  386.1000 2.806330e+06
  386.1100 2.806442e+06
  386.1200 2.806553e+06
  386.1300 2.806665e+06
  386.1400 2.806776e+06
  386.1500 2.806888e+06
  386.1600 2.807000e+06
  386.1700 2.807111e+06
  386.1800 2.807223e+06
  386.1900 2.807334e+06
  386.2000 2.807446e+06
  386.2100 2.807557e+06
  386.2200 2.807669e+06
  386.2300 2.807780e+06
  386.2400 2.807892e+06
  386.2500 2.808003e+06
  386.2600 2.808115e+06
  386.2700 2.808226e+06
  386.2800 2.808338e+06
  386.2900 2.808449e+06
  386.3000 2.808560e+06
  386.3100 2.808672e+06
  386.3200 2.808783e+06
  386.3300 2.808895e+06
  386.3400 2.809006e+06
  386.3500 2.809118e+06
  386.3600 2.809229e+06
  386.3700 2.809340e+06
  386.3800 2.809452e+06
  386.3900 2.809563e+06
  386.4000 2.809674e+06
  386.4100 2.809786e+06
  386.4200 2.809897e+06
  386.4300 2.810008e+06
  386.4400 2.810120e+06
  386.4500 2.810231e+06
  386.4600 2.810342e+06
  386.4700 2.810454e+06
  386.4800 2.810565e+06
  386.4900 2.810676e+06
  386.5000 2.810787e+06
  386.5100 2.810899e+06
  386.5200 2.811010e+06
  386.5300 2.811121e+06
  386.5400 2.811232e+06
  386.5500 2.811343e+06
  386.5600 2.811455e+06
  386.5700 2.811566e+06
  386.5800 2.811677e+06
  386.5900 2.811788e+06
  386.6000 2.811899e+06
  386.6100 2.812011e+06
  386.6200 2.812122e+06
  386.6300 2.812233e+06
  386.6400 2.812344e+06
  386.6500 2.812455e+06
  386.6600 2.812566e+06
  386.6700 2.812677e+06
  386.6800 2.812788e+06
  386.6900 2.812900e+06
  386.7000 2.813011e+06
  386.7100 2.813122e+06
  386.7200 2.813233e+06
  386.7300 2.813344e+06
  386.7400 2.813455e+06
  386.7500 2.813566e+06
  386.7600 2.813677e+06
  386.7700 2.813788e+06
  386.7800 2.813899e+06
  386.7900 2.814010e+06
  386.8000 2.814121e+06
  386.8100 2.814232e+06
  386.8200 2.814343e+06
  386.8300 2.814454e+06
  386.8400 2.814565e+06
  386.8500 2.814676e+06
  386.8600 2.814787e+06
  386.8700 2.814898e+06
  386.8800 2.815009e+06
  386.8900 2.815119e+06
  386.9000 2.815230e+06
  386.9100 2.815341e+06
  386.9200 2.815452e+06
  386.9300 2.815563e+06
  386.9400 2.815674e+06
  386.9500 2.815785e+06
  386.9600 2.815896e+06
  386.9700 2.816006e+06
  386.9800 2.816117e+06
  386.9900 2.816228e+06
  387.0000 2.816339e+06
  387.0100 2.816450e+06
  387.0200 2.816561e+06
  387.0300 2.816671e+06
  387.0400 2.816782e+06
  387.0500 2.816893e+06
  387.0600 2.817004e+06
  387.0700 2.817114e+06
  387.0800 2.817225e+06
  387.0900 2.817336e+06
  387.1000 2.817447e+06
  387.1100 2.817557e+06
  387.1200 2.817668e+06
  387.1300 2.817779e+06
  387.1400 2.817889e+06
  387.1500 2.818000e+06
  387.1600 2.818111e+06
  387.1700 2.818221e+06
  387.1800 2.818332e+06
  387.1900 2.818443e+06
  387.2000 2.818553e+06
  387.2100 2.818664e+06
  387.2200 2.818775e+06
  387.2300 2.818885e+06
  387.2400 2.818996e+06
  387.2500 2.819106e+06
  387.2600 2.819217e+06
  387.2700 2.819328e+06
  387.2800 2.819438e+06
  387.2900 2.819549e+06
  387.3000 2.819659e+06
  387.3100 2.819770e+06
  387.3200 2.819880e+06
  387.3300 2.819991e+06
  387.3400 2.820101e+06
  387.3500 2.820212e+06
  387.3600 2.820322e+06
  387.3700 2.820433e+06
  387.3800 2.820543e+06
  387.3900 2.820654e+06
  387.4000 2.820764e+06
  387.4100 2.820875e+06
  387.4200 2.820985e+06
  387.4300 2.821096e+06
  387.4400 2.821206e+06
  387.4500 2.821317e+06
  387.4600 2.821427e+06
  387.4700 2.821537e+06
  387.4800 2.821648e+06
  387.4900 2.821758e+06
  387.5000 2.821868e+06
  387.5100 2.821979e+06
  387.5200 2.822089e+06
  387.5300 2.822200e+06
  387.5400 2.822310e+06
  387.5500 2.822420e+06
  387.5600 2.822531e+06
  387.5700 2.822641e+06
  387.5800 2.822751e+06
  387.5900 2.822861e+06
  387.6000 2.822972e+06
  387.6100 2.823082e+06
  387.6200 2.823192e+06
  387.6300 2.823303e+06
  387.6400 2.823413e+06
  387.6500 2.823523e+06
  387.6600 2.823633e+06
  387.6700 2.823744e+06
  387.6800 2.823854e+06
  387.6900 2.823964e+06
  387.7000 2.824074e+06
  387.7100 2.824184e+06
  387.7200 2.824295e+06
  387.7300 2.824405e+06
  387.7400 2.824515e+06
  387.7500 2.824625e+06
  387.7600 2.824735e+06
  387.7700 2.824845e+06
  387.7800 2.824956e+06
  387.7900 2.825066e+06
  387.8000 2.825176e+06
  387.8100 2.825286e+06
  387.8200 2.825396e+06
  387.8300 2.825506e+06
  387.8400 2.825616e+06
  387.8500 2.825726e+06
  387.8600 2.825836e+06
  387.8700 2.825946e+06
  387.8800 2.826056e+06
  387.8900 2.826166e+06
  387.9000 2.826276e+06
  387.9100 2.826386e+06
  387.9200 2.826496e+06
  387.9300 2.826606e+06
  387.9400 2.826716e+06
  387.9500 2.826826e+06
  387.9600 2.826936e+06
  387.9700 2.827046e+06
  387.9800 2.827156e+06
  387.9900 2.827266e+06
  388.0000 2.827376e+06
  388.0100 2.827486e+06
  388.0200 2.827596e+06
  388.0300 2.827706e+06
  388.0400 2.827816e+06
  388.0500 2.827926e+06
  388.0600 2.828036e+06
  388.0700 2.828146e+06
  388.0800 2.828256e+06
  388.0900 2.828365e+06
  388.1000 2.828475e+06
  388.1100 2.828585e+06
  388.1200 2.828695e+06
  388.1300 2.828805e+06
  388.1400 2.828915e+06
  388.1500 2.829024e+06
  388.1600 2.829134e+06
  388.1700 2.829244e+06
  388.1800 2.829354e+06
  388.1900 2.829464e+06
  388.2000 2.829573e+06
  388.2100 2.829683e+06
  388.2200 2.829793e+06
  388.2300 2.829903e+06
  388.2400 2.830012e+06
  388.2500 2.830122e+06
  388.2600 2.830232e+06
  388.2700 2.830342e+06
  388.2800 2.830451e+06
  388.2900 2.830561e+06
  388.3000 2.830671e+06
  388.3100 2.830780e+06
  388.3200 2.830890e+06
  388.3300 2.831000e+06
  388.3400 2.831109e+06
  388.3500 2.831219e+06
  388.3600 2.831329e+06
  388.3700 2.831438e+06
  388.3800 2.831548e+06
  388.3900 2.831657e+06
  388.4000 2.831767e+06
  388.4100 2.831877e+06
  388.4200 2.831986e+06
  388.4300 2.832096e+06
  388.4400 2.832205e+06
  388.4500 2.832315e+06
  388.4600 2.832424e+06
  388.4700 2.832534e+06
  388.4800 2.832644e+06
  388.4900 2.832753e+06
  388.5000 2.832863e+06
  388.5100 2.832972e+06
  388.5200 2.833082e+06
  388.5300 2.833191e+06
  388.5400 2.833301e+06
  388.5500 2.833410e+06
  388.5600 2.833520e+06
  388.5700 2.833629e+06
  388.5800 2.833738e+06
  388.5900 2.833848e+06
  388.6000 2.833957e+06
  388.6100 2.834067e+06
  388.6200 2.834176e+06
  388.6300 2.834286e+06
  388.6400 2.834395e+06
  388.6500 2.834504e+06
  388.6600 2.834614e+06
  388.6700 2.834723e+06
  388.6800 2.834832e+06
  388.6900 2.834942e+06
  388.7000 2.835051e+06
  388.7100 2.835161e+06
  388.7200 2.835270e+06
  388.7300 2.835379e+06
  388.7400 2.835488e+06
  388.7500 2.835598e+06
  388.7600 2.835707e+06
  388.7700 2.835816e+06
  388.7800 2.835926e+06
  388.7900 2.836035e+06
  388.8000 2.836144e+06
  388.8100 2.836253e+06
  388.8200 2.836363e+06
  388.8300 2.836472e+06
  388.8400 2.836581e+06
  388.8500 2.836690e+06
  388.8600 2.836800e+06
  388.8700 2.836909e+06
  388.8800 2.837018e+06
  388.8900 2.837127e+06
  388.9000 2.837236e+06
  388.9100 2.837346e+06
  388.9200 2.837455e+06
  388.9300 2.837564e+06
  388.9400 2.837673e+06
  388.9500 2.837782e+06
  388.9600 2.837891e+06
  388.9700 2.838000e+06
  388.9800 2.838109e+06
  388.9900 2.838219e+06
  389.0000 2.838328e+06
  389.0100 2.838437e+06
  389.0200 2.838546e+06
  389.0300 2.838655e+06
  389.0400 2.838764e+06
  389.0500 2.838873e+06
  389.0600 2.838982e+06
  389.0700 2.839091e+06
  389.0800 2.839200e+06
  389.0900 2.839309e+06
  389.1000 2.839418e+06
  389.1100 2.839527e+06
  389.1200 2.839636e+06
  389.1300 2.839745e+06
  389.1400 2.839854e+06
  389.1500 2.839963e+06
  389.1600 2.840072e+06
  389.1700 2.840181e+06
  389.1800 2.840290e+06
  389.1900 2.840399e+06
  389.2000 2.840508e+06
  389.2100 2.840617e+06
  389.2200 2.840726e+06
  389.2300 2.840835e+06
  389.2400 2.840943e+06
  389.2500 2.841052e+06
  389.2600 2.841161e+06
  389.2700 2.841270e+06
  389.2800 2.841379e+06
  389.2900 2.841488e+06
  389.3000 2.841597e+06
  389.3100 2.841705e+06
  389.3200 2.841814e+06
  389.3300 2.841923e+06
  389.3400 2.842032e+06
  389.3500 2.842141e+06
  389.3600 2.842250e+06
  389.3700 2.842358e+06
  389.3800 2.842467e+06
  389.3900 2.842576e+06
  389.4000 2.842685e+06
  389.4100 2.842793e+06
  389.4200 2.842902e+06
  389.4300 2.843011e+06
  389.4400 2.843120e+06
  389.4500 2.843228e+06
  389.4600 2.843337e+06
  389.4700 2.843446e+06
  389.4800 2.843554e+06
  389.4900 2.843663e+06
  389.5000 2.843772e+06
  389.5100 2.843880e+06
  389.5200 2.843989e+06
  389.5300 2.844098e+06
  389.5400 2.844206e+06
  389.5500 2.844315e+06
  389.5600 2.844424e+06
  389.5700 2.844532e+06
  389.5800 2.844641e+06
  389.5900 2.844750e+06
  389.6000 2.844858e+06
  389.6100 2.844967e+06
  389.6200 2.845075e+06
  389.6300 2.845184e+06
  389.6400 2.845292e+06
  389.6500 2.845401e+06
  389.6600 2.845509e+06
  389.6700 2.845618e+06
  389.6800 2.845727e+06
  389.6900 2.845835e+06
  389.7000 2.845944e+06
  389.7100 2.846052e+06
  389.7200 2.846161e+06
  389.7300 2.846269e+06
  389.7400 2.846378e+06
  389.7500 2.846486e+06
  389.7600 2.846594e+06
  389.7700 2.846703e+06
  389.7800 2.846811e+06
  389.7900 2.846920e+06
  389.8000 2.847028e+06
  389.8100 2.847137e+06
  389.8200 2.847245e+06
  389.8300 2.847354e+06
  389.8400 2.847462e+06
  389.8500 2.847570e+06
  389.8600 2.847679e+06
  389.8700 2.847787e+06
  389.8800 2.847895e+06
  389.8900 2.848004e+06
  389.9000 2.848112e+06
  389.9100 2.848220e+06
  389.9200 2.848329e+06
  389.9300 2.848437e+06
  389.9400 2.848545e+06
  389.9500 2.848654e+06
  389.9600 2.848762e+06
  389.9700 2.848870e+06
  389.9800 2.848979e+06
  389.9900 2.849087e+06
  390.0000 2.849195e+06
  390.0100 2.849303e+06
  390.0200 2.849412e+06
  390.0300 2.849520e+06
  390.0400 2.849628e+06
  390.0500 2.849736e+06
  390.0600 2.849845e+06
  390.0700 2.849953e+06
  390.0800 2.850061e+06
  390.0900 2.850169e+06
  390.1000 2.850277e+06
  390.1100 2.850386e+06
  390.1200 2.850494e+06
  390.1300 2.850602e+06
  390.1400 2.850710e+06
  390.1500 2.850818e+06
  390.1600 2.850926e+06
  390.1700 2.851034e+06
  390.1800 2.851143e+06
  390.1900 2.851251e+06
  390.2000 2.851359e+06
  390.2100 2.851467e+06
  390.2200 2.851575e+06
  390.2300 2.851683e+06
  390.2400 2.851791e+06
  390.2500 2.851899e+06
  390.2600 2.852007e+06
  390.2700 2.852115e+06
  390.2800 2.852223e+06
  390.2900 2.852331e+06
  390.3000 2.852439e+06
  390.3100 2.852547e+06
  390.3200 2.852655e+06
  390.3300 2.852763e+06
  390.3400 2.852871e+06
  390.3500 2.852979e+06
  390.3600 2.853087e+06
  390.3700 2.853195e+06
  390.3800 2.853303e+06
  390.3900 2.853411e+06
  390.4000 2.853519e+06
  390.4100 2.853627e+06
  390.4200 2.853735e+06
  390.4300 2.853843e+06
  390.4400 2.853951e+06
  390.4500 2.854059e+06
  390.4600 2.854167e+06
  390.4700 2.854274e+06
  390.4800 2.854382e+06
  390.4900 2.854490e+06
  390.5000 2.854598e+06
  390.5100 2.854706e+06
  390.5200 2.854814e+06
  390.5300 2.854922e+06
  390.5400 2.855029e+06
  390.5500 2.855137e+06
  390.5600 2.855245e+06
  390.5700 2.855353e+06
  390.5800 2.855461e+06
  390.5900 2.855568e+06
  390.6000 2.855676e+06
  390.6100 2.855784e+06
  390.6200 2.855892e+06
  390.6300 2.855999e+06
  390.6400 2.856107e+06
  390.6500 2.856215e+06
  390.6600 2.856323e+06
  390.6700 2.856430e+06
  390.6800 2.856538e+06
  390.6900 2.856646e+06
  390.7000 2.856754e+06
  390.7100 2.856861e+06
  390.7200 2.856969e+06
  390.7300 2.857077e+06
  390.7400 2.857184e+06
  390.7500 2.857292e+06
  390.7600 2.857400e+06
  390.7700 2.857507e+06
  390.7800 2.857615e+06
  390.7900 2.857722e+06
  390.8000 2.857830e+06
  390.8100 2.857938e+06
  390.8200 2.858045e+06
  390.8300 2.858153e+06
  390.8400 2.858260e+06
  390.8500 2.858368e+06
  390.8600 2.858476e+06
  390.8700 2.858583e+06
  390.8800 2.858691e+06
  390.8900 2.858798e+06
  390.9000 2.858906e+06
  390.9100 2.859013e+06
  390.9200 2.859121e+06
  390.9300 2.859228e+06
  390.9400 2.859336e+06
  390.9500 2.859443e+06
  390.9600 2.859551e+06
  390.9700 2.859658e+06
  390.9800 2.859766e+06
  390.9900 2.859873e+06
  391.0000 2.859981e+06
  391.0100 2.860088e+06
  391.0200 2.860196e+06
  391.0300 2.860303e+06
  391.0400 2.860410e+06
  391.0500 2.860518e+06
  391.0600 2.860625e+06
  391.0700 2.860733e+06
  391.0800 2.860840e+06
  391.0900 2.860947e+06
  391.1000 2.861055e+06
  391.1100 2.861162e+06
  391.1200 2.861270e+06
  391.1300 2.861377e+06
  391.1400 2.861484e+06
  391.1500 2.861592e+06
  391.1600 2.861699e+06
  391.1700 2.861806e+06
  391.1800 2.861914e+06
  391.1900 2.862021e+06
  391.2000 2.862128e+06
  391.2100 2.862235e+06
  391.2200 2.862343e+06
  391.2300 2.862450e+06
  391.2400 2.862557e+06
  391.2500 2.862665e+06
  391.2600 2.862772e+06
  391.2700 2.862879e+06
  391.2800 2.862986e+06
  391.2900 2.863094e+06
  391.3000 2.863201e+06
  391.3100 2.863308e+06
  391.3200 2.863415e+06
  391.3300 2.863522e+06
  391.3400 2.863630e+06
  391.3500 2.863737e+06
  391.3600 2.863844e+06
  391.3700 2.863951e+06
  391.3800 2.864058e+06
  391.3900 2.864165e+06
  391.4000 2.864273e+06
  391.4100 2.864380e+06
  391.4200 2.864487e+06
  391.4300 2.864594e+06
  391.4400 2.864701e+06
  391.4500 2.864808e+06
  391.4600 2.864915e+06
  391.4700 2.865022e+06
  391.4800 2.865129e+06
  391.4900 2.865236e+06
  391.5000 2.865343e+06
  391.5100 2.865451e+06
  391.5200 2.865558e+06
  391.5300 2.865665e+06
  391.5400 2.865772e+06
  391.5500 2.865879e+06
  391.5600 2.865986e+06
  391.5700 2.866093e+06
  391.5800 2.866200e+06
  391.5900 2.866307e+06
  391.6000 2.866414e+06
  391.6100 2.866521e+06
  391.6200 2.866628e+06
  391.6300 2.866735e+06
  391.6400 2.866841e+06
  391.6500 2.866948e+06
  391.6600 2.867055e+06
  391.6700 2.867162e+06
  391.6800 2.867269e+06
  391.6900 2.867376e+06
  391.7000 2.867483e+06
  391.7100 2.867590e+06
  391.7200 2.867697e+06
  391.7300 2.867804e+06
  391.7400 2.867911e+06
  391.7500 2.868017e+06
  391.7600 2.868124e+06
  391.7700 2.868231e+06
  391.7800 2.868338e+06
  391.7900 2.868445e+06
  391.8000 2.868552e+06
  391.8100 2.868658e+06
  391.8200 2.868765e+06
  391.8300 2.868872e+06
  391.8400 2.868979e+06
  391.8500 2.869086e+06
  391.8600 2.869192e+06
  391.8700 2.869299e+06
  391.8800 2.869406e+06
  391.8900 2.869513e+06
  391.9000 2.869619e+06
  391.9100 2.869726e+06
  391.9200 2.869833e+06
  391.9300 2.869940e+06
  391.9400 2.870046e+06
  391.9500 2.870153e+06
  391.9600 2.870260e+06
  391.9700 2.870366e+06
  391.9800 2.870473e+06
  391.9900 2.870580e+06
  392.0000 2.870687e+06
  392.0100 2.870793e+06
  392.0200 2.870900e+06
  392.0300 2.871006e+06
  392.0400 2.871113e+06
  392.0500 2.871220e+06
  392.0600 2.871326e+06
  392.0700 2.871433e+06
  392.0800 2.871540e+06
  392.0900 2.871646e+06
  392.1000 2.871753e+06
  392.1100 2.871859e+06
  392.1200 2.871966e+06
  392.1300 2.872072e+06
  392.1400 2.872179e+06
  392.1500 2.872286e+06
  392.1600 2.872392e+06
  392.1700 2.872499e+06
  392.1800 2.872605e+06
  392.1900 2.872712e+06
  392.2000 2.872818e+06
  392.2100 2.872925e+06
  392.2200 2.873031e+06
  392.2300 2.873138e+06
  392.2400 2.873244e+06
  392.2500 2.873351e+06
  392.2600 2.873457e+06
  392.2700 2.873564e+06
  392.2800 2.873670e+06
  392.2900 2.873777e+06
  392.3000 2.873883e+06
  392.3100 2.873989e+06
  392.3200 2.874096e+06
  392.3300 2.874202e+06
  392.3400 2.874309e+06
  392.3500 2.874415e+06
  392.3600 2.874521e+06
  392.3700 2.874628e+06
  392.3800 2.874734e+06
  392.3900 2.874841e+06
  392.4000 2.874947e+06
  392.4100 2.875053e+06
  392.4200 2.875160e+06
  392.4300 2.875266e+06
  392.4400 2.875372e+06
  392.4500 2.875479e+06
  392.4600 2.875585e+06
  392.4700 2.875691e+06
  392.4800 2.875798e+06
  392.4900 2.875904e+06
  392.5000 2.876010e+06
  392.5100 2.876116e+06
  392.5200 2.876223e+06
  392.5300 2.876329e+06
  392.5400 2.876435e+06
  392.5500 2.876541e+06
  392.5600 2.876648e+06
  392.5700 2.876754e+06
  392.5800 2.876860e+06
  392.5900 2.876966e+06
  392.6000 2.877073e+06
  392.6100 2.877179e+06
  392.6200 2.877285e+06
  392.6300 2.877391e+06
  392.6400 2.877497e+06
  392.6500 2.877603e+06
  392.6600 2.877710e+06
  392.6700 2.877816e+06
  392.6800 2.877922e+06
  392.6900 2.878028e+06
  392.7000 2.878134e+06
  392.7100 2.878240e+06
  392.7200 2.878346e+06
  392.7300 2.878453e+06
  392.7400 2.878559e+06
  392.7500 2.878665e+06
  392.7600 2.878771e+06
  392.7700 2.878877e+06
  392.7800 2.878983e+06
  392.7900 2.879089e+06
  392.8000 2.879195e+06
  392.8100 2.879301e+06
  392.8200 2.879407e+06
  392.8300 2.879513e+06
  392.8400 2.879619e+06
  392.8500 2.879725e+06
  392.8600 2.879831e+06
  392.8700 2.879937e+06
  392.8800 2.880043e+06
  392.8900 2.880149e+06
  392.9000 2.880255e+06
  392.9100 2.880361e+06
  392.9200 2.880467e+06
  392.9300 2.880573e+06
  392.9400 2.880679e+06
  392.9500 2.880785e+06
  392.9600 2.880891e+06
  392.9700 2.880997e+06
  392.9800 2.881103e+06
  392.9900 2.881209e+06
  393.0000 2.881315e+06
  393.0100 2.881420e+06
  393.0200 2.881526e+06
  393.0300 2.881632e+06
  393.0400 2.881738e+06
  393.0500 2.881844e+06
  393.0600 2.881950e+06
  393.0700 2.882056e+06
  393.0800 2.882161e+06
  393.0900 2.882267e+06
  393.1000 2.882373e+06
  393.1100 2.882479e+06
  393.1200 2.882585e+06
  393.1300 2.882691e+06
  393.1400 2.882796e+06
  393.1500 2.882902e+06
  393.1600 2.883008e+06
  393.1700 2.883114e+06
  393.1800 2.883219e+06
  393.1900 2.883325e+06
  393.2000 2.883431e+06
  393.2100 2.883537e+06
  393.2200 2.883642e+06
  393.2300 2.883748e+06
  393.2400 2.883854e+06
  393.2500 2.883960e+06
  393.2600 2.884065e+06
  393.2700 2.884171e+06
  393.2800 2.884277e+06
  393.2900 2.884382e+06
  393.3000 2.884488e+06
  393.3100 2.884594e+06
  393.3200 2.884699e+06
  393.3300 2.884805e+06
  393.3400 2.884911e+06
  393.3500 2.885016e+06
  393.3600 2.885122e+06
  393.3700 2.885228e+06
  393.3800 2.885333e+06
  393.3900 2.885439e+06
  393.4000 2.885544e+06
  393.4100 2.885650e+06
  393.4200 2.885756e+06
  393.4300 2.885861e+06
  393.4400 2.885967e+06
  393.4500 2.886072e+06
  393.4600 2.886178e+06
  393.4700 2.886283e+06
  393.4800 2.886389e+06
  393.4900 2.886494e+06
  393.5000 2.886600e+06
  393.5100 2.886706e+06
  393.5200 2.886811e+06
  393.5300 2.886917e+06
  393.5400 2.887022e+06
  393.5500 2.887128e+06
  393.5600 2.887233e+06
  393.5700 2.887338e+06
  393.5800 2.887444e+06
  393.5900 2.887549e+06
  393.6000 2.887655e+06
  393.6100 2.887760e+06
  393.6200 2.887866e+06
  393.6300 2.887971e+06
  393.6400 2.888077e+06
  393.6500 2.888182e+06
  393.6600 2.888287e+06
  393.6700 2.888393e+06
  393.6800 2.888498e+06
  393.6900 2.888604e+06
  393.7000 2.888709e+06
  393.7100 2.888814e+06
  393.7200 2.888920e+06
  393.7300 2.889025e+06
  393.7400 2.889130e+06
  393.7500 2.889236e+06
  393.7600 2.889341e+06
  393.7700 2.889446e+06
  393.7800 2.889552e+06
  393.7900 2.889657e+06
  393.8000 2.889762e+06
  393.8100 2.889868e+06
  393.8200 2.889973e+06
  393.8300 2.890078e+06
  393.8400 2.890183e+06
  393.8500 2.890289e+06
  393.8600 2.890394e+06
  393.8700 2.890499e+06
  393.8800 2.890605e+06
  393.8900 2.890710e+06
  393.9000 2.890815e+06
  393.9100 2.890920e+06
  393.9200 2.891025e+06
  393.9300 2.891131e+06
  393.9400 2.891236e+06
  393.9500 2.891341e+06
  393.9600 2.891446e+06
  393.9700 2.891551e+06
  393.9800 2.891657e+06
  393.9900 2.891762e+06
  394.0000 2.891867e+06
  394.0100 2.891972e+06
  394.0200 2.892077e+06
  394.0300 2.892182e+06
  394.0400 2.892287e+06
  394.0500 2.892393e+06
  394.0600 2.892498e+06
  394.0700 2.892603e+06
  394.0800 2.892708e+06
  394.0900 2.892813e+06
  394.1000 2.892918e+06
  394.1100 2.893023e+06
  394.1200 2.893128e+06
  394.1300 2.893233e+06
  394.1400 2.893338e+06
  394.1500 2.893443e+06
  394.1600 2.893548e+06
  394.1700 2.893653e+06
  394.1800 2.893758e+06
  394.1900 2.893863e+06
  394.2000 2.893968e+06
  394.2100 2.894073e+06
  394.2200 2.894178e+06
  394.2300 2.894283e+06
  394.2400 2.894388e+06
  394.2500 2.894493e+06
  394.2600 2.894598e+06
  394.2700 2.894703e+06
  394.2800 2.894808e+06
  394.2900 2.894913e+06
  394.3000 2.895018e+06
  394.3100 2.895123e+06
  394.3200 2.895228e+06
  394.3300 2.895333e+06
  394.3400 2.895438e+06
  394.3500 2.895543e+06
  394.3600 2.895648e+06
  394.3700 2.895752e+06
  394.3800 2.895857e+06
  394.3900 2.895962e+06
  394.4000 2.896067e+06
  394.4100 2.896172e+06
  394.4200 2.896277e+06
  394.4300 2.896382e+06
  394.4400 2.896486e+06
  394.4500 2.896591e+06
  394.4600 2.896696e+06
  394.4700 2.896801e+06
  394.4800 2.896906e+06
  394.4900 2.897010e+06
  394.5000 2.897115e+06
  394.5100 2.897220e+06
  394.5200 2.897325e+06
  394.5300 2.897430e+06
  394.5400 2.897534e+06
  394.5500 2.897639e+06
  394.5600 2.897744e+06
  394.5700 2.897849e+06
  394.5800 2.897953e+06
  394.5900 2.898058e+06
  394.6000 2.898163e+06
  394.6100 2.898267e+06
  394.6200 2.898372e+06
  394.6300 2.898477e+06
  394.6400 2.898582e+06
  394.6500 2.898686e+06
  394.6600 2.898791e+06
  394.6700 2.898896e+06
  394.6800 2.899000e+06
  394.6900 2.899105e+06
  394.7000 2.899210e+06
  394.7100 2.899314e+06
  394.7200 2.899419e+06
  394.7300 2.899523e+06
  394.7400 2.899628e+06
  394.7500 2.899733e+06
  394.7600 2.899837e+06
  394.7700 2.899942e+06
  394.7800 2.900046e+06
  394.7900 2.900151e+06
  394.8000 2.900256e+06
  394.8100 2.900360e+06
  394.8200 2.900465e+06
  394.8300 2.900569e+06
  394.8400 2.900674e+06
  394.8500 2.900778e+06
  394.8600 2.900883e+06
  394.8700 2.900987e+06
  394.8800 2.901092e+06
  394.8900 2.901196e+06
  394.9000 2.901301e+06
  394.9100 2.901405e+06
  394.9200 2.901510e+06
  394.9300 2.901614e+06
  394.9400 2.901719e+06
  394.9500 2.901823e+06
  394.9600 2.901928e+06
  394.9700 2.902032e+06
  394.9800 2.902137e+06
  394.9900 2.902241e+06
  395.0000 2.902346e+06
  395.0100 2.902450e+06
  395.0200 2.902554e+06
  395.0300 2.902659e+06
  395.0400 2.902763e+06
  395.0500 2.902868e+06
  395.0600 2.902972e+06
  395.0700 2.903076e+06
  395.0800 2.903181e+06
  395.0900 2.903285e+06
  395.1000 2.903389e+06
  395.1100 2.903494e+06
  395.1200 2.903598e+06
  395.1300 2.903702e+06
  395.1400 2.903807e+06
  395.1500 2.903911e+06
  395.1600 2.904015e+06
  395.1700 2.904120e+06
  395.1800 2.904224e+06
  395.1900 2.904328e+06
  395.2000 2.904433e+06
  395.2100 2.904537e+06
  395.2200 2.904641e+06
  395.2300 2.904745e+06
  395.2400 2.904850e+06
  395.2500 2.904954e+06
  395.2600 2.905058e+06
  395.2700 2.905162e+06
  395.2800 2.905267e+06
  395.2900 2.905371e+06
  395.3000 2.905475e+06
  395.3100 2.905579e+06
  395.3200 2.905684e+06
  395.3300 2.905788e+06
  395.3400 2.905892e+06
  395.3500 2.905996e+06
  395.3600 2.906100e+06
  395.3700 2.906204e+06
  395.3800 2.906309e+06
  395.3900 2.906413e+06
  395.4000 2.906517e+06
  395.4100 2.906621e+06
  395.4200 2.906725e+06
  395.4300 2.906829e+06
  395.4400 2.906933e+06
  395.4500 2.907037e+06
  395.4600 2.907142e+06
  395.4700 2.907246e+06
  395.4800 2.907350e+06
  395.4900 2.907454e+06
  395.5000 2.907558e+06
  395.5100 2.907662e+06
  395.5200 2.907766e+06
  395.5300 2.907870e+06
  395.5400 2.907974e+06
  395.5500 2.908078e+06
  395.5600 2.908182e+06
  395.5700 2.908286e+06
  395.5800 2.908390e+06
  395.5900 2.908494e+06
  395.6000 2.908598e+06
  395.6100 2.908702e+06
  395.6200 2.908806e+06
  395.6300 2.908910e+06
  395.6400 2.909014e+06
  395.6500 2.909118e+06
  395.6600 2.909222e+06
  395.6700 2.909326e+06
  395.6800 2.909430e+06
  395.6900 2.909534e+06
  395.7000 2.909638e+06
  395.7100 2.909742e+06
  395.7200 2.909846e+06
  395.7300 2.909950e+06
  395.7400 2.910054e+06
  395.7500 2.910157e+06
  395.7600 2.910261e+06
  395.7700 2.910365e+06
  395.7800 2.910469e+06
  395.7900 2.910573e+06
  395.8000 2.910677e+06
  395.8100 2.910781e+06
  395.8200 2.910885e+06
  395.8300 2.910988e+06
  395.8400 2.911092e+06
  395.8500 2.911196e+06
  395.8600 2.911300e+06
  395.8700 2.911404e+06
  395.8800 2.911508e+06
  395.8900 2.911611e+06
  395.9000 2.911715e+06
  395.9100 2.911819e+06
  395.9200 2.911923e+06
  395.9300 2.912026e+06
  395.9400 2.912130e+06
  395.9500 2.912234e+06
  395.9600 2.912338e+06
  395.9700 2.912441e+06
  395.9800 2.912545e+06
  395.9900 2.912649e+06
  396.0000 2.912753e+06
  396.0100 2.912856e+06
  396.0200 2.912960e+06
  396.0300 2.913064e+06
  396.0400 2.913167e+06
  396.0500 2.913271e+06
  396.0600 2.913375e+06
  396.0700 2.913479e+06
  396.0800 2.913582e+06
  396.0900 2.913686e+06
  396.1000 2.913790e+06
  396.1100 2.913893e+06
  396.1200 2.913997e+06
  396.1300 2.914100e+06
  396.1400 2.914204e+06
  396.1500 2.914308e+06
  396.1600 2.914411e+06
  396.1700 2.914515e+06
  396.1800 2.914619e+06
  396.1900 2.914722e+06
  396.2000 2.914826e+06
  396.2100 2.914929e+06
  396.2200 2.915033e+06
  396.2300 2.915136e+06
  396.2400 2.915240e+06
  396.2500 2.915344e+06
  396.2600 2.915447e+06
  396.2700 2.915551e+06
  396.2800 2.915654e+06
  396.2900 2.915758e+06
  396.3000 2.915861e+06
  396.3100 2.915965e+06
  396.3200 2.916068e+06
  396.3300 2.916172e+06
  396.3400 2.916275e+06
  396.3500 2.916379e+06
  396.3600 2.916482e+06
  396.3700 2.916586e+06
  396.3800 2.916689e+06
  396.3900 2.916792e+06
  396.4000 2.916896e+06
  396.4100 2.916999e+06
  396.4200 2.917103e+06
  396.4300 2.917206e+06
  396.4400 2.917310e+06
  396.4500 2.917413e+06
  396.4600 2.917516e+06
  396.4700 2.917620e+06
  396.4800 2.917723e+06
  396.4900 2.917827e+06
  396.5000 2.917930e+06
  396.5100 2.918033e+06
  396.5200 2.918137e+06
  396.5300 2.918240e+06
  396.5400 2.918343e+06
  396.5500 2.918447e+06
  396.5600 2.918550e+06
  396.5700 2.918653e+06
  396.5800 2.918757e+06
  396.5900 2.918860e+06
  396.6000 2.918963e+06
  396.6100 2.919067e+06
  396.6200 2.919170e+06
  396.6300 2.919273e+06
  396.6400 2.919377e+06
  396.6500 2.919480e+06
  396.6600 2.919583e+06
  396.6700 2.919686e+06
  396.6800 2.919790e+06
  396.6900 2.919893e+06
  396.7000 2.919996e+06
  396.7100 2.920099e+06
  396.7200 2.920203e+06
  396.7300 2.920306e+06
  396.7400 2.920409e+06
  396.7500 2.920512e+06
  396.7600 2.920615e+06
  396.7700 2.920719e+06
  396.7800 2.920822e+06
  396.7900 2.920925e+06
  396.8000 2.921028e+06
  396.8100 2.921131e+06
  396.8200 2.921235e+06
  396.8300 2.921338e+06
  396.8400 2.921441e+06
  396.8500 2.921544e+06
  396.8600 2.921647e+06
  396.8700 2.921750e+06
  396.8800 2.921853e+06
  396.8900 2.921956e+06
  396.9000 2.922060e+06
  396.9100 2.922163e+06
  396.9200 2.922266e+06
  396.9300 2.922369e+06
  396.9400 2.922472e+06
  396.9500 2.922575e+06
  396.9600 2.922678e+06
  396.9700 2.922781e+06
  396.9800 2.922884e+06
  396.9900 2.922987e+06
  397.0000 2.923090e+06
  397.0100 2.923193e+06
  397.0200 2.923296e+06
  397.0300 2.923399e+06
  397.0400 2.923502e+06
  397.0500 2.923605e+06
  397.0600 2.923708e+06
  397.0700 2.923811e+06
  397.0800 2.923914e+06
  397.0900 2.924017e+06
  397.1000 2.924120e+06
  397.1100 2.924223e+06
  397.1200 2.924326e+06
  397.1300 2.924429e+06
  397.1400 2.924532e+06
  397.1500 2.924635e+06
  397.1600 2.924738e+06
  397.1700 2.924841e+06
  397.1800 2.924944e+06
  397.1900 2.925047e+06
  397.2000 2.925150e+06
  397.2100 2.925253e+06
  397.2200 2.925355e+06
  397.2300 2.925458e+06
  397.2400 2.925561e+06
  397.2500 2.925664e+06
  397.2600 2.925767e+06
  397.2700 2.925870e+06
  397.2800 2.925973e+06
  397.2900 2.926075e+06
  397.3000 2.926178e+06
  397.3100 2.926281e+06
  397.3200 2.926384e+06
  397.3300 2.926487e+06
  397.3400 2.926590e+06
  397.3500 2.926692e+06
  397.3600 2.926795e+06
  397.3700 2.926898e+06
  397.3800 2.927001e+06
  397.3900 2.927104e+06
  397.4000 2.927206e+06
  397.4100 2.927309e+06
  397.4200 2.927412e+06
  397.4300 2.927515e+06
  397.4400 2.927617e+06
  397.4500 2.927720e+06
  397.4600 2.927823e+06
  397.4700 2.927926e+06
  397.4800 2.928028e+06
  397.4900 2.928131e+06
  397.5000 2.928234e+06
  397.5100 2.928336e+06
  397.5200 2.928439e+06
  397.5300 2.928542e+06
  397.5400 2.928644e+06
  397.5500 2.928747e+06
  397.5600 2.928850e+06
  397.5700 2.928952e+06
  397.5800 2.929055e+06
  397.5900 2.929158e+06
  397.6000 2.929260e+06
  397.6100 2.929363e+06
  397.6200 2.929466e+06
  397.6300 2.929568e+06
  397.6400 2.929671e+06
  397.6500 2.929773e+06
  397.6600 2.929876e+06
  397.6700 2.929979e+06
  397.6800 2.930081e+06
  397.6900 2.930184e+06
  397.7000 2.930286e+06
  397.7100 2.930389e+06
  397.7200 2.930491e+06
  397.7300 2.930594e+06
  397.7400 2.930697e+06
  397.7500 2.930799e+06
  397.7600 2.930902e+06
  397.7700 2.931004e+06
  397.7800 2.931107e+06
  397.7900 2.931209e+06
  397.8000 2.931312e+06
  397.8100 2.931414e+06
  397.8200 2.931517e+06
  397.8300 2.931619e+06
  397.8400 2.931722e+06
  397.8500 2.931824e+06
  397.8600 2.931927e+06
  397.8700 2.932029e+06
  397.8800 2.932131e+06
  397.8900 2.932234e+06
  397.9000 2.932336e+06
  397.9100 2.932439e+06
  397.9200 2.932541e+06
  397.9300 2.932644e+06
  397.9400 2.932746e+06
  397.9500 2.932848e+06
  397.9600 2.932951e+06
  397.9700 2.933053e+06
  397.9800 2.933156e+06
  397.9900 2.933258e+06
  398.0000 2.933360e+06
  398.0100 2.933463e+06
  398.0200 2.933565e+06
  398.0300 2.933668e+06
  398.0400 2.933770e+06
  398.0500 2.933872e+06
  398.0600 2.933975e+06
  398.0700 2.934077e+06
  398.0800 2.934179e+06
  398.0900 2.934281e+06
  398.1000 2.934384e+06
  398.1100 2.934486e+06
  398.1200 2.934588e+06
  398.1300 2.934691e+06
  398.1400 2.934793e+06
  398.1500 2.934895e+06
  398.1600 2.934998e+06
  398.1700 2.935100e+06
  398.1800 2.935202e+06
  398.1900 2.935304e+06
  398.2000 2.935407e+06
  398.2100 2.935509e+06
  398.2200 2.935611e+06
  398.2300 2.935713e+06
  398.2400 2.935815e+06
  398.2500 2.935918e+06
  398.2600 2.936020e+06
  398.2700 2.936122e+06
  398.2800 2.936224e+06
  398.2900 2.936326e+06
  398.3000 2.936429e+06
  398.3100 2.936531e+06
  398.3200 2.936633e+06
  398.3300 2.936735e+06
  398.3400 2.936837e+06
  398.3500 2.936939e+06
  398.3600 2.937042e+06
  398.3700 2.937144e+06
  398.3800 2.937246e+06
  398.3900 2.937348e+06
  398.4000 2.937450e+06
  398.4100 2.937552e+06
  398.4200 2.937654e+06
  398.4300 2.937756e+06
  398.4400 2.937858e+06
  398.4500 2.937961e+06
  398.4600 2.938063e+06
  398.4700 2.938165e+06
  398.4800 2.938267e+06
  398.4900 2.938369e+06
  398.5000 2.938471e+06
  398.5100 2.938573e+06
  398.5200 2.938675e+06
  398.5300 2.938777e+06
  398.5400 2.938879e+06
  398.5500 2.938981e+06
  398.5600 2.939083e+06
  398.5700 2.939185e+06
  398.5800 2.939287e+06
  398.5900 2.939389e+06
  398.6000 2.939491e+06
  398.6100 2.939593e+06
  398.6200 2.939695e+06
  398.6300 2.939797e+06
  398.6400 2.939899e+06
  398.6500 2.940001e+06
  398.6600 2.940103e+06
  398.6700 2.940205e+06
  398.6800 2.940307e+06
  398.6900 2.940409e+06
  398.7000 2.940510e+06
  398.7100 2.940612e+06
  398.7200 2.940714e+06
  398.7300 2.940816e+06
  398.7400 2.940918e+06
  398.7500 2.941020e+06
  398.7600 2.941122e+06
  398.7700 2.941224e+06
  398.7800 2.941326e+06
  398.7900 2.941427e+06
  398.8000 2.941529e+06
  398.8100 2.941631e+06
  398.8200 2.941733e+06
  398.8300 2.941835e+06
  398.8400 2.941937e+06
  398.8500 2.942039e+06
  398.8600 2.942140e+06
  398.8700 2.942242e+06
  398.8800 2.942344e+06
  398.8900 2.942446e+06
  398.9000 2.942548e+06
  398.9100 2.942649e+06
  398.9200 2.942751e+06
  398.9300 2.942853e+06
  398.9400 2.942955e+06
  398.9500 2.943056e+06
  398.9600 2.943158e+06
  398.9700 2.943260e+06
  398.9800 2.943362e+06
  398.9900 2.943463e+06
  399.0000 2.943565e+06
  399.0100 2.943667e+06
  399.0200 2.943769e+06
  399.0300 2.943870e+06
  399.0400 2.943972e+06
  399.0500 2.944074e+06
  399.0600 2.944175e+06
  399.0700 2.944277e+06
  399.0800 2.944379e+06
  399.0900 2.944480e+06
  399.1000 2.944582e+06
  399.1100 2.944684e+06
  399.1200 2.944785e+06
  399.1300 2.944887e+06
  399.1400 2.944989e+06
  399.1500 2.945090e+06
  399.1600 2.945192e+06
  399.1700 2.945294e+06
  399.1800 2.945395e+06
  399.1900 2.945497e+06
  399.2000 2.945598e+06
  399.2100 2.945700e+06
  399.2200 2.945802e+06
  399.2300 2.945903e+06
  399.2400 2.946005e+06
  399.2500 2.946106e+06
  399.2600 2.946208e+06
  399.2700 2.946310e+06
  399.2800 2.946411e+06
  399.2900 2.946513e+06
  399.3000 2.946614e+06
  399.3100 2.946716e+06
  399.3200 2.946817e+06
  399.3300 2.946919e+06
  399.3400 2.947020e+06
  399.3500 2.947122e+06
  399.3600 2.947223e+06
  399.3700 2.947325e+06
  399.3800 2.947426e+06
  399.3900 2.947528e+06
  399.4000 2.947629e+06
  399.4100 2.947731e+06
  399.4200 2.947832e+06
  399.4300 2.947934e+06
  399.4400 2.948035e+06
  399.4500 2.948137e+06
  399.4600 2.948238e+06
  399.4700 2.948339e+06
  399.4800 2.948441e+06
  399.4900 2.948542e+06
  399.5000 2.948644e+06
  399.5100 2.948745e+06
  399.5200 2.948846e+06
  399.5300 2.948948e+06
  399.5400 2.949049e+06
  399.5500 2.949151e+06
  399.5600 2.949252e+06
  399.5700 2.949353e+06
  399.5800 2.949455e+06
  399.5900 2.949556e+06
  399.6000 2.949657e+06
  399.6100 2.949759e+06
  399.6200 2.949860e+06
  399.6300 2.949962e+06
  399.6400 2.950063e+06
  399.6500 2.950164e+06
  399.6600 2.950265e+06
  399.6700 2.950367e+06
  399.6800 2.950468e+06
  399.6900 2.950569e+06
  399.7000 2.950671e+06
  399.7100 2.950772e+06
  399.7200 2.950873e+06
  399.7300 2.950975e+06
  399.7400 2.951076e+06
  399.7500 2.951177e+06
  399.7600 2.951278e+06
  399.7700 2.951380e+06
  399.7800 2.951481e+06
  399.7900 2.951582e+06
  399.8000 2.951683e+06
  399.8100 2.951785e+06
  399.8200 2.951886e+06
  399.8300 2.951987e+06
  399.8400 2.952088e+06
  399.8500 2.952189e+06
  399.8600 2.952291e+06
  399.8700 2.952392e+06
  399.8800 2.952493e+06
  399.8900 2.952594e+06
  399.9000 2.952695e+06
  399.9100 2.952796e+06
  399.9200 2.952898e+06
  399.9300 2.952999e+06
  399.9400 2.953100e+06
  399.9500 2.953201e+06
  399.9600 2.953302e+06
  399.9700 2.953403e+06
  399.9800 2.953504e+06
  399.9900 2.953605e+06
  400.0000 2.953707e+06
  400.0100 2.953808e+06
  400.0200 2.953909e+06
  400.0300 2.954010e+06
  400.0400 2.954111e+06
  400.0500 2.954212e+06
  400.0600 2.954313e+06
  400.0700 2.954414e+06
  400.0800 2.954515e+06
  400.0900 2.954616e+06
  400.1000 2.954717e+06
  400.1100 2.954818e+06
  400.1200 2.954919e+06
  400.1300 2.955020e+06
  400.1400 2.955121e+06
  400.1500 2.955222e+06
  400.1600 2.955323e+06
  400.1700 2.955424e+06
  400.1800 2.955525e+06
  400.1900 2.955626e+06
  400.2000 2.955727e+06
  400.2100 2.955828e+06
  400.2200 2.955929e+06
  400.2300 2.956030e+06
  400.2400 2.956131e+06
  400.2500 2.956232e+06
  400.2600 2.956333e+06
  400.2700 2.956434e+06
  400.2800 2.956535e+06
  400.2900 2.956636e+06
  400.3000 2.956737e+06
  400.3100 2.956838e+06
  400.3200 2.956939e+06
  400.3300 2.957040e+06
  400.3400 2.957141e+06
  400.3500 2.957242e+06
  400.3600 2.957342e+06
  400.3700 2.957443e+06
  400.3800 2.957544e+06
  400.3900 2.957645e+06
  400.4000 2.957746e+06
  400.4100 2.957847e+06
  400.4200 2.957948e+06
  400.4300 2.958048e+06
  400.4400 2.958149e+06
  400.4500 2.958250e+06
  400.4600 2.958351e+06
  400.4700 2.958452e+06
  400.4800 2.958553e+06
  400.4900 2.958653e+06
  400.5000 2.958754e+06
  400.5100 2.958855e+06
  400.5200 2.958956e+06
  400.5300 2.959057e+06
  400.5400 2.959157e+06
  400.5500 2.959258e+06
  400.5600 2.959359e+06
  400.5700 2.959460e+06
  400.5800 2.959560e+06
  400.5900 2.959661e+06
  400.6000 2.959762e+06
  400.6100 2.959863e+06
  400.6200 2.959963e+06
  400.6300 2.960064e+06
  400.6400 2.960165e+06
  400.6500 2.960266e+06
  400.6600 2.960366e+06
  400.6700 2.960467e+06
  400.6800 2.960568e+06
  400.6900 2.960668e+06
  400.7000 2.960769e+06
  400.7100 2.960870e+06
  400.7200 2.960970e+06
  400.7300 2.961071e+06
  400.7400 2.961172e+06
  400.7500 2.961272e+06
  400.7600 2.961373e+06
  400.7700 2.961474e+06
  400.7800 2.961574e+06
  400.7900 2.961675e+06
  400.8000 2.961776e+06
  400.8100 2.961876e+06
  400.8200 2.961977e+06
  400.8300 2.962077e+06
  400.8400 2.962178e+06
  400.8500 2.962279e+06
  400.8600 2.962379e+06
  400.8700 2.962480e+06
  400.8800 2.962580e+06
  400.8900 2.962681e+06
  400.9000 2.962781e+06
  400.9100 2.962882e+06
  400.9200 2.962983e+06
  400.9300 2.963083e+06
  400.9400 2.963184e+06
  400.9500 2.963284e+06
  400.9600 2.963385e+06
  400.9700 2.963485e+06
  400.9800 2.963586e+06
  400.9900 2.963686e+06
  401.0000 2.963787e+06
  401.0100 2.963887e+06
  401.0200 2.963988e+06
  401.0300 2.964088e+06
  401.0400 2.964189e+06
  401.0500 2.964289e+06
  401.0600 2.964390e+06
  401.0700 2.964490e+06
  401.0800 2.964591e+06
  401.0900 2.964691e+06
  401.1000 2.964791e+06
  401.1100 2.964892e+06
  401.1200 2.964992e+06
  401.1300 2.965093e+06
  401.1400 2.965193e+06
  401.1500 2.965294e+06
  401.1600 2.965394e+06
  401.1700 2.965494e+06
  401.1800 2.965595e+06
  401.1900 2.965695e+06
  401.2000 2.965796e+06
  401.2100 2.965896e+06
  401.2200 2.965996e+06
  401.2300 2.966097e+06
  401.2400 2.966197e+06
  401.2500 2.966297e+06
  401.2600 2.966398e+06
  401.2700 2.966498e+06
  401.2800 2.966598e+06
  401.2900 2.966699e+06
  401.3000 2.966799e+06
  401.3100 2.966899e+06
  401.3200 2.967000e+06
  401.3300 2.967100e+06
  401.3400 2.967200e+06
  401.3500 2.967301e+06
  401.3600 2.967401e+06
  401.3700 2.967501e+06
  401.3800 2.967602e+06
  401.3900 2.967702e+06
  401.4000 2.967802e+06
  401.4100 2.967902e+06
  401.4200 2.968003e+06
  401.4300 2.968103e+06
  401.4400 2.968203e+06
  401.4500 2.968303e+06
  401.4600 2.968404e+06
  401.4700 2.968504e+06
  401.4800 2.968604e+06
  401.4900 2.968704e+06
  401.5000 2.968804e+06
  401.5100 2.968905e+06
  401.5200 2.969005e+06
  401.5300 2.969105e+06
  401.5400 2.969205e+06
  401.5500 2.969305e+06
  401.5600 2.969406e+06
  401.5700 2.969506e+06
  401.5800 2.969606e+06
  401.5900 2.969706e+06
  401.6000 2.969806e+06
  401.6100 2.969906e+06
  401.6200 2.970007e+06
  401.6300 2.970107e+06
  401.6400 2.970207e+06
  401.6500 2.970307e+06
  401.6600 2.970407e+06
  401.6700 2.970507e+06
  401.6800 2.970607e+06
  401.6900 2.970707e+06
  401.7000 2.970807e+06
  401.7100 2.970908e+06
  401.7200 2.971008e+06
  401.7300 2.971108e+06
  401.7400 2.971208e+06
  401.7500 2.971308e+06
  401.7600 2.971408e+06
  401.7700 2.971508e+06
  401.7800 2.971608e+06
  401.7900 2.971708e+06
  401.8000 2.971808e+06
  401.8100 2.971908e+06
  401.8200 2.972008e+06
  401.8300 2.972108e+06
  401.8400 2.972208e+06
  401.8500 2.972308e+06
  401.8600 2.972408e+06
  401.8700 2.972508e+06
  401.8800 2.972608e+06
  401.8900 2.972708e+06
  401.9000 2.972808e+06
  401.9100 2.972908e+06
  401.9200 2.973008e+06
  401.9300 2.973108e+06
  401.9400 2.973208e+06
  401.9500 2.973308e+06
  401.9600 2.973408e+06
  401.9700 2.973508e+06
  401.9800 2.973608e+06
  401.9900 2.973708e+06
  402.0000 2.973808e+06
  402.0100 2.973908e+06
  402.0200 2.974008e+06
  402.0300 2.974107e+06
  402.0400 2.974207e+06
  402.0500 2.974307e+06
  402.0600 2.974407e+06
  402.0700 2.974507e+06
  402.0800 2.974607e+06
  402.0900 2.974707e+06
  402.1000 2.974807e+06
  402.1100 2.974906e+06
  402.1200 2.975006e+06
  402.1300 2.975106e+06
  402.1400 2.975206e+06
  402.1500 2.975306e+06
  402.1600 2.975406e+06
  402.1700 2.975505e+06
  402.1800 2.975605e+06
  402.1900 2.975705e+06
  402.2000 2.975805e+06
  402.2100 2.975905e+06
  402.2200 2.976005e+06
  402.2300 2.976104e+06
  402.2400 2.976204e+06
  402.2500 2.976304e+06
  402.2600 2.976404e+06
  402.2700 2.976503e+06
  402.2800 2.976603e+06
  402.2900 2.976703e+06
  402.3000 2.976803e+06
  402.3100 2.976902e+06
  402.3200 2.977002e+06
  402.3300 2.977102e+06
  402.3400 2.977202e+06
  402.3500 2.977301e+06
  402.3600 2.977401e+06
  402.3700 2.977501e+06
  402.3800 2.977601e+06
  402.3900 2.977700e+06
  402.4000 2.977800e+06
  402.4100 2.977900e+06
  402.4200 2.977999e+06
  402.4300 2.978099e+06
  402.4400 2.978199e+06
  402.4500 2.978298e+06
  402.4600 2.978398e+06
  402.4700 2.978498e+06
  402.4800 2.978597e+06
  402.4900 2.978697e+06
  402.5000 2.978797e+06
  402.5100 2.978896e+06
  402.5200 2.978996e+06
  402.5300 2.979095e+06
  402.5400 2.979195e+06
  402.5500 2.979295e+06
  402.5600 2.979394e+06
  402.5700 2.979494e+06
  402.5800 2.979594e+06
  402.5900 2.979693e+06
  402.6000 2.979793e+06
  402.6100 2.979892e+06
  402.6200 2.979992e+06
  402.6300 2.980091e+06
  402.6400 2.980191e+06
  402.6500 2.980291e+06
  402.6600 2.980390e+06
  402.6700 2.980490e+06
  402.6800 2.980589e+06
  402.6900 2.980689e+06
  402.7000 2.980788e+06
  402.7100 2.980888e+06
  402.7200 2.980987e+06
  402.7300 2.981087e+06
  402.7400 2.981186e+06
  402.7500 2.981286e+06
  402.7600 2.981385e+06
  402.7700 2.981485e+06
  402.7800 2.981584e+06
  402.7900 2.981684e+06
  402.8000 2.981783e+06
  402.8100 2.981883e+06
  402.8200 2.981982e+06
  402.8300 2.982082e+06
  402.8400 2.982181e+06
  402.8500 2.982280e+06
  402.8600 2.982380e+06
  402.8700 2.982479e+06
  402.8800 2.982579e+06
  402.8900 2.982678e+06
  402.9000 2.982778e+06
  402.9100 2.982877e+06
  402.9200 2.982976e+06
  402.9300 2.983076e+06
  402.9400 2.983175e+06
  402.9500 2.983275e+06
  402.9600 2.983374e+06
  402.9700 2.983473e+06
  402.9800 2.983573e+06
  402.9900 2.983672e+06
  403.0000 2.983771e+06
  403.0100 2.983871e+06
  403.0200 2.983970e+06
  403.0300 2.984070e+06
  403.0400 2.984169e+06
  403.0500 2.984268e+06
  403.0600 2.984368e+06
  403.0700 2.984467e+06
  403.0800 2.984566e+06
  403.0900 2.984665e+06
  403.1000 2.984765e+06
  403.1100 2.984864e+06
  403.1200 2.984963e+06
  403.1300 2.985063e+06
  403.1400 2.985162e+06
  403.1500 2.985261e+06
  403.1600 2.985360e+06
  403.1700 2.985460e+06
  403.1800 2.985559e+06
  403.1900 2.985658e+06
  403.2000 2.985758e+06
  403.2100 2.985857e+06
  403.2200 2.985956e+06
  403.2300 2.986055e+06
  403.2400 2.986154e+06
  403.2500 2.986254e+06
  403.2600 2.986353e+06
  403.2700 2.986452e+06
  403.2800 2.986551e+06
  403.2900 2.986651e+06
  403.3000 2.986750e+06
  403.3100 2.986849e+06
  403.3200 2.986948e+06
  403.3300 2.987047e+06
  403.3400 2.987146e+06
  403.3500 2.987246e+06
  403.3600 2.987345e+06
  403.3700 2.987444e+06
  403.3800 2.987543e+06
  403.3900 2.987642e+06
  403.4000 2.987741e+06
  403.4100 2.987841e+06
  403.4200 2.987940e+06
  403.4300 2.988039e+06
  403.4400 2.988138e+06
  403.4500 2.988237e+06
  403.4600 2.988336e+06
  403.4700 2.988435e+06
  403.4800 2.988534e+06
  403.4900 2.988633e+06
  403.5000 2.988733e+06
  403.5100 2.988832e+06
  403.5200 2.988931e+06
  403.5300 2.989030e+06
  403.5400 2.989129e+06
  403.5500 2.989228e+06
  403.5600 2.989327e+06
  403.5700 2.989426e+06
  403.5800 2.989525e+06
  403.5900 2.989624e+06
  403.6000 2.989723e+06
  403.6100 2.989822e+06
  403.6200 2.989921e+06
  403.6300 2.990020e+06
  403.6400 2.990119e+06
  403.6500 2.990218e+06
  403.6600 2.990317e+06
  403.6700 2.990416e+06
  403.6800 2.990515e+06
  403.6900 2.990614e+06
  403.7000 2.990713e+06
  403.7100 2.990812e+06
  403.7200 2.990911e+06
  403.7300 2.991010e+06
  403.7400 2.991109e+06
  403.7500 2.991208e+06
  403.7600 2.991307e+06
  403.7700 2.991406e+06
  403.7800 2.991505e+06
  403.7900 2.991604e+06
  403.8000 2.991703e+06
  403.8100 2.991802e+06
  403.8200 2.991901e+06
  403.8300 2.991999e+06
  403.8400 2.992098e+06
  403.8500 2.992197e+06
  403.8600 2.992296e+06
  403.8700 2.992395e+06
  403.8800 2.992494e+06
  403.8900 2.992593e+06
  403.9000 2.992692e+06
  403.9100 2.992791e+06
  403.9200 2.992889e+06
  403.9300 2.992988e+06
  403.9400 2.993087e+06
  403.9500 2.993186e+06
  403.9600 2.993285e+06
  403.9700 2.993384e+06
  403.9800 2.993482e+06
  403.9900 2.993581e+06
  404.0000 2.993680e+06
  404.0100 2.993779e+06
  404.0200 2.993878e+06
  404.0300 2.993977e+06
  404.0400 2.994075e+06
  404.0500 2.994174e+06
  404.0600 2.994273e+06
  404.0700 2.994372e+06
  404.0800 2.994471e+06
  404.0900 2.994569e+06
  404.1000 2.994668e+06
  404.1100 2.994767e+06
  404.1200 2.994866e+06
  404.1300 2.994964e+06
  404.1400 2.995063e+06
  404.1500 2.995162e+06
  404.1600 2.995261e+06
  404.1700 2.995359e+06
  404.1800 2.995458e+06
  404.1900 2.995557e+06
  404.2000 2.995655e+06
  404.2100 2.995754e+06
  404.2200 2.995853e+06
  404.2300 2.995952e+06
  404.2400 2.996050e+06
  404.2500 2.996149e+06
  404.2600 2.996248e+06
  404.2700 2.996346e+06
  404.2800 2.996445e+06
  404.2900 2.996544e+06
  404.3000 2.996642e+06
  404.3100 2.996741e+06
  404.3200 2.996840e+06
  404.3300 2.996938e+06
  404.3400 2.997037e+06
  404.3500 2.997136e+06
  404.3600 2.997234e+06
  404.3700 2.997333e+06
  404.3800 2.997431e+06
  404.3900 2.997530e+06
  404.4000 2.997629e+06
  404.4100 2.997727e+06
  404.4200 2.997826e+06
  404.4300 2.997924e+06
  404.4400 2.998023e+06
  404.4500 2.998122e+06
  404.4600 2.998220e+06
  404.4700 2.998319e+06
  404.4800 2.998417e+06
  404.4900 2.998516e+06
  404.5000 2.998614e+06
  404.5100 2.998713e+06
  404.5200 2.998812e+06
  404.5300 2.998910e+06
  404.5400 2.999009e+06
  404.5500 2.999107e+06
  404.5600 2.999206e+06
  404.5700 2.999304e+06
  404.5800 2.999403e+06
  404.5900 2.999501e+06
  404.6000 2.999600e+06
  404.6100 2.999698e+06
  404.6200 2.999797e+06
  404.6300 2.999895e+06
  404.6400 2.999994e+06
  404.6500 3.000092e+06
  404.6600 3.000191e+06
  404.6700 3.000289e+06
  404.6800 3.000388e+06
  404.6900 3.000486e+06
  404.7000 3.000585e+06
  404.7100 3.000683e+06
  404.7200 3.000781e+06
  404.7300 3.000880e+06
  404.7400 3.000978e+06
  404.7500 3.001077e+06
  404.7600 3.001175e+06
  404.7700 3.001274e+06
  404.7800 3.001372e+06
  404.7900 3.001470e+06
  404.8000 3.001569e+06
  404.8100 3.001667e+06
  404.8200 3.001766e+06
  404.8300 3.001864e+06
  404.8400 3.001962e+06
  404.8500 3.002061e+06
  404.8600 3.002159e+06
  404.8700 3.002257e+06
  404.8800 3.002356e+06
  404.8900 3.002454e+06
  404.9000 3.002553e+06
  404.9100 3.002651e+06
  404.9200 3.002749e+06
  404.9300 3.002848e+06
  404.9400 3.002946e+06
  404.9500 3.003044e+06
  404.9600 3.003143e+06
  404.9700 3.003241e+06
  404.9800 3.003339e+06
  404.9900 3.003437e+06
  405.0000 3.003536e+06
  405.0100 3.003634e+06
  405.0200 3.003732e+06
  405.0300 3.003831e+06
  405.0400 3.003929e+06
  405.0500 3.004027e+06
  405.0600 3.004125e+06
  405.0700 3.004224e+06
  405.0800 3.004322e+06
  405.0900 3.004420e+06
  405.1000 3.004519e+06
  405.1100 3.004617e+06
  405.1200 3.004715e+06
  405.1300 3.004813e+06
  405.1400 3.004911e+06
  405.1500 3.005010e+06
  405.1600 3.005108e+06
  405.1700 3.005206e+06
  405.1800 3.005304e+06
  405.1900 3.005403e+06
  405.2000 3.005501e+06
  405.2100 3.005599e+06
  405.2200 3.005697e+06
  405.2300 3.005795e+06
  405.2400 3.005893e+06
  405.2500 3.005992e+06
  405.2600 3.006090e+06
  405.2700 3.006188e+06
  405.2800 3.006286e+06
  405.2900 3.006384e+06
  405.3000 3.006482e+06
  405.3100 3.006581e+06
  405.3200 3.006679e+06
  405.3300 3.006777e+06
  405.3400 3.006875e+06
  405.3500 3.006973e+06
  405.3600 3.007071e+06
  405.3700 3.007169e+06
  405.3800 3.007267e+06
  405.3900 3.007366e+06
  405.4000 3.007464e+06
  405.4100 3.007562e+06
  405.4200 3.007660e+06
  405.4300 3.007758e+06
  405.4400 3.007856e+06
  405.4500 3.007954e+06
  405.4600 3.008052e+06
  405.4700 3.008150e+06
  405.4800 3.008248e+06
  405.4900 3.008346e+06
  405.5000 3.008444e+06
  405.5100 3.008542e+06
  405.5200 3.008640e+06
  405.5300 3.008738e+06
  405.5400 3.008837e+06
  405.5500 3.008935e+06
  405.5600 3.009033e+06
  405.5700 3.009131e+06
  405.5800 3.009229e+06
  405.5900 3.009327e+06
  405.6000 3.009425e+06
  405.6100 3.009523e+06
  405.6200 3.009621e+06
  405.6300 3.009719e+06
  405.6400 3.009817e+06
  405.6500 3.009914e+06
  405.6600 3.010012e+06
  405.6700 3.010110e+06
  405.6800 3.010208e+06
  405.6900 3.010306e+06
  405.7000 3.010404e+06
  405.7100 3.010502e+06
  405.7200 3.010600e+06
  405.7300 3.010698e+06
  405.7400 3.010796e+06
  405.7500 3.010894e+06
  405.7600 3.010992e+06
  405.7700 3.011090e+06
  405.7800 3.011188e+06
  405.7900 3.011286e+06
  405.8000 3.011384e+06
  405.8100 3.011481e+06
  405.8200 3.011579e+06
  405.8300 3.011677e+06
  405.8400 3.011775e+06
  405.8500 3.011873e+06
  405.8600 3.011971e+06
  405.8700 3.012069e+06
  405.8800 3.012167e+06
  405.8900 3.012264e+06
  405.9000 3.012362e+06
  405.9100 3.012460e+06
  405.9200 3.012558e+06
  405.9300 3.012656e+06
  405.9400 3.012754e+06
  405.9500 3.012851e+06
  405.9600 3.012949e+06
  405.9700 3.013047e+06
  405.9800 3.013145e+06
  405.9900 3.013243e+06
  406.0000 3.013340e+06
  406.0100 3.013438e+06
  406.0200 3.013536e+06
  406.0300 3.013634e+06
  406.0400 3.013732e+06
  406.0500 3.013829e+06
  406.0600 3.013927e+06
  406.0700 3.014025e+06
  406.0800 3.014123e+06
  406.0900 3.014220e+06
  406.1000 3.014318e+06
  406.1100 3.014416e+06
  406.1200 3.014514e+06
  406.1300 3.014611e+06
  406.1400 3.014709e+06
  406.1500 3.014807e+06
  406.1600 3.014905e+06
  406.1700 3.015002e+06
  406.1800 3.015100e+06
  406.1900 3.015198e+06
  406.2000 3.015295e+06
  406.2100 3.015393e+06
  406.2200 3.015491e+06
  406.2300 3.015589e+06
  406.2400 3.015686e+06
  406.2500 3.015784e+06
  406.2600 3.015882e+06
  406.2700 3.015979e+06
  406.2800 3.016077e+06
  406.2900 3.016175e+06
  406.3000 3.016272e+06
  406.3100 3.016370e+06
  406.3200 3.016468e+06
  406.3300 3.016565e+06
  406.3400 3.016663e+06
  406.3500 3.016760e+06
  406.3600 3.016858e+06
  406.3700 3.016956e+06
  406.3800 3.017053e+06
  406.3900 3.017151e+06
  406.4000 3.017249e+06
  406.4100 3.017346e+06
  406.4200 3.017444e+06
  406.4300 3.017541e+06
  406.4400 3.017639e+06
  406.4500 3.017736e+06
  406.4600 3.017834e+06
  406.4700 3.017932e+06
  406.4800 3.018029e+06
  406.4900 3.018127e+06
  406.5000 3.018224e+06
  406.5100 3.018322e+06
  406.5200 3.018419e+06
  406.5300 3.018517e+06
  406.5400 3.018615e+06
  406.5500 3.018712e+06
  406.5600 3.018810e+06
  406.5700 3.018907e+06
  406.5800 3.019005e+06
  406.5900 3.019102e+06
  406.6000 3.019200e+06
  406.6100 3.019297e+06
  406.6200 3.019395e+06
  406.6300 3.019492e+06
  406.6400 3.019590e+06
  406.6500 3.019687e+06
  406.6600 3.019785e+06
  406.6700 3.019882e+06
  406.6800 3.019980e+06
  406.6900 3.020077e+06
  406.7000 3.020175e+06
  406.7100 3.020272e+06
  406.7200 3.020369e+06
  406.7300 3.020467e+06
  406.7400 3.020564e+06
  406.7500 3.020662e+06
  406.7600 3.020759e+06
  406.7700 3.020857e+06
  406.7800 3.020954e+06
  406.7900 3.021051e+06
  406.8000 3.021149e+06
  406.8100 3.021246e+06
  406.8200 3.021344e+06
  406.8300 3.021441e+06
  406.8400 3.021539e+06
  406.8500 3.021636e+06
  406.8600 3.021733e+06
  406.8700 3.021831e+06
  406.8800 3.021928e+06
  406.8900 3.022025e+06
  406.9000 3.022123e+06
  406.9100 3.022220e+06
  406.9200 3.022318e+06
  406.9300 3.022415e+06
  406.9400 3.022512e+06
  406.9500 3.022610e+06
  406.9600 3.022707e+06
  406.9700 3.022804e+06
  406.9800 3.022902e+06
  406.9900 3.022999e+06
  407.0000 3.023096e+06
  407.0100 3.023194e+06
  407.0200 3.023291e+06
  407.0300 3.023388e+06
  407.0400 3.023485e+06
  407.0500 3.023583e+06
  407.0600 3.023680e+06
  407.0700 3.023777e+06
  407.0800 3.023875e+06
  407.0900 3.023972e+06
  407.1000 3.024069e+06
  407.1100 3.024166e+06
  407.1200 3.024264e+06
  407.1300 3.024361e+06
  407.1400 3.024458e+06
  407.1500 3.024555e+06
  407.1600 3.024653e+06
  407.1700 3.024750e+06
  407.1800 3.024847e+06
  407.1900 3.024944e+06
  407.2000 3.025042e+06
  407.2100 3.025139e+06
  407.2200 3.025236e+06
  407.2300 3.025333e+06
  407.2400 3.025431e+06
  407.2500 3.025528e+06
  407.2600 3.025625e+06
  407.2700 3.025722e+06
  407.2800 3.025819e+06
  407.2900 3.025917e+06
  407.3000 3.026014e+06
  407.3100 3.026111e+06
  407.3200 3.026208e+06
  407.3300 3.026305e+06
  407.3400 3.026402e+06
  407.3500 3.026500e+06
  407.3600 3.026597e+06
  407.3700 3.026694e+06
  407.3800 3.026791e+06
  407.3900 3.026888e+06
  407.4000 3.026985e+06
  407.4100 3.027082e+06
  407.4200 3.027180e+06
  407.4300 3.027277e+06
  407.4400 3.027374e+06
  407.4500 3.027471e+06
  407.4600 3.027568e+06
  407.4700 3.027665e+06
  407.4800 3.027762e+06
  407.4900 3.027859e+06
  407.5000 3.027956e+06
  407.5100 3.028053e+06
  407.5200 3.028151e+06
  407.5300 3.028248e+06
  407.5400 3.028345e+06
  407.5500 3.028442e+06
  407.5600 3.028539e+06
  407.5700 3.028636e+06
  407.5800 3.028733e+06
  407.5900 3.028830e+06
  407.6000 3.028927e+06
  407.6100 3.029024e+06
  407.6200 3.029121e+06
  407.6300 3.029218e+06
  407.6400 3.029315e+06
  407.6500 3.029412e+06
  407.6600 3.029509e+06
  407.6700 3.029606e+06
  407.6800 3.029703e+06
  407.6900 3.029800e+06
  407.7000 3.029897e+06
  407.7100 3.029994e+06
  407.7200 3.030091e+06
  407.7300 3.030188e+06
  407.7400 3.030285e+06
  407.7500 3.030382e+06
  407.7600 3.030479e+06
  407.7700 3.030576e+06
  407.7800 3.030673e+06
  407.7900 3.030770e+06
  407.8000 3.030867e+06
  407.8100 3.030964e+06
  407.8200 3.031061e+06
  407.8300 3.031158e+06
  407.8400 3.031255e+06
  407.8500 3.031352e+06
  407.8600 3.031449e+06
  407.8700 3.031546e+06
  407.8800 3.031642e+06
  407.8900 3.031739e+06
  407.9000 3.031836e+06
  407.9100 3.031933e+06
  407.9200 3.032030e+06
  407.9300 3.032127e+06
  407.9400 3.032224e+06
  407.9500 3.032321e+06
  407.9600 3.032418e+06
  407.9700 3.032515e+06
  407.9800 3.032611e+06
  407.9900 3.032708e+06
  408.0000 3.032805e+06
  408.0100 3.032902e+06
  408.0200 3.032999e+06
  408.0300 3.033096e+06
  408.0400 3.033193e+06
  408.0500 3.033289e+06
  408.0600 3.033386e+06
  408.0700 3.033483e+06
  408.0800 3.033580e+06
  408.0900 3.033677e+06
  408.1000 3.033774e+06
  408.1100 3.033870e+06
  408.1200 3.033967e+06
  408.1300 3.034064e+06
  408.1400 3.034161e+06
  408.1500 3.034258e+06
  408.1600 3.034354e+06
  408.1700 3.034451e+06
  408.1800 3.034548e+06
  408.1900 3.034645e+06
  408.2000 3.034741e+06
  408.2100 3.034838e+06
  408.2200 3.034935e+06
  408.2300 3.035032e+06
  408.2400 3.035129e+06
  408.2500 3.035225e+06
  408.2600 3.035322e+06
  408.2700 3.035419e+06
  408.2800 3.035515e+06
  408.2900 3.035612e+06
  408.3000 3.035709e+06
  408.3100 3.035806e+06
  408.3200 3.035902e+06
  408.3300 3.035999e+06
  408.3400 3.036096e+06
  408.3500 3.036193e+06
  408.3600 3.036289e+06
  408.3700 3.036386e+06
  408.3800 3.036483e+06
  408.3900 3.036579e+06
  408.4000 3.036676e+06
  408.4100 3.036773e+06
  408.4200 3.036869e+06
  408.4300 3.036966e+06
  408.4400 3.037063e+06
  408.4500 3.037159e+06
  408.4600 3.037256e+06
  408.4700 3.037353e+06
  408.4800 3.037449e+06
  408.4900 3.037546e+06
  408.5000 3.037643e+06
  408.5100 3.037739e+06
  408.5200 3.037836e+06
  408.5300 3.037933e+06
  408.5400 3.038029e+06
  408.5500 3.038126e+06
  408.5600 3.038222e+06
  408.5700 3.038319e+06
  408.5800 3.038416e+06
  408.5900 3.038512e+06
  408.6000 3.038609e+06
  408.6100 3.038705e+06
  408.6200 3.038802e+06
  408.6300 3.038899e+06
  408.6400 3.038995e+06
  408.6500 3.039092e+06
  408.6600 3.039188e+06
  408.6700 3.039285e+06
  408.6800 3.039381e+06
  408.6900 3.039478e+06
  408.7000 3.039575e+06
  408.7100 3.039671e+06
  408.7200 3.039768e+06
  408.7300 3.039864e+06
  408.7400 3.039961e+06
  408.7500 3.040057e+06
  408.7600 3.040154e+06
  408.7700 3.040250e+06
  408.7800 3.040347e+06
  408.7900 3.040443e+06
  408.8000 3.040540e+06
  408.8100 3.040636e+06
  408.8200 3.040733e+06
  408.8300 3.040829e+06
  408.8400 3.040926e+06
  408.8500 3.041022e+06
  408.8600 3.041119e+06
  408.8700 3.041215e+06
  408.8800 3.041312e+06
  408.8900 3.041408e+06
  408.9000 3.041505e+06
  408.9100 3.041601e+06
  408.9200 3.041698e+06
  408.9300 3.041794e+06
  408.9400 3.041891e+06
  408.9500 3.041987e+06
  408.9600 3.042083e+06
  408.9700 3.042180e+06
  408.9800 3.042276e+06
  408.9900 3.042373e+06
  409.0000 3.042469e+06
  409.0100 3.042566e+06
  409.0200 3.042662e+06
  409.0300 3.042758e+06
  409.0400 3.042855e+06
  409.0500 3.042951e+06
  409.0600 3.043048e+06
  409.0700 3.043144e+06
  409.0800 3.043240e+06
  409.0900 3.043337e+06
  409.1000 3.043433e+06
  409.1100 3.043530e+06
  409.1200 3.043626e+06
  409.1300 3.043722e+06
  409.1400 3.043819e+06
  409.1500 3.043915e+06
  409.1600 3.044011e+06
  409.1700 3.044108e+06
  409.1800 3.044204e+06
  409.1900 3.044301e+06
  409.2000 3.044397e+06
  409.2100 3.044493e+06
  409.2200 3.044590e+06
  409.2300 3.044686e+06
  409.2400 3.044782e+06
  409.2500 3.044878e+06
  409.2600 3.044975e+06
  409.2700 3.045071e+06
  409.2800 3.045167e+06
  409.2900 3.045264e+06
  409.3000 3.045360e+06
  409.3100 3.045456e+06
  409.3200 3.045553e+06
  409.3300 3.045649e+06
  409.3400 3.045745e+06
  409.3500 3.045841e+06
  409.3600 3.045938e+06
  409.3700 3.046034e+06
  409.3800 3.046130e+06
  409.3900 3.046227e+06
  409.4000 3.046323e+06
  409.4100 3.046419e+06
  409.4200 3.046515e+06
  409.4300 3.046612e+06
  409.4400 3.046708e+06
  409.4500 3.046804e+06
  409.4600 3.046900e+06
  409.4700 3.046996e+06
  409.4800 3.047093e+06
  409.4900 3.047189e+06
  409.5000 3.047285e+06
  409.5100 3.047381e+06
  409.5200 3.047478e+06
  409.5300 3.047574e+06
  409.5400 3.047670e+06
  409.5500 3.047766e+06
  409.5600 3.047862e+06
  409.5700 3.047959e+06
  409.5800 3.048055e+06
  409.5900 3.048151e+06
  409.6000 3.048247e+06
  409.6100 3.048343e+06
  409.6200 3.048439e+06
  409.6300 3.048536e+06
  409.6400 3.048632e+06
  409.6500 3.048728e+06
  409.6600 3.048824e+06
  409.6700 3.048920e+06
  409.6800 3.049016e+06
  409.6900 3.049112e+06
  409.7000 3.049209e+06
  409.7100 3.049305e+06
  409.7200 3.049401e+06
  409.7300 3.049497e+06
  409.7400 3.049593e+06
  409.7500 3.049689e+06
  409.7600 3.049785e+06
  409.7700 3.049881e+06
  409.7800 3.049977e+06
  409.7900 3.050074e+06
  409.8000 3.050170e+06
  409.8100 3.050266e+06
  409.8200 3.050362e+06
  409.8300 3.050458e+06
  409.8400 3.050554e+06
  409.8500 3.050650e+06
  409.8600 3.050746e+06
  409.8700 3.050842e+06
  409.8800 3.050938e+06
  409.8900 3.051034e+06
  409.9000 3.051130e+06
  409.9100 3.051226e+06
  409.9200 3.051322e+06
  409.9300 3.051418e+06
  409.9400 3.051514e+06
  409.9500 3.051611e+06
  409.9600 3.051707e+06
  409.9700 3.051803e+06
  409.9800 3.051899e+06
  409.9900 3.051995e+06
  410.0000 3.052091e+06
  410.0100 3.052187e+06
  410.0200 3.052283e+06
  410.0300 3.052379e+06
  410.0400 3.052475e+06
  410.0500 3.052571e+06
  410.0600 3.052667e+06
  410.0700 3.052763e+06
  410.0800 3.052859e+06
  410.0900 3.052954e+06
  410.1000 3.053050e+06
  410.1100 3.053146e+06
  410.1200 3.053242e+06
  410.1300 3.053338e+06
  410.1400 3.053434e+06
  410.1500 3.053530e+06
  410.1600 3.053626e+06
  410.1700 3.053722e+06
  410.1800 3.053818e+06
  410.1900 3.053914e+06
  410.2000 3.054010e+06
  410.2100 3.054106e+06
  410.2200 3.054202e+06
  410.2300 3.054298e+06
  410.2400 3.054394e+06
  410.2500 3.054490e+06
  410.2600 3.054585e+06
  410.2700 3.054681e+06
  410.2800 3.054777e+06
  410.2900 3.054873e+06
  410.3000 3.054969e+06
  410.3100 3.055065e+06
  410.3200 3.055161e+06
  410.3300 3.055257e+06
  410.3400 3.055352e+06
  410.3500 3.055448e+06
  410.3600 3.055544e+06
  410.3700 3.055640e+06
  410.3800 3.055736e+06
  410.3900 3.055832e+06
  410.4000 3.055928e+06
  410.4100 3.056023e+06
  410.4200 3.056119e+06
  410.4300 3.056215e+06
  410.4400 3.056311e+06
  410.4500 3.056407e+06
  410.4600 3.056503e+06
  410.4700 3.056598e+06
  410.4800 3.056694e+06
  410.4900 3.056790e+06
  410.5000 3.056886e+06
  410.5100 3.056982e+06
  410.5200 3.057078e+06
  410.5300 3.057173e+06
  410.5400 3.057269e+06
  410.5500 3.057365e+06
  410.5600 3.057461e+06
  410.5700 3.057556e+06
  410.5800 3.057652e+06
  410.5900 3.057748e+06
  410.6000 3.057844e+06
  410.6100 3.057940e+06
  410.6200 3.058035e+06
  410.6300 3.058131e+06
  410.6400 3.058227e+06
  410.6500 3.058323e+06
  410.6600 3.058418e+06
  410.6700 3.058514e+06
  410.6800 3.058610e+06
  410.6900 3.058706e+06
  410.7000 3.058801e+06
  410.7100 3.058897e+06
  410.7200 3.058993e+06
  410.7300 3.059088e+06
  410.7400 3.059184e+06
  410.7500 3.059280e+06
  410.7600 3.059376e+06
  410.7700 3.059471e+06
  410.7800 3.059567e+06
  410.7900 3.059663e+06
  410.8000 3.059758e+06
  410.8100 3.059854e+06
  410.8200 3.059950e+06
  410.8300 3.060045e+06
  410.8400 3.060141e+06
  410.8500 3.060237e+06
  410.8600 3.060332e+06
  410.8700 3.060428e+06
  410.8800 3.060524e+06
  410.8900 3.060619e+06
  410.9000 3.060715e+06
  410.9100 3.060811e+06
  410.9200 3.060906e+06
  410.9300 3.061002e+06
  410.9400 3.061098e+06
  410.9500 3.061193e+06
  410.9600 3.061289e+06
  410.9700 3.061384e+06
  410.9800 3.061480e+06
  410.9900 3.061576e+06
  411.0000 3.061671e+06
  411.0100 3.061767e+06
  411.0200 3.061863e+06
  411.0300 3.061958e+06
  411.0400 3.062054e+06
  411.0500 3.062149e+06
  411.0600 3.062245e+06
  411.0700 3.062340e+06
  411.0800 3.062436e+06
  411.0900 3.062532e+06
  411.1000 3.062627e+06
  411.1100 3.062723e+06
  411.1200 3.062818e+06
  411.1300 3.062914e+06
  411.1400 3.063009e+06
  411.1500 3.063105e+06
  411.1600 3.063201e+06
  411.1700 3.063296e+06
  411.1800 3.063392e+06
  411.1900 3.063487e+06
  411.2000 3.063583e+06
  411.2100 3.063678e+06
  411.2200 3.063774e+06
  411.2300 3.063869e+06
  411.2400 3.063965e+06
  411.2500 3.064060e+06
  411.2600 3.064156e+06
  411.2700 3.064251e+06
  411.2800 3.064347e+06
  411.2900 3.064442e+06
  411.3000 3.064538e+06
  411.3100 3.064633e+06
  411.3200 3.064729e+06
  411.3300 3.064824e+06
  411.3400 3.064920e+06
  411.3500 3.065015e+06
  411.3600 3.065111e+06
  411.3700 3.065206e+06
  411.3800 3.065302e+06
  411.3900 3.065397e+06
  411.4000 3.065493e+06
  411.4100 3.065588e+06
  411.4200 3.065684e+06
  411.4300 3.065779e+06
  411.4400 3.065874e+06
  411.4500 3.065970e+06
  411.4600 3.066065e+06
  411.4700 3.066161e+06
  411.4800 3.066256e+06
  411.4900 3.066352e+06
  411.5000 3.066447e+06
  411.5100 3.066542e+06
  411.5200 3.066638e+06
  411.5300 3.066733e+06
  411.5400 3.066829e+06
  411.5500 3.066924e+06
  411.5600 3.067019e+06
  411.5700 3.067115e+06
  411.5800 3.067210e+06
  411.5900 3.067306e+06
  411.6000 3.067401e+06
  411.6100 3.067496e+06
  411.6200 3.067592e+06
  411.6300 3.067687e+06
  411.6400 3.067783e+06
  411.6500 3.067878e+06
  411.6600 3.067973e+06
  411.6700 3.068069e+06
  411.6800 3.068164e+06
  411.6900 3.068259e+06
  411.7000 3.068355e+06
  411.7100 3.068450e+06
  411.7200 3.068545e+06
  411.7300 3.068641e+06
  411.7400 3.068736e+06
  411.7500 3.068831e+06
  411.7600 3.068927e+06
  411.7700 3.069022e+06
  411.7800 3.069117e+06
  411.7900 3.069213e+06
  411.8000 3.069308e+06
  411.8100 3.069403e+06
  411.8200 3.069499e+06
  411.8300 3.069594e+06
  411.8400 3.069689e+06
  411.8500 3.069784e+06
  411.8600 3.069880e+06
  411.8700 3.069975e+06
  411.8800 3.070070e+06
  411.8900 3.070166e+06
  411.9000 3.070261e+06
  411.9100 3.070356e+06
  411.9200 3.070451e+06
  411.9300 3.070547e+06
  411.9400 3.070642e+06
  411.9500 3.070737e+06
  411.9600 3.070832e+06
  411.9700 3.070928e+06
  411.9800 3.071023e+06
  411.9900 3.071118e+06
  412.0000 3.071213e+06
  412.0100 3.071309e+06
  412.0200 3.071404e+06
  412.0300 3.071499e+06
  412.0400 3.071594e+06
  412.0500 3.071690e+06
  412.0600 3.071785e+06
  412.0700 3.071880e+06
  412.0800 3.071975e+06
  412.0900 3.072070e+06
  412.1000 3.072166e+06
  412.1100 3.072261e+06
  412.1200 3.072356e+06
  412.1300 3.072451e+06
  412.1400 3.072546e+06
  412.1500 3.072641e+06
  412.1600 3.072737e+06
  412.1700 3.072832e+06
  412.1800 3.072927e+06
  412.1900 3.073022e+06
  412.2000 3.073117e+06
  412.2100 3.073212e+06
  412.2200 3.073308e+06
  412.2300 3.073403e+06
  412.2400 3.073498e+06
  412.2500 3.073593e+06
  412.2600 3.073688e+06
  412.2700 3.073783e+06
  412.2800 3.073879e+06
  412.2900 3.073974e+06
  412.3000 3.074069e+06
  412.3100 3.074164e+06
  412.3200 3.074259e+06
  412.3300 3.074354e+06
  412.3400 3.074449e+06
  412.3500 3.074544e+06
  412.3600 3.074639e+06
  412.3700 3.074735e+06
  412.3800 3.074830e+06
  412.3900 3.074925e+06
  412.4000 3.075020e+06
  412.4100 3.075115e+06
  412.4200 3.075210e+06
  412.4300 3.075305e+06
  412.4400 3.075400e+06
  412.4500 3.075495e+06
  412.4600 3.075590e+06
  412.4700 3.075685e+06
  412.4800 3.075780e+06
  412.4900 3.075876e+06
  412.5000 3.075971e+06
  412.5100 3.076066e+06
  412.5200 3.076161e+06
  412.5300 3.076256e+06
  412.5400 3.076351e+06
  412.5500 3.076446e+06
  412.5600 3.076541e+06
  412.5700 3.076636e+06
  412.5800 3.076731e+06
  412.5900 3.076826e+06
  412.6000 3.076921e+06
  412.6100 3.077016e+06
  412.6200 3.077111e+06
  412.6300 3.077206e+06
  412.6400 3.077301e+06
  412.6500 3.077396e+06
  412.6600 3.077491e+06
  412.6700 3.077586e+06
  412.6800 3.077681e+06
  412.6900 3.077776e+06
  412.7000 3.077871e+06
  412.7100 3.077966e+06
  412.7200 3.078061e+06
  412.7300 3.078156e+06
  412.7400 3.078251e+06
  412.7500 3.078346e+06
  412.7600 3.078441e+06
  412.7700 3.078536e+06
  412.7800 3.078631e+06
  412.7900 3.078726e+06
  412.8000 3.078821e+06
  412.8100 3.078916e+06
  412.8200 3.079011e+06
  412.8300 3.079105e+06
  412.8400 3.079200e+06
  412.8500 3.079295e+06
  412.8600 3.079390e+06
  412.8700 3.079485e+06
  412.8800 3.079580e+06
  412.8900 3.079675e+06
  412.9000 3.079770e+06
  412.9100 3.079865e+06
  412.9200 3.079960e+06
  412.9300 3.080055e+06
  412.9400 3.080150e+06
  412.9500 3.080244e+06
  412.9600 3.080339e+06
  412.9700 3.080434e+06
  412.9800 3.080529e+06
  412.9900 3.080624e+06
  413.0000 3.080719e+06
  413.0100 3.080814e+06
  413.0200 3.080909e+06
  413.0300 3.081004e+06
  413.0400 3.081098e+06
  413.0500 3.081193e+06
  413.0600 3.081288e+06
  413.0700 3.081383e+06
  413.0800 3.081478e+06
  413.0900 3.081573e+06
  413.1000 3.081668e+06
  413.1100 3.081762e+06
  413.1200 3.081857e+06
  413.1300 3.081952e+06
  413.1400 3.082047e+06
  413.1500 3.082142e+06
  413.1600 3.082237e+06
  413.1700 3.082331e+06
  413.1800 3.082426e+06
  413.1900 3.082521e+06
  413.2000 3.082616e+06
  413.2100 3.082711e+06
  413.2200 3.082805e+06
  413.2300 3.082900e+06
  413.2400 3.082995e+06
  413.2500 3.083090e+06
  413.2600 3.083185e+06
  413.2700 3.083279e+06
  413.2800 3.083374e+06
  413.2900 3.083469e+06
  413.3000 3.083564e+06
  413.3100 3.083659e+06
  413.3200 3.083753e+06
  413.3300 3.083848e+06
  413.3400 3.083943e+06
  413.3500 3.084038e+06
  413.3600 3.084132e+06
  413.3700 3.084227e+06
  413.3800 3.084322e+06
  413.3900 3.084417e+06
  413.4000 3.084511e+06
  413.4100 3.084606e+06
  413.4200 3.084701e+06
  413.4300 3.084796e+06
  413.4400 3.084890e+06
  413.4500 3.084985e+06
  413.4600 3.085080e+06
  413.4700 3.085174e+06
  413.4800 3.085269e+06
  413.4900 3.085364e+06
  413.5000 3.085459e+06
  413.5100 3.085553e+06
  413.5200 3.085648e+06
  413.5300 3.085743e+06
  413.5400 3.085837e+06
  413.5500 3.085932e+06
  413.5600 3.086027e+06
  413.5700 3.086121e+06
  413.5800 3.086216e+06
  413.5900 3.086311e+06
  413.6000 3.086406e+06
  413.6100 3.086500e+06
  413.6200 3.086595e+06
  413.6300 3.086690e+06
  413.6400 3.086784e+06
  413.6500 3.086879e+06
  413.6600 3.086974e+06
  413.6700 3.087068e+06
  413.6800 3.087163e+06
  413.6900 3.087257e+06
  413.7000 3.087352e+06
  413.7100 3.087447e+06
  413.7200 3.087541e+06
  413.7300 3.087636e+06
  413.7400 3.087731e+06
  413.7500 3.087825e+06
  413.7600 3.087920e+06
  413.7700 3.088015e+06
  413.7800 3.088109e+06
  413.7900 3.088204e+06
  413.8000 3.088298e+06
  413.8100 3.088393e+06
  413.8200 3.088488e+06
  413.8300 3.088582e+06
  413.8400 3.088677e+06
  413.8500 3.088771e+06
  413.8600 3.088866e+06
  413.8700 3.088961e+06
  413.8800 3.089055e+06
  413.8900 3.089150e+06
  413.9000 3.089244e+06
  413.9100 3.089339e+06
  413.9200 3.089433e+06
  413.9300 3.089528e+06
  413.9400 3.089623e+06
  413.9500 3.089717e+06
  413.9600 3.089812e+06
  413.9700 3.089906e+06
  413.9800 3.090001e+06
  413.9900 3.090095e+06
  414.0000 3.090190e+06
  414.0100 3.090284e+06
  414.0200 3.090379e+06
  414.0300 3.090474e+06
  414.0400 3.090568e+06
  414.0500 3.090663e+06
  414.0600 3.090757e+06
  414.0700 3.090852e+06
  414.0800 3.090946e+06
  414.0900 3.091041e+06
  414.1000 3.091135e+06
  414.1100 3.091230e+06
  414.1200 3.091324e+06
  414.1300 3.091419e+06
  414.1400 3.091513e+06
  414.1500 3.091608e+06
  414.1600 3.091702e+06
  414.1700 3.091797e+06
  414.1800 3.091891e+06
  414.1900 3.091986e+06
  414.2000 3.092080e+06
  414.2100 3.092175e+06
  414.2200 3.092269e+06
  414.2300 3.092364e+06
  414.2400 3.092458e+06
  414.2500 3.092553e+06
  414.2600 3.092647e+06
  414.2700 3.092741e+06
  414.2800 3.092836e+06
  414.2900 3.092930e+06
  414.3000 3.093025e+06
  414.3100 3.093119e+06
  414.3200 3.093214e+06
  414.3300 3.093308e+06
  414.3400 3.093403e+06
  414.3500 3.093497e+06
  414.3600 3.093591e+06
  414.3700 3.093686e+06
  414.3800 3.093780e+06
  414.3900 3.093875e+06
  414.4000 3.093969e+06
  414.4100 3.094064e+06
  414.4200 3.094158e+06
  414.4300 3.094252e+06
  414.4400 3.094347e+06
  414.4500 3.094441e+06
  414.4600 3.094536e+06
  414.4700 3.094630e+06
  414.4800 3.094724e+06
  414.4900 3.094819e+06
  414.5000 3.094913e+06
  414.5100 3.095008e+06
  414.5200 3.095102e+06
  414.5300 3.095196e+06
  414.5400 3.095291e+06
  414.5500 3.095385e+06
  414.5600 3.095479e+06
  414.5700 3.095574e+06
  414.5800 3.095668e+06
  414.5900 3.095762e+06
  414.6000 3.095857e+06
  414.6100 3.095951e+06
  414.6200 3.096046e+06
  414.6300 3.096140e+06
  414.6400 3.096234e+06
  414.6500 3.096329e+06
  414.6600 3.096423e+06
  414.6700 3.096517e+06
  414.6800 3.096612e+06
  414.6900 3.096706e+06
  414.7000 3.096800e+06
  414.7100 3.096895e+06
  414.7200 3.096989e+06
  414.7300 3.097083e+06
  414.7400 3.097177e+06
  414.7500 3.097272e+06
  414.7600 3.097366e+06
  414.7700 3.097460e+06
  414.7800 3.097555e+06
  414.7900 3.097649e+06
  414.8000 3.097743e+06
  414.8100 3.097838e+06
  414.8200 3.097932e+06
  414.8300 3.098026e+06
  414.8400 3.098120e+06
  414.8500 3.098215e+06
  414.8600 3.098309e+06
  414.8700 3.098403e+06
  414.8800 3.098498e+06
  414.8900 3.098592e+06
  414.9000 3.098686e+06
  414.9100 3.098780e+06
  414.9200 3.098875e+06
  414.9300 3.098969e+06
  414.9400 3.099063e+06
  414.9500 3.099157e+06
  414.9600 3.099252e+06
  414.9700 3.099346e+06
  414.9800 3.099440e+06
  414.9900 3.099534e+06
  415.0000 3.099629e+06
  415.0100 3.099723e+06
  415.0200 3.099817e+06
  415.0300 3.099911e+06
  415.0400 3.100005e+06
  415.0500 3.100100e+06
  415.0600 3.100194e+06
  415.0700 3.100288e+06
  415.0800 3.100382e+06
  415.0900 3.100476e+06
  415.1000 3.100571e+06
  415.1100 3.100665e+06
  415.1200 3.100759e+06
  415.1300 3.100853e+06
  415.1400 3.100947e+06
  415.1500 3.101042e+06
  415.1600 3.101136e+06
  415.1700 3.101230e+06
  415.1800 3.101324e+06
  415.1900 3.101418e+06
  415.2000 3.101513e+06
  415.2100 3.101607e+06
  415.2200 3.101701e+06
  415.2300 3.101795e+06
  415.2400 3.101889e+06
  415.2500 3.101983e+06
  415.2600 3.102077e+06
  415.2700 3.102172e+06
  415.2800 3.102266e+06
  415.2900 3.102360e+06
  415.3000 3.102454e+06
  415.3100 3.102548e+06
  415.3200 3.102642e+06
  415.3300 3.102736e+06
  415.3400 3.102831e+06
  415.3500 3.102925e+06
  415.3600 3.103019e+06
  415.3700 3.103113e+06
  415.3800 3.103207e+06
  415.3900 3.103301e+06
  415.4000 3.103395e+06
  415.4100 3.103489e+06
  415.4200 3.103584e+06
  415.4300 3.103678e+06
  415.4400 3.103772e+06
  415.4500 3.103866e+06
  415.4600 3.103960e+06
  415.4700 3.104054e+06
  415.4800 3.104148e+06
  415.4900 3.104242e+06
  415.5000 3.104336e+06
  415.5100 3.104430e+06
  415.5200 3.104524e+06
  415.5300 3.104619e+06
  415.5400 3.104713e+06
  415.5500 3.104807e+06
  415.5600 3.104901e+06
  415.5700 3.104995e+06
  415.5800 3.105089e+06
  415.5900 3.105183e+06
  415.6000 3.105277e+06
  415.6100 3.105371e+06
  415.6200 3.105465e+06
  415.6300 3.105559e+06
  415.6400 3.105653e+06
  415.6500 3.105747e+06
  415.6600 3.105841e+06
  415.6700 3.105935e+06
  415.6800 3.106029e+06
  415.6900 3.106123e+06
  415.7000 3.106217e+06
  415.7100 3.106311e+06
  415.7200 3.106405e+06
  415.7300 3.106499e+06
  415.7400 3.106593e+06
  415.7500 3.106687e+06
  415.7600 3.106781e+06
  415.7700 3.106875e+06
  415.7800 3.106969e+06
  415.7900 3.107063e+06
  415.8000 3.107157e+06
  415.8100 3.107251e+06
  415.8200 3.107345e+06
  415.8300 3.107439e+06
  415.8400 3.107533e+06
  415.8500 3.107627e+06
  415.8600 3.107721e+06
  415.8700 3.107815e+06
  415.8800 3.107909e+06
  415.8900 3.108003e+06
  415.9000 3.108097e+06
  415.9100 3.108191e+06
  415.9200 3.108285e+06
  415.9300 3.108379e+06
  415.9400 3.108473e+06
  415.9500 3.108567e+06
  415.9600 3.108661e+06
  415.9700 3.108755e+06
  415.9800 3.108849e+06
  415.9900 3.108943e+06
  416.0000 3.109037e+06
  416.0100 3.109131e+06
  416.0200 3.109225e+06
  416.0300 3.109319e+06
  416.0400 3.109412e+06
  416.0500 3.109506e+06
  416.0600 3.109600e+06
  416.0700 3.109694e+06
  416.0800 3.109788e+06
  416.0900 3.109882e+06
  416.1000 3.109976e+06
  416.1100 3.110070e+06
  416.1200 3.110164e+06
  416.1300 3.110258e+06
  416.1400 3.110352e+06
  416.1500 3.110445e+06
  416.1600 3.110539e+06
  416.1700 3.110633e+06
  416.1800 3.110727e+06
  416.1900 3.110821e+06
  416.2000 3.110915e+06
  416.2100 3.111009e+06
  416.2200 3.111103e+06
  416.2300 3.111197e+06
  416.2400 3.111290e+06
  416.2500 3.111384e+06
  416.2600 3.111478e+06
  416.2700 3.111572e+06
  416.2800 3.111666e+06
  416.2900 3.111760e+06
  416.3000 3.111854e+06
  416.3100 3.111947e+06
  416.3200 3.112041e+06
  416.3300 3.112135e+06
  416.3400 3.112229e+06
  416.3500 3.112323e+06
  416.3600 3.112417e+06
  416.3700 3.112510e+06
  416.3800 3.112604e+06
  416.3900 3.112698e+06
  416.4000 3.112792e+06
  416.4100 3.112886e+06
  416.4200 3.112980e+06
  416.4300 3.113073e+06
  416.4400 3.113167e+06
  416.4500 3.113261e+06
  416.4600 3.113355e+06
  416.4700 3.113449e+06
  416.4800 3.113542e+06
  416.4900 3.113636e+06
  416.5000 3.113730e+06
  416.5100 3.113824e+06
  416.5200 3.113918e+06
  416.5300 3.114011e+06
  416.5400 3.114105e+06
  416.5500 3.114199e+06
  416.5600 3.114293e+06
  416.5700 3.114387e+06
  416.5800 3.114480e+06
  416.5900 3.114574e+06
  416.6000 3.114668e+06
  416.6100 3.114762e+06
  416.6200 3.114855e+06
  416.6300 3.114949e+06
  416.6400 3.115043e+06
  416.6500 3.115137e+06
  416.6600 3.115231e+06
  416.6700 3.115324e+06
  416.6800 3.115418e+06
  416.6900 3.115512e+06
  416.7000 3.115606e+06
  416.7100 3.115699e+06
  416.7200 3.115793e+06
  416.7300 3.115887e+06
  416.7400 3.115980e+06
  416.7500 3.116074e+06
  416.7600 3.116168e+06
  416.7700 3.116262e+06
  416.7800 3.116355e+06
  416.7900 3.116449e+06
  416.8000 3.116543e+06
  416.8100 3.116637e+06
  416.8200 3.116730e+06
  416.8300 3.116824e+06
  416.8400 3.116918e+06
  416.8500 3.117011e+06
  416.8600 3.117105e+06
  416.8700 3.117199e+06
  416.8800 3.117292e+06
  416.8900 3.117386e+06
  416.9000 3.117480e+06
  416.9100 3.117574e+06
  416.9200 3.117667e+06
  416.9300 3.117761e+06
  416.9400 3.117855e+06
  416.9500 3.117948e+06
  416.9600 3.118042e+06
  416.9700 3.118136e+06
  416.9800 3.118229e+06
  416.9900 3.118323e+06
  417.0000 3.118417e+06
  417.0100 3.118510e+06
  417.0200 3.118604e+06
  417.0300 3.118698e+06
  417.0400 3.118791e+06
  417.0500 3.118885e+06
  417.0600 3.118979e+06
  417.0700 3.119072e+06
  417.0800 3.119166e+06
  417.0900 3.119259e+06
  417.1000 3.119353e+06
  417.1100 3.119447e+06
  417.1200 3.119540e+06
  417.1300 3.119634e+06
  417.1400 3.119728e+06
  417.1500 3.119821e+06
  417.1600 3.119915e+06
  417.1700 3.120009e+06
  417.1800 3.120102e+06
  417.1900 3.120196e+06
  417.2000 3.120289e+06
  417.2100 3.120383e+06
  417.2200 3.120477e+06
  417.2300 3.120570e+06
  417.2400 3.120664e+06
  417.2500 3.120757e+06
  417.2600 3.120851e+06
  417.2700 3.120945e+06
  417.2800 3.121038e+06
  417.2900 3.121132e+06
  417.3000 3.121225e+06
  417.3100 3.121319e+06
  417.3200 3.121413e+06
  417.3300 3.121506e+06
  417.3400 3.121600e+06
  417.3500 3.121693e+06
  417.3600 3.121787e+06
  417.3700 3.121880e+06
  417.3800 3.121974e+06
  417.3900 3.122068e+06
  417.4000 3.122161e+06
  417.4100 3.122255e+06
  417.4200 3.122348e+06
  417.4300 3.122442e+06
  417.4400 3.122535e+06
  417.4500 3.122629e+06
  417.4600 3.122722e+06
  417.4700 3.122816e+06
  417.4800 3.122910e+06
  417.4900 3.123003e+06
  417.5000 3.123097e+06
  417.5100 3.123190e+06
  417.5200 3.123284e+06
  417.5300 3.123377e+06
  417.5400 3.123471e+06
  417.5500 3.123564e+06
  417.5600 3.123658e+06
  417.5700 3.123751e+06
  417.5800 3.123845e+06
  417.5900 3.123938e+06
  417.6000 3.124032e+06
  417.6100 3.124125e+06
  417.6200 3.124219e+06
  417.6300 3.124312e+06
  417.6400 3.124406e+06
  417.6500 3.124499e+06
  417.6600 3.124593e+06
  417.6700 3.124686e+06
  417.6800 3.124780e+06
  417.6900 3.124873e+06
  417.7000 3.124967e+06
  417.7100 3.125060e+06
  417.7200 3.125154e+06
  417.7300 3.125247e+06
  417.7400 3.125341e+06
  417.7500 3.125434e+06
  417.7600 3.125528e+06
  417.7700 3.125621e+06
  417.7800 3.125715e+06
  417.7900 3.125808e+06
  417.8000 3.125902e+06
  417.8100 3.125995e+06
  417.8200 3.126088e+06
  417.8300 3.126182e+06
  417.8400 3.126275e+06
  417.8500 3.126369e+06
  417.8600 3.126462e+06
  417.8700 3.126556e+06
  417.8800 3.126649e+06
  417.8900 3.126743e+06
  417.9000 3.126836e+06
  417.9100 3.126929e+06
  417.9200 3.127023e+06
  417.9300 3.127116e+06
  417.9400 3.127210e+06
  417.9500 3.127303e+06
  417.9600 3.127397e+06
  417.9700 3.127490e+06
  417.9800 3.127583e+06
  417.9900 3.127677e+06
  418.0000 3.127770e+06
  418.0100 3.127864e+06
  418.0200 3.127957e+06
  418.0300 3.128050e+06
  418.0400 3.128144e+06
  418.0500 3.128237e+06
  418.0600 3.128331e+06
  418.0700 3.128424e+06
  418.0800 3.128517e+06
  418.0900 3.128611e+06
  418.1000 3.128704e+06
  418.1100 3.128798e+06
  418.1200 3.128891e+06
  418.1300 3.128984e+06
  418.1400 3.129078e+06
  418.1500 3.129171e+06
  418.1600 3.129265e+06
  418.1700 3.129358e+06
  418.1800 3.129451e+06
  418.1900 3.129545e+06
  418.2000 3.129638e+06
  418.2100 3.129731e+06
  418.2200 3.129825e+06
  418.2300 3.129918e+06
  418.2400 3.130011e+06
  418.2500 3.130105e+06
  418.2600 3.130198e+06
  418.2700 3.130292e+06
  418.2800 3.130385e+06
  418.2900 3.130478e+06
  418.3000 3.130572e+06
  418.3100 3.130665e+06
  418.3200 3.130758e+06
  418.3300 3.130852e+06
  418.3400 3.130945e+06
  418.3500 3.131038e+06
  418.3600 3.131132e+06
  418.3700 3.131225e+06
  418.3800 3.131318e+06
  418.3900 3.131412e+06
  418.4000 3.131505e+06
  418.4100 3.131598e+06
  418.4200 3.131691e+06
  418.4300 3.131785e+06
  418.4400 3.131878e+06
  418.4500 3.131971e+06
  418.4600 3.132065e+06
  418.4700 3.132158e+06
  418.4800 3.132251e+06
  418.4900 3.132345e+06
  418.5000 3.132438e+06
  418.5100 3.132531e+06
  418.5200 3.132624e+06
  418.5300 3.132718e+06
  418.5400 3.132811e+06
  418.5500 3.132904e+06
  418.5600 3.132998e+06
  418.5700 3.133091e+06
  418.5800 3.133184e+06
  418.5900 3.133277e+06
  418.6000 3.133371e+06
  418.6100 3.133464e+06
  418.6200 3.133557e+06
  418.6300 3.133650e+06
  418.6400 3.133744e+06
  418.6500 3.133837e+06
  418.6600 3.133930e+06
  418.6700 3.134024e+06
  418.6800 3.134117e+06
  418.6900 3.134210e+06
  418.7000 3.134303e+06
  418.7100 3.134397e+06
  418.7200 3.134490e+06
  418.7300 3.134583e+06
  418.7400 3.134676e+06
  418.7500 3.134769e+06
  418.7600 3.134863e+06
  418.7700 3.134956e+06
  418.7800 3.135049e+06
  418.7900 3.135142e+06
  418.8000 3.135236e+06
  418.8100 3.135329e+06
  418.8200 3.135422e+06
  418.8300 3.135515e+06
  418.8400 3.135609e+06
  418.8500 3.135702e+06
  418.8600 3.135795e+06
  418.8700 3.135888e+06
  418.8800 3.135981e+06
  418.8900 3.136075e+06
  418.9000 3.136168e+06
  418.9100 3.136261e+06
  418.9200 3.136354e+06
  418.9300 3.136447e+06
  418.9400 3.136541e+06
  418.9500 3.136634e+06
  418.9600 3.136727e+06
  418.9700 3.136820e+06
  418.9800 3.136913e+06
  418.9900 3.137007e+06
  419.0000 3.137100e+06
  419.0100 3.137193e+06
  419.0200 3.137286e+06
  419.0300 3.137379e+06
  419.0400 3.137472e+06
  419.0500 3.137566e+06
  419.0600 3.137659e+06
  419.0700 3.137752e+06
  419.0800 3.137845e+06
  419.0900 3.137938e+06
  419.1000 3.138031e+06
  419.1100 3.138125e+06
  419.1200 3.138218e+06
  419.1300 3.138311e+06
  419.1400 3.138404e+06
  419.1500 3.138497e+06
  419.1600 3.138590e+06
  419.1700 3.138683e+06
  419.1800 3.138777e+06
  419.1900 3.138870e+06
  419.2000 3.138963e+06
  419.2100 3.139056e+06
  419.2200 3.139149e+06
  419.2300 3.139242e+06
  419.2400 3.139335e+06
  419.2500 3.139429e+06
  419.2600 3.139522e+06
  419.2700 3.139615e+06
  419.2800 3.139708e+06
  419.2900 3.139801e+06
  419.3000 3.139894e+06
  419.3100 3.139987e+06
  419.3200 3.140080e+06
  419.3300 3.140173e+06
  419.3400 3.140267e+06
  419.3500 3.140360e+06
  419.3600 3.140453e+06
  419.3700 3.140546e+06
  419.3800 3.140639e+06
  419.3900 3.140732e+06
  419.4000 3.140825e+06
  419.4100 3.140918e+06
  419.4200 3.141011e+06
  419.4300 3.141104e+06
  419.4400 3.141198e+06
  419.4500 3.141291e+06
  419.4600 3.141384e+06
  419.4700 3.141477e+06
  419.4800 3.141570e+06
  419.4900 3.141663e+06
  419.5000 3.141756e+06
  419.5100 3.141849e+06
  419.5200 3.141942e+06
  419.5300 3.142035e+06
  419.5400 3.142128e+06
  419.5500 3.142221e+06
  419.5600 3.142314e+06
  419.5700 3.142407e+06
  419.5800 3.142501e+06
  419.5900 3.142594e+06
  419.6000 3.142687e+06
  419.6100 3.142780e+06
  419.6200 3.142873e+06
  419.6300 3.142966e+06
  419.6400 3.143059e+06
  419.6500 3.143152e+06
  419.6600 3.143245e+06
  419.6700 3.143338e+06
  419.6800 3.143431e+06
  419.6900 3.143524e+06
  419.7000 3.143617e+06
  419.7100 3.143710e+06
  419.7200 3.143803e+06
  419.7300 3.143896e+06
  419.7400 3.143989e+06
  419.7500 3.144082e+06
  419.7600 3.144175e+06
  419.7700 3.144268e+06
  419.7800 3.144361e+06
  419.7900 3.144454e+06
  419.8000 3.144547e+06
  419.8100 3.144640e+06
  419.8200 3.144733e+06
  419.8300 3.144826e+06
  419.8400 3.144919e+06
  419.8500 3.145012e+06
  419.8600 3.145105e+06
  419.8700 3.145198e+06
  419.8800 3.145291e+06
  419.8900 3.145384e+06
  419.9000 3.145477e+06
  419.9100 3.145570e+06
  419.9200 3.145663e+06
  419.9300 3.145756e+06
  419.9400 3.145849e+06
  419.9500 3.145942e+06
  419.9600 3.146035e+06
  419.9700 3.146128e+06
  419.9800 3.146221e+06
  419.9900 3.146314e+06
  420.0000 3.146407e+06
  420.0100 3.146500e+06
  420.0200 3.146593e+06
  420.0300 3.146686e+06
  420.0400 3.146779e+06
  420.0500 3.146872e+06
  420.0600 3.146965e+06
  420.0700 3.147058e+06
  420.0800 3.147151e+06
  420.0900 3.147244e+06
  420.1000 3.147337e+06
  420.1100 3.147430e+06
  420.1200 3.147522e+06
  420.1300 3.147615e+06
  420.1400 3.147708e+06
  420.1500 3.147801e+06
  420.1600 3.147894e+06
  420.1700 3.147987e+06
  420.1800 3.148080e+06
  420.1900 3.148173e+06
  420.2000 3.148266e+06
  420.2100 3.148359e+06
  420.2200 3.148452e+06
  420.2300 3.148545e+06
  420.2400 3.148638e+06
  420.2500 3.148731e+06
  420.2600 3.148824e+06
  420.2700 3.148916e+06
  420.2800 3.149009e+06
  420.2900 3.149102e+06
  420.3000 3.149195e+06
  420.3100 3.149288e+06
  420.3200 3.149381e+06
  420.3300 3.149474e+06
  420.3400 3.149567e+06
  420.3500 3.149660e+06
  420.3600 3.149753e+06
  420.3700 3.149846e+06
  420.3800 3.149938e+06
  420.3900 3.150031e+06
  420.4000 3.150124e+06
  420.4100 3.150217e+06
  420.4200 3.150310e+06
  420.4300 3.150403e+06
  420.4400 3.150496e+06
  420.4500 3.150589e+06
  420.4600 3.150682e+06
  420.4700 3.150774e+06
  420.4800 3.150867e+06
  420.4900 3.150960e+06
  420.5000 3.151053e+06
  420.5100 3.151146e+06
  420.5200 3.151239e+06
  420.5300 3.151332e+06
  420.5400 3.151424e+06
  420.5500 3.151517e+06
  420.5600 3.151610e+06
  420.5700 3.151703e+06
  420.5800 3.151796e+06
  420.5900 3.151889e+06
  420.6000 3.151982e+06
  420.6100 3.152074e+06
  420.6200 3.152167e+06
  420.6300 3.152260e+06
  420.6400 3.152353e+06
  420.6500 3.152446e+06
  420.6600 3.152539e+06
  420.6700 3.152632e+06
  420.6800 3.152724e+06
  420.6900 3.152817e+06
  420.7000 3.152910e+06
  420.7100 3.153003e+06
  420.7200 3.153096e+06
  420.7300 3.153189e+06
  420.7400 3.153281e+06
  420.7500 3.153374e+06
  420.7600 3.153467e+06
  420.7700 3.153560e+06
  420.7800 3.153653e+06
  420.7900 3.153745e+06
  420.8000 3.153838e+06
  420.8100 3.153931e+06
  420.8200 3.154024e+06
  420.8300 3.154117e+06
  420.8400 3.154210e+06
  420.8500 3.154302e+06
  420.8600 3.154395e+06
  420.8700 3.154488e+06
  420.8800 3.154581e+06
  420.8900 3.154674e+06
  420.9000 3.154766e+06
  420.9100 3.154859e+06
  420.9200 3.154952e+06
  420.9300 3.155045e+06
  420.9400 3.155138e+06
  420.9500 3.155230e+06
  420.9600 3.155323e+06
  420.9700 3.155416e+06
  420.9800 3.155509e+06
  420.9900 3.155601e+06
  421.0000 3.155694e+06
  421.0100 3.155787e+06
  421.0200 3.155880e+06
  421.0300 3.155973e+06
  421.0400 3.156065e+06
  421.0500 3.156158e+06
  421.0600 3.156251e+06
  421.0700 3.156344e+06
  421.0800 3.156436e+06
  421.0900 3.156529e+06
  421.1000 3.156622e+06
  421.1100 3.156715e+06
  421.1200 3.156807e+06
  421.1300 3.156900e+06
  421.1400 3.156993e+06
  421.1500 3.157086e+06
  421.1600 3.157178e+06
  421.1700 3.157271e+06
  421.1800 3.157364e+06
  421.1900 3.157457e+06
  421.2000 3.157549e+06
  421.2100 3.157642e+06
  421.2200 3.157735e+06
  421.2300 3.157828e+06
  421.2400 3.157920e+06
  421.2500 3.158013e+06
  421.2600 3.158106e+06
  421.2700 3.158199e+06
  421.2800 3.158291e+06
  421.2900 3.158384e+06
  421.3000 3.158477e+06
  421.3100 3.158570e+06
  421.3200 3.158662e+06
  421.3300 3.158755e+06
  421.3400 3.158848e+06
  421.3500 3.158940e+06
  421.3600 3.159033e+06
  421.3700 3.159126e+06
  421.3800 3.159219e+06
  421.3900 3.159311e+06
  421.4000 3.159404e+06
  421.4100 3.159497e+06
  421.4200 3.159589e+06
  421.4300 3.159682e+06
  421.4400 3.159775e+06
  421.4500 3.159867e+06
  421.4600 3.159960e+06
  421.4700 3.160053e+06
  421.4800 3.160146e+06
  421.4900 3.160238e+06
  421.5000 3.160331e+06
  421.5100 3.160424e+06
  421.5200 3.160516e+06
  421.5300 3.160609e+06
  421.5400 3.160702e+06
  421.5500 3.160794e+06
  421.5600 3.160887e+06
  421.5700 3.160980e+06
  421.5800 3.161072e+06
  421.5900 3.161165e+06
  421.6000 3.161258e+06
  421.6100 3.161350e+06
  421.6200 3.161443e+06
  421.6300 3.161536e+06
  421.6400 3.161628e+06
  421.6500 3.161721e+06
  421.6600 3.161814e+06
  421.6700 3.161906e+06
  421.6800 3.161999e+06
  421.6900 3.162092e+06
  421.7000 3.162184e+06
  421.7100 3.162277e+06
  421.7200 3.162370e+06
  421.7300 3.162462e+06
  421.7400 3.162555e+06
  421.7500 3.162648e+06
  421.7600 3.162740e+06
  421.7700 3.162833e+06
  421.7800 3.162926e+06
  421.7900 3.163018e+06
  421.8000 3.163111e+06
  421.8100 3.163204e+06
  421.8200 3.163296e+06
  421.8300 3.163389e+06
  421.8400 3.163481e+06
  421.8500 3.163574e+06
  421.8600 3.163667e+06
  421.8700 3.163759e+06
  421.8800 3.163852e+06
  421.8900 3.163945e+06
  421.9000 3.164037e+06
  421.9100 3.164130e+06
  421.9200 3.164223e+06
  421.9300 3.164315e+06
  421.9400 3.164408e+06
  421.9500 3.164500e+06
  421.9600 3.164593e+06
  421.9700 3.164686e+06
  421.9800 3.164778e+06
  421.9900 3.164871e+06
  422.0000 3.164963e+06
  422.0100 3.165056e+06
  422.0200 3.165149e+06
  422.0300 3.165241e+06
  422.0400 3.165334e+06
  422.0500 3.165426e+06
  422.0600 3.165519e+06
  422.0700 3.165612e+06
  422.0800 3.165704e+06
  422.0900 3.165797e+06
  422.1000 3.165889e+06
  422.1100 3.165982e+06
  422.1200 3.166075e+06
  422.1300 3.166167e+06
  422.1400 3.166260e+06
  422.1500 3.166352e+06
  422.1600 3.166445e+06
  422.1700 3.166538e+06
  422.1800 3.166630e+06
  422.1900 3.166723e+06
  422.2000 3.166815e+06
  422.2100 3.166908e+06
  422.2200 3.167000e+06
  422.2300 3.167093e+06
  422.2400 3.167186e+06
  422.2500 3.167278e+06
  422.2600 3.167371e+06
  422.2700 3.167463e+06
  422.2800 3.167556e+06
  422.2900 3.167648e+06
  422.3000 3.167741e+06
  422.3100 3.167834e+06
  422.3200 3.167926e+06
  422.3300 3.168019e+06
  422.3400 3.168111e+06
  422.3500 3.168204e+06
  422.3600 3.168296e+06
  422.3700 3.168389e+06
  422.3800 3.168481e+06
  422.3900 3.168574e+06
  422.4000 3.168667e+06
  422.4100 3.168759e+06
  422.4200 3.168852e+06
  422.4300 3.168944e+06
  422.4400 3.169037e+06
  422.4500 3.169129e+06
  422.4600 3.169222e+06
  422.4700 3.169314e+06
  422.4800 3.169407e+06
  422.4900 3.169499e+06
  422.5000 3.169592e+06
  422.5100 3.169684e+06
  422.5200 3.169777e+06
  422.5300 3.169870e+06
  422.5400 3.169962e+06
  422.5500 3.170055e+06
  422.5600 3.170147e+06
  422.5700 3.170240e+06
  422.5800 3.170332e+06
  422.5900 3.170425e+06
  422.6000 3.170517e+06
  422.6100 3.170610e+06
  422.6200 3.170702e+06
  422.6300 3.170795e+06
  422.6400 3.170887e+06
  422.6500 3.170980e+06
  422.6600 3.171072e+06
  422.6700 3.171165e+06
  422.6800 3.171257e+06
  422.6900 3.171350e+06
  422.7000 3.171442e+06
  422.7100 3.171535e+06
  422.7200 3.171627e+06
  422.7300 3.171720e+06
  422.7400 3.171812e+06
  422.7500 3.171905e+06
  422.7600 3.171997e+06
  422.7700 3.172090e+06
  422.7800 3.172182e+06
  422.7900 3.172275e+06
  422.8000 3.172367e+06
  422.8100 3.172460e+06
  422.8200 3.172552e+06
  422.8300 3.172645e+06
  422.8400 3.172737e+06
  422.8500 3.172830e+06
  422.8600 3.172922e+06
  422.8700 3.173015e+06
  422.8800 3.173107e+06
  422.8900 3.173200e+06
  422.9000 3.173292e+06
  422.9100 3.173385e+06
  422.9200 3.173477e+06
  422.9300 3.173569e+06
  422.9400 3.173662e+06
  422.9500 3.173754e+06
  422.9600 3.173847e+06
  422.9700 3.173939e+06
  422.9800 3.174032e+06
  422.9900 3.174124e+06
  423.0000 3.174217e+06
  423.0100 3.174309e+06
  423.0200 3.174402e+06
  423.0300 3.174494e+06
  423.0400 3.174587e+06
  423.0500 3.174679e+06
  423.0600 3.174771e+06
  423.0700 3.174864e+06
  423.0800 3.174956e+06
  423.0900 3.175049e+06
  423.1000 3.175141e+06
  423.1100 3.175234e+06
  423.1200 3.175326e+06
  423.1300 3.175419e+06
  423.1400 3.175511e+06
  423.1500 3.175603e+06
  423.1600 3.175696e+06
  423.1700 3.175788e+06
  423.1800 3.175881e+06
  423.1900 3.175973e+06
  423.2000 3.176066e+06
  423.2100 3.176158e+06
  423.2200 3.176250e+06
  423.2300 3.176343e+06
  423.2400 3.176435e+06
  423.2500 3.176528e+06
  423.2600 3.176620e+06
  423.2700 3.176713e+06
  423.2800 3.176805e+06
  423.2900 3.176897e+06
  423.3000 3.176990e+06
  423.3100 3.177082e+06
  423.3200 3.177175e+06
  423.3300 3.177267e+06
  423.3400 3.177360e+06
  423.3500 3.177452e+06
  423.3600 3.177544e+06
  423.3700 3.177637e+06
  423.3800 3.177729e+06
  423.3900 3.177822e+06
  423.4000 3.177914e+06
  423.4100 3.178006e+06
  423.4200 3.178099e+06
  423.4300 3.178191e+06
  423.4400 3.178284e+06
  423.4500 3.178376e+06
  423.4600 3.178468e+06
  423.4700 3.178561e+06
  423.4800 3.178653e+06
  423.4900 3.178746e+06
  423.5000 3.178838e+06
  423.5100 3.178930e+06
  423.5200 3.179023e+06
  423.5300 3.179115e+06
  423.5400 3.179208e+06
  423.5500 3.179300e+06
  423.5600 3.179392e+06
  423.5700 3.179485e+06
  423.5800 3.179577e+06
  423.5900 3.179669e+06
  423.6000 3.179762e+06
  423.6100 3.179854e+06
  423.6200 3.179947e+06
  423.6300 3.180039e+06
  423.6400 3.180131e+06
  423.6500 3.180224e+06
  423.6600 3.180316e+06
  423.6700 3.180408e+06
  423.6800 3.180501e+06
  423.6900 3.180593e+06
  423.7000 3.180686e+06
  423.7100 3.180778e+06
  423.7200 3.180870e+06
  423.7300 3.180963e+06
  423.7400 3.181055e+06
  423.7500 3.181147e+06
  423.7600 3.181240e+06
  423.7700 3.181332e+06
  423.7800 3.181424e+06
  423.7900 3.181517e+06
  423.8000 3.181609e+06
  423.8100 3.181702e+06
  423.8200 3.181794e+06
  423.8300 3.181886e+06
  423.8400 3.181979e+06
  423.8500 3.182071e+06
  423.8600 3.182163e+06
  423.8700 3.182256e+06
  423.8800 3.182348e+06
  423.8900 3.182440e+06
  423.9000 3.182533e+06
  423.9100 3.182625e+06
  423.9200 3.182717e+06
  423.9300 3.182810e+06
  423.9400 3.182902e+06
  423.9500 3.182994e+06
  423.9600 3.183087e+06
  423.9700 3.183179e+06
  423.9800 3.183271e+06
  423.9900 3.183364e+06
  424.0000 3.183456e+06
  424.0100 3.183548e+06
  424.0200 3.183641e+06
  424.0300 3.183733e+06
  424.0400 3.183825e+06
  424.0500 3.183918e+06
  424.0600 3.184010e+06
  424.0700 3.184102e+06
  424.0800 3.184195e+06
  424.0900 3.184287e+06
  424.1000 3.184379e+06
  424.1100 3.184472e+06
  424.1200 3.184564e+06
  424.1300 3.184656e+06
  424.1400 3.184749e+06
  424.1500 3.184841e+06
  424.1600 3.184933e+06
  424.1700 3.185026e+06
  424.1800 3.185118e+06
  424.1900 3.185210e+06
  424.2000 3.185302e+06
  424.2100 3.185395e+06
  424.2200 3.185487e+06
  424.2300 3.185579e+06
  424.2400 3.185672e+06
  424.2500 3.185764e+06
  424.2600 3.185856e+06
  424.2700 3.185949e+06
  424.2800 3.186041e+06
  424.2900 3.186133e+06
  424.3000 3.186225e+06
  424.3100 3.186318e+06
  424.3200 3.186410e+06
  424.3300 3.186502e+06
  424.3400 3.186595e+06
  424.3500 3.186687e+06
  424.3600 3.186779e+06
  424.3700 3.186872e+06
  424.3800 3.186964e+06
  424.3900 3.187056e+06
  424.4000 3.187148e+06
  424.4100 3.187241e+06
  424.4200 3.187333e+06
  424.4300 3.187425e+06
  424.4400 3.187517e+06
  424.4500 3.187610e+06
  424.4600 3.187702e+06
  424.4700 3.187794e+06
  424.4800 3.187887e+06
  424.4900 3.187979e+06
  424.5000 3.188071e+06
  424.5100 3.188163e+06
  424.5200 3.188256e+06
  424.5300 3.188348e+06
  424.5400 3.188440e+06
  424.5500 3.188533e+06
  424.5600 3.188625e+06
  424.5700 3.188717e+06
  424.5800 3.188809e+06
  424.5900 3.188902e+06
  424.6000 3.188994e+06
  424.6100 3.189086e+06
  424.6200 3.189178e+06
  424.6300 3.189271e+06
  424.6400 3.189363e+06
  424.6500 3.189455e+06
  424.6600 3.189547e+06
  424.6700 3.189640e+06
  424.6800 3.189732e+06
  424.6900 3.189824e+06
  424.7000 3.189916e+06
  424.7100 3.190009e+06
  424.7200 3.190101e+06
  424.7300 3.190193e+06
  424.7400 3.190285e+06
  424.7500 3.190378e+06
  424.7600 3.190470e+06
  424.7700 3.190562e+06
  424.7800 3.190654e+06
  424.7900 3.190747e+06
  424.8000 3.190839e+06
  424.8100 3.190931e+06
  424.8200 3.191023e+06
  424.8300 3.191116e+06
  424.8400 3.191208e+06
  424.8500 3.191300e+06
  424.8600 3.191392e+06
  424.8700 3.191485e+06
  424.8800 3.191577e+06
  424.8900 3.191669e+06
  424.9000 3.191761e+06
  424.9100 3.191854e+06
  424.9200 3.191946e+06
  424.9300 3.192038e+06
  424.9400 3.192130e+06
  424.9500 3.192222e+06
  424.9600 3.192315e+06
  424.9700 3.192407e+06
  424.9800 3.192499e+06
  424.9900 3.192591e+06
  425.0000 3.192684e+06
  425.0100 3.192776e+06
  425.0200 3.192868e+06
  425.0300 3.192960e+06
  425.0400 3.193052e+06
  425.0500 3.193145e+06
  425.0600 3.193237e+06
  425.0700 3.193329e+06
  425.0800 3.193421e+06
  425.0900 3.193514e+06
  425.1000 3.193606e+06
  425.1100 3.193698e+06
  425.1200 3.193790e+06
  425.1300 3.193882e+06
  425.1400 3.193975e+06
  425.1500 3.194067e+06
  425.1600 3.194159e+06
  425.1700 3.194251e+06
  425.1800 3.194343e+06
  425.1900 3.194436e+06
  425.2000 3.194528e+06
  425.2100 3.194620e+06
  425.2200 3.194712e+06
  425.2300 3.194804e+06
  425.2400 3.194897e+06
  425.2500 3.194989e+06
  425.2600 3.195081e+06
  425.2700 3.195173e+06
  425.2800 3.195265e+06
  425.2900 3.195358e+06
  425.3000 3.195450e+06
  425.3100 3.195542e+06
  425.3200 3.195634e+06
  425.3300 3.195726e+06
  425.3400 3.195819e+06
  425.3500 3.195911e+06
  425.3600 3.196003e+06
  425.3700 3.196095e+06
  425.3800 3.196187e+06
  425.3900 3.196280e+06
  425.4000 3.196372e+06
  425.4100 3.196464e+06
  425.4200 3.196556e+06
  425.4300 3.196648e+06
  425.4400 3.196740e+06
  425.4500 3.196833e+06
  425.4600 3.196925e+06
  425.4700 3.197017e+06
  425.4800 3.197109e+06
  425.4900 3.197201e+06
  425.5000 3.197294e+06
  425.5100 3.197386e+06
  425.5200 3.197478e+06
  425.5300 3.197570e+06
  425.5400 3.197662e+06
  425.5500 3.197754e+06
  425.5600 3.197847e+06
  425.5700 3.197939e+06
  425.5800 3.198031e+06
  425.5900 3.198123e+06
  425.6000 3.198215e+06
  425.6100 3.198307e+06
  425.6200 3.198400e+06
  425.6300 3.198492e+06
  425.6400 3.198584e+06
  425.6500 3.198676e+06
  425.6600 3.198768e+06
  425.6700 3.198860e+06
  425.6800 3.198953e+06
  425.6900 3.199045e+06
  425.7000 3.199137e+06
  425.7100 3.199229e+06
  425.7200 3.199321e+06
  425.7300 3.199413e+06
  425.7400 3.199506e+06
  425.7500 3.199598e+06
  425.7600 3.199690e+06
  425.7700 3.199782e+06
  425.7800 3.199874e+06
  425.7900 3.199966e+06
  425.8000 3.200058e+06
  425.8100 3.200151e+06
  425.8200 3.200243e+06
  425.8300 3.200335e+06
  425.8400 3.200427e+06
  425.8500 3.200519e+06
  425.8600 3.200611e+06
  425.8700 3.200703e+06
  425.8800 3.200796e+06
  425.8900 3.200888e+06
  425.9000 3.200980e+06
  425.9100 3.201072e+06
  425.9200 3.201164e+06
  425.9300 3.201256e+06
  425.9400 3.201348e+06
  425.9500 3.201441e+06
  425.9600 3.201533e+06
  425.9700 3.201625e+06
  425.9800 3.201717e+06
  425.9900 3.201809e+06
  426.0000 3.201901e+06
  426.0100 3.201993e+06
  426.0200 3.202086e+06
  426.0300 3.202178e+06
  426.0400 3.202270e+06
  426.0500 3.202362e+06
  426.0600 3.202454e+06
  426.0700 3.202546e+06
  426.0800 3.202638e+06
  426.0900 3.202730e+06
  426.1000 3.202823e+06
  426.1100 3.202915e+06
  426.1200 3.203007e+06
  426.1300 3.203099e+06
  426.1400 3.203191e+06
  426.1500 3.203283e+06
  426.1600 3.203375e+06
  426.1700 3.203467e+06
  426.1800 3.203560e+06
  426.1900 3.203652e+06
  426.2000 3.203744e+06
  426.2100 3.203836e+06
  426.2200 3.203928e+06
  426.2300 3.204020e+06
  426.2400 3.204112e+06
  426.2500 3.204204e+06
  426.2600 3.204297e+06
  426.2700 3.204389e+06
  426.2800 3.204481e+06
  426.2900 3.204573e+06
  426.3000 3.204665e+06
  426.3100 3.204757e+06
  426.3200 3.204849e+06
  426.3300 3.204941e+06
  426.3400 3.205033e+06
  426.3500 3.205126e+06
  426.3600 3.205218e+06
  426.3700 3.205310e+06
  426.3800 3.205402e+06
  426.3900 3.205494e+06
  426.4000 3.205586e+06
  426.4100 3.205678e+06
  426.4200 3.205770e+06
  426.4300 3.205862e+06
  426.4400 3.205955e+06
  426.4500 3.206047e+06
  426.4600 3.206139e+06
  426.4700 3.206231e+06
  426.4800 3.206323e+06
  426.4900 3.206415e+06
  426.5000 3.206507e+06
  426.5100 3.206599e+06
  426.5200 3.206691e+06
  426.5300 3.206783e+06
  426.5400 3.206876e+06
  426.5500 3.206968e+06
  426.5600 3.207060e+06
  426.5700 3.207152e+06
  426.5800 3.207244e+06
  426.5900 3.207336e+06
  426.6000 3.207428e+06
  426.6100 3.207520e+06
  426.6200 3.207612e+06
  426.6300 3.207704e+06
  426.6400 3.207796e+06
  426.6500 3.207889e+06
  426.6600 3.207981e+06
  426.6700 3.208073e+06
  426.6800 3.208165e+06
  426.6900 3.208257e+06
  426.7000 3.208349e+06
  426.7100 3.208441e+06
  426.7200 3.208533e+06
  426.7300 3.208625e+06
  426.7400 3.208717e+06
  426.7500 3.208809e+06
  426.7600 3.208902e+06
  426.7700 3.208994e+06
  426.7800 3.209086e+06
  426.7900 3.209178e+06
  426.8000 3.209270e+06
  426.8100 3.209362e+06
  426.8200 3.209454e+06
  426.8300 3.209546e+06
  426.8400 3.209638e+06
  426.8500 3.209730e+06
  426.8600 3.209822e+06
  426.8700 3.209914e+06
  426.8800 3.210006e+06
  426.8900 3.210099e+06
  426.9000 3.210191e+06
  426.9100 3.210283e+06
  426.9200 3.210375e+06
  426.9300 3.210467e+06
  426.9400 3.210559e+06
  426.9500 3.210651e+06
  426.9600 3.210743e+06
  426.9700 3.210835e+06
  426.9800 3.210927e+06
  426.9900 3.211019e+06
  427.0000 3.211111e+06
  427.0100 3.211203e+06
  427.0200 3.211295e+06
  427.0300 3.211388e+06
  427.0400 3.211480e+06
  427.0500 3.211572e+06
  427.0600 3.211664e+06
  427.0700 3.211756e+06
  427.0800 3.211848e+06
  427.0900 3.211940e+06
  427.1000 3.212032e+06
  427.1100 3.212124e+06
  427.1200 3.212216e+06
  427.1300 3.212308e+06
  427.1400 3.212400e+06
  427.1500 3.212492e+06
  427.1600 3.212584e+06
  427.1700 3.212676e+06
  427.1800 3.212768e+06
  427.1900 3.212861e+06
  427.2000 3.212953e+06
  427.2100 3.213045e+06
  427.2200 3.213137e+06
  427.2300 3.213229e+06
  427.2400 3.213321e+06
  427.2500 3.213413e+06
  427.2600 3.213505e+06
  427.2700 3.213597e+06
  427.2800 3.213689e+06
  427.2900 3.213781e+06
  427.3000 3.213873e+06
  427.3100 3.213965e+06
  427.3200 3.214057e+06
  427.3300 3.214149e+06
  427.3400 3.214241e+06
  427.3500 3.214333e+06
  427.3600 3.214425e+06
  427.3700 3.214517e+06
  427.3800 3.214610e+06
  427.3900 3.214702e+06
  427.4000 3.214794e+06
  427.4100 3.214886e+06
  427.4200 3.214978e+06
  427.4300 3.215070e+06
  427.4400 3.215162e+06
  427.4500 3.215254e+06
  427.4600 3.215346e+06
  427.4700 3.215438e+06
  427.4800 3.215530e+06
  427.4900 3.215622e+06
  427.5000 3.215714e+06
  427.5100 3.215806e+06
  427.5200 3.215898e+06
  427.5300 3.215990e+06
  427.5400 3.216082e+06
  427.5500 3.216174e+06
  427.5600 3.216266e+06
  427.5700 3.216358e+06
  427.5800 3.216450e+06
  427.5900 3.216542e+06
  427.6000 3.216634e+06
  427.6100 3.216727e+06
  427.6200 3.216819e+06
  427.6300 3.216911e+06
  427.6400 3.217003e+06
  427.6500 3.217095e+06
  427.6600 3.217187e+06
  427.6700 3.217279e+06
  427.6800 3.217371e+06
  427.6900 3.217463e+06
  427.7000 3.217555e+06
  427.7100 3.217647e+06
  427.7200 3.217739e+06
  427.7300 3.217831e+06
  427.7400 3.217923e+06
  427.7500 3.218015e+06
  427.7600 3.218107e+06
  427.7700 3.218199e+06
  427.7800 3.218291e+06
  427.7900 3.218383e+06
  427.8000 3.218475e+06
  427.8100 3.218567e+06
  427.8200 3.218659e+06
  427.8300 3.218751e+06
  427.8400 3.218843e+06
  427.8500 3.218935e+06
  427.8600 3.219027e+06
  427.8700 3.219119e+06
  427.8800 3.219211e+06
  427.8900 3.219303e+06
  427.9000 3.219395e+06
  427.9100 3.219487e+06
  427.9200 3.219580e+06
  427.9300 3.219672e+06
  427.9400 3.219764e+06
  427.9500 3.219856e+06
  427.9600 3.219948e+06
  427.9700 3.220040e+06
  427.9800 3.220132e+06
  427.9900 3.220224e+06
  428.0000 3.220316e+06
  428.0100 3.220408e+06
  428.0200 3.220500e+06
  428.0300 3.220592e+06
  428.0400 3.220684e+06
  428.0500 3.220776e+06
  428.0600 3.220868e+06
  428.0700 3.220960e+06
  428.0800 3.221052e+06
  428.0900 3.221144e+06
  428.1000 3.221236e+06
  428.1100 3.221328e+06
  428.1200 3.221420e+06
  428.1300 3.221512e+06
  428.1400 3.221604e+06
  428.1500 3.221696e+06
  428.1600 3.221788e+06
  428.1700 3.221880e+06
  428.1800 3.221972e+06
  428.1900 3.222064e+06
  428.2000 3.222156e+06
  428.2100 3.222248e+06
  428.2200 3.222340e+06
  428.2300 3.222432e+06
  428.2400 3.222524e+06
  428.2500 3.222616e+06
  428.2600 3.222708e+06
  428.2700 3.222800e+06
  428.2800 3.222892e+06
  428.2900 3.222984e+06
  428.3000 3.223076e+06
  428.3100 3.223168e+06
  428.3200 3.223260e+06
  428.3300 3.223352e+06
  428.3400 3.223444e+06
  428.3500 3.223536e+06
  428.3600 3.223628e+06
  428.3700 3.223720e+06
  428.3800 3.223812e+06
  428.3900 3.223904e+06
  428.4000 3.223996e+06
  428.4100 3.224088e+06
  428.4200 3.224180e+06
  428.4300 3.224272e+06
  428.4400 3.224364e+06
  428.4500 3.224456e+06
  428.4600 3.224548e+06
  428.4700 3.224640e+06
  428.4800 3.224732e+06
  428.4900 3.224824e+06
  428.5000 3.224916e+06
  428.5100 3.225008e+06
  428.5200 3.225100e+06
  428.5300 3.225192e+06
  428.5400 3.225284e+06
  428.5500 3.225376e+06
  428.5600 3.225468e+06
  428.5700 3.225560e+06
  428.5800 3.225652e+06
  428.5900 3.225744e+06
  428.6000 3.225836e+06
  428.6100 3.225928e+06
  428.6200 3.226020e+06
  428.6300 3.226112e+06
  428.6400 3.226204e+06
  428.6500 3.226296e+06
  428.6600 3.226388e+06
  428.6700 3.226480e+06
  428.6800 3.226572e+06
  428.6900 3.226664e+06
  428.7000 3.226756e+06
  428.7100 3.226848e+06
  428.7200 3.226940e+06
  428.7300 3.227032e+06
  428.7400 3.227124e+06
  428.7500 3.227216e+06
  428.7600 3.227308e+06
  428.7700 3.227400e+06
  428.7800 3.227492e+06
  428.7900 3.227584e+06
  428.8000 3.227676e+06
  428.8100 3.227768e+06
  428.8200 3.227860e+06
  428.8300 3.227952e+06
  428.8400 3.228044e+06
  428.8500 3.228136e+06
  428.8600 3.228228e+06
  428.8700 3.228320e+06
  428.8800 3.228412e+06
  428.8900 3.228504e+06
  428.9000 3.228596e+06
  428.9100 3.228688e+06
  428.9200 3.228780e+06
  428.9300 3.228872e+06
  428.9400 3.228964e+06
  428.9500 3.229056e+06
  428.9600 3.229148e+06
  428.9700 3.229240e+06
  428.9800 3.229332e+06
  428.9900 3.229424e+06
  429.0000 3.229516e+06
  429.0100 3.229608e+06
  429.0200 3.229700e+06
  429.0300 3.229792e+06
  429.0400 3.229884e+06
  429.0500 3.229976e+06
  429.0600 3.230068e+06
  429.0700 3.230160e+06
  429.0800 3.230252e+06
  429.0900 3.230344e+06
  429.1000 3.230436e+06
  429.1100 3.230528e+06
  429.1200 3.230620e+06
  429.1300 3.230712e+06
  429.1400 3.230804e+06
  429.1500 3.230896e+06
  429.1600 3.230988e+06
  429.1700 3.231080e+06
  429.1800 3.231172e+06
  429.1900 3.231264e+06
  429.2000 3.231356e+06
  429.2100 3.231448e+06
  429.2200 3.231540e+06
  429.2300 3.231632e+06
  429.2400 3.231724e+06
  429.2500 3.231816e+06
  429.2600 3.231908e+06
  429.2700 3.232000e+06
  429.2800 3.232092e+06
  429.2900 3.232184e+06
  429.3000 3.232276e+06
  429.3100 3.232368e+06
  429.3200 3.232460e+06
  429.3300 3.232552e+06
  429.3400 3.232644e+06
  429.3500 3.232736e+06
  429.3600 3.232828e+06
  429.3700 3.232920e+06
  429.3800 3.233012e+06
  429.3900 3.233104e+06
  429.4000 3.233196e+06
  429.4100 3.233288e+06
  429.4200 3.233380e+06
  429.4300 3.233472e+06
  429.4400 3.233564e+06
  429.4500 3.233656e+06
  429.4600 3.233748e+06
  429.4700 3.233840e+06
  429.4800 3.233932e+06
  429.4900 3.234024e+06
  429.5000 3.234116e+06
  429.5100 3.234208e+06
  429.5200 3.234300e+06
  429.5300 3.234392e+06
  429.5400 3.234484e+06
  429.5500 3.234576e+06
  429.5600 3.234668e+06
  429.5700 3.234760e+06
  429.5800 3.234852e+06
  429.5900 3.234944e+06
  429.6000 3.235036e+06
  429.6100 3.235128e+06
  429.6200 3.235220e+06
  429.6300 3.235312e+06
  429.6400 3.235404e+06
  429.6500 3.235496e+06
  429.6600 3.235588e+06
  429.6700 3.235680e+06
  429.6800 3.235772e+06
  429.6900 3.235864e+06
  429.7000 3.235956e+06
  429.7100 3.236048e+06
  429.7200 3.236140e+06
  429.7300 3.236232e+06
  429.7400 3.236324e+06
  429.7500 3.236416e+06
  429.7600 3.236508e+06
  429.7700 3.236600e+06
  429.7800 3.236692e+06
  429.7900 3.236784e+06
  429.8000 3.236876e+06
  429.8100 3.236968e+06
  429.8200 3.237060e+06
  429.8300 3.237152e+06
  429.8400 3.237244e+06
  429.8500 3.237336e+06
  429.8600 3.237428e+06
  429.8700 3.237520e+06
  429.8800 3.237612e+06
  429.8900 3.237704e+06
  429.9000 3.237796e+06
  429.9100 3.237888e+06
  429.9200 3.237980e+06
  429.9300 3.238072e+06
  429.9400 3.238164e+06
  429.9500 3.238256e+06
  429.9600 3.238348e+06
  429.9700 3.238440e+06
  429.9800 3.238532e+06
  429.9900 3.238624e+06
  430.0000 3.238716e+06
  430.0100 3.238808e+06
  430.0200 3.238900e+06
  430.0300 3.238992e+06
  430.0400 3.239084e+06
  430.0500 3.239176e+06
  430.0600 3.239268e+06
  430.0700 3.239360e+06
  430.0800 3.239452e+06
  430.0900 3.239544e+06
  430.1000 3.239636e+06
  430.1100 3.239728e+06
  430.1200 3.239820e+06
  430.1300 3.239912e+06
  430.1400 3.240004e+06
  430.1500 3.240096e+06
  430.1600 3.240188e+06
  430.1700 3.240280e+06
  430.1800 3.240372e+06
  430.1900 3.240464e+06
  430.2000 3.240556e+06
  430.2100 3.240648e+06
  430.2200 3.240740e+06
  430.2300 3.240832e+06
  430.2400 3.240923e+06
  430.2500 3.241015e+06
  430.2600 3.241107e+06
  430.2700 3.241199e+06
  430.2800 3.241291e+06
  430.2900 3.241383e+06
  430.3000 3.241475e+06
  430.3100 3.241567e+06
  430.3200 3.241659e+06
  430.3300 3.241751e+06
  430.3400 3.241843e+06
  430.3500 3.241935e+06
  430.3600 3.242027e+06
  430.3700 3.242119e+06
  430.3800 3.242211e+06
  430.3900 3.242303e+06
  430.4000 3.242395e+06
  430.4100 3.242487e+06
  430.4200 3.242579e+06
  430.4300 3.242671e+06
  430.4400 3.242763e+06
  430.4500 3.242855e+06
  430.4600 3.242947e+06
  430.4700 3.243039e+06
  430.4800 3.243131e+06
  430.4900 3.243223e+06
  430.5000 3.243315e+06
  430.5100 3.243407e+06
  430.5200 3.243499e+06
  430.5300 3.243591e+06
  430.5400 3.243683e+06
  430.5500 3.243775e+06
  430.5600 3.243867e+06
  430.5700 3.243959e+06
  430.5800 3.244051e+06
  430.5900 3.244143e+06
  430.6000 3.244235e+06
  430.6100 3.244327e+06
  430.6200 3.244419e+06
  430.6300 3.244511e+06
  430.6400 3.244603e+06
  430.6500 3.244695e+06
  430.6600 3.244787e+06
  430.6700 3.244879e+06
  430.6800 3.244971e+06
  430.6900 3.245063e+06
  430.7000 3.245155e+06
  430.7100 3.245247e+06
  430.7200 3.245339e+06
  430.7300 3.245431e+06
  430.7400 3.245523e+06
  430.7500 3.245615e+06
  430.7600 3.245707e+06
  430.7700 3.245799e+06
  430.7800 3.245891e+06
  430.7900 3.245983e+06
  430.8000 3.246075e+06
  430.8100 3.246167e+06
  430.8200 3.246259e+06
  430.8300 3.246351e+06
  430.8400 3.246443e+06
  430.8500 3.246535e+06
  430.8600 3.246627e+06
  430.8700 3.246719e+06
  430.8800 3.246811e+06
  430.8900 3.246903e+06
  430.9000 3.246995e+06
  430.9100 3.247087e+06
  430.9200 3.247179e+06
  430.9300 3.247271e+06
  430.9400 3.247363e+06
  430.9500 3.247455e+06
  430.9600 3.247547e+06
  430.9700 3.247639e+06
  430.9800 3.247731e+06
  430.9900 3.247823e+06
  431.0000 3.247915e+06
  431.0100 3.248007e+06
  431.0200 3.248099e+06
  431.0300 3.248191e+06
  431.0400 3.248283e+06
  431.0500 3.248375e+06
  431.0600 3.248467e+06
  431.0700 3.248559e+06
  431.0800 3.248651e+06
  431.0900 3.248744e+06
  431.1000 3.248836e+06
  431.1100 3.248928e+06
  431.1200 3.249020e+06
  431.1300 3.249112e+06
  431.1400 3.249204e+06
  431.1500 3.249296e+06
  431.1600 3.249388e+06
  431.1700 3.249480e+06
  431.1800 3.249572e+06
  431.1900 3.249664e+06
  431.2000 3.249756e+06
  431.2100 3.249848e+06
  431.2200 3.249940e+06
  431.2300 3.250032e+06
  431.2400 3.250124e+06
  431.2500 3.250216e+06
  431.2600 3.250308e+06
  431.2700 3.250400e+06
  431.2800 3.250492e+06
  431.2900 3.250584e+06
  431.3000 3.250676e+06
  431.3100 3.250768e+06
  431.3200 3.250860e+06
  431.3300 3.250952e+06
  431.3400 3.251044e+06
  431.3500 3.251136e+06
  431.3600 3.251228e+06
  431.3700 3.251320e+06
  431.3800 3.251412e+06
  431.3900 3.251504e+06
  431.4000 3.251596e+06
  431.4100 3.251688e+06
  431.4200 3.251780e+06
  431.4300 3.251872e+06
  431.4400 3.251964e+06
  431.4500 3.252056e+06
  431.4600 3.252148e+06
  431.4700 3.252240e+06
  431.4800 3.252332e+06
  431.4900 3.252424e+06
  431.5000 3.252516e+06
  431.5100 3.252608e+06
  431.5200 3.252700e+06
  431.5300 3.252792e+06
  431.5400 3.252884e+06
  431.5500 3.252976e+06
  431.5600 3.253068e+06
  431.5700 3.253160e+06
  431.5800 3.253252e+06
  431.5900 3.253344e+06
  431.6000 3.253436e+06
  431.6100 3.253528e+06
  431.6200 3.253620e+06
  431.6300 3.253712e+06
  431.6400 3.253804e+06
  431.6500 3.253897e+06
  431.6600 3.253989e+06
  431.6700 3.254081e+06
  431.6800 3.254173e+06
  431.6900 3.254265e+06
  431.7000 3.254357e+06
  431.7100 3.254449e+06
  431.7200 3.254541e+06
  431.7300 3.254633e+06
  431.7400 3.254725e+06
  431.7500 3.254817e+06
  431.7600 3.254909e+06
  431.7700 3.255001e+06
  431.7800 3.255093e+06
  431.7900 3.255185e+06
  431.8000 3.255277e+06
  431.8100 3.255369e+06
  431.8200 3.255461e+06
  431.8300 3.255553e+06
  431.8400 3.255645e+06
  431.8500 3.255737e+06
  431.8600 3.255829e+06
  431.8700 3.255921e+06
  431.8800 3.256013e+06
  431.8900 3.256105e+06
  431.9000 3.256197e+06
  431.9100 3.256289e+06
  431.9200 3.256381e+06
  431.9300 3.256473e+06
  431.9400 3.256566e+06
  431.9500 3.256658e+06
  431.9600 3.256750e+06
  431.9700 3.256842e+06
  431.9800 3.256934e+06
  431.9900 3.257026e+06
  432.0000 3.257118e+06
  432.0100 3.257210e+06
  432.0200 3.257302e+06
  432.0300 3.257394e+06
  432.0400 3.257486e+06
  432.0500 3.257578e+06
  432.0600 3.257670e+06
  432.0700 3.257762e+06
  432.0800 3.257854e+06
  432.0900 3.257946e+06
  432.1000 3.258038e+06
  432.1100 3.258130e+06
  432.1200 3.258222e+06
  432.1300 3.258314e+06
  432.1400 3.258406e+06
  432.1500 3.258498e+06
  432.1600 3.258591e+06
  432.1700 3.258683e+06
  432.1800 3.258775e+06
  432.1900 3.258867e+06
  432.2000 3.258959e+06
  432.2100 3.259051e+06
  432.2200 3.259143e+06
  432.2300 3.259235e+06
  432.2400 3.259327e+06
  432.2500 3.259419e+06
  432.2600 3.259511e+06
  432.2700 3.259603e+06
  432.2800 3.259695e+06
  432.2900 3.259787e+06
  432.3000 3.259879e+06
  432.3100 3.259971e+06
  432.3200 3.260063e+06
  432.3300 3.260155e+06
  432.3400 3.260248e+06
  432.3500 3.260340e+06
  432.3600 3.260432e+06
  432.3700 3.260524e+06
  432.3800 3.260616e+06
  432.3900 3.260708e+06
  432.4000 3.260800e+06
  432.4100 3.260892e+06
  432.4200 3.260984e+06
  432.4300 3.261076e+06
  432.4400 3.261168e+06
  432.4500 3.261260e+06
  432.4600 3.261352e+06
  432.4700 3.261444e+06
  432.4800 3.261536e+06
  432.4900 3.261628e+06
  432.5000 3.261721e+06
  432.5100 3.261813e+06
  432.5200 3.261905e+06
  432.5300 3.261997e+06
  432.5400 3.262089e+06
  432.5500 3.262181e+06
  432.5600 3.262273e+06
  432.5700 3.262365e+06
  432.5800 3.262457e+06
  432.5900 3.262549e+06
  432.6000 3.262641e+06
  432.6100 3.262733e+06
  432.6200 3.262825e+06
  432.6300 3.262917e+06
  432.6400 3.263010e+06
  432.6500 3.263102e+06
  432.6600 3.263194e+06
  432.6700 3.263286e+06
  432.6800 3.263378e+06
  432.6900 3.263470e+06
  432.7000 3.263562e+06
  432.7100 3.263654e+06
  432.7200 3.263746e+06
  432.7300 3.263838e+06
  432.7400 3.263930e+06
  432.7500 3.264022e+06
  432.7600 3.264115e+06
  432.7700 3.264207e+06
  432.7800 3.264299e+06
  432.7900 3.264391e+06
  432.8000 3.264483e+06
  432.8100 3.264575e+06
  432.8200 3.264667e+06
  432.8300 3.264759e+06
  432.8400 3.264851e+06
  432.8500 3.264943e+06
  432.8600 3.265035e+06
  432.8700 3.265127e+06
  432.8800 3.265220e+06
  432.8900 3.265312e+06
  432.9000 3.265404e+06
  432.9100 3.265496e+06
  432.9200 3.265588e+06
  432.9300 3.265680e+06
  432.9400 3.265772e+06
  432.9500 3.265864e+06
  432.9600 3.265956e+06
  432.9700 3.266048e+06
  432.9800 3.266141e+06
  432.9900 3.266233e+06
  433.0000 3.266325e+06
  433.0100 3.266417e+06
  433.0200 3.266509e+06
  433.0300 3.266601e+06
  433.0400 3.266693e+06
  433.0500 3.266785e+06
  433.0600 3.266877e+06
  433.0700 3.266969e+06
  433.0800 3.267062e+06
  433.0900 3.267154e+06
  433.1000 3.267246e+06
  433.1100 3.267338e+06
  433.1200 3.267430e+06
  433.1300 3.267522e+06
  433.1400 3.267614e+06
  433.1500 3.267706e+06
  433.1600 3.267798e+06
  433.1700 3.267891e+06
  433.1800 3.267983e+06
  433.1900 3.268075e+06
  433.2000 3.268167e+06
  433.2100 3.268259e+06
  433.2200 3.268351e+06
  433.2300 3.268443e+06
  433.2400 3.268535e+06
  433.2500 3.268627e+06
  433.2600 3.268720e+06
  433.2700 3.268812e+06
  433.2800 3.268904e+06
  433.2900 3.268996e+06
  433.3000 3.269088e+06
  433.3100 3.269180e+06
  433.3200 3.269272e+06
  433.3300 3.269364e+06
  433.3400 3.269457e+06
  433.3500 3.269549e+06
  433.3600 3.269641e+06
  433.3700 3.269733e+06
  433.3800 3.269825e+06
  433.3900 3.269917e+06
  433.4000 3.270009e+06
  433.4100 3.270101e+06
  433.4200 3.270194e+06
  433.4300 3.270286e+06
  433.4400 3.270378e+06
  433.4500 3.270470e+06
  433.4600 3.270562e+06
  433.4700 3.270654e+06
  433.4800 3.270746e+06
  433.4900 3.270838e+06
  433.5000 3.270931e+06
  433.5100 3.271023e+06
  433.5200 3.271115e+06
  433.5300 3.271207e+06
  433.5400 3.271299e+06
  433.5500 3.271391e+06
  433.5600 3.271483e+06
  433.5700 3.271576e+06
  433.5800 3.271668e+06
  433.5900 3.271760e+06
  433.6000 3.271852e+06
  433.6100 3.271944e+06
  433.6200 3.272036e+06
  433.6300 3.272128e+06
  433.6400 3.272221e+06
  433.6500 3.272313e+06
  433.6600 3.272405e+06
  433.6700 3.272497e+06
  433.6800 3.272589e+06
  433.6900 3.272681e+06
  433.7000 3.272773e+06
  433.7100 3.272866e+06
  433.7200 3.272958e+06
  433.7300 3.273050e+06
  433.7400 3.273142e+06
  433.7500 3.273234e+06
  433.7600 3.273326e+06
  433.7700 3.273419e+06
  433.7800 3.273511e+06
  433.7900 3.273603e+06
  433.8000 3.273695e+06
  433.8100 3.273787e+06
  433.8200 3.273879e+06
  433.8300 3.273972e+06
  433.8400 3.274064e+06
  433.8500 3.274156e+06
  433.8600 3.274248e+06
  433.8700 3.274340e+06
  433.8800 3.274432e+06
  433.8900 3.274524e+06
  433.9000 3.274617e+06
  433.9100 3.274709e+06
  433.9200 3.274801e+06
  433.9300 3.274893e+06
  433.9400 3.274985e+06
  433.9500 3.275078e+06
  433.9600 3.275170e+06
  433.9700 3.275262e+06
  433.9800 3.275354e+06
  433.9900 3.275446e+06
  434.0000 3.275538e+06
  434.0100 3.275631e+06
  434.0200 3.275723e+06
  434.0300 3.275815e+06
  434.0400 3.275907e+06
  434.0500 3.275999e+06
  434.0600 3.276091e+06
  434.0700 3.276184e+06
  434.0800 3.276276e+06
  434.0900 3.276368e+06
  434.1000 3.276460e+06
  434.1100 3.276552e+06
  434.1200 3.276645e+06
  434.1300 3.276737e+06
  434.1400 3.276829e+06
  434.1500 3.276921e+06
  434.1600 3.277013e+06
  434.1700 3.277106e+06
  434.1800 3.277198e+06
  434.1900 3.277290e+06
  434.2000 3.277382e+06
  434.2100 3.277474e+06
  434.2200 3.277567e+06
  434.2300 3.277659e+06
  434.2400 3.277751e+06
  434.2500 3.277843e+06
  434.2600 3.277935e+06
  434.2700 3.278028e+06
  434.2800 3.278120e+06
  434.2900 3.278212e+06
  434.3000 3.278304e+06
  434.3100 3.278396e+06
  434.3200 3.278489e+06
  434.3300 3.278581e+06
  434.3400 3.278673e+06
  434.3500 3.278765e+06
  434.3600 3.278857e+06
  434.3700 3.278950e+06
  434.3800 3.279042e+06
  434.3900 3.279134e+06
  434.4000 3.279226e+06
  434.4100 3.279318e+06
  434.4200 3.279411e+06
  434.4300 3.279503e+06
  434.4400 3.279595e+06
  434.4500 3.279687e+06
  434.4600 3.279779e+06
  434.4700 3.279872e+06
  434.4800 3.279964e+06
  434.4900 3.280056e+06
  434.5000 3.280148e+06
  434.5100 3.280241e+06
  434.5200 3.280333e+06
  434.5300 3.280425e+06
  434.5400 3.280517e+06
  434.5500 3.280610e+06
  434.5600 3.280702e+06
  434.5700 3.280794e+06
  434.5800 3.280886e+06
  434.5900 3.280978e+06
  434.6000 3.281071e+06
  434.6100 3.281163e+06
  434.6200 3.281255e+06
  434.6300 3.281347e+06
  434.6400 3.281440e+06
  434.6500 3.281532e+06
  434.6600 3.281624e+06
  434.6700 3.281716e+06
  434.6800 3.281809e+06
  434.6900 3.281901e+06
  434.7000 3.281993e+06
  434.7100 3.282085e+06
  434.7200 3.282178e+06
  434.7300 3.282270e+06
  434.7400 3.282362e+06
  434.7500 3.282454e+06
  434.7600 3.282547e+06
  434.7700 3.282639e+06
  434.7800 3.282731e+06
  434.7900 3.282823e+06
  434.8000 3.282916e+06
  434.8100 3.283008e+06
  434.8200 3.283100e+06
  434.8300 3.283192e+06
  434.8400 3.283285e+06
  434.8500 3.283377e+06
  434.8600 3.283469e+06
  434.8700 3.283561e+06
  434.8800 3.283654e+06
  434.8900 3.283746e+06
  434.9000 3.283838e+06
  434.9100 3.283930e+06
  434.9200 3.284023e+06
  434.9300 3.284115e+06
  434.9400 3.284207e+06
  434.9500 3.284299e+06
  434.9600 3.284392e+06
  434.9700 3.284484e+06
  434.9800 3.284576e+06
  434.9900 3.284669e+06
  435.0000 3.284761e+06
  435.0100 3.284853e+06
  435.0200 3.284945e+06
  435.0300 3.285038e+06
  435.0400 3.285130e+06
  435.0500 3.285222e+06
  435.0600 3.285314e+06
  435.0700 3.285407e+06
  435.0800 3.285499e+06
  435.0900 3.285591e+06
  435.1000 3.285684e+06
  435.1100 3.285776e+06
  435.1200 3.285868e+06
  435.1300 3.285960e+06
  435.1400 3.286053e+06
  435.1500 3.286145e+06
  435.1600 3.286237e+06
  435.1700 3.286330e+06
  435.1800 3.286422e+06
  435.1900 3.286514e+06
  435.2000 3.286607e+06
  435.2100 3.286699e+06
  435.2200 3.286791e+06
  435.2300 3.286883e+06
  435.2400 3.286976e+06
  435.2500 3.287068e+06
  435.2600 3.287160e+06
  435.2700 3.287253e+06
  435.2800 3.287345e+06
  435.2900 3.287437e+06
  435.3000 3.287530e+06
  435.3100 3.287622e+06
  435.3200 3.287714e+06
  435.3300 3.287806e+06
  435.3400 3.287899e+06
  435.3500 3.287991e+06
  435.3600 3.288083e+06
  435.3700 3.288176e+06
  435.3800 3.288268e+06
  435.3900 3.288360e+06
  435.4000 3.288453e+06
  435.4100 3.288545e+06
  435.4200 3.288637e+06
  435.4300 3.288730e+06
  435.4400 3.288822e+06
  435.4500 3.288914e+06
  435.4600 3.289007e+06
  435.4700 3.289099e+06
  435.4800 3.289191e+06
  435.4900 3.289284e+06
  435.5000 3.289376e+06
  435.5100 3.289468e+06
  435.5200 3.289561e+06
  435.5300 3.289653e+06
  435.5400 3.289745e+06
  435.5500 3.289838e+06
  435.5600 3.289930e+06
  435.5700 3.290022e+06
  435.5800 3.290115e+06
  435.5900 3.290207e+06
  435.6000 3.290299e+06
  435.6100 3.290392e+06
  435.6200 3.290484e+06
  435.6300 3.290576e+06
  435.6400 3.290669e+06
  435.6500 3.290761e+06
  435.6600 3.290853e+06
  435.6700 3.290946e+06
  435.6800 3.291038e+06
  435.6900 3.291130e+06
  435.7000 3.291223e+06
  435.7100 3.291315e+06
  435.7200 3.291407e+06
  435.7300 3.291500e+06
  435.7400 3.291592e+06
  435.7500 3.291684e+06
  435.7600 3.291777e+06
  435.7700 3.291869e+06
  435.7800 3.291962e+06
  435.7900 3.292054e+06
  435.8000 3.292146e+06
  435.8100 3.292239e+06
  435.8200 3.292331e+06
  435.8300 3.292423e+06
  435.8400 3.292516e+06
  435.8500 3.292608e+06
  435.8600 3.292700e+06
  435.8700 3.292793e+06
  435.8800 3.292885e+06
  435.8900 3.292978e+06
  435.9000 3.293070e+06
  435.9100 3.293162e+06
  435.9200 3.293255e+06
  435.9300 3.293347e+06
  435.9400 3.293439e+06
  435.9500 3.293532e+06
  435.9600 3.293624e+06
  435.9700 3.293717e+06
  435.9800 3.293809e+06
  435.9900 3.293901e+06
  436.0000 3.293994e+06
  436.0100 3.294086e+06
  436.0200 3.294178e+06
  436.0300 3.294271e+06
  436.0400 3.294363e+06
  436.0500 3.294456e+06
  436.0600 3.294548e+06
  436.0700 3.294640e+06
  436.0800 3.294733e+06
  436.0900 3.294825e+06
  436.1000 3.294918e+06
  436.1100 3.295010e+06
  436.1200 3.295102e+06
  436.1300 3.295195e+06
  436.1400 3.295287e+06
  436.1500 3.295380e+06
  436.1600 3.295472e+06
  436.1700 3.295564e+06
  436.1800 3.295657e+06
  436.1900 3.295749e+06
  436.2000 3.295842e+06
  436.2100 3.295934e+06
  436.2200 3.296026e+06
  436.2300 3.296119e+06
  436.2400 3.296211e+06
  436.2500 3.296304e+06
  436.2600 3.296396e+06
  436.2700 3.296488e+06
  436.2800 3.296581e+06
  436.2900 3.296673e+06
  436.3000 3.296766e+06
  436.3100 3.296858e+06
  436.3200 3.296950e+06
  436.3300 3.297043e+06
  436.3400 3.297135e+06
  436.3500 3.297228e+06
  436.3600 3.297320e+06
  436.3700 3.297413e+06
  436.3800 3.297505e+06
  436.3900 3.297597e+06
  436.4000 3.297690e+06
  436.4100 3.297782e+06
  436.4200 3.297875e+06
  436.4300 3.297967e+06
  436.4400 3.298060e+06
  436.4500 3.298152e+06
  436.4600 3.298244e+06
  436.4700 3.298337e+06
  436.4800 3.298429e+06
  436.4900 3.298522e+06
  436.5000 3.298614e+06
  436.5100 3.298707e+06
  436.5200 3.298799e+06
  436.5300 3.298891e+06
  436.5400 3.298984e+06
  436.5500 3.299076e+06
  436.5600 3.299169e+06
  436.5700 3.299261e+06
  436.5800 3.299354e+06
  436.5900 3.299446e+06
  436.6000 3.299538e+06
  436.6100 3.299631e+06
  436.6200 3.299723e+06
  436.6300 3.299816e+06
  436.6400 3.299908e+06
  436.6500 3.300001e+06
  436.6600 3.300093e+06
  436.6700 3.300186e+06
  436.6800 3.300278e+06
  436.6900 3.300371e+06
  436.7000 3.300463e+06
  436.7100 3.300555e+06
  436.7200 3.300648e+06
  436.7300 3.300740e+06
  436.7400 3.300833e+06
  436.7500 3.300925e+06
  436.7600 3.301018e+06
  436.7700 3.301110e+06
  436.7800 3.301203e+06
  436.7900 3.301295e+06
  436.8000 3.301388e+06
  436.8100 3.301480e+06
  436.8200 3.301573e+06
  436.8300 3.301665e+06
  436.8400 3.301757e+06
  436.8500 3.301850e+06
  436.8600 3.301942e+06
  436.8700 3.302035e+06
  436.8800 3.302127e+06
  436.8900 3.302220e+06
  436.9000 3.302312e+06
  436.9100 3.302405e+06
  436.9200 3.302497e+06
  436.9300 3.302590e+06
  436.9400 3.302682e+06
  436.9500 3.302775e+06
  436.9600 3.302867e+06
  436.9700 3.302960e+06
  436.9800 3.303052e+06
  436.9900 3.303145e+06
  437.0000 3.303237e+06
  437.0100 3.303330e+06
  437.0200 3.303422e+06
  437.0300 3.303515e+06
  437.0400 3.303607e+06
  437.0500 3.303700e+06
  437.0600 3.303792e+06
  437.0700 3.303885e+06
  437.0800 3.303977e+06
  437.0900 3.304070e+06
  437.1000 3.304162e+06
  437.1100 3.304254e+06
  437.1200 3.304347e+06
  437.1300 3.304439e+06
  437.1400 3.304532e+06
  437.1500 3.304624e+06
  437.1600 3.304717e+06
  437.1700 3.304809e+06
  437.1800 3.304902e+06
  437.1900 3.304995e+06
  437.2000 3.305087e+06
  437.2100 3.305180e+06
  437.2200 3.305272e+06
  437.2300 3.305365e+06
  437.2400 3.305457e+06
  437.2500 3.305550e+06
  437.2600 3.305642e+06
  437.2700 3.305735e+06
  437.2800 3.305827e+06
  437.2900 3.305920e+06
  437.3000 3.306012e+06
  437.3100 3.306105e+06
  437.3200 3.306197e+06
  437.3300 3.306290e+06
  437.3400 3.306382e+06
  437.3500 3.306475e+06
  437.3600 3.306567e+06
  437.3700 3.306660e+06
  437.3800 3.306752e+06
  437.3900 3.306845e+06
  437.4000 3.306937e+06
  437.4100 3.307030e+06
  437.4200 3.307122e+06
  437.4300 3.307215e+06
  437.4400 3.307307e+06
  437.4500 3.307400e+06
  437.4600 3.307493e+06
  437.4700 3.307585e+06
  437.4800 3.307678e+06
  437.4900 3.307770e+06
  437.5000 3.307863e+06
  437.5100 3.307955e+06
  437.5200 3.308048e+06
  437.5300 3.308140e+06
  437.5400 3.308233e+06
  437.5500 3.308325e+06
  437.5600 3.308418e+06
  437.5700 3.308510e+06
  437.5800 3.308603e+06
  437.5900 3.308696e+06
  437.6000 3.308788e+06
  437.6100 3.308881e+06
  437.6200 3.308973e+06
  437.6300 3.309066e+06
  437.6400 3.309158e+06
  437.6500 3.309251e+06
  437.6600 3.309343e+06
  437.6700 3.309436e+06
  437.6800 3.309528e+06
  437.6900 3.309621e+06
  437.7000 3.309714e+06
  437.7100 3.309806e+06
  437.7200 3.309899e+06
  437.7300 3.309991e+06
  437.7400 3.310084e+06
  437.7500 3.310176e+06
  437.7600 3.310269e+06
  437.7700 3.310362e+06
  437.7800 3.310454e+06
  437.7900 3.310547e+06
  437.8000 3.310639e+06
  437.8100 3.310732e+06
  437.8200 3.310824e+06
  437.8300 3.310917e+06
  437.8400 3.311009e+06
  437.8500 3.311102e+06
  437.8600 3.311195e+06
  437.8700 3.311287e+06
  437.8800 3.311380e+06
  437.8900 3.311472e+06
  437.9000 3.311565e+06
  437.9100 3.311658e+06
  437.9200 3.311750e+06
  437.9300 3.311843e+06
  437.9400 3.311935e+06
  437.9500 3.312028e+06
  437.9600 3.312120e+06
  437.9700 3.312213e+06
  437.9800 3.312306e+06
  437.9900 3.312398e+06
  438.0000 3.312491e+06
  438.0100 3.312583e+06
  438.0200 3.312676e+06
  438.0300 3.312769e+06
  438.0400 3.312861e+06
  438.0500 3.312954e+06
  438.0600 3.313046e+06
  438.0700 3.313139e+06
  438.0800 3.313231e+06
  438.0900 3.313324e+06
  438.1000 3.313417e+06
  438.1100 3.313509e+06
  438.1200 3.313602e+06
  438.1300 3.313694e+06
  438.1400 3.313787e+06
  438.1500 3.313880e+06
  438.1600 3.313972e+06
  438.1700 3.314065e+06
  438.1800 3.314157e+06
  438.1900 3.314250e+06
  438.2000 3.314343e+06
  438.2100 3.314435e+06
  438.2200 3.314528e+06
  438.2300 3.314621e+06
  438.2400 3.314713e+06
  438.2500 3.314806e+06
  438.2600 3.314898e+06
  438.2700 3.314991e+06
  438.2800 3.315084e+06
  438.2900 3.315176e+06
  438.3000 3.315269e+06
  438.3100 3.315361e+06
  438.3200 3.315454e+06
  438.3300 3.315547e+06
  438.3400 3.315639e+06
  438.3500 3.315732e+06
  438.3600 3.315825e+06
  438.3700 3.315917e+06
  438.3800 3.316010e+06
  438.3900 3.316102e+06
  438.4000 3.316195e+06
  438.4100 3.316288e+06
  438.4200 3.316380e+06
  438.4300 3.316473e+06
  438.4400 3.316566e+06
  438.4500 3.316658e+06
  438.4600 3.316751e+06
  438.4700 3.316843e+06
  438.4800 3.316936e+06
  438.4900 3.317029e+06
  438.5000 3.317121e+06
  438.5100 3.317214e+06
  438.5200 3.317307e+06
  438.5300 3.317399e+06
  438.5400 3.317492e+06
  438.5500 3.317585e+06
  438.5600 3.317677e+06
  438.5700 3.317770e+06
  438.5800 3.317862e+06
  438.5900 3.317955e+06
  438.6000 3.318048e+06
  438.6100 3.318140e+06
  438.6200 3.318233e+06
  438.6300 3.318326e+06
  438.6400 3.318418e+06
  438.6500 3.318511e+06
  438.6600 3.318604e+06
  438.6700 3.318696e+06
  438.6800 3.318789e+06
  438.6900 3.318882e+06
  438.7000 3.318974e+06
  438.7100 3.319067e+06
  438.7200 3.319160e+06
  438.7300 3.319252e+06
  438.7400 3.319345e+06
  438.7500 3.319438e+06
  438.7600 3.319530e+06
  438.7700 3.319623e+06
  438.7800 3.319716e+06
  438.7900 3.319808e+06
  438.8000 3.319901e+06
  438.8100 3.319994e+06
  438.8200 3.320086e+06
  438.8300 3.320179e+06
  438.8400 3.320272e+06
  438.8500 3.320364e+06
  438.8600 3.320457e+06
  438.8700 3.320550e+06
  438.8800 3.320642e+06
  438.8900 3.320735e+06
  438.9000 3.320828e+06
  438.9100 3.320920e+06
  438.9200 3.321013e+06
  438.9300 3.321106e+06
  438.9400 3.321198e+06
  438.9500 3.321291e+06
  438.9600 3.321384e+06
  438.9700 3.321476e+06
  438.9800 3.321569e+06
  438.9900 3.321662e+06
  439.0000 3.321754e+06
  439.0100 3.321847e+06
  439.0200 3.321940e+06
  439.0300 3.322032e+06
  439.0400 3.322125e+06
  439.0500 3.322218e+06
  439.0600 3.322311e+06
  439.0700 3.322403e+06
  439.0800 3.322496e+06
  439.0900 3.322589e+06
  439.1000 3.322681e+06
  439.1100 3.322774e+06
  439.1200 3.322867e+06
  439.1300 3.322959e+06
  439.1400 3.323052e+06
  439.1500 3.323145e+06
  439.1600 3.323238e+06
  439.1700 3.323330e+06
  439.1800 3.323423e+06
  439.1900 3.323516e+06
  439.2000 3.323608e+06
  439.2100 3.323701e+06
  439.2200 3.323794e+06
  439.2300 3.323886e+06
  439.2400 3.323979e+06
  439.2500 3.324072e+06
  439.2600 3.324165e+06
  439.2700 3.324257e+06
  439.2800 3.324350e+06
  439.2900 3.324443e+06
  439.3000 3.324535e+06
  439.3100 3.324628e+06
  439.3200 3.324721e+06
  439.3300 3.324814e+06
  439.3400 3.324906e+06
  439.3500 3.324999e+06
  439.3600 3.325092e+06
  439.3700 3.325184e+06
  439.3800 3.325277e+06
  439.3900 3.325370e+06
  439.4000 3.325463e+06
  439.4100 3.325555e+06
  439.4200 3.325648e+06
  439.4300 3.325741e+06
  439.4400 3.325834e+06
  439.4500 3.325926e+06
  439.4600 3.326019e+06
  439.4700 3.326112e+06
  439.4800 3.326204e+06
  439.4900 3.326297e+06
  439.5000 3.326390e+06
  439.5100 3.326483e+06
  439.5200 3.326575e+06
  439.5300 3.326668e+06
  439.5400 3.326761e+06
  439.5500 3.326854e+06
  439.5600 3.326946e+06
  439.5700 3.327039e+06
  439.5800 3.327132e+06
  439.5900 3.327225e+06
  439.6000 3.327317e+06
  439.6100 3.327410e+06
  439.6200 3.327503e+06
  439.6300 3.327596e+06
  439.6400 3.327688e+06
  439.6500 3.327781e+06
  439.6600 3.327874e+06
  439.6700 3.327967e+06
  439.6800 3.328059e+06
  439.6900 3.328152e+06
  439.7000 3.328245e+06
  439.7100 3.328338e+06
  439.7200 3.328430e+06
  439.7300 3.328523e+06
  439.7400 3.328616e+06
  439.7500 3.328709e+06
  439.7600 3.328801e+06
  439.7700 3.328894e+06
  439.7800 3.328987e+06
  439.7900 3.329080e+06
  439.8000 3.329172e+06
  439.8100 3.329265e+06
  439.8200 3.329358e+06
  439.8300 3.329451e+06
  439.8400 3.329543e+06
  439.8500 3.329636e+06
  439.8600 3.329729e+06
  439.8700 3.329822e+06
  439.8800 3.329914e+06
  439.8900 3.330007e+06
  439.9000 3.330100e+06
  439.9100 3.330193e+06
  439.9200 3.330286e+06
  439.9300 3.330378e+06
  439.9400 3.330471e+06
  439.9500 3.330564e+06
  439.9600 3.330657e+06
  439.9700 3.330749e+06
  439.9800 3.330842e+06
  439.9900 3.330935e+06
  440.0000 3.331028e+06
  440.0100 3.331121e+06
  440.0200 3.331213e+06
  440.0300 3.331306e+06
  440.0400 3.331399e+06
  440.0500 3.331492e+06
  440.0600 3.331584e+06
  440.0700 3.331677e+06
  440.0800 3.331770e+06
  440.0900 3.331863e+06
  440.1000 3.331956e+06
  440.1100 3.332048e+06
  440.1200 3.332141e+06
  440.1300 3.332234e+06
  440.1400 3.332327e+06
  440.1500 3.332420e+06
  440.1600 3.332512e+06
  440.1700 3.332605e+06
  440.1800 3.332698e+06
  440.1900 3.332791e+06
  440.2000 3.332884e+06
  440.2100 3.332976e+06
  440.2200 3.333069e+06
  440.2300 3.333162e+06
  440.2400 3.333255e+06
  440.2500 3.333348e+06
  440.2600 3.333440e+06
  440.2700 3.333533e+06
  440.2800 3.333626e+06
  440.2900 3.333719e+06
  440.3000 3.333812e+06
  440.3100 3.333904e+06
  440.3200 3.333997e+06
  440.3300 3.334090e+06
  440.3400 3.334183e+06
  440.3500 3.334276e+06
  440.3600 3.334369e+06
  440.3700 3.334461e+06
  440.3800 3.334554e+06
  440.3900 3.334647e+06
  440.4000 3.334740e+06
  440.4100 3.334833e+06
  440.4200 3.334925e+06
  440.4300 3.335018e+06
  440.4400 3.335111e+06
  440.4500 3.335204e+06
  440.4600 3.335297e+06
  440.4700 3.335390e+06
  440.4800 3.335482e+06
  440.4900 3.335575e+06
  440.5000 3.335668e+06
  440.5100 3.335761e+06
  440.5200 3.335854e+06
  440.5300 3.335946e+06
  440.5400 3.336039e+06
  440.5500 3.336132e+06
  440.5600 3.336225e+06
  440.5700 3.336318e+06
  440.5800 3.336411e+06
  440.5900 3.336503e+06
  440.6000 3.336596e+06
  440.6100 3.336689e+06
  440.6200 3.336782e+06
  440.6300 3.336875e+06
  440.6400 3.336968e+06
  440.6500 3.337061e+06
  440.6600 3.337153e+06
  440.6700 3.337246e+06
  440.6800 3.337339e+06
  440.6900 3.337432e+06
  440.7000 3.337525e+06
  440.7100 3.337618e+06
  440.7200 3.337710e+06
  440.7300 3.337803e+06
  440.7400 3.337896e+06
  440.7500 3.337989e+06
  440.7600 3.338082e+06
  440.7700 3.338175e+06
  440.7800 3.338268e+06
  440.7900 3.338360e+06
  440.8000 3.338453e+06
  440.8100 3.338546e+06
  440.8200 3.338639e+06
  440.8300 3.338732e+06
  440.8400 3.338825e+06
  440.8500 3.338918e+06
  440.8600 3.339010e+06
  440.8700 3.339103e+06
  440.8800 3.339196e+06
  440.8900 3.339289e+06
  440.9000 3.339382e+06
  440.9100 3.339475e+06
  440.9200 3.339568e+06
  440.9300 3.339660e+06
  440.9400 3.339753e+06
  440.9500 3.339846e+06
  440.9600 3.339939e+06
  440.9700 3.340032e+06
  440.9800 3.340125e+06
  440.9900 3.340218e+06
  441.0000 3.340311e+06
  441.0100 3.340403e+06
  441.0200 3.340496e+06
  441.0300 3.340589e+06
  441.0400 3.340682e+06
  441.0500 3.340775e+06
  441.0600 3.340868e+06
  441.0700 3.340961e+06
  441.0800 3.341054e+06
  441.0900 3.341146e+06
  441.1000 3.341239e+06
  441.1100 3.341332e+06
  441.1200 3.341425e+06
  441.1300 3.341518e+06
  441.1400 3.341611e+06
  441.1500 3.341704e+06
  441.1600 3.341797e+06
  441.1700 3.341890e+06
  441.1800 3.341982e+06
  441.1900 3.342075e+06
  441.2000 3.342168e+06
  441.2100 3.342261e+06
  441.2200 3.342354e+06
  441.2300 3.342447e+06
  441.2400 3.342540e+06
  441.2500 3.342633e+06
  441.2600 3.342726e+06
  441.2700 3.342818e+06
  441.2800 3.342911e+06
  441.2900 3.343004e+06
  441.3000 3.343097e+06
  441.3100 3.343190e+06
  441.3200 3.343283e+06
  441.3300 3.343376e+06
  441.3400 3.343469e+06
  441.3500 3.343562e+06
  441.3600 3.343655e+06
  441.3700 3.343748e+06
  441.3800 3.343840e+06
  441.3900 3.343933e+06
  441.4000 3.344026e+06
  441.4100 3.344119e+06
  441.4200 3.344212e+06
  441.4300 3.344305e+06
  441.4400 3.344398e+06
  441.4500 3.344491e+06
  441.4600 3.344584e+06
  441.4700 3.344677e+06
  441.4800 3.344770e+06
  441.4900 3.344862e+06
  441.5000 3.344955e+06
  441.5100 3.345048e+06
  441.5200 3.345141e+06
  441.5300 3.345234e+06
  441.5400 3.345327e+06
  441.5500 3.345420e+06
  441.5600 3.345513e+06
  441.5700 3.345606e+06
  441.5800 3.345699e+06
  441.5900 3.345792e+06
  441.6000 3.345885e+06
  441.6100 3.345978e+06
  441.6200 3.346071e+06
  441.6300 3.346163e+06
  441.6400 3.346256e+06
  441.6500 3.346349e+06
  441.6600 3.346442e+06
  441.6700 3.346535e+06
  441.6800 3.346628e+06
  441.6900 3.346721e+06
  441.7000 3.346814e+06
  441.7100 3.346907e+06
  441.7200 3.347000e+06
  441.7300 3.347093e+06
  441.7400 3.347186e+06
  441.7500 3.347279e+06
  441.7600 3.347372e+06
  441.7700 3.347465e+06
  441.7800 3.347558e+06
  441.7900 3.347650e+06
  441.8000 3.347743e+06
  441.8100 3.347836e+06
  441.8200 3.347929e+06
  441.8300 3.348022e+06
  441.8400 3.348115e+06
  441.8500 3.348208e+06
  441.8600 3.348301e+06
  441.8700 3.348394e+06
  441.8800 3.348487e+06
  441.8900 3.348580e+06
  441.9000 3.348673e+06
  441.9100 3.348766e+06
  441.9200 3.348859e+06
  441.9300 3.348952e+06
  441.9400 3.349045e+06
  441.9500 3.349138e+06
  441.9600 3.349231e+06
  441.9700 3.349324e+06
  441.9800 3.349417e+06
  441.9900 3.349510e+06
  442.0000 3.349603e+06
  442.0100 3.349695e+06
  442.0200 3.349788e+06
  442.0300 3.349881e+06
  442.0400 3.349974e+06
  442.0500 3.350067e+06
  442.0600 3.350160e+06
  442.0700 3.350253e+06
  442.0800 3.350346e+06
  442.0900 3.350439e+06
  442.1000 3.350532e+06
  442.1100 3.350625e+06
  442.1200 3.350718e+06
  442.1300 3.350811e+06
  442.1400 3.350904e+06
  442.1500 3.350997e+06
  442.1600 3.351090e+06
  442.1700 3.351183e+06
  442.1800 3.351276e+06
  442.1900 3.351369e+06
  442.2000 3.351462e+06
  442.2100 3.351555e+06
  442.2200 3.351648e+06
  442.2300 3.351741e+06
  442.2400 3.351834e+06
  442.2500 3.351927e+06
  442.2600 3.352020e+06
  442.2700 3.352113e+06
  442.2800 3.352206e+06
  442.2900 3.352299e+06
  442.3000 3.352392e+06
  442.3100 3.352485e+06
  442.3200 3.352578e+06
  442.3300 3.352671e+06
  442.3400 3.352764e+06
  442.3500 3.352857e+06
  442.3600 3.352950e+06
  442.3700 3.353043e+06
  442.3800 3.353136e+06
  442.3900 3.353229e+06
  442.4000 3.353322e+06
  442.4100 3.353415e+06
  442.4200 3.353508e+06
  442.4300 3.353601e+06
  442.4400 3.353694e+06
  442.4500 3.353787e+06
  442.4600 3.353880e+06
  442.4700 3.353973e+06
  442.4800 3.354066e+06
  442.4900 3.354159e+06
  442.5000 3.354252e+06
  442.5100 3.354345e+06
  442.5200 3.354438e+06
  442.5300 3.354531e+06
  442.5400 3.354624e+06
  442.5500 3.354717e+06
  442.5600 3.354810e+06
  442.5700 3.354903e+06
  442.5800 3.354996e+06
  442.5900 3.355089e+06
  442.6000 3.355182e+06
  442.6100 3.355275e+06
  442.6200 3.355368e+06
  442.6300 3.355461e+06
  442.6400 3.355554e+06
  442.6500 3.355647e+06
  442.6600 3.355740e+06
  442.6700 3.355833e+06
  442.6800 3.355926e+06
  442.6900 3.356019e+06
  442.7000 3.356112e+06
  442.7100 3.356205e+06
  442.7200 3.356298e+06
  442.7300 3.356391e+06
  442.7400 3.356484e+06
  442.7500 3.356577e+06
  442.7600 3.356670e+06
  442.7700 3.356763e+06
  442.7800 3.356856e+06
  442.7900 3.356949e+06
  442.8000 3.357042e+06
  442.8100 3.357135e+06
  442.8200 3.357229e+06
  442.8300 3.357322e+06
  442.8400 3.357415e+06
  442.8500 3.357508e+06
  442.8600 3.357601e+06
  442.8700 3.357694e+06
  442.8800 3.357787e+06
  442.8900 3.357880e+06
  442.9000 3.357973e+06
  442.9100 3.358066e+06
  442.9200 3.358159e+06
  442.9300 3.358252e+06
  442.9400 3.358345e+06
  442.9500 3.358438e+06
  442.9600 3.358531e+06
  442.9700 3.358624e+06
  442.9800 3.358717e+06
  442.9900 3.358810e+06
  443.0000 3.358903e+06
  443.0100 3.358996e+06
  443.0200 3.359089e+06
  443.0300 3.359182e+06
  443.0400 3.359276e+06
  443.0500 3.359369e+06
  443.0600 3.359462e+06
  443.0700 3.359555e+06
  443.0800 3.359648e+06
  443.0900 3.359741e+06
  443.1000 3.359834e+06
  443.1100 3.359927e+06
  443.1200 3.360020e+06
  443.1300 3.360113e+06
  443.1400 3.360206e+06
  443.1500 3.360299e+06
  443.1600 3.360392e+06
  443.1700 3.360485e+06
  443.1800 3.360578e+06
  443.1900 3.360671e+06
  443.2000 3.360765e+06
  443.2100 3.360858e+06
  443.2200 3.360951e+06
  443.2300 3.361044e+06
  443.2400 3.361137e+06
  443.2500 3.361230e+06
  443.2600 3.361323e+06
  443.2700 3.361416e+06
  443.2800 3.361509e+06
  443.2900 3.361602e+06
  443.3000 3.361695e+06
  443.3100 3.361788e+06
  443.3200 3.361881e+06
  443.3300 3.361974e+06
  443.3400 3.362068e+06
  443.3500 3.362161e+06
  443.3600 3.362254e+06
  443.3700 3.362347e+06
  443.3800 3.362440e+06
  443.3900 3.362533e+06
  443.4000 3.362626e+06
  443.4100 3.362719e+06
  443.4200 3.362812e+06
  443.4300 3.362905e+06
  443.4400 3.362998e+06
  443.4500 3.363092e+06
  443.4600 3.363185e+06
  443.4700 3.363278e+06
  443.4800 3.363371e+06
  443.4900 3.363464e+06
  443.5000 3.363557e+06
  443.5100 3.363650e+06
  443.5200 3.363743e+06
  443.5300 3.363836e+06
  443.5400 3.363929e+06
  443.5500 3.364022e+06
  443.5600 3.364116e+06
  443.5700 3.364209e+06
  443.5800 3.364302e+06
  443.5900 3.364395e+06
  443.6000 3.364488e+06
  443.6100 3.364581e+06
  443.6200 3.364674e+06
  443.6300 3.364767e+06
  443.6400 3.364860e+06
  443.6500 3.364953e+06
  443.6600 3.365047e+06
  443.6700 3.365140e+06
  443.6800 3.365233e+06
  443.6900 3.365326e+06
  443.7000 3.365419e+06
  443.7100 3.365512e+06
  443.7200 3.365605e+06
  443.7300 3.365698e+06
  443.7400 3.365791e+06
  443.7500 3.365885e+06
  443.7600 3.365978e+06
  443.7700 3.366071e+06
  443.7800 3.366164e+06
  443.7900 3.366257e+06
  443.8000 3.366350e+06
  443.8100 3.366443e+06
  443.8200 3.366536e+06
  443.8300 3.366630e+06
  443.8400 3.366723e+06
  443.8500 3.366816e+06
  443.8600 3.366909e+06
  443.8700 3.367002e+06
  443.8800 3.367095e+06
  443.8900 3.367188e+06
  443.9000 3.367281e+06
  443.9100 3.367375e+06
  443.9200 3.367468e+06
  443.9300 3.367561e+06
  443.9400 3.367654e+06
  443.9500 3.367747e+06
  443.9600 3.367840e+06
  443.9700 3.367933e+06
  443.9800 3.368026e+06
  443.9900 3.368120e+06
  444.0000 3.368213e+06
  444.0100 3.368306e+06
  444.0200 3.368399e+06
  444.0300 3.368492e+06
  444.0400 3.368585e+06
  444.0500 3.368678e+06
  444.0600 3.368772e+06
  444.0700 3.368865e+06
  444.0800 3.368958e+06
  444.0900 3.369051e+06
  444.1000 3.369144e+06
  444.1100 3.369237e+06
  444.1200 3.369330e+06
  444.1300 3.369424e+06
  444.1400 3.369517e+06
  444.1500 3.369610e+06
  444.1600 3.369703e+06
  444.1700 3.369796e+06
  444.1800 3.369889e+06
  444.1900 3.369982e+06
  444.2000 3.370076e+06
  444.2100 3.370169e+06
  444.2200 3.370262e+06
  444.2300 3.370355e+06
  444.2400 3.370448e+06
  444.2500 3.370541e+06
  444.2600 3.370635e+06
  444.2700 3.370728e+06
  444.2800 3.370821e+06
  444.2900 3.370914e+06
  444.3000 3.371007e+06
  444.3100 3.371100e+06
  444.3200 3.371194e+06
  444.3300 3.371287e+06
  444.3400 3.371380e+06
  444.3500 3.371473e+06
  444.3600 3.371566e+06
  444.3700 3.371659e+06
  444.3800 3.371753e+06
  444.3900 3.371846e+06
  444.4000 3.371939e+06
  444.4100 3.372032e+06
  444.4200 3.372125e+06
  444.4300 3.372218e+06
  444.4400 3.372312e+06
  444.4500 3.372405e+06
  444.4600 3.372498e+06
  444.4700 3.372591e+06
  444.4800 3.372684e+06
  444.4900 3.372777e+06
  444.5000 3.372871e+06
  444.5100 3.372964e+06
  444.5200 3.373057e+06
  444.5300 3.373150e+06
  444.5400 3.373243e+06
  444.5500 3.373336e+06
  444.5600 3.373430e+06
  444.5700 3.373523e+06
  444.5800 3.373616e+06
  444.5900 3.373709e+06
  444.6000 3.373802e+06
  444.6100 3.373896e+06
  444.6200 3.373989e+06
  444.6300 3.374082e+06
  444.6400 3.374175e+06
  444.6500 3.374268e+06
  444.6600 3.374362e+06
  444.6700 3.374455e+06
  444.6800 3.374548e+06
  444.6900 3.374641e+06
  444.7000 3.374734e+06
  444.7100 3.374827e+06
  444.7200 3.374921e+06
  444.7300 3.375014e+06
  444.7400 3.375107e+06
  444.7500 3.375200e+06
  444.7600 3.375293e+06
  444.7700 3.375387e+06
  444.7800 3.375480e+06
  444.7900 3.375573e+06
  444.8000 3.375666e+06
  444.8100 3.375759e+06
  444.8200 3.375853e+06
  444.8300 3.375946e+06
  444.8400 3.376039e+06
  444.8500 3.376132e+06
  444.8600 3.376225e+06
  444.8700 3.376319e+06
  444.8800 3.376412e+06
  444.8900 3.376505e+06
  444.9000 3.376598e+06
  444.9100 3.376692e+06
  444.9200 3.376785e+06
  444.9300 3.376878e+06
  444.9400 3.376971e+06
  444.9500 3.377064e+06
  444.9600 3.377158e+06
  444.9700 3.377251e+06
  444.9800 3.377344e+06
  444.9900 3.377437e+06
  445.0000 3.377530e+06
  445.0100 3.377624e+06
  445.0200 3.377717e+06
  445.0300 3.377810e+06
  445.0400 3.377903e+06
  445.0500 3.377997e+06
  445.0600 3.378090e+06
  445.0700 3.378183e+06
  445.0800 3.378276e+06
  445.0900 3.378369e+06
  445.1000 3.378463e+06
  445.1100 3.378556e+06
  445.1200 3.378649e+06
  445.1300 3.378742e+06
  445.1400 3.378836e+06
  445.1500 3.378929e+06
  445.1600 3.379022e+06
  445.1700 3.379115e+06
  445.1800 3.379209e+06
  445.1900 3.379302e+06
  445.2000 3.379395e+06
  445.2100 3.379488e+06
  445.2200 3.379581e+06
  445.2300 3.379675e+06
  445.2400 3.379768e+06
  445.2500 3.379861e+06
  445.2600 3.379954e+06
  445.2700 3.380048e+06
  445.2800 3.380141e+06
  445.2900 3.380234e+06
  445.3000 3.380327e+06
  445.3100 3.380421e+06
  445.3200 3.380514e+06
  445.3300 3.380607e+06
  445.3400 3.380700e+06
  445.3500 3.380794e+06
  445.3600 3.380887e+06
  445.3700 3.380980e+06
  445.3800 3.381073e+06
  445.3900 3.381167e+06
  445.4000 3.381260e+06
  445.4100 3.381353e+06
  445.4200 3.381446e+06
  445.4300 3.381540e+06
  445.4400 3.381633e+06
  445.4500 3.381726e+06
  445.4600 3.381819e+06
  445.4700 3.381913e+06
  445.4800 3.382006e+06
  445.4900 3.382099e+06
  445.5000 3.382192e+06
  445.5100 3.382286e+06
  445.5200 3.382379e+06
  445.5300 3.382472e+06
  445.5400 3.382565e+06
  445.5500 3.382659e+06
  445.5600 3.382752e+06
  445.5700 3.382845e+06
  445.5800 3.382938e+06
  445.5900 3.383032e+06
  445.6000 3.383125e+06
  445.6100 3.383218e+06
  445.6200 3.383312e+06
  445.6300 3.383405e+06
  445.6400 3.383498e+06
  445.6500 3.383591e+06
  445.6600 3.383685e+06
  445.6700 3.383778e+06
  445.6800 3.383871e+06
  445.6900 3.383964e+06
  445.7000 3.384058e+06
  445.7100 3.384151e+06
  445.7200 3.384244e+06
  445.7300 3.384337e+06
  445.7400 3.384431e+06
  445.7500 3.384524e+06
  445.7600 3.384617e+06
  445.7700 3.384711e+06
  445.7800 3.384804e+06
  445.7900 3.384897e+06
  445.8000 3.384990e+06
  445.8100 3.385084e+06
  445.8200 3.385177e+06
  445.8300 3.385270e+06
  445.8400 3.385364e+06
  445.8500 3.385457e+06
  445.8600 3.385550e+06
  445.8700 3.385643e+06
  445.8800 3.385737e+06
  445.8900 3.385830e+06
  445.9000 3.385923e+06
  445.9100 3.386017e+06
  445.9200 3.386110e+06
  445.9300 3.386203e+06
  445.9400 3.386296e+06
  445.9500 3.386390e+06
  445.9600 3.386483e+06
  445.9700 3.386576e+06
  445.9800 3.386670e+06
  445.9900 3.386763e+06
  446.0000 3.386856e+06
  446.0100 3.386950e+06
  446.0200 3.387043e+06
  446.0300 3.387136e+06
  446.0400 3.387229e+06
  446.0500 3.387323e+06
  446.0600 3.387416e+06
  446.0700 3.387509e+06
  446.0800 3.387603e+06
  446.0900 3.387696e+06
  446.1000 3.387789e+06
  446.1100 3.387883e+06
  446.1200 3.387976e+06
  446.1300 3.388069e+06
  446.1400 3.388162e+06
  446.1500 3.388256e+06
  446.1600 3.388349e+06
  446.1700 3.388442e+06
  446.1800 3.388536e+06
  446.1900 3.388629e+06
  446.2000 3.388722e+06
  446.2100 3.388816e+06
  446.2200 3.388909e+06
  446.2300 3.389002e+06
  446.2400 3.389096e+06
  446.2500 3.389189e+06
  446.2600 3.389282e+06
  446.2700 3.389376e+06
  446.2800 3.389469e+06
  446.2900 3.389562e+06
  446.3000 3.389655e+06
  446.3100 3.389749e+06
  446.3200 3.389842e+06
  446.3300 3.389935e+06
  446.3400 3.390029e+06
  446.3500 3.390122e+06
  446.3600 3.390215e+06
  446.3700 3.390309e+06
  446.3800 3.390402e+06
  446.3900 3.390495e+06
  446.4000 3.390589e+06
  446.4100 3.390682e+06
  446.4200 3.390775e+06
  446.4300 3.390869e+06
  446.4400 3.390962e+06
  446.4500 3.391055e+06
  446.4600 3.391149e+06
  446.4700 3.391242e+06
  446.4800 3.391335e+06
  446.4900 3.391429e+06
  446.5000 3.391522e+06
  446.5100 3.391615e+06
  446.5200 3.391709e+06
  446.5300 3.391802e+06
  446.5400 3.391895e+06
  446.5500 3.391989e+06
  446.5600 3.392082e+06
  446.5700 3.392175e+06
  446.5800 3.392269e+06
  446.5900 3.392362e+06
  446.6000 3.392455e+06
  446.6100 3.392549e+06
  446.6200 3.392642e+06
  446.6300 3.392735e+06
  446.6400 3.392829e+06
  446.6500 3.392922e+06
  446.6600 3.393016e+06
  446.6700 3.393109e+06
  446.6800 3.393202e+06
  446.6900 3.393296e+06
  446.7000 3.393389e+06
  446.7100 3.393482e+06
  446.7200 3.393576e+06
  446.7300 3.393669e+06
  446.7400 3.393762e+06
  446.7500 3.393856e+06
  446.7600 3.393949e+06
  446.7700 3.394042e+06
  446.7800 3.394136e+06
  446.7900 3.394229e+06
  446.8000 3.394322e+06
  446.8100 3.394416e+06
  446.8200 3.394509e+06
  446.8300 3.394603e+06
  446.8400 3.394696e+06
  446.8500 3.394789e+06
  446.8600 3.394883e+06
  446.8700 3.394976e+06
  446.8800 3.395069e+06
  446.8900 3.395163e+06
  446.9000 3.395256e+06
  446.9100 3.395349e+06
  446.9200 3.395443e+06
  446.9300 3.395536e+06
  446.9400 3.395630e+06
  446.9500 3.395723e+06
  446.9600 3.395816e+06
  446.9700 3.395910e+06
  446.9800 3.396003e+06
  446.9900 3.396096e+06
  447.0000 3.396190e+06
  447.0100 3.396283e+06
  447.0200 3.396377e+06
  447.0300 3.396470e+06
  447.0400 3.396563e+06
  447.0500 3.396657e+06
  447.0600 3.396750e+06
  447.0700 3.396843e+06
  447.0800 3.396937e+06
  447.0900 3.397030e+06
  447.1000 3.397124e+06
  447.1100 3.397217e+06
  447.1200 3.397310e+06
  447.1300 3.397404e+06
  447.1400 3.397497e+06
  447.1500 3.397590e+06
  447.1600 3.397684e+06
  447.1700 3.397777e+06
  447.1800 3.397871e+06
  447.1900 3.397964e+06
  447.2000 3.398057e+06
  447.2100 3.398151e+06
  447.2200 3.398244e+06
  447.2300 3.398338e+06
  447.2400 3.398431e+06
  447.2500 3.398524e+06
  447.2600 3.398618e+06
  447.2700 3.398711e+06
  447.2800 3.398804e+06
  447.2900 3.398898e+06
  447.3000 3.398991e+06
  447.3100 3.399085e+06
  447.3200 3.399178e+06
  447.3300 3.399271e+06
  447.3400 3.399365e+06
  447.3500 3.399458e+06
  447.3600 3.399552e+06
  447.3700 3.399645e+06
  447.3800 3.399738e+06
  447.3900 3.399832e+06
  447.4000 3.399925e+06
  447.4100 3.400019e+06
  447.4200 3.400112e+06
  447.4300 3.400205e+06
  447.4400 3.400299e+06
  447.4500 3.400392e+06
  447.4600 3.400486e+06
  447.4700 3.400579e+06
  447.4800 3.400673e+06
  447.4900 3.400766e+06
  447.5000 3.400859e+06
  447.5100 3.400953e+06
  447.5200 3.401046e+06
  447.5300 3.401140e+06
  447.5400 3.401233e+06
  447.5500 3.401326e+06
  447.5600 3.401420e+06
  447.5700 3.401513e+06
  447.5800 3.401607e+06
  447.5900 3.401700e+06
  447.6000 3.401793e+06
  447.6100 3.401887e+06
  447.6200 3.401980e+06
  447.6300 3.402074e+06
  447.6400 3.402167e+06
  447.6500 3.402261e+06
  447.6600 3.402354e+06
  447.6700 3.402447e+06
  447.6800 3.402541e+06
  447.6900 3.402634e+06
  447.7000 3.402728e+06
  447.7100 3.402821e+06
  447.7200 3.402915e+06
  447.7300 3.403008e+06
  447.7400 3.403101e+06
  447.7500 3.403195e+06
  447.7600 3.403288e+06
  447.7700 3.403382e+06
  447.7800 3.403475e+06
  447.7900 3.403569e+06
  447.8000 3.403662e+06
  447.8100 3.403755e+06
  447.8200 3.403849e+06
  447.8300 3.403942e+06
  447.8400 3.404036e+06
  447.8500 3.404129e+06
  447.8600 3.404223e+06
  447.8700 3.404316e+06
  447.8800 3.404409e+06
  447.8900 3.404503e+06
  447.9000 3.404596e+06
  447.9100 3.404690e+06
  447.9200 3.404783e+06
  447.9300 3.404877e+06
  447.9400 3.404970e+06
  447.9500 3.405064e+06
  447.9600 3.405157e+06
  447.9700 3.405250e+06
  447.9800 3.405344e+06
  447.9900 3.405437e+06
  448.0000 3.405531e+06
  448.0100 3.405624e+06
  448.0200 3.405718e+06
  448.0300 3.405811e+06
  448.0400 3.405905e+06
  448.0500 3.405998e+06
  448.0600 3.406091e+06
  448.0700 3.406185e+06
  448.0800 3.406278e+06
  448.0900 3.406372e+06
  448.1000 3.406465e+06
  448.1100 3.406559e+06
  448.1200 3.406652e+06
  448.1300 3.406746e+06
  448.1400 3.406839e+06
  448.1500 3.406933e+06
  448.1600 3.407026e+06
  448.1700 3.407119e+06
  448.1800 3.407213e+06
  448.1900 3.407306e+06
  448.2000 3.407400e+06
  448.2100 3.407493e+06
  448.2200 3.407587e+06
  448.2300 3.407680e+06
  448.2400 3.407774e+06
  448.2500 3.407867e+06
  448.2600 3.407961e+06
  448.2700 3.408054e+06
  448.2800 3.408148e+06
  448.2900 3.408241e+06
  448.3000 3.408334e+06
  448.3100 3.408428e+06
  448.3200 3.408521e+06
  448.3300 3.408615e+06
  448.3400 3.408708e+06
  448.3500 3.408802e+06
  448.3600 3.408895e+06
  448.3700 3.408989e+06
  448.3800 3.409082e+06
  448.3900 3.409176e+06
  448.4000 3.409269e+06
  448.4100 3.409363e+06
  448.4200 3.409456e+06
  448.4300 3.409550e+06
  448.4400 3.409643e+06
  448.4500 3.409737e+06
  448.4600 3.409830e+06
  448.4700 3.409924e+06
  448.4800 3.410017e+06
  448.4900 3.410111e+06
  448.5000 3.410204e+06
  448.5100 3.410297e+06
  448.5200 3.410391e+06
  448.5300 3.410484e+06
  448.5400 3.410578e+06
  448.5500 3.410671e+06
  448.5600 3.410765e+06
  448.5700 3.410858e+06
  448.5800 3.410952e+06
  448.5900 3.411045e+06
  448.6000 3.411139e+06
  448.6100 3.411232e+06
  448.6200 3.411326e+06
  448.6300 3.411419e+06
  448.6400 3.411513e+06
  448.6500 3.411606e+06
  448.6600 3.411700e+06
  448.6700 3.411793e+06
  448.6800 3.411887e+06
  448.6900 3.411980e+06
  448.7000 3.412074e+06
  448.7100 3.412167e+06
  448.7200 3.412261e+06
  448.7300 3.412354e+06
  448.7400 3.412448e+06
  448.7500 3.412541e+06
  448.7600 3.412635e+06
  448.7700 3.412728e+06
  448.7800 3.412822e+06
  448.7900 3.412915e+06
  448.8000 3.413009e+06
  448.8100 3.413102e+06
  448.8200 3.413196e+06
  448.8300 3.413289e+06
  448.8400 3.413383e+06
  448.8500 3.413476e+06
  448.8600 3.413570e+06
  448.8700 3.413663e+06
  448.8800 3.413757e+06
  448.8900 3.413850e+06
  448.9000 3.413944e+06
  448.9100 3.414037e+06
  448.9200 3.414131e+06
  448.9300 3.414224e+06
  448.9400 3.414318e+06
  448.9500 3.414411e+06
  448.9600 3.414505e+06
  448.9700 3.414598e+06
  448.9800 3.414692e+06
  448.9900 3.414785e+06
  449.0000 3.414879e+06
  449.0100 3.414972e+06
  449.0200 3.415066e+06
  449.0300 3.415160e+06
  449.0400 3.415253e+06
  449.0500 3.415347e+06
  449.0600 3.415440e+06
  449.0700 3.415534e+06
  449.0800 3.415627e+06
  449.0900 3.415721e+06
  449.1000 3.415814e+06
  449.1100 3.415908e+06
  449.1200 3.416001e+06
  449.1300 3.416095e+06
  449.1400 3.416188e+06
  449.1500 3.416282e+06
  449.1600 3.416375e+06
  449.1700 3.416469e+06
  449.1800 3.416562e+06
  449.1900 3.416656e+06
  449.2000 3.416749e+06
  449.2100 3.416843e+06
  449.2200 3.416937e+06
  449.2300 3.417030e+06
  449.2400 3.417124e+06
  449.2500 3.417217e+06
  449.2600 3.417311e+06
  449.2700 3.417404e+06
  449.2800 3.417498e+06
  449.2900 3.417591e+06
  449.3000 3.417685e+06
  449.3100 3.417778e+06
  449.3200 3.417872e+06
  449.3300 3.417965e+06
  449.3400 3.418059e+06
  449.3500 3.418153e+06
  449.3600 3.418246e+06
  449.3700 3.418340e+06
  449.3800 3.418433e+06
  449.3900 3.418527e+06
  449.4000 3.418620e+06
  449.4100 3.418714e+06
  449.4200 3.418807e+06
  449.4300 3.418901e+06
  449.4400 3.418994e+06
  449.4500 3.419088e+06
  449.4600 3.419182e+06
  449.4700 3.419275e+06
  449.4800 3.419369e+06
  449.4900 3.419462e+06
  449.5000 3.419556e+06
  449.5100 3.419649e+06
  449.5200 3.419743e+06
  449.5300 3.419836e+06
  449.5400 3.419930e+06
  449.5500 3.420023e+06
  449.5600 3.420117e+06
  449.5700 3.420211e+06
  449.5800 3.420304e+06
  449.5900 3.420398e+06
  449.6000 3.420491e+06
  449.6100 3.420585e+06
  449.6200 3.420678e+06
  449.6300 3.420772e+06
  449.6400 3.420865e+06
  449.6500 3.420959e+06
  449.6600 3.421053e+06
  449.6700 3.421146e+06
  449.6800 3.421240e+06
  449.6900 3.421333e+06
  449.7000 3.421427e+06
  449.7100 3.421520e+06
  449.7200 3.421614e+06
  449.7300 3.421708e+06
  449.7400 3.421801e+06
  449.7500 3.421895e+06
  449.7600 3.421988e+06
  449.7700 3.422082e+06
  449.7800 3.422175e+06
  449.7900 3.422269e+06
  449.8000 3.422363e+06
  449.8100 3.422456e+06
  449.8200 3.422550e+06
  449.8300 3.422643e+06
  449.8400 3.422737e+06
  449.8500 3.422830e+06
  449.8600 3.422924e+06
  449.8700 3.423018e+06
  449.8800 3.423111e+06
  449.8900 3.423205e+06
  449.9000 3.423298e+06
  449.9100 3.423392e+06
  449.9200 3.423485e+06
  449.9300 3.423579e+06
  449.9400 3.423673e+06
  449.9500 3.423766e+06
  449.9600 3.423860e+06
  449.9700 3.423953e+06
  449.9800 3.424047e+06
  449.9900 3.424141e+06
  450.0000 3.424234e+06
  450.0100 3.424328e+06
  450.0200 3.424421e+06
  450.0300 3.424515e+06
  450.0400 3.424608e+06
  450.0500 3.424702e+06
  450.0600 3.424796e+06
  450.0700 3.424889e+06
  450.0800 3.424983e+06
  450.0900 3.425076e+06
  450.1000 3.425170e+06
  450.1100 3.425264e+06
  450.1200 3.425357e+06
  450.1300 3.425451e+06
  450.1400 3.425544e+06
  450.1500 3.425638e+06
  450.1600 3.425732e+06
  450.1700 3.425825e+06
  450.1800 3.425919e+06
  450.1900 3.426012e+06
  450.2000 3.426106e+06
  450.2100 3.426200e+06
  450.2200 3.426293e+06
  450.2300 3.426387e+06
  450.2400 3.426480e+06
  450.2500 3.426574e+06
  450.2600 3.426668e+06
  450.2700 3.426761e+06
  450.2800 3.426855e+06
  450.2900 3.426948e+06
  450.3000 3.427042e+06
  450.3100 3.427136e+06
  450.3200 3.427229e+06
  450.3300 3.427323e+06
  450.3400 3.427416e+06
  450.3500 3.427510e+06
  450.3600 3.427604e+06
  450.3700 3.427697e+06
  450.3800 3.427791e+06
  450.3900 3.427884e+06
  450.4000 3.427978e+06
  450.4100 3.428072e+06
  450.4200 3.428165e+06
  450.4300 3.428259e+06
  450.4400 3.428353e+06
  450.4500 3.428446e+06
  450.4600 3.428540e+06
  450.4700 3.428633e+06
  450.4800 3.428727e+06
  450.4900 3.428821e+06
  450.5000 3.428914e+06
  450.5100 3.429008e+06
  450.5200 3.429101e+06
  450.5300 3.429195e+06
  450.5400 3.429289e+06
  450.5500 3.429382e+06
  450.5600 3.429476e+06
  450.5700 3.429570e+06
  450.5800 3.429663e+06
  450.5900 3.429757e+06
  450.6000 3.429850e+06
  450.6100 3.429944e+06
  450.6200 3.430038e+06
  450.6300 3.430131e+06
  450.6400 3.430225e+06
  450.6500 3.430319e+06
  450.6600 3.430412e+06
  450.6700 3.430506e+06
  450.6800 3.430599e+06
  450.6900 3.430693e+06
  450.7000 3.430787e+06
  450.7100 3.430880e+06
  450.7200 3.430974e+06
  450.7300 3.431068e+06
  450.7400 3.431161e+06
  450.7500 3.431255e+06
  450.7600 3.431348e+06
  450.7700 3.431442e+06
  450.7800 3.431536e+06
  450.7900 3.431629e+06
  450.8000 3.431723e+06
  450.8100 3.431817e+06
  450.8200 3.431910e+06
  450.8300 3.432004e+06
  450.8400 3.432098e+06
  450.8500 3.432191e+06
  450.8600 3.432285e+06
  450.8700 3.432379e+06
  450.8800 3.432472e+06
  450.8900 3.432566e+06
  450.9000 3.432659e+06
  450.9100 3.432753e+06
  450.9200 3.432847e+06
  450.9300 3.432940e+06
  450.9400 3.433034e+06
  450.9500 3.433128e+06
  450.9600 3.433221e+06
  450.9700 3.433315e+06
  450.9800 3.433409e+06
  450.9900 3.433502e+06
  451.0000 3.433596e+06
  451.0100 3.433690e+06
  451.0200 3.433783e+06
  451.0300 3.433877e+06
  451.0400 3.433971e+06
  451.0500 3.434064e+06
  451.0600 3.434158e+06
  451.0700 3.434251e+06
  451.0800 3.434345e+06
  451.0900 3.434439e+06
  451.1000 3.434532e+06
  451.1100 3.434626e+06
  451.1200 3.434720e+06
  451.1300 3.434813e+06
  451.1400 3.434907e+06
  451.1500 3.435001e+06
  451.1600 3.435094e+06
  451.1700 3.435188e+06
  451.1800 3.435282e+06
  451.1900 3.435375e+06
  451.2000 3.435469e+06
  451.2100 3.435563e+06
  451.2200 3.435656e+06
  451.2300 3.435750e+06
  451.2400 3.435844e+06
  451.2500 3.435937e+06
  451.2600 3.436031e+06
  451.2700 3.436125e+06
  451.2800 3.436218e+06
  451.2900 3.436312e+06
  451.3000 3.436406e+06
  451.3100 3.436499e+06
  451.3200 3.436593e+06
  451.3300 3.436687e+06
  451.3400 3.436780e+06
  451.3500 3.436874e+06
  451.3600 3.436968e+06
  451.3700 3.437061e+06
  451.3800 3.437155e+06
  451.3900 3.437249e+06
  451.4000 3.437342e+06
  451.4100 3.437436e+06
  451.4200 3.437530e+06
  451.4300 3.437623e+06
  451.4400 3.437717e+06
  451.4500 3.437811e+06
  451.4600 3.437904e+06
  451.4700 3.437998e+06
  451.4800 3.438092e+06
  451.4900 3.438186e+06
  451.5000 3.438279e+06
  451.5100 3.438373e+06
  451.5200 3.438467e+06
  451.5300 3.438560e+06
  451.5400 3.438654e+06
  451.5500 3.438748e+06
  451.5600 3.438841e+06
  451.5700 3.438935e+06
  451.5800 3.439029e+06
  451.5900 3.439122e+06
  451.6000 3.439216e+06
  451.6100 3.439310e+06
  451.6200 3.439403e+06
  451.6300 3.439497e+06
  451.6400 3.439591e+06
  451.6500 3.439685e+06
  451.6600 3.439778e+06
  451.6700 3.439872e+06
  451.6800 3.439966e+06
  451.6900 3.440059e+06
  451.7000 3.440153e+06
  451.7100 3.440247e+06
  451.7200 3.440340e+06
  451.7300 3.440434e+06
  451.7400 3.440528e+06
  451.7500 3.440621e+06
  451.7600 3.440715e+06
  451.7700 3.440809e+06
  451.7800 3.440903e+06
  451.7900 3.440996e+06
  451.8000 3.441090e+06
  451.8100 3.441184e+06
  451.8200 3.441277e+06
  451.8300 3.441371e+06
  451.8400 3.441465e+06
  451.8500 3.441558e+06
  451.8600 3.441652e+06
  451.8700 3.441746e+06
  451.8800 3.441840e+06
  451.8900 3.441933e+06
  451.9000 3.442027e+06
  451.9100 3.442121e+06
  451.9200 3.442214e+06
  451.9300 3.442308e+06
  451.9400 3.442402e+06
  451.9500 3.442496e+06
  451.9600 3.442589e+06
  451.9700 3.442683e+06
  451.9800 3.442777e+06
  451.9900 3.442870e+06
  452.0000 3.442964e+06
  452.0100 3.443058e+06
  452.0200 3.443151e+06
  452.0300 3.443245e+06
  452.0400 3.443339e+06
  452.0500 3.443433e+06
  452.0600 3.443526e+06
  452.0700 3.443620e+06
  452.0800 3.443714e+06
  452.0900 3.443808e+06
  452.1000 3.443901e+06
  452.1100 3.443995e+06
  452.1200 3.444089e+06
  452.1300 3.444182e+06
  452.1400 3.444276e+06
  452.1500 3.444370e+06
  452.1600 3.444464e+06
  452.1700 3.444557e+06
  452.1800 3.444651e+06
  452.1900 3.444745e+06
  452.2000 3.444838e+06
  452.2100 3.444932e+06
  452.2200 3.445026e+06
  452.2300 3.445120e+06
  452.2400 3.445213e+06
  452.2500 3.445307e+06
  452.2600 3.445401e+06
  452.2700 3.445495e+06
  452.2800 3.445588e+06
  452.2900 3.445682e+06
  452.3000 3.445776e+06
  452.3100 3.445869e+06
  452.3200 3.445963e+06
  452.3300 3.446057e+06
  452.3400 3.446151e+06
  452.3500 3.446244e+06
  452.3600 3.446338e+06
  452.3700 3.446432e+06
  452.3800 3.446526e+06
  452.3900 3.446619e+06
  452.4000 3.446713e+06
  452.4100 3.446807e+06
  452.4200 3.446901e+06
  452.4300 3.446994e+06
  452.4400 3.447088e+06
  452.4500 3.447182e+06
  452.4600 3.447275e+06
  452.4700 3.447369e+06
  452.4800 3.447463e+06
  452.4900 3.447557e+06
  452.5000 3.447650e+06
  452.5100 3.447744e+06
  452.5200 3.447838e+06
  452.5300 3.447932e+06
  452.5400 3.448025e+06
  452.5500 3.448119e+06
  452.5600 3.448213e+06
  452.5700 3.448307e+06
  452.5800 3.448400e+06
  452.5900 3.448494e+06
  452.6000 3.448588e+06
  452.6100 3.448682e+06
  452.6200 3.448775e+06
  452.6300 3.448869e+06
  452.6400 3.448963e+06
  452.6500 3.449057e+06
  452.6600 3.449150e+06
  452.6700 3.449244e+06
  452.6800 3.449338e+06
  452.6900 3.449432e+06
  452.7000 3.449525e+06
  452.7100 3.449619e+06
  452.7200 3.449713e+06
  452.7300 3.449807e+06
  452.7400 3.449900e+06
  452.7500 3.449994e+06
  452.7600 3.450088e+06
  452.7700 3.450182e+06
  452.7800 3.450275e+06
  452.7900 3.450369e+06
  452.8000 3.450463e+06
  452.8100 3.450557e+06
  452.8200 3.450651e+06
  452.8300 3.450744e+06
  452.8400 3.450838e+06
  452.8500 3.450932e+06
  452.8600 3.451026e+06
  452.8700 3.451119e+06
  452.8800 3.451213e+06
  452.8900 3.451307e+06
  452.9000 3.451401e+06
  452.9100 3.451494e+06
  452.9200 3.451588e+06
  452.9300 3.451682e+06
  452.9400 3.451776e+06
  452.9500 3.451869e+06
  452.9600 3.451963e+06
  452.9700 3.452057e+06
  452.9800 3.452151e+06
  452.9900 3.452245e+06
  453.0000 3.452338e+06
  453.0100 3.452432e+06
  453.0200 3.452526e+06
  453.0300 3.452620e+06
  453.0400 3.452713e+06
  453.0500 3.452807e+06
  453.0600 3.452901e+06
  453.0700 3.452995e+06
  453.0800 3.453089e+06
  453.0900 3.453182e+06
  453.1000 3.453276e+06
  453.1100 3.453370e+06
  453.1200 3.453464e+06
  453.1300 3.453557e+06
  453.1400 3.453651e+06
  453.1500 3.453745e+06
  453.1600 3.453839e+06
  453.1700 3.453933e+06
  453.1800 3.454026e+06
  453.1900 3.454120e+06
  453.2000 3.454214e+06
  453.2100 3.454308e+06
  453.2200 3.454401e+06
  453.2300 3.454495e+06
  453.2400 3.454589e+06
  453.2500 3.454683e+06
  453.2600 3.454777e+06
  453.2700 3.454870e+06
  453.2800 3.454964e+06
  453.2900 3.455058e+06
  453.3000 3.455152e+06
  453.3100 3.455246e+06
  453.3200 3.455339e+06
  453.3300 3.455433e+06
  453.3400 3.455527e+06
  453.3500 3.455621e+06
  453.3600 3.455714e+06
  453.3700 3.455808e+06
  453.3800 3.455902e+06
  453.3900 3.455996e+06
  453.4000 3.456090e+06
  453.4100 3.456183e+06
  453.4200 3.456277e+06
  453.4300 3.456371e+06
  453.4400 3.456465e+06
  453.4500 3.456559e+06
  453.4600 3.456652e+06
  453.4700 3.456746e+06
  453.4800 3.456840e+06
  453.4900 3.456934e+06
  453.5000 3.457028e+06
  453.5100 3.457121e+06
  453.5200 3.457215e+06
  453.5300 3.457309e+06
  453.5400 3.457403e+06
  453.5500 3.457497e+06
  453.5600 3.457590e+06
  453.5700 3.457684e+06
  453.5800 3.457778e+06
  453.5900 3.457872e+06
  453.6000 3.457966e+06
  453.6100 3.458059e+06
  453.6200 3.458153e+06
  453.6300 3.458247e+06
  453.6400 3.458341e+06
  453.6500 3.458435e+06
  453.6600 3.458529e+06
  453.6700 3.458622e+06
  453.6800 3.458716e+06
  453.6900 3.458810e+06
  453.7000 3.458904e+06
  453.7100 3.458998e+06
  453.7200 3.459091e+06
  453.7300 3.459185e+06
  453.7400 3.459279e+06
  453.7500 3.459373e+06
  453.7600 3.459467e+06
  453.7700 3.459560e+06
  453.7800 3.459654e+06
  453.7900 3.459748e+06
  453.8000 3.459842e+06
  453.8100 3.459936e+06
  453.8200 3.460030e+06
  453.8300 3.460123e+06
  453.8400 3.460217e+06
  453.8500 3.460311e+06
  453.8600 3.460405e+06
  453.8700 3.460499e+06
  453.8800 3.460592e+06
  453.8900 3.460686e+06
  453.9000 3.460780e+06
  453.9100 3.460874e+06
  453.9200 3.460968e+06
  453.9300 3.461062e+06
  453.9400 3.461155e+06
  453.9500 3.461249e+06
  453.9600 3.461343e+06
  453.9700 3.461437e+06
  453.9800 3.461531e+06
  453.9900 3.461625e+06
  454.0000 3.461718e+06
  454.0100 3.461812e+06
  454.0200 3.461906e+06
  454.0300 3.462000e+06
  454.0400 3.462094e+06
  454.0500 3.462188e+06
  454.0600 3.462281e+06
  454.0700 3.462375e+06
  454.0800 3.462469e+06
  454.0900 3.462563e+06
  454.1000 3.462657e+06
  454.1100 3.462751e+06
  454.1200 3.462844e+06
  454.1300 3.462938e+06
  454.1400 3.463032e+06
  454.1500 3.463126e+06
  454.1600 3.463220e+06
  454.1700 3.463314e+06
  454.1800 3.463407e+06
  454.1900 3.463501e+06
  454.2000 3.463595e+06
  454.2100 3.463689e+06
  454.2200 3.463783e+06
  454.2300 3.463877e+06
  454.2400 3.463970e+06
  454.2500 3.464064e+06
  454.2600 3.464158e+06
  454.2700 3.464252e+06
  454.2800 3.464346e+06
  454.2900 3.464440e+06
  454.3000 3.464533e+06
  454.3100 3.464627e+06
  454.3200 3.464721e+06
  454.3300 3.464815e+06
  454.3400 3.464909e+06
  454.3500 3.465003e+06
  454.3600 3.465097e+06
  454.3700 3.465190e+06
  454.3800 3.465284e+06
  454.3900 3.465378e+06
  454.4000 3.465472e+06
  454.4100 3.465566e+06
  454.4200 3.465660e+06
  454.4300 3.465754e+06
  454.4400 3.465847e+06
  454.4500 3.465941e+06
  454.4600 3.466035e+06
  454.4700 3.466129e+06
  454.4800 3.466223e+06
  454.4900 3.466317e+06
  454.5000 3.466410e+06
  454.5100 3.466504e+06
  454.5200 3.466598e+06
  454.5300 3.466692e+06
  454.5400 3.466786e+06
  454.5500 3.466880e+06
  454.5600 3.466974e+06
  454.5700 3.467068e+06
  454.5800 3.467161e+06
  454.5900 3.467255e+06
  454.6000 3.467349e+06
  454.6100 3.467443e+06
  454.6200 3.467537e+06
  454.6300 3.467631e+06
  454.6400 3.467725e+06
  454.6500 3.467818e+06
  454.6600 3.467912e+06
  454.6700 3.468006e+06
  454.6800 3.468100e+06
  454.6900 3.468194e+06
  454.7000 3.468288e+06
  454.7100 3.468382e+06
  454.7200 3.468475e+06
  454.7300 3.468569e+06
  454.7400 3.468663e+06
  454.7500 3.468757e+06
  454.7600 3.468851e+06
  454.7700 3.468945e+06
  454.7800 3.469039e+06
  454.7900 3.469133e+06
  454.8000 3.469226e+06
  454.8100 3.469320e+06
  454.8200 3.469414e+06
  454.8300 3.469508e+06
  454.8400 3.469602e+06
  454.8500 3.469696e+06
  454.8600 3.469790e+06
  454.8700 3.469884e+06
  454.8800 3.469977e+06
  454.8900 3.470071e+06
  454.9000 3.470165e+06
  454.9100 3.470259e+06
  454.9200 3.470353e+06
  454.9300 3.470447e+06
  454.9400 3.470541e+06
  454.9500 3.470635e+06
  454.9600 3.470728e+06
  454.9700 3.470822e+06
  454.9800 3.470916e+06
  454.9900 3.471010e+06
  455.0000 3.471104e+06
  455.0100 3.471198e+06
  455.0200 3.471292e+06
  455.0300 3.471386e+06
  455.0400 3.471480e+06
  455.0500 3.471573e+06
  455.0600 3.471667e+06
  455.0700 3.471761e+06
  455.0800 3.471855e+06
  455.0900 3.471949e+06
  455.1000 3.472043e+06
  455.1100 3.472137e+06
  455.1200 3.472231e+06
  455.1300 3.472324e+06
  455.1400 3.472418e+06
  455.1500 3.472512e+06
  455.1600 3.472606e+06
  455.1700 3.472700e+06
  455.1800 3.472794e+06
  455.1900 3.472888e+06
  455.2000 3.472982e+06
  455.2100 3.473076e+06
  455.2200 3.473170e+06
  455.2300 3.473263e+06
  455.2400 3.473357e+06
  455.2500 3.473451e+06
  455.2600 3.473545e+06
  455.2700 3.473639e+06
  455.2800 3.473733e+06
  455.2900 3.473827e+06
  455.3000 3.473921e+06
  455.3100 3.474015e+06
  455.3200 3.474108e+06
  455.3300 3.474202e+06
  455.3400 3.474296e+06
  455.3500 3.474390e+06
  455.3600 3.474484e+06
  455.3700 3.474578e+06
  455.3800 3.474672e+06
  455.3900 3.474766e+06
  455.4000 3.474860e+06
  455.4100 3.474954e+06
  455.4200 3.475048e+06
  455.4300 3.475141e+06
  455.4400 3.475235e+06
  455.4500 3.475329e+06
  455.4600 3.475423e+06
  455.4700 3.475517e+06
  455.4800 3.475611e+06
  455.4900 3.475705e+06
  455.5000 3.475799e+06
  455.5100 3.475893e+06
  455.5200 3.475987e+06
  455.5300 3.476080e+06
  455.5400 3.476174e+06
  455.5500 3.476268e+06
  455.5600 3.476362e+06
  455.5700 3.476456e+06
  455.5800 3.476550e+06
  455.5900 3.476644e+06
  455.6000 3.476738e+06
  455.6100 3.476832e+06
  455.6200 3.476926e+06
  455.6300 3.477020e+06
  455.6400 3.477114e+06
  455.6500 3.477207e+06
  455.6600 3.477301e+06
  455.6700 3.477395e+06
  455.6800 3.477489e+06
  455.6900 3.477583e+06
  455.7000 3.477677e+06
  455.7100 3.477771e+06
  455.7200 3.477865e+06
  455.7300 3.477959e+06
  455.7400 3.478053e+06
  455.7500 3.478147e+06
  455.7600 3.478241e+06
  455.7700 3.478334e+06
  455.7800 3.478428e+06
  455.7900 3.478522e+06
  455.8000 3.478616e+06
  455.8100 3.478710e+06
  455.8200 3.478804e+06
  455.8300 3.478898e+06
  455.8400 3.478992e+06
  455.8500 3.479086e+06
  455.8600 3.479180e+06
  455.8700 3.479274e+06
  455.8800 3.479368e+06
  455.8900 3.479462e+06
  455.9000 3.479556e+06
  455.9100 3.479649e+06
  455.9200 3.479743e+06
  455.9300 3.479837e+06
  455.9400 3.479931e+06
  455.9500 3.480025e+06
  455.9600 3.480119e+06
  455.9700 3.480213e+06
  455.9800 3.480307e+06
  455.9900 3.480401e+06
  456.0000 3.480495e+06
  456.0100 3.480589e+06
  456.0200 3.480683e+06
  456.0300 3.480777e+06
  456.0400 3.480871e+06
  456.0500 3.480965e+06
  456.0600 3.481058e+06
  456.0700 3.481152e+06
  456.0800 3.481246e+06
  456.0900 3.481340e+06
  456.1000 3.481434e+06
  456.1100 3.481528e+06
  456.1200 3.481622e+06
  456.1300 3.481716e+06
  456.1400 3.481810e+06
  456.1500 3.481904e+06
  456.1600 3.481998e+06
  456.1700 3.482092e+06
  456.1800 3.482186e+06
  456.1900 3.482280e+06
  456.2000 3.482374e+06
  456.2100 3.482468e+06
  456.2200 3.482561e+06
  456.2300 3.482655e+06
  456.2400 3.482749e+06
  456.2500 3.482843e+06
  456.2600 3.482937e+06
  456.2700 3.483031e+06
  456.2800 3.483125e+06
  456.2900 3.483219e+06
  456.3000 3.483313e+06
  456.3100 3.483407e+06
  456.3200 3.483501e+06
  456.3300 3.483595e+06
  456.3400 3.483689e+06
  456.3500 3.483783e+06
  456.3600 3.483877e+06
  456.3700 3.483971e+06
  456.3800 3.484065e+06
  456.3900 3.484159e+06
  456.4000 3.484253e+06
  456.4100 3.484347e+06
  456.4200 3.484440e+06
  456.4300 3.484534e+06
  456.4400 3.484628e+06
  456.4500 3.484722e+06
  456.4600 3.484816e+06
  456.4700 3.484910e+06
  456.4800 3.485004e+06
  456.4900 3.485098e+06
  456.5000 3.485192e+06
  456.5100 3.485286e+06
  456.5200 3.485380e+06
  456.5300 3.485474e+06
  456.5400 3.485568e+06
  456.5500 3.485662e+06
  456.5600 3.485756e+06
  456.5700 3.485850e+06
  456.5800 3.485944e+06
  456.5900 3.486038e+06
  456.6000 3.486132e+06
  456.6100 3.486226e+06
  456.6200 3.486320e+06
  456.6300 3.486414e+06
  456.6400 3.486508e+06
  456.6500 3.486602e+06
  456.6600 3.486696e+06
  456.6700 3.486789e+06
  456.6800 3.486883e+06
  456.6900 3.486977e+06
  456.7000 3.487071e+06
  456.7100 3.487165e+06
  456.7200 3.487259e+06
  456.7300 3.487353e+06
  456.7400 3.487447e+06
  456.7500 3.487541e+06
  456.7600 3.487635e+06
  456.7700 3.487729e+06
  456.7800 3.487823e+06
  456.7900 3.487917e+06
  456.8000 3.488011e+06
  456.8100 3.488105e+06
  456.8200 3.488199e+06
  456.8300 3.488293e+06
  456.8400 3.488387e+06
  456.8500 3.488481e+06
  456.8600 3.488575e+06
  456.8700 3.488669e+06
  456.8800 3.488763e+06
  456.8900 3.488857e+06
  456.9000 3.488951e+06
  456.9100 3.489045e+06
  456.9200 3.489139e+06
  456.9300 3.489233e+06
  456.9400 3.489327e+06
  456.9500 3.489421e+06
  456.9600 3.489515e+06
  456.9700 3.489609e+06
  456.9800 3.489703e+06
  456.9900 3.489797e+06
  457.0000 3.489891e+06
  457.0100 3.489985e+06
  457.0200 3.490079e+06
  457.0300 3.490173e+06
  457.0400 3.490267e+06
  457.0500 3.490361e+06
  457.0600 3.490455e+06
  457.0700 3.490549e+06
  457.0800 3.490643e+06
  457.0900 3.490737e+06
  457.1000 3.490831e+06
  457.1100 3.490924e+06
  457.1200 3.491018e+06
  457.1300 3.491112e+06
  457.1400 3.491206e+06
  457.1500 3.491300e+06
  457.1600 3.491394e+06
  457.1700 3.491488e+06
  457.1800 3.491582e+06
  457.1900 3.491676e+06
  457.2000 3.491770e+06
  457.2100 3.491864e+06
  457.2200 3.491958e+06
  457.2300 3.492052e+06
  457.2400 3.492146e+06
  457.2500 3.492240e+06
  457.2600 3.492334e+06
  457.2700 3.492428e+06
  457.2800 3.492522e+06
  457.2900 3.492616e+06
  457.3000 3.492710e+06
  457.3100 3.492804e+06
  457.3200 3.492898e+06
  457.3300 3.492992e+06
  457.3400 3.493086e+06
  457.3500 3.493180e+06
  457.3600 3.493274e+06
  457.3700 3.493368e+06
  457.3800 3.493462e+06
  457.3900 3.493556e+06
  457.4000 3.493650e+06
  457.4100 3.493744e+06
  457.4200 3.493838e+06
  457.4300 3.493932e+06
  457.4400 3.494026e+06
  457.4500 3.494120e+06
  457.4600 3.494214e+06
  457.4700 3.494308e+06
  457.4800 3.494402e+06
  457.4900 3.494496e+06
  457.5000 3.494590e+06
  457.5100 3.494684e+06
  457.5200 3.494778e+06
  457.5300 3.494872e+06
  457.5400 3.494966e+06
  457.5500 3.495060e+06
  457.5600 3.495154e+06
  457.5700 3.495248e+06
  457.5800 3.495342e+06
  457.5900 3.495436e+06
  457.6000 3.495530e+06
  457.6100 3.495624e+06
  457.6200 3.495718e+06
  457.6300 3.495812e+06
  457.6400 3.495906e+06
  457.6500 3.496000e+06
  457.6600 3.496094e+06
  457.6700 3.496189e+06
  457.6800 3.496283e+06
  457.6900 3.496377e+06
  457.7000 3.496471e+06
  457.7100 3.496565e+06
  457.7200 3.496659e+06
  457.7300 3.496753e+06
  457.7400 3.496847e+06
  457.7500 3.496941e+06
  457.7600 3.497035e+06
  457.7700 3.497129e+06
  457.7800 3.497223e+06
  457.7900 3.497317e+06
  457.8000 3.497411e+06
  457.8100 3.497505e+06
  457.8200 3.497599e+06
  457.8300 3.497693e+06
  457.8400 3.497787e+06
  457.8500 3.497881e+06
  457.8600 3.497975e+06
  457.8700 3.498069e+06
  457.8800 3.498163e+06
  457.8900 3.498257e+06
  457.9000 3.498351e+06
  457.9100 3.498445e+06
  457.9200 3.498539e+06
  457.9300 3.498633e+06
  457.9400 3.498727e+06
  457.9500 3.498821e+06
  457.9600 3.498915e+06
  457.9700 3.499009e+06
  457.9800 3.499103e+06
  457.9900 3.499197e+06
  458.0000 3.499291e+06
  458.0100 3.499385e+06
  458.0200 3.499479e+06
  458.0300 3.499573e+06
  458.0400 3.499667e+06
  458.0500 3.499761e+06
  458.0600 3.499855e+06
  458.0700 3.499949e+06
  458.0800 3.500043e+06
  458.0900 3.500137e+06
  458.1000 3.500231e+06
  458.1100 3.500326e+06
  458.1200 3.500420e+06
  458.1300 3.500514e+06
  458.1400 3.500608e+06
  458.1500 3.500702e+06
  458.1600 3.500796e+06
  458.1700 3.500890e+06
  458.1800 3.500984e+06
  458.1900 3.501078e+06
  458.2000 3.501172e+06
  458.2100 3.501266e+06
  458.2200 3.501360e+06
  458.2300 3.501454e+06
  458.2400 3.501548e+06
  458.2500 3.501642e+06
  458.2600 3.501736e+06
  458.2700 3.501830e+06
  458.2800 3.501924e+06
  458.2900 3.502018e+06
  458.3000 3.502112e+06
  458.3100 3.502206e+06
  458.3200 3.502300e+06
  458.3300 3.502394e+06
  458.3400 3.502488e+06
  458.3500 3.502582e+06
  458.3600 3.502676e+06
  458.3700 3.502771e+06
  458.3800 3.502865e+06
  458.3900 3.502959e+06
  458.4000 3.503053e+06
  458.4100 3.503147e+06
  458.4200 3.503241e+06
  458.4300 3.503335e+06
  458.4400 3.503429e+06
  458.4500 3.503523e+06
  458.4600 3.503617e+06
  458.4700 3.503711e+06
  458.4800 3.503805e+06
  458.4900 3.503899e+06
  458.5000 3.503993e+06
  458.5100 3.504087e+06
  458.5200 3.504181e+06
  458.5300 3.504275e+06
  458.5400 3.504369e+06
  458.5500 3.504463e+06
  458.5600 3.504557e+06
  458.5700 3.504651e+06
  458.5800 3.504746e+06
  458.5900 3.504840e+06
  458.6000 3.504934e+06
  458.6100 3.505028e+06
  458.6200 3.505122e+06
  458.6300 3.505216e+06
  458.6400 3.505310e+06
  458.6500 3.505404e+06
  458.6600 3.505498e+06
  458.6700 3.505592e+06
  458.6800 3.505686e+06
  458.6900 3.505780e+06
  458.7000 3.505874e+06
  458.7100 3.505968e+06
  458.7200 3.506062e+06
  458.7300 3.506156e+06
  458.7400 3.506250e+06
  458.7500 3.506345e+06
  458.7600 3.506439e+06
  458.7700 3.506533e+06
  458.7800 3.506627e+06
  458.7900 3.506721e+06
  458.8000 3.506815e+06
  458.8100 3.506909e+06
  458.8200 3.507003e+06
  458.8300 3.507097e+06
  458.8400 3.507191e+06
  458.8500 3.507285e+06
  458.8600 3.507379e+06
  458.8700 3.507473e+06
  458.8800 3.507567e+06
  458.8900 3.507661e+06
  458.9000 3.507755e+06
  458.9100 3.507850e+06
  458.9200 3.507944e+06
  458.9300 3.508038e+06
  458.9400 3.508132e+06
  458.9500 3.508226e+06
  458.9600 3.508320e+06
  458.9700 3.508414e+06
  458.9800 3.508508e+06
  458.9900 3.508602e+06
  459.0000 3.508696e+06
  459.0100 3.508790e+06
  459.0200 3.508884e+06
  459.0300 3.508978e+06
  459.0400 3.509072e+06
  459.0500 3.509167e+06
  459.0600 3.509261e+06
  459.0700 3.509355e+06
  459.0800 3.509449e+06
  459.0900 3.509543e+06
  459.1000 3.509637e+06
  459.1100 3.509731e+06
  459.1200 3.509825e+06
  459.1300 3.509919e+06
  459.1400 3.510013e+06
  459.1500 3.510107e+06
  459.1600 3.510201e+06
  459.1700 3.510295e+06
  459.1800 3.510389e+06
  459.1900 3.510484e+06
  459.2000 3.510578e+06
  459.2100 3.510672e+06
  459.2200 3.510766e+06
  459.2300 3.510860e+06
  459.2400 3.510954e+06
  459.2500 3.511048e+06
  459.2600 3.511142e+06
  459.2700 3.511236e+06
  459.2800 3.511330e+06
  459.2900 3.511424e+06
  459.3000 3.511518e+06
  459.3100 3.511613e+06
  459.3200 3.511707e+06
  459.3300 3.511801e+06
  459.3400 3.511895e+06
  459.3500 3.511989e+06
  459.3600 3.512083e+06
  459.3700 3.512177e+06
  459.3800 3.512271e+06
  459.3900 3.512365e+06
  459.4000 3.512459e+06
  459.4100 3.512553e+06
  459.4200 3.512647e+06
  459.4300 3.512742e+06
  459.4400 3.512836e+06
  459.4500 3.512930e+06
  459.4600 3.513024e+06
  459.4700 3.513118e+06
  459.4800 3.513212e+06
  459.4900 3.513306e+06
  459.5000 3.513400e+06
  459.5100 3.513494e+06
  459.5200 3.513588e+06
  459.5300 3.513682e+06
  459.5400 3.513777e+06
  459.5500 3.513871e+06
  459.5600 3.513965e+06
  459.5700 3.514059e+06
  459.5800 3.514153e+06
  459.5900 3.514247e+06
  459.6000 3.514341e+06
  459.6100 3.514435e+06
  459.6200 3.514529e+06
  459.6300 3.514623e+06
  459.6400 3.514718e+06
  459.6500 3.514812e+06
  459.6600 3.514906e+06
  459.6700 3.515000e+06
  459.6800 3.515094e+06
  459.6900 3.515188e+06
  459.7000 3.515282e+06
  459.7100 3.515376e+06
  459.7200 3.515470e+06
  459.7300 3.515564e+06
  459.7400 3.515658e+06
  459.7500 3.515753e+06
  459.7600 3.515847e+06
  459.7700 3.515941e+06
  459.7800 3.516035e+06
  459.7900 3.516129e+06
  459.8000 3.516223e+06
  459.8100 3.516317e+06
  459.8200 3.516411e+06
  459.8300 3.516505e+06
  459.8400 3.516600e+06
  459.8500 3.516694e+06
  459.8600 3.516788e+06
  459.8700 3.516882e+06
  459.8800 3.516976e+06
  459.8900 3.517070e+06
  459.9000 3.517164e+06
  459.9100 3.517258e+06
  459.9200 3.517352e+06
  459.9300 3.517446e+06
  459.9400 3.517541e+06
  459.9500 3.517635e+06
  459.9600 3.517729e+06
  459.9700 3.517823e+06
  459.9800 3.517917e+06
  459.9900 3.518011e+06
  460.0000 3.518105e+06
  460.0100 3.518199e+06
  460.0200 3.518293e+06
  460.0300 3.518388e+06
  460.0400 3.518482e+06
  460.0500 3.518576e+06
  460.0600 3.518670e+06
  460.0700 3.518764e+06
  460.0800 3.518858e+06
  460.0900 3.518952e+06
  460.1000 3.519046e+06
  460.1100 3.519140e+06
  460.1200 3.519235e+06
  460.1300 3.519329e+06
  460.1400 3.519423e+06
  460.1500 3.519517e+06
  460.1600 3.519611e+06
  460.1700 3.519705e+06
  460.1800 3.519799e+06
  460.1900 3.519893e+06
  460.2000 3.519988e+06
  460.2100 3.520082e+06
  460.2200 3.520176e+06
  460.2300 3.520270e+06
  460.2400 3.520364e+06
  460.2500 3.520458e+06
  460.2600 3.520552e+06
  460.2700 3.520646e+06
  460.2800 3.520740e+06
  460.2900 3.520835e+06
  460.3000 3.520929e+06
  460.3100 3.521023e+06
  460.3200 3.521117e+06
  460.3300 3.521211e+06
  460.3400 3.521305e+06
  460.3500 3.521399e+06
  460.3600 3.521493e+06
  460.3700 3.521588e+06
  460.3800 3.521682e+06
  460.3900 3.521776e+06
  460.4000 3.521870e+06
  460.4100 3.521964e+06
  460.4200 3.522058e+06
  460.4300 3.522152e+06
  460.4400 3.522246e+06
  460.4500 3.522341e+06
  460.4600 3.522435e+06
  460.4700 3.522529e+06
  460.4800 3.522623e+06
  460.4900 3.522717e+06
  460.5000 3.522811e+06
  460.5100 3.522905e+06
  460.5200 3.523000e+06
  460.5300 3.523094e+06
  460.5400 3.523188e+06
  460.5500 3.523282e+06
  460.5600 3.523376e+06
  460.5700 3.523470e+06
  460.5800 3.523564e+06
  460.5900 3.523658e+06
  460.6000 3.523753e+06
  460.6100 3.523847e+06
  460.6200 3.523941e+06
  460.6300 3.524035e+06
  460.6400 3.524129e+06
  460.6500 3.524223e+06
  460.6600 3.524317e+06
  460.6700 3.524412e+06
  460.6800 3.524506e+06
  460.6900 3.524600e+06
  460.7000 3.524694e+06
  460.7100 3.524788e+06
  460.7200 3.524882e+06
  460.7300 3.524976e+06
  460.7400 3.525070e+06
  460.7500 3.525165e+06
  460.7600 3.525259e+06
  460.7700 3.525353e+06
  460.7800 3.525447e+06
  460.7900 3.525541e+06
  460.8000 3.525635e+06
  460.8100 3.525729e+06
  460.8200 3.525824e+06
  460.8300 3.525918e+06
  460.8400 3.526012e+06
  460.8500 3.526106e+06
  460.8600 3.526200e+06
  460.8700 3.526294e+06
  460.8800 3.526388e+06
  460.8900 3.526483e+06
  460.9000 3.526577e+06
  460.9100 3.526671e+06
  460.9200 3.526765e+06
  460.9300 3.526859e+06
  460.9400 3.526953e+06
  460.9500 3.527047e+06
  460.9600 3.527142e+06
  460.9700 3.527236e+06
  460.9800 3.527330e+06
  460.9900 3.527424e+06
  461.0000 3.527518e+06
  461.0100 3.527612e+06
  461.0200 3.527707e+06
  461.0300 3.527801e+06
  461.0400 3.527895e+06
  461.0500 3.527989e+06
  461.0600 3.528083e+06
  461.0700 3.528177e+06
  461.0800 3.528271e+06
  461.0900 3.528366e+06
  461.1000 3.528460e+06
  461.1100 3.528554e+06
  461.1200 3.528648e+06
  461.1300 3.528742e+06
  461.1400 3.528836e+06
  461.1500 3.528930e+06
  461.1600 3.529025e+06
  461.1700 3.529119e+06
  461.1800 3.529213e+06
  461.1900 3.529307e+06
  461.2000 3.529401e+06
  461.2100 3.529495e+06
  461.2200 3.529590e+06
  461.2300 3.529684e+06
  461.2400 3.529778e+06
  461.2500 3.529872e+06
  461.2600 3.529966e+06
  461.2700 3.530060e+06
  461.2800 3.530154e+06
  461.2900 3.530249e+06
  461.3000 3.530343e+06
  461.3100 3.530437e+06
  461.3200 3.530531e+06
  461.3300 3.530625e+06
  461.3400 3.530719e+06
  461.3500 3.530814e+06
  461.3600 3.530908e+06
  461.3700 3.531002e+06
  461.3800 3.531096e+06
  461.3900 3.531190e+06
  461.4000 3.531284e+06
  461.4100 3.531379e+06
  461.4200 3.531473e+06
  461.4300 3.531567e+06
  461.4400 3.531661e+06
  461.4500 3.531755e+06
  461.4600 3.531849e+06
  461.4700 3.531944e+06
  461.4800 3.532038e+06
  461.4900 3.532132e+06
  461.5000 3.532226e+06
  461.5100 3.532320e+06
  461.5200 3.532414e+06
  461.5300 3.532509e+06
  461.5400 3.532603e+06
  461.5500 3.532697e+06
  461.5600 3.532791e+06
  461.5700 3.532885e+06
  461.5800 3.532979e+06
  461.5900 3.533074e+06
  461.6000 3.533168e+06
  461.6100 3.533262e+06
  461.6200 3.533356e+06
  461.6300 3.533450e+06
  461.6400 3.533544e+06
  461.6500 3.533639e+06
  461.6600 3.533733e+06
  461.6700 3.533827e+06
  461.6800 3.533921e+06
  461.6900 3.534015e+06
  461.7000 3.534109e+06
  461.7100 3.534204e+06
  461.7200 3.534298e+06
  461.7300 3.534392e+06
  461.7400 3.534486e+06
  461.7500 3.534580e+06
  461.7600 3.534674e+06
  461.7700 3.534769e+06
  461.7800 3.534863e+06
  461.7900 3.534957e+06
  461.8000 3.535051e+06
  461.8100 3.535145e+06
  461.8200 3.535240e+06
  461.8300 3.535334e+06
  461.8400 3.535428e+06
  461.8500 3.535522e+06
  461.8600 3.535616e+06
  461.8700 3.535710e+06
  461.8800 3.535805e+06
  461.8900 3.535899e+06
  461.9000 3.535993e+06
  461.9100 3.536087e+06
  461.9200 3.536181e+06
  461.9300 3.536275e+06
  461.9400 3.536370e+06
  461.9500 3.536464e+06
  461.9600 3.536558e+06
  461.9700 3.536652e+06
  461.9800 3.536746e+06
  461.9900 3.536841e+06
  462.0000 3.536935e+06
  462.0100 3.537029e+06
  462.0200 3.537123e+06
  462.0300 3.537217e+06
  462.0400 3.537311e+06
  462.0500 3.537406e+06
  462.0600 3.537500e+06
  462.0700 3.537594e+06
  462.0800 3.537688e+06
  462.0900 3.537782e+06
  462.1000 3.537877e+06
  462.1100 3.537971e+06
  462.1200 3.538065e+06
  462.1300 3.538159e+06
  462.1400 3.538253e+06
  462.1500 3.538348e+06
  462.1600 3.538442e+06
  462.1700 3.538536e+06
  462.1800 3.538630e+06
  462.1900 3.538724e+06
  462.2000 3.538818e+06
  462.2100 3.538913e+06
  462.2200 3.539007e+06
  462.2300 3.539101e+06
  462.2400 3.539195e+06
  462.2500 3.539289e+06
  462.2600 3.539384e+06
  462.2700 3.539478e+06
  462.2800 3.539572e+06
  462.2900 3.539666e+06
  462.3000 3.539760e+06
  462.3100 3.539855e+06
  462.3200 3.539949e+06
  462.3300 3.540043e+06
  462.3400 3.540137e+06
  462.3500 3.540231e+06
  462.3600 3.540326e+06
  462.3700 3.540420e+06
  462.3800 3.540514e+06
  462.3900 3.540608e+06
  462.4000 3.540702e+06
  462.4100 3.540797e+06
  462.4200 3.540891e+06
  462.4300 3.540985e+06
  462.4400 3.541079e+06
  462.4500 3.541173e+06
  462.4600 3.541268e+06
  462.4700 3.541362e+06
  462.4800 3.541456e+06
  462.4900 3.541550e+06
  462.5000 3.541644e+06
  462.5100 3.541738e+06
  462.5200 3.541833e+06
  462.5300 3.541927e+06
  462.5400 3.542021e+06
  462.5500 3.542115e+06
  462.5600 3.542209e+06
  462.5700 3.542304e+06
  462.5800 3.542398e+06
  462.5900 3.542492e+06
  462.6000 3.542586e+06
  462.6100 3.542681e+06
  462.6200 3.542775e+06
  462.6300 3.542869e+06
  462.6400 3.542963e+06
  462.6500 3.543057e+06
  462.6600 3.543152e+06
  462.6700 3.543246e+06
  462.6800 3.543340e+06
  462.6900 3.543434e+06
  462.7000 3.543528e+06
  462.7100 3.543623e+06
  462.7200 3.543717e+06
  462.7300 3.543811e+06
  462.7400 3.543905e+06
  462.7500 3.543999e+06
  462.7600 3.544094e+06
  462.7700 3.544188e+06
  462.7800 3.544282e+06
  462.7900 3.544376e+06
  462.8000 3.544470e+06
  462.8100 3.544565e+06
  462.8200 3.544659e+06
  462.8300 3.544753e+06
  462.8400 3.544847e+06
  462.8500 3.544941e+06
  462.8600 3.545036e+06
  462.8700 3.545130e+06
  462.8800 3.545224e+06
  462.8900 3.545318e+06
  462.9000 3.545412e+06
  462.9100 3.545507e+06
  462.9200 3.545601e+06
  462.9300 3.545695e+06
  462.9400 3.545789e+06
  462.9500 3.545884e+06
  462.9600 3.545978e+06
  462.9700 3.546072e+06
  462.9800 3.546166e+06
  462.9900 3.546260e+06
  463.0000 3.546355e+06
  463.0100 3.546449e+06
  463.0200 3.546543e+06
  463.0300 3.546637e+06
  463.0400 3.546731e+06
  463.0500 3.546826e+06
  463.0600 3.546920e+06
  463.0700 3.547014e+06
  463.0800 3.547108e+06
  463.0900 3.547203e+06
  463.1000 3.547297e+06
  463.1100 3.547391e+06
  463.1200 3.547485e+06
  463.1300 3.547579e+06
  463.1400 3.547674e+06
  463.1500 3.547768e+06
  463.1600 3.547862e+06
  463.1700 3.547956e+06
  463.1800 3.548051e+06
  463.1900 3.548145e+06
  463.2000 3.548239e+06
  463.2100 3.548333e+06
  463.2200 3.548427e+06
  463.2300 3.548522e+06
  463.2400 3.548616e+06
  463.2500 3.548710e+06
  463.2600 3.548804e+06
  463.2700 3.548899e+06
  463.2800 3.548993e+06
  463.2900 3.549087e+06
  463.3000 3.549181e+06
  463.3100 3.549275e+06
  463.3200 3.549370e+06
  463.3300 3.549464e+06
  463.3400 3.549558e+06
  463.3500 3.549652e+06
  463.3600 3.549747e+06
  463.3700 3.549841e+06
  463.3800 3.549935e+06
  463.3900 3.550029e+06
  463.4000 3.550123e+06
  463.4100 3.550218e+06
  463.4200 3.550312e+06
  463.4300 3.550406e+06
  463.4400 3.550500e+06
  463.4500 3.550595e+06
  463.4600 3.550689e+06
  463.4700 3.550783e+06
  463.4800 3.550877e+06
  463.4900 3.550971e+06
  463.5000 3.551066e+06
  463.5100 3.551160e+06
  463.5200 3.551254e+06
  463.5300 3.551348e+06
  463.5400 3.551443e+06
  463.5500 3.551537e+06
  463.5600 3.551631e+06
  463.5700 3.551725e+06
  463.5800 3.551820e+06
  463.5900 3.551914e+06
  463.6000 3.552008e+06
  463.6100 3.552102e+06
  463.6200 3.552196e+06
  463.6300 3.552291e+06
  463.6400 3.552385e+06
  463.6500 3.552479e+06
  463.6600 3.552573e+06
  463.6700 3.552668e+06
  463.6800 3.552762e+06
  463.6900 3.552856e+06
  463.7000 3.552950e+06
  463.7100 3.553045e+06
  463.7200 3.553139e+06
  463.7300 3.553233e+06
  463.7400 3.553327e+06
  463.7500 3.553422e+06
  463.7600 3.553516e+06
  463.7700 3.553610e+06
  463.7800 3.553704e+06
  463.7900 3.553798e+06
  463.8000 3.553893e+06
  463.8100 3.553987e+06
  463.8200 3.554081e+06
  463.8300 3.554175e+06
  463.8400 3.554270e+06
  463.8500 3.554364e+06
  463.8600 3.554458e+06
  463.8700 3.554552e+06
  463.8800 3.554647e+06
  463.8900 3.554741e+06
  463.9000 3.554835e+06
  463.9100 3.554929e+06
  463.9200 3.555024e+06
  463.9300 3.555118e+06
  463.9400 3.555212e+06
  463.9500 3.555306e+06
  463.9600 3.555401e+06
  463.9700 3.555495e+06
  463.9800 3.555589e+06
  463.9900 3.555683e+06
  464.0000 3.555778e+06
  464.0100 3.555872e+06
  464.0200 3.555966e+06
  464.0300 3.556060e+06
  464.0400 3.556154e+06
  464.0500 3.556249e+06
  464.0600 3.556343e+06
  464.0700 3.556437e+06
  464.0800 3.556531e+06
  464.0900 3.556626e+06
  464.1000 3.556720e+06
  464.1100 3.556814e+06
  464.1200 3.556908e+06
  464.1300 3.557003e+06
  464.1400 3.557097e+06
  464.1500 3.557191e+06
  464.1600 3.557285e+06
  464.1700 3.557380e+06
  464.1800 3.557474e+06
  464.1900 3.557568e+06
  464.2000 3.557662e+06
  464.2100 3.557757e+06
  464.2200 3.557851e+06
  464.2300 3.557945e+06
  464.2400 3.558039e+06
  464.2500 3.558134e+06
  464.2600 3.558228e+06
  464.2700 3.558322e+06
  464.2800 3.558416e+06
  464.2900 3.558511e+06
  464.3000 3.558605e+06
  464.3100 3.558699e+06
  464.3200 3.558793e+06
  464.3300 3.558888e+06
  464.3400 3.558982e+06
  464.3500 3.559076e+06
  464.3600 3.559170e+06
  464.3700 3.559265e+06
  464.3800 3.559359e+06
  464.3900 3.559453e+06
  464.4000 3.559547e+06
  464.4100 3.559642e+06
  464.4200 3.559736e+06
  464.4300 3.559830e+06
  464.4400 3.559924e+06
  464.4500 3.560019e+06
  464.4600 3.560113e+06
  464.4700 3.560207e+06
  464.4800 3.560302e+06
  464.4900 3.560396e+06
  464.5000 3.560490e+06
  464.5100 3.560584e+06
  464.5200 3.560679e+06
  464.5300 3.560773e+06
  464.5400 3.560867e+06
  464.5500 3.560961e+06
  464.5600 3.561056e+06
  464.5700 3.561150e+06
  464.5800 3.561244e+06
  464.5900 3.561338e+06
  464.6000 3.561433e+06
  464.6100 3.561527e+06
  464.6200 3.561621e+06
  464.6300 3.561715e+06
  464.6400 3.561810e+06
  464.6500 3.561904e+06
  464.6600 3.561998e+06
  464.6700 3.562092e+06
  464.6800 3.562187e+06
  464.6900 3.562281e+06
  464.7000 3.562375e+06
  464.7100 3.562469e+06
  464.7200 3.562564e+06
  464.7300 3.562658e+06
  464.7400 3.562752e+06
  464.7500 3.562847e+06
  464.7600 3.562941e+06
  464.7700 3.563035e+06
  464.7800 3.563129e+06
  464.7900 3.563224e+06
  464.8000 3.563318e+06
  464.8100 3.563412e+06
  464.8200 3.563506e+06
  464.8300 3.563601e+06
  464.8400 3.563695e+06
  464.8500 3.563789e+06
  464.8600 3.563883e+06
  464.8700 3.563978e+06
  464.8800 3.564072e+06
  464.8900 3.564166e+06
  464.9000 3.564260e+06
  464.9100 3.564355e+06
  464.9200 3.564449e+06
  464.9300 3.564543e+06
  464.9400 3.564638e+06
  464.9500 3.564732e+06
  464.9600 3.564826e+06
  464.9700 3.564920e+06
  464.9800 3.565015e+06
  464.9900 3.565109e+06
  465.0000 3.565203e+06
  465.0100 3.565297e+06
  465.0200 3.565392e+06
  465.0300 3.565486e+06
  465.0400 3.565580e+06
  465.0500 3.565675e+06
  465.0600 3.565769e+06
  465.0700 3.565863e+06
  465.0800 3.565957e+06
  465.0900 3.566052e+06
  465.1000 3.566146e+06
  465.1100 3.566240e+06
  465.1200 3.566334e+06
  465.1300 3.566429e+06
  465.1400 3.566523e+06
  465.1500 3.566617e+06
  465.1600 3.566712e+06
  465.1700 3.566806e+06
  465.1800 3.566900e+06
  465.1900 3.566994e+06
  465.2000 3.567089e+06
  465.2100 3.567183e+06
  465.2200 3.567277e+06
  465.2300 3.567371e+06
  465.2400 3.567466e+06
  465.2500 3.567560e+06
  465.2600 3.567654e+06
  465.2700 3.567749e+06
  465.2800 3.567843e+06
  465.2900 3.567937e+06
  465.3000 3.568031e+06
  465.3100 3.568126e+06
  465.3200 3.568220e+06
  465.3300 3.568314e+06
  465.3400 3.568408e+06
  465.3500 3.568503e+06
  465.3600 3.568597e+06
  465.3700 3.568691e+06
  465.3800 3.568786e+06
  465.3900 3.568880e+06
  465.4000 3.568974e+06
  465.4100 3.569068e+06
  465.4200 3.569163e+06
  465.4300 3.569257e+06
  465.4400 3.569351e+06
  465.4500 3.569446e+06
  465.4600 3.569540e+06
  465.4700 3.569634e+06
  465.4800 3.569728e+06
  465.4900 3.569823e+06
  465.5000 3.569917e+06
  465.5100 3.570011e+06
  465.5200 3.570105e+06
  465.5300 3.570200e+06
  465.5400 3.570294e+06
  465.5500 3.570388e+06
  465.5600 3.570483e+06
  465.5700 3.570577e+06
  465.5800 3.570671e+06
  465.5900 3.570765e+06
  465.6000 3.570860e+06
  465.6100 3.570954e+06
  465.6200 3.571048e+06
  465.6300 3.571143e+06
  465.6400 3.571237e+06
  465.6500 3.571331e+06
  465.6600 3.571425e+06
  465.6700 3.571520e+06
  465.6800 3.571614e+06
  465.6900 3.571708e+06
  465.7000 3.571803e+06
  465.7100 3.571897e+06
  465.7200 3.571991e+06
  465.7300 3.572085e+06
  465.7400 3.572180e+06
  465.7500 3.572274e+06
  465.7600 3.572368e+06
  465.7700 3.572463e+06
  465.7800 3.572557e+06
  465.7900 3.572651e+06
  465.8000 3.572745e+06
  465.8100 3.572840e+06
  465.8200 3.572934e+06
  465.8300 3.573028e+06
  465.8400 3.573123e+06
  465.8500 3.573217e+06
  465.8600 3.573311e+06
  465.8700 3.573405e+06
  465.8800 3.573500e+06
  465.8900 3.573594e+06
  465.9000 3.573688e+06
  465.9100 3.573783e+06
  465.9200 3.573877e+06
  465.9300 3.573971e+06
  465.9400 3.574066e+06
  465.9500 3.574160e+06
  465.9600 3.574254e+06
  465.9700 3.574348e+06
  465.9800 3.574443e+06
  465.9900 3.574537e+06
  466.0000 3.574631e+06
  466.0100 3.574726e+06
  466.0200 3.574820e+06
  466.0300 3.574914e+06
  466.0400 3.575008e+06
  466.0500 3.575103e+06
  466.0600 3.575197e+06
  466.0700 3.575291e+06
  466.0800 3.575386e+06
  466.0900 3.575480e+06
  466.1000 3.575574e+06
  466.1100 3.575669e+06
  466.1200 3.575763e+06
  466.1300 3.575857e+06
  466.1400 3.575951e+06
  466.1500 3.576046e+06
  466.1600 3.576140e+06
  466.1700 3.576234e+06
  466.1800 3.576329e+06
  466.1900 3.576423e+06
  466.2000 3.576517e+06
  466.2100 3.576611e+06
  466.2200 3.576706e+06
  466.2300 3.576800e+06
  466.2400 3.576894e+06
  466.2500 3.576989e+06
  466.2600 3.577083e+06
  466.2700 3.577177e+06
  466.2800 3.577272e+06
  466.2900 3.577366e+06
  466.3000 3.577460e+06
  466.3100 3.577554e+06
  466.3200 3.577649e+06
  466.3300 3.577743e+06
  466.3400 3.577837e+06
  466.3500 3.577932e+06
  466.3600 3.578026e+06
  466.3700 3.578120e+06
  466.3800 3.578215e+06
  466.3900 3.578309e+06
  466.4000 3.578403e+06
  466.4100 3.578497e+06
  466.4200 3.578592e+06
  466.4300 3.578686e+06
  466.4400 3.578780e+06
  466.4500 3.578875e+06
  466.4600 3.578969e+06
  466.4700 3.579063e+06
  466.4800 3.579158e+06
  466.4900 3.579252e+06
  466.5000 3.579346e+06
  466.5100 3.579440e+06
  466.5200 3.579535e+06
  466.5300 3.579629e+06
  466.5400 3.579723e+06
  466.5500 3.579818e+06
  466.5600 3.579912e+06
  466.5700 3.580006e+06
  466.5800 3.580101e+06
  466.5900 3.580195e+06
  466.6000 3.580289e+06
  466.6100 3.580384e+06
  466.6200 3.580478e+06
  466.6300 3.580572e+06
  466.6400 3.580666e+06
  466.6500 3.580761e+06
  466.6600 3.580855e+06
  466.6700 3.580949e+06
  466.6800 3.581044e+06
  466.6900 3.581138e+06
  466.7000 3.581232e+06
  466.7100 3.581327e+06
  466.7200 3.581421e+06
  466.7300 3.581515e+06
  466.7400 3.581610e+06
  466.7500 3.581704e+06
  466.7600 3.581798e+06
  466.7700 3.581892e+06
  466.7800 3.581987e+06
  466.7900 3.582081e+06
  466.8000 3.582175e+06
  466.8100 3.582270e+06
  466.8200 3.582364e+06
  466.8300 3.582458e+06
  466.8400 3.582553e+06
  466.8500 3.582647e+06
  466.8600 3.582741e+06
  466.8700 3.582836e+06
  466.8800 3.582930e+06
  466.8900 3.583024e+06
  466.9000 3.583118e+06
  466.9100 3.583213e+06
  466.9200 3.583307e+06
  466.9300 3.583401e+06
  466.9400 3.583496e+06
  466.9500 3.583590e+06
  466.9600 3.583684e+06
  466.9700 3.583779e+06
  466.9800 3.583873e+06
  466.9900 3.583967e+06
  467.0000 3.584062e+06
  467.0100 3.584156e+06
  467.0200 3.584250e+06
  467.0300 3.584345e+06
  467.0400 3.584439e+06
  467.0500 3.584533e+06
  467.0600 3.584627e+06
  467.0700 3.584722e+06
  467.0800 3.584816e+06
  467.0900 3.584910e+06
  467.1000 3.585005e+06
  467.1100 3.585099e+06
  467.1200 3.585193e+06
  467.1300 3.585288e+06
  467.1400 3.585382e+06
  467.1500 3.585476e+06
  467.1600 3.585571e+06
  467.1700 3.585665e+06
  467.1800 3.585759e+06
  467.1900 3.585854e+06
  467.2000 3.585948e+06
  467.2100 3.586042e+06
  467.2200 3.586137e+06
  467.2300 3.586231e+06
  467.2400 3.586325e+06
  467.2500 3.586419e+06
  467.2600 3.586514e+06
  467.2700 3.586608e+06
  467.2800 3.586702e+06
  467.2900 3.586797e+06
  467.3000 3.586891e+06
  467.3100 3.586985e+06
  467.3200 3.587080e+06
  467.3300 3.587174e+06
  467.3400 3.587268e+06
  467.3500 3.587363e+06
  467.3600 3.587457e+06
  467.3700 3.587551e+06
  467.3800 3.587646e+06
  467.3900 3.587740e+06
  467.4000 3.587834e+06
  467.4100 3.587929e+06
  467.4200 3.588023e+06
  467.4300 3.588117e+06
  467.4400 3.588212e+06
  467.4500 3.588306e+06
  467.4600 3.588400e+06
  467.4700 3.588495e+06
  467.4800 3.588589e+06
  467.4900 3.588683e+06
  467.5000 3.588777e+06
  467.5100 3.588872e+06
  467.5200 3.588966e+06
  467.5300 3.589060e+06
  467.5400 3.589155e+06
  467.5500 3.589249e+06
  467.5600 3.589343e+06
  467.5700 3.589438e+06
  467.5800 3.589532e+06
  467.5900 3.589626e+06
  467.6000 3.589721e+06
  467.6100 3.589815e+06
  467.6200 3.589909e+06
  467.6300 3.590004e+06
  467.6400 3.590098e+06
  467.6500 3.590192e+06
  467.6600 3.590287e+06
  467.6700 3.590381e+06
  467.6800 3.590475e+06
  467.6900 3.590570e+06
  467.7000 3.590664e+06
  467.7100 3.590758e+06
  467.7200 3.590853e+06
  467.7300 3.590947e+06
  467.7400 3.591041e+06
  467.7500 3.591136e+06
  467.7600 3.591230e+06
  467.7700 3.591324e+06
  467.7800 3.591419e+06
  467.7900 3.591513e+06
  467.8000 3.591607e+06
  467.8100 3.591702e+06
  467.8200 3.591796e+06
  467.8300 3.591890e+06
  467.8400 3.591985e+06
  467.8500 3.592079e+06
  467.8600 3.592173e+06
  467.8700 3.592268e+06
  467.8800 3.592362e+06
  467.8900 3.592456e+06
  467.9000 3.592551e+06
  467.9100 3.592645e+06
  467.9200 3.592739e+06
  467.9300 3.592834e+06
  467.9400 3.592928e+06
  467.9500 3.593022e+06
  467.9600 3.593117e+06
  467.9700 3.593211e+06
  467.9800 3.593305e+06
  467.9900 3.593400e+06
  468.0000 3.593494e+06
  468.0100 3.593588e+06
  468.0200 3.593683e+06
  468.0300 3.593777e+06
  468.0400 3.593871e+06
  468.0500 3.593965e+06
  468.0600 3.594060e+06
  468.0700 3.594154e+06
  468.0800 3.594248e+06
  468.0900 3.594343e+06
  468.1000 3.594437e+06
  468.1100 3.594531e+06
  468.1200 3.594626e+06
  468.1300 3.594720e+06
  468.1400 3.594814e+06
  468.1500 3.594909e+06
  468.1600 3.595003e+06
  468.1700 3.595097e+06
  468.1800 3.595192e+06
  468.1900 3.595286e+06
  468.2000 3.595380e+06
  468.2100 3.595475e+06
  468.2200 3.595569e+06
  468.2300 3.595663e+06
  468.2400 3.595758e+06
  468.2500 3.595852e+06
  468.2600 3.595947e+06
  468.2700 3.596041e+06
  468.2800 3.596135e+06
  468.2900 3.596230e+06
  468.3000 3.596324e+06
  468.3100 3.596418e+06
  468.3200 3.596513e+06
  468.3300 3.596607e+06
  468.3400 3.596701e+06
  468.3500 3.596796e+06
  468.3600 3.596890e+06
  468.3700 3.596984e+06
  468.3800 3.597079e+06
  468.3900 3.597173e+06
  468.4000 3.597267e+06
  468.4100 3.597362e+06
  468.4200 3.597456e+06
  468.4300 3.597550e+06
  468.4400 3.597645e+06
  468.4500 3.597739e+06
  468.4600 3.597833e+06
  468.4700 3.597928e+06
  468.4800 3.598022e+06
  468.4900 3.598116e+06
  468.5000 3.598211e+06
  468.5100 3.598305e+06
  468.5200 3.598399e+06
  468.5300 3.598494e+06
  468.5400 3.598588e+06
  468.5500 3.598682e+06
  468.5600 3.598777e+06
  468.5700 3.598871e+06
  468.5800 3.598965e+06
  468.5900 3.599060e+06
  468.6000 3.599154e+06
  468.6100 3.599248e+06
  468.6200 3.599343e+06
  468.6300 3.599437e+06
  468.6400 3.599531e+06
  468.6500 3.599626e+06
  468.6600 3.599720e+06
  468.6700 3.599814e+06
  468.6800 3.599909e+06
  468.6900 3.600003e+06
  468.7000 3.600097e+06
  468.7100 3.600192e+06
  468.7200 3.600286e+06
  468.7300 3.600380e+06
  468.7400 3.600475e+06
  468.7500 3.600569e+06
  468.7600 3.600663e+06
  468.7700 3.600758e+06
  468.7800 3.600852e+06
  468.7900 3.600946e+06
  468.8000 3.601041e+06
  468.8100 3.601135e+06
  468.8200 3.601230e+06
  468.8300 3.601324e+06
  468.8400 3.601418e+06
  468.8500 3.601513e+06
  468.8600 3.601607e+06
  468.8700 3.601701e+06
  468.8800 3.601796e+06
  468.8900 3.601890e+06
  468.9000 3.601984e+06
  468.9100 3.602079e+06
  468.9200 3.602173e+06
  468.9300 3.602267e+06
  468.9400 3.602362e+06
  468.9500 3.602456e+06
  468.9600 3.602550e+06
  468.9700 3.602645e+06
  468.9800 3.602739e+06
  468.9900 3.602833e+06
  469.0000 3.602928e+06
  469.0100 3.603022e+06
  469.0200 3.603116e+06
  469.0300 3.603211e+06
  469.0400 3.603305e+06
  469.0500 3.603399e+06
  469.0600 3.603494e+06
  469.0700 3.603588e+06
  469.0800 3.603682e+06
  469.0900 3.603777e+06
  469.1000 3.603871e+06
  469.1100 3.603966e+06
  469.1200 3.604060e+06
  469.1300 3.604154e+06
  469.1400 3.604249e+06
  469.1500 3.604343e+06
  469.1600 3.604437e+06
  469.1700 3.604532e+06
  469.1800 3.604626e+06
  469.1900 3.604720e+06
  469.2000 3.604815e+06
  469.2100 3.604909e+06
  469.2200 3.605003e+06
  469.2300 3.605098e+06
  469.2400 3.605192e+06
  469.2500 3.605286e+06
  469.2600 3.605381e+06
  469.2700 3.605475e+06
  469.2800 3.605569e+06
  469.2900 3.605664e+06
  469.3000 3.605758e+06
  469.3100 3.605853e+06
  469.3200 3.605947e+06
  469.3300 3.606041e+06
  469.3400 3.606136e+06
  469.3500 3.606230e+06
  469.3600 3.606324e+06
  469.3700 3.606419e+06
  469.3800 3.606513e+06
  469.3900 3.606607e+06
  469.4000 3.606702e+06
  469.4100 3.606796e+06
  469.4200 3.606890e+06
  469.4300 3.606985e+06
  469.4400 3.607079e+06
  469.4500 3.607173e+06
  469.4600 3.607268e+06
  469.4700 3.607362e+06
  469.4800 3.607456e+06
  469.4900 3.607551e+06
  469.5000 3.607645e+06
  469.5100 3.607740e+06
  469.5200 3.607834e+06
  469.5300 3.607928e+06
  469.5400 3.608023e+06
  469.5500 3.608117e+06
  469.5600 3.608211e+06
  469.5700 3.608306e+06
  469.5800 3.608400e+06
  469.5900 3.608494e+06
  469.6000 3.608589e+06
  469.6100 3.608683e+06
  469.6200 3.608777e+06
  469.6300 3.608872e+06
  469.6400 3.608966e+06
  469.6500 3.609060e+06
  469.6600 3.609155e+06
  469.6700 3.609249e+06
  469.6800 3.609344e+06
  469.6900 3.609438e+06
  469.7000 3.609532e+06
  469.7100 3.609627e+06
  469.7200 3.609721e+06
  469.7300 3.609815e+06
  469.7400 3.609910e+06
  469.7500 3.610004e+06
  469.7600 3.610098e+06
  469.7700 3.610193e+06
  469.7800 3.610287e+06
  469.7900 3.610381e+06
  469.8000 3.610476e+06
  469.8100 3.610570e+06
  469.8200 3.610665e+06
  469.8300 3.610759e+06
  469.8400 3.610853e+06
  469.8500 3.610948e+06
  469.8600 3.611042e+06
  469.8700 3.611136e+06
  469.8800 3.611231e+06
  469.8900 3.611325e+06
  469.9000 3.611419e+06
  469.9100 3.611514e+06
  469.9200 3.611608e+06
  469.9300 3.611702e+06
  469.9400 3.611797e+06
  469.9500 3.611891e+06
  469.9600 3.611986e+06
  469.9700 3.612080e+06
  469.9800 3.612174e+06
  469.9900 3.612269e+06
  470.0000 3.612363e+06
  470.0100 3.612457e+06
  470.0200 3.612552e+06
  470.0300 3.612646e+06
  470.0400 3.612740e+06
  470.0500 3.612835e+06
  470.0600 3.612929e+06
  470.0700 3.613023e+06
  470.0800 3.613118e+06
  470.0900 3.613212e+06
  470.1000 3.613307e+06
  470.1100 3.613401e+06
  470.1200 3.613495e+06
  470.1300 3.613590e+06
  470.1400 3.613684e+06
  470.1500 3.613778e+06
  470.1600 3.613873e+06
  470.1700 3.613967e+06
  470.1800 3.614061e+06
  470.1900 3.614156e+06
  470.2000 3.614250e+06
  470.2100 3.614345e+06
  470.2200 3.614439e+06
  470.2300 3.614533e+06
  470.2400 3.614628e+06
  470.2500 3.614722e+06
  470.2600 3.614816e+06
  470.2700 3.614911e+06
  470.2800 3.615005e+06
  470.2900 3.615099e+06
  470.3000 3.615194e+06
  470.3100 3.615288e+06
  470.3200 3.615382e+06
  470.3300 3.615477e+06
  470.3400 3.615571e+06
  470.3500 3.615666e+06
  470.3600 3.615760e+06
  470.3700 3.615854e+06
  470.3800 3.615949e+06
  470.3900 3.616043e+06
  470.4000 3.616137e+06
  470.4100 3.616232e+06
  470.4200 3.616326e+06
  470.4300 3.616420e+06
  470.4400 3.616515e+06
  470.4500 3.616609e+06
  470.4600 3.616704e+06
  470.4700 3.616798e+06
  470.4800 3.616892e+06
  470.4900 3.616987e+06
  470.5000 3.617081e+06
  470.5100 3.617175e+06
  470.5200 3.617270e+06
  470.5300 3.617364e+06
  470.5400 3.617458e+06
  470.5500 3.617553e+06
  470.5600 3.617647e+06
  470.5700 3.617742e+06
  470.5800 3.617836e+06
  470.5900 3.617930e+06
  470.6000 3.618025e+06
  470.6100 3.618119e+06
  470.6200 3.618213e+06
  470.6300 3.618308e+06
  470.6400 3.618402e+06
  470.6500 3.618496e+06
  470.6600 3.618591e+06
  470.6700 3.618685e+06
  470.6800 3.618780e+06
  470.6900 3.618874e+06
  470.7000 3.618968e+06
  470.7100 3.619063e+06
  470.7200 3.619157e+06
  470.7300 3.619251e+06
  470.7400 3.619346e+06
  470.7500 3.619440e+06
  470.7600 3.619534e+06
  470.7700 3.619629e+06
  470.7800 3.619723e+06
  470.7900 3.619818e+06
  470.8000 3.619912e+06
  470.8100 3.620006e+06
  470.8200 3.620101e+06
  470.8300 3.620195e+06
  470.8400 3.620289e+06
  470.8500 3.620384e+06
  470.8600 3.620478e+06
  470.8700 3.620573e+06
  470.8800 3.620667e+06
  470.8900 3.620761e+06
  470.9000 3.620856e+06
  470.9100 3.620950e+06
  470.9200 3.621044e+06
  470.9300 3.621139e+06
  470.9400 3.621233e+06
  470.9500 3.621327e+06
  470.9600 3.621422e+06
  470.9700 3.621516e+06
  470.9800 3.621611e+06
  470.9900 3.621705e+06
  471.0000 3.621799e+06
  471.0100 3.621894e+06
  471.0200 3.621988e+06
  471.0300 3.622082e+06
  471.0400 3.622177e+06
  471.0500 3.622271e+06
  471.0600 3.622365e+06
  471.0700 3.622460e+06
  471.0800 3.622554e+06
  471.0900 3.622649e+06
  471.1000 3.622743e+06
  471.1100 3.622837e+06
  471.1200 3.622932e+06
  471.1300 3.623026e+06
  471.1400 3.623120e+06
  471.1500 3.623215e+06
  471.1600 3.623309e+06
  471.1700 3.623404e+06
  471.1800 3.623498e+06
  471.1900 3.623592e+06
  471.2000 3.623687e+06
  471.2100 3.623781e+06
  471.2200 3.623875e+06
  471.2300 3.623970e+06
  471.2400 3.624064e+06
  471.2500 3.624158e+06
  471.2600 3.624253e+06
  471.2700 3.624347e+06
  471.2800 3.624442e+06
  471.2900 3.624536e+06
  471.3000 3.624630e+06
  471.3100 3.624725e+06
  471.3200 3.624819e+06
  471.3300 3.624913e+06
  471.3400 3.625008e+06
  471.3500 3.625102e+06
  471.3600 3.625197e+06
  471.3700 3.625291e+06
  471.3800 3.625385e+06
  471.3900 3.625480e+06
  471.4000 3.625574e+06
  471.4100 3.625668e+06
  471.4200 3.625763e+06
  471.4300 3.625857e+06
  471.4400 3.625952e+06
  471.4500 3.626046e+06
  471.4600 3.626140e+06
  471.4700 3.626235e+06
  471.4800 3.626329e+06
  471.4900 3.626423e+06
  471.5000 3.626518e+06
  471.5100 3.626612e+06
  471.5200 3.626707e+06
  471.5300 3.626801e+06
  471.5400 3.626895e+06
  471.5500 3.626990e+06
  471.5600 3.627084e+06
  471.5700 3.627178e+06
  471.5800 3.627273e+06
  471.5900 3.627367e+06
  471.6000 3.627461e+06
  471.6100 3.627556e+06
  471.6200 3.627650e+06
  471.6300 3.627745e+06
  471.6400 3.627839e+06
  471.6500 3.627933e+06
  471.6600 3.628028e+06
  471.6700 3.628122e+06
  471.6800 3.628216e+06
  471.6900 3.628311e+06
  471.7000 3.628405e+06
  471.7100 3.628500e+06
  471.7200 3.628594e+06
  471.7300 3.628688e+06
  471.7400 3.628783e+06
  471.7500 3.628877e+06
  471.7600 3.628971e+06
  471.7700 3.629066e+06
  471.7800 3.629160e+06
  471.7900 3.629255e+06
  471.8000 3.629349e+06
  471.8100 3.629443e+06
  471.8200 3.629538e+06
  471.8300 3.629632e+06
  471.8400 3.629726e+06
  471.8500 3.629821e+06
  471.8600 3.629915e+06
  471.8700 3.630010e+06
  471.8800 3.630104e+06
  471.8900 3.630198e+06
  471.9000 3.630293e+06
  471.9100 3.630387e+06
  471.9200 3.630481e+06
  471.9300 3.630576e+06
  471.9400 3.630670e+06
  471.9500 3.630765e+06
  471.9600 3.630859e+06
  471.9700 3.630953e+06
  471.9800 3.631048e+06
  471.9900 3.631142e+06
  472.0000 3.631236e+06
  472.0100 3.631331e+06
  472.0200 3.631425e+06
  472.0300 3.631520e+06
  472.0400 3.631614e+06
  472.0500 3.631708e+06
  472.0600 3.631803e+06
  472.0700 3.631897e+06
  472.0800 3.631991e+06
  472.0900 3.632086e+06
  472.1000 3.632180e+06
  472.1100 3.632275e+06
  472.1200 3.632369e+06
  472.1300 3.632463e+06
  472.1400 3.632558e+06
  472.1500 3.632652e+06
  472.1600 3.632746e+06
  472.1700 3.632841e+06
  472.1800 3.632935e+06
  472.1900 3.633030e+06
  472.2000 3.633124e+06
  472.2100 3.633218e+06
  472.2200 3.633313e+06
  472.2300 3.633407e+06
  472.2400 3.633501e+06
  472.2500 3.633596e+06
  472.2600 3.633690e+06
  472.2700 3.633785e+06
  472.2800 3.633879e+06
  472.2900 3.633973e+06
  472.3000 3.634068e+06
  472.3100 3.634162e+06
  472.3200 3.634256e+06
  472.3300 3.634351e+06
  472.3400 3.634445e+06
  472.3500 3.634540e+06
  472.3600 3.634634e+06
  472.3700 3.634728e+06
  472.3800 3.634823e+06
  472.3900 3.634917e+06
  472.4000 3.635011e+06
  472.4100 3.635106e+06
  472.4200 3.635200e+06
  472.4300 3.635295e+06
  472.4400 3.635389e+06
  472.4500 3.635483e+06
  472.4600 3.635578e+06
  472.4700 3.635672e+06
  472.4800 3.635766e+06
  472.4900 3.635861e+06
  472.5000 3.635955e+06
  472.5100 3.636050e+06
  472.5200 3.636144e+06
  472.5300 3.636238e+06
  472.5400 3.636333e+06
  472.5500 3.636427e+06
  472.5600 3.636521e+06
  472.5700 3.636616e+06
  472.5800 3.636710e+06
  472.5900 3.636805e+06
  472.6000 3.636899e+06
  472.6100 3.636993e+06
  472.6200 3.637088e+06
  472.6300 3.637182e+06
  472.6400 3.637276e+06
  472.6500 3.637371e+06
  472.6600 3.637465e+06
  472.6700 3.637560e+06
  472.6800 3.637654e+06
  472.6900 3.637748e+06
  472.7000 3.637843e+06
  472.7100 3.637937e+06
  472.7200 3.638031e+06
  472.7300 3.638126e+06
  472.7400 3.638220e+06
  472.7500 3.638315e+06
  472.7600 3.638409e+06
  472.7700 3.638503e+06
  472.7800 3.638598e+06
  472.7900 3.638692e+06
  472.8000 3.638787e+06
  472.8100 3.638881e+06
  472.8200 3.638975e+06
  472.8300 3.639070e+06
  472.8400 3.639164e+06
  472.8500 3.639258e+06
  472.8600 3.639353e+06
  472.8700 3.639447e+06
  472.8800 3.639542e+06
  472.8900 3.639636e+06
  472.9000 3.639730e+06
  472.9100 3.639825e+06
  472.9200 3.639919e+06
  472.9300 3.640013e+06
  472.9400 3.640108e+06
  472.9500 3.640202e+06
  472.9600 3.640297e+06
  472.9700 3.640391e+06
  472.9800 3.640485e+06
  472.9900 3.640580e+06
  473.0000 3.640674e+06
  473.0100 3.640768e+06
  473.0200 3.640863e+06
  473.0300 3.640957e+06
  473.0400 3.641052e+06
  473.0500 3.641146e+06
  473.0600 3.641240e+06
  473.0700 3.641335e+06
  473.0800 3.641429e+06
  473.0900 3.641523e+06
  473.1000 3.641618e+06
  473.1100 3.641712e+06
  473.1200 3.641807e+06
  473.1300 3.641901e+06
  473.1400 3.641995e+06
  473.1500 3.642090e+06
  473.1600 3.642184e+06
  473.1700 3.642278e+06
  473.1800 3.642373e+06
  473.1900 3.642467e+06
  473.2000 3.642562e+06
  473.2100 3.642656e+06
  473.2200 3.642750e+06
  473.2300 3.642845e+06
  473.2400 3.642939e+06
  473.2500 3.643034e+06
  473.2600 3.643128e+06
  473.2700 3.643222e+06
  473.2800 3.643317e+06
  473.2900 3.643411e+06
  473.3000 3.643505e+06
  473.3100 3.643600e+06
  473.3200 3.643694e+06
  473.3300 3.643789e+06
  473.3400 3.643883e+06
  473.3500 3.643977e+06
  473.3600 3.644072e+06
  473.3700 3.644166e+06
  473.3800 3.644260e+06
  473.3900 3.644355e+06
  473.4000 3.644449e+06
  473.4100 3.644544e+06
  473.4200 3.644638e+06
  473.4300 3.644732e+06
  473.4400 3.644827e+06
  473.4500 3.644921e+06
  473.4600 3.645015e+06
  473.4700 3.645110e+06
  473.4800 3.645204e+06
  473.4900 3.645299e+06
  473.5000 3.645393e+06
  473.5100 3.645487e+06
  473.5200 3.645582e+06
  473.5300 3.645676e+06
  473.5400 3.645771e+06
  473.5500 3.645865e+06
  473.5600 3.645959e+06
  473.5700 3.646054e+06
  473.5800 3.646148e+06
  473.5900 3.646242e+06
  473.6000 3.646337e+06
  473.6100 3.646431e+06
  473.6200 3.646526e+06
  473.6300 3.646620e+06
  473.6400 3.646714e+06
  473.6500 3.646809e+06
  473.6600 3.646903e+06
  473.6700 3.646997e+06
  473.6800 3.647092e+06
  473.6900 3.647186e+06
  473.7000 3.647281e+06
  473.7100 3.647375e+06
  473.7200 3.647469e+06
  473.7300 3.647564e+06
  473.7400 3.647658e+06
  473.7500 3.647752e+06
  473.7600 3.647847e+06
  473.7700 3.647941e+06
  473.7800 3.648036e+06
  473.7900 3.648130e+06
  473.8000 3.648224e+06
  473.8100 3.648319e+06
  473.8200 3.648413e+06
  473.8300 3.648508e+06
  473.8400 3.648602e+06
  473.8500 3.648696e+06
  473.8600 3.648791e+06
  473.8700 3.648885e+06
  473.8800 3.648979e+06
  473.8900 3.649074e+06
  473.9000 3.649168e+06
  473.9100 3.649263e+06
  473.9200 3.649357e+06
  473.9300 3.649451e+06
  473.9400 3.649546e+06
  473.9500 3.649640e+06
  473.9600 3.649734e+06
  473.9700 3.649829e+06
  473.9800 3.649923e+06
  473.9900 3.650018e+06
  474.0000 3.650112e+06
  474.0100 3.650206e+06
  474.0200 3.650301e+06
  474.0300 3.650395e+06
  474.0400 3.650489e+06
  474.0500 3.650584e+06
  474.0600 3.650678e+06
  474.0700 3.650773e+06
  474.0800 3.650867e+06
  474.0900 3.650961e+06
  474.1000 3.651056e+06
  474.1100 3.651150e+06
  474.1200 3.651245e+06
  474.1300 3.651339e+06
  474.1400 3.651433e+06
  474.1500 3.651528e+06
  474.1600 3.651622e+06
  474.1700 3.651716e+06
  474.1800 3.651811e+06
  474.1900 3.651905e+06
  474.2000 3.652000e+06
  474.2100 3.652094e+06
  474.2200 3.652188e+06
  474.2300 3.652283e+06
  474.2400 3.652377e+06
  474.2500 3.652471e+06
  474.2600 3.652566e+06
  474.2700 3.652660e+06
  474.2800 3.652755e+06
  474.2900 3.652849e+06
  474.3000 3.652943e+06
  474.3100 3.653038e+06
  474.3200 3.653132e+06
  474.3300 3.653226e+06
  474.3400 3.653321e+06
  474.3500 3.653415e+06
  474.3600 3.653510e+06
  474.3700 3.653604e+06
  474.3800 3.653698e+06
  474.3900 3.653793e+06
  474.4000 3.653887e+06
  474.4100 3.653982e+06
  474.4200 3.654076e+06
  474.4300 3.654170e+06
  474.4400 3.654265e+06
  474.4500 3.654359e+06
  474.4600 3.654453e+06
  474.4700 3.654548e+06
  474.4800 3.654642e+06
  474.4900 3.654737e+06
  474.5000 3.654831e+06
  474.5100 3.654925e+06
  474.5200 3.655020e+06
  474.5300 3.655114e+06
  474.5400 3.655208e+06
  474.5500 3.655303e+06
  474.5600 3.655397e+06
  474.5700 3.655492e+06
  474.5800 3.655586e+06
  474.5900 3.655680e+06
  474.6000 3.655775e+06
  474.6100 3.655869e+06
  474.6200 3.655963e+06
  474.6300 3.656058e+06
  474.6400 3.656152e+06
  474.6500 3.656247e+06
  474.6600 3.656341e+06
  474.6700 3.656435e+06
  474.6800 3.656530e+06
  474.6900 3.656624e+06
  474.7000 3.656719e+06
  474.7100 3.656813e+06
  474.7200 3.656907e+06
  474.7300 3.657002e+06
  474.7400 3.657096e+06
  474.7500 3.657190e+06
  474.7600 3.657285e+06
  474.7700 3.657379e+06
  474.7800 3.657474e+06
  474.7900 3.657568e+06
  474.8000 3.657662e+06
  474.8100 3.657757e+06
  474.8200 3.657851e+06
  474.8300 3.657945e+06
  474.8400 3.658040e+06
  474.8500 3.658134e+06
  474.8600 3.658229e+06
  474.8700 3.658323e+06
  474.8800 3.658417e+06
  474.8900 3.658512e+06
  474.9000 3.658606e+06
  474.9100 3.658700e+06
  474.9200 3.658795e+06
  474.9300 3.658889e+06
  474.9400 3.658984e+06
  474.9500 3.659078e+06
  474.9600 3.659172e+06
  474.9700 3.659267e+06
  474.9800 3.659361e+06
  474.9900 3.659455e+06
  475.0000 3.659550e+06
  475.0100 3.659644e+06
  475.0200 3.659739e+06
  475.0300 3.659833e+06
  475.0400 3.659927e+06
  475.0500 3.660022e+06
  475.0600 3.660116e+06
  475.0700 3.660210e+06
  475.0800 3.660305e+06
  475.0900 3.660399e+06
  475.1000 3.660494e+06
  475.1100 3.660588e+06
  475.1200 3.660682e+06
  475.1300 3.660777e+06
  475.1400 3.660871e+06
  475.1500 3.660966e+06
  475.1600 3.661060e+06
  475.1700 3.661154e+06
  475.1800 3.661249e+06
  475.1900 3.661343e+06
  475.2000 3.661437e+06
  475.2100 3.661532e+06
  475.2200 3.661626e+06
  475.2300 3.661721e+06
  475.2400 3.661815e+06
  475.2500 3.661909e+06
  475.2600 3.662004e+06
  475.2700 3.662098e+06
  475.2800 3.662192e+06
  475.2900 3.662287e+06
  475.3000 3.662381e+06
  475.3100 3.662476e+06
  475.3200 3.662570e+06
  475.3300 3.662664e+06
  475.3400 3.662759e+06
  475.3500 3.662853e+06
  475.3600 3.662947e+06
  475.3700 3.663042e+06
  475.3800 3.663136e+06
  475.3900 3.663231e+06
  475.4000 3.663325e+06
  475.4100 3.663419e+06
  475.4200 3.663514e+06
  475.4300 3.663608e+06
  475.4400 3.663702e+06
  475.4500 3.663797e+06
  475.4600 3.663891e+06
  475.4700 3.663986e+06
  475.4800 3.664080e+06
  475.4900 3.664174e+06
  475.5000 3.664269e+06
  475.5100 3.664363e+06
  475.5200 3.664457e+06
  475.5300 3.664552e+06
  475.5400 3.664646e+06
  475.5500 3.664741e+06
  475.5600 3.664835e+06
  475.5700 3.664929e+06
  475.5800 3.665024e+06
  475.5900 3.665118e+06
  475.6000 3.665212e+06
  475.6100 3.665307e+06
  475.6200 3.665401e+06
  475.6300 3.665496e+06
  475.6400 3.665590e+06
  475.6500 3.665684e+06
  475.6600 3.665779e+06
  475.6700 3.665873e+06
  475.6800 3.665967e+06
  475.6900 3.666062e+06
  475.7000 3.666156e+06
  475.7100 3.666251e+06
  475.7200 3.666345e+06
  475.7300 3.666439e+06
  475.7400 3.666534e+06
  475.7500 3.666628e+06
  475.7600 3.666722e+06
  475.7700 3.666817e+06
  475.7800 3.666911e+06
  475.7900 3.667006e+06
  475.8000 3.667100e+06
  475.8100 3.667194e+06
  475.8200 3.667289e+06
  475.8300 3.667383e+06
  475.8400 3.667477e+06
  475.8500 3.667572e+06
  475.8600 3.667666e+06
  475.8700 3.667761e+06
  475.8800 3.667855e+06
  475.8900 3.667949e+06
  475.9000 3.668044e+06
  475.9100 3.668138e+06
  475.9200 3.668232e+06
  475.9300 3.668327e+06
  475.9400 3.668421e+06
  475.9500 3.668516e+06
  475.9600 3.668610e+06
  475.9700 3.668704e+06
  475.9800 3.668799e+06
  475.9900 3.668893e+06
  476.0000 3.668987e+06
  476.0100 3.669082e+06
  476.0200 3.669176e+06
  476.0300 3.669271e+06
  476.0400 3.669365e+06
  476.0500 3.669459e+06
  476.0600 3.669554e+06
  476.0700 3.669648e+06
  476.0800 3.669742e+06
  476.0900 3.669837e+06
  476.1000 3.669931e+06
  476.1100 3.670026e+06
  476.1200 3.670120e+06
  476.1300 3.670214e+06
  476.1400 3.670309e+06
  476.1500 3.670403e+06
  476.1600 3.670497e+06
  476.1700 3.670592e+06
  476.1800 3.670686e+06
  476.1900 3.670781e+06
  476.2000 3.670875e+06
  476.2100 3.670969e+06
  476.2200 3.671064e+06
  476.2300 3.671158e+06
  476.2400 3.671252e+06
  476.2500 3.671347e+06
  476.2600 3.671441e+06
  476.2700 3.671535e+06
  476.2800 3.671630e+06
  476.2900 3.671724e+06
  476.3000 3.671819e+06
  476.3100 3.671913e+06
  476.3200 3.672007e+06
  476.3300 3.672102e+06
  476.3400 3.672196e+06
  476.3500 3.672290e+06
  476.3600 3.672385e+06
  476.3700 3.672479e+06
  476.3800 3.672574e+06
  476.3900 3.672668e+06
  476.4000 3.672762e+06
  476.4100 3.672857e+06
  476.4200 3.672951e+06
  476.4300 3.673045e+06
  476.4400 3.673140e+06
  476.4500 3.673234e+06
  476.4600 3.673329e+06
  476.4700 3.673423e+06
  476.4800 3.673517e+06
  476.4900 3.673612e+06
  476.5000 3.673706e+06
  476.5100 3.673800e+06
  476.5200 3.673895e+06
  476.5300 3.673989e+06
  476.5400 3.674083e+06
  476.5500 3.674178e+06
  476.5600 3.674272e+06
  476.5700 3.674367e+06
  476.5800 3.674461e+06
  476.5900 3.674555e+06
  476.6000 3.674650e+06
  476.6100 3.674744e+06
  476.6200 3.674838e+06
  476.6300 3.674933e+06
  476.6400 3.675027e+06
  476.6500 3.675122e+06
  476.6600 3.675216e+06
  476.6700 3.675310e+06
  476.6800 3.675405e+06
  476.6900 3.675499e+06
  476.7000 3.675593e+06
  476.7100 3.675688e+06
  476.7200 3.675782e+06
  476.7300 3.675876e+06
  476.7400 3.675971e+06
  476.7500 3.676065e+06
  476.7600 3.676160e+06
  476.7700 3.676254e+06
  476.7800 3.676348e+06
  476.7900 3.676443e+06
  476.8000 3.676537e+06
  476.8100 3.676631e+06
  476.8200 3.676726e+06
  476.8300 3.676820e+06
  476.8400 3.676915e+06
  476.8500 3.677009e+06
  476.8600 3.677103e+06
  476.8700 3.677198e+06
  476.8800 3.677292e+06
  476.8900 3.677386e+06
  476.9000 3.677481e+06
  476.9100 3.677575e+06
  476.9200 3.677669e+06
  476.9300 3.677764e+06
  476.9400 3.677858e+06
  476.9500 3.677953e+06
  476.9600 3.678047e+06
  476.9700 3.678141e+06
  476.9800 3.678236e+06
  476.9900 3.678330e+06
  477.0000 3.678424e+06
  477.0100 3.678519e+06
  477.0200 3.678613e+06
  477.0300 3.678708e+06
  477.0400 3.678802e+06
  477.0500 3.678896e+06
  477.0600 3.678991e+06
  477.0700 3.679085e+06
  477.0800 3.679179e+06
  477.0900 3.679274e+06
  477.1000 3.679368e+06
  477.1100 3.679462e+06
  477.1200 3.679557e+06
  477.1300 3.679651e+06
  477.1400 3.679746e+06
  477.1500 3.679840e+06
  477.1600 3.679934e+06
  477.1700 3.680029e+06
  477.1800 3.680123e+06
  477.1900 3.680217e+06
  477.2000 3.680312e+06
  477.2100 3.680406e+06
  477.2200 3.680500e+06
  477.2300 3.680595e+06
  477.2400 3.680689e+06
  477.2500 3.680784e+06
  477.2600 3.680878e+06
  477.2700 3.680972e+06
  477.2800 3.681067e+06
  477.2900 3.681161e+06
  477.3000 3.681255e+06
  477.3100 3.681350e+06
  477.3200 3.681444e+06
  477.3300 3.681538e+06
  477.3400 3.681633e+06
  477.3500 3.681727e+06
  477.3600 3.681822e+06
  477.3700 3.681916e+06
  477.3800 3.682010e+06
  477.3900 3.682105e+06
  477.4000 3.682199e+06
  477.4100 3.682293e+06
  477.4200 3.682388e+06
  477.4300 3.682482e+06
  477.4400 3.682576e+06
  477.4500 3.682671e+06
  477.4600 3.682765e+06
  477.4700 3.682860e+06
  477.4800 3.682954e+06
  477.4900 3.683048e+06
  477.5000 3.683143e+06
  477.5100 3.683237e+06
  477.5200 3.683331e+06
  477.5300 3.683426e+06
  477.5400 3.683520e+06
  477.5500 3.683614e+06
  477.5600 3.683709e+06
  477.5700 3.683803e+06
  477.5800 3.683897e+06
  477.5900 3.683992e+06
  477.6000 3.684086e+06
  477.6100 3.684181e+06
  477.6200 3.684275e+06
  477.6300 3.684369e+06
  477.6400 3.684464e+06
  477.6500 3.684558e+06
  477.6600 3.684652e+06
  477.6700 3.684747e+06
  477.6800 3.684841e+06
  477.6900 3.684935e+06
  477.7000 3.685030e+06
  477.7100 3.685124e+06
  477.7200 3.685219e+06
  477.7300 3.685313e+06
  477.7400 3.685407e+06
  477.7500 3.685502e+06
  477.7600 3.685596e+06
  477.7700 3.685690e+06
  477.7800 3.685785e+06
  477.7900 3.685879e+06
  477.8000 3.685973e+06
  477.8100 3.686068e+06
  477.8200 3.686162e+06
  477.8300 3.686256e+06
  477.8400 3.686351e+06
  477.8500 3.686445e+06
  477.8600 3.686540e+06
  477.8700 3.686634e+06
  477.8800 3.686728e+06
  477.8900 3.686823e+06
  477.9000 3.686917e+06
  477.9100 3.687011e+06
  477.9200 3.687106e+06
  477.9300 3.687200e+06
  477.9400 3.687294e+06
  477.9500 3.687389e+06
  477.9600 3.687483e+06
  477.9700 3.687577e+06
  477.9800 3.687672e+06
  477.9900 3.687766e+06
  478.0000 3.687861e+06
  478.0100 3.687955e+06
  478.0200 3.688049e+06
  478.0300 3.688144e+06
  478.0400 3.688238e+06
  478.0500 3.688332e+06
  478.0600 3.688427e+06
  478.0700 3.688521e+06
  478.0800 3.688615e+06
  478.0900 3.688710e+06
  478.1000 3.688804e+06
  478.1100 3.688898e+06
  478.1200 3.688993e+06
  478.1300 3.689087e+06
  478.1400 3.689182e+06
  478.1500 3.689276e+06
  478.1600 3.689370e+06
  478.1700 3.689465e+06
  478.1800 3.689559e+06
  478.1900 3.689653e+06
  478.2000 3.689748e+06
  478.2100 3.689842e+06
  478.2200 3.689936e+06
  478.2300 3.690031e+06
  478.2400 3.690125e+06
  478.2500 3.690219e+06
  478.2600 3.690314e+06
  478.2700 3.690408e+06
  478.2800 3.690502e+06
  478.2900 3.690597e+06
  478.3000 3.690691e+06
  478.3100 3.690786e+06
  478.3200 3.690880e+06
  478.3300 3.690974e+06
  478.3400 3.691069e+06
  478.3500 3.691163e+06
  478.3600 3.691257e+06
  478.3700 3.691352e+06
  478.3800 3.691446e+06
  478.3900 3.691540e+06
  478.4000 3.691635e+06
  478.4100 3.691729e+06
  478.4200 3.691823e+06
  478.4300 3.691918e+06
  478.4400 3.692012e+06
  478.4500 3.692106e+06
  478.4600 3.692201e+06
  478.4700 3.692295e+06
  478.4800 3.692389e+06
  478.4900 3.692484e+06
  478.5000 3.692578e+06
  478.5100 3.692673e+06
  478.5200 3.692767e+06
  478.5300 3.692861e+06
  478.5400 3.692956e+06
  478.5500 3.693050e+06
  478.5600 3.693144e+06
  478.5700 3.693239e+06
  478.5800 3.693333e+06
  478.5900 3.693427e+06
  478.6000 3.693522e+06
  478.6100 3.693616e+06
  478.6200 3.693710e+06
  478.6300 3.693805e+06
  478.6400 3.693899e+06
  478.6500 3.693993e+06
  478.6600 3.694088e+06
  478.6700 3.694182e+06
  478.6800 3.694276e+06
  478.6900 3.694371e+06
  478.7000 3.694465e+06
  478.7100 3.694559e+06
  478.7200 3.694654e+06
  478.7300 3.694748e+06
  478.7400 3.694843e+06
  478.7500 3.694937e+06
  478.7600 3.695031e+06
  478.7700 3.695126e+06
  478.7800 3.695220e+06
  478.7900 3.695314e+06
  478.8000 3.695409e+06
  478.8100 3.695503e+06
  478.8200 3.695597e+06
  478.8300 3.695692e+06
  478.8400 3.695786e+06
  478.8500 3.695880e+06
  478.8600 3.695975e+06
  478.8700 3.696069e+06
  478.8800 3.696163e+06
  478.8900 3.696258e+06
  478.9000 3.696352e+06
  478.9100 3.696446e+06
  478.9200 3.696541e+06
  478.9300 3.696635e+06
  478.9400 3.696729e+06
  478.9500 3.696824e+06
  478.9600 3.696918e+06
  478.9700 3.697012e+06
  478.9800 3.697107e+06
  478.9900 3.697201e+06
  479.0000 3.697296e+06
  479.0100 3.697390e+06
  479.0200 3.697484e+06
  479.0300 3.697579e+06
  479.0400 3.697673e+06
  479.0500 3.697767e+06
  479.0600 3.697862e+06
  479.0700 3.697956e+06
  479.0800 3.698050e+06
  479.0900 3.698145e+06
  479.1000 3.698239e+06
  479.1100 3.698333e+06
  479.1200 3.698428e+06
  479.1300 3.698522e+06
  479.1400 3.698616e+06
  479.1500 3.698711e+06
  479.1600 3.698805e+06
  479.1700 3.698899e+06
  479.1800 3.698994e+06
  479.1900 3.699088e+06
  479.2000 3.699182e+06
  479.2100 3.699277e+06
  479.2200 3.699371e+06
  479.2300 3.699465e+06
  479.2400 3.699560e+06
  479.2500 3.699654e+06
  479.2600 3.699748e+06
  479.2700 3.699843e+06
  479.2800 3.699937e+06
  479.2900 3.700031e+06
  479.3000 3.700126e+06
  479.3100 3.700220e+06
  479.3200 3.700314e+06
  479.3300 3.700409e+06
  479.3400 3.700503e+06
  479.3500 3.700597e+06
  479.3600 3.700692e+06
  479.3700 3.700786e+06
  479.3800 3.700880e+06
  479.3900 3.700975e+06
  479.4000 3.701069e+06
  479.4100 3.701163e+06
  479.4200 3.701258e+06
  479.4300 3.701352e+06
  479.4400 3.701446e+06
  479.4500 3.701541e+06
  479.4600 3.701635e+06
  479.4700 3.701729e+06
  479.4800 3.701824e+06
  479.4900 3.701918e+06
  479.5000 3.702012e+06
  479.5100 3.702107e+06
  479.5200 3.702201e+06
  479.5300 3.702295e+06
  479.5400 3.702390e+06
  479.5500 3.702484e+06
  479.5600 3.702578e+06
  479.5700 3.702673e+06
  479.5800 3.702767e+06
  479.5900 3.702861e+06
  479.6000 3.702956e+06
  479.6100 3.703050e+06
  479.6200 3.703145e+06
  479.6300 3.703239e+06
  479.6400 3.703333e+06
  479.6500 3.703428e+06
  479.6600 3.703522e+06
  479.6700 3.703616e+06
  479.6800 3.703711e+06
  479.6900 3.703805e+06
  479.7000 3.703899e+06
  479.7100 3.703993e+06
  479.7200 3.704088e+06
  479.7300 3.704182e+06
  479.7400 3.704276e+06
  479.7500 3.704371e+06
  479.7600 3.704465e+06
  479.7700 3.704559e+06
  479.7800 3.704654e+06
  479.7900 3.704748e+06
  479.8000 3.704842e+06
  479.8100 3.704937e+06
  479.8200 3.705031e+06
  479.8300 3.705125e+06
  479.8400 3.705220e+06
  479.8500 3.705314e+06
  479.8600 3.705408e+06
  479.8700 3.705503e+06
  479.8800 3.705597e+06
  479.8900 3.705691e+06
  479.9000 3.705786e+06
  479.9100 3.705880e+06
  479.9200 3.705974e+06
  479.9300 3.706069e+06
  479.9400 3.706163e+06
  479.9500 3.706257e+06
  479.9600 3.706352e+06
  479.9700 3.706446e+06
  479.9800 3.706540e+06
  479.9900 3.706635e+06
  480.0000 3.706729e+06
  480.0100 3.706823e+06
  480.0200 3.706918e+06
  480.0300 3.707012e+06
  480.0400 3.707106e+06
  480.0500 3.707201e+06
  480.0600 3.707295e+06
  480.0700 3.707389e+06
  480.0800 3.707484e+06
  480.0900 3.707578e+06
  480.1000 3.707672e+06
  480.1100 3.707767e+06
  480.1200 3.707861e+06
  480.1300 3.707955e+06
  480.1400 3.708050e+06
  480.1500 3.708144e+06
  480.1600 3.708238e+06
  480.1700 3.708333e+06
  480.1800 3.708427e+06
  480.1900 3.708521e+06
  480.2000 3.708616e+06
  480.2100 3.708710e+06
  480.2200 3.708804e+06
  480.2300 3.708899e+06
  480.2400 3.708993e+06
  480.2500 3.709087e+06
  480.2600 3.709182e+06
  480.2700 3.709276e+06
  480.2800 3.709370e+06
  480.2900 3.709464e+06
  480.3000 3.709559e+06
  480.3100 3.709653e+06
  480.3200 3.709747e+06
  480.3300 3.709842e+06
  480.3400 3.709936e+06
  480.3500 3.710030e+06
  480.3600 3.710125e+06
  480.3700 3.710219e+06
  480.3800 3.710313e+06
  480.3900 3.710408e+06
  480.4000 3.710502e+06
  480.4100 3.710596e+06
  480.4200 3.710691e+06
  480.4300 3.710785e+06
  480.4400 3.710879e+06
  480.4500 3.710974e+06
  480.4600 3.711068e+06
  480.4700 3.711162e+06
  480.4800 3.711257e+06
  480.4900 3.711351e+06
  480.5000 3.711445e+06
  480.5100 3.711540e+06
  480.5200 3.711634e+06
  480.5300 3.711728e+06
  480.5400 3.711823e+06
  480.5500 3.711917e+06
  480.5600 3.712011e+06
  480.5700 3.712105e+06
  480.5800 3.712200e+06
  480.5900 3.712294e+06
  480.6000 3.712388e+06
  480.6100 3.712483e+06
  480.6200 3.712577e+06
  480.6300 3.712671e+06
  480.6400 3.712766e+06
  480.6500 3.712860e+06
  480.6600 3.712954e+06
  480.6700 3.713049e+06
  480.6800 3.713143e+06
  480.6900 3.713237e+06
  480.7000 3.713332e+06
  480.7100 3.713426e+06
  480.7200 3.713520e+06
  480.7300 3.713615e+06
  480.7400 3.713709e+06
  480.7500 3.713803e+06
  480.7600 3.713897e+06
  480.7700 3.713992e+06
  480.7800 3.714086e+06
  480.7900 3.714180e+06
  480.8000 3.714275e+06
  480.8100 3.714369e+06
  480.8200 3.714463e+06
  480.8300 3.714558e+06
  480.8400 3.714652e+06
  480.8500 3.714746e+06
  480.8600 3.714841e+06
  480.8700 3.714935e+06
  480.8800 3.715029e+06
  480.8900 3.715124e+06
  480.9000 3.715218e+06
  480.9100 3.715312e+06
  480.9200 3.715406e+06
  480.9300 3.715501e+06
  480.9400 3.715595e+06
  480.9500 3.715689e+06
  480.9600 3.715784e+06
  480.9700 3.715878e+06
  480.9800 3.715972e+06
  480.9900 3.716067e+06
  481.0000 3.716161e+06
  481.0100 3.716255e+06
  481.0200 3.716350e+06
  481.0300 3.716444e+06
  481.0400 3.716538e+06
  481.0500 3.716632e+06
  481.0600 3.716727e+06
  481.0700 3.716821e+06
  481.0800 3.716915e+06
  481.0900 3.717010e+06
  481.1000 3.717104e+06
  481.1100 3.717198e+06
  481.1200 3.717293e+06
  481.1300 3.717387e+06
  481.1400 3.717481e+06
  481.1500 3.717576e+06
  481.1600 3.717670e+06
  481.1700 3.717764e+06
  481.1800 3.717858e+06
  481.1900 3.717953e+06
  481.2000 3.718047e+06
  481.2100 3.718141e+06
  481.2200 3.718236e+06
  481.2300 3.718330e+06
  481.2400 3.718424e+06
  481.2500 3.718519e+06
  481.2600 3.718613e+06
  481.2700 3.718707e+06
  481.2800 3.718802e+06
  481.2900 3.718896e+06
  481.3000 3.718990e+06
  481.3100 3.719084e+06
  481.3200 3.719179e+06
  481.3300 3.719273e+06
  481.3400 3.719367e+06
  481.3500 3.719462e+06
  481.3600 3.719556e+06
  481.3700 3.719650e+06
  481.3800 3.719745e+06
  481.3900 3.719839e+06
  481.4000 3.719933e+06
  481.4100 3.720027e+06
  481.4200 3.720122e+06
  481.4300 3.720216e+06
  481.4400 3.720310e+06
  481.4500 3.720405e+06
  481.4600 3.720499e+06
  481.4700 3.720593e+06
  481.4800 3.720688e+06
  481.4900 3.720782e+06
  481.5000 3.720876e+06
  481.5100 3.720970e+06
  481.5200 3.721065e+06
  481.5300 3.721159e+06
  481.5400 3.721253e+06
  481.5500 3.721348e+06
  481.5600 3.721442e+06
  481.5700 3.721536e+06
  481.5800 3.721631e+06
  481.5900 3.721725e+06
  481.6000 3.721819e+06
  481.6100 3.721913e+06
  481.6200 3.722008e+06
  481.6300 3.722102e+06
  481.6400 3.722196e+06
  481.6500 3.722291e+06
  481.6600 3.722385e+06
  481.6700 3.722479e+06
  481.6800 3.722573e+06
  481.6900 3.722668e+06
  481.7000 3.722762e+06
  481.7100 3.722856e+06
  481.7200 3.722951e+06
  481.7300 3.723045e+06
  481.7400 3.723139e+06
  481.7500 3.723234e+06
  481.7600 3.723328e+06
  481.7700 3.723422e+06
  481.7800 3.723516e+06
  481.7900 3.723611e+06
  481.8000 3.723705e+06
  481.8100 3.723799e+06
  481.8200 3.723894e+06
  481.8300 3.723988e+06
  481.8400 3.724082e+06
  481.8500 3.724176e+06
  481.8600 3.724271e+06
  481.8700 3.724365e+06
  481.8800 3.724459e+06
  481.8900 3.724554e+06
  481.9000 3.724648e+06
  481.9100 3.724742e+06
  481.9200 3.724837e+06
  481.9300 3.724931e+06
  481.9400 3.725025e+06
  481.9500 3.725119e+06
  481.9600 3.725214e+06
  481.9700 3.725308e+06
  481.9800 3.725402e+06
  481.9900 3.725497e+06
  482.0000 3.725591e+06
  482.0100 3.725685e+06
  482.0200 3.725779e+06
  482.0300 3.725874e+06
  482.0400 3.725968e+06
  482.0500 3.726062e+06
  482.0600 3.726157e+06
  482.0700 3.726251e+06
  482.0800 3.726345e+06
  482.0900 3.726439e+06
  482.1000 3.726534e+06
  482.1100 3.726628e+06
  482.1200 3.726722e+06
  482.1300 3.726817e+06
  482.1400 3.726911e+06
  482.1500 3.727005e+06
  482.1600 3.727099e+06
  482.1700 3.727194e+06
  482.1800 3.727288e+06
  482.1900 3.727382e+06
  482.2000 3.727477e+06
  482.2100 3.727571e+06
  482.2200 3.727665e+06
  482.2300 3.727759e+06
  482.2400 3.727854e+06
  482.2500 3.727948e+06
  482.2600 3.728042e+06
  482.2700 3.728137e+06
  482.2800 3.728231e+06
  482.2900 3.728325e+06
  482.3000 3.728419e+06
  482.3100 3.728514e+06
  482.3200 3.728608e+06
  482.3300 3.728702e+06
  482.3400 3.728796e+06
  482.3500 3.728891e+06
  482.3600 3.728985e+06
  482.3700 3.729079e+06
  482.3800 3.729174e+06
  482.3900 3.729268e+06
  482.4000 3.729362e+06
  482.4100 3.729456e+06
  482.4200 3.729551e+06
  482.4300 3.729645e+06
  482.4400 3.729739e+06
  482.4500 3.729834e+06
  482.4600 3.729928e+06
  482.4700 3.730022e+06
  482.4800 3.730116e+06
  482.4900 3.730211e+06
  482.5000 3.730305e+06
  482.5100 3.730399e+06
  482.5200 3.730493e+06
  482.5300 3.730588e+06
  482.5400 3.730682e+06
  482.5500 3.730776e+06
  482.5600 3.730871e+06
  482.5700 3.730965e+06
  482.5800 3.731059e+06
  482.5900 3.731153e+06
  482.6000 3.731248e+06
  482.6100 3.731342e+06
  482.6200 3.731436e+06
  482.6300 3.731531e+06
  482.6400 3.731625e+06
  482.6500 3.731719e+06
  482.6600 3.731813e+06
  482.6700 3.731908e+06
  482.6800 3.732002e+06
  482.6900 3.732096e+06
  482.7000 3.732190e+06
  482.7100 3.732285e+06
  482.7200 3.732379e+06
  482.7300 3.732473e+06
  482.7400 3.732568e+06
  482.7500 3.732662e+06
  482.7600 3.732756e+06
  482.7700 3.732850e+06
  482.7800 3.732945e+06
  482.7900 3.733039e+06
  482.8000 3.733133e+06
  482.8100 3.733227e+06
  482.8200 3.733322e+06
  482.8300 3.733416e+06
  482.8400 3.733510e+06
  482.8500 3.733604e+06
  482.8600 3.733699e+06
  482.8700 3.733793e+06
  482.8800 3.733887e+06
  482.8900 3.733982e+06
  482.9000 3.734076e+06
  482.9100 3.734170e+06
  482.9200 3.734264e+06
  482.9300 3.734359e+06
  482.9400 3.734453e+06
  482.9500 3.734547e+06
  482.9600 3.734641e+06
  482.9700 3.734736e+06
  482.9800 3.734830e+06
  482.9900 3.734924e+06
  483.0000 3.735018e+06
  483.0100 3.735113e+06
  483.0200 3.735207e+06
  483.0300 3.735301e+06
  483.0400 3.735396e+06
  483.0500 3.735490e+06
  483.0600 3.735584e+06
  483.0700 3.735678e+06
  483.0800 3.735773e+06
  483.0900 3.735867e+06
  483.1000 3.735961e+06
  483.1100 3.736055e+06
  483.1200 3.736150e+06
  483.1300 3.736244e+06
  483.1400 3.736338e+06
  483.1500 3.736432e+06
  483.1600 3.736527e+06
  483.1700 3.736621e+06
  483.1800 3.736715e+06
  483.1900 3.736809e+06
  483.2000 3.736904e+06
  483.2100 3.736998e+06
  483.2200 3.737092e+06
  483.2300 3.737186e+06
  483.2400 3.737281e+06
  483.2500 3.737375e+06
  483.2600 3.737469e+06
  483.2700 3.737563e+06
  483.2800 3.737658e+06
  483.2900 3.737752e+06
  483.3000 3.737846e+06
  483.3100 3.737941e+06
  483.3200 3.738035e+06
  483.3300 3.738129e+06
  483.3400 3.738223e+06
  483.3500 3.738318e+06
  483.3600 3.738412e+06
  483.3700 3.738506e+06
  483.3800 3.738600e+06
  483.3900 3.738695e+06
  483.4000 3.738789e+06
  483.4100 3.738883e+06
  483.4200 3.738977e+06
  483.4300 3.739072e+06
  483.4400 3.739166e+06
  483.4500 3.739260e+06
  483.4600 3.739354e+06
  483.4700 3.739449e+06
  483.4800 3.739543e+06
  483.4900 3.739637e+06
  483.5000 3.739731e+06
  483.5100 3.739826e+06
  483.5200 3.739920e+06
  483.5300 3.740014e+06
  483.5400 3.740108e+06
  483.5500 3.740203e+06
  483.5600 3.740297e+06
  483.5700 3.740391e+06
  483.5800 3.740485e+06
  483.5900 3.740580e+06
  483.6000 3.740674e+06
  483.6100 3.740768e+06
  483.6200 3.740862e+06
  483.6300 3.740957e+06
  483.6400 3.741051e+06
  483.6500 3.741145e+06
  483.6600 3.741239e+06
  483.6700 3.741334e+06
  483.6800 3.741428e+06
  483.6900 3.741522e+06
  483.7000 3.741616e+06
  483.7100 3.741711e+06
  483.7200 3.741805e+06
  483.7300 3.741899e+06
  483.7400 3.741993e+06
  483.7500 3.742088e+06
  483.7600 3.742182e+06
  483.7700 3.742276e+06
  483.7800 3.742370e+06
  483.7900 3.742465e+06
  483.8000 3.742559e+06
  483.8100 3.742653e+06
  483.8200 3.742747e+06
  483.8300 3.742841e+06
  483.8400 3.742936e+06
  483.8500 3.743030e+06
  483.8600 3.743124e+06
  483.8700 3.743218e+06
  483.8800 3.743313e+06
  483.8900 3.743407e+06
  483.9000 3.743501e+06
  483.9100 3.743595e+06
  483.9200 3.743690e+06
  483.9300 3.743784e+06
  483.9400 3.743878e+06
  483.9500 3.743972e+06
  483.9600 3.744067e+06
  483.9700 3.744161e+06
  483.9800 3.744255e+06
  483.9900 3.744349e+06
  484.0000 3.744444e+06
  484.0100 3.744538e+06
  484.0200 3.744632e+06
  484.0300 3.744726e+06
  484.0400 3.744821e+06
  484.0500 3.744915e+06
  484.0600 3.745009e+06
  484.0700 3.745103e+06
  484.0800 3.745197e+06
  484.0900 3.745292e+06
  484.1000 3.745386e+06
  484.1100 3.745480e+06
  484.1200 3.745574e+06
  484.1300 3.745669e+06
  484.1400 3.745763e+06
  484.1500 3.745857e+06
  484.1600 3.745951e+06
  484.1700 3.746046e+06
  484.1800 3.746140e+06
  484.1900 3.746234e+06
  484.2000 3.746328e+06
  484.2100 3.746422e+06
  484.2200 3.746517e+06
  484.2300 3.746611e+06
  484.2400 3.746705e+06
  484.2500 3.746799e+06
  484.2600 3.746894e+06
  484.2700 3.746988e+06
  484.2800 3.747082e+06
  484.2900 3.747176e+06
  484.3000 3.747271e+06
  484.3100 3.747365e+06
  484.3200 3.747459e+06
  484.3300 3.747553e+06
  484.3400 3.747647e+06
  484.3500 3.747742e+06
  484.3600 3.747836e+06
  484.3700 3.747930e+06
  484.3800 3.748024e+06
  484.3900 3.748119e+06
  484.4000 3.748213e+06
  484.4100 3.748307e+06
  484.4200 3.748401e+06
  484.4300 3.748495e+06
  484.4400 3.748590e+06
  484.4500 3.748684e+06
  484.4600 3.748778e+06
  484.4700 3.748872e+06
  484.4800 3.748967e+06
  484.4900 3.749061e+06
  484.5000 3.749155e+06
  484.5100 3.749249e+06
  484.5200 3.749344e+06
  484.5300 3.749438e+06
  484.5400 3.749532e+06
  484.5500 3.749626e+06
  484.5600 3.749720e+06
  484.5700 3.749815e+06
  484.5800 3.749909e+06
  484.5900 3.750003e+06
  484.6000 3.750097e+06
  484.6100 3.750192e+06
  484.6200 3.750286e+06
  484.6300 3.750380e+06
  484.6400 3.750474e+06
  484.6500 3.750568e+06
  484.6600 3.750663e+06
  484.6700 3.750757e+06
  484.6800 3.750851e+06
  484.6900 3.750945e+06
  484.7000 3.751039e+06
  484.7100 3.751134e+06
  484.7200 3.751228e+06
  484.7300 3.751322e+06
  484.7400 3.751416e+06
  484.7500 3.751511e+06
  484.7600 3.751605e+06
  484.7700 3.751699e+06
  484.7800 3.751793e+06
  484.7900 3.751887e+06
  484.8000 3.751982e+06
  484.8100 3.752076e+06
  484.8200 3.752170e+06
  484.8300 3.752264e+06
  484.8400 3.752358e+06
  484.8500 3.752453e+06
  484.8600 3.752547e+06
  484.8700 3.752641e+06
  484.8800 3.752735e+06
  484.8900 3.752830e+06
  484.9000 3.752924e+06
  484.9100 3.753018e+06
  484.9200 3.753112e+06
  484.9300 3.753206e+06
  484.9400 3.753301e+06
  484.9500 3.753395e+06
  484.9600 3.753489e+06
  484.9700 3.753583e+06
  484.9800 3.753677e+06
  484.9900 3.753772e+06
  485.0000 3.753866e+06
  485.0100 3.753960e+06
  485.0200 3.754054e+06
  485.0300 3.754148e+06
  485.0400 3.754243e+06
  485.0500 3.754337e+06
  485.0600 3.754431e+06
  485.0700 3.754525e+06
  485.0800 3.754619e+06
  485.0900 3.754714e+06
  485.1000 3.754808e+06
  485.1100 3.754902e+06
  485.1200 3.754996e+06
  485.1300 3.755091e+06
  485.1400 3.755185e+06
  485.1500 3.755279e+06
  485.1600 3.755373e+06
  485.1700 3.755467e+06
  485.1800 3.755562e+06
  485.1900 3.755656e+06
  485.2000 3.755750e+06
  485.2100 3.755844e+06
  485.2200 3.755938e+06
  485.2300 3.756033e+06
  485.2400 3.756127e+06
  485.2500 3.756221e+06
  485.2600 3.756315e+06
  485.2700 3.756409e+06
  485.2800 3.756504e+06
  485.2900 3.756598e+06
  485.3000 3.756692e+06
  485.3100 3.756786e+06
  485.3200 3.756880e+06
  485.3300 3.756975e+06
  485.3400 3.757069e+06
  485.3500 3.757163e+06
  485.3600 3.757257e+06
  485.3700 3.757351e+06
  485.3800 3.757446e+06
  485.3900 3.757540e+06
  485.4000 3.757634e+06
  485.4100 3.757728e+06
  485.4200 3.757822e+06
  485.4300 3.757916e+06
  485.4400 3.758011e+06
  485.4500 3.758105e+06
  485.4600 3.758199e+06
  485.4700 3.758293e+06
  485.4800 3.758387e+06
  485.4900 3.758482e+06
  485.5000 3.758576e+06
  485.5100 3.758670e+06
  485.5200 3.758764e+06
  485.5300 3.758858e+06
  485.5400 3.758953e+06
  485.5500 3.759047e+06
  485.5600 3.759141e+06
  485.5700 3.759235e+06
  485.5800 3.759329e+06
  485.5900 3.759424e+06
  485.6000 3.759518e+06
  485.6100 3.759612e+06
  485.6200 3.759706e+06
  485.6300 3.759800e+06
  485.6400 3.759895e+06
  485.6500 3.759989e+06
  485.6600 3.760083e+06
  485.6700 3.760177e+06
  485.6800 3.760271e+06
  485.6900 3.760365e+06
  485.7000 3.760460e+06
  485.7100 3.760554e+06
  485.7200 3.760648e+06
  485.7300 3.760742e+06
  485.7400 3.760836e+06
  485.7500 3.760931e+06
  485.7600 3.761025e+06
  485.7700 3.761119e+06
  485.7800 3.761213e+06
  485.7900 3.761307e+06
  485.8000 3.761401e+06
  485.8100 3.761496e+06
  485.8200 3.761590e+06
  485.8300 3.761684e+06
  485.8400 3.761778e+06
  485.8500 3.761872e+06
  485.8600 3.761967e+06
  485.8700 3.762061e+06
  485.8800 3.762155e+06
  485.8900 3.762249e+06
  485.9000 3.762343e+06
  485.9100 3.762437e+06
  485.9200 3.762532e+06
  485.9300 3.762626e+06
  485.9400 3.762720e+06
  485.9500 3.762814e+06
  485.9600 3.762908e+06
  485.9700 3.763003e+06
  485.9800 3.763097e+06
  485.9900 3.763191e+06
  486.0000 3.763285e+06
  486.0100 3.763379e+06
  486.0200 3.763473e+06
  486.0300 3.763568e+06
  486.0400 3.763662e+06
  486.0500 3.763756e+06
  486.0600 3.763850e+06
  486.0700 3.763944e+06
  486.0800 3.764038e+06
  486.0900 3.764133e+06
  486.1000 3.764227e+06
  486.1100 3.764321e+06
  486.1200 3.764415e+06
  486.1300 3.764509e+06
  486.1400 3.764603e+06
  486.1500 3.764698e+06
  486.1600 3.764792e+06
  486.1700 3.764886e+06
  486.1800 3.764980e+06
  486.1900 3.765074e+06
  486.2000 3.765168e+06
  486.2100 3.765263e+06
  486.2200 3.765357e+06
  486.2300 3.765451e+06
  486.2400 3.765545e+06
  486.2500 3.765639e+06
  486.2600 3.765733e+06
  486.2700 3.765828e+06
  486.2800 3.765922e+06
  486.2900 3.766016e+06
  486.3000 3.766110e+06
  486.3100 3.766204e+06
  486.3200 3.766298e+06
  486.3300 3.766393e+06
  486.3400 3.766487e+06
  486.3500 3.766581e+06
  486.3600 3.766675e+06
  486.3700 3.766769e+06
  486.3800 3.766863e+06
  486.3900 3.766958e+06
  486.4000 3.767052e+06
  486.4100 3.767146e+06
  486.4200 3.767240e+06
  486.4300 3.767334e+06
  486.4400 3.767428e+06
  486.4500 3.767523e+06
  486.4600 3.767617e+06
  486.4700 3.767711e+06
  486.4800 3.767805e+06
  486.4900 3.767899e+06
  486.5000 3.767993e+06
  486.5100 3.768088e+06
  486.5200 3.768182e+06
  486.5300 3.768276e+06
  486.5400 3.768370e+06
  486.5500 3.768464e+06
  486.5600 3.768558e+06
  486.5700 3.768653e+06
  486.5800 3.768747e+06
  486.5900 3.768841e+06
  486.6000 3.768935e+06
  486.6100 3.769029e+06
  486.6200 3.769123e+06
  486.6300 3.769217e+06
  486.6400 3.769312e+06
  486.6500 3.769406e+06
  486.6600 3.769500e+06
  486.6700 3.769594e+06
  486.6800 3.769688e+06
  486.6900 3.769782e+06
  486.7000 3.769876e+06
  486.7100 3.769971e+06
  486.7200 3.770065e+06
  486.7300 3.770159e+06
  486.7400 3.770253e+06
  486.7500 3.770347e+06
  486.7600 3.770441e+06
  486.7700 3.770536e+06
  486.7800 3.770630e+06
  486.7900 3.770724e+06
  486.8000 3.770818e+06
  486.8100 3.770912e+06
  486.8200 3.771006e+06
  486.8300 3.771100e+06
  486.8400 3.771195e+06
  486.8500 3.771289e+06
  486.8600 3.771383e+06
  486.8700 3.771477e+06
  486.8800 3.771571e+06
  486.8900 3.771665e+06
  486.9000 3.771759e+06
  486.9100 3.771854e+06
  486.9200 3.771948e+06
  486.9300 3.772042e+06
  486.9400 3.772136e+06
  486.9500 3.772230e+06
  486.9600 3.772324e+06
  486.9700 3.772418e+06
  486.9800 3.772513e+06
  486.9900 3.772607e+06
  487.0000 3.772701e+06
  487.0100 3.772795e+06
  487.0200 3.772889e+06
  487.0300 3.772983e+06
  487.0400 3.773077e+06
  487.0500 3.773172e+06
  487.0600 3.773266e+06
  487.0700 3.773360e+06
  487.0800 3.773454e+06
  487.0900 3.773548e+06
  487.1000 3.773642e+06
  487.1100 3.773736e+06
  487.1200 3.773831e+06
  487.1300 3.773925e+06
  487.1400 3.774019e+06
  487.1500 3.774113e+06
  487.1600 3.774207e+06
  487.1700 3.774301e+06
  487.1800 3.774395e+06
  487.1900 3.774489e+06
  487.2000 3.774584e+06
  487.2100 3.774678e+06
  487.2200 3.774772e+06
  487.2300 3.774866e+06
  487.2400 3.774960e+06
  487.2500 3.775054e+06
  487.2600 3.775148e+06
  487.2700 3.775243e+06
  487.2800 3.775337e+06
  487.2900 3.775431e+06
  487.3000 3.775525e+06
  487.3100 3.775619e+06
  487.3200 3.775713e+06
  487.3300 3.775807e+06
  487.3400 3.775901e+06
  487.3500 3.775996e+06
  487.3600 3.776090e+06
  487.3700 3.776184e+06
  487.3800 3.776278e+06
  487.3900 3.776372e+06
  487.4000 3.776466e+06
  487.4100 3.776560e+06
  487.4200 3.776654e+06
  487.4300 3.776749e+06
  487.4400 3.776843e+06
  487.4500 3.776937e+06
  487.4600 3.777031e+06
  487.4700 3.777125e+06
  487.4800 3.777219e+06
  487.4900 3.777313e+06
  487.5000 3.777407e+06
  487.5100 3.777502e+06
  487.5200 3.777596e+06
  487.5300 3.777690e+06
  487.5400 3.777784e+06
  487.5500 3.777878e+06
  487.5600 3.777972e+06
  487.5700 3.778066e+06
  487.5800 3.778160e+06
  487.5900 3.778255e+06
  487.6000 3.778349e+06
  487.6100 3.778443e+06
  487.6200 3.778537e+06
  487.6300 3.778631e+06
  487.6400 3.778725e+06
  487.6500 3.778819e+06
  487.6600 3.778913e+06
  487.6700 3.779007e+06
  487.6800 3.779102e+06
  487.6900 3.779196e+06
  487.7000 3.779290e+06
  487.7100 3.779384e+06
  487.7200 3.779478e+06
  487.7300 3.779572e+06
  487.7400 3.779666e+06
  487.7500 3.779760e+06
  487.7600 3.779854e+06
  487.7700 3.779949e+06
  487.7800 3.780043e+06
  487.7900 3.780137e+06
  487.8000 3.780231e+06
  487.8100 3.780325e+06
  487.8200 3.780419e+06
  487.8300 3.780513e+06
  487.8400 3.780607e+06
  487.8500 3.780701e+06
  487.8600 3.780796e+06
  487.8700 3.780890e+06
  487.8800 3.780984e+06
  487.8900 3.781078e+06
  487.9000 3.781172e+06
  487.9100 3.781266e+06
  487.9200 3.781360e+06
  487.9300 3.781454e+06
  487.9400 3.781548e+06
  487.9500 3.781643e+06
  487.9600 3.781737e+06
  487.9700 3.781831e+06
  487.9800 3.781925e+06
  487.9900 3.782019e+06
  488.0000 3.782113e+06
  488.0100 3.782207e+06
  488.0200 3.782301e+06
  488.0300 3.782395e+06
  488.0400 3.782489e+06
  488.0500 3.782584e+06
  488.0600 3.782678e+06
  488.0700 3.782772e+06
  488.0800 3.782866e+06
  488.0900 3.782960e+06
  488.1000 3.783054e+06
  488.1100 3.783148e+06
  488.1200 3.783242e+06
  488.1300 3.783336e+06
  488.1400 3.783430e+06
  488.1500 3.783525e+06
  488.1600 3.783619e+06
  488.1700 3.783713e+06
  488.1800 3.783807e+06
  488.1900 3.783901e+06
  488.2000 3.783995e+06
  488.2100 3.784089e+06
  488.2200 3.784183e+06
  488.2300 3.784277e+06
  488.2400 3.784371e+06
  488.2500 3.784466e+06
  488.2600 3.784560e+06
  488.2700 3.784654e+06
  488.2800 3.784748e+06
  488.2900 3.784842e+06
  488.3000 3.784936e+06
  488.3100 3.785030e+06
  488.3200 3.785124e+06
  488.3300 3.785218e+06
  488.3400 3.785312e+06
  488.3500 3.785406e+06
  488.3600 3.785501e+06
  488.3700 3.785595e+06
  488.3800 3.785689e+06
  488.3900 3.785783e+06
  488.4000 3.785877e+06
  488.4100 3.785971e+06
  488.4200 3.786065e+06
  488.4300 3.786159e+06
  488.4400 3.786253e+06
  488.4500 3.786347e+06
  488.4600 3.786441e+06
  488.4700 3.786535e+06
  488.4800 3.786630e+06
  488.4900 3.786724e+06
  488.5000 3.786818e+06
  488.5100 3.786912e+06
  488.5200 3.787006e+06
  488.5300 3.787100e+06
  488.5400 3.787194e+06
  488.5500 3.787288e+06
  488.5600 3.787382e+06
  488.5700 3.787476e+06
  488.5800 3.787570e+06
  488.5900 3.787664e+06
  488.6000 3.787759e+06
  488.6100 3.787853e+06
  488.6200 3.787947e+06
  488.6300 3.788041e+06
  488.6400 3.788135e+06
  488.6500 3.788229e+06
  488.6600 3.788323e+06
  488.6700 3.788417e+06
  488.6800 3.788511e+06
  488.6900 3.788605e+06
  488.7000 3.788699e+06
  488.7100 3.788793e+06
  488.7200 3.788887e+06
  488.7300 3.788982e+06
  488.7400 3.789076e+06
  488.7500 3.789170e+06
  488.7600 3.789264e+06
  488.7700 3.789358e+06
  488.7800 3.789452e+06
  488.7900 3.789546e+06
  488.8000 3.789640e+06
  488.8100 3.789734e+06
  488.8200 3.789828e+06
  488.8300 3.789922e+06
  488.8400 3.790016e+06
  488.8500 3.790110e+06
  488.8600 3.790204e+06
  488.8700 3.790298e+06
  488.8800 3.790393e+06
  488.8900 3.790487e+06
  488.9000 3.790581e+06
  488.9100 3.790675e+06
  488.9200 3.790769e+06
  488.9300 3.790863e+06
  488.9400 3.790957e+06
  488.9500 3.791051e+06
  488.9600 3.791145e+06
  488.9700 3.791239e+06
  488.9800 3.791333e+06
  488.9900 3.791427e+06
  489.0000 3.791521e+06
  489.0100 3.791615e+06
  489.0200 3.791709e+06
  489.0300 3.791804e+06
  489.0400 3.791898e+06
  489.0500 3.791992e+06
  489.0600 3.792086e+06
  489.0700 3.792180e+06
  489.0800 3.792274e+06
  489.0900 3.792368e+06
  489.1000 3.792462e+06
  489.1100 3.792556e+06
  489.1200 3.792650e+06
  489.1300 3.792744e+06
  489.1400 3.792838e+06
  489.1500 3.792932e+06
  489.1600 3.793026e+06
  489.1700 3.793120e+06
  489.1800 3.793214e+06
  489.1900 3.793308e+06
  489.2000 3.793402e+06
  489.2100 3.793497e+06
  489.2200 3.793591e+06
  489.2300 3.793685e+06
  489.2400 3.793779e+06
  489.2500 3.793873e+06
  489.2600 3.793967e+06
  489.2700 3.794061e+06
  489.2800 3.794155e+06
  489.2900 3.794249e+06
  489.3000 3.794343e+06
  489.3100 3.794437e+06
  489.3200 3.794531e+06
  489.3300 3.794625e+06
  489.3400 3.794719e+06
  489.3500 3.794813e+06
  489.3600 3.794907e+06
  489.3700 3.795001e+06
  489.3800 3.795095e+06
  489.3900 3.795189e+06
  489.4000 3.795283e+06
  489.4100 3.795378e+06
  489.4200 3.795472e+06
  489.4300 3.795566e+06
  489.4400 3.795660e+06
  489.4500 3.795754e+06
  489.4600 3.795848e+06
  489.4700 3.795942e+06
  489.4800 3.796036e+06
  489.4900 3.796130e+06
  489.5000 3.796224e+06
  489.5100 3.796318e+06
  489.5200 3.796412e+06
  489.5300 3.796506e+06
  489.5400 3.796600e+06
  489.5500 3.796694e+06
  489.5600 3.796788e+06
  489.5700 3.796882e+06
  489.5800 3.796976e+06
  489.5900 3.797070e+06
  489.6000 3.797164e+06
  489.6100 3.797258e+06
  489.6200 3.797352e+06
  489.6300 3.797446e+06
  489.6400 3.797540e+06
  489.6500 3.797634e+06
  489.6600 3.797729e+06
  489.6700 3.797823e+06
  489.6800 3.797917e+06
  489.6900 3.798011e+06
  489.7000 3.798105e+06
  489.7100 3.798199e+06
  489.7200 3.798293e+06
  489.7300 3.798387e+06
  489.7400 3.798481e+06
  489.7500 3.798575e+06
  489.7600 3.798669e+06
  489.7700 3.798763e+06
  489.7800 3.798857e+06
  489.7900 3.798951e+06
  489.8000 3.799045e+06
  489.8100 3.799139e+06
  489.8200 3.799233e+06
  489.8300 3.799327e+06
  489.8400 3.799421e+06
  489.8500 3.799515e+06
  489.8600 3.799609e+06
  489.8700 3.799703e+06
  489.8800 3.799797e+06
  489.8900 3.799891e+06
  489.9000 3.799985e+06
  489.9100 3.800079e+06
  489.9200 3.800173e+06
  489.9300 3.800267e+06
  489.9400 3.800361e+06
  489.9500 3.800455e+06
  489.9600 3.800549e+06
  489.9700 3.800643e+06
  489.9800 3.800737e+06
  489.9900 3.800831e+06
  490.0000 3.800925e+06
  490.0100 3.801019e+06
  490.0200 3.801113e+06
  490.0300 3.801207e+06
  490.0400 3.801301e+06
  490.0500 3.801395e+06
  490.0600 3.801490e+06
  490.0700 3.801584e+06
  490.0800 3.801678e+06
  490.0900 3.801772e+06
  490.1000 3.801866e+06
  490.1100 3.801960e+06
  490.1200 3.802054e+06
  490.1300 3.802148e+06
  490.1400 3.802242e+06
  490.1500 3.802336e+06
  490.1600 3.802430e+06
  490.1700 3.802524e+06
  490.1800 3.802618e+06
  490.1900 3.802712e+06
  490.2000 3.802806e+06
  490.2100 3.802900e+06
  490.2200 3.802994e+06
  490.2300 3.803088e+06
  490.2400 3.803182e+06
  490.2500 3.803276e+06
  490.2600 3.803370e+06
  490.2700 3.803464e+06
  490.2800 3.803558e+06
  490.2900 3.803652e+06
  490.3000 3.803746e+06
  490.3100 3.803840e+06
  490.3200 3.803934e+06
  490.3300 3.804028e+06
  490.3400 3.804122e+06
  490.3500 3.804216e+06
  490.3600 3.804310e+06
  490.3700 3.804404e+06
  490.3800 3.804498e+06
  490.3900 3.804592e+06
  490.4000 3.804686e+06
  490.4100 3.804780e+06
  490.4200 3.804874e+06
  490.4300 3.804968e+06
  490.4400 3.805062e+06
  490.4500 3.805156e+06
  490.4600 3.805250e+06
  490.4700 3.805344e+06
  490.4800 3.805438e+06
  490.4900 3.805532e+06
  490.5000 3.805626e+06
  490.5100 3.805720e+06
  490.5200 3.805814e+06
  490.5300 3.805908e+06
  490.5400 3.806002e+06
  490.5500 3.806096e+06
  490.5600 3.806190e+06
  490.5700 3.806284e+06
  490.5800 3.806378e+06
  490.5900 3.806472e+06
  490.6000 3.806566e+06
  490.6100 3.806660e+06
  490.6200 3.806754e+06
  490.6300 3.806848e+06
  490.6400 3.806942e+06
  490.6500 3.807036e+06
  490.6600 3.807130e+06
  490.6700 3.807224e+06
  490.6800 3.807318e+06
  490.6900 3.807412e+06
  490.7000 3.807506e+06
  490.7100 3.807600e+06
  490.7200 3.807694e+06
  490.7300 3.807788e+06
  490.7400 3.807882e+06
  490.7500 3.807976e+06
  490.7600 3.808070e+06
  490.7700 3.808163e+06
  490.7800 3.808257e+06
  490.7900 3.808351e+06
  490.8000 3.808445e+06
  490.8100 3.808539e+06
  490.8200 3.808633e+06
  490.8300 3.808727e+06
  490.8400 3.808821e+06
  490.8500 3.808915e+06
  490.8600 3.809009e+06
  490.8700 3.809103e+06
  490.8800 3.809197e+06
  490.8900 3.809291e+06
  490.9000 3.809385e+06
  490.9100 3.809479e+06
  490.9200 3.809573e+06
  490.9300 3.809667e+06
  490.9400 3.809761e+06
  490.9500 3.809855e+06
  490.9600 3.809949e+06
  490.9700 3.810043e+06
  490.9800 3.810137e+06
  490.9900 3.810231e+06
  491.0000 3.810325e+06
  491.0100 3.810419e+06
  491.0200 3.810513e+06
  491.0300 3.810607e+06
  491.0400 3.810701e+06
  491.0500 3.810795e+06
  491.0600 3.810889e+06
  491.0700 3.810983e+06
  491.0800 3.811077e+06
  491.0900 3.811171e+06
  491.1000 3.811265e+06
  491.1100 3.811359e+06
  491.1200 3.811453e+06
  491.1300 3.811547e+06
  491.1400 3.811641e+06
  491.1500 3.811735e+06
  491.1600 3.811828e+06
  491.1700 3.811922e+06
  491.1800 3.812016e+06
  491.1900 3.812110e+06
  491.2000 3.812204e+06
  491.2100 3.812298e+06
  491.2200 3.812392e+06
  491.2300 3.812486e+06
  491.2400 3.812580e+06
  491.2500 3.812674e+06
  491.2600 3.812768e+06
  491.2700 3.812862e+06
  491.2800 3.812956e+06
  491.2900 3.813050e+06
  491.3000 3.813144e+06
  491.3100 3.813238e+06
  491.3200 3.813332e+06
  491.3300 3.813426e+06
  491.3400 3.813520e+06
  491.3500 3.813614e+06
  491.3600 3.813708e+06
  491.3700 3.813802e+06
  491.3800 3.813896e+06
  491.3900 3.813990e+06
  491.4000 3.814083e+06
  491.4100 3.814177e+06
  491.4200 3.814271e+06
  491.4300 3.814365e+06
  491.4400 3.814459e+06
  491.4500 3.814553e+06
  491.4600 3.814647e+06
  491.4700 3.814741e+06
  491.4800 3.814835e+06
  491.4900 3.814929e+06
  491.5000 3.815023e+06
  491.5100 3.815117e+06
  491.5200 3.815211e+06
  491.5300 3.815305e+06
  491.5400 3.815399e+06
  491.5500 3.815493e+06
  491.5600 3.815587e+06
  491.5700 3.815681e+06
  491.5800 3.815775e+06
  491.5900 3.815869e+06
  491.6000 3.815962e+06
  491.6100 3.816056e+06
  491.6200 3.816150e+06
  491.6300 3.816244e+06
  491.6400 3.816338e+06
  491.6500 3.816432e+06
  491.6600 3.816526e+06
  491.6700 3.816620e+06
  491.6800 3.816714e+06
  491.6900 3.816808e+06
  491.7000 3.816902e+06
  491.7100 3.816996e+06
  491.7200 3.817090e+06
  491.7300 3.817184e+06
  491.7400 3.817278e+06
  491.7500 3.817372e+06
  491.7600 3.817465e+06
  491.7700 3.817559e+06
  491.7800 3.817653e+06
  491.7900 3.817747e+06
  491.8000 3.817841e+06
  491.8100 3.817935e+06
  491.8200 3.818029e+06
  491.8300 3.818123e+06
  491.8400 3.818217e+06
  491.8500 3.818311e+06
  491.8600 3.818405e+06
  491.8700 3.818499e+06
  491.8800 3.818593e+06
  491.8900 3.818687e+06
  491.9000 3.818781e+06
  491.9100 3.818874e+06
  491.9200 3.818968e+06
  491.9300 3.819062e+06
  491.9400 3.819156e+06
  491.9500 3.819250e+06
  491.9600 3.819344e+06
  491.9700 3.819438e+06
  491.9800 3.819532e+06
  491.9900 3.819626e+06
  492.0000 3.819720e+06
  492.0100 3.819814e+06
  492.0200 3.819908e+06
  492.0300 3.820002e+06
  492.0400 3.820095e+06
  492.0500 3.820189e+06
  492.0600 3.820283e+06
  492.0700 3.820377e+06
  492.0800 3.820471e+06
  492.0900 3.820565e+06
  492.1000 3.820659e+06
  492.1100 3.820753e+06
  492.1200 3.820847e+06
  492.1300 3.820941e+06
  492.1400 3.821035e+06
  492.1500 3.821129e+06
  492.1600 3.821223e+06
  492.1700 3.821316e+06
  492.1800 3.821410e+06
  492.1900 3.821504e+06
  492.2000 3.821598e+06
  492.2100 3.821692e+06
  492.2200 3.821786e+06
  492.2300 3.821880e+06
  492.2400 3.821974e+06
  492.2500 3.822068e+06
  492.2600 3.822162e+06
  492.2700 3.822256e+06
  492.2800 3.822349e+06
  492.2900 3.822443e+06
  492.3000 3.822537e+06
  492.3100 3.822631e+06
  492.3200 3.822725e+06
  492.3300 3.822819e+06
  492.3400 3.822913e+06
  492.3500 3.823007e+06
  492.3600 3.823101e+06
  492.3700 3.823195e+06
  492.3800 3.823289e+06
  492.3900 3.823382e+06
  492.4000 3.823476e+06
  492.4100 3.823570e+06
  492.4200 3.823664e+06
  492.4300 3.823758e+06
  492.4400 3.823852e+06
  492.4500 3.823946e+06
  492.4600 3.824040e+06
  492.4700 3.824134e+06
  492.4800 3.824228e+06
  492.4900 3.824321e+06
  492.5000 3.824415e+06
  492.5100 3.824509e+06
  492.5200 3.824603e+06
  492.5300 3.824697e+06
  492.5400 3.824791e+06
  492.5500 3.824885e+06
  492.5600 3.824979e+06
  492.5700 3.825073e+06
  492.5800 3.825167e+06
  492.5900 3.825260e+06
  492.6000 3.825354e+06
  492.6100 3.825448e+06
  492.6200 3.825542e+06
  492.6300 3.825636e+06
  492.6400 3.825730e+06
  492.6500 3.825824e+06
  492.6600 3.825918e+06
  492.6700 3.826012e+06
  492.6800 3.826105e+06
  492.6900 3.826199e+06
  492.7000 3.826293e+06
  492.7100 3.826387e+06
  492.7200 3.826481e+06
  492.7300 3.826575e+06
  492.7400 3.826669e+06
  492.7500 3.826763e+06
  492.7600 3.826857e+06
  492.7700 3.826950e+06
  492.7800 3.827044e+06
  492.7900 3.827138e+06
  492.8000 3.827232e+06
  492.8100 3.827326e+06
  492.8200 3.827420e+06
  492.8300 3.827514e+06
  492.8400 3.827608e+06
  492.8500 3.827701e+06
  492.8600 3.827795e+06
  492.8700 3.827889e+06
  492.8800 3.827983e+06
  492.8900 3.828077e+06
  492.9000 3.828171e+06
  492.9100 3.828265e+06
  492.9200 3.828359e+06
  492.9300 3.828452e+06
  492.9400 3.828546e+06
  492.9500 3.828640e+06
  492.9600 3.828734e+06
  492.9700 3.828828e+06
  492.9800 3.828922e+06
  492.9900 3.829016e+06
  493.0000 3.829110e+06
  493.0100 3.829203e+06
  493.0200 3.829297e+06
  493.0300 3.829391e+06
  493.0400 3.829485e+06
  493.0500 3.829579e+06
  493.0600 3.829673e+06
  493.0700 3.829767e+06
  493.0800 3.829861e+06
  493.0900 3.829954e+06
  493.1000 3.830048e+06
  493.1100 3.830142e+06
  493.1200 3.830236e+06
  493.1300 3.830330e+06
  493.1400 3.830424e+06
  493.1500 3.830518e+06
  493.1600 3.830611e+06
  493.1700 3.830705e+06
  493.1800 3.830799e+06
  493.1900 3.830893e+06
  493.2000 3.830987e+06
  493.2100 3.831081e+06
  493.2200 3.831175e+06
  493.2300 3.831269e+06
  493.2400 3.831362e+06
  493.2500 3.831456e+06
  493.2600 3.831550e+06
  493.2700 3.831644e+06
  493.2800 3.831738e+06
  493.2900 3.831832e+06
  493.3000 3.831926e+06
  493.3100 3.832019e+06
  493.3200 3.832113e+06
  493.3300 3.832207e+06
  493.3400 3.832301e+06
  493.3500 3.832395e+06
  493.3600 3.832489e+06
  493.3700 3.832582e+06
  493.3800 3.832676e+06
  493.3900 3.832770e+06
  493.4000 3.832864e+06
  493.4100 3.832958e+06
  493.4200 3.833052e+06
  493.4300 3.833146e+06
  493.4400 3.833239e+06
  493.4500 3.833333e+06
  493.4600 3.833427e+06
  493.4700 3.833521e+06
  493.4800 3.833615e+06
  493.4900 3.833709e+06
  493.5000 3.833803e+06
  493.5100 3.833896e+06
  493.5200 3.833990e+06
  493.5300 3.834084e+06
  493.5400 3.834178e+06
  493.5500 3.834272e+06
  493.5600 3.834366e+06
  493.5700 3.834459e+06
  493.5800 3.834553e+06
  493.5900 3.834647e+06
  493.6000 3.834741e+06
  493.6100 3.834835e+06
  493.6200 3.834929e+06
  493.6300 3.835022e+06
  493.6400 3.835116e+06
  493.6500 3.835210e+06
  493.6600 3.835304e+06
  493.6700 3.835398e+06
  493.6800 3.835492e+06
  493.6900 3.835585e+06
  493.7000 3.835679e+06
  493.7100 3.835773e+06
  493.7200 3.835867e+06
  493.7300 3.835961e+06
  493.7400 3.836055e+06
  493.7500 3.836148e+06
  493.7600 3.836242e+06
  493.7700 3.836336e+06
  493.7800 3.836430e+06
  493.7900 3.836524e+06
  493.8000 3.836618e+06
  493.8100 3.836711e+06
  493.8200 3.836805e+06
  493.8300 3.836899e+06
  493.8400 3.836993e+06
  493.8500 3.837087e+06
  493.8600 3.837181e+06
  493.8700 3.837274e+06
  493.8800 3.837368e+06
  493.8900 3.837462e+06
  493.9000 3.837556e+06
  493.9100 3.837650e+06
  493.9200 3.837744e+06
  493.9300 3.837837e+06
  493.9400 3.837931e+06
  493.9500 3.838025e+06
  493.9600 3.838119e+06
  493.9700 3.838213e+06
  493.9800 3.838306e+06
  493.9900 3.838400e+06
  494.0000 3.838494e+06
  494.0100 3.838588e+06
  494.0200 3.838682e+06
  494.0300 3.838776e+06
  494.0400 3.838869e+06
  494.0500 3.838963e+06
  494.0600 3.839057e+06
  494.0700 3.839151e+06
  494.0800 3.839245e+06
  494.0900 3.839338e+06
  494.1000 3.839432e+06
  494.1100 3.839526e+06
  494.1200 3.839620e+06
  494.1300 3.839714e+06
  494.1400 3.839807e+06
  494.1500 3.839901e+06
  494.1600 3.839995e+06
  494.1700 3.840089e+06
  494.1800 3.840183e+06
  494.1900 3.840277e+06
  494.2000 3.840370e+06
  494.2100 3.840464e+06
  494.2200 3.840558e+06
  494.2300 3.840652e+06
  494.2400 3.840746e+06
  494.2500 3.840839e+06
  494.2600 3.840933e+06
  494.2700 3.841027e+06
  494.2800 3.841121e+06
  494.2900 3.841215e+06
  494.3000 3.841308e+06
  494.3100 3.841402e+06
  494.3200 3.841496e+06
  494.3300 3.841590e+06
  494.3400 3.841684e+06
  494.3500 3.841777e+06
  494.3600 3.841871e+06
  494.3700 3.841965e+06
  494.3800 3.842059e+06
  494.3900 3.842153e+06
  494.4000 3.842246e+06
  494.4100 3.842340e+06
  494.4200 3.842434e+06
  494.4300 3.842528e+06
  494.4400 3.842621e+06
  494.4500 3.842715e+06
  494.4600 3.842809e+06
  494.4700 3.842903e+06
  494.4800 3.842997e+06
  494.4900 3.843090e+06
  494.5000 3.843184e+06
  494.5100 3.843278e+06
  494.5200 3.843372e+06
  494.5300 3.843466e+06
  494.5400 3.843559e+06
  494.5500 3.843653e+06
  494.5600 3.843747e+06
  494.5700 3.843841e+06
  494.5800 3.843935e+06
  494.5900 3.844028e+06
  494.6000 3.844122e+06
  494.6100 3.844216e+06
  494.6200 3.844310e+06
  494.6300 3.844403e+06
  494.6400 3.844497e+06
  494.6500 3.844591e+06
  494.6600 3.844685e+06
  494.6700 3.844779e+06
  494.6800 3.844872e+06
  494.6900 3.844966e+06
  494.7000 3.845060e+06
  494.7100 3.845154e+06
  494.7200 3.845247e+06
  494.7300 3.845341e+06
  494.7400 3.845435e+06
  494.7500 3.845529e+06
  494.7600 3.845623e+06
  494.7700 3.845716e+06
  494.7800 3.845810e+06
  494.7900 3.845904e+06
  494.8000 3.845998e+06
  494.8100 3.846091e+06
  494.8200 3.846185e+06
  494.8300 3.846279e+06
  494.8400 3.846373e+06
  494.8500 3.846466e+06
  494.8600 3.846560e+06
  494.8700 3.846654e+06
  494.8800 3.846748e+06
  494.8900 3.846842e+06
  494.9000 3.846935e+06
  494.9100 3.847029e+06
  494.9200 3.847123e+06
  494.9300 3.847217e+06
  494.9400 3.847310e+06
  494.9500 3.847404e+06
  494.9600 3.847498e+06
  494.9700 3.847592e+06
  494.9800 3.847685e+06
  494.9900 3.847779e+06
  495.0000 3.847873e+06
  495.0100 3.847967e+06
  495.0200 3.848060e+06
  495.0300 3.848154e+06
  495.0400 3.848248e+06
  495.0500 3.848342e+06
  495.0600 3.848436e+06
  495.0700 3.848529e+06
  495.0800 3.848623e+06
  495.0900 3.848717e+06
  495.1000 3.848811e+06
  495.1100 3.848904e+06
  495.1200 3.848998e+06
  495.1300 3.849092e+06
  495.1400 3.849186e+06
  495.1500 3.849279e+06
  495.1600 3.849373e+06
  495.1700 3.849467e+06
  495.1800 3.849561e+06
  495.1900 3.849654e+06
  495.2000 3.849748e+06
  495.2100 3.849842e+06
  495.2200 3.849936e+06
  495.2300 3.850029e+06
  495.2400 3.850123e+06
  495.2500 3.850217e+06
  495.2600 3.850311e+06
  495.2700 3.850404e+06
  495.2800 3.850498e+06
  495.2900 3.850592e+06
  495.3000 3.850685e+06
  495.3100 3.850779e+06
  495.3200 3.850873e+06
  495.3300 3.850967e+06
  495.3400 3.851060e+06
  495.3500 3.851154e+06
  495.3600 3.851248e+06
  495.3700 3.851342e+06
  495.3800 3.851435e+06
  495.3900 3.851529e+06
  495.4000 3.851623e+06
  495.4100 3.851717e+06
  495.4200 3.851810e+06
  495.4300 3.851904e+06
  495.4400 3.851998e+06
  495.4500 3.852092e+06
  495.4600 3.852185e+06
  495.4700 3.852279e+06
  495.4800 3.852373e+06
  495.4900 3.852466e+06
  495.5000 3.852560e+06
  495.5100 3.852654e+06
  495.5200 3.852748e+06
  495.5300 3.852841e+06
  495.5400 3.852935e+06
  495.5500 3.853029e+06
  495.5600 3.853123e+06
  495.5700 3.853216e+06
  495.5800 3.853310e+06
  495.5900 3.853404e+06
  495.6000 3.853497e+06
  495.6100 3.853591e+06
  495.6200 3.853685e+06
  495.6300 3.853779e+06
  495.6400 3.853872e+06
  495.6500 3.853966e+06
  495.6600 3.854060e+06
  495.6700 3.854154e+06
  495.6800 3.854247e+06
  495.6900 3.854341e+06
  495.7000 3.854435e+06
  495.7100 3.854528e+06
  495.7200 3.854622e+06
  495.7300 3.854716e+06
  495.7400 3.854810e+06
  495.7500 3.854903e+06
  495.7600 3.854997e+06
  495.7700 3.855091e+06
  495.7800 3.855184e+06
  495.7900 3.855278e+06
  495.8000 3.855372e+06
  495.8100 3.855466e+06
  495.8200 3.855559e+06
  495.8300 3.855653e+06
  495.8400 3.855747e+06
  495.8500 3.855840e+06
  495.8600 3.855934e+06
  495.8700 3.856028e+06
  495.8800 3.856122e+06
  495.8900 3.856215e+06
  495.9000 3.856309e+06
  495.9100 3.856403e+06
  495.9200 3.856496e+06
  495.9300 3.856590e+06
  495.9400 3.856684e+06
  495.9500 3.856777e+06
  495.9600 3.856871e+06
  495.9700 3.856965e+06
  495.9800 3.857059e+06
  495.9900 3.857152e+06
  496.0000 3.857246e+06
  496.0100 3.857340e+06
  496.0200 3.857433e+06
  496.0300 3.857527e+06
  496.0400 3.857621e+06
  496.0500 3.857714e+06
  496.0600 3.857808e+06
  496.0700 3.857902e+06
  496.0800 3.857996e+06
  496.0900 3.858089e+06
  496.1000 3.858183e+06
  496.1100 3.858277e+06
  496.1200 3.858370e+06
  496.1300 3.858464e+06
  496.1400 3.858558e+06
  496.1500 3.858651e+06
  496.1600 3.858745e+06
  496.1700 3.858839e+06
  496.1800 3.858932e+06
  496.1900 3.859026e+06
  496.2000 3.859120e+06
  496.2100 3.859214e+06
  496.2200 3.859307e+06
  496.2300 3.859401e+06
  496.2400 3.859495e+06
  496.2500 3.859588e+06
  496.2600 3.859682e+06
  496.2700 3.859776e+06
  496.2800 3.859869e+06
  496.2900 3.859963e+06
  496.3000 3.860057e+06
  496.3100 3.860150e+06
  496.3200 3.860244e+06
  496.3300 3.860338e+06
  496.3400 3.860431e+06
  496.3500 3.860525e+06
  496.3600 3.860619e+06
  496.3700 3.860712e+06
  496.3800 3.860806e+06
  496.3900 3.860900e+06
  496.4000 3.860993e+06
  496.4100 3.861087e+06
  496.4200 3.861181e+06
  496.4300 3.861274e+06
  496.4400 3.861368e+06
  496.4500 3.861462e+06
  496.4600 3.861556e+06
  496.4700 3.861649e+06
  496.4800 3.861743e+06
  496.4900 3.861837e+06
  496.5000 3.861930e+06
  496.5100 3.862024e+06
  496.5200 3.862118e+06
  496.5300 3.862211e+06
  496.5400 3.862305e+06
  496.5500 3.862399e+06
  496.5600 3.862492e+06
  496.5700 3.862586e+06
  496.5800 3.862680e+06
  496.5900 3.862773e+06
  496.6000 3.862867e+06
  496.6100 3.862961e+06
  496.6200 3.863054e+06
  496.6300 3.863148e+06
  496.6400 3.863241e+06
  496.6500 3.863335e+06
  496.6600 3.863429e+06
  496.6700 3.863522e+06
  496.6800 3.863616e+06
  496.6900 3.863710e+06
  496.7000 3.863803e+06
  496.7100 3.863897e+06
  496.7200 3.863991e+06
  496.7300 3.864084e+06
  496.7400 3.864178e+06
  496.7500 3.864272e+06
  496.7600 3.864365e+06
  496.7700 3.864459e+06
  496.7800 3.864553e+06
  496.7900 3.864646e+06
  496.8000 3.864740e+06
  496.8100 3.864834e+06
  496.8200 3.864927e+06
  496.8300 3.865021e+06
  496.8400 3.865115e+06
  496.8500 3.865208e+06
  496.8600 3.865302e+06
  496.8700 3.865395e+06
  496.8800 3.865489e+06
  496.8900 3.865583e+06
  496.9000 3.865676e+06
  496.9100 3.865770e+06
  496.9200 3.865864e+06
  496.9300 3.865957e+06
  496.9400 3.866051e+06
  496.9500 3.866145e+06
  496.9600 3.866238e+06
  496.9700 3.866332e+06
  496.9800 3.866426e+06
  496.9900 3.866519e+06
  497.0000 3.866613e+06
  497.0100 3.866706e+06
  497.0200 3.866800e+06
  497.0300 3.866894e+06
  497.0400 3.866987e+06
  497.0500 3.867081e+06
  497.0600 3.867175e+06
  497.0700 3.867268e+06
  497.0800 3.867362e+06
  497.0900 3.867456e+06
  497.1000 3.867549e+06
  497.1100 3.867643e+06
  497.1200 3.867736e+06
  497.1300 3.867830e+06
  497.1400 3.867924e+06
  497.1500 3.868017e+06
  497.1600 3.868111e+06
  497.1700 3.868205e+06
  497.1800 3.868298e+06
  497.1900 3.868392e+06
  497.2000 3.868485e+06
  497.2100 3.868579e+06
  497.2200 3.868673e+06
  497.2300 3.868766e+06
  497.2400 3.868860e+06
  497.2500 3.868954e+06
  497.2600 3.869047e+06
  497.2700 3.869141e+06
  497.2800 3.869234e+06
  497.2900 3.869328e+06
  497.3000 3.869422e+06
  497.3100 3.869515e+06
  497.3200 3.869609e+06
  497.3300 3.869703e+06
  497.3400 3.869796e+06
  497.3500 3.869890e+06
  497.3600 3.869983e+06
  497.3700 3.870077e+06
  497.3800 3.870171e+06
  497.3900 3.870264e+06
  497.4000 3.870358e+06
  497.4100 3.870451e+06
  497.4200 3.870545e+06
  497.4300 3.870639e+06
  497.4400 3.870732e+06
  497.4500 3.870826e+06
  497.4600 3.870919e+06
  497.4700 3.871013e+06
  497.4800 3.871107e+06
  497.4900 3.871200e+06
  497.5000 3.871294e+06
  497.5100 3.871387e+06
  497.5200 3.871481e+06
  497.5300 3.871575e+06
  497.5400 3.871668e+06
  497.5500 3.871762e+06
  497.5600 3.871855e+06
  497.5700 3.871949e+06
  497.5800 3.872043e+06
  497.5900 3.872136e+06
  497.6000 3.872230e+06
  497.6100 3.872323e+06
  497.6200 3.872417e+06
  497.6300 3.872511e+06
  497.6400 3.872604e+06
  497.6500 3.872698e+06
  497.6600 3.872791e+06
  497.6700 3.872885e+06
  497.6800 3.872979e+06
  497.6900 3.873072e+06
  497.7000 3.873166e+06
  497.7100 3.873259e+06
  497.7200 3.873353e+06
  497.7300 3.873447e+06
  497.7400 3.873540e+06
  497.7500 3.873634e+06
  497.7600 3.873727e+06
  497.7700 3.873821e+06
  497.7800 3.873915e+06
  497.7900 3.874008e+06
  497.8000 3.874102e+06
  497.8100 3.874195e+06
  497.8200 3.874289e+06
  497.8300 3.874382e+06
  497.8400 3.874476e+06
  497.8500 3.874570e+06
  497.8600 3.874663e+06
  497.8700 3.874757e+06
  497.8800 3.874850e+06
  497.8900 3.874944e+06
  497.9000 3.875038e+06
  497.9100 3.875131e+06
  497.9200 3.875225e+06
  497.9300 3.875318e+06
  497.9400 3.875412e+06
  497.9500 3.875505e+06
  497.9600 3.875599e+06
  497.9700 3.875693e+06
  497.9800 3.875786e+06
  497.9900 3.875880e+06
  498.0000 3.875973e+06
  498.0100 3.876067e+06
  498.0200 3.876160e+06
  498.0300 3.876254e+06
  498.0400 3.876348e+06
  498.0500 3.876441e+06
  498.0600 3.876535e+06
  498.0700 3.876628e+06
  498.0800 3.876722e+06
  498.0900 3.876815e+06
  498.1000 3.876909e+06
  498.1100 3.877003e+06
  498.1200 3.877096e+06
  498.1300 3.877190e+06
  498.1400 3.877283e+06
  498.1500 3.877377e+06
  498.1600 3.877470e+06
  498.1700 3.877564e+06
  498.1800 3.877657e+06
  498.1900 3.877751e+06
  498.2000 3.877845e+06
  498.2100 3.877938e+06
  498.2200 3.878032e+06
  498.2300 3.878125e+06
  498.2400 3.878219e+06
  498.2500 3.878312e+06
  498.2600 3.878406e+06
  498.2700 3.878499e+06
  498.2800 3.878593e+06
  498.2900 3.878687e+06
  498.3000 3.878780e+06
  498.3100 3.878874e+06
  498.3200 3.878967e+06
  498.3300 3.879061e+06
  498.3400 3.879154e+06
  498.3500 3.879248e+06
  498.3600 3.879341e+06
  498.3700 3.879435e+06
  498.3800 3.879528e+06
  498.3900 3.879622e+06
  498.4000 3.879716e+06
  498.4100 3.879809e+06
  498.4200 3.879903e+06
  498.4300 3.879996e+06
  498.4400 3.880090e+06
  498.4500 3.880183e+06
  498.4600 3.880277e+06
  498.4700 3.880370e+06
  498.4800 3.880464e+06
  498.4900 3.880557e+06
  498.5000 3.880651e+06
  498.5100 3.880745e+06
  498.5200 3.880838e+06
  498.5300 3.880932e+06
  498.5400 3.881025e+06
  498.5500 3.881119e+06
  498.5600 3.881212e+06
  498.5700 3.881306e+06
  498.5800 3.881399e+06
  498.5900 3.881493e+06
  498.6000 3.881586e+06
  498.6100 3.881680e+06
  498.6200 3.881773e+06
  498.6300 3.881867e+06
  498.6400 3.881960e+06
  498.6500 3.882054e+06
  498.6600 3.882148e+06
  498.6700 3.882241e+06
  498.6800 3.882335e+06
  498.6900 3.882428e+06
  498.7000 3.882522e+06
  498.7100 3.882615e+06
  498.7200 3.882709e+06
  498.7300 3.882802e+06
  498.7400 3.882896e+06
  498.7500 3.882989e+06
  498.7600 3.883083e+06
  498.7700 3.883176e+06
  498.7800 3.883270e+06
  498.7900 3.883363e+06
  498.8000 3.883457e+06
  498.8100 3.883550e+06
  498.8200 3.883644e+06
  498.8300 3.883737e+06
  498.8400 3.883831e+06
  498.8500 3.883924e+06
  498.8600 3.884018e+06
  498.8700 3.884111e+06
  498.8800 3.884205e+06
  498.8900 3.884298e+06
  498.9000 3.884392e+06
  498.9100 3.884485e+06
  498.9200 3.884579e+06
  498.9300 3.884672e+06
  498.9400 3.884766e+06
  498.9500 3.884859e+06
  498.9600 3.884953e+06
  498.9700 3.885046e+06
  498.9800 3.885140e+06
  498.9900 3.885233e+06
  499.0000 3.885327e+06
  499.0100 3.885421e+06
  499.0200 3.885514e+06
  499.0300 3.885608e+06
  499.0400 3.885701e+06
  499.0500 3.885795e+06
  499.0600 3.885888e+06
  499.0700 3.885982e+06
  499.0800 3.886075e+06
  499.0900 3.886169e+06
  499.1000 3.886262e+06
  499.1100 3.886355e+06
  499.1200 3.886449e+06
  499.1300 3.886542e+06
  499.1400 3.886636e+06
  499.1500 3.886729e+06
  499.1600 3.886823e+06
  499.1700 3.886916e+06
  499.1800 3.887010e+06
  499.1900 3.887103e+06
  499.2000 3.887197e+06
  499.2100 3.887290e+06
  499.2200 3.887384e+06
  499.2300 3.887477e+06
  499.2400 3.887571e+06
  499.2500 3.887664e+06
  499.2600 3.887758e+06
  499.2700 3.887851e+06
  499.2800 3.887945e+06
  499.2900 3.888038e+06
  499.3000 3.888132e+06
  499.3100 3.888225e+06
  499.3200 3.888319e+06
  499.3300 3.888412e+06
  499.3400 3.888506e+06
  499.3500 3.888599e+06
  499.3600 3.888693e+06
  499.3700 3.888786e+06
  499.3800 3.888880e+06
  499.3900 3.888973e+06
  499.4000 3.889067e+06
  499.4100 3.889160e+06
  499.4200 3.889254e+06
  499.4300 3.889347e+06
  499.4400 3.889440e+06
  499.4500 3.889534e+06
  499.4600 3.889627e+06
  499.4700 3.889721e+06
  499.4800 3.889814e+06
  499.4900 3.889908e+06
  499.5000 3.890001e+06
  499.5100 3.890095e+06
  499.5200 3.890188e+06
  499.5300 3.890282e+06
  499.5400 3.890375e+06
  499.5500 3.890469e+06
  499.5600 3.890562e+06
  499.5700 3.890656e+06
  499.5800 3.890749e+06
  499.5900 3.890842e+06
  499.6000 3.890936e+06
  499.6100 3.891029e+06
  499.6200 3.891123e+06
  499.6300 3.891216e+06
  499.6400 3.891310e+06
  499.6500 3.891403e+06
  499.6600 3.891497e+06
  499.6700 3.891590e+06
  499.6800 3.891684e+06
  499.6900 3.891777e+06
  499.7000 3.891870e+06
  499.7100 3.891964e+06
  499.7200 3.892057e+06
  499.7300 3.892151e+06
  499.7400 3.892244e+06
  499.7500 3.892338e+06
  499.7600 3.892431e+06
  499.7700 3.892525e+06
  499.7800 3.892618e+06
  499.7900 3.892712e+06
  499.8000 3.892805e+06
  499.8100 3.892898e+06
  499.8200 3.892992e+06
  499.8300 3.893085e+06
  499.8400 3.893179e+06
  499.8500 3.893272e+06
  499.8600 3.893366e+06
  499.8700 3.893459e+06
  499.8800 3.893553e+06
  499.8900 3.893646e+06
  499.9000 3.893739e+06
  499.9100 3.893833e+06
  499.9200 3.893926e+06
  499.9300 3.894020e+06
  499.9400 3.894113e+06
  499.9500 3.894207e+06
  499.9600 3.894300e+06
  499.9700 3.894393e+06
  499.9800 3.894487e+06
  499.9900 3.894580e+06
