energy[ev]	n     k
      1500.00      0.99970271   5.2475636e-05
      1500.10      0.99970275   5.2463169e-05
      1500.20      0.99970278   5.2450705e-05
      1500.30      0.99970282   5.2438229e-05
      1500.40      0.99970286   5.2425771e-05
      1500.50      0.99970290   5.2413316e-05
      1500.60      0.99970293   5.2400863e-05
      1500.70      0.99970297   5.2388414e-05
      1500.80      0.99970301   5.2375952e-05
      1500.90      0.99970305   5.2363508e-05
      1501.00      0.99970308   5.2351067e-05
      1501.10      0.99970312   5.2338629e-05
      1501.20      0.99970316   5.2326194e-05
      1501.30      0.99970320   5.2313746e-05
      1501.40      0.99970323   5.2301316e-05
      1501.50      0.99970327   5.2288889e-05
      1501.60      0.99970331   5.2276466e-05
      1501.70      0.99970335   5.2264044e-05
      1501.80      0.99970338   5.2251611e-05
      1501.90      0.99970342   5.2239196e-05
      1502.00      0.99970346   5.2226783e-05
      1502.10      0.99970350   5.2214373e-05
      1502.20      0.99970353   5.2201967e-05
      1502.30      0.99970357   5.2189547e-05
      1502.40      0.99970361   5.2177146e-05
      1502.50      0.99970365   5.2164748e-05
      1502.60      0.99970368   5.2152352e-05
      1502.70      0.99970372   5.2139960e-05
      1502.80      0.99970376   5.2127555e-05
      1502.90      0.99970379   5.2115168e-05
      1503.00      0.99970383   5.2102784e-05
      1503.10      0.99970387   5.2090402e-05
      1503.20      0.99970391   5.2078024e-05
      1503.30      0.99970394   5.2065633e-05
      1503.40      0.99970398   5.2053260e-05
      1503.50      0.99970402   5.2040890e-05
      1503.60      0.99970406   5.2028523e-05
      1503.70      0.99970409   5.2016159e-05
      1503.80      0.99970413   5.2003782e-05
      1503.90      0.99970417   5.1991423e-05
      1504.00      0.99970420   5.1979068e-05
      1504.10      0.99970424   5.1966715e-05
      1504.20      0.99970428   5.1954364e-05
      1504.30      0.99970432   5.1942002e-05
      1504.40      0.99970435   5.1929657e-05
      1504.50      0.99970439   5.1917316e-05
      1504.60      0.99970443   5.1904977e-05
      1504.70      0.99970447   5.1892641e-05
      1504.80      0.99970450   5.1880292e-05
      1504.90      0.99970454   5.1867962e-05
      1505.00      0.99970458   5.1855634e-05
      1505.10      0.99970461   5.1843309e-05
      1505.20      0.99970465   5.1830987e-05
      1505.30      0.99970469   5.1818653e-05
      1505.40      0.99970473   5.1806337e-05
      1505.50      0.99970476   5.1794023e-05
      1505.60      0.99970480   5.1781713e-05
      1505.70      0.99970484   5.1769405e-05
      1505.80      0.99970487   5.1757085e-05
      1505.90      0.99970491   5.1744782e-05
      1506.00      0.99970495   5.1732483e-05
      1506.10      0.99970499   5.1720186e-05
      1506.20      0.99970502   5.1707892e-05
      1506.30      0.99970506   5.1695586e-05
      1506.40      0.99970510   5.1683298e-05
      1506.50      0.99970513   5.1671013e-05
      1506.60      0.99970517   5.1658730e-05
      1506.70      0.99970521   5.1646450e-05
      1506.80      0.99970524   5.1634158e-05
      1506.90      0.99970528   5.1621884e-05
      1507.00      0.99970532   5.1609612e-05
      1507.10      0.99970536   5.1597344e-05
      1507.20      0.99970539   5.1585078e-05
      1507.30      0.99970543   5.1572800e-05
      1507.40      0.99970547   5.1560540e-05
      1507.50      0.99970550   5.1548282e-05
      1507.60      0.99970554   5.1536028e-05
      1507.70      0.99970558   5.1523776e-05
      1507.80      0.99970561   5.1511512e-05
      1507.90      0.99970565   5.1499266e-05
      1508.00      0.99970569   5.1487022e-05
      1508.10      0.99970573   5.1474782e-05
      1508.20      0.99970576   5.1462544e-05
      1508.30      0.99970580   5.1450294e-05
      1508.40      0.99970584   5.1438062e-05
      1508.50      0.99970587   5.1425832e-05
      1508.60      0.99970591   5.1413606e-05
      1508.70      0.99970595   5.1401382e-05
      1508.80      0.99970598   5.1389146e-05
      1508.90      0.99970602   5.1376927e-05
      1509.00      0.99970606   5.1364712e-05
      1509.10      0.99970609   5.1352499e-05
      1509.20      0.99970613   5.1340289e-05
      1509.30      0.99970617   5.1328067e-05
      1509.40      0.99970621   5.1315863e-05
      1509.50      0.99970624   5.1303661e-05
      1509.60      0.99970628   5.1291462e-05
      1509.70      0.99970632   5.1279266e-05
      1509.80      0.99970635   5.1267058e-05
      1509.90      0.99970639   5.1254868e-05
      1510.00      0.99970643   5.1242680e-05
      1510.10      0.99970646   5.1230495e-05
      1510.20      0.99970650   5.1218313e-05
      1510.30      0.99970654   5.1206119e-05
      1510.40      0.99970657   5.1193942e-05
      1510.50      0.99970661   5.1181769e-05
      1510.60      0.99970665   5.1169598e-05
      1510.70      0.99970668   5.1157429e-05
      1510.80      0.99970672   5.1145249e-05
      1510.90      0.99970676   5.1133086e-05
      1511.00      0.99970679   5.1120926e-05
      1511.10      0.99970683   5.1108769e-05
      1511.20      0.99970687   5.1096615e-05
      1511.30      0.99970690   5.1084448e-05
      1511.40      0.99970694   5.1072300e-05
      1511.50      0.99970698   5.1060153e-05
      1511.60      0.99970701   5.1048010e-05
      1511.70      0.99970705   5.1035870e-05
      1511.80      0.99970709   5.1023717e-05
      1511.90      0.99970712   5.1011582e-05
      1512.00      0.99970716   5.0999450e-05
      1512.10      0.99970720   5.0987320e-05
      1512.20      0.99970723   5.0975193e-05
      1512.30      0.99970727   5.0963055e-05
      1512.40      0.99970731   5.0950934e-05
      1512.50      0.99970734   5.0938815e-05
      1512.60      0.99970738   5.0926699e-05
      1512.70      0.99970742   5.0914586e-05
      1512.80      0.99970745   5.0902462e-05
      1512.90      0.99970749   5.0890354e-05
      1513.00      0.99970753   5.0878249e-05
      1513.10      0.99970756   5.0866148e-05
      1513.20      0.99970760   5.0854048e-05
      1513.30      0.99970764   5.0841937e-05
      1513.40      0.99970767   5.0829844e-05
      1513.50      0.99970771   5.0817753e-05
      1513.60      0.99970775   5.0805665e-05
      1513.70      0.99970778   5.0793579e-05
      1513.80      0.99970782   5.0781482e-05
      1513.90      0.99970786   5.0769402e-05
      1514.00      0.99970789   5.0757325e-05
      1514.10      0.99970793   5.0745250e-05
      1514.20      0.99970797   5.0733179e-05
      1514.30      0.99970800   5.0721095e-05
      1514.40      0.99970804   5.0709029e-05
      1514.50      0.99970808   5.0696966e-05
      1514.60      0.99970811   5.0684905e-05
      1514.70      0.99970815   5.0672847e-05
      1514.80      0.99970819   5.0660777e-05
      1514.90      0.99970822   5.0648725e-05
      1515.00      0.99970826   5.0636675e-05
      1515.10      0.99970829   5.0624628e-05
      1515.20      0.99970833   5.0612584e-05
      1515.30      0.99970837   5.0600528e-05
      1515.40      0.99970840   5.0588489e-05
      1515.50      0.99970844   5.0576453e-05
      1515.60      0.99970848   5.0564420e-05
      1515.70      0.99970851   5.0552389e-05
      1515.80      0.99970855   5.0540347e-05
      1515.90      0.99970859   5.0528322e-05
      1516.00      0.99970862   5.0516299e-05
      1516.10      0.99970866   5.0504280e-05
      1516.20      0.99970869   5.0492263e-05
      1516.30      0.99970873   5.0480234e-05
      1516.40      0.99970877   5.0468222e-05
      1516.50      0.99970880   5.0456214e-05
      1516.60      0.99970884   5.0444208e-05
      1516.70      0.99970888   5.0432205e-05
      1516.80      0.99970891   5.0420190e-05
      1516.90      0.99970895   5.0408192e-05
      1517.00      0.99970899   5.0396197e-05
      1517.10      0.99970902   5.0384204e-05
      1517.20      0.99970906   5.0372234e-05
      1517.30      0.99970909   5.0360426e-05
      1517.40      0.99970913   5.0348634e-05
      1517.50      0.99970917   5.0336846e-05
      1517.60      0.99970920   5.0325060e-05
      1517.70      0.99970924   5.0313277e-05
      1517.80      0.99970928   5.0301482e-05
      1517.90      0.99970931   5.0289704e-05
      1518.00      0.99970935   5.0277928e-05
      1518.10      0.99970939   5.0266156e-05
      1518.20      0.99970942   5.0254386e-05
      1518.30      0.99970946   5.0242604e-05
      1518.40      0.99970950   5.0230840e-05
      1518.50      0.99970953   5.0219078e-05
      1518.60      0.99970957   5.0207318e-05
      1518.70      0.99970961   5.0195562e-05
      1518.80      0.99970964   5.0183793e-05
      1518.90      0.99970968   5.0172042e-05
      1519.00      0.99970972   5.0160293e-05
      1519.10      0.99970975   5.0148547e-05
      1519.20      0.99970979   5.0136804e-05
      1519.30      0.99970983   5.0125049e-05
      1519.40      0.99970986   5.0113311e-05
      1519.50      0.99970990   5.0101576e-05
      1519.60      0.99970994   5.0089843e-05
      1519.70      0.99970997   5.0078113e-05
      1519.80      0.99971001   5.0066371e-05
      1519.90      0.99971005   5.0054647e-05
      1520.00      0.99971008   5.0042925e-05
      1520.10      0.99971012   5.0031205e-05
      1520.20      0.99971015   5.0019488e-05
      1520.30      0.99971019   5.0007760e-05
      1520.40      0.99971023   4.9996048e-05
      1520.50      0.99971026   4.9984340e-05
      1520.60      0.99971030   4.9972633e-05
      1520.70      0.99971034   4.9960942e-05
      1520.80      0.99971037   4.9949238e-05
      1520.90      0.99971041   4.9937552e-05
      1521.00      0.99971045   4.9925868e-05
      1521.10      0.99971048   4.9914187e-05
      1521.20      0.99971052   4.9902509e-05
      1521.30      0.99971056   4.9890818e-05
      1521.40      0.99971059   4.9879145e-05
      1521.50      0.99971063   4.9867475e-05
      1521.60      0.99971067   4.9855807e-05
      1521.70      0.99971070   4.9844141e-05
      1521.80      0.99971074   4.9832464e-05
      1521.90      0.99971078   4.9820804e-05
      1522.00      0.99971081   4.9809147e-05
      1522.10      0.99971085   4.9797492e-05
      1522.20      0.99971088   4.9785840e-05
      1522.30      0.99971092   4.9774176e-05
      1522.40      0.99971096   4.9762530e-05
      1522.50      0.99971099   4.9750885e-05
      1522.60      0.99971103   4.9739244e-05
      1522.70      0.99971107   4.9727605e-05
      1522.80      0.99971110   4.9715954e-05
      1522.90      0.99971114   4.9704320e-05
      1523.00      0.99971118   4.9692689e-05
      1523.10      0.99971121   4.9681061e-05
      1523.20      0.99971125   4.9669435e-05
      1523.30      0.99971129   4.9657798e-05
      1523.40      0.99971132   4.9646177e-05
      1523.50      0.99971136   4.9634559e-05
      1523.60      0.99971139   4.9622944e-05
      1523.70      0.99971143   4.9611331e-05
      1523.80      0.99971147   4.9599707e-05
      1523.90      0.99971150   4.9588099e-05
      1524.00      0.99971154   4.9576494e-05
      1524.10      0.99971158   4.9564892e-05
      1524.20      0.99971161   4.9553292e-05
      1524.30      0.99971165   4.9541681e-05
      1524.40      0.99971169   4.9530087e-05
      1524.50      0.99971172   4.9518495e-05
      1524.60      0.99971176   4.9506906e-05
      1524.70      0.99971179   4.9495319e-05
      1524.80      0.99971183   4.9483721e-05
      1524.90      0.99971187   4.9472140e-05
      1525.00      0.99971190   4.9460561e-05
      1525.10      0.99971194   4.9448985e-05
      1525.20      0.99971198   4.9437412e-05
      1525.30      0.99971201   4.9425827e-05
      1525.40      0.99971205   4.9414258e-05
      1525.50      0.99971208   4.9402693e-05
      1525.60      0.99971212   4.9391130e-05
      1525.70      0.99971216   4.9379569e-05
      1525.80      0.99971219   4.9367997e-05
      1525.90      0.99971223   4.9356442e-05
      1526.00      0.99971227   4.9344889e-05
      1526.10      0.99971230   4.9333339e-05
      1526.20      0.99971234   4.9321792e-05
      1526.30      0.99971237   4.9310233e-05
      1526.40      0.99971241   4.9298691e-05
      1526.50      0.99971245   4.9287151e-05
      1526.60      0.99971248   4.9275614e-05
      1526.70      0.99971252   4.9264080e-05
      1526.80      0.99971255   4.9252534e-05
      1526.90      0.99971259   4.9241005e-05
      1527.00      0.99971263   4.9229478e-05
      1527.10      0.99971266   4.9217954e-05
      1527.20      0.99971270   4.9206432e-05
      1527.30      0.99971274   4.9194900e-05
      1527.40      0.99971277   4.9183383e-05
      1527.50      0.99971281   4.9171870e-05
      1527.60      0.99971284   4.9160359e-05
      1527.70      0.99971288   4.9148850e-05
      1527.80      0.99971292   4.9137330e-05
      1527.90      0.99971295   4.9125827e-05
      1528.00      0.99971299   4.9114326e-05
      1528.10      0.99971302   4.9102828e-05
      1528.20      0.99971306   4.9091333e-05
      1528.30      0.99971310   4.9079826e-05
      1528.40      0.99971313   4.9068335e-05
      1528.50      0.99971317   4.9056848e-05
      1528.60      0.99971320   4.9045363e-05
      1528.70      0.99971324   4.9033880e-05
      1528.80      0.99971328   4.9022386e-05
      1528.90      0.99971331   4.9010909e-05
      1529.00      0.99971335   4.8999434e-05
      1529.10      0.99971338   4.8987961e-05
      1529.20      0.99971342   4.8976492e-05
      1529.30      0.99971346   4.8965011e-05
      1529.40      0.99971349   4.8953546e-05
      1529.50      0.99971353   4.8942084e-05
      1529.60      0.99971356   4.8930625e-05
      1529.70      0.99971360   4.8919168e-05
      1529.80      0.99971364   4.8907700e-05
      1529.90      0.99971367   4.8896248e-05
      1530.00      0.99971371   4.8884799e-05
      1530.10      0.99971374   4.8873353e-05
      1530.20      0.99971378   4.8861909e-05
      1530.30      0.99971382   4.8850454e-05
      1530.40      0.99971385   4.8839015e-05
      1530.50      0.99971389   4.8827579e-05
      1530.60      0.99971392   4.8816145e-05
      1530.70      0.99971396   4.8804714e-05
      1530.80      0.99971399   4.8793272e-05
      1530.90      0.99971403   4.8781846e-05
      1531.00      0.99971407   4.8770423e-05
      1531.10      0.99971410   4.8759002e-05
      1531.20      0.99971414   4.8747584e-05
      1531.30      0.99971417   4.8736154e-05
      1531.40      0.99971421   4.8724741e-05
      1531.50      0.99971425   4.8713331e-05
      1531.60      0.99971428   4.8701923e-05
      1531.70      0.99971432   4.8690517e-05
      1531.80      0.99971435   4.8679101e-05
      1531.90      0.99971439   4.8667701e-05
      1532.00      0.99971442   4.8656303e-05
      1532.10      0.99971446   4.8644908e-05
      1532.20      0.99971450   4.8633515e-05
      1532.30      0.99971453   4.8622111e-05
      1532.40      0.99971457   4.8610724e-05
      1532.50      0.99971460   4.8599339e-05
      1532.60      0.99971464   4.8587957e-05
      1532.70      0.99971467   4.8576577e-05
      1532.80      0.99971471   4.8565186e-05
      1532.90      0.99971475   4.8553811e-05
      1533.00      0.99971478   4.8542439e-05
      1533.10      0.99971482   4.8531070e-05
      1533.20      0.99971485   4.8519703e-05
      1533.30      0.99971489   4.8508324e-05
      1533.40      0.99971492   4.8496963e-05
      1533.50      0.99971496   4.8485603e-05
      1533.60      0.99971500   4.8474246e-05
      1533.70      0.99971503   4.8462892e-05
      1533.80      0.99971507   4.8451527e-05
      1533.90      0.99971510   4.8440178e-05
      1534.00      0.99971514   4.8428831e-05
      1534.10      0.99971517   4.8417487e-05
      1534.20      0.99971521   4.8406146e-05
      1534.30      0.99971525   4.8394793e-05
      1534.40      0.99971528   4.8383456e-05
      1534.50      0.99971532   4.8372122e-05
      1534.60      0.99971535   4.8360791e-05
      1534.70      0.99971539   4.8349462e-05
      1534.80      0.99971542   4.8338122e-05
      1534.90      0.99971546   4.8326799e-05
      1535.00      0.99971549   4.8315478e-05
      1535.10      0.99971553   4.8304159e-05
      1535.20      0.99971557   4.8292843e-05
      1535.30      0.99971560   4.8281516e-05
      1535.40      0.99971564   4.8270205e-05
      1535.50      0.99971567   4.8258896e-05
      1535.60      0.99971571   4.8247590e-05
      1535.70      0.99971574   4.8236287e-05
      1535.80      0.99971578   4.8224972e-05
      1535.90      0.99971581   4.8213674e-05
      1536.00      0.99971585   4.8202378e-05
      1536.10      0.99971589   4.8191085e-05
      1536.20      0.99971592   4.8179794e-05
      1536.30      0.99971596   4.8168492e-05
      1536.40      0.99971599   4.8157207e-05
      1536.50      0.99971603   4.8145923e-05
      1536.60      0.99971606   4.8134643e-05
      1536.70      0.99971610   4.8123365e-05
      1536.80      0.99971613   4.8112076e-05
      1536.90      0.99971617   4.8100803e-05
      1537.00      0.99971620   4.8089532e-05
      1537.10      0.99971624   4.8078264e-05
      1537.20      0.99971628   4.8066999e-05
      1537.30      0.99971631   4.8055722e-05
      1537.40      0.99971635   4.8044462e-05
      1537.50      0.99971638   4.8033204e-05
      1537.60      0.99971642   4.8021949e-05
      1537.70      0.99971645   4.8010696e-05
      1537.80      0.99971649   4.7999432e-05
      1537.90      0.99971652   4.7988184e-05
      1538.00      0.99971656   4.7976939e-05
      1538.10      0.99971659   4.7965696e-05
      1538.20      0.99971663   4.7954456e-05
      1538.30      0.99971666   4.7943204e-05
      1538.40      0.99971670   4.7931969e-05
      1538.50      0.99971674   4.7920736e-05
      1538.60      0.99971677   4.7909506e-05
      1538.70      0.99971681   4.7898279e-05
      1538.80      0.99971684   4.7887040e-05
      1538.90      0.99971688   4.7875817e-05
      1539.00      0.99971691   4.7864597e-05
      1539.10      0.99971695   4.7853380e-05
      1539.20      0.99971698   4.7842165e-05
      1539.30      0.99971702   4.7830938e-05
      1539.40      0.99971705   4.7819728e-05
      1539.50      0.99971709   4.7808521e-05
      1539.60      0.99971712   4.7797316e-05
      1539.70      0.99971716   4.7786113e-05
      1539.80      0.99971719   4.7774899e-05
      1539.90      0.99971723   4.7763702e-05
      1540.00      0.99971726   4.7752507e-05
      1540.10      0.99971730   4.7741314e-05
      1540.20      0.99971733   4.7730124e-05
      1540.30      0.99971737   4.7718923e-05
      1540.40      0.99971741   4.7707738e-05
      1540.50      0.99971744   4.7696556e-05
      1540.60      0.99971748   4.7685376e-05
      1540.70      0.99971751   4.7674198e-05
      1540.80      0.99971755   4.7663010e-05
      1540.90      0.99971758   4.7651837e-05
      1541.00      0.99971762   4.7640667e-05
      1541.10      0.99971765   4.7629500e-05
      1541.20      0.99971769   4.7618335e-05
      1541.30      0.99971772   4.7607159e-05
      1541.40      0.99971776   4.7595999e-05
      1541.50      0.99971779   4.7584841e-05
      1541.60      0.99971783   4.7573686e-05
      1541.70      0.99971786   4.7562534e-05
      1541.80      0.99971790   4.7551510e-05
      1541.90      0.99971793   4.7540563e-05
      1542.00      0.99971797   4.7529618e-05
      1542.10      0.99971800   4.7518675e-05
      1542.20      0.99971804   4.7507735e-05
      1542.30      0.99971807   4.7496784e-05
      1542.40      0.99971811   4.7485849e-05
      1542.50      0.99971815   4.7474916e-05
      1542.60      0.99971818   4.7463985e-05
      1542.70      0.99971822   4.7453057e-05
      1542.80      0.99971825   4.7442119e-05
      1542.90      0.99971829   4.7431195e-05
      1543.00      0.99971832   4.7420275e-05
      1543.10      0.99971836   4.7409357e-05
      1543.20      0.99971839   4.7398441e-05
      1543.30      0.99971843   4.7387514e-05
      1543.40      0.99971846   4.7376603e-05
      1543.50      0.99971850   4.7365695e-05
      1543.60      0.99971853   4.7354789e-05
      1543.70      0.99971857   4.7343885e-05
      1543.80      0.99971861   4.7332970e-05
      1543.90      0.99971864   4.7322072e-05
      1544.00      0.99971868   4.7311175e-05
      1544.10      0.99971871   4.7300281e-05
      1544.20      0.99971875   4.7289390e-05
      1544.30      0.99971878   4.7278487e-05
      1544.40      0.99971882   4.7267601e-05
      1544.50      0.99971885   4.7256716e-05
      1544.60      0.99971889   4.7245835e-05
      1544.70      0.99971892   4.7234955e-05
      1544.80      0.99971896   4.7224065e-05
      1544.90      0.99971899   4.7213190e-05
      1545.00      0.99971903   4.7202318e-05
      1545.10      0.99971906   4.7191448e-05
      1545.20      0.99971910   4.7180582e-05
      1545.30      0.99971913   4.7169710e-05
      1545.40      0.99971917   4.7158854e-05
      1545.50      0.99971920   4.7148000e-05
      1545.60      0.99971924   4.7137148e-05
      1545.70      0.99971927   4.7126299e-05
      1545.80      0.99971931   4.7115439e-05
      1545.90      0.99971935   4.7104595e-05
      1546.00      0.99971938   4.7093753e-05
      1546.10      0.99971942   4.7082914e-05
      1546.20      0.99971945   4.7072077e-05
      1546.30      0.99971949   4.7061229e-05
      1546.40      0.99971952   4.7050397e-05
      1546.50      0.99971956   4.7039567e-05
      1546.60      0.99971959   4.7028740e-05
      1546.70      0.99971963   4.7017915e-05
      1546.80      0.99971966   4.7007079e-05
      1546.90      0.99971970   4.6996259e-05
      1547.00      0.99971973   4.6985442e-05
      1547.10      0.99971977   4.6974626e-05
      1547.20      0.99971980   4.6963813e-05
      1547.30      0.99971984   4.6952990e-05
      1547.40      0.99971987   4.6942182e-05
      1547.50      0.99971991   4.6931376e-05
      1547.60      0.99971994   4.6920573e-05
      1547.70      0.99971998   4.6909772e-05
      1547.80      0.99972001   4.6898960e-05
      1547.90      0.99972005   4.6888164e-05
      1548.00      0.99972008   4.6877370e-05
      1548.10      0.99972012   4.6866579e-05
      1548.20      0.99972015   4.6855790e-05
      1548.30      0.99972019   4.6844990e-05
      1548.40      0.99972023   4.6834206e-05
      1548.50      0.99972026   4.6823425e-05
      1548.60      0.99972030   4.6812645e-05
      1548.70      0.99972033   4.6801868e-05
      1548.80      0.99972037   4.6791081e-05
      1548.90      0.99972040   4.6780309e-05
      1549.00      0.99972044   4.6769539e-05
      1549.10      0.99972047   4.6758771e-05
      1549.20      0.99972051   4.6748006e-05
      1549.30      0.99972054   4.6737231e-05
      1549.40      0.99972058   4.6726471e-05
      1549.50      0.99972061   4.6715713e-05
      1549.60      0.99972065   4.6704957e-05
      1549.70      0.99972068   4.6694204e-05
      1549.80      0.99972072   4.6683441e-05
      1549.90      0.99972075   4.6672692e-05
      1550.00      0.99972079   4.6661946e-05
      1550.10      0.99972082   4.6651203e-05
      1550.20      0.99972086   4.6640462e-05
      1550.30      0.99972089   4.6629710e-05
      1550.40      0.99972093   4.6618974e-05
      1550.50      0.99972096   4.6608240e-05
      1550.60      0.99972100   4.6597508e-05
      1550.70      0.99972103   4.6586779e-05
      1550.80      0.99972107   4.6576039e-05
      1550.90      0.99972110   4.6565315e-05
      1551.00      0.99972114   4.6554593e-05
      1551.10      0.99972117   4.6543873e-05
      1551.20      0.99972121   4.6533156e-05
      1551.30      0.99972124   4.6522428e-05
      1551.40      0.99972128   4.6511715e-05
      1551.50      0.99972131   4.6501005e-05
      1551.60      0.99972135   4.6490297e-05
      1551.70      0.99972138   4.6479592e-05
      1551.80      0.99972141   4.6468876e-05
      1551.90      0.99972145   4.6458175e-05
      1552.00      0.99972148   4.6447477e-05
      1552.10      0.99972152   4.6436781e-05
      1552.20      0.99972155   4.6426087e-05
      1552.30      0.99972159   4.6415383e-05
      1552.40      0.99972162   4.6404694e-05
      1552.50      0.99972166   4.6394008e-05
      1552.60      0.99972169   4.6383324e-05
      1552.70      0.99972173   4.6372642e-05
      1552.80      0.99972176   4.6361949e-05
      1552.90      0.99972180   4.6351272e-05
      1553.00      0.99972183   4.6340598e-05
      1553.10      0.99972187   4.6329926e-05
      1553.20      0.99972190   4.6319256e-05
      1553.30      0.99972194   4.6308575e-05
      1553.40      0.99972197   4.6297910e-05
      1553.50      0.99972201   4.6287247e-05
      1553.60      0.99972204   4.6276587e-05
      1553.70      0.99972208   4.6265929e-05
      1553.80      0.99972211   4.6255260e-05
      1553.90      0.99972215   4.6244607e-05
      1554.00      0.99972218   4.6233956e-05
      1554.10      0.99972222   4.6223307e-05
      1554.20      0.99972225   4.6212661e-05
      1554.30      0.99972228   4.6202004e-05
      1554.40      0.99972232   4.6191362e-05
      1554.50      0.99972235   4.6180723e-05
      1554.60      0.99972239   4.6170086e-05
      1554.70      0.99972242   4.6159452e-05
      1554.80      0.99972246   4.6148807e-05
      1554.90      0.99972249   4.6138177e-05
      1555.00      0.99972253   4.6127549e-05
      1555.10      0.99972256   4.6116924e-05
      1555.20      0.99972260   4.6106301e-05
      1555.30      0.99972263   4.6095668e-05
      1555.40      0.99972267   4.6085050e-05
      1555.50      0.99972270   4.6074434e-05
      1555.60      0.99972274   4.6063821e-05
      1555.70      0.99972277   4.6053210e-05
      1555.80      0.99972280   4.6042588e-05
      1555.90      0.99972284   4.6031982e-05
      1556.00      0.99972287   4.6021378e-05
      1556.10      0.99972291   4.6010777e-05
      1556.20      0.99972294   4.6000177e-05
      1556.30      0.99972298   4.5989567e-05
      1556.40      0.99972301   4.5978973e-05
      1556.50      0.99972305   4.5968381e-05
      1556.60      0.99972308   4.5957791e-05
      1556.70      0.99972312   4.5947203e-05
      1556.80      0.99972315   4.5936605e-05
      1556.90      0.99972318   4.5926022e-05
      1557.00      0.99972322   4.5915442e-05
      1557.10      0.99972325   4.5904864e-05
      1557.20      0.99972329   4.5894288e-05
      1557.30      0.99972332   4.5883701e-05
      1557.40      0.99972336   4.5873130e-05
      1557.50      0.99972339   4.5862561e-05
      1557.60      0.99972343   4.5851995e-05
      1557.70      0.99972346   4.5841431e-05
      1557.80      0.99972350   4.5830856e-05
      1557.90      0.99972353   4.5820296e-05
      1558.00      0.99972356   4.5809739e-05
      1558.10      0.99972360   4.5799184e-05
      1558.20      0.99972363   4.5788632e-05
      1558.30      0.99972367   4.5778069e-05
      1558.40      0.99972370   4.5767521e-05
      1558.50      0.99972374   4.5756976e-05
      1558.60      0.99972377   4.5746432e-05
      1558.70      0.99972381   4.5735892e-05
      1558.80      0.99972384   4.5725340e-05
      1558.90      0.99972387   4.5714804e-05
      1559.00      0.99972391   4.5704270e-05
      1559.10      0.99972394   4.5693739e-05
      1559.20      0.99972398   4.5683209e-05
      1559.30      0.99972401   4.5672670e-05
      1559.40      0.99972405   4.5662145e-05
      1559.50      0.99972408   4.5651623e-05
      1559.60      0.99972411   4.5641103e-05
      1559.70      0.99972415   4.5630585e-05
      1559.80      0.99972418   4.5620057e-05
      1559.90      0.99972422   4.5609544e-05
      1560.00      0.99972425   4.5599034e-05
      1560.10      0.99972429   4.5588525e-05
      1560.20      0.99972432   4.5578019e-05
      1560.30      0.99972436   4.5567503e-05
      1560.40      0.99972439   4.5557001e-05
      1560.50      0.99972442   4.5546502e-05
      1560.60      0.99972446   4.5536006e-05
      1560.70      0.99972449   4.5525511e-05
      1560.80      0.99972453   4.5515006e-05
      1560.90      0.99972456   4.5504517e-05
      1561.00      0.99972460   4.5494029e-05
      1561.10      0.99972463   4.5483544e-05
      1561.20      0.99972466   4.5473061e-05
      1561.30      0.99972470   4.5462568e-05
      1561.40      0.99972473   4.5452090e-05
      1561.50      0.99972477   4.5441614e-05
      1561.60      0.99972480   4.5431140e-05
      1561.70      0.99972483   4.5420669e-05
      1561.80      0.99972487   4.5410187e-05
      1561.90      0.99972490   4.5399721e-05
      1562.00      0.99972494   4.5389256e-05
      1562.10      0.99972497   4.5378794e-05
      1562.20      0.99972501   4.5368335e-05
      1562.30      0.99972504   4.5357864e-05
      1562.40      0.99972507   4.5347409e-05
      1562.50      0.99972511   4.5336956e-05
      1562.60      0.99972514   4.5326506e-05
      1562.70      0.99972518   4.5316058e-05
      1562.80      0.99972521   4.5305599e-05
      1562.90      0.99972525   4.5295155e-05
      1563.00      0.99972528   4.5284714e-05
      1563.10      0.99972531   4.5274275e-05
      1563.20      0.99972535   4.5263838e-05
      1563.30      0.99972538   4.5253391e-05
      1563.40      0.99972542   4.5242959e-05
      1563.50      0.99972545   4.5232529e-05
      1563.60      0.99972548   4.5222102e-05
      1563.70      0.99972552   4.5211677e-05
      1563.80      0.99972555   4.5201241e-05
      1563.90      0.99972559   4.5190820e-05
      1564.00      0.99972562   4.5180402e-05
      1564.10      0.99972565   4.5169986e-05
      1564.20      0.99972569   4.5159572e-05
      1564.30      0.99972572   4.5149148e-05
      1564.40      0.99972576   4.5138739e-05
      1564.50      0.99972579   4.5128332e-05
      1564.60      0.99972582   4.5117928e-05
      1564.70      0.99972586   4.5107525e-05
      1564.80      0.99972589   4.5097113e-05
      1564.90      0.99972593   4.5086715e-05
      1565.00      0.99972596   4.5076320e-05
      1565.10      0.99972599   4.5065927e-05
      1565.20      0.99972603   4.5055536e-05
      1565.30      0.99972606   4.5045135e-05
      1565.40      0.99972610   4.5034748e-05
      1565.50      0.99972613   4.5024364e-05
      1565.60      0.99972616   4.5013983e-05
      1565.70      0.99972620   4.5003603e-05
      1565.80      0.99972623   4.4993214e-05
      1565.90      0.99972627   4.4982839e-05
      1566.00      0.99972630   4.4972466e-05
      1566.10      0.99972633   4.4962096e-05
      1566.20      0.99972637   4.4951728e-05
      1566.30      0.99972640   4.4941350e-05
      1566.40      0.99972644   4.4930986e-05
      1566.50      0.99972647   4.4920625e-05
      1566.60      0.99972650   4.4910266e-05
      1566.70      0.99972654   4.4899962e-05
      1566.80      0.99972657   4.4889769e-05
      1566.90      0.99972661   4.4879591e-05
      1567.00      0.99972664   4.4869415e-05
      1567.10      0.99972667   4.4859242e-05
      1567.20      0.99972671   4.4849070e-05
      1567.30      0.99972674   4.4838889e-05
      1567.40      0.99972678   4.4828722e-05
      1567.50      0.99972681   4.4818557e-05
      1567.60      0.99972685   4.4808395e-05
      1567.70      0.99972688   4.4798235e-05
      1567.80      0.99972691   4.4788064e-05
      1567.90      0.99972695   4.4777909e-05
      1568.00      0.99972698   4.4767755e-05
      1568.10      0.99972702   4.4757604e-05
      1568.20      0.99972705   4.4747455e-05
      1568.30      0.99972708   4.4737296e-05
      1568.40      0.99972712   4.4727151e-05
      1568.50      0.99972715   4.4717009e-05
      1568.60      0.99972719   4.4706869e-05
      1568.70      0.99972722   4.4696731e-05
      1568.80      0.99972725   4.4686583e-05
      1568.90      0.99972729   4.4676449e-05
      1569.00      0.99972732   4.4666318e-05
      1569.10      0.99972736   4.4656189e-05
      1569.20      0.99972739   4.4646062e-05
      1569.30      0.99972742   4.4635925e-05
      1569.40      0.99972746   4.4625802e-05
      1569.50      0.99972749   4.4615682e-05
      1569.60      0.99972753   4.4605564e-05
      1569.70      0.99972756   4.4595449e-05
      1569.80      0.99972759   4.4585323e-05
      1569.90      0.99972763   4.4575211e-05
      1570.00      0.99972766   4.4565102e-05
      1570.10      0.99972770   4.4554995e-05
      1570.20      0.99972773   4.4544893e-05
      1570.30      0.99972776   4.4534788e-05
      1570.40      0.99972780   4.4524698e-05
      1570.50      0.99972783   4.4514610e-05
      1570.60      0.99972787   4.4504524e-05
      1570.70      0.99972790   4.4494441e-05
      1570.80      0.99972793   4.4484347e-05
      1570.90      0.99972797   4.4474268e-05
      1571.00      0.99972800   4.4464191e-05
      1571.10      0.99972804   4.4454117e-05
      1571.20      0.99972807   4.4444044e-05
      1571.30      0.99972810   4.4433962e-05
      1571.40      0.99972814   4.4423894e-05
      1571.50      0.99972817   4.4413828e-05
      1571.60      0.99972821   4.4403764e-05
      1571.70      0.99972824   4.4393703e-05
      1571.80      0.99972827   4.4383631e-05
      1571.90      0.99972831   4.4373574e-05
      1572.00      0.99972834   4.4363519e-05
      1572.10      0.99972838   4.4353467e-05
      1572.20      0.99972841   4.4343416e-05
      1572.30      0.99972844   4.4333356e-05
      1572.40      0.99972848   4.4323310e-05
      1572.50      0.99972851   4.4313266e-05
      1572.60      0.99972855   4.4303224e-05
      1572.70      0.99972858   4.4293185e-05
      1572.80      0.99972861   4.4283135e-05
      1572.90      0.99972865   4.4273100e-05
      1573.00      0.99972868   4.4263067e-05
      1573.10      0.99972872   4.4253037e-05
      1573.20      0.99972875   4.4243008e-05
      1573.30      0.99972878   4.4232970e-05
      1573.40      0.99972882   4.4222946e-05
      1573.50      0.99972885   4.4212924e-05
      1573.60      0.99972889   4.4202904e-05
      1573.70      0.99972892   4.4192887e-05
      1573.80      0.99972895   4.4182859e-05
      1573.90      0.99972899   4.4172846e-05
      1574.00      0.99972902   4.4162835e-05
      1574.10      0.99972905   4.4152826e-05
      1574.20      0.99972909   4.4142819e-05
      1574.30      0.99972912   4.4132803e-05
      1574.40      0.99972916   4.4122801e-05
      1574.50      0.99972919   4.4112801e-05
      1574.60      0.99972922   4.4102803e-05
      1574.70      0.99972926   4.4092807e-05
      1574.80      0.99972929   4.4082801e-05
      1574.90      0.99972932   4.4072810e-05
      1575.00      0.99972936   4.4062821e-05
      1575.10      0.99972939   4.4052834e-05
      1575.20      0.99972943   4.4042849e-05
      1575.30      0.99972946   4.4032855e-05
      1575.40      0.99972949   4.4022874e-05
      1575.50      0.99972953   4.4012896e-05
      1575.60      0.99972956   4.4002920e-05
      1575.70      0.99972959   4.3992946e-05
      1575.80      0.99972963   4.3982962e-05
      1575.90      0.99972966   4.3972993e-05
      1576.00      0.99972970   4.3963025e-05
      1576.10      0.99972973   4.3953060e-05
      1576.20      0.99972976   4.3943097e-05
      1576.30      0.99972980   4.3933124e-05
      1576.40      0.99972983   4.3923166e-05
      1576.50      0.99972986   4.3913209e-05
      1576.60      0.99972990   4.3903255e-05
      1576.70      0.99972993   4.3893303e-05
      1576.80      0.99972997   4.3883341e-05
      1576.90      0.99973000   4.3873393e-05
      1577.00      0.99973003   4.3863447e-05
      1577.10      0.99973007   4.3853504e-05
      1577.20      0.99973010   4.3843563e-05
      1577.30      0.99973013   4.3833611e-05
      1577.40      0.99973017   4.3823674e-05
      1577.50      0.99973020   4.3813740e-05
      1577.60      0.99973023   4.3803807e-05
      1577.70      0.99973027   4.3793877e-05
      1577.80      0.99973030   4.3783936e-05
      1577.90      0.99973034   4.3774010e-05
      1578.00      0.99973037   4.3764086e-05
      1578.10      0.99973040   4.3754165e-05
      1578.20      0.99973044   4.3744245e-05
      1578.30      0.99973047   4.3734315e-05
      1578.40      0.99973050   4.3724400e-05
      1578.50      0.99973054   4.3714487e-05
      1578.60      0.99973057   4.3704576e-05
      1578.70      0.99973060   4.3694667e-05
      1578.80      0.99973064   4.3684749e-05
      1578.90      0.99973067   4.3674844e-05
      1579.00      0.99973070   4.3664942e-05
      1579.10      0.99973074   4.3655042e-05
      1579.20      0.99973077   4.3645144e-05
      1579.30      0.99973080   4.3635236e-05
      1579.40      0.99973084   4.3625342e-05
      1579.50      0.99973087   4.3615450e-05
      1579.60      0.99973091   4.3605561e-05
      1579.70      0.99973094   4.3595674e-05
      1579.80      0.99973097   4.3585777e-05
      1579.90      0.99973101   4.3575894e-05
      1580.00      0.99973104   4.3566013e-05
      1580.10      0.99973107   4.3556134e-05
      1580.20      0.99973111   4.3546258e-05
      1580.30      0.99973114   4.3536372e-05
      1580.40      0.99973117   4.3526499e-05
      1580.50      0.99973121   4.3516629e-05
      1580.60      0.99973124   4.3506762e-05
      1580.70      0.99973127   4.3496896e-05
      1580.80      0.99973131   4.3487020e-05
      1580.90      0.99973134   4.3477159e-05
      1581.00      0.99973137   4.3467300e-05
      1581.10      0.99973141   4.3457442e-05
      1581.20      0.99973144   4.3447588e-05
      1581.30      0.99973147   4.3437723e-05
      1581.40      0.99973151   4.3427872e-05
      1581.50      0.99973154   4.3418023e-05
      1581.60      0.99973157   4.3408177e-05
      1581.70      0.99973161   4.3398333e-05
      1581.80      0.99973164   4.3388479e-05
      1581.90      0.99973167   4.3378639e-05
      1582.00      0.99973171   4.3368801e-05
      1582.10      0.99973174   4.3358965e-05
      1582.20      0.99973177   4.3349132e-05
      1582.30      0.99973181   4.3339288e-05
      1582.40      0.99973184   4.3329459e-05
      1582.50      0.99973187   4.3319632e-05
      1582.60      0.99973191   4.3309807e-05
      1582.70      0.99973194   4.3299984e-05
      1582.80      0.99973197   4.3290151e-05
      1582.90      0.99973201   4.3280333e-05
      1583.00      0.99973204   4.3270516e-05
      1583.10      0.99973207   4.3260702e-05
      1583.20      0.99973211   4.3250890e-05
      1583.30      0.99973214   4.3241068e-05
      1583.40      0.99973217   4.3231260e-05
      1583.50      0.99973221   4.3221454e-05
      1583.60      0.99973224   4.3211650e-05
      1583.70      0.99973227   4.3201849e-05
      1583.80      0.99973231   4.3192038e-05
      1583.90      0.99973234   4.3182240e-05
      1584.00      0.99973237   4.3172445e-05
      1584.10      0.99973240   4.3162652e-05
      1584.20      0.99973244   4.3152861e-05
      1584.30      0.99973247   4.3143061e-05
      1584.40      0.99973250   4.3133274e-05
      1584.50      0.99973254   4.3123490e-05
      1584.60      0.99973257   4.3113707e-05
      1584.70      0.99973260   4.3103927e-05
      1584.80      0.99973264   4.3094137e-05
      1584.90      0.99973267   4.3084361e-05
      1585.00      0.99973270   4.3074587e-05
      1585.10      0.99973274   4.3064815e-05
      1585.20      0.99973277   4.3055046e-05
      1585.30      0.99973280   4.3045266e-05
      1585.40      0.99973284   4.3035501e-05
      1585.50      0.99973287   4.3025738e-05
      1585.60      0.99973290   4.3015977e-05
      1585.70      0.99973294   4.3006218e-05
      1585.80      0.99973297   4.2996449e-05
      1585.90      0.99973300   4.2986694e-05
      1586.00      0.99973303   4.2976941e-05
      1586.10      0.99973307   4.2967191e-05
      1586.20      0.99973310   4.2957442e-05
      1586.30      0.99973313   4.2947684e-05
      1586.40      0.99973317   4.2937940e-05
      1586.50      0.99973320   4.2928198e-05
      1586.60      0.99973323   4.2918458e-05
      1586.70      0.99973327   4.2908720e-05
      1586.80      0.99973330   4.2898973e-05
      1586.90      0.99973333   4.2889239e-05
      1587.00      0.99973336   4.2879508e-05
      1587.10      0.99973340   4.2869778e-05
      1587.20      0.99973343   4.2860051e-05
      1587.30      0.99973346   4.2850314e-05
      1587.40      0.99973350   4.2840591e-05
      1587.50      0.99973353   4.2830870e-05
      1587.60      0.99973356   4.2821151e-05
      1587.70      0.99973360   4.2811434e-05
      1587.80      0.99973363   4.2801708e-05
      1587.90      0.99973366   4.2791995e-05
      1588.00      0.99973369   4.2782285e-05
      1588.10      0.99973373   4.2772577e-05
      1588.20      0.99973376   4.2762870e-05
      1588.30      0.99973379   4.2753155e-05
      1588.40      0.99973383   4.2743453e-05
      1588.50      0.99973386   4.2733753e-05
      1588.60      0.99973389   4.2724055e-05
      1588.70      0.99973393   4.2714359e-05
      1588.80      0.99973396   4.2704654e-05
      1588.90      0.99973399   4.2694962e-05
      1589.00      0.99973402   4.2685273e-05
      1589.10      0.99973406   4.2675586e-05
      1589.20      0.99973409   4.2665901e-05
      1589.30      0.99973412   4.2656206e-05
      1589.40      0.99973416   4.2646525e-05
      1589.50      0.99973419   4.2636846e-05
      1589.60      0.99973422   4.2627169e-05
      1589.70      0.99973425   4.2617495e-05
      1589.80      0.99973429   4.2607810e-05
      1589.90      0.99973432   4.2598140e-05
      1590.00      0.99973435   4.2588471e-05
      1590.10      0.99973439   4.2578805e-05
      1590.20      0.99973442   4.2569141e-05
      1590.30      0.99973445   4.2559467e-05
      1590.40      0.99973448   4.2549807e-05
      1590.50      0.99973452   4.2540149e-05
      1590.60      0.99973455   4.2530493e-05
      1590.70      0.99973458   4.2520840e-05
      1590.80      0.99973461   4.2511176e-05
      1590.90      0.99973465   4.2501527e-05
      1591.00      0.99973468   4.2491879e-05
      1591.10      0.99973471   4.2482234e-05
      1591.20      0.99973475   4.2472590e-05
      1591.30      0.99973478   4.2462938e-05
      1591.40      0.99973481   4.2453298e-05
      1591.50      0.99973484   4.2443661e-05
      1591.60      0.99973488   4.2434026e-05
      1591.70      0.99973491   4.2424394e-05
      1591.80      0.99973494   4.2414751e-05
      1591.90      0.99973497   4.2405122e-05
      1592.00      0.99973501   4.2395496e-05
      1592.10      0.99973504   4.2386026e-05
      1592.20      0.99973507   4.2376574e-05
      1592.30      0.99973511   4.2367114e-05
      1592.40      0.99973514   4.2357666e-05
      1592.50      0.99973517   4.2348221e-05
      1592.60      0.99973521   4.2338778e-05
      1592.70      0.99973524   4.2329337e-05
      1592.80      0.99973527   4.2319887e-05
      1592.90      0.99973530   4.2310450e-05
      1593.00      0.99973534   4.2301015e-05
      1593.10      0.99973537   4.2291582e-05
      1593.20      0.99973540   4.2282151e-05
      1593.30      0.99973544   4.2272711e-05
      1593.40      0.99973547   4.2263284e-05
      1593.50      0.99973550   4.2253859e-05
      1593.60      0.99973553   4.2244436e-05
      1593.70      0.99973557   4.2235016e-05
      1593.80      0.99973560   4.2225586e-05
      1593.90      0.99973563   4.2216169e-05
      1594.00      0.99973567   4.2206754e-05
      1594.10      0.99973570   4.2197342e-05
      1594.20      0.99973573   4.2187931e-05
      1594.30      0.99973576   4.2178511e-05
      1594.40      0.99973580   4.2169105e-05
      1594.50      0.99973583   4.2159700e-05
      1594.60      0.99973586   4.2150298e-05
      1594.70      0.99973590   4.2140898e-05
      1594.80      0.99973593   4.2131488e-05
      1594.90      0.99973596   4.2122091e-05
      1595.00      0.99973599   4.2112697e-05
      1595.10      0.99973603   4.2103305e-05
      1595.20      0.99973606   4.2093915e-05
      1595.30      0.99973609   4.2084515e-05
      1595.40      0.99973612   4.2075129e-05
      1595.50      0.99973616   4.2065744e-05
      1595.60      0.99973619   4.2056363e-05
      1595.70      0.99973622   4.2046988e-05
      1595.80      0.99973626   4.2037604e-05
      1595.90      0.99973629   4.2028233e-05
      1596.00      0.99973632   4.2018864e-05
      1596.10      0.99973635   4.2009497e-05
      1596.20      0.99973639   4.2000132e-05
      1596.30      0.99973642   4.1990757e-05
      1596.40      0.99973645   4.1981396e-05
      1596.50      0.99973648   4.1972037e-05
      1596.60      0.99973652   4.1962680e-05
      1596.70      0.99973655   4.1953325e-05
      1596.80      0.99973658   4.1943961e-05
      1596.90      0.99973661   4.1934610e-05
      1597.00      0.99973665   4.1925261e-05
      1597.10      0.99973668   4.1915915e-05
      1597.20      0.99973671   4.1906570e-05
      1597.30      0.99973675   4.1897215e-05
      1597.40      0.99973678   4.1887875e-05
      1597.50      0.99973681   4.1878536e-05
      1597.60      0.99973684   4.1869199e-05
      1597.70      0.99973688   4.1859864e-05
      1597.80      0.99973691   4.1850520e-05
      1597.90      0.99973694   4.1841189e-05
      1598.00      0.99973697   4.1831860e-05
      1598.10      0.99973701   4.1822534e-05
      1598.20      0.99973704   4.1813209e-05
      1598.30      0.99973707   4.1803875e-05
      1598.40      0.99973710   4.1794476e-05
      1598.50      0.99973714   4.1785080e-05
      1598.60      0.99973717   4.1775685e-05
      1598.70      0.99973720   4.1766293e-05
      1598.80      0.99973723   4.1756891e-05
      1598.90      0.99973727   4.1747502e-05
      1599.00      0.99973730   4.1738116e-05
      1599.10      0.99973733   4.1728411e-05
      1599.20      0.99973736   4.1719349e-05
      1599.30      0.99973740   4.1709957e-05
      1599.40      0.99973743   4.1700579e-05
      1599.50      0.99973746   4.1690882e-05
      1599.60      0.99973749   4.1681828e-05
      1599.70      0.99973753   4.1672456e-05
      1599.80      0.99973756   4.1663074e-05
      1599.90      0.99973759   4.1653386e-05
      1600.00      0.99973762   4.1644020e-05
      1600.10      0.99973766   4.1634656e-05
      1600.20      0.99973769   4.1625293e-05
      1600.30      0.99973772   4.1615922e-05
      1600.40      0.99973775   4.1606884e-05
      1600.50      0.99973779   4.1597528e-05
      1600.60      0.99973782   4.1588173e-05
      1600.70      0.99973785   4.1578821e-05
      1600.80      0.99973788   4.1569780e-05
      1600.90      0.99973792   4.1560431e-05
      1601.00      0.99973795   4.1551085e-05
      1601.10      0.99973798   4.1541741e-05
      1601.20      0.99973801   4.1532399e-05
      1601.30      0.99973805   4.1523367e-05
      1601.40      0.99973808   4.1514029e-05
      1601.50      0.99973811   4.1504693e-05
      1601.60      0.99973814   4.1495359e-05
      1601.70      0.99973818   4.1486027e-05
      1601.80      0.99973821   4.1477005e-05
      1601.90      0.99973824   4.1467676e-05
      1602.00      0.99973827   4.1458350e-05
      1602.10      0.99973831   4.1449026e-05
      1602.20      0.99973834   4.1440023e-05
      1602.30      0.99973837   4.1430692e-05
      1602.40      0.99973840   4.1421374e-05
      1602.50      0.99973844   4.1412057e-05
      1602.60      0.99973847   4.1403062e-05
      1602.70      0.99973850   4.1393750e-05
      1602.80      0.99973853   4.1384429e-05
      1602.90      0.99973856   4.1375121e-05
      1603.00      0.99973860   4.1365814e-05
      1603.10      0.99973863   4.1356510e-05
      1603.20      0.99973866   4.1347527e-05
      1603.30      0.99973869   4.1338215e-05
      1603.40      0.99973873   4.1328917e-05
      1603.50      0.99973876   4.1319621e-05
      1603.60      0.99973879   4.1310327e-05
      1603.70      0.99973882   4.1301353e-05
      1603.80      0.99973886   4.1292051e-05
      1603.90      0.99973889   4.1282763e-05
      1604.00      0.99973892   4.1273477e-05
      1604.10      0.99973895   4.1264193e-05
      1604.20      0.99973898   4.1255229e-05
      1604.30      0.99973902   4.1245937e-05
      1604.40      0.99973905   4.1236659e-05
      1604.50      0.99973908   4.1227382e-05
      1604.60      0.99973911   4.1218108e-05
      1604.70      0.99973915   4.1208836e-05
      1604.80      0.99973918   4.1199872e-05
      1604.90      0.99973921   4.1190604e-05
      1605.00      0.99973924   4.1181337e-05
      1605.10      0.99973928   4.1172073e-05
      1605.20      0.99973931   4.1162810e-05
      1605.30      0.99973934   4.1153539e-05
      1605.40      0.99973937   4.1144598e-05
      1605.50      0.99973940   4.1135342e-05
      1605.60      0.99973944   4.1126087e-05
      1605.70      0.99973947   4.1116834e-05
      1605.80      0.99973950   4.1107573e-05
      1605.90      0.99973953   4.1098324e-05
      1606.00      0.99973957   4.1089395e-05
      1606.10      0.99973960   4.1080150e-05
      1606.20      0.99973963   4.1070908e-05
      1606.30      0.99973966   4.1061656e-05
      1606.40      0.99973969   4.1052417e-05
      1606.50      0.99973973   4.1043180e-05
      1606.60      0.99973976   4.1034263e-05
      1606.70      0.99973979   4.1025030e-05
      1606.80      0.99973982   4.1015788e-05
      1606.90      0.99973986   4.1006559e-05
      1607.00      0.99973989   4.0997332e-05
      1607.10      0.99973992   4.0988108e-05
      1607.20      0.99973995   4.0978885e-05
      1607.30      0.99973998   4.0969970e-05
      1607.40      0.99974002   4.0960751e-05
      1607.50      0.99974005   4.0951534e-05
      1607.60      0.99974008   4.0942319e-05
      1607.70      0.99974011   4.0933106e-05
      1607.80      0.99974014   4.0923883e-05
      1607.90      0.99974018   4.0914674e-05
      1608.00      0.99974021   4.0905467e-05
      1608.10      0.99974024   4.0896262e-05
      1608.20      0.99974027   4.0887375e-05
      1608.30      0.99974031   4.0878163e-05
      1608.40      0.99974034   4.0868964e-05
      1608.50      0.99974037   4.0860083e-05
      1608.60      0.99974040   4.0850888e-05
      1608.70      0.99974043   4.0841694e-05
      1608.80      0.99974047   4.0832808e-05
      1608.90      0.99974050   4.0823619e-05
      1609.00      0.99974053   4.0814748e-05
      1609.10      0.99974056   4.0805562e-05
      1609.20      0.99974060   4.0796379e-05
      1609.30      0.99974063   4.0787502e-05
      1609.40      0.99974066   4.0778323e-05
      1609.50      0.99974069   4.0769461e-05
      1609.60      0.99974072   4.0760285e-05
      1609.70      0.99974076   4.0751111e-05
      1609.80      0.99974079   4.0741928e-05
      1609.90      0.99974082   4.0733074e-05
      1610.00      0.99974085   4.0723906e-05
      1610.10      0.99974088   4.0714740e-05
      1610.20      0.99974092   4.0705892e-05
      1610.30      0.99974095   4.0696719e-05
      1610.40      0.99974098   4.0687875e-05
      1610.50      0.99974101   4.0678716e-05
      1610.60      0.99974104   4.0669560e-05
      1610.70      0.99974108   4.0660721e-05
      1610.80      0.99974111   4.0651558e-05
      1610.90      0.99974114   4.0642408e-05
      1611.00      0.99974117   4.0633575e-05
      1611.10      0.99974120   4.0624428e-05
      1611.20      0.99974124   4.0615599e-05
      1611.30      0.99974127   4.0606445e-05
      1611.40      0.99974130   4.0597304e-05
      1611.50      0.99974133   4.0588481e-05
      1611.60      0.99974136   4.0579344e-05
      1611.70      0.99974140   4.0570209e-05
      1611.80      0.99974143   4.0561381e-05
      1611.90      0.99974146   4.0552249e-05
      1612.00      0.99974149   4.0543120e-05
      1612.10      0.99974152   4.0534308e-05
      1612.20      0.99974156   4.0525183e-05
      1612.30      0.99974159   4.0516049e-05
      1612.40      0.99974162   4.0507243e-05
      1612.50      0.99974165   4.0498123e-05
      1612.60      0.99974168   4.0489006e-05
      1612.70      0.99974172   4.0480205e-05
      1612.80      0.99974175   4.0471080e-05
      1612.90      0.99974178   4.0461969e-05
      1613.00      0.99974181   4.0453174e-05
      1613.10      0.99974184   4.0444066e-05
      1613.20      0.99974188   4.0434960e-05
      1613.30      0.99974191   4.0425845e-05
      1613.40      0.99974194   4.0417058e-05
      1613.50      0.99974197   4.0407958e-05
      1613.60      0.99974200   4.0399174e-05
      1613.70      0.99974203   4.0390078e-05
      1613.80      0.99974207   4.0380973e-05
      1613.90      0.99974210   4.0372195e-05
      1614.00      0.99974213   4.0363105e-05
      1614.10      0.99974216   4.0354016e-05
      1614.20      0.99974219   4.0345244e-05
      1614.30      0.99974223   4.0336148e-05
      1614.40      0.99974226   4.0327066e-05
      1614.50      0.99974229   4.0318299e-05
      1614.60      0.99974232   4.0309535e-05
      1614.70      0.99974235   4.0300458e-05
      1614.80      0.99974239   4.0291686e-05
      1614.90      0.99974242   4.0282613e-05
      1615.00      0.99974245   4.0273856e-05
      1615.10      0.99974248   4.0264787e-05
      1615.20      0.99974251   4.0256033e-05
      1615.30      0.99974255   4.0246957e-05
      1615.40      0.99974258   4.0238207e-05
      1615.50      0.99974261   4.0229146e-05
      1615.60      0.99974264   4.0220400e-05
      1615.70      0.99974267   4.0211656e-05
      1615.80      0.99974270   4.0202589e-05
      1615.90      0.99974274   4.0193849e-05
      1616.00      0.99974277   4.0184797e-05
      1616.10      0.99974280   4.0176061e-05
      1616.20      0.99974283   4.0167012e-05
      1616.30      0.99974286   4.0158269e-05
      1616.40      0.99974289   4.0149224e-05
      1616.50      0.99974293   4.0140496e-05
      1616.60      0.99974296   4.0131455e-05
      1616.70      0.99974299   4.0122416e-05
      1616.80      0.99974302   4.0113369e-05
      1616.90      0.99974305   4.0104647e-05
      1617.00      0.99974308   4.0095614e-05
      1617.10      0.99974312   4.0086583e-05
      1617.20      0.99974315   4.0077554e-05
      1617.30      0.99974318   4.0068829e-05
      1617.40      0.99974321   4.0059804e-05
      1617.50      0.99974324   4.0050781e-05
      1617.60      0.99974327   4.0042072e-05
      1617.70      0.99974331   4.0033053e-05
      1617.80      0.99974334   4.0024024e-05
      1617.90      0.99974337   4.0015009e-05
      1618.00      0.99974340   4.0005995e-05
      1618.10      0.99974343   3.9997296e-05
      1618.20      0.99974347   3.9988286e-05
      1618.30      0.99974350   3.9979267e-05
      1618.40      0.99974353   3.9970574e-05
      1618.50      0.99974356   3.9961570e-05
      1618.60      0.99974359   3.9952880e-05
      1618.70      0.99974362   3.9943880e-05
      1618.80      0.99974366   3.9935183e-05
      1618.90      0.99974369   3.9926187e-05
      1619.00      0.99974372   3.9917504e-05
      1619.10      0.99974375   3.9908512e-05
      1619.20      0.99974378   3.9899833e-05
      1619.30      0.99974381   3.9890833e-05
      1619.40      0.99974385   3.9882159e-05
      1619.50      0.99974388   3.9873173e-05
      1619.60      0.99974391   3.9864502e-05
      1619.70      0.99974394   3.9855521e-05
      1619.80      0.99974397   3.9846843e-05
      1619.90      0.99974400   3.9837865e-05
      1620.00      0.99974404   3.9829202e-05
      1620.10      0.99974407   3.9820228e-05
      1620.20      0.99974410   3.9811568e-05
      1620.30      0.99974413   3.9802587e-05
      1620.40      0.99974416   3.9793931e-05
      1620.50      0.99974419   3.9785277e-05
      1620.60      0.99974423   3.9776624e-05
      1620.70      0.99974426   3.9767662e-05
      1620.80      0.99974429   3.9759003e-05
      1620.90      0.99974432   3.9750356e-05
      1621.00      0.99974435   3.9741711e-05
      1621.10      0.99974438   3.9732755e-05
      1621.20      0.99974442   3.9724114e-05
      1621.30      0.99974445   3.9715464e-05
      1621.40      0.99974448   3.9706514e-05
      1621.50      0.99974451   3.9697879e-05
      1621.60      0.99974454   3.9689245e-05
      1621.70      0.99974457   3.9680612e-05
      1621.80      0.99974461   3.9671971e-05
      1621.90      0.99974464   3.9663031e-05
      1622.00      0.99974467   3.9654405e-05
      1622.10      0.99974470   3.9645780e-05
      1622.20      0.99974473   3.9636845e-05
      1622.30      0.99974476   3.9628213e-05
      1622.40      0.99974479   3.9619283e-05
      1622.50      0.99974483   3.9610665e-05
      1622.60      0.99974486   3.9602050e-05
      1622.70      0.99974489   3.9593125e-05
      1622.80      0.99974492   3.9584191e-05
      1622.90      0.99974495   3.9575581e-05
      1623.00      0.99974498   3.9566661e-05
      1623.10      0.99974501   3.9558055e-05
      1623.20      0.99974505   3.9549139e-05
      1623.30      0.99974508   3.9540526e-05
      1623.40      0.99974511   3.9531614e-05
      1623.50      0.99974514   3.9522704e-05
      1623.60      0.99974517   3.9514107e-05
      1623.70      0.99974520   3.9505201e-05
      1623.80      0.99974523   3.9496596e-05
      1623.90      0.99974527   3.9487694e-05
      1624.00      0.99974530   3.9479104e-05
      1624.10      0.99974533   3.9470205e-05
      1624.20      0.99974536   3.9461619e-05
      1624.30      0.99974539   3.9452714e-05
      1624.40      0.99974542   3.9444131e-05
      1624.50      0.99974545   3.9435550e-05
      1624.60      0.99974549   3.9426661e-05
      1624.70      0.99974552   3.9418084e-05
      1624.80      0.99974555   3.9409188e-05
      1624.90      0.99974558   3.9400614e-05
      1625.00      0.99974561   3.9392043e-05
      1625.10      0.99974564   3.9383473e-05
      1625.20      0.99974567   3.9374595e-05
      1625.30      0.99974571   3.9366018e-05
      1625.40      0.99974574   3.9357454e-05
      1625.50      0.99974577   3.9348581e-05
      1625.60      0.99974580   3.9340021e-05
      1625.70      0.99974583   3.9331462e-05
      1625.80      0.99974586   3.9322584e-05
      1625.90      0.99974589   3.9314029e-05
      1626.00      0.99974593   3.9305476e-05
      1626.10      0.99974596   3.9296614e-05
      1626.20      0.99974599   3.9288064e-05
      1626.30      0.99974602   3.9279506e-05
      1626.40      0.99974605   3.9270650e-05
      1626.50      0.99974608   3.9262106e-05
      1626.60      0.99974611   3.9253563e-05
      1626.70      0.99974615   3.9244713e-05
      1626.80      0.99974618   3.9236164e-05
      1626.90      0.99974621   3.9227627e-05
      1627.00      0.99974624   3.9219091e-05
      1627.10      0.99974627   3.9210249e-05
      1627.20      0.99974630   3.9201717e-05
      1627.30      0.99974633   3.9192867e-05
      1627.40      0.99974636   3.9184339e-05
      1627.50      0.99974640   3.9175813e-05
      1627.60      0.99974643   3.9167289e-05
      1627.70      0.99974646   3.9158457e-05
      1627.80      0.99974649   3.9149926e-05
      1627.90      0.99974652   3.9141098e-05
      1628.00      0.99974655   3.9132581e-05
      1628.10      0.99974658   3.9124065e-05
      1628.20      0.99974661   3.9115243e-05
      1628.30      0.99974665   3.9106721e-05
      1628.40      0.99974668   3.9098211e-05
      1628.50      0.99974671   3.9089394e-05
      1628.60      0.99974674   3.9080888e-05
      1628.70      0.99974677   3.9072383e-05
      1628.80      0.99974680   3.9063561e-05
      1628.90      0.99974683   3.9055060e-05
      1629.00      0.99974686   3.9046561e-05
      1629.10      0.99974690   3.9037755e-05
      1629.20      0.99974693   3.9029260e-05
      1629.30      0.99974696   3.9020447e-05
      1629.40      0.99974699   3.9011956e-05
      1629.50      0.99974702   3.9003466e-05
      1629.60      0.99974705   3.8994669e-05
      1629.70      0.99974708   3.8986182e-05
      1629.80      0.99974711   3.8977379e-05
      1629.90      0.99974715   3.8968896e-05
      1630.00      0.99974718   3.8960415e-05
      1630.10      0.99974721   3.8951628e-05
      1630.20      0.99974724   3.8943150e-05
      1630.30      0.99974727   3.8934664e-05
      1630.40      0.99974730   3.8926191e-05
      1630.50      0.99974733   3.8917410e-05
      1630.60      0.99974736   3.8908940e-05
      1630.70      0.99974740   3.8900472e-05
      1630.80      0.99974743   3.8891995e-05
      1630.90      0.99974746   3.8883530e-05
      1631.00      0.99974749   3.8875067e-05
      1631.10      0.99974752   3.8866606e-05
      1631.20      0.99974755   3.8857839e-05
      1631.30      0.99974758   3.8849371e-05
      1631.40      0.99974761   3.8840915e-05
      1631.50      0.99974764   3.8832461e-05
      1631.60      0.99974768   3.8824008e-05
      1631.70      0.99974771   3.8815558e-05
      1631.80      0.99974774   3.8807099e-05
      1631.90      0.99974777   3.8798652e-05
      1632.00      0.99974780   3.8790207e-05
      1632.10      0.99974783   3.8781456e-05
      1632.20      0.99974786   3.8773014e-05
      1632.30      0.99974789   3.8764564e-05
      1632.40      0.99974792   3.8756126e-05
      1632.50      0.99974796   3.8747382e-05
      1632.60      0.99974799   3.8738948e-05
      1632.70      0.99974802   3.8730515e-05
      1632.80      0.99974805   3.8721766e-05
      1632.90      0.99974808   3.8713030e-05
      1633.00      0.99974811   3.8704603e-05
      1633.10      0.99974814   3.8696177e-05
      1633.20      0.99974817   3.8687447e-05
      1633.30      0.99974820   3.8679014e-05
      1633.40      0.99974823   3.8670287e-05
      1633.50      0.99974827   3.8661869e-05
      1633.60      0.99974830   3.8653452e-05
      1633.70      0.99974833   3.8644730e-05
      1633.80      0.99974836   3.8636307e-05
      1633.90      0.99974839   3.8627589e-05
      1634.00      0.99974842   3.8619179e-05
      1634.10      0.99974845   3.8610465e-05
      1634.20      0.99974848   3.8602059e-05
      1634.30      0.99974851   3.8593645e-05
      1634.40      0.99974855   3.8585242e-05
      1634.50      0.99974858   3.8576535e-05
      1634.60      0.99974861   3.8568136e-05
      1634.70      0.99974864   3.8559740e-05
      1634.80      0.99974867   3.8551334e-05
      1634.90      0.99974870   3.8542941e-05
      1635.00      0.99974873   3.8534243e-05
      1635.10      0.99974876   3.8525853e-05
      1635.20      0.99974879   3.8517465e-05
      1635.30      0.99974882   3.8509068e-05
      1635.40      0.99974886   3.8500683e-05
      1635.50      0.99974889   3.8491994e-05
      1635.60      0.99974892   3.8483613e-05
      1635.70      0.99974895   3.8475234e-05
      1635.80      0.99974898   3.8466846e-05
      1635.90      0.99974901   3.8458471e-05
      1636.00      0.99974904   3.8450097e-05
      1636.10      0.99974907   3.8441419e-05
      1636.20      0.99974910   3.8433048e-05
      1636.30      0.99974913   3.8424669e-05
      1636.40      0.99974916   3.8416302e-05
      1636.50      0.99974920   3.8407937e-05
      1636.60      0.99974923   3.8399268e-05
      1636.70      0.99974926   3.8390906e-05
      1636.80      0.99974929   3.8382536e-05
      1636.90      0.99974932   3.8374178e-05
      1637.00      0.99974935   3.8365516e-05
      1637.10      0.99974938   3.8357162e-05
      1637.20      0.99974941   3.8348809e-05
      1637.30      0.99974944   3.8340448e-05
      1637.40      0.99974947   3.8332099e-05
      1637.50      0.99974951   3.8323751e-05
      1637.60      0.99974954   3.8315100e-05
      1637.70      0.99974957   3.8306756e-05
      1637.80      0.99974960   3.8298403e-05
      1637.90      0.99974963   3.8289758e-05
      1638.00      0.99974966   3.8281419e-05
      1638.10      0.99974969   3.8273082e-05
      1638.20      0.99974972   3.8264747e-05
      1638.30      0.99974975   3.8256403e-05
      1638.40      0.99974978   3.8248072e-05
      1638.50      0.99974981   3.8239742e-05
      1638.60      0.99974985   3.8231414e-05
      1638.70      0.99974988   3.8223087e-05
      1638.80      0.99974991   3.8214752e-05
      1638.90      0.99974994   3.8206430e-05
      1639.00      0.99974997   3.8198108e-05
      1639.10      0.99975000   3.8189789e-05
      1639.20      0.99975003   3.8181471e-05
      1639.30      0.99975006   3.8173145e-05
      1639.40      0.99975009   3.8164831e-05
      1639.50      0.99975012   3.8156519e-05
      1639.60      0.99975015   3.8148208e-05
      1639.70      0.99975018   3.8139899e-05
      1639.80      0.99975022   3.8131582e-05
      1639.90      0.99975025   3.8123276e-05
      1640.00      0.99975028   3.8114973e-05
      1640.10      0.99975031   3.8106671e-05
      1640.20      0.99975034   3.8098370e-05
      1640.30      0.99975037   3.8090062e-05
      1640.40      0.99975040   3.8081765e-05
      1640.50      0.99975043   3.8073470e-05
      1640.60      0.99975046   3.8065177e-05
      1640.70      0.99975049   3.8056885e-05
      1640.80      0.99975052   3.8048585e-05
      1640.90      0.99975055   3.8040297e-05
      1641.00      0.99975058   3.8032011e-05
      1641.10      0.99975062   3.8024031e-05
      1641.20      0.99975065   3.8015444e-05
      1641.30      0.99975068   3.8007153e-05
      1641.40      0.99975071   3.7999177e-05
      1641.50      0.99975074   3.7990595e-05
      1641.60      0.99975077   3.7982319e-05
      1641.70      0.99975080   3.7974045e-05
      1641.80      0.99975083   3.7966067e-05
      1641.90      0.99975086   3.7957492e-05
      1642.00      0.99975089   3.7949223e-05
      1642.10      0.99975092   3.7940956e-05
      1642.20      0.99975095   3.7932690e-05
      1642.30      0.99975098   3.7924417e-05
      1642.40      0.99975101   3.7916155e-05
      1642.50      0.99975104   3.7907894e-05
      1642.60      0.99975108   3.7899636e-05
      1642.70      0.99975111   3.7891379e-05
      1642.80      0.99975114   3.7883114e-05
      1642.90      0.99975117   3.7874860e-05
      1643.00      0.99975120   3.7866609e-05
      1643.10      0.99975123   3.7858359e-05
      1643.20      0.99975126   3.7850110e-05
      1643.30      0.99975129   3.7841854e-05
      1643.40      0.99975132   3.7833609e-05
      1643.50      0.99975135   3.7825366e-05
      1643.60      0.99975138   3.7817125e-05
      1643.70      0.99975141   3.7808885e-05
      1643.80      0.99975144   3.7800637e-05
      1643.90      0.99975147   3.7792401e-05
      1644.00      0.99975150   3.7784167e-05
      1644.10      0.99975154   3.7775934e-05
      1644.20      0.99975157   3.7767703e-05
      1644.30      0.99975160   3.7759464e-05
      1644.40      0.99975163   3.7751237e-05
      1644.50      0.99975166   3.7743011e-05
      1644.60      0.99975169   3.7734787e-05
      1644.70      0.99975172   3.7726564e-05
      1644.80      0.99975175   3.7718334e-05
      1644.90      0.99975178   3.7710115e-05
      1645.00      0.99975181   3.7701595e-05
      1645.10      0.99975184   3.7693379e-05
      1645.20      0.99975187   3.7685468e-05
      1645.30      0.99975190   3.7676944e-05
      1645.40      0.99975193   3.7668733e-05
      1645.50      0.99975196   3.7660525e-05
      1645.60      0.99975199   3.7652318e-05
      1645.70      0.99975202   3.7644113e-05
      1645.80      0.99975205   3.7635900e-05
      1645.90      0.99975209   3.7627698e-05
      1646.00      0.99975212   3.7619498e-05
      1646.10      0.99975215   3.7611300e-05
      1646.20      0.99975218   3.7603103e-05
      1646.30      0.99975221   3.7594898e-05
      1646.40      0.99975224   3.7586705e-05
      1646.50      0.99975227   3.7578514e-05
      1646.60      0.99975230   3.7570324e-05
      1646.70      0.99975233   3.7561834e-05
      1646.80      0.99975236   3.7553638e-05
      1646.90      0.99975239   3.7545453e-05
      1647.00      0.99975242   3.7537270e-05
      1647.10      0.99975245   3.7529089e-05
      1647.20      0.99975248   3.7520910e-05
      1647.30      0.99975251   3.7512722e-05
      1647.40      0.99975254   3.7504546e-05
      1647.50      0.99975257   3.7496372e-05
      1647.60      0.99975260   3.7488200e-05
      1647.70      0.99975263   3.7480029e-05
      1647.80      0.99975267   3.7471850e-05
      1647.90      0.99975270   3.7463682e-05
      1648.00      0.99975273   3.7455215e-05
      1648.10      0.99975276   3.7447051e-05
      1648.20      0.99975279   3.7438888e-05
      1648.30      0.99975282   3.7430718e-05
      1648.40      0.99975285   3.7422559e-05
      1648.50      0.99975288   3.7414703e-05
      1648.60      0.99975291   3.7406548e-05
      1648.70      0.99975294   3.7398394e-05
      1648.80      0.99975297   3.7390232e-05
      1648.90      0.99975300   3.7382082e-05
      1649.00      0.99975303   3.7373933e-05
      1649.10      0.99975306   3.7365786e-05
      1649.20      0.99975309   3.7357942e-05
      1649.30      0.99975312   3.7349789e-05
      1649.40      0.99975315   3.7341647e-05
      1649.50      0.99975318   3.7333507e-05
      1649.60      0.99975321   3.7325368e-05
      1649.70      0.99975324   3.7317532e-05
      1649.80      0.99975327   3.7309086e-05
      1649.90      0.99975330   3.7301254e-05
      1650.00      0.99975333   3.7293122e-05
      1650.10      0.99975337   3.7284992e-05
      1650.20      0.99975340   3.7276864e-05
      1650.30      0.99975343   3.7268727e-05
      1650.40      0.99975346   3.7260602e-05
      1650.50      0.99975349   3.7252780e-05
      1650.60      0.99975352   3.7244658e-05
      1650.70      0.99975355   3.7236538e-05
      1650.80      0.99975358   3.7228410e-05
      1650.90      0.99975361   3.7220294e-05
      1651.00      0.99975364   3.7212179e-05
      1651.10      0.99975367   3.7204066e-05
      1651.20      0.99975370   3.7196255e-05
      1651.30      0.99975373   3.7188135e-05
      1651.40      0.99975376   3.7180027e-05
      1651.50      0.99975379   3.7171921e-05
      1651.60      0.99975382   3.7163816e-05
      1651.70      0.99975385   3.7155713e-05
      1651.80      0.99975388   3.7147902e-05
      1651.90      0.99975391   3.7139802e-05
      1652.00      0.99975394   3.7131704e-05
      1652.10      0.99975397   3.7123608e-05
      1652.20      0.99975400   3.7115513e-05
      1652.30      0.99975403   3.7107411e-05
      1652.40      0.99975406   3.7099319e-05
      1652.50      0.99975409   3.7091230e-05
      1652.60      0.99975412   3.7083142e-05
      1652.70      0.99975415   3.7075356e-05
      1652.80      0.99975418   3.7067261e-05
      1652.90      0.99975421   3.7059179e-05
      1653.00      0.99975424   3.7051097e-05
      1653.10      0.99975427   3.7043018e-05
      1653.20      0.99975431   3.7034940e-05
      1653.30      0.99975434   3.7026854e-05
      1653.40      0.99975437   3.7018780e-05
      1653.50      0.99975440   3.7010707e-05
      1653.60      0.99975443   3.7002636e-05
      1653.70      0.99975446   3.6994866e-05
      1653.80      0.99975449   3.6986789e-05
      1653.90      0.99975452   3.6978722e-05
      1654.00      0.99975455   3.6970658e-05
      1654.10      0.99975458   3.6962595e-05
      1654.20      0.99975461   3.6954534e-05
      1654.30      0.99975464   3.6946465e-05
      1654.40      0.99975467   3.6938408e-05
      1654.50      0.99975470   3.6930352e-05
      1654.60      0.99975473   3.6922297e-05
      1654.70      0.99975476   3.6914544e-05
      1654.80      0.99975479   3.6906483e-05
      1654.90      0.99975482   3.6898434e-05
      1655.00      0.99975485   3.6890386e-05
      1655.10      0.99975488   3.6882340e-05
      1655.20      0.99975491   3.6874296e-05
      1655.30      0.99975494   3.6866243e-05
      1655.40      0.99975497   3.6858203e-05
      1655.50      0.99975500   3.6850163e-05
      1655.60      0.99975503   3.6842126e-05
      1655.70      0.99975506   3.6834090e-05
      1655.80      0.99975509   3.6826344e-05
      1655.90      0.99975512   3.6818013e-05
      1656.00      0.99975515   3.6809982e-05
      1656.10      0.99975518   3.6802252e-05
      1656.20      0.99975521   3.6794224e-05
      1656.30      0.99975524   3.6786189e-05
      1656.40      0.99975527   3.6778164e-05
      1656.50      0.99975530   3.6770142e-05
      1656.60      0.99975533   3.6762419e-05
      1656.70      0.99975536   3.6754400e-05
      1656.80      0.99975539   3.6746671e-05
      1656.90      0.99975542   3.6738655e-05
      1657.00      0.99975545   3.6730641e-05
      1657.10      0.99975548   3.6722628e-05
      1657.20      0.99975551   3.6714916e-05
      1657.30      0.99975554   3.6706897e-05
      1657.40      0.99975557   3.6698889e-05
      1657.50      0.99975560   3.6691181e-05
      1657.60      0.99975563   3.6683177e-05
      1657.70      0.99975566   3.6675174e-05
      1657.80      0.99975569   3.6667462e-05
      1657.90      0.99975572   3.6659462e-05
      1658.00      0.99975575   3.6651464e-05
      1658.10      0.99975578   3.6643468e-05
      1658.20      0.99975581   3.6635772e-05
      1658.30      0.99975584   3.6627769e-05
      1658.40      0.99975587   3.6620076e-05
      1658.50      0.99975590   3.6612087e-05
      1658.60      0.99975593   3.6604099e-05
      1658.70      0.99975596   3.6596112e-05
      1658.80      0.99975599   3.6588416e-05
      1658.90      0.99975602   3.6580433e-05
      1659.00      0.99975605   3.6572452e-05
      1659.10      0.99975608   3.6564770e-05
      1659.20      0.99975611   3.6556792e-05
      1659.30      0.99975614   3.6548806e-05
      1659.40      0.99975617   3.6541129e-05
      1659.50      0.99975621   3.6533156e-05
      1659.60      0.99975624   3.6525184e-05
      1659.70      0.99975627   3.6517215e-05
      1659.80      0.99975630   3.6509534e-05
      1659.90      0.99975633   3.6501568e-05
      1660.00      0.99975635   3.6493603e-05
      1660.10      0.99975639   3.6485640e-05
      1660.20      0.99975642   3.6477976e-05
      1660.30      0.99975645   3.6470006e-05
      1660.40      0.99975648   3.6462048e-05
      1660.50      0.99975650   3.6454388e-05
      1660.60      0.99975654   3.6446434e-05
      1660.70      0.99975657   3.6438480e-05
      1660.80      0.99975660   3.6430519e-05
      1660.90      0.99975662   3.6422866e-05
      1661.00      0.99975665   3.6414918e-05
      1661.10      0.99975668   3.6406971e-05
      1661.20      0.99975671   3.6399323e-05
      1661.30      0.99975674   3.6391369e-05
      1661.40      0.99975677   3.6383428e-05
      1661.50      0.99975680   3.6375487e-05
      1661.60      0.99975683   3.6367846e-05
      1661.70      0.99975686   3.6359909e-05
      1661.80      0.99975689   3.6351964e-05
      1661.90      0.99975692   3.6344327e-05
      1662.00      0.99975695   3.6336395e-05
      1662.10      0.99975698   3.6328465e-05
      1662.20      0.99975701   3.6320536e-05
      1662.30      0.99975704   3.6312599e-05
      1662.40      0.99975707   3.6304970e-05
      1662.50      0.99975710   3.6297046e-05
      1662.60      0.99975713   3.6289124e-05
      1662.70      0.99975716   3.6281204e-05
      1662.80      0.99975719   3.6273571e-05
      1662.90      0.99975722   3.6265654e-05
      1663.00      0.99975725   3.6257738e-05
      1663.10      0.99975728   3.6249824e-05
      1663.20      0.99975731   3.6242208e-05
      1663.30      0.99975734   3.6234288e-05
      1663.40      0.99975737   3.6226379e-05
      1663.50      0.99975740   3.6218471e-05
      1663.60      0.99975743   3.6210565e-05
      1663.70      0.99975746   3.6202957e-05
      1663.80      0.99975749   3.6195045e-05
      1663.90      0.99975752   3.6187144e-05
      1664.00      0.99975755   3.6179541e-05
      1664.10      0.99975758   3.6171643e-05
      1664.20      0.99975761   3.6163747e-05
      1664.30      0.99975764   3.6155843e-05
      1664.40      0.99975767   3.6148246e-05
      1664.50      0.99975770   3.6140355e-05
      1664.60      0.99975773   3.6132761e-05
      1664.70      0.99975776   3.6124873e-05
      1664.80      0.99975779   3.6117273e-05
      1664.90      0.99975782   3.6109388e-05
      1665.00      0.99975785   3.6101800e-05
      1665.10      0.99975788   3.6093919e-05
      1665.20      0.99975791   3.6086334e-05
      1665.30      0.99975794   3.6078447e-05
      1665.40      0.99975797   3.6070865e-05
      1665.50      0.99975800   3.6062990e-05
      1665.60      0.99975803   3.6055412e-05
      1665.70      0.99975806   3.6047541e-05
      1665.80      0.99975809   3.6039956e-05
      1665.90      0.99975812   3.6032088e-05
      1666.00      0.99975815   3.6024516e-05
      1666.10      0.99975818   3.6016650e-05
      1666.20      0.99975821   3.6008787e-05
      1666.30      0.99975824   3.6001210e-05
      1666.40      0.99975827   3.5993350e-05
      1666.50      0.99975830   3.5985786e-05
      1666.60      0.99975833   3.5977928e-05
      1666.70      0.99975836   3.5970368e-05
      1666.80      0.99975839   3.5962504e-05
      1666.90      0.99975842   3.5954947e-05
      1667.00      0.99975845   3.5947096e-05
      1667.10      0.99975848   3.5939541e-05
      1667.20      0.99975851   3.5931694e-05
      1667.30      0.99975854   3.5923838e-05
      1667.40      0.99975857   3.5916288e-05
      1667.50      0.99975860   3.5908446e-05
      1667.60      0.99975863   3.5900899e-05
      1667.70      0.99975866   3.5893059e-05
      1667.80      0.99975869   3.5885507e-05
      1667.90      0.99975871   3.5877670e-05
      1668.00      0.99975874   3.5870130e-05
      1668.10      0.99975877   3.5862297e-05
      1668.20      0.99975880   3.5854759e-05
      1668.30      0.99975883   3.5846920e-05
      1668.40      0.99975886   3.5839386e-05
      1668.50      0.99975889   3.5831559e-05
      1668.60      0.99975892   3.5823734e-05
      1668.70      0.99975895   3.5816205e-05
      1668.80      0.99975898   3.5808373e-05
      1668.90      0.99975901   3.5800847e-05
      1669.00      0.99975904   3.5793028e-05
      1669.10      0.99975907   3.5785211e-05
      1669.20      0.99975910   3.5777690e-05
      1669.30      0.99975913   3.5769866e-05
      1669.40      0.99975916   3.5762348e-05
      1669.50      0.99975919   3.5754537e-05
      1669.60      0.99975922   3.5747022e-05
      1669.70      0.99975925   3.5739215e-05
      1669.80      0.99975928   3.5731693e-05
      1669.90      0.99975931   3.5723889e-05
      1670.00      0.99975934   3.5716086e-05
      1670.10      0.99975937   3.5708578e-05
      1670.20      0.99975940   3.5700779e-05
      1670.30      0.99975943   3.5693265e-05
      1670.40      0.99975946   3.5685469e-05
      1670.50      0.99975949   3.5677674e-05
      1670.60      0.99975952   3.5670174e-05
      1670.70      0.99975955   3.5662383e-05
      1670.80      0.99975957   3.5654877e-05
      1670.90      0.99975960   3.5647089e-05
      1671.00      0.99975963   3.5639595e-05
      1671.10      0.99975966   3.5631810e-05
      1671.20      0.99975969   3.5624320e-05
      1671.30      0.99975972   3.5616528e-05
      1671.40      0.99975975   3.5608748e-05
      1671.50      0.99975978   3.5601262e-05
      1671.60      0.99975981   3.5593485e-05
      1671.70      0.99975984   3.5585709e-05
      1671.80      0.99975987   3.5578219e-05
      1671.90      0.99975990   3.5570447e-05
      1672.00      0.99975993   3.5562676e-05
      1672.10      0.99975996   3.5555200e-05
      1672.20      0.99975999   3.5547432e-05
      1672.30      0.99976002   3.5539949e-05
      1672.40      0.99976005   3.5532185e-05
      1672.50      0.99976008   3.5524715e-05
      1672.60      0.99976011   3.5516954e-05
      1672.70      0.99976014   3.5509194e-05
      1672.80      0.99976017   3.5501719e-05
      1672.90      0.99976020   3.5493963e-05
      1673.00      0.99976023   3.5486208e-05
      1673.10      0.99976025   3.5478747e-05
      1673.20      0.99976028   3.5470995e-05
      1673.30      0.99976031   3.5463528e-05
      1673.40      0.99976034   3.5455779e-05
      1673.50      0.99976037   3.5448032e-05
      1673.60      0.99976040   3.5440579e-05
      1673.70      0.99976043   3.5432836e-05
      1673.80      0.99976046   3.5425084e-05
      1673.90      0.99976049   3.5417636e-05
      1674.00      0.99976052   3.5409897e-05
      1674.10      0.99976055   3.5402159e-05
      1674.20      0.99976058   3.5394715e-05
      1674.30      0.99976061   3.5386972e-05
      1674.40      0.99976064   3.5379531e-05
      1674.50      0.99976067   3.5372092e-05
      1674.60      0.99976070   3.5364362e-05
      1674.70      0.99976073   3.5356926e-05
      1674.80      0.99976076   3.5349191e-05
      1674.90      0.99976079   3.5341758e-05
      1675.00      0.99976082   3.5334327e-05
      1675.10      0.99976085   3.5326605e-05
      1675.20      0.99976088   3.5319177e-05
      1675.30      0.99976090   3.5311741e-05
      1675.40      0.99976093   3.5304024e-05
      1675.50      0.99976096   3.5296600e-05
      1675.60      0.99976099   3.5288886e-05
      1675.70      0.99976102   3.5281465e-05
      1675.80      0.99976105   3.5273745e-05
      1675.90      0.99976108   3.5266328e-05
      1676.00      0.99976111   3.5258912e-05
      1676.10      0.99976114   3.5251206e-05
      1676.20      0.99976117   3.5243793e-05
      1676.30      0.99976120   3.5236372e-05
      1676.40      0.99976123   3.5228671e-05
      1676.50      0.99976126   3.5221262e-05
      1676.60      0.99976129   3.5213856e-05
      1676.70      0.99976132   3.5206159e-05
      1676.80      0.99976135   3.5198746e-05
      1676.90      0.99976138   3.5191052e-05
      1677.00      0.99976141   3.5183652e-05
      1677.10      0.99976143   3.5175961e-05
      1677.20      0.99976146   3.5168564e-05
      1677.30      0.99976149   3.5160867e-05
      1677.40      0.99976152   3.5153473e-05
      1677.50      0.99976155   3.5146080e-05
      1677.60      0.99976158   3.5138397e-05
      1677.70      0.99976161   3.5131007e-05
      1677.80      0.99976164   3.5123609e-05
      1677.90      0.99976167   3.5115931e-05
      1678.00      0.99976170   3.5108546e-05
      1678.10      0.99976173   3.5100871e-05
      1678.20      0.99976176   3.5093489e-05
      1678.30      0.99976179   3.5085808e-05
      1678.40      0.99976182   3.5078429e-05
      1678.50      0.99976185   3.5071051e-05
      1678.60      0.99976188   3.5063384e-05
      1678.70      0.99976190   3.5056009e-05
      1678.80      0.99976193   3.5048336e-05
      1678.90      0.99976196   3.5040964e-05
      1679.00      0.99976199   3.5033303e-05
      1679.10      0.99976202   3.5025935e-05
      1679.20      0.99976205   3.5018568e-05
      1679.30      0.99976208   3.5010902e-05
      1679.40      0.99976211   3.5003538e-05
      1679.50      0.99976214   3.4995885e-05
      1679.60      0.99976217   3.4988524e-05
      1679.70      0.99976220   3.4981165e-05
      1679.80      0.99976223   3.4973507e-05
      1679.90      0.99976226   3.4966151e-05
      1680.00      0.99976229   3.4958505e-05
      1680.10      0.99976232   3.4951152e-05
      1680.20      0.99976235   3.4943510e-05
      1680.30      0.99976237   3.4936150e-05
      1680.40      0.99976240   3.4928801e-05
      1680.50      0.99976243   3.4921164e-05
      1680.60      0.99976246   3.4913818e-05
      1680.70      0.99976249   3.4906474e-05
      1680.80      0.99976252   3.4899122e-05
      1680.90      0.99976255   3.4891780e-05
      1681.00      0.99976258   3.4884441e-05
      1681.10      0.99976261   3.4876812e-05
      1681.20      0.99976264   3.4869475e-05
      1681.30      0.99976267   3.4862131e-05
      1681.40      0.99976270   3.4854797e-05
      1681.50      0.99976273   3.4847465e-05
      1681.60      0.99976276   3.4839844e-05
      1681.70      0.99976278   3.4832515e-05
      1681.80      0.99976281   3.4825178e-05
      1681.90      0.99976284   3.4817852e-05
      1682.00      0.99976287   3.4810527e-05
      1682.10      0.99976290   3.4803204e-05
      1682.20      0.99976293   3.4795593e-05
      1682.30      0.99976296   3.4788263e-05
      1682.40      0.99976299   3.4780944e-05
      1682.50      0.99976302   3.4773338e-05
      1682.60      0.99976305   3.4766022e-05
      1682.70      0.99976308   3.4758418e-05
      1682.80      0.99976311   3.4751096e-05
      1682.90      0.99976313   3.4743496e-05
      1683.00      0.99976316   3.4736186e-05
      1683.10      0.99976319   3.4728589e-05
      1683.20      0.99976322   3.4721282e-05
      1683.30      0.99976325   3.4713678e-05
      1683.40      0.99976328   3.4706375e-05
      1683.50      0.99976331   3.4698783e-05
      1683.60      0.99976334   3.4691483e-05
      1683.70      0.99976337   3.4683895e-05
      1683.80      0.99976340   3.4676588e-05
      1683.90      0.99976343   3.4669003e-05
      1684.00      0.99976346   3.4661708e-05
      1684.10      0.99976348   3.4654126e-05
      1684.20      0.99976351   3.4646834e-05
      1684.30      0.99976354   3.4639246e-05
      1684.40      0.99976357   3.4631958e-05
      1684.50      0.99976360   3.4624670e-05
      1684.60      0.99976363   3.4617385e-05
      1684.70      0.99976366   3.4609812e-05
      1684.80      0.99976369   3.4602520e-05
      1684.90      0.99976372   3.4595239e-05
      1685.00      0.99976375   3.4587959e-05
      1685.10      0.99976378   3.4580393e-05
      1685.20      0.99976381   3.4573116e-05
      1685.30      0.99976384   3.4565832e-05
      1685.40      0.99976386   3.4558558e-05
      1685.50      0.99976389   3.4551286e-05
      1685.60      0.99976392   3.4543727e-05
      1685.70      0.99976395   3.4536457e-05
      1685.80      0.99976398   3.4529181e-05
      1685.90      0.99976401   3.4521914e-05
      1686.00      0.99976404   3.4514361e-05
      1686.10      0.99976407   3.4507098e-05
      1686.20      0.99976410   3.4499836e-05
      1686.30      0.99976413   3.4492279e-05
      1686.40      0.99976416   3.4485020e-05
      1686.50      0.99976419   3.4477763e-05
      1686.60      0.99976421   3.4470507e-05
      1686.70      0.99976424   3.4463253e-05
      1686.80      0.99976427   3.4455703e-05
      1686.90      0.99976430   3.4448451e-05
      1687.00      0.99976433   3.4441201e-05
      1687.10      0.99976436   3.4433665e-05
      1687.20      0.99976439   3.4426418e-05
      1687.30      0.99976442   3.4419164e-05
      1687.40      0.99976445   3.4411920e-05
      1687.50      0.99976448   3.4404390e-05
      1687.60      0.99976450   3.4397149e-05
      1687.70      0.99976453   3.4389909e-05
      1687.80      0.99976456   3.4382662e-05
      1687.90      0.99976459   3.4375138e-05
      1688.00      0.99976462   3.4367903e-05
      1688.10      0.99976465   3.4360669e-05
      1688.20      0.99976468   3.4353150e-05
      1688.30      0.99976471   3.4345910e-05
      1688.40      0.99976474   3.4338681e-05
      1688.50      0.99976477   3.4331454e-05
      1688.60      0.99976480   3.4324227e-05
      1688.70      0.99976483   3.4317003e-05
      1688.80      0.99976485   3.4309771e-05
      1688.90      0.99976488   3.4302549e-05
      1689.00      0.99976491   3.4295329e-05
      1689.10      0.99976494   3.4288110e-05
      1689.20      0.99976497   3.4280892e-05
      1689.30      0.99976500   3.4273668e-05
      1689.40      0.99976503   3.4266453e-05
      1689.50      0.99976506   3.4259240e-05
      1689.60      0.99976509   3.4252029e-05
      1689.70      0.99976512   3.4244819e-05
      1689.80      0.99976514   3.4237601e-05
      1689.90      0.99976517   3.4230394e-05
      1690.00      0.99976520   3.4223189e-05
      1690.10      0.99976523   3.4215985e-05
      1690.20      0.99976526   3.4208782e-05
      1690.30      0.99976529   3.4201572e-05
      1690.40      0.99976532   3.4194372e-05
      1690.50      0.99976535   3.4186887e-05
      1690.60      0.99976538   3.4179690e-05
      1690.70      0.99976540   3.4172208e-05
      1690.80      0.99976543   3.4165006e-05
      1690.90      0.99976546   3.4157813e-05
      1691.00      0.99976549   3.4150336e-05
      1691.10      0.99976552   3.4143146e-05
      1691.20      0.99976555   3.4135958e-05
      1691.30      0.99976558   3.4128763e-05
      1691.40      0.99976561   3.4121292e-05
      1691.50      0.99976564   3.4114108e-05
      1691.60      0.99976566   3.4106926e-05
      1691.70      0.99976569   3.4099459e-05
      1691.80      0.99976572   3.4092271e-05
      1691.90      0.99976575   3.4085093e-05
      1692.00      0.99976578   3.4077631e-05
      1692.10      0.99976581   3.4070456e-05
      1692.20      0.99976584   3.4063283e-05
      1692.30      0.99976587   3.4055816e-05
      1692.40      0.99976590   3.4048646e-05
      1692.50      0.99976593   3.4041477e-05
      1692.60      0.99976595   3.4034310e-05
      1692.70      0.99976598   3.4027144e-05
      1692.80      0.99976601   3.4019970e-05
      1692.90      0.99976604   3.4012807e-05
      1693.00      0.99976607   3.4005646e-05
      1693.10      0.99976610   3.3998486e-05
      1693.20      0.99976613   3.3991327e-05
      1693.30      0.99976616   3.3983875e-05
      1693.40      0.99976619   3.3976720e-05
      1693.50      0.99976621   3.3969565e-05
      1693.60      0.99976624   3.3962698e-05
      1693.70      0.99976627   3.3955261e-05
      1693.80      0.99976630   3.3948102e-05
      1693.90      0.99976633   3.3940954e-05
      1694.00      0.99976636   3.3933807e-05
      1694.10      0.99976639   3.3926661e-05
      1694.20      0.99976642   3.3919517e-05
      1694.30      0.99976645   3.3912366e-05
      1694.40      0.99976647   3.3905225e-05
      1694.50      0.99976650   3.3898085e-05
      1694.60      0.99976653   3.3890947e-05
      1694.70      0.99976656   3.3883525e-05
      1694.80      0.99976659   3.3876380e-05
      1694.90      0.99976662   3.3869246e-05
      1695.00      0.99976665   3.3862114e-05
      1695.10      0.99976668   3.3854983e-05
      1695.20      0.99976671   3.3847853e-05
      1695.30      0.99976673   3.3840716e-05
      1695.40      0.99976676   3.3833590e-05
      1695.50      0.99976679   3.3826465e-05
      1695.60      0.99976682   3.3819341e-05
      1695.70      0.99976685   3.3811933e-05
      1695.80      0.99976688   3.3804804e-05
      1695.90      0.99976691   3.3797684e-05
      1696.00      0.99976694   3.3790566e-05
      1696.10      0.99976696   3.3783450e-05
      1696.20      0.99976699   3.3776335e-05
      1696.30      0.99976702   3.3769212e-05
      1696.40      0.99976705   3.3762100e-05
      1696.50      0.99976708   3.3754705e-05
      1696.60      0.99976711   3.3747595e-05
      1696.70      0.99976714   3.3740487e-05
      1696.80      0.99976717   3.3733372e-05
      1696.90      0.99976720   3.3726267e-05
      1697.00      0.99976722   3.3719164e-05
      1697.10      0.99976725   3.3712062e-05
      1697.20      0.99976728   3.3704961e-05
      1697.30      0.99976731   3.3697569e-05
      1697.40      0.99976734   3.3690471e-05
      1697.50      0.99976737   3.3683375e-05
      1697.60      0.99976740   3.3676280e-05
      1697.70      0.99976743   3.3669186e-05
      1697.80      0.99976745   3.3662086e-05
      1697.90      0.99976748   3.3654995e-05
      1698.00      0.99976751   3.3647906e-05
      1698.10      0.99976754   3.3640534e-05
      1698.20      0.99976757   3.3633448e-05
      1698.30      0.99976760   3.3626354e-05
      1698.40      0.99976763   3.3619271e-05
      1698.50      0.99976766   3.3612189e-05
      1698.60      0.99976768   3.3605109e-05
      1698.70      0.99976771   3.3598314e-05
      1698.80      0.99976774   3.3591227e-05
      1698.90      0.99976777   3.3584151e-05
      1699.00      0.99976780   3.3577076e-05
      1699.10      0.99976783   3.3570003e-05
      1699.20      0.99976786   3.3562931e-05
      1699.30      0.99976789   3.3555852e-05
      1699.40      0.99976791   3.3548783e-05
      1699.50      0.99976794   3.3541999e-05
      1699.60      0.99976797   3.3534933e-05
      1699.70      0.99976800   3.3527868e-05
      1699.80      0.99976803   3.3520796e-05
      1699.90      0.99976806   3.3513734e-05
      1700.00      0.99976809   3.3506674e-05
      1700.10      0.99976812   3.3499615e-05
      1700.20      0.99976814   3.3492557e-05
      1700.30      0.99976817   3.3485776e-05
      1700.40      0.99976820   3.3478438e-05
      1700.50      0.99976823   3.3471384e-05
      1700.60      0.99976826   3.3464332e-05
      1700.70      0.99976829   3.3457282e-05
      1700.80      0.99976832   3.3450224e-05
      1700.90      0.99976834   3.3443176e-05
      1701.00      0.99976837   3.3435847e-05
      1701.10      0.99976840   3.3428802e-05
      1701.20      0.99976843   3.3421759e-05
      1701.30      0.99976846   3.3414708e-05
      1701.40      0.99976849   3.3407668e-05
      1701.50      0.99976852   3.3400346e-05
      1701.60      0.99976854   3.3393308e-05
      1701.70      0.99976857   3.3386272e-05
      1701.80      0.99976860   3.3379229e-05
      1701.90      0.99976863   3.3372195e-05
      1702.00      0.99976866   3.3365163e-05
      1702.10      0.99976869   3.3357850e-05
      1702.20      0.99976872   3.3350821e-05
      1702.30      0.99976875   3.3343785e-05
      1702.40      0.99976877   3.3336759e-05
      1702.50      0.99976880   3.3329734e-05
      1702.60      0.99976883   3.3322711e-05
      1702.70      0.99976886   3.3315689e-05
      1702.80      0.99976889   3.3308660e-05
      1702.90      0.99976892   3.3301641e-05
      1703.00      0.99976895   3.3294623e-05
      1703.10      0.99976897   3.3287889e-05
      1703.20      0.99976900   3.3280592e-05
      1703.30      0.99976903   3.3273852e-05
      1703.40      0.99976906   3.3266840e-05
      1703.50      0.99976909   3.3259830e-05
      1703.60      0.99976912   3.3252820e-05
      1703.70      0.99976915   3.3245813e-05
      1703.80      0.99976918   3.3238798e-05
      1703.90      0.99976920   3.3231793e-05
      1704.00      0.99976923   3.3224789e-05
      1704.10      0.99976926   3.3217787e-05
      1704.20      0.99976929   3.3210786e-05
      1704.30      0.99976932   3.3203779e-05
      1704.40      0.99976935   3.3196781e-05
      1704.50      0.99976938   3.3189784e-05
      1704.60      0.99976940   3.3183071e-05
      1704.70      0.99976943   3.3175796e-05
      1704.80      0.99976946   3.3169077e-05
      1704.90      0.99976949   3.3161804e-05
      1705.00      0.99976952   3.3155097e-05
      1705.10      0.99976955   3.3148109e-05
      1705.20      0.99976958   3.3141122e-05
      1705.30      0.99976960   3.3134128e-05
      1705.40      0.99976963   3.3127144e-05
      1705.50      0.99976966   3.3120162e-05
      1705.60      0.99976969   3.3113181e-05
      1705.70      0.99976972   3.3106202e-05
      1705.80      0.99976975   3.3099215e-05
      1705.90      0.99976978   3.3092238e-05
      1706.00      0.99976980   3.3085263e-05
      1706.10      0.99976983   3.3078289e-05
      1706.20      0.99976986   3.3071316e-05
      1706.30      0.99976989   3.3064337e-05
      1706.40      0.99976992   3.3057367e-05
      1706.50      0.99976995   3.3050399e-05
      1706.60      0.99976997   3.3043432e-05
      1706.70      0.99977000   3.3036466e-05
      1706.80      0.99977003   3.3029494e-05
      1706.90      0.99977006   3.3022531e-05
      1707.00      0.99977009   3.3015570e-05
      1707.10      0.99977012   3.3008610e-05
      1707.20      0.99977015   3.3001652e-05
      1707.30      0.99977017   3.2994686e-05
      1707.40      0.99977020   3.2987730e-05
      1707.50      0.99977023   3.2980776e-05
      1707.60      0.99977026   3.2973823e-05
      1707.70      0.99977029   3.2966872e-05
      1707.80      0.99977032   3.2959913e-05
      1707.90      0.99977035   3.2952965e-05
      1708.00      0.99977037   3.2946017e-05
      1708.10      0.99977040   3.2939072e-05
      1708.20      0.99977043   3.2932408e-05
      1708.30      0.99977046   3.2925457e-05
      1708.40      0.99977049   3.2918515e-05
      1708.50      0.99977052   3.2911575e-05
      1708.60      0.99977055   3.2904636e-05
      1708.70      0.99977057   3.2897979e-05
      1708.80      0.99977060   3.2891034e-05
      1708.90      0.99977063   3.2884100e-05
      1709.00      0.99977066   3.2877166e-05
      1709.10      0.99977069   3.2870515e-05
      1709.20      0.99977072   3.2863585e-05
      1709.30      0.99977074   3.2856647e-05
      1709.40      0.99977077   3.2849719e-05
      1709.50      0.99977080   3.2843073e-05
      1709.60      0.99977083   3.2836148e-05
      1709.70      0.99977086   3.2829225e-05
      1709.80      0.99977089   3.2822294e-05
      1709.90      0.99977092   3.2815373e-05
      1710.00      0.99977094   3.2808734e-05
      1710.10      0.99977097   3.2801816e-05
      1710.20      0.99977100   3.2794899e-05
      1710.30      0.99977103   3.2788256e-05
      1710.40      0.99977106   3.2781062e-05
      1710.50      0.99977109   3.2774429e-05
      1710.60      0.99977111   3.2767518e-05
      1710.70      0.99977114   3.2760329e-05
      1710.80      0.99977117   3.2753412e-05
      1710.90      0.99977120   3.2746785e-05
      1711.00      0.99977123   3.2739599e-05
      1711.10      0.99977126   3.2732695e-05
      1711.20      0.99977128   3.2725793e-05
      1711.30      0.99977131   3.2718883e-05
      1711.40      0.99977134   3.2711983e-05
      1711.50      0.99977137   3.2705084e-05
      1711.60      0.99977140   3.2698187e-05
      1711.70      0.99977143   3.2691291e-05
      1711.80      0.99977145   3.2684388e-05
      1711.90      0.99977148   3.2677495e-05
      1712.00      0.99977151   3.2670604e-05
      1712.10      0.99977154   3.2663714e-05
      1712.20      0.99977157   3.2656825e-05
      1712.30      0.99977160   3.2649929e-05
      1712.40      0.99977163   3.2643043e-05
      1712.50      0.99977165   3.2636158e-05
      1712.60      0.99977168   3.2629275e-05
      1712.70      0.99977171   3.2622672e-05
      1712.80      0.99977174   3.2615783e-05
      1712.90      0.99977177   3.2608904e-05
      1713.00      0.99977180   3.2602026e-05
      1713.10      0.99977182   3.2595150e-05
      1713.20      0.99977185   3.2588554e-05
      1713.30      0.99977188   3.2581672e-05
      1713.40      0.99977191   3.2574800e-05
      1713.50      0.99977194   3.2567929e-05
      1713.60      0.99977197   3.2561059e-05
      1713.70      0.99977199   3.2554470e-05
      1713.80      0.99977202   3.2547595e-05
      1713.90      0.99977205   3.2540729e-05
      1714.00      0.99977208   3.2534144e-05
      1714.10      0.99977211   3.2527282e-05
      1714.20      0.99977214   3.2520420e-05
      1714.30      0.99977216   3.2513552e-05
      1714.40      0.99977219   3.2506693e-05
      1714.50      0.99977222   3.2499836e-05
      1714.60      0.99977225   3.2493259e-05
      1714.70      0.99977228   3.2486405e-05
      1714.80      0.99977231   3.2479543e-05
      1714.90      0.99977233   3.2472692e-05
      1715.00      0.99977236   3.2465841e-05
      1715.10      0.99977239   3.2459271e-05
      1715.20      0.99977242   3.2452423e-05
      1715.30      0.99977245   3.2445569e-05
      1715.40      0.99977248   3.2438724e-05
      1715.50      0.99977250   3.2431880e-05
      1715.60      0.99977253   3.2425317e-05
      1715.70      0.99977256   3.2418476e-05
      1715.80      0.99977259   3.2411628e-05
      1715.90      0.99977262   3.2404790e-05
      1716.00      0.99977265   3.2397954e-05
      1716.10      0.99977267   3.2391118e-05
      1716.20      0.99977270   3.2384563e-05
      1716.30      0.99977273   3.2377722e-05
      1716.40      0.99977276   3.2370891e-05
      1716.50      0.99977279   3.2364339e-05
      1716.60      0.99977282   3.2357511e-05
      1716.70      0.99977284   3.2350961e-05
      1716.80      0.99977287   3.2344127e-05
      1716.90      0.99977290   3.2337303e-05
      1717.00      0.99977293   3.2330758e-05
      1717.10      0.99977296   3.2323936e-05
      1717.20      0.99977299   3.2317394e-05
      1717.30      0.99977301   3.2310567e-05
      1717.40      0.99977304   3.2303749e-05
      1717.50      0.99977307   3.2297211e-05
      1717.60      0.99977310   3.2290396e-05
      1717.70      0.99977313   3.2283860e-05
      1717.80      0.99977316   3.2277040e-05
      1717.90      0.99977318   3.2270506e-05
      1718.00      0.99977321   3.2263697e-05
      1718.10      0.99977324   3.2256889e-05
      1718.20      0.99977327   3.2250360e-05
      1718.30      0.99977330   3.2243546e-05
      1718.40      0.99977333   3.2237019e-05
      1718.50      0.99977335   3.2230217e-05
      1718.60      0.99977338   3.2223415e-05
      1718.70      0.99977341   3.2216615e-05
      1718.80      0.99977344   3.2209808e-05
      1718.90      0.99977347   3.2203011e-05
      1719.00      0.99977349   3.2196215e-05
      1719.10      0.99977352   3.2189421e-05
      1719.20      0.99977355   3.2182905e-05
      1719.30      0.99977358   3.2176105e-05
      1719.40      0.99977361   3.2169314e-05
      1719.50      0.99977364   3.2162525e-05
      1719.60      0.99977366   3.2155737e-05
      1719.70      0.99977369   3.2148951e-05
      1719.80      0.99977372   3.2142158e-05
      1719.90      0.99977375   3.2135374e-05
      1720.00      0.99977378   3.2128869e-05
      1720.10      0.99977380   3.2122088e-05
      1720.20      0.99977383   3.2115308e-05
      1720.30      0.99977386   3.2108522e-05
      1720.40      0.99977389   3.2102021e-05
      1720.50      0.99977392   3.2095246e-05
      1720.60      0.99977395   3.2088472e-05
      1720.70      0.99977397   3.2081975e-05
      1720.80      0.99977400   3.2075196e-05
      1720.90      0.99977403   3.2068426e-05
      1721.00      0.99977406   3.2061933e-05
      1721.10      0.99977409   3.2055166e-05
      1721.20      0.99977412   3.2048676e-05
      1721.30      0.99977414   3.2041903e-05
      1721.40      0.99977417   3.2035140e-05
      1721.50      0.99977420   3.2028654e-05
      1721.60      0.99977423   3.2021894e-05
      1721.70      0.99977426   3.2015411e-05
      1721.80      0.99977428   3.2008644e-05
      1721.90      0.99977431   3.2001888e-05
      1722.00      0.99977434   3.1995132e-05
      1722.10      0.99977437   3.1988654e-05
      1722.20      0.99977440   3.1981902e-05
      1722.30      0.99977443   3.1975418e-05
      1722.40      0.99977445   3.1968668e-05
      1722.50      0.99977448   3.1961920e-05
      1722.60      0.99977451   3.1955448e-05
      1722.70      0.99977454   3.1948702e-05
      1722.80      0.99977457   3.1941950e-05
      1722.90      0.99977459   3.1935482e-05
      1723.00      0.99977462   3.1928740e-05
      1723.10      0.99977465   3.1922276e-05
      1723.20      0.99977468   3.1915536e-05
      1723.30      0.99977471   3.1908790e-05
      1723.40      0.99977473   3.1902329e-05
      1723.50      0.99977476   3.1895594e-05
      1723.60      0.99977479   3.1888860e-05
      1723.70      0.99977482   3.1882403e-05
      1723.80      0.99977485   3.1875664e-05
      1723.90      0.99977487   3.1868934e-05
      1724.00      0.99977490   3.1862481e-05
      1724.10      0.99977493   3.1855753e-05
      1724.20      0.99977496   3.1849028e-05
      1724.30      0.99977499   3.1842570e-05
      1724.40      0.99977502   3.1835847e-05
      1724.50      0.99977504   3.1829125e-05
      1724.60      0.99977507   3.1822404e-05
      1724.70      0.99977510   3.1815685e-05
      1724.80      0.99977513   3.1808959e-05
      1724.90      0.99977516   3.1802242e-05
      1725.00      0.99977518   3.1795527e-05
      1725.10      0.99977521   3.1788813e-05
      1725.20      0.99977524   3.1782101e-05
      1725.30      0.99977527   3.1775381e-05
      1725.40      0.99977530   3.1768672e-05
      1725.50      0.99977532   3.1762238e-05
      1725.60      0.99977535   3.1755256e-05
      1725.70      0.99977538   3.1748825e-05
      1725.80      0.99977541   3.1742112e-05
      1725.90      0.99977544   3.1735409e-05
      1726.00      0.99977546   3.1728707e-05
      1726.10      0.99977549   3.1722007e-05
      1726.20      0.99977552   3.1715308e-05
      1726.30      0.99977555   3.1708602e-05
      1726.40      0.99977558   3.1701905e-05
      1726.50      0.99977561   3.1695210e-05
      1726.60      0.99977563   3.1688791e-05
      1726.70      0.99977566   3.1682099e-05
      1726.80      0.99977569   3.1675399e-05
      1726.90      0.99977572   3.1668984e-05
      1727.00      0.99977575   3.1662296e-05
      1727.10      0.99977577   3.1655608e-05
      1727.20      0.99977580   3.1649197e-05
      1727.30      0.99977583   3.1642505e-05
      1727.40      0.99977586   3.1635821e-05
      1727.50      0.99977589   3.1629414e-05
      1727.60      0.99977591   3.1622734e-05
      1727.70      0.99977594   3.1616054e-05
      1727.80      0.99977597   3.1609368e-05
      1727.90      0.99977600   3.1602966e-05
      1728.00      0.99977603   3.1596291e-05
      1728.10      0.99977605   3.1589617e-05
      1728.20      0.99977608   3.1583219e-05
      1728.30      0.99977611   3.1576539e-05
      1728.40      0.99977614   3.1569869e-05
      1728.50      0.99977617   3.1563475e-05
      1728.60      0.99977620   3.1556808e-05
      1728.70      0.99977622   3.1550142e-05
      1728.80      0.99977625   3.1543469e-05
      1728.90      0.99977628   3.1537080e-05
      1729.00      0.99977631   3.1530418e-05
      1729.10      0.99977634   3.1523757e-05
      1729.20      0.99977636   3.1517098e-05
      1729.30      0.99977639   3.1510705e-05
      1729.40      0.99977642   3.1504049e-05
      1729.50      0.99977645   3.1497393e-05
      1729.60      0.99977648   3.1491013e-05
      1729.70      0.99977650   3.1484360e-05
      1729.80      0.99977653   3.1477701e-05
      1729.90      0.99977656   3.1471051e-05
      1730.00      0.99977659   3.1464676e-05
      1730.10      0.99977662   3.1458028e-05
      1730.20      0.99977664   3.1451382e-05
      1730.30      0.99977667   3.1444729e-05
      1730.40      0.99977670   3.1438085e-05
      1730.50      0.99977673   3.1431443e-05
      1730.60      0.99977676   3.1424802e-05
      1730.70      0.99977678   3.1418163e-05
      1730.80      0.99977681   3.1411516e-05
      1730.90      0.99977684   3.1404879e-05
      1731.00      0.99977687   3.1398244e-05
      1731.10      0.99977690   3.1391609e-05
      1731.20      0.99977692   3.1384976e-05
      1731.30      0.99977695   3.1378337e-05
      1731.40      0.99977698   3.1371706e-05
      1731.50      0.99977701   3.1365077e-05
      1731.60      0.99977704   3.1358450e-05
      1731.70      0.99977706   3.1351823e-05
      1731.80      0.99977709   3.1345190e-05
      1731.90      0.99977712   3.1338567e-05
      1732.00      0.99977715   3.1331944e-05
      1732.10      0.99977718   3.1325323e-05
      1732.20      0.99977720   3.1318703e-05
      1732.30      0.99977723   3.1312077e-05
      1732.40      0.99977726   3.1305460e-05
      1732.50      0.99977729   3.1299117e-05
      1732.60      0.99977732   3.1292503e-05
      1732.70      0.99977734   3.1285889e-05
      1732.80      0.99977737   3.1279269e-05
      1732.90      0.99977740   3.1272659e-05
      1733.00      0.99977743   3.1266323e-05
      1733.10      0.99977746   3.1259715e-05
      1733.20      0.99977748   3.1253108e-05
      1733.30      0.99977751   3.1246495e-05
      1733.40      0.99977754   3.1240163e-05
      1733.50      0.99977757   3.1233561e-05
      1733.60      0.99977760   3.1226959e-05
      1733.70      0.99977762   3.1220359e-05
      1733.80      0.99977765   3.1213753e-05
      1733.90      0.99977768   3.1207428e-05
      1734.00      0.99977771   3.1200831e-05
      1734.10      0.99977774   3.1194237e-05
      1734.20      0.99977776   3.1187643e-05
      1734.30      0.99977779   3.1181315e-05
      1734.40      0.99977782   3.1174724e-05
      1734.50      0.99977785   3.1168135e-05
      1734.60      0.99977788   3.1161546e-05
      1734.70      0.99977790   3.1154959e-05
      1734.80      0.99977793   3.1148638e-05
      1734.90      0.99977796   3.1142054e-05
      1735.00      0.99977799   3.1135471e-05
      1735.10      0.99977802   3.1128889e-05
      1735.20      0.99977804   3.1122308e-05
      1735.30      0.99977807   3.1115721e-05
      1735.40      0.99977810   3.1109415e-05
      1735.50      0.99977813   3.1102839e-05
      1735.60      0.99977816   3.1096263e-05
      1735.70      0.99977818   3.1089690e-05
      1735.80      0.99977821   3.1083109e-05
      1735.90      0.99977824   3.1076809e-05
      1736.00      0.99977827   3.1070239e-05
      1736.10      0.99977830   3.1063671e-05
      1736.20      0.99977832   3.1057103e-05
      1736.30      0.99977835   3.1050529e-05
      1736.40      0.99977838   3.1043964e-05
      1736.50      0.99977841   3.1037672e-05
      1736.60      0.99977844   3.1031110e-05
      1736.70      0.99977846   3.1024549e-05
      1736.80      0.99977849   3.1017982e-05
      1736.90      0.99977852   3.1011695e-05
      1737.00      0.99977855   3.1005138e-05
      1737.10      0.99977858   3.0998582e-05
      1737.20      0.99977860   3.0992028e-05
      1737.30      0.99977863   3.0985466e-05
      1737.40      0.99977866   3.0978915e-05
      1737.50      0.99977869   3.0972636e-05
      1737.60      0.99977872   3.0966086e-05
      1737.70      0.99977875   3.0959538e-05
      1737.80      0.99977877   3.0952984e-05
      1737.90      0.99977880   3.0946438e-05
      1738.00      0.99977883   3.0939894e-05
      1738.10      0.99977886   3.0933623e-05
      1738.20      0.99977889   3.0927081e-05
      1738.30      0.99977891   3.0920533e-05
      1738.40      0.99977894   3.0914265e-05
      1738.50      0.99977897   3.0907728e-05
      1738.60      0.99977900   3.0901191e-05
      1738.70      0.99977903   3.0894927e-05
      1738.80      0.99977905   3.0888386e-05
      1738.90      0.99977908   3.0882124e-05
      1739.00      0.99977911   3.0875593e-05
      1739.10      0.99977914   3.0869063e-05
      1739.20      0.99977917   3.0862805e-05
      1739.30      0.99977919   3.0856270e-05
      1739.40      0.99977922   3.0850015e-05
      1739.50      0.99977925   3.0843490e-05
      1739.60      0.99977928   3.0836967e-05
      1739.70      0.99977931   3.0830715e-05
      1739.80      0.99977933   3.0824187e-05
      1739.90      0.99977936   3.0817938e-05
      1740.00      0.99977939   3.0811419e-05
      1740.10      0.99977942   3.0805173e-05
      1740.20      0.99977945   3.0798657e-05
      1740.30      0.99977947   3.0792135e-05
      1740.40      0.99977950   3.0785892e-05
      1740.50      0.99977953   3.0779380e-05
      1740.60      0.99977956   3.0772869e-05
      1740.70      0.99977958   3.0766360e-05
      1740.80      0.99977961   3.0759844e-05
      1740.90      0.99977964   3.0753337e-05
      1741.00      0.99977967   3.0746832e-05
      1741.10      0.99977970   3.0740328e-05
      1741.20      0.99977972   3.0734095e-05
      1741.30      0.99977975   3.0727585e-05
      1741.40      0.99977978   3.0721085e-05
      1741.50      0.99977981   3.0714586e-05
      1741.60      0.99977984   3.0708088e-05
      1741.70      0.99977986   3.0701592e-05
      1741.80      0.99977989   3.0695089e-05
      1741.90      0.99977992   3.0688595e-05
      1742.00      0.99977995   3.0682372e-05
      1742.10      0.99977998   3.0675611e-05
      1742.20      0.99978000   3.0669391e-05
      1742.30      0.99978003   3.0662894e-05
      1742.40      0.99978006   3.0656407e-05
      1742.50      0.99978009   3.0650190e-05
      1742.60      0.99978012   3.0643705e-05
      1742.70      0.99978015   3.0637222e-05
      1742.80      0.99978017   3.0631001e-05
      1742.90      0.99978020   3.0624520e-05
      1743.00      0.99978023   3.0618310e-05
      1743.10      0.99978026   3.0611831e-05
      1743.20      0.99978029   3.0605354e-05
      1743.30      0.99978031   3.0599140e-05
      1743.40      0.99978034   3.0592665e-05
      1743.50      0.99978037   3.0586192e-05
      1743.60      0.99978040   3.0579989e-05
      1743.70      0.99978043   3.0573518e-05
      1743.80      0.99978045   3.0567310e-05
      1743.90      0.99978048   3.0560842e-05
      1744.00      0.99978051   3.0554375e-05
      1744.10      0.99978054   3.0548178e-05
      1744.20      0.99978057   3.0541714e-05
      1744.30      0.99978059   3.0535243e-05
      1744.40      0.99978062   3.0529050e-05
      1744.50      0.99978065   3.0522589e-05
      1744.60      0.99978068   3.0516130e-05
      1744.70      0.99978071   3.0509940e-05
      1744.80      0.99978073   3.0503476e-05
      1744.90      0.99978076   3.0497289e-05
      1745.00      0.99978079   3.0490835e-05
      1745.10      0.99978082   3.0484382e-05
      1745.20      0.99978085   3.0478199e-05
      1745.30      0.99978087   3.0471740e-05
      1745.40      0.99978090   3.0465291e-05
      1745.50      0.99978093   3.0459112e-05
      1745.60      0.99978096   3.0452665e-05
      1745.70      0.99978099   3.0446220e-05
      1745.80      0.99978101   3.0440036e-05
      1745.90      0.99978104   3.0433593e-05
      1746.00      0.99978107   3.0427420e-05
      1746.10      0.99978110   3.0420980e-05
      1746.20      0.99978113   3.0414541e-05
      1746.30      0.99978115   3.0408095e-05
      1746.40      0.99978118   3.0401927e-05
      1746.50      0.99978121   3.0395491e-05
      1746.60      0.99978124   3.0389326e-05
      1746.70      0.99978127   3.0383162e-05
      1746.80      0.99978129   3.0376722e-05
      1746.90      0.99978132   3.0370560e-05
      1747.00      0.99978135   3.0364400e-05
      1747.10      0.99978138   3.0357972e-05
      1747.20      0.99978141   3.0351813e-05
      1747.30      0.99978143   3.0345649e-05
      1747.40      0.99978146   3.0339225e-05
      1747.50      0.99978149   3.0333070e-05
      1747.60      0.99978152   3.0326649e-05
      1747.70      0.99978155   3.0320496e-05
      1747.80      0.99978157   3.0314070e-05
      1747.90      0.99978160   3.0307920e-05
      1748.00      0.99978163   3.0301771e-05
      1748.10      0.99978166   3.0295356e-05
      1748.20      0.99978169   3.0289210e-05
      1748.30      0.99978171   3.0282790e-05
      1748.40      0.99978174   3.0276646e-05
      1748.50      0.99978177   3.0270236e-05
      1748.60      0.99978180   3.0263826e-05
      1748.70      0.99978182   3.0257687e-05
      1748.80      0.99978185   3.0251272e-05
      1748.90      0.99978188   3.0244867e-05
      1749.00      0.99978191   3.0238731e-05
      1749.10      0.99978194   3.0232328e-05
      1749.20      0.99978196   3.0225926e-05
      1749.30      0.99978199   3.0219518e-05
      1749.40      0.99978202   3.0213387e-05
      1749.50      0.99978205   3.0206989e-05
      1749.60      0.99978208   3.0200593e-05
      1749.70      0.99978210   3.0194465e-05
      1749.80      0.99978213   3.0188063e-05
      1749.90      0.99978216   3.0181671e-05
      1750.00      0.99978219   3.0175547e-05
      1750.10      0.99978222   3.0169156e-05
      1750.20      0.99978224   3.0162767e-05
      1750.30      0.99978227   3.0156639e-05
      1750.40      0.99978230   3.0150253e-05
      1750.50      0.99978233   3.0143868e-05
      1750.60      0.99978236   3.0137751e-05
      1750.70      0.99978238   3.0131368e-05
      1750.80      0.99978241   3.0125247e-05
      1750.90      0.99978244   3.0119134e-05
      1751.00      0.99978247   3.0112755e-05
      1751.10      0.99978250   3.0106644e-05
      1751.20      0.99978252   3.0100268e-05
      1751.30      0.99978255   3.0094152e-05
      1751.40      0.99978258   3.0088045e-05
      1751.50      0.99978261   3.0081672e-05
      1751.60      0.99978264   3.0075568e-05
      1751.70      0.99978266   3.0069197e-05
      1751.80      0.99978269   3.0063087e-05
      1751.90      0.99978272   3.0056720e-05
      1752.00      0.99978275   3.0050620e-05
      1752.10      0.99978278   3.0044255e-05
      1752.20      0.99978280   3.0038157e-05
      1752.30      0.99978283   3.0031787e-05
      1752.40      0.99978286   3.0025425e-05
      1752.50      0.99978289   3.0019332e-05
      1752.60      0.99978292   3.0012973e-05
      1752.70      0.99978294   3.0006881e-05
      1752.80      0.99978297   3.0000517e-05
      1752.90      0.99978300   2.9994162e-05
      1753.00      0.99978303   2.9987808e-05
      1753.10      0.99978306   2.9981721e-05
      1753.20      0.99978308   2.9975370e-05
      1753.30      0.99978311   2.9969012e-05
      1753.40      0.99978314   2.9962662e-05
      1753.50      0.99978317   2.9956581e-05
      1753.60      0.99978320   2.9950234e-05
      1753.70      0.99978322   2.9943889e-05
      1753.80      0.99978325   2.9937537e-05
      1753.90      0.99978328   2.9931194e-05
      1754.00      0.99978331   2.9924852e-05
      1754.10      0.99978334   2.9918778e-05
      1754.20      0.99978336   2.9912439e-05
      1754.30      0.99978339   2.9906094e-05
      1754.40      0.99978342   2.9900023e-05
      1754.50      0.99978345   2.9893688e-05
      1754.60      0.99978348   2.9887619e-05
      1754.70      0.99978351   2.9881553e-05
      1754.80      0.99978353   2.9875213e-05
      1754.90      0.99978356   2.9868883e-05
      1755.00      0.99978359   2.9862819e-05
      1755.10      0.99978362   2.9856491e-05
      1755.20      0.99978365   2.9850430e-05
      1755.30      0.99978367   2.9844097e-05
      1755.40      0.99978370   2.9838039e-05
      1755.50      0.99978373   2.9831716e-05
      1755.60      0.99978376   2.9825660e-05
      1755.70      0.99978379   2.9819339e-05
      1755.80      0.99978381   2.9813278e-05
      1755.90      0.99978384   2.9806960e-05
      1756.00      0.99978387   2.9800908e-05
      1756.10      0.99978390   2.9794593e-05
      1756.20      0.99978393   2.9788544e-05
      1756.30      0.99978395   2.9782223e-05
      1756.40      0.99978398   2.9776176e-05
      1756.50      0.99978401   2.9769866e-05
      1756.60      0.99978404   2.9763822e-05
      1756.70      0.99978407   2.9757513e-05
      1756.80      0.99978409   2.9751464e-05
      1756.90      0.99978412   2.9745158e-05
      1757.00      0.99978415   2.9739119e-05
      1757.10      0.99978418   2.9732815e-05
      1757.20      0.99978421   2.9726513e-05
      1757.30      0.99978424   2.9720470e-05
      1757.40      0.99978426   2.9714435e-05
      1757.50      0.99978429   2.9708137e-05
      1757.60      0.99978432   2.9702105e-05
      1757.70      0.99978435   2.9695809e-05
      1757.80      0.99978438   2.9689506e-05
      1757.90      0.99978440   2.9683478e-05
      1758.00      0.99978443   2.9677185e-05
      1758.10      0.99978446   2.9671159e-05
      1758.20      0.99978449   2.9664869e-05
      1758.30      0.99978452   2.9658838e-05
      1758.40      0.99978454   2.9652551e-05
      1758.50      0.99978457   2.9646529e-05
      1758.60      0.99978460   2.9640244e-05
      1758.70      0.99978463   2.9633960e-05
      1758.80      0.99978466   2.9627935e-05
      1758.90      0.99978468   2.9621919e-05
      1759.00      0.99978471   2.9615638e-05
      1759.10      0.99978474   2.9609359e-05
      1759.20      0.99978477   2.9603346e-05
      1759.30      0.99978480   2.9597062e-05
      1759.40      0.99978483   2.9591052e-05
      1759.50      0.99978485   2.9584778e-05
      1759.60      0.99978488   2.9578770e-05
      1759.70      0.99978491   2.9572498e-05
      1759.80      0.99978494   2.9566485e-05
      1759.90      0.99978497   2.9560215e-05
      1760.00      0.99978499   2.9553947e-05
      1760.10      0.99978502   2.9547945e-05
      1760.20      0.99978505   2.9541680e-05
      1760.30      0.99978508   2.9535672e-05
      1760.40      0.99978511   2.9529674e-05
      1760.50      0.99978513   2.9523412e-05
      1760.60      0.99978516   2.9517416e-05
      1760.70      0.99978519   2.9511156e-05
      1760.80      0.99978522   2.9505155e-05
      1760.90      0.99978525   2.9499162e-05
      1761.00      0.99978528   2.9493170e-05
      1761.10      0.99978530   2.9486916e-05
      1761.20      0.99978533   2.9480927e-05
      1761.30      0.99978536   2.9474931e-05
      1761.40      0.99978539   2.9468944e-05
      1761.50      0.99978542   2.9462694e-05
      1761.60      0.99978544   2.9456710e-05
      1761.70      0.99978547   2.9450727e-05
      1761.80      0.99978550   2.9444473e-05
      1761.90      0.99978553   2.9438492e-05
      1762.00      0.99978556   2.9432512e-05
      1762.10      0.99978559   2.9426270e-05
      1762.20      0.99978561   2.9420292e-05
      1762.30      0.99978564   2.9414309e-05
      1762.40      0.99978567   2.9408070e-05
      1762.50      0.99978570   2.9402096e-05
      1762.60      0.99978573   2.9395859e-05
      1762.70      0.99978575   2.9389888e-05
      1762.80      0.99978578   2.9383646e-05
      1762.90      0.99978581   2.9377413e-05
      1763.00      0.99978584   2.9371445e-05
      1763.10      0.99978587   2.9365215e-05
      1763.20      0.99978589   2.9358986e-05
      1763.30      0.99978592   2.9353014e-05
      1763.40      0.99978595   2.9346787e-05
      1763.50      0.99978598   2.9340561e-05
      1763.60      0.99978601   2.9334601e-05
      1763.70      0.99978604   2.9328641e-05
      1763.80      0.99978606   2.9322411e-05
      1763.90      0.99978609   2.9316191e-05
      1764.00      0.99978612   2.9310235e-05
      1764.10      0.99978615   2.9304016e-05
      1764.20      0.99978618   2.9298062e-05
      1764.30      0.99978621   2.9291839e-05
      1764.40      0.99978623   2.9285888e-05
      1764.50      0.99978626   2.9279674e-05
      1764.60      0.99978629   2.9273725e-05
      1764.70      0.99978632   2.9267777e-05
      1764.80      0.99978635   2.9261560e-05
      1764.90      0.99978638   2.9255614e-05
      1765.00      0.99978640   2.9249670e-05
      1765.10      0.99978643   2.9243463e-05
      1765.20      0.99978646   2.9237521e-05
      1765.30      0.99978649   2.9231573e-05
      1765.40      0.99978652   2.9225370e-05
      1765.50      0.99978654   2.9219432e-05
      1765.60      0.99978657   2.9213231e-05
      1765.70      0.99978660   2.9207295e-05
      1765.80      0.99978663   2.9201353e-05
      1765.90      0.99978666   2.9195156e-05
      1766.00      0.99978669   2.9189223e-05
      1766.10      0.99978671   2.9183292e-05
      1766.20      0.99978674   2.9177099e-05
      1766.30      0.99978677   2.9171162e-05
      1766.40      0.99978680   2.9164971e-05
      1766.50      0.99978683   2.9159044e-05
      1766.60      0.99978686   2.9153119e-05
      1766.70      0.99978688   2.9147194e-05
      1766.80      0.99978691   2.9141001e-05
      1766.90      0.99978694   2.9135078e-05
      1767.00      0.99978697   2.9128895e-05
      1767.10      0.99978700   2.9122975e-05
      1767.20      0.99978703   2.9116794e-05
      1767.30      0.99978705   2.9110869e-05
      1767.40      0.99978708   2.9104952e-05
      1767.50      0.99978711   2.9098775e-05
      1767.60      0.99978714   2.9092861e-05
      1767.70      0.99978717   2.9086948e-05
      1767.80      0.99978720   2.9080767e-05
      1767.90      0.99978722   2.9074856e-05
      1768.00      0.99978725   2.9068947e-05
      1768.10      0.99978728   2.9062776e-05
      1768.20      0.99978731   2.9056869e-05
      1768.30      0.99978734   2.9050694e-05
      1768.40      0.99978737   2.9044789e-05
      1768.50      0.99978739   2.9038623e-05
      1768.60      0.99978742   2.9032721e-05
      1768.70      0.99978745   2.9026819e-05
      1768.80      0.99978748   2.9020650e-05
      1768.90      0.99978751   2.9014751e-05
      1769.00      0.99978754   2.9008853e-05
      1769.10      0.99978756   2.9002695e-05
      1769.20      0.99978759   2.8996799e-05
      1769.30      0.99978762   2.8990636e-05
      1769.40      0.99978765   2.8984742e-05
      1769.50      0.99978768   2.8978850e-05
      1769.60      0.99978771   2.8972698e-05
      1769.70      0.99978774   2.8966808e-05
      1769.80      0.99978776   2.8960912e-05
      1769.90      0.99978779   2.8954763e-05
      1770.00      0.99978782   2.8948877e-05
      1770.10      0.99978785   2.8942730e-05
      1770.20      0.99978788   2.8936846e-05
      1770.30      0.99978791   2.8930695e-05
      1770.40      0.99978793   2.8924813e-05
      1770.50      0.99978796   2.8918933e-05
      1770.60      0.99978799   2.8913053e-05
      1770.70      0.99978802   2.8907175e-05
      1770.80      0.99978805   2.8901291e-05
      1770.90      0.99978808   2.8895415e-05
      1771.00      0.99978811   2.8889279e-05
      1771.10      0.99978813   2.8883405e-05
      1771.20      0.99978816   2.8877533e-05
      1771.30      0.99978819   2.8871654e-05
      1771.40      0.99978822   2.8865784e-05
      1771.50      0.99978825   2.8859915e-05
      1771.60      0.99978828   2.8854047e-05
      1771.70      0.99978830   2.8848181e-05
      1771.80      0.99978833   2.8842047e-05
      1771.90      0.99978836   2.8836182e-05
      1772.00      0.99978839   2.8830319e-05
      1772.10      0.99978842   2.8824457e-05
      1772.20      0.99978845   2.8818596e-05
      1772.30      0.99978848   2.8812729e-05
      1772.40      0.99978850   2.8806609e-05
      1772.50      0.99978853   2.8800752e-05
      1772.60      0.99978856   2.8794634e-05
      1772.70      0.99978859   2.8788779e-05
      1772.80      0.99978862   2.8782657e-05
      1772.90      0.99978865   2.8776804e-05
      1773.00      0.99978868   2.8770692e-05
      1773.10      0.99978870   2.8764841e-05
      1773.20      0.99978873   2.8758991e-05
      1773.30      0.99978876   2.8752875e-05
      1773.40      0.99978879   2.8747028e-05
      1773.50      0.99978882   2.8740921e-05
      1773.60      0.99978885   2.8735077e-05
      1773.70      0.99978888   2.8728972e-05
      1773.80      0.99978890   2.8723122e-05
      1773.90      0.99978893   2.8717281e-05
      1774.00      0.99978896   2.8711180e-05
      1774.10      0.99978899   2.8705341e-05
      1774.20      0.99978902   2.8699243e-05
      1774.30      0.99978905   2.8693138e-05
      1774.40      0.99978908   2.8687303e-05
      1774.50      0.99978910   2.8681468e-05
      1774.60      0.99978913   2.8675635e-05
      1774.70      0.99978916   2.8669802e-05
      1774.80      0.99978919   2.8663964e-05
      1774.90      0.99978922   2.8658134e-05
      1775.00      0.99978925   2.8652045e-05
      1775.10      0.99978928   2.8646217e-05
      1775.20      0.99978931   2.8640390e-05
      1775.30      0.99978933   2.8634558e-05
      1775.40      0.99978936   2.8628473e-05
      1775.50      0.99978939   2.8622650e-05
      1775.60      0.99978942   2.8616828e-05
      1775.70      0.99978945   2.8611007e-05
      1775.80      0.99978948   2.8605180e-05
      1775.90      0.99978951   2.8599102e-05
      1776.00      0.99978953   2.8593284e-05
      1776.10      0.99978956   2.8587468e-05
      1776.20      0.99978959   2.8581653e-05
      1776.30      0.99978962   2.8575831e-05
      1776.40      0.99978965   2.8570018e-05
      1776.50      0.99978968   2.8563947e-05
      1776.60      0.99978971   2.8558136e-05
      1776.70      0.99978974   2.8552326e-05
      1776.80      0.99978976   2.8546511e-05
      1776.90      0.99978979   2.8540703e-05
      1777.00      0.99978982   2.8534638e-05
      1777.10      0.99978985   2.8528833e-05
      1777.20      0.99978988   2.8523029e-05
      1777.30      0.99978991   2.8517219e-05
      1777.40      0.99978994   2.8511417e-05
      1777.50      0.99978997   2.8505357e-05
      1777.60      0.99978999   2.8499558e-05
      1777.70      0.99979002   2.8493759e-05
      1777.80      0.99979005   2.8487955e-05
      1777.90      0.99979008   2.8481900e-05
      1778.00      0.99979011   2.8476105e-05
      1778.10      0.99979014   2.8470311e-05
      1778.20      0.99979017   2.8464519e-05
      1778.30      0.99979020   2.8458720e-05
      1778.40      0.99979023   2.8452670e-05
      1778.50      0.99979025   2.8446881e-05
      1778.60      0.99979028   2.8441093e-05
      1778.70      0.99979031   2.8435306e-05
      1778.80      0.99979034   2.8429254e-05
      1778.90      0.99979037   2.8423469e-05
      1779.00      0.99979040   2.8417686e-05
      1779.10      0.99979043   2.8411644e-05
      1779.20      0.99979046   2.8405863e-05
      1779.30      0.99979049   2.8400076e-05
      1779.40      0.99979051   2.8394297e-05
      1779.50      0.99979054   2.8388519e-05
      1779.60      0.99979057   2.8382483e-05
      1779.70      0.99979060   2.8376707e-05
      1779.80      0.99979063   2.8370926e-05
      1779.90      0.99979066   2.8365152e-05
      1780.00      0.99979069   2.8359121e-05
      1780.10      0.99979072   2.8353350e-05
      1780.20      0.99979075   2.8347580e-05
      1780.30      0.99979077   2.8341545e-05
      1780.40      0.99979080   2.8335777e-05
      1780.50      0.99979083   2.8330011e-05
      1780.60      0.99979086   2.8324245e-05
      1780.70      0.99979089   2.8318481e-05
      1780.80      0.99979092   2.8312452e-05
      1780.90      0.99979095   2.8306690e-05
      1781.00      0.99979098   2.8300929e-05
      1781.10      0.99979101   2.8295169e-05
      1781.20      0.99979104   2.8289151e-05
      1781.30      0.99979106   2.8283387e-05
      1781.40      0.99979109   2.8277630e-05
      1781.50      0.99979112   2.8271616e-05
      1781.60      0.99979115   2.8265862e-05
      1781.70      0.99979118   2.8260109e-05
      1781.80      0.99979121   2.8254349e-05
      1781.90      0.99979124   2.8248340e-05
      1782.00      0.99979127   2.8242590e-05
      1782.10      0.99979130   2.8236842e-05
      1782.20      0.99979133   2.8231094e-05
      1782.30      0.99979136   2.8225083e-05
      1782.40      0.99979139   2.8219337e-05
      1782.50      0.99979141   2.8213593e-05
      1782.60      0.99979144   2.8207850e-05
      1782.70      0.99979147   2.8202108e-05
      1782.80      0.99979150   2.8196360e-05
      1782.90      0.99979153   2.8190620e-05
      1783.00      0.99979156   2.8184881e-05
      1783.10      0.99979159   2.8179144e-05
      1783.20      0.99979162   2.8173407e-05
      1783.30      0.99979165   2.8167665e-05
      1783.40      0.99979168   2.8161930e-05
      1783.50      0.99979171   2.8156197e-05
      1783.60      0.99979174   2.8150465e-05
      1783.70      0.99979177   2.8144734e-05
      1783.80      0.99979179   2.8138997e-05
      1783.90      0.99979182   2.8133269e-05
      1784.00      0.99979185   2.8127541e-05
      1784.10      0.99979188   2.8121814e-05
      1784.20      0.99979191   2.8116089e-05
      1784.30      0.99979194   2.8110358e-05
      1784.40      0.99979197   2.8104634e-05
      1784.50      0.99979200   2.8098655e-05
      1784.60      0.99979203   2.8092934e-05
      1784.70      0.99979206   2.8087214e-05
      1784.80      0.99979209   2.8081231e-05
      1784.90      0.99979212   2.8075513e-05
      1785.00      0.99979215   2.8069797e-05
      1785.10      0.99979218   2.8063824e-05
      1785.20      0.99979220   2.8058110e-05
      1785.30      0.99979223   2.8052390e-05
      1785.40      0.99979226   2.8046421e-05
      1785.50      0.99979229   2.8040710e-05
      1785.60      0.99979232   2.8035000e-05
      1785.70      0.99979235   2.8029291e-05
      1785.80      0.99979238   2.8023320e-05
      1785.90      0.99979241   2.8017613e-05
      1786.00      0.99979244   2.8011908e-05
      1786.10      0.99979247   2.8005947e-05
      1786.20      0.99979250   2.8000243e-05
      1786.30      0.99979253   2.7994534e-05
      1786.40      0.99979256   2.7988833e-05
      1786.50      0.99979259   2.7982877e-05
      1786.60      0.99979262   2.7977435e-05
      1786.70      0.99979265   2.7971737e-05
      1786.80      0.99979268   2.7965777e-05
      1786.90      0.99979271   2.7960082e-05
      1787.00      0.99979274   2.7954644e-05
      1787.10      0.99979277   2.7948694e-05
      1787.20      0.99979279   2.7943002e-05
      1787.30      0.99979282   2.7937304e-05
      1787.40      0.99979285   2.7931614e-05
      1787.50      0.99979288   2.7925925e-05
      1787.60      0.99979291   2.7920237e-05
      1787.70      0.99979294   2.7914551e-05
      1787.80      0.99979297   2.7908858e-05
      1787.90      0.99979300   2.7903174e-05
      1788.00      0.99979303   2.7897490e-05
      1788.10      0.99979306   2.7891808e-05
      1788.20      0.99979309   2.7886127e-05
      1788.30      0.99979312   2.7880184e-05
      1788.40      0.99979315   2.7874761e-05
      1788.50      0.99979318   2.7868827e-05
      1788.60      0.99979321   2.7863150e-05
      1788.70      0.99979324   2.7857475e-05
      1788.80      0.99979327   2.7851793e-05
      1788.90      0.99979330   2.7846120e-05
      1789.00      0.99979333   2.7840447e-05
      1789.10      0.99979336   2.7834776e-05
      1789.20      0.99979339   2.7829106e-05
      1789.30      0.99979342   2.7823430e-05
      1789.40      0.99979345   2.7817762e-05
      1789.50      0.99979348   2.7812095e-05
      1789.60      0.99979351   2.7806173e-05
      1789.70      0.99979354   2.7800764e-05
      1789.80      0.99979357   2.7794838e-05
      1789.90      0.99979360   2.7789176e-05
      1790.00      0.99979363   2.7783514e-05
      1790.10      0.99979366   2.7777854e-05
      1790.20      0.99979369   2.7772195e-05
      1790.30      0.99979372   2.7766530e-05
      1790.40      0.99979375   2.7760873e-05
      1790.50      0.99979378   2.7754961e-05
      1790.60      0.99979381   2.7749562e-05
      1790.70      0.99979384   2.7743653e-05
      1790.80      0.99979387   2.7737993e-05
      1790.90      0.99979390   2.7732341e-05
      1791.00      0.99979393   2.7726691e-05
      1791.10      0.99979396   2.7721042e-05
      1791.20      0.99979399   2.7715393e-05
      1791.30      0.99979402   2.7709739e-05
      1791.40      0.99979405   2.7704093e-05
      1791.50      0.99979408   2.7698448e-05
      1791.60      0.99979411   2.7692549e-05
      1791.70      0.99979414   2.7686906e-05
      1791.80      0.99979417   2.7681257e-05
      1791.90      0.99979420   2.7675617e-05
      1792.00      0.99979423   2.7669977e-05
      1792.10      0.99979426   2.7664339e-05
      1792.20      0.99979429   2.7658701e-05
      1792.30      0.99979432   2.7653058e-05
      1792.40      0.99979435   2.7647168e-05
      1792.50      0.99979438   2.7641534e-05
      1792.60      0.99979441   2.7635901e-05
      1792.70      0.99979444   2.7630269e-05
      1792.80      0.99979447   2.7624631e-05
      1792.90      0.99979450   2.7619001e-05
      1793.00      0.99979453   2.7613372e-05
      1793.10      0.99979456   2.7607745e-05
      1793.20      0.99979459   2.7602118e-05
      1793.30      0.99979462   2.7596486e-05
      1793.40      0.99979465   2.7590607e-05
      1793.50      0.99979468   2.7584984e-05
      1793.60      0.99979471   2.7579361e-05
      1793.70      0.99979474   2.7573740e-05
      1793.80      0.99979477   2.7568114e-05
      1793.90      0.99979481   2.7562495e-05
      1794.00      0.99979484   2.7556877e-05
      1794.10      0.99979487   2.7551006e-05
      1794.20      0.99979490   2.7545390e-05
      1794.30      0.99979493   2.7539768e-05
      1794.40      0.99979496   2.7534155e-05
      1794.50      0.99979499   2.7528543e-05
      1794.60      0.99979502   2.7523186e-05
      1794.70      0.99979505   2.7517321e-05
      1794.80      0.99979508   2.7511959e-05
      1794.90      0.99979511   2.7506351e-05
      1795.00      0.99979514   2.7500744e-05
      1795.10      0.99979517   2.7495138e-05
      1795.20      0.99979520   2.7489533e-05
      1795.30      0.99979523   2.7483923e-05
      1795.40      0.99979526   2.7478320e-05
      1795.50      0.99979530   2.7472973e-05
      1795.60      0.99979533   2.7467118e-05
      1795.70      0.99979536   2.7461773e-05
      1795.80      0.99979539   2.7456167e-05
      1795.90      0.99979542   2.7450570e-05
      1796.00      0.99979545   2.7444974e-05
      1796.10      0.99979548   2.7439379e-05
      1796.20      0.99979551   2.7433784e-05
      1796.30      0.99979554   2.7428438e-05
      1796.40      0.99979557   2.7422593e-05
      1796.50      0.99979560   2.7417256e-05
      1796.60      0.99979563   2.7411666e-05
      1796.70      0.99979566   2.7406077e-05
      1796.80      0.99979570   2.7400482e-05
      1796.90      0.99979573   2.7394896e-05
      1797.00      0.99979576   2.7389310e-05
      1797.10      0.99979579   2.7383726e-05
      1797.20      0.99979582   2.7378142e-05
      1797.30      0.99979585   2.7372807e-05
      1797.40      0.99979588   2.7366972e-05
      1797.50      0.99979591   2.7361645e-05
      1797.60      0.99979594   2.7356066e-05
      1797.70      0.99979597   2.7350488e-05
      1797.80      0.99979601   2.7344904e-05
      1797.90      0.99979604   2.7339329e-05
      1798.00      0.99979607   2.7333754e-05
      1798.10      0.99979610   2.7328180e-05
      1798.20      0.99979613   2.7322607e-05
      1798.30      0.99979616   2.7317282e-05
      1798.40      0.99979619   2.7311458e-05
      1798.50      0.99979622   2.7305889e-05
      1798.60      0.99979626   2.7300320e-05
      1798.70      0.99979629   2.7294753e-05
      1798.80      0.99979632   2.7288926e-05
      1798.90      0.99979635   2.7283361e-05
      1799.00      0.99979638   2.7277797e-05
      1799.10      0.99979641   2.7272234e-05
      1799.20      0.99979644   2.7266672e-05
      1799.30      0.99979647   2.7260851e-05
      1799.40      0.99979651   2.7255291e-05
      1799.50      0.99979654   2.7249733e-05
      1799.60      0.99979657   2.7244175e-05
      1799.70      0.99979660   2.7238618e-05
      1799.80      0.99979663   2.7232803e-05
      1799.90      0.99979666   2.7227248e-05
      1800.00      0.99979670   2.7221695e-05
      1800.10      0.99979673   2.7216143e-05
      1800.20      0.99979676   2.7210591e-05
      1800.30      0.99979679   2.7204782e-05
      1800.40      0.99979682   2.7199485e-05
      1800.50      0.99979685   2.7193937e-05
      1800.60      0.99979689   2.7188390e-05
      1800.70      0.99979692   2.7183097e-05
      1800.80      0.99979695   2.7177545e-05
      1800.90      0.99979698   2.7172002e-05
      1801.00      0.99979701   2.7166711e-05
      1801.10      0.99979705   2.7161170e-05
      1801.20      0.99979708   2.7155881e-05
      1801.30      0.99979711   2.7150335e-05
      1801.40      0.99979714   2.7144797e-05
      1801.50      0.99979717   2.7139259e-05
      1801.60      0.99979720   2.7133975e-05
      1801.70      0.99979724   2.7128440e-05
      1801.80      0.99979727   2.7122899e-05
      1801.90      0.99979730   2.7117618e-05
      1802.00      0.99979733   2.7112085e-05
      1802.10      0.99979736   2.7106554e-05
      1802.20      0.99979740   2.7101276e-05
      1802.30      0.99979743   2.7095741e-05
      1802.40      0.99979746   2.7090212e-05
      1802.50      0.99979749   2.7084685e-05
      1802.60      0.99979752   2.7079160e-05
      1802.70      0.99979756   2.7073635e-05
      1802.80      0.99979759   2.7068104e-05
      1802.90      0.99979762   2.7062581e-05
      1803.00      0.99979765   2.7057060e-05
      1803.10      0.99979769   2.7051539e-05
      1803.20      0.99979772   2.7046019e-05
      1803.30      0.99979775   2.7040494e-05
      1803.40      0.99979778   2.7034977e-05
      1803.50      0.99979782   2.7029460e-05
      1803.60      0.99979785   2.7023945e-05
      1803.70      0.99979788   2.7018431e-05
      1803.80      0.99979791   2.7013163e-05
      1803.90      0.99979795   2.7007650e-05
      1804.00      0.99979798   2.7001887e-05
      1804.10      0.99979801   2.6996377e-05
      1804.20      0.99979804   2.6991120e-05
      1804.30      0.99979808   2.6985605e-05
      1804.40      0.99979811   2.6980098e-05
      1804.50      0.99979814   2.6974341e-05
      1804.60      0.99979817   2.6969088e-05
      1804.70      0.99979821   2.6963584e-05
      1804.80      0.99979824   2.6957823e-05
      1804.90      0.99979827   2.6952573e-05
      1805.00      0.99979830   2.6947072e-05
      1805.10      0.99979834   2.6941573e-05
      1805.20      0.99979837   2.6935823e-05
      1805.30      0.99979840   2.6930570e-05
      1805.40      0.99979844   2.6925074e-05
      1805.50      0.99979847   2.6919578e-05
      1805.60      0.99979850   2.6914084e-05
      1805.70      0.99979854   2.6908591e-05
      1805.80      0.99979857   2.6903092e-05
      1805.90      0.99979860   2.6897601e-05
      1806.00      0.99979864   2.6891859e-05
      1806.10      0.99979867   2.6886622e-05
      1806.20      0.99979870   2.6881134e-05
      1806.30      0.99979874   2.6875640e-05
      1806.40      0.99979877   2.6870154e-05
      1806.50      0.99979880   2.6864669e-05
      1806.60      0.99979884   2.6859186e-05
      1806.70      0.99979887   2.6853954e-05
      1806.80      0.99979890   2.6848466e-05
      1806.90      0.99979894   2.6842985e-05
      1807.00      0.99979897   2.6837505e-05
      1807.10      0.99979900   2.6832278e-05
      1807.20      0.99979904   2.6826800e-05
      1807.30      0.99979907   2.6821317e-05
      1807.40      0.99979910   2.6815842e-05
      1807.50      0.99979914   2.6810618e-05
      1807.60      0.99979917   2.6805145e-05
      1807.70      0.99979920   2.6799672e-05
      1807.80      0.99979924   2.6794445e-05
      1807.90      0.99979927   2.6788975e-05
      1808.00      0.99979931   2.6783506e-05
      1808.10      0.99979934   2.6778037e-05
      1808.20      0.99979937   2.6772821e-05
      1808.30      0.99979941   2.6767348e-05
      1808.40      0.99979944   2.6761883e-05
      1808.50      0.99979948   2.6756419e-05
      1808.60      0.99979951   2.6751207e-05
      1808.70      0.99979954   2.6745745e-05
      1808.80      0.99979958   2.6740277e-05
      1808.90      0.99979961   2.6734817e-05
      1809.00      0.99979965   2.6729358e-05
      1809.10      0.99979968   2.6724151e-05
      1809.20      0.99979972   2.6718694e-05
      1809.30      0.99979975   2.6713232e-05
      1809.40      0.99979978   2.6708028e-05
      1809.50      0.99979982   2.6702574e-05
      1809.60      0.99979985   2.6697121e-05
      1809.70      0.99979989   2.6691670e-05
      1809.80      0.99979992   2.6686212e-05
      1809.90      0.99979996   2.6680763e-05
      1810.00      0.99979999   2.6675565e-05
      1810.10      0.99980003   2.6670117e-05
      1810.20      0.99980006   2.6664921e-05
      1810.30      0.99980010   2.6659469e-05
      1810.40      0.99980013   2.6654025e-05
      1810.50      0.99980017   2.6648581e-05
      1810.60      0.99980020   2.6643139e-05
      1810.70      0.99980024   2.6637948e-05
      1810.80      0.99980027   2.6632501e-05
      1810.90      0.99980031   2.6627062e-05
      1811.00      0.99980034   2.6621624e-05
      1811.10      0.99980038   2.6616186e-05
      1811.20      0.99980041   2.6611000e-05
      1811.30      0.99980045   2.6605559e-05
      1811.40      0.99980048   2.6600125e-05
      1811.50      0.99980052   2.6594692e-05
      1811.60      0.99980055   2.6589260e-05
      1811.70      0.99980059   2.6583829e-05
      1811.80      0.99980062   2.6578642e-05
      1811.90      0.99980066   2.6573213e-05
      1812.00      0.99980069   2.6567785e-05
      1812.10      0.99980073   2.6562608e-05
      1812.20      0.99980076   2.6557182e-05
      1812.30      0.99980080   2.6551751e-05
      1812.40      0.99980084   2.6546327e-05
      1812.50      0.99980087   2.6540905e-05
      1812.60      0.99980091   2.6535483e-05
      1812.70      0.99980094   2.6530312e-05
      1812.80      0.99980098   2.6524886e-05
      1812.90      0.99980102   2.6519467e-05
      1813.00      0.99980105   2.6514049e-05
      1813.10      0.99980109   2.6508633e-05
      1813.20      0.99980112   2.6503467e-05
      1813.30      0.99980116   2.6498046e-05
      1813.40      0.99980120   2.6492632e-05
      1813.50      0.99980123   2.6487220e-05
      1813.60      0.99980127   2.6481809e-05
      1813.70      0.99980131   2.6476647e-05
      1813.80      0.99980134   2.6471232e-05
      1813.90      0.99980138   2.6465823e-05
      1814.00      0.99980142   2.6460416e-05
      1814.10      0.99980145   2.6455010e-05
      1814.20      0.99980149   2.6449605e-05
      1814.30      0.99980153   2.6444443e-05
      1814.40      0.99980156   2.6439040e-05
      1814.50      0.99980160   2.6433638e-05
      1814.60      0.99980164   2.6428237e-05
      1814.70      0.99980167   2.6422836e-05
      1814.80      0.99980171   2.6417431e-05
      1814.90      0.99980175   2.6412282e-05
      1815.00      0.99980179   2.6406885e-05
      1815.10      0.99980182   2.6401489e-05
      1815.20      0.99980186   2.6396094e-05
      1815.30      0.99980190   2.6390693e-05
      1815.40      0.99980194   2.6385300e-05
      1815.50      0.99980197   2.6380157e-05
      1815.60      0.99980201   2.6374766e-05
      1815.70      0.99980205   2.6369376e-05
      1815.80      0.99980209   2.6363981e-05
      1815.90      0.99980212   2.6358593e-05
      1816.00      0.99980216   2.6353455e-05
      1816.10      0.99980220   2.6348069e-05
      1816.20      0.99980224   2.6342685e-05
      1816.30      0.99980228   2.6337294e-05
      1816.40      0.99980231   2.6331912e-05
      1816.50      0.99980235   2.6326778e-05
      1816.60      0.99980239   2.6321398e-05
      1816.70      0.99980243   2.6316018e-05
      1816.80      0.99980247   2.6310881e-05
      1816.90      0.99980251   2.6305752e-05
      1817.00      0.99980255   2.6300375e-05
      1817.10      0.99980258   2.6295000e-05
      1817.20      0.99980262   2.6289873e-05
      1817.30      0.99980266   2.6284493e-05
      1817.40      0.99980270   2.6279369e-05
      1817.50      0.99980274   2.6273997e-05
      1817.60      0.99980278   2.6268875e-05
      1817.70      0.99980282   2.6263505e-05
      1817.80      0.99980286   2.6258130e-05
      1817.90      0.99980290   2.6253011e-05
      1818.00      0.99980294   2.6247644e-05
      1818.10      0.99980298   2.6242527e-05
      1818.20      0.99980301   2.6237162e-05
      1818.30      0.99980305   2.6231793e-05
      1818.40      0.99980309   2.6226678e-05
      1818.50      0.99980313   2.6221316e-05
      1818.60      0.99980317   2.6216204e-05
      1818.70      0.99980321   2.6210844e-05
      1818.80      0.99980325   2.6205727e-05
      1818.90      0.99980329   2.6200370e-05
      1819.00      0.99980333   2.6195014e-05
      1819.10      0.99980337   2.6189906e-05
      1819.20      0.99980342   2.6184551e-05
      1819.30      0.99980346   2.6179439e-05
      1819.40      0.99980350   2.6174087e-05
      1819.50      0.99980354   2.6168735e-05
      1819.60      0.99980358   2.6163633e-05
      1819.70      0.99980362   2.6158283e-05
      1819.80      0.99980366   2.6152929e-05
      1819.90      0.99980370   2.6147829e-05
      1820.00      0.99980374   2.6142482e-05
      1820.10      0.99980378   2.6137384e-05
      1820.20      0.99980382   2.6132040e-05
      1820.30      0.99980387   2.6126690e-05
      1820.40      0.99980391   2.6121348e-05
      1820.50      0.99980395   2.6116254e-05
      1820.60      0.99980399   2.6110914e-05
      1820.70      0.99980403   2.6105575e-05
      1820.80      0.99980407   2.6100230e-05
      1820.90      0.99980412   2.6094893e-05
      1821.00      0.99980416   2.6089557e-05
      1821.10      0.99980420   2.6084221e-05
      1821.20      0.99980424   2.6078887e-05
      1821.30      0.99980429   2.6073548e-05
      1821.40      0.99980433   2.6068215e-05
      1821.50      0.99980437   2.6062884e-05
      1821.60      0.99980442   2.6057801e-05
      1821.70      0.99980446   2.6052472e-05
      1821.80      0.99980450   2.6047137e-05
      1821.90      0.99980455   2.6041810e-05
      1822.00      0.99980459   2.6036484e-05
      1822.10      0.99980463   2.6031159e-05
      1822.20      0.99980468   2.6025835e-05
      1822.30      0.99980472   2.6020506e-05
      1822.40      0.99980476   2.6015430e-05
      1822.50      0.99980481   2.6010356e-05
      1822.60      0.99980485   2.6005036e-05
      1822.70      0.99980490   2.5999963e-05
      1822.80      0.99980494   2.5994886e-05
      1822.90      0.99980499   2.5989569e-05
      1823.00      0.99980503   2.5984499e-05
      1823.10      0.99980508   2.5979430e-05
      1823.20      0.99980512   2.5974116e-05
      1823.30      0.99980517   2.5969043e-05
      1823.40      0.99980521   2.5963731e-05
      1823.50      0.99980526   2.5958667e-05
      1823.60      0.99980530   2.5953603e-05
      1823.70      0.99980535   2.5948294e-05
      1823.80      0.99980539   2.5943226e-05
      1823.90      0.99980544   2.5938165e-05
      1824.00      0.99980549   2.5932859e-05
      1824.10      0.99980553   2.5927800e-05
      1824.20      0.99980558   2.5922742e-05
      1824.30      0.99980563   2.5917432e-05
      1824.40      0.99980567   2.5912376e-05
      1824.50      0.99980572   2.5907075e-05
      1824.60      0.99980577   2.5901775e-05
      1824.70      0.99980581   2.5896475e-05
      1824.80      0.99980586   2.5891417e-05
      1824.90      0.99980591   2.5886120e-05
      1825.00      0.99980596   2.5880823e-05
      1825.10      0.99980601   2.5875774e-05
      1825.20      0.99980605   2.5870480e-05
      1825.30      0.99980610   2.5865180e-05
      1825.40      0.99980615   2.5860134e-05
      1825.50      0.99980620   2.5854843e-05
      1825.60      0.99980625   2.5849553e-05
      1825.70      0.99980630   2.5844509e-05
      1825.80      0.99980635   2.5839214e-05
      1825.90      0.99980640   2.5833927e-05
      1826.00      0.99980645   2.5828887e-05
      1826.10      0.99980650   2.5823601e-05
      1826.20      0.99980655   2.5818317e-05
      1826.30      0.99980660   2.5813273e-05
      1826.40      0.99980665   2.5807991e-05
      1826.50      0.99980670   2.5802709e-05
      1826.60      0.99980675   2.5797675e-05
      1826.70      0.99980680   2.5792396e-05
      1826.80      0.99980685   2.5787111e-05
      1826.90      0.99980691   2.5781833e-05
      1827.00      0.99980696   2.5776803e-05
      1827.10      0.99980701   2.5771527e-05
      1827.20      0.99980706   2.5766253e-05
      1827.30      0.99980712   2.5761219e-05
      1827.40      0.99980717   2.5755946e-05
      1827.50      0.99980722   2.5750675e-05
      1827.60      0.99980728   2.5745650e-05
      1827.70      0.99980733   2.5740380e-05
      1827.80      0.99980739   2.5735106e-05
      1827.90      0.99980745   2.5730083e-05
      1828.00      0.99980750   2.5724817e-05
      1828.10      0.99980756   2.5719552e-05
      1828.20      0.99980763   2.5714532e-05
      1828.30      0.99980769   2.5737216e-05
      1828.40      0.99980773   2.5735872e-05
      1828.50      0.99980778   2.5734528e-05
      1828.60      0.99980783   2.5728529e-05
      1828.70      0.99980788   2.5722530e-05
      1828.80      0.99980794   2.5714319e-05
      1828.90      0.99980800   2.5706121e-05
      1829.00      0.99980805   2.5706005e-05
      1829.10      0.99980811   2.5705889e-05
      1829.20      0.99980816   2.5699897e-05
      1829.30      0.99980822   2.5693652e-05
      1829.40      0.99980828   2.5686437e-05
      1829.50      0.99980834   2.5679223e-05
      1829.60      0.99980840   2.5680823e-05
      1829.70      0.99980846   2.5682422e-05
      1829.80      0.99980851   2.5678635e-05
      1829.90      0.99980857   2.5674849e-05
      1830.00      0.99980862   2.5667640e-05
      1830.10      0.99980868   2.5660187e-05
      1830.20      0.99980874   2.5654448e-05
      1830.30      0.99980880   2.5648701e-05
      1830.40      0.99980886   2.5638562e-05
      1830.50      0.99980893   2.5628426e-05
      1830.60      0.99980900   2.5628561e-05
      1830.70      0.99980906   2.5628695e-05
      1830.80      0.99980912   2.5630298e-05
      1830.90      0.99980918   2.5631896e-05
      1831.00      0.99980924   2.5622254e-05
      1831.10      0.99980930   2.5612857e-05
      1831.20      0.99980937   2.5608349e-05
      1831.30      0.99980943   2.5603839e-05
      1831.40      0.99980950   2.5603243e-05
      1831.50      0.99980956   2.5602890e-05
      1831.60      0.99980962   2.5594722e-05
      1831.70      0.99980969   2.5586799e-05
      1831.80      0.99980976   2.5580580e-05
      1831.90      0.99980982   2.5574614e-05
      1832.00      0.99980989   2.5571090e-05
      1832.10      0.99980996   2.5567567e-05
      1832.20      0.99981003   2.5566485e-05
      1832.30      0.99981010   2.5565398e-05
      1832.40      0.99981016   2.5554555e-05
      1832.50      0.99981024   2.5543470e-05
      1832.60      0.99981032   2.5546539e-05
      1832.70      0.99981039   2.5549851e-05
      1832.80      0.99981045   2.5544622e-05
      1832.90      0.99981053   2.5539397e-05
      1833.00      0.99981060   2.5535391e-05
      1833.10      0.99981067   2.5531387e-05
      1833.20      0.99981074   2.5524458e-05
      1833.30      0.99981082   2.5517281e-05
      1833.40      0.99981090   2.5518642e-05
      1833.50      0.99981097   2.5519759e-05
      1833.60      0.99981105   2.5510884e-05
      1833.70      0.99981113   2.5501766e-05
      1833.80      0.99981121   2.5505075e-05
      1833.90      0.99981129   2.5508627e-05
      1834.00      0.99981136   2.5503166e-05
      1834.10      0.99981144   2.5497950e-05
      1834.20      0.99981152   2.5495657e-05
      1834.30      0.99981160   2.5493117e-05
      1834.40      0.99981168   2.5486929e-05
      1834.50      0.99981176   2.5480499e-05
      1834.60      0.99981185   2.5476018e-05
      1834.70      0.99981194   2.5471537e-05
      1834.80      0.99981202   2.5470706e-05
      1834.90      0.99981211   2.5470120e-05
      1835.00      0.99981219   2.5465155e-05
      1835.10      0.99981228   2.5460190e-05
      1835.20      0.99981237   2.5456200e-05
      1835.30      0.99981246   2.5452447e-05
      1835.40      0.99981255   2.5446026e-05
      1835.50      0.99981265   2.5439363e-05
      1835.60      0.99981275   2.5440726e-05
      1835.70      0.99981284   2.5441845e-05
      1835.80      0.99981294   2.5437856e-05
      1835.90      0.99981304   2.5433872e-05
      1836.00      0.99981314   2.5435720e-05
      1836.10      0.99981323   2.5437568e-05
      1836.20      0.99981333   2.5436743e-05
      1836.30      0.99981343   2.5435914e-05
      1836.40      0.99981353   2.5429743e-05
      1836.50      0.99981364   2.5423330e-05
      1836.60      0.99981376   2.5433437e-05
      1836.70      0.99981386   2.5443299e-05
      1836.80      0.99981395   2.5435914e-05
      1836.90      0.99981407   2.5428291e-05
      1837.00      0.99981418   2.5430137e-05
      1837.10      0.99981430   2.5431739e-05
      1837.20      0.99981441   2.5433584e-05
      1837.30      0.99981453   2.5435431e-05
      1837.40      0.99981464   2.5440430e-05
      1837.50      0.99981476   2.5445185e-05
      1837.60      0.99981488   2.5445085e-05
      1837.70      0.99981500   2.5444986e-05
      1837.80      0.99981512   2.5448285e-05
      1837.90      0.99981525   2.5451583e-05
      1838.00      0.99981538   2.5464337e-05
      1838.10      0.99981550   2.5476846e-05
      1838.20      0.99981562   2.5474321e-05
      1838.30      0.99981574   2.5471788e-05
      1838.40      0.99981588   2.5464653e-05
      1838.50      0.99981602   2.5457278e-05
      1838.60      0.99981616   2.5466629e-05
      1838.70      0.99981630   2.5475978e-05
      1838.80      0.99981644   2.5472968e-05
      1838.90      0.99981659   2.5470443e-05
      1839.00      0.99981675   2.5477850e-05
      1839.10      0.99981689   2.5485255e-05
      1839.20      0.99981704   2.5480549e-05
      1839.30      0.99981720   2.5476078e-05
      1839.40      0.99981737   2.5470887e-05
      1839.50      0.99981755   2.5465697e-05
      1839.60      0.99981773   2.5476004e-05
      1839.70      0.99981791   2.5486308e-05
      1839.80      0.99981809   2.5489113e-05
      1839.90      0.99981828   2.5491914e-05
      1840.00      0.99981848   2.5508990e-05
      1840.10      0.99981868   2.5525819e-05
      1840.20      0.99981888   2.5550145e-05
      1840.30      0.99981907   2.5574487e-05
      1840.40      0.99981927   2.5580417e-05
      1840.50      0.99981949   2.5586104e-05
      1840.60      0.99981971   2.5607511e-05
      1840.70      0.99981994   2.5628913e-05
      1840.80      0.99982017   2.5655903e-05
      1840.90      0.99982040   2.5682853e-05
      1841.00      0.99982064   2.5701097e-05
      1841.10      0.99982089   2.5719337e-05
      1841.20      0.99982115   2.5755696e-05
      1841.30      0.99982141   2.5791845e-05
      1841.40      0.99982167   2.5810068e-05
      1841.50      0.99982196   2.5828046e-05
      1841.60      0.99982226   2.5871629e-05
      1841.70      0.99982255   2.5915444e-05
      1841.80      0.99982285   2.5942624e-05
      1841.90      0.99982317   2.5969512e-05
      1842.00      0.99982351   2.5986496e-05
      1842.10      0.99982389   2.6003476e-05
      1842.20      0.99982428   2.6067039e-05
      1842.30      0.99982468   2.6130917e-05
      1842.40      0.99982509   2.6189394e-05
      1842.50      0.99982553   2.6247859e-05
      1842.60      0.99982599   2.6336719e-05
      1842.70      0.99982648   2.6425802e-05
      1842.80      0.99982699   2.6542017e-05
      1842.90      0.99982752   2.6658086e-05
      1843.00      0.99982808   2.6804035e-05
      1843.10      0.99982867   2.6950194e-05
      1843.20      0.99982929   2.7145510e-05
      1843.30      0.99982996   2.7341313e-05
      1843.40      0.99983066   2.7613476e-05
      1843.50      0.99983138   2.7886303e-05
      1843.60      0.99983213   2.8224403e-05
      1843.70      0.99983292   2.8564116e-05
      1843.80      0.99983377   2.8986180e-05
      1843.90      0.99983467   2.9409395e-05
      1844.00      0.99983563   2.9960443e-05
      1844.10      0.99983670   3.0514503e-05
      1844.20      0.99983781   3.1372892e-05
      1844.30      0.99983889   3.2238065e-05
      1844.40      0.99984001   3.3228876e-05
      1844.50      0.99984134   3.4229103e-05
      1844.60      0.99984267   3.5861014e-05
      1844.70      0.99984383   3.7518088e-05
      1844.80      0.99984495   3.9477543e-05
      1844.90      0.99984615   4.1472084e-05
      1845.00      0.99984718   4.4352275e-05
      1845.10      0.99984775   4.7314637e-05
      1845.20      0.99984793   5.0687784e-05
      1845.30      0.99984755   5.4174706e-05
      1845.40      0.99984668   5.7653817e-05
      1845.50      0.99984526   6.1248347e-05
      1845.60      0.99984330   6.4583260e-05
      1845.70      0.99984062   6.8024459e-05
      1845.80      0.99983744   7.0530281e-05
      1845.90      0.99983378   7.3094724e-05
      1846.00      0.99982979   7.4445834e-05
      1846.10      0.99982543   7.5814202e-05
      1846.20      0.99982104   7.5417938e-05
      1846.30      0.99981691   7.5021558e-05
      1846.40      0.99981321   7.3131769e-05
      1846.50      0.99981046   7.1275065e-05
      1846.60      0.99980811   6.9535305e-05
      1846.70      0.99980577   6.7821143e-05
      1846.80      0.99980383   6.5279698e-05
      1846.90      0.99980280   6.2800028e-05
      1847.00      0.99980209   6.1074907e-05
      1847.10      0.99980125   5.9377299e-05
      1847.20      0.99980056   5.7497597e-05
      1847.30      0.99980019   5.5650186e-05
      1847.40      0.99979999   5.4016383e-05
      1847.50      0.99979988   5.2406934e-05
      1847.60      0.99979997   5.0760387e-05
      1847.70      0.99980048   4.9138912e-05
      1847.80      0.99980109   4.8237253e-05
      1847.90      0.99980154   4.7345194e-05
      1848.00      0.99980196   4.6617881e-05
      1848.10      0.99980235   4.5895043e-05
      1848.20      0.99980276   4.5229678e-05
      1848.30      0.99980334   4.4567749e-05
      1848.40      0.99980387   4.4418073e-05
      1848.50      0.99980405   4.4268189e-05
      1848.60      0.99980418   4.3827490e-05
      1848.70      0.99980444   4.3389284e-05
      1848.80      0.99980475   4.3031963e-05
      1848.90      0.99980513   4.2676691e-05
      1849.00      0.99980551   4.2556554e-05
      1849.10      0.99980580   4.2436923e-05
      1849.20      0.99980604   4.2419370e-05
      1849.30      0.99980615   4.2401511e-05
      1849.40      0.99980624   4.2234501e-05
      1849.50      0.99980646   4.2067526e-05
      1849.60      0.99980664   4.2148485e-05
      1849.70      0.99980660   4.2229427e-05
      1849.80      0.99980654   4.2017131e-05
      1849.90      0.99980667   4.1805534e-05
      1850.00      0.99980680   4.1830703e-05
      1850.10      0.99980676   4.1855627e-05
      1850.20      0.99980670   4.1675224e-05
      1850.30      0.99980676   4.1494409e-05
      1850.40      0.99980683   4.1435602e-05
      1850.50      0.99980682   4.1376569e-05
      1850.60      0.99980680   4.1249838e-05
      1850.70      0.99980679   4.1123135e-05
      1850.80      0.99980681   4.0908451e-05
      1850.90      0.99980696   4.0694092e-05
      1851.00      0.99980710   4.0723417e-05
      1851.10      0.99980707   4.0752735e-05
      1851.20      0.99980703   4.0559258e-05
      1851.30      0.99980716   4.0365901e-05
      1851.40      0.99980728   4.0436603e-05
      1851.50      0.99980718   4.0507290e-05
      1851.60      0.99980707   4.0266068e-05
      1851.70      0.99980712   4.0025854e-05
      1851.80      0.99980724   3.9865983e-05
      1851.90      0.99980745   3.9706920e-05
      1852.00      0.99980762   3.9801536e-05
      1852.10      0.99980760   3.9896131e-05
      1852.20      0.99980755   3.9761949e-05
      1852.30      0.99980764   3.9627647e-05
      1852.40      0.99980774   3.9638652e-05
      1852.50      0.99980776   3.9649894e-05
      1852.60      0.99980776   3.9581871e-05
      1852.70      0.99980782   3.9513623e-05
      1852.80      0.99980786   3.9518161e-05
      1852.90      0.99980783   3.9522453e-05
      1853.00      0.99980781   3.9381210e-05
      1853.10      0.99980791   3.9240475e-05
      1853.20      0.99980802   3.9257676e-05
      1853.30      0.99980805   3.9275383e-05
      1853.40      0.99980807   3.9240375e-05
      1853.50      0.99980811   3.9205613e-05
      1853.60      0.99980814   3.9223086e-05
      1853.70      0.99980807   3.9240317e-05
      1853.80      0.99980803   3.9042103e-05
      1853.90      0.99980821   3.8844146e-05
      1854.00      0.99980839   3.8964868e-05
      1854.10      0.99980839   3.9085564e-05
      1854.20      0.99980835   3.9055885e-05
      1854.30      0.99980834   3.9026120e-05
      1854.40      0.99980835   3.8958054e-05
      1854.50      0.99980842   3.8890240e-05
      1854.60      0.99980849   3.8918208e-05
      1854.70      0.99980849   3.8946169e-05
      1854.80      0.99980850   3.8910996e-05
      1854.90      0.99980855   3.8875863e-05
      1855.00      0.99980859   3.8924298e-05
      1855.10      0.99980855   3.8972722e-05
      1855.20      0.99980851   3.8876899e-05
      1855.30      0.99980859   3.8781269e-05
      1855.40      0.99980867   3.8862778e-05
      1855.50      0.99980862   3.8944268e-05
      1855.60      0.99980856   3.8860352e-05
      1855.70      0.99980859   3.8776454e-05
      1855.80      0.99980864   3.8763899e-05
      1855.90      0.99980868   3.8751166e-05
      1856.00      0.99980871   3.8771492e-05
      1856.10      0.99980870   3.8791575e-05
      1856.20      0.99980868   3.8744606e-05
      1856.30      0.99980872   3.8697592e-05
      1856.40      0.99980876   3.8688193e-05
      1856.50      0.99980882   3.8679034e-05
      1856.60      0.99980884   3.8770191e-05
      1856.70      0.99980873   3.8861566e-05
      1856.80      0.99980862   3.8709965e-05
      1856.90      0.99980864   3.8558710e-05
      1857.00      0.99980872   3.8449297e-05
      1857.10      0.99980891   3.8340145e-05
      1857.20      0.99980906   3.8502718e-05
      1857.30      0.99980900   3.8665388e-05
      1857.40      0.99980891   3.8557197e-05
      1857.50      0.99980899   3.8449029e-05
      1857.60      0.99980909   3.8488108e-05
      1857.70      0.99980913   3.8527178e-05
      1857.80      0.99980915   3.8547993e-05
      1857.90      0.99980916   3.8568756e-05
      1858.00      0.99980917   3.8534461e-05
      1858.10      0.99980926   3.8499937e-05
      1858.20      0.99980934   3.8599938e-05
      1858.30      0.99980929   3.8700213e-05
      1858.40      0.99980925   3.8603758e-05
      1858.50      0.99980937   3.8507798e-05
      1858.60      0.99980950   3.8637674e-05
      1858.70      0.99980949   3.8767522e-05
      1858.80      0.99980945   3.8780025e-05
      1858.90      0.99980944   3.8792201e-05
      1859.00      0.99980945   3.8746537e-05
      1859.10      0.99980958   3.8700644e-05
      1859.20      0.99980969   3.8862366e-05
      1859.30      0.99980965   3.9024225e-05
      1859.40      0.99980958   3.9033064e-05
      1859.50      0.99980957   3.9041900e-05
      1859.60      0.99980958   3.9027040e-05
      1859.70      0.99980967   3.9012419e-05
      1859.80      0.99980975   3.9140262e-05
      1859.90      0.99980975   3.9267743e-05
      1860.00      0.99980973   3.9348549e-05
      1860.10      0.99980970   3.9429337e-05
      1860.20      0.99980967   3.9502533e-05
      1860.30      0.99980962   3.9576006e-05
      1860.40      0.99980959   3.9586667e-05
      1860.50      0.99980962   3.9597563e-05
      1860.60      0.99980964   3.9722304e-05
      1860.70      0.99980961   3.9847256e-05
      1860.80      0.99980954   3.9965939e-05
      1860.90      0.99980940   4.0084636e-05
      1861.00      0.99980928   4.0002018e-05
      1861.10      0.99980934   3.9919654e-05
      1861.20      0.99980940   4.0111626e-05
      1861.30      0.99980927   4.0304230e-05
      1861.40      0.99980911   4.0288785e-05
      1861.50      0.99980905   4.0273108e-05
      1861.60      0.99980901   4.0317015e-05
      1861.70      0.99980895   4.0360913e-05
      1861.80      0.99980889   4.0378597e-05
      1861.90      0.99980889   4.0396515e-05
      1862.00      0.99980885   4.0560212e-05
      1862.10      0.99980866   4.0724110e-05
      1862.20      0.99980846   4.0657414e-05
      1862.30      0.99980837   4.0590617e-05
      1862.40      0.99980831   4.0569250e-05
      1862.50      0.99980827   4.0547888e-05
      1862.60      0.99980823   4.0581325e-05
      1862.70      0.99980816   4.0614754e-05
      1862.80      0.99980809   4.0640182e-05
      1862.90      0.99980801   4.0665572e-05
      1863.00      0.99980793   4.0700398e-05
      1863.10      0.99980783   4.0734743e-05
      1863.20      0.99980773   4.0763418e-05
      1863.30      0.99980762   4.0791898e-05
      1863.40      0.99980749   4.0851000e-05
      1863.50      0.99980724   4.0909853e-05
      1863.60      0.99980701   4.0695014e-05
      1863.70      0.99980699   4.0480692e-05
      1863.80      0.99980702   4.0448387e-05
      1863.90      0.99980702   4.0416007e-05
      1864.00      0.99980700   4.0486429e-05
      1864.10      0.99980687   4.0556601e-05
      1864.20      0.99980672   4.0491688e-05
      1864.30      0.99980661   4.0426432e-05
      1864.40      0.99980654   4.0340770e-05
      1864.50      0.99980653   4.0255127e-05
      1864.60      0.99980653   4.0302895e-05
      1864.70      0.99980644   4.0350888e-05
      1864.80      0.99980633   4.0385725e-05
      1864.90      0.99980615   4.0420479e-05
      1865.00      0.99980596   4.0349948e-05
      1865.10      0.99980577   4.0279433e-05
      1865.20      0.99980562   4.0089550e-05
      1865.30      0.99980558   3.9899499e-05
      1865.40      0.99980556   3.9818458e-05
      1865.50      0.99980552   3.9737433e-05
      1865.60      0.99980548   3.9642300e-05
      1865.70      0.99980548   3.9547423e-05
      1865.80      0.99980547   3.9571637e-05
      1865.90      0.99980536   3.9595848e-05
      1866.00      0.99980523   3.9517714e-05
      1866.10      0.99980511   3.9439596e-05
      1866.20      0.99980501   3.9317509e-05
      1866.30      0.99980493   3.9195279e-05
      1866.40      0.99980486   3.9055122e-05
      1866.50      0.99980484   3.8914993e-05
      1866.60      0.99980483   3.8809230e-05
      1866.70      0.99980484   3.8703255e-05
      1866.80      0.99980484   3.8698348e-05
      1866.90      0.99980473   3.8693230e-05
      1867.00      0.99980461   3.8550394e-05
      1867.10      0.99980454   3.8407823e-05
      1867.20      0.99980451   3.8214295e-05
      1867.30      0.99980458   3.8020880e-05
      1867.40      0.99980466   3.8001771e-05
      1867.50      0.99980467   3.7982431e-05
      1867.60      0.99980464   3.7983063e-05
      1867.70      0.99980451   3.7983694e-05
      1867.80      0.99980440   3.7795822e-05
      1867.90      0.99980440   3.7608624e-05
      1868.00      0.99980443   3.7530865e-05
      1868.10      0.99980443   3.7453357e-05
      1868.20      0.99980442   3.7369059e-05
      1868.30      0.99980441   3.7284932e-05
      1868.40      0.99980439   3.7247846e-05
      1868.50      0.99980427   3.7210768e-05
      1868.60      0.99980417   3.6962261e-05
      1868.70      0.99980422   3.6714510e-05
      1868.80      0.99980432   3.6596585e-05
      1868.90      0.99980443   3.6479630e-05
      1869.00      0.99980451   3.6503875e-05
      1869.10      0.99980447   3.6528350e-05
      1869.20      0.99980441   3.6403702e-05
      1869.30      0.99980442   3.6279151e-05
      1869.40      0.99980444   3.6205399e-05
      1869.50      0.99980444   3.6131428e-05
      1869.60      0.99980443   3.6011996e-05
      1869.70      0.99980448   3.5892589e-05
      1869.80      0.99980451   3.5854681e-05
      1869.90      0.99980445   3.5816585e-05
      1870.00      0.99980442   3.5581717e-05
      1870.10      0.99980457   3.5347369e-05
      1870.20      0.99980473   3.5392952e-05
      1870.30      0.99980471   3.5438782e-05
      1870.40      0.99980468   3.5276896e-05
      1870.50      0.99980481   3.5115279e-05
      1870.60      0.99980492   3.5189036e-05
      1870.70      0.99980486   3.5262776e-05
      1870.80      0.99980477   3.5097381e-05
      1870.90      0.99980482   3.4932131e-05
      1871.00      0.99980490   3.4871285e-05
      1871.10      0.99980494   3.4810453e-05
      1871.20      0.99980498   3.4703776e-05
      1871.30      0.99980511   3.4597069e-05
      1871.40      0.99980521   3.4671050e-05
      1871.50      0.99980515   3.4744547e-05
      1871.60      0.99980508   3.4618730e-05
      1871.70      0.99980509   3.4493174e-05
      1871.80      0.99980512   3.4407746e-05
      1871.90      0.99980513   3.4322438e-05
      1872.00      0.99980517   3.4148318e-05
      1872.10      0.99980534   3.3974470e-05
      1872.20      0.99980551   3.4034837e-05
      1872.30      0.99980554   3.4095267e-05
      1872.40      0.99980554   3.4043714e-05
      1872.50      0.99980559   3.3992172e-05
      1872.60      0.99980563   3.3988542e-05
      1872.70      0.99980563   3.3984680e-05
      1872.80      0.99980562   3.3911143e-05
      1872.90      0.99980562   3.3837204e-05
      1873.00      0.99980564   3.3734092e-05
      1873.10      0.99980570   3.3631002e-05
      1873.20      0.99980578   3.3526299e-05
      1873.30      0.99980593   3.3422043e-05
      1873.40      0.99980606   3.3493653e-05
      1873.50      0.99980606   3.3565247e-05
      1873.60      0.99980605   3.3487905e-05
      1873.70      0.99980611   3.3410346e-05
      1873.80      0.99980618   3.3389225e-05
      1873.90      0.99980624   3.3367936e-05
      1874.00      0.99980629   3.3379541e-05
      1874.10      0.99980629   3.3390911e-05
      1874.20      0.99980629   3.3308293e-05
      1874.30      0.99980639   3.3225640e-05
      1874.40      0.99980647   3.3288330e-05
      1874.50      0.99980646   3.3351007e-05
      1874.60      0.99980641   3.3328097e-05
      1874.70      0.99980633   3.3305191e-05
      1874.80      0.99980629   3.3124324e-05
      1874.90      0.99980638   3.2943680e-05
      1875.00      0.99980650   3.2928280e-05
      1875.10      0.99980655   3.2912651e-05
      1875.20      0.99980659   3.2866739e-05
      1875.30      0.99980662   3.2820512e-05
      1875.40      0.99980666   3.2716369e-05
      1875.50      0.99980678   3.2612482e-05
      1875.60      0.99980690   3.2606909e-05
      1875.70      0.99980701   3.2601337e-05
      1875.80      0.99980710   3.2653554e-05
      1875.90      0.99980713   3.2705948e-05
      1876.00      0.99980713   3.2722950e-05
      1876.10      0.99980709   3.2739716e-05
      1876.20      0.99980707   3.2619875e-05
      1876.30      0.99980716   3.2499705e-05
      1876.40      0.99980727   3.2502293e-05
      1876.50      0.99980735   3.2505113e-05
      1876.60      0.99980740   3.2529803e-05
      1876.70      0.99980744   3.2554255e-05
      1876.80      0.99980745   3.2579663e-05
      1876.90      0.99980740   3.2604770e-05
      1877.00      0.99980737   3.2502686e-05
      1877.10      0.99980741   3.2400623e-05
      1877.20      0.99980748   3.2374366e-05
      1877.30      0.99980748   3.2347810e-05
      1877.40      0.99980752   3.2201625e-05
      1877.50      0.99980773   3.2055704e-05
      1877.60      0.99980792   3.2217545e-05
      1877.70      0.99980789   3.2379583e-05
      1877.80      0.99980783   3.2329238e-05
      1877.90      0.99980786   3.2279336e-05
      1878.00      0.99980790   3.2270091e-05
      1878.10      0.99980791   3.2261080e-05
      1878.20      0.99980793   3.2221650e-05
      1878.30      0.99980797   3.2182407e-05
      1878.40      0.99980801   3.2147399e-05
      1878.50      0.99980806   3.2112397e-05
      1878.60      0.99980812   3.2099925e-05
      1878.70      0.99980817   3.2087454e-05
      1878.80      0.99980822   3.2095414e-05
      1878.90      0.99980823   3.2103361e-05
      1879.00      0.99980825   3.2069775e-05
      1879.10      0.99980828   3.2036195e-05
      1879.20      0.99980832   3.1990560e-05
      1879.30      0.99980841   3.1944922e-05
      1879.40      0.99980848   3.1993951e-05
      1879.50      0.99980846   3.2042969e-05
      1879.60      0.99980845   3.1956993e-05
      1879.70      0.99980852   3.1871036e-05
      1879.80      0.99980861   3.1847181e-05
      1879.90      0.99980873   3.1823420e-05
      1880.00      0.99980883   3.1924592e-05
      1880.10      0.99980882   3.2025742e-05
      1880.20      0.99980878   3.2012861e-05
      1880.30      0.99980877   3.2000150e-05
      1880.40      0.99980877   3.1943912e-05
      1880.50      0.99980882   3.1887686e-05
      1880.60      0.99980888   3.1897733e-05
      1880.70      0.99980892   3.1907778e-05
      1880.80      0.99980893   3.1912270e-05
      1880.90      0.99980892   3.1916502e-05
      1881.00      0.99980892   3.1843865e-05
      1881.10      0.99980898   3.1770781e-05
      1881.20      0.99980906   3.1752572e-05
      1881.30      0.99980916   3.1734645e-05
      1881.40      0.99980923   3.1829655e-05
      1881.50      0.99980917   3.1924644e-05
      1881.60      0.99980911   3.1817799e-05
      1881.70      0.99980916   3.1711207e-05
      1881.80      0.99980924   3.1696437e-05
      1881.90      0.99980931   3.1681967e-05
      1882.00      0.99980937   3.1681146e-05
      1882.10      0.99980943   3.1680556e-05
      1882.20      0.99980948   3.1728525e-05
      1882.30      0.99980947   3.1776735e-05
      1882.40      0.99980945   3.1719480e-05
      1882.50      0.99980951   3.1662238e-05
      1882.60      0.99980958   3.1690779e-05
      1882.70      0.99980959   3.1719315e-05
      1882.80      0.99980960   3.1669695e-05
      1882.90      0.99980968   3.1620369e-05
      1883.00      0.99980976   3.1688881e-05
      1883.10      0.99980976   3.1757610e-05
      1883.20      0.99980973   3.1747326e-05
      1883.30      0.99980970   3.1737196e-05
      1883.40      0.99980970   3.1629648e-05
      1883.50      0.99980983   3.1522584e-05
      1883.60      0.99980996   3.1626166e-05
      1883.70      0.99980995   3.1729496e-05
      1883.80      0.99980992   3.1696830e-05
      1883.90      0.99980997   3.1663941e-05
      1884.00      0.99981001   3.1738607e-05
      1884.10      0.99980995   3.1813488e-05
      1884.20      0.99980988   3.1739985e-05
      1884.30      0.99980987   3.1666608e-05
      1884.40      0.99980989   3.1603945e-05
      1884.50      0.99980991   3.1541526e-05
      1884.60      0.99980996   3.1446360e-05
      1884.70      0.99981010   3.1351445e-05
      1884.80      0.99981023   3.1431628e-05
      1884.90      0.99981024   3.1511523e-05
      1885.00      0.99981024   3.1476357e-05
      1885.10      0.99981030   3.1441198e-05
      1885.20      0.99981037   3.1472200e-05
      1885.30      0.99981042   3.1503259e-05
      1885.40      0.99981044   3.1554087e-05
      1885.50      0.99981039   3.1605134e-05
      1885.60      0.99981036   3.1528728e-05
      1885.70      0.99981041   3.1452338e-05
      1885.80      0.99981047   3.1442507e-05
      1885.90      0.99981053   3.1432731e-05
      1886.00      0.99981059   3.1456581e-05
      1886.10      0.99981061   3.1480196e-05
      1886.20      0.99981064   3.1468115e-05
      1886.30      0.99981071   3.1456302e-05
      1886.40      0.99981076   3.1560960e-05
      1886.50      0.99981067   3.1665366e-05
      1886.60      0.99981058   3.1537695e-05
      1886.70      0.99981065   3.1410051e-05
      1886.80      0.99981074   3.1435910e-05
      1886.90      0.99981077   3.1461797e-05
      1887.00      0.99981079   3.1449259e-05
      1887.10      0.99981082   3.1436493e-05
      1887.20      0.99981086   3.1447191e-05
      1887.30      0.99981086   3.1457879e-05
      1887.40      0.99981087   3.1415443e-05
      1887.50      0.99981093   3.1373477e-05
      1887.60      0.99981099   3.1389701e-05
      1887.70      0.99981103   3.1405921e-05
      1887.80      0.99981105   3.1423768e-05
      1887.90      0.99981107   3.1441354e-05
      1888.00      0.99981108   3.1432738e-05
      1888.10      0.99981111   3.1423893e-05
      1888.20      0.99981114   3.1435269e-05
      1888.30      0.99981115   3.1446651e-05
      1888.40      0.99981116   3.1437347e-05
      1888.50      0.99981117   3.1427816e-05
      1888.60      0.99981119   3.1418286e-05
      1888.70      0.99981121   3.1408758e-05
      1888.80      0.99981123   3.1399217e-05
      1888.90      0.99981125   3.1384411e-05
      1889.00      0.99981127   3.1369837e-05
      1889.10      0.99981130   3.1355037e-05
      1889.20      0.99981133   3.1340240e-05
      1889.30      0.99981137   3.1325434e-05
      1889.40      0.99981140   3.1324414e-05
      1889.50      0.99981144   3.1323165e-05
      1889.60      0.99981146   3.1322145e-05
      1889.70      0.99981149   3.1320896e-05
      1889.80      0.99981150   3.1319863e-05
      1889.90      0.99981152   3.1294068e-05
      1890.00      0.99981156   3.1268277e-05
      1890.10      0.99981160   3.1242492e-05
      1890.20      0.99981166   3.1216483e-05
      1890.30      0.99981175   3.1190949e-05
      1890.40      0.99981184   3.1253456e-05
      1890.50      0.99981189   3.1316179e-05
      1890.60      0.99981191   3.1379117e-05
      1890.70      0.99981191   3.1441813e-05
      1890.80      0.99981186   3.1504523e-05
      1890.90      0.99981181   3.1467962e-05
      1891.00      0.99981180   3.1431180e-05
      1891.10      0.99981182   3.1394635e-05
      1891.20      0.99981184   3.1357868e-05
      1891.30      0.99981190   3.1321096e-05
      1891.40      0.99981197   3.1350309e-05
      1891.50      0.99981200   3.1379516e-05
      1891.60      0.99981202   3.1408717e-05
      1891.70      0.99981202   3.1437912e-05
      1891.80      0.99981200   3.1467109e-05
      1891.90      0.99981198   3.1441806e-05
      1892.00      0.99981198   3.1416280e-05
      1892.10      0.99981199   3.1390988e-05
      1892.20      0.99981201   3.1365701e-05
      1892.30      0.99981205   3.1340630e-05
      1892.40      0.99981208   3.1339835e-05
      1892.50      0.99981211   3.1339269e-05
      1892.60      0.99981213   3.1338704e-05
      1892.70      0.99981215   3.1337909e-05
      1892.80      0.99981216   3.1337334e-05
      1892.90      0.99981217   3.1319388e-05
      1893.00      0.99981219   3.1301217e-05
      1893.10      0.99981222   3.1283278e-05
      1893.20      0.99981225   3.1265115e-05
      1893.30      0.99981230   3.1247175e-05
      1893.40      0.99981234   3.1256446e-05
      1893.50      0.99981237   3.1265715e-05
      1893.60      0.99981240   3.1274982e-05
      1893.70      0.99981243   3.1284247e-05
      1893.80      0.99981244   3.1293516e-05
      1893.90      0.99981246   3.1293410e-05
      1894.00      0.99981248   3.1293305e-05
      1894.10      0.99981250   3.1293199e-05
      1894.20      0.99981253   3.1293093e-05
      1894.30      0.99981255   3.1292989e-05
      1894.40      0.99981257   3.1296992e-05
      1894.50      0.99981259   3.1300766e-05
      1894.60      0.99981261   3.1304767e-05
      1894.70      0.99981263   3.1308540e-05
      1894.80      0.99981264   3.1312541e-05
      1894.90      0.99981266   3.1310606e-05
      1895.00      0.99981267   3.1308443e-05
      1895.10      0.99981269   3.1306509e-05
      1895.20      0.99981271   3.1304347e-05
      1895.30      0.99981272   3.1302406e-05
      1895.40      0.99981273   3.1291121e-05
      1895.50      0.99981275   3.1279838e-05
      1895.60      0.99981278   3.1268330e-05
      1895.70      0.99981280   3.1257051e-05
      1895.80      0.99981284   3.1245774e-05
      1895.90      0.99981288   3.1259348e-05
      1896.00      0.99981291   3.1272918e-05
      1896.10      0.99981293   3.1286486e-05
      1896.20      0.99981295   3.1300051e-05
      1896.30      0.99981295   3.1313622e-05
      1896.40      0.99981296   3.1313966e-05
      1896.50      0.99981297   3.1314310e-05
      1896.60      0.99981298   3.1314653e-05
      1896.70      0.99981299   3.1314769e-05
      1896.80      0.99981300   3.1315107e-05
      1896.90      0.99981301   3.1305202e-05
      1897.00      0.99981302   3.1295300e-05
      1897.10      0.99981303   3.1285171e-05
      1897.20      0.99981305   3.1275044e-05
      1897.30      0.99981306   3.1265133e-05
      1897.40      0.99981308   3.1249547e-05
      1897.50      0.99981310   3.1233965e-05
      1897.60      0.99981312   3.1218387e-05
      1897.70      0.99981315   3.1202811e-05
      1897.80      0.99981319   3.1187231e-05
      1897.90      0.99981322   3.1196002e-05
      1898.00      0.99981325   3.1204998e-05
      1898.10      0.99981327   3.1213992e-05
      1898.20      0.99981329   3.1222985e-05
      1898.30      0.99981329   3.1231971e-05
      1898.40      0.99981329   3.1211857e-05
      1898.50      0.99981331   3.1191520e-05
      1898.60      0.99981333   3.1171641e-05
      1898.70      0.99981336   3.1151312e-05
      1898.80      0.99981341   3.1131206e-05
      1898.90      0.99981346   3.1143835e-05
      1899.00      0.99981349   3.1156688e-05
      1899.10      0.99981352   3.1169311e-05
      1899.20      0.99981355   3.1182158e-05
      1899.30      0.99981357   3.1194791e-05
      1899.40      0.99981359   3.1207406e-05
      1899.50      0.99981361   3.1220245e-05
      1899.60      0.99981362   3.1232854e-05
      1899.70      0.99981363   3.1245687e-05
      1899.80      0.99981362   3.1258292e-05
      1899.90      0.99981362   3.1242517e-05
      1900.00      0.99981363   3.1226746e-05
      1900.10      0.99981365   3.1211204e-05
      1900.20      0.99981367   3.1195439e-05
      1900.30      0.99981371   3.1179673e-05
      1900.40      0.99981375   3.1196132e-05
      1900.50      0.99981377   3.1212586e-05
      1900.60      0.99981379   3.1229037e-05
      1900.70      0.99981380   3.1245258e-05
      1900.80      0.99981379   3.1261708e-05
      1900.90      0.99981379   3.1251163e-05
      1901.00      0.99981379   3.1240621e-05
      1901.10      0.99981380   3.1230080e-05
      1901.20      0.99981381   3.1219542e-05
      1901.30      0.99981381   3.1208983e-05
      1901.40      0.99981382   3.1178957e-05
      1901.50      0.99981384   3.1149164e-05
      1901.60      0.99981387   3.1119377e-05
      1901.70      0.99981391   3.1089597e-05
      1901.80      0.99981398   3.1059817e-05
      1901.90      0.99981404   3.1093475e-05
      1902.00      0.99981408   3.1127352e-05
      1902.10      0.99981410   3.1161222e-05
      1902.20      0.99981411   3.1195085e-05
      1902.30      0.99981409   3.1228725e-05
      1902.40      0.99981406   3.1200312e-05
      1902.50      0.99981407   3.1171904e-05
      1902.60      0.99981409   3.1143503e-05
      1902.70      0.99981412   3.1114881e-05
      1902.80      0.99981417   3.1086481e-05
      1902.90      0.99981423   3.1110143e-05
      1903.00      0.99981426   3.1133800e-05
      1903.10      0.99981428   3.1157225e-05
      1903.20      0.99981430   3.1180871e-05
      1903.30      0.99981430   3.1204303e-05
      1903.40      0.99981430   3.1203965e-05
      1903.50      0.99981430   3.1203627e-05
      1903.60      0.99981431   3.1203289e-05
      1903.70      0.99981432   3.1202951e-05
      1903.80      0.99981431   3.1202603e-05
      1903.90      0.99981431   3.1181468e-05
      1904.00      0.99981433   3.1160337e-05
      1904.10      0.99981434   3.1139211e-05
      1904.20      0.99981437   3.1118089e-05
      1904.30      0.99981440   3.1096954e-05
      1904.40      0.99981444   3.1093012e-05
      1904.50      0.99981447   3.1089070e-05
      1904.60      0.99981450   3.1085128e-05
      1904.70      0.99981454   3.1081188e-05
      1904.80      0.99981458   3.1077482e-05
      1904.90      0.99981462   3.1100414e-05
      1905.00      0.99981465   3.1123567e-05
      1905.10      0.99981467   3.1146489e-05
      1905.20      0.99981469   3.1169631e-05
      1905.30      0.99981470   3.1192564e-05
      1905.40      0.99981470   3.1200576e-05
      1905.50      0.99981471   3.1208360e-05
      1905.60      0.99981471   3.1216367e-05
      1905.70      0.99981472   3.1224148e-05
      1905.80      0.99981471   3.1231925e-05
      1905.90      0.99981471   3.1218949e-05
      1906.00      0.99981472   3.1205975e-05
      1906.10      0.99981473   3.1193004e-05
      1906.20      0.99981475   3.1180036e-05
      1906.30      0.99981477   3.1166835e-05
      1906.40      0.99981479   3.1167624e-05
      1906.50      0.99981481   3.1167963e-05
      1906.60      0.99981483   3.1168751e-05
      1906.70      0.99981484   3.1169314e-05
      1906.80      0.99981485   3.1169869e-05
      1906.90      0.99981486   3.1152179e-05
      1907.00      0.99981488   3.1134267e-05
      1907.10      0.99981491   3.1116585e-05
      1907.20      0.99981495   3.1098905e-05
      1907.30      0.99981501   3.1081012e-05
      1907.40      0.99981507   3.1122347e-05
      1907.50      0.99981511   3.1163673e-05
      1907.60      0.99981512   3.1204991e-05
      1907.70      0.99981513   3.1246300e-05
      1907.80      0.99981511   3.1287627e-05
      1907.90      0.99981508   3.1282098e-05
      1908.00      0.99981508   3.1276794e-05
      1908.10      0.99981507   3.1271266e-05
      1908.20      0.99981507   3.1265964e-05
      1908.30      0.99981507   3.1260425e-05
      1908.40      0.99981507   3.1243426e-05
      1908.50      0.99981508   3.1226431e-05
      1908.60      0.99981510   3.1209438e-05
      1908.70      0.99981512   3.1192449e-05
      1908.80      0.99981514   3.1175453e-05
      1908.90      0.99981517   3.1178933e-05
      1909.00      0.99981520   3.1182188e-05
      1909.10      0.99981522   3.1185667e-05
      1909.20      0.99981523   3.1189145e-05
      1909.30      0.99981525   3.1192628e-05
      1909.40      0.99981527   3.1201723e-05
      1909.50      0.99981528   3.1210816e-05
      1909.60      0.99981529   3.1219682e-05
      1909.70      0.99981530   3.1228770e-05
      1909.80      0.99981529   3.1237854e-05
      1909.90      0.99981528   3.1218186e-05
      1910.00      0.99981528   3.1198746e-05
      1910.10      0.99981529   3.1179085e-05
      1910.20      0.99981531   3.1159654e-05
      1910.30      0.99981533   3.1140204e-05
      1910.40      0.99981536   3.1124596e-05
      1910.50      0.99981538   3.1108992e-05
      1910.60      0.99981541   3.1093615e-05
      1910.70      0.99981545   3.1078017e-05
      1910.80      0.99981550   3.1062422e-05
      1910.90      0.99981555   3.1084977e-05
      1911.00      0.99981559   3.1107527e-05
      1911.10      0.99981562   3.1129848e-05
      1911.20      0.99981565   3.1152165e-05
      1911.30      0.99981567   3.1174737e-05
      1911.40      0.99981570   3.1215434e-05
      1911.50      0.99981570   3.1256123e-05
      1911.60      0.99981570   3.1296803e-05
      1911.70      0.99981568   3.1337474e-05
      1911.80      0.99981562   3.1378146e-05
      1911.90      0.99981557   3.1336533e-05
      1912.00      0.99981555   3.1294929e-05
      1912.10      0.99981555   3.1253333e-05
      1912.20      0.99981556   3.1211745e-05
      1912.30      0.99981560   3.1170138e-05
      1912.40      0.99981564   3.1174049e-05
      1912.50      0.99981567   3.1178182e-05
      1912.60      0.99981569   3.1182091e-05
      1912.70      0.99981570   3.1185998e-05
      1912.80      0.99981571   3.1190126e-05
      1912.90      0.99981572   3.1178804e-05
      1913.00      0.99981573   3.1167485e-05
      1913.10      0.99981575   3.1155944e-05
      1913.20      0.99981577   3.1144629e-05
      1913.30      0.99981580   3.1133314e-05
      1913.40      0.99981583   3.1144608e-05
      1913.50      0.99981585   3.1155900e-05
      1913.60      0.99981587   3.1167189e-05
      1913.70      0.99981588   3.1178476e-05
      1913.80      0.99981588   3.1189764e-05
      1913.90      0.99981588   3.1182032e-05
      1914.00      0.99981589   3.1174301e-05
      1914.10      0.99981591   3.1166572e-05
      1914.20      0.99981592   3.1159067e-05
      1914.30      0.99981594   3.1151337e-05
      1914.40      0.99981597   3.1155014e-05
      1914.50      0.99981599   3.1158914e-05
      1914.60      0.99981600   3.1162590e-05
      1914.70      0.99981602   3.1166264e-05
      1914.80      0.99981604   3.1170172e-05
      1914.90      0.99981606   3.1186134e-05
      1915.00      0.99981607   3.1201870e-05
      1915.10      0.99981607   3.1217826e-05
      1915.20      0.99981607   3.1233555e-05
      1915.30      0.99981605   3.1249501e-05
      1915.40      0.99981603   3.1219438e-05
      1915.50      0.99981603   3.1189381e-05
      1915.60      0.99981604   3.1159553e-05
      1915.70      0.99981606   3.1129508e-05
      1915.80      0.99981610   3.1099452e-05
      1915.90      0.99981615   3.1108260e-05
      1916.00      0.99981617   3.1116844e-05
      1916.10      0.99981620   3.1125648e-05
      1916.20      0.99981622   3.1134228e-05
      1916.30      0.99981624   3.1143038e-05
      1916.40      0.99981625   3.1150721e-05
      1916.50      0.99981627   3.1158180e-05
      1916.60      0.99981628   3.1165859e-05
      1916.70      0.99981630   3.1173314e-05
      1916.80      0.99981632   3.1181005e-05
      1916.90      0.99981633   3.1199829e-05
      1917.00      0.99981634   3.1218648e-05
      1917.10      0.99981634   3.1237241e-05
      1917.20      0.99981634   3.1256053e-05
      1917.30      0.99981633   3.1274873e-05
      1917.40      0.99981631   3.1273395e-05
      1917.50      0.99981630   3.1271917e-05
      1917.60      0.99981629   3.1270439e-05
      1917.70      0.99981628   3.1268738e-05
      1917.80      0.99981625   3.1267238e-05
      1917.90      0.99981623   3.1224327e-05
      1918.00      0.99981623   3.1181425e-05
      1918.10      0.99981624   3.1138531e-05
      1918.20      0.99981626   3.1095647e-05
      1918.30      0.99981631   3.1052961e-05
      1918.40      0.99981635   3.1051283e-05
      1918.50      0.99981639   3.1049383e-05
      1918.60      0.99981642   3.1047705e-05
      1918.70      0.99981644   3.1046028e-05
      1918.80      0.99981648   3.1044355e-05
      1918.90      0.99981651   3.1056475e-05
      1919.00      0.99981653   3.1068592e-05
      1919.10      0.99981655   3.1080706e-05
      1919.20      0.99981656   3.1092818e-05
      1919.30      0.99981657   3.1105158e-05
      1919.40      0.99981657   3.1105032e-05
      1919.50      0.99981659   3.1104905e-05
      1919.60      0.99981660   3.1104778e-05
      1919.70      0.99981661   3.1104873e-05
      1919.80      0.99981664   3.1104532e-05
      1919.90      0.99981666   3.1121522e-05
      1920.00      0.99981667   3.1138508e-05
      1920.10      0.99981667   3.1155490e-05
      1920.20      0.99981667   3.1172246e-05
      1920.30      0.99981666   3.1189228e-05
      1920.40      0.99981664   3.1177315e-05
      1920.50      0.99981664   3.1165405e-05
      1920.60      0.99981664   3.1153498e-05
      1920.70      0.99981665   3.1141592e-05
      1920.80      0.99981666   3.1129676e-05
      1920.90      0.99981667   3.1121773e-05
      1921.00      0.99981668   3.1113649e-05
      1921.10      0.99981669   3.1105748e-05
      1921.20      0.99981671   3.1097849e-05
      1921.30      0.99981673   3.1089948e-05
      1921.40      0.99981674   3.1096035e-05
      1921.50      0.99981676   3.1102120e-05
      1921.60      0.99981677   3.1107982e-05
      1921.70      0.99981677   3.1114064e-05
      1921.80      0.99981677   3.1120146e-05
      1921.90      0.99981677   3.1114469e-05
      1922.00      0.99981677   3.1109014e-05
      1922.10      0.99981678   3.1103338e-05
      1922.20      0.99981678   3.1097885e-05
      1922.30      0.99981679   3.1092423e-05
      1922.40      0.99981679   3.1081208e-05
      1922.50      0.99981680   3.1070216e-05
      1922.60      0.99981681   3.1059226e-05
      1922.70      0.99981683   3.1048017e-05
      1922.80      0.99981685   3.1037031e-05
      1922.90      0.99981688   3.1053083e-05
      1923.00      0.99981689   3.1069132e-05
      1923.10      0.99981689   3.1084956e-05
      1923.20      0.99981688   3.1100997e-05
      1923.30      0.99981685   3.1117029e-05
      1923.40      0.99981682   3.1079463e-05
      1923.50      0.99981681   3.1042127e-05
      1923.60      0.99981682   3.1004577e-05
      1923.70      0.99981684   3.0967256e-05
      1923.80      0.99981688   3.0929919e-05
      1923.90      0.99981692   3.0938659e-05
      1924.00      0.99981694   3.0947397e-05
      1924.10      0.99981696   3.0956354e-05
      1924.20      0.99981696   3.0965087e-05
      1924.30      0.99981695   3.0974037e-05
      1924.40      0.99981695   3.0953782e-05
      1924.50      0.99981695   3.0933531e-05
      1924.60      0.99981696   3.0913284e-05
      1924.70      0.99981697   3.0892820e-05
      1924.80      0.99981699   3.0872560e-05
      1924.90      0.99981701   3.0860950e-05
      1925.00      0.99981703   3.0849342e-05
      1925.10      0.99981705   3.0837515e-05
      1925.20      0.99981707   3.0825912e-05
      1925.30      0.99981710   3.0814304e-05
      1925.40      0.99981713   3.0818840e-05
      1925.50      0.99981716   3.0823154e-05
      1925.60      0.99981718   3.0827688e-05
      1925.70      0.99981720   3.0832221e-05
      1925.80      0.99981722   3.0836765e-05
      1925.90      0.99981724   3.0857202e-05
      1926.00      0.99981725   3.0877634e-05
      1926.10      0.99981725   3.0898282e-05
      1926.20      0.99981723   3.0918705e-05
      1926.30      0.99981720   3.0939118e-05
      1926.40      0.99981716   3.0897930e-05
      1926.50      0.99981715   3.0856970e-05
      1926.60      0.99981716   3.0815799e-05
      1926.70      0.99981717   3.0774856e-05
      1926.80      0.99981721   3.0733667e-05
      1926.90      0.99981725   3.0726726e-05
      1927.00      0.99981728   3.0719787e-05
      1927.10      0.99981731   3.0712849e-05
      1927.20      0.99981734   3.0705912e-05
      1927.30      0.99981738   3.0698762e-05
      1927.40      0.99981742   3.0722928e-05
      1927.50      0.99981745   3.0747089e-05
      1927.60      0.99981746   3.0771024e-05
      1927.70      0.99981747   3.0795175e-05
      1927.80      0.99981746   3.0819116e-05
      1927.90      0.99981744   3.0816581e-05
      1928.00      0.99981744   3.0814046e-05
      1928.10      0.99981744   3.0811292e-05
      1928.20      0.99981744   3.0808758e-05
      1928.30      0.99981745   3.0806224e-05
      1928.40      0.99981745   3.0810081e-05
      1928.50      0.99981745   3.0813717e-05
      1928.60      0.99981744   3.0817571e-05
      1928.70      0.99981743   3.0821425e-05
      1928.80      0.99981739   3.0825254e-05
      1928.90      0.99981736   3.0770085e-05
      1929.00      0.99981735   3.0715148e-05
      1929.10      0.99981737   3.0660002e-05
      1929.20      0.99981740   3.0605087e-05
      1929.30      0.99981746   3.0550151e-05
      1929.40      0.99981753   3.0566795e-05
      1929.50      0.99981757   3.0583656e-05
      1929.60      0.99981759   3.0600513e-05
      1929.70      0.99981761   3.0617146e-05
      1929.80      0.99981762   3.0634008e-05
      1929.90      0.99981762   3.0633474e-05
      1930.00      0.99981762   3.0633160e-05
      1930.10      0.99981763   3.0632626e-05
      1930.20      0.99981764   3.0632092e-05
      1930.30      0.99981764   3.0631771e-05
      1930.40      0.99981764   3.0618044e-05
      1930.50      0.99981764   3.0604539e-05
      1930.60      0.99981765   3.0590817e-05
      1930.70      0.99981767   3.0577098e-05
      1930.80      0.99981769   3.0563373e-05
      1930.90      0.99981771   3.0566582e-05
      1931.00      0.99981773   3.0569570e-05
      1931.10      0.99981774   3.0572557e-05
      1931.20      0.99981774   3.0575543e-05
      1931.30      0.99981775   3.0578529e-05
      1931.40      0.99981775   3.0575584e-05
      1931.50      0.99981775   3.0572858e-05
      1931.60      0.99981775   3.0569913e-05
      1931.70      0.99981774   3.0566968e-05
      1931.80      0.99981773   3.0564004e-05
      1931.90      0.99981771   3.0527689e-05
      1932.00      0.99981772   3.0491163e-05
      1932.10      0.99981773   3.0454863e-05
      1932.20      0.99981775   3.0418571e-05
      1932.30      0.99981779   3.0382038e-05
      1932.40      0.99981783   3.0378017e-05
      1932.50      0.99981785   3.0373996e-05
      1932.60      0.99981788   3.0369976e-05
      1932.70      0.99981790   3.0365957e-05
      1932.80      0.99981793   3.0361719e-05
      1932.90      0.99981795   3.0369106e-05
      1933.00      0.99981797   3.0376271e-05
      1933.10      0.99981798   3.0383435e-05
      1933.20      0.99981799   3.0390816e-05
      1933.30      0.99981799   3.0397973e-05
      1933.40      0.99981798   3.0377950e-05
      1933.50      0.99981799   3.0357932e-05
      1933.60      0.99981800   3.0337918e-05
      1933.70      0.99981802   3.0317688e-05
      1933.80      0.99981806   3.0297672e-05
      1933.90      0.99981810   3.0307685e-05
      1934.00      0.99981812   3.0317696e-05
      1934.10      0.99981814   3.0327485e-05
      1934.20      0.99981815   3.0337491e-05
      1934.30      0.99981816   3.0347506e-05
      1934.40      0.99981816   3.0354880e-05
      1934.50      0.99981817   3.0362252e-05
      1934.60      0.99981817   3.0369842e-05
      1934.70      0.99981816   3.0377211e-05
      1934.80      0.99981814   3.0384570e-05
      1934.90      0.99981812   3.0357356e-05
      1935.00      0.99981812   3.0329927e-05
      1935.10      0.99981812   3.0302505e-05
      1935.20      0.99981813   3.0275306e-05
      1935.30      0.99981814   3.0247863e-05
      1935.40      0.99981816   3.0222863e-05
      1935.50      0.99981818   3.0197868e-05
      1935.60      0.99981821   3.0173097e-05
      1935.70      0.99981824   3.0148330e-05
      1935.80      0.99981829   3.0123344e-05
      1935.90      0.99981835   3.0146469e-05
      1936.00      0.99981838   3.0169589e-05
      1936.10      0.99981840   3.0192923e-05
      1936.20      0.99981841   3.0216033e-05
      1936.30      0.99981840   3.0239374e-05
      1936.40      0.99981839   3.0238218e-05
      1936.50      0.99981839   3.0237062e-05
      1936.60      0.99981839   3.0235907e-05
      1936.70      0.99981839   3.0234970e-05
      1936.80      0.99981838   3.0233586e-05
      1936.90      0.99981838   3.0213865e-05
      1937.00      0.99981838   3.0193930e-05
      1937.10      0.99981839   3.0174000e-05
      1937.20      0.99981841   3.0154073e-05
      1937.30      0.99981844   3.0134139e-05
      1937.40      0.99981846   3.0141071e-05
      1937.50      0.99981848   3.0148001e-05
      1937.60      0.99981849   3.0155148e-05
      1937.70      0.99981850   3.0162075e-05
      1937.80      0.99981850   3.0169220e-05
      1937.90      0.99981849   3.0162835e-05
      1938.00      0.99981849   3.0156669e-05
      1938.10      0.99981849   3.0150722e-05
      1938.20      0.99981849   3.0144340e-05
      1938.30      0.99981849   3.0138165e-05
      1938.40      0.99981849   3.0124371e-05
      1938.50      0.99981849   3.0110361e-05
      1938.60      0.99981849   3.0096354e-05
      1938.70      0.99981850   3.0082568e-05
      1938.80      0.99981850   3.0068548e-05
      1938.90      0.99981850   3.0051280e-05
      1939.00      0.99981851   3.0034233e-05
      1939.10      0.99981851   3.0016971e-05
      1939.20      0.99981851   2.9999931e-05
      1939.30      0.99981850   2.9982641e-05
      1939.40      0.99981850   2.9935108e-05
      1939.50      0.99981851   2.9887368e-05
      1939.60      0.99981854   2.9839637e-05
      1939.70      0.99981859   2.9792134e-05
      1939.80      0.99981867   2.9744624e-05
      1939.90      0.99981875   2.9782928e-05
      1940.00      0.99981879   2.9821224e-05
      1940.10      0.99981881   2.9859512e-05
      1940.20      0.99981881   2.9897792e-05
      1940.30      0.99981878   2.9936300e-05
      1940.40      0.99981875   2.9914934e-05
      1940.50      0.99981874   2.9893791e-05
      1940.60      0.99981874   2.9872434e-05
      1940.70      0.99981874   2.9851299e-05
      1940.80      0.99981875   2.9829926e-05
      1940.90      0.99981876   2.9810757e-05
      1941.00      0.99981877   2.9791592e-05
      1941.10      0.99981879   2.9772431e-05
      1941.20      0.99981880   2.9753274e-05
      1941.30      0.99981882   2.9734102e-05
      1941.40      0.99981884   2.9726474e-05
      1941.50      0.99981886   2.9719065e-05
      1941.60      0.99981887   2.9711658e-05
      1941.70      0.99981888   2.9704034e-05
      1941.80      0.99981887   2.9696602e-05
      1941.90      0.99981887   2.9652043e-05
      1942.00      0.99981889   2.9607492e-05
      1942.10      0.99981892   2.9563167e-05
      1942.20      0.99981897   2.9518635e-05
      1942.30      0.99981906   2.9474318e-05
      1942.40      0.99981915   2.9520149e-05
      1942.50      0.99981919   2.9565970e-05
      1942.60      0.99981922   2.9611781e-05
      1942.70      0.99981923   2.9657800e-05
      1942.80      0.99981921   2.9703625e-05
      1942.90      0.99981919   2.9702088e-05
      1943.00      0.99981918   2.9700768e-05
      1943.10      0.99981917   2.9699448e-05
      1943.20      0.99981917   2.9698128e-05
      1943.30      0.99981916   2.9696585e-05
      1943.40      0.99981916   2.9685936e-05
      1943.50      0.99981916   2.9675289e-05
      1943.60      0.99981915   2.9664645e-05
      1943.70      0.99981915   2.9654002e-05
      1943.80      0.99981914   2.9643336e-05
      1943.90      0.99981913   2.9606243e-05
      1944.00      0.99981914   2.9569157e-05
      1944.10      0.99981915   2.9532079e-05
      1944.20      0.99981918   2.9495008e-05
      1944.30      0.99981924   2.9458147e-05
      1944.40      0.99981929   2.9483726e-05
      1944.50      0.99981932   2.9509300e-05
      1944.60      0.99981933   2.9535085e-05
      1944.70      0.99981932   2.9560648e-05
      1944.80      0.99981928   2.9586201e-05
      1944.90      0.99981924   2.9539836e-05
      1945.00      0.99981923   2.9493480e-05
      1945.10      0.99981924   2.9446917e-05
      1945.20      0.99981926   2.9400580e-05
      1945.30      0.99981930   2.9353999e-05
      1945.40      0.99981934   2.9347734e-05
      1945.50      0.99981938   2.9341254e-05
      1945.60      0.99981940   2.9334992e-05
      1945.70      0.99981943   2.9328514e-05
      1945.80      0.99981946   2.9322253e-05
      1945.90      0.99981949   2.9330277e-05
      1946.00      0.99981951   2.9338514e-05
      1946.10      0.99981952   2.9346750e-05
      1946.20      0.99981953   2.9354985e-05
      1946.30      0.99981953   2.9363003e-05
      1946.40      0.99981953   2.9355661e-05
      1946.50      0.99981954   2.9348320e-05
      1946.60      0.99981955   2.9340765e-05
      1946.70      0.99981955   2.9333427e-05
      1946.80      0.99981956   2.9326080e-05
      1946.90      0.99981957   2.9316799e-05
      1947.00      0.99981957   2.9307520e-05
      1947.10      0.99981958   2.9298459e-05
      1947.20      0.99981958   2.9289184e-05
      1947.30      0.99981959   2.9279894e-05
      1947.40      0.99981959   2.9261980e-05
      1947.50      0.99981960   2.9243852e-05
      1947.60      0.99981961   2.9225729e-05
      1947.70      0.99981961   2.9207609e-05
      1947.80      0.99981962   2.9189683e-05
      1947.90      0.99981963   2.9164012e-05
      1948.00      0.99981965   2.9138130e-05
      1948.10      0.99981967   2.9112253e-05
      1948.20      0.99981970   2.9086597e-05
      1948.30      0.99981975   2.9060938e-05
      1948.40      0.99981980   2.9082562e-05
      1948.50      0.99981982   2.9103965e-05
      1948.60      0.99981983   2.9125795e-05
      1948.70      0.99981983   2.9147405e-05
      1948.80      0.99981980   2.9169006e-05
      1948.90      0.99981976   2.9126966e-05
      1949.00      0.99981976   2.9084935e-05
      1949.10      0.99981977   2.9042912e-05
      1949.20      0.99981979   2.9000898e-05
      1949.30      0.99981983   2.8959076e-05
      1949.40      0.99981987   2.8956536e-05
      1949.50      0.99981990   2.8953782e-05
      1949.60      0.99981992   2.8951244e-05
      1949.70      0.99981994   2.8948706e-05
      1949.80      0.99981996   2.8946165e-05
      1949.90      0.99981998   2.8943413e-05
      1950.00      0.99981999   2.8940445e-05
      1950.10      0.99982000   2.8937693e-05
      1950.20      0.99982001   2.8934942e-05
      1950.30      0.99982001   2.8931962e-05
      1950.40      0.99982001   2.8909395e-05
      1950.50      0.99982002   2.8886832e-05
      1950.60      0.99982004   2.8864274e-05
      1950.70      0.99982006   2.8841720e-05
      1950.80      0.99982009   2.8818937e-05
      1950.90      0.99982012   2.8814261e-05
      1951.00      0.99982014   2.8809370e-05
      1951.10      0.99982016   2.8804696e-05
      1951.20      0.99982018   2.8800022e-05
      1951.30      0.99982020   2.8795131e-05
      1951.40      0.99982022   2.8794978e-05
      1951.50      0.99982024   2.8794609e-05
      1951.60      0.99982025   2.8794241e-05
      1951.70      0.99982025   2.8793872e-05
      1951.80      0.99982025   2.8793704e-05
      1951.90      0.99982025   2.8764732e-05
      1952.00      0.99982026   2.8735550e-05
      1952.10      0.99982028   2.8706804e-05
      1952.20      0.99982031   2.8677849e-05
      1952.30      0.99982037   2.8648889e-05
      1952.40      0.99982042   2.8672825e-05
      1952.50      0.99982045   2.8696756e-05
      1952.60      0.99982046   2.8720466e-05
      1952.70      0.99982047   2.8744387e-05
      1952.80      0.99982045   2.8768312e-05
      1952.90      0.99982043   2.8752906e-05
      1953.00      0.99982043   2.8737502e-05
      1953.10      0.99982043   2.8722102e-05
      1953.20      0.99982044   2.8706704e-05
      1953.30      0.99982045   2.8691292e-05
      1953.40      0.99982045   2.8678048e-05
      1953.50      0.99982046   2.8664806e-05
      1953.60      0.99982047   2.8651567e-05
      1953.70      0.99982048   2.8638331e-05
      1953.80      0.99982049   2.8625297e-05
      1953.90      0.99982050   2.8615070e-05
      1954.00      0.99982051   2.8604846e-05
      1954.10      0.99982051   2.8594408e-05
      1954.20      0.99982051   2.8584402e-05
      1954.30      0.99982050   2.8573936e-05
      1954.40      0.99982048   2.8522746e-05
      1954.50      0.99982049   2.8471567e-05
      1954.60      0.99982051   2.8420613e-05
      1954.70      0.99982055   2.8369454e-05
      1954.80      0.99982061   2.8318268e-05
      1954.90      0.99982067   2.8317944e-05
      1955.00      0.99982072   2.8317406e-05
      1955.10      0.99982075   2.8317083e-05
      1955.20      0.99982079   2.8316545e-05
      1955.30      0.99982083   2.8316228e-05
      1955.40      0.99982086   2.8330476e-05
      1955.50      0.99982089   2.8344721e-05
      1955.60      0.99982091   2.8358964e-05
      1955.70      0.99982092   2.8373203e-05
      1955.80      0.99982092   2.8387663e-05
      1955.90      0.99982092   2.8386903e-05
      1956.00      0.99982093   2.8386143e-05
      1956.10      0.99982093   2.8385169e-05
      1956.20      0.99982093   2.8384409e-05
      1956.30      0.99982092   2.8383634e-05
      1956.40      0.99982091   2.8355472e-05
      1956.50      0.99982092   2.8327530e-05
      1956.60      0.99982093   2.8299379e-05
      1956.70      0.99982095   2.8271234e-05
      1956.80      0.99982098   2.8243283e-05
      1956.90      0.99982101   2.8235476e-05
      1957.00      0.99982103   2.8227671e-05
      1957.10      0.99982105   2.8219867e-05
      1957.20      0.99982107   2.8211850e-05
      1957.30      0.99982110   2.8204041e-05
      1957.40      0.99982112   2.8199663e-05
      1957.50      0.99982113   2.8195072e-05
      1957.60      0.99982115   2.8190481e-05
      1957.70      0.99982117   2.8185892e-05
      1957.80      0.99982118   2.8181512e-05
      1957.90      0.99982120   2.8179062e-05
      1958.00      0.99982121   2.8177039e-05
      1958.10      0.99982122   2.8174589e-05
      1958.20      0.99982122   2.8172354e-05
      1958.30      0.99982121   2.8170102e-05
      1958.40      0.99982121   2.8140307e-05
      1958.50      0.99982121   2.8110518e-05
      1958.60      0.99982123   2.8080521e-05
      1958.70      0.99982125   2.8050744e-05
      1958.80      0.99982128   2.8020943e-05
      1958.90      0.99982131   2.8003776e-05
      1959.00      0.99982133   2.7986826e-05
      1959.10      0.99982136   2.7969666e-05
      1959.20      0.99982140   2.7952722e-05
      1959.30      0.99982144   2.7935778e-05
      1959.40      0.99982149   2.7951709e-05
      1959.50      0.99982152   2.7967849e-05
      1959.60      0.99982153   2.7983773e-05
      1959.70      0.99982154   2.7999693e-05
      1959.80      0.99982154   2.8015826e-05
      1959.90      0.99982153   2.7997396e-05
      1960.00      0.99982153   2.7978970e-05
      1960.10      0.99982154   2.7960760e-05
      1960.20      0.99982156   2.7942554e-05
      1960.30      0.99982159   2.7924124e-05
      1960.40      0.99982161   2.7921489e-05
      1960.50      0.99982163   2.7919068e-05
      1960.60      0.99982164   2.7916434e-05
      1960.70      0.99982166   2.7913800e-05
      1960.80      0.99982166   2.7911371e-05
      1960.90      0.99982167   2.7897657e-05
      1961.00      0.99982168   2.7883946e-05
      1961.10      0.99982169   2.7870237e-05
      1961.20      0.99982170   2.7856531e-05
      1961.30      0.99982171   2.7843022e-05
      1961.40      0.99982173   2.7825061e-05
      1961.50      0.99982174   2.7807104e-05
      1961.60      0.99982176   2.7789151e-05
      1961.70      0.99982178   2.7770988e-05
      1961.80      0.99982181   2.7753026e-05
      1961.90      0.99982184   2.7749346e-05
      1962.00      0.99982186   2.7745880e-05
      1962.10      0.99982187   2.7742201e-05
      1962.20      0.99982188   2.7738523e-05
      1962.30      0.99982189   2.7735042e-05
      1962.40      0.99982189   2.7706258e-05
      1962.50      0.99982190   2.7677692e-05
      1962.60      0.99982193   2.7649132e-05
      1962.70      0.99982196   2.7620578e-05
      1962.80      0.99982200   2.7592011e-05
      1962.90      0.99982205   2.7598133e-05
      1963.00      0.99982208   2.7604465e-05
      1963.10      0.99982210   2.7610796e-05
      1963.20      0.99982212   2.7616913e-05
      1963.30      0.99982213   2.7623238e-05
      1963.40      0.99982213   2.7606396e-05
      1963.50      0.99982215   2.7589558e-05
      1963.60      0.99982217   2.7572723e-05
      1963.70      0.99982219   2.7555891e-05
      1963.80      0.99982222   2.7539046e-05
      1963.90      0.99982225   2.7531569e-05
      1964.00      0.99982228   2.7524092e-05
      1964.10      0.99982231   2.7516618e-05
      1964.20      0.99982235   2.7509144e-05
      1964.30      0.99982239   2.7501682e-05
      1964.40      0.99982244   2.7533282e-05
      1964.50      0.99982246   2.7564662e-05
      1964.60      0.99982247   2.7596249e-05
      1964.70      0.99982247   2.7627829e-05
      1964.80      0.99982244   2.7659200e-05
      1964.90      0.99982241   2.7632191e-05
      1965.00      0.99982240   2.7604975e-05
      1965.10      0.99982240   2.7577977e-05
      1965.20      0.99982241   2.7550984e-05
      1965.30      0.99982243   2.7523972e-05
      1965.40      0.99982246   2.7512899e-05
      1965.50      0.99982247   2.7502040e-05
      1965.60      0.99982249   2.7490971e-05
      1965.70      0.99982251   2.7480117e-05
      1965.80      0.99982253   2.7469041e-05
      1965.90      0.99982255   2.7461795e-05
      1966.00      0.99982256   2.7454550e-05
      1966.10      0.99982258   2.7447306e-05
      1966.20      0.99982259   2.7439852e-05
      1966.30      0.99982261   2.7432392e-05
      1966.40      0.99982262   2.7426847e-05
      1966.50      0.99982264   2.7421092e-05
      1966.60      0.99982265   2.7415338e-05
      1966.70      0.99982266   2.7409585e-05
      1966.80      0.99982266   2.7403820e-05
      1966.90      0.99982266   2.7385573e-05
      1967.00      0.99982267   2.7367330e-05
      1967.10      0.99982268   2.7349301e-05
      1967.20      0.99982269   2.7331277e-05
      1967.30      0.99982269   2.7313010e-05
      1967.40      0.99982270   2.7270436e-05
      1967.50      0.99982272   2.7227659e-05
      1967.60      0.99982275   2.7185102e-05
      1967.70      0.99982279   2.7142554e-05
      1967.80      0.99982285   2.7099987e-05
      1967.90      0.99982292   2.7109506e-05
      1968.00      0.99982297   2.7119022e-05
      1968.10      0.99982301   2.7128748e-05
      1968.20      0.99982304   2.7138260e-05
      1968.30      0.99982307   2.7147993e-05
      1968.40      0.99982309   2.7156655e-05
      1968.50      0.99982312   2.7165527e-05
      1968.60      0.99982314   2.7174185e-05
      1968.70      0.99982316   2.7183053e-05
      1968.80      0.99982317   2.7191929e-05
      1968.90      0.99982319   2.7200582e-05
      1969.00      0.99982320   2.7209444e-05
      1969.10      0.99982321   2.7218304e-05
      1969.20      0.99982321   2.7227162e-05
      1969.30      0.99982321   2.7236017e-05
      1969.40      0.99982320   2.7219308e-05
      1969.50      0.99982320   2.7202814e-05
      1969.60      0.99982321   2.7186324e-05
      1969.70      0.99982322   2.7169836e-05
      1969.80      0.99982324   2.7153331e-05
      1969.90      0.99982325   2.7136850e-05
      1970.00      0.99982327   2.7120372e-05
      1970.10      0.99982329   2.7103898e-05
      1970.20      0.99982331   2.7087426e-05
      1970.30      0.99982334   2.7070946e-05
      1970.40      0.99982337   2.7070731e-05
      1970.50      0.99982339   2.7070517e-05
      1970.60      0.99982341   2.7070091e-05
      1970.70      0.99982343   2.7069876e-05
      1970.80      0.99982344   2.7069450e-05
      1970.90      0.99982346   2.7069235e-05
      1971.00      0.99982347   2.7069020e-05
      1971.10      0.99982348   2.7068594e-05
      1971.20      0.99982349   2.7068379e-05
      1971.30      0.99982349   2.7068153e-05
      1971.40      0.99982348   2.7046644e-05
      1971.50      0.99982349   2.7025349e-05
      1971.60      0.99982350   2.7004059e-05
      1971.70      0.99982352   2.6982773e-05
      1971.80      0.99982353   2.6961465e-05
      1971.90      0.99982355   2.6940187e-05
      1972.00      0.99982357   2.6918703e-05
      1972.10      0.99982360   2.6897433e-05
      1972.20      0.99982363   2.6876168e-05
      1972.30      0.99982367   2.6854893e-05
      1972.40      0.99982371   2.6858489e-05
      1972.50      0.99982374   2.6862085e-05
      1972.60      0.99982376   2.6865469e-05
      1972.70      0.99982378   2.6869062e-05
      1972.80      0.99982380   2.6872660e-05
      1972.90      0.99982382   2.6876252e-05
      1973.00      0.99982383   2.6879843e-05
      1973.10      0.99982384   2.6883222e-05
      1973.20      0.99982384   2.6886812e-05
      1973.30      0.99982383   2.6890178e-05
      1973.40      0.99982382   2.6861153e-05
      1973.50      0.99982383   2.6831923e-05
      1973.60      0.99982384   2.6802909e-05
      1973.70      0.99982385   2.6773691e-05
      1973.80      0.99982387   2.6744653e-05
      1973.90      0.99982390   2.6715656e-05
      1974.00      0.99982393   2.6686455e-05
      1974.10      0.99982396   2.6657470e-05
      1974.20      0.99982400   2.6628280e-05
      1974.30      0.99982405   2.6599289e-05
      1974.40      0.99982411   2.6606054e-05
      1974.50      0.99982415   2.6613027e-05
      1974.60      0.99982419   2.6619789e-05
      1974.70      0.99982422   2.6626550e-05
      1974.80      0.99982424   2.6633527e-05
      1974.90      0.99982427   2.6640285e-05
      1975.00      0.99982429   2.6647041e-05
      1975.10      0.99982432   2.6653795e-05
      1975.20      0.99982433   2.6660758e-05
      1975.30      0.99982435   2.6667513e-05
      1975.40      0.99982436   2.6665234e-05
      1975.50      0.99982438   2.6662955e-05
      1975.60      0.99982439   2.6660676e-05
      1975.70      0.99982441   2.6658398e-05
      1975.80      0.99982443   2.6656117e-05
      1975.90      0.99982445   2.6653840e-05
      1976.00      0.99982446   2.6651772e-05
      1976.10      0.99982448   2.6649495e-05
      1976.20      0.99982450   2.6647009e-05
      1976.30      0.99982452   2.6644941e-05
      1976.40      0.99982454   2.6645812e-05
      1976.50      0.99982455   2.6646891e-05
      1976.60      0.99982457   2.6647761e-05
      1976.70      0.99982458   2.6648840e-05
      1976.80      0.99982460   2.6649711e-05
      1976.90      0.99982461   2.6650789e-05
      1977.00      0.99982462   2.6651658e-05
      1977.10      0.99982462   2.6652736e-05
      1977.20      0.99982463   2.6653604e-05
      1977.30      0.99982462   2.6654669e-05
      1977.40      0.99982461   2.6628294e-05
      1977.50      0.99982462   2.6602133e-05
      1977.60      0.99982463   2.6575978e-05
      1977.70      0.99982464   2.6549828e-05
      1977.80      0.99982466   2.6523442e-05
      1977.90      0.99982468   2.6497302e-05
      1978.00      0.99982470   2.6471168e-05
      1978.10      0.99982473   2.6444829e-05
      1978.20      0.99982477   2.6418705e-05
      1978.30      0.99982482   2.6392778e-05
      1978.40      0.99982487   2.6397228e-05
      1978.50      0.99982491   2.6402096e-05
      1978.60      0.99982494   2.6406754e-05
      1978.70      0.99982497   2.6411410e-05
      1978.80      0.99982499   2.6416071e-05
      1978.90      0.99982502   2.6420726e-05
      1979.00      0.99982504   2.6425588e-05
      1979.10      0.99982506   2.6430240e-05
      1979.20      0.99982508   2.6434891e-05
      1979.30      0.99982510   2.6439545e-05
      1979.40      0.99982512   2.6438965e-05
      1979.50      0.99982513   2.6438386e-05
      1979.60      0.99982515   2.6437806e-05
      1979.70      0.99982517   2.6437227e-05
      1979.80      0.99982519   2.6436647e-05
      1979.90      0.99982520   2.6436067e-05
      1980.00      0.99982522   2.6435487e-05
      1980.10      0.99982524   2.6434908e-05
      1980.20      0.99982526   2.6434328e-05
      1980.30      0.99982527   2.6433748e-05
      1980.40      0.99982529   2.6433587e-05
      1980.50      0.99982530   2.6433634e-05
      1980.60      0.99982532   2.6433472e-05
      1980.70      0.99982533   2.6433518e-05
      1980.80      0.99982535   2.6433565e-05
      1980.90      0.99982536   2.6433611e-05
      1981.00      0.99982537   2.6433449e-05
      1981.10      0.99982538   2.6433495e-05
      1981.20      0.99982539   2.6433333e-05
      1981.30      0.99982539   2.6433370e-05
      1981.40      0.99982539   2.6416093e-05
      1981.50      0.99982540   2.6398819e-05
      1981.60      0.99982541   2.6381757e-05
      1981.70      0.99982542   2.6364490e-05
      1981.80      0.99982544   2.6347205e-05
      1981.90      0.99982546   2.6330153e-05
      1982.00      0.99982548   2.6312896e-05
      1982.10      0.99982550   2.6295642e-05
      1982.20      0.99982553   2.6278601e-05
      1982.30      0.99982557   2.6261342e-05
      1982.40      0.99982560   2.6263697e-05
      1982.50      0.99982563   2.6266052e-05
      1982.60      0.99982566   2.6268406e-05
      1982.70      0.99982568   2.6270759e-05
      1982.80      0.99982570   2.6273115e-05
      1982.90      0.99982572   2.6275259e-05
      1983.00      0.99982573   2.6277611e-05
      1983.10      0.99982575   2.6279962e-05
      1983.20      0.99982576   2.6282312e-05
      1983.30      0.99982577   2.6284660e-05
      1983.40      0.99982578   2.6276386e-05
      1983.50      0.99982579   2.6268322e-05
      1983.60      0.99982581   2.6260260e-05
      1983.70      0.99982582   2.6252199e-05
      1983.80      0.99982584   2.6243922e-05
      1983.90      0.99982586   2.6235864e-05
      1984.00      0.99982587   2.6227808e-05
      1984.10      0.99982589   2.6219545e-05
      1984.20      0.99982591   2.6211491e-05
      1984.30      0.99982592   2.6203429e-05
      1984.40      0.99982594   2.6193089e-05
      1984.50      0.99982596   2.6182544e-05
      1984.60      0.99982598   2.6172417e-05
      1984.70      0.99982600   2.6162084e-05
      1984.80      0.99982602   2.6151531e-05
      1984.90      0.99982604   2.6141202e-05
      1985.00      0.99982606   2.6130875e-05
      1985.10      0.99982609   2.6120549e-05
      1985.20      0.99982611   2.6110225e-05
      1985.30      0.99982614   2.6099896e-05
      1985.40      0.99982617   2.6099554e-05
      1985.50      0.99982620   2.6099420e-05
      1985.60      0.99982622   2.6099078e-05
      1985.70      0.99982625   2.6098944e-05
      1985.80      0.99982627   2.6098809e-05
      1985.90      0.99982629   2.6098467e-05
      1986.00      0.99982632   2.6098332e-05
      1986.10      0.99982634   2.6097990e-05
      1986.20      0.99982636   2.6097855e-05
      1986.30      0.99982639   2.6097722e-05
      1986.40      0.99982641   2.6102571e-05
      1986.50      0.99982643   2.6107419e-05
      1986.60      0.99982645   2.6112473e-05
      1986.70      0.99982647   2.6117319e-05
      1986.80      0.99982649   2.6122169e-05
      1986.90      0.99982651   2.6127220e-05
      1987.00      0.99982652   2.6132062e-05
      1987.10      0.99982654   2.6137111e-05
      1987.20      0.99982655   2.6141951e-05
      1987.30      0.99982657   2.6147001e-05
      1987.40      0.99982658   2.6147690e-05
      1987.50      0.99982659   2.6148586e-05
      1987.60      0.99982660   2.6149274e-05
      1987.70      0.99982662   2.6150169e-05
      1987.80      0.99982663   2.6150858e-05
      1987.90      0.99982664   2.6151752e-05
      1988.00      0.99982665   2.6152647e-05
      1988.10      0.99982666   2.6153333e-05
      1988.20      0.99982667   2.6154227e-05
      1988.30      0.99982668   2.6154910e-05
      1988.40      0.99982668   2.6148135e-05
      1988.50      0.99982669   2.6141154e-05
      1988.60      0.99982670   2.6134382e-05
      1988.70      0.99982671   2.6127404e-05
      1988.80      0.99982673   2.6120625e-05
      1988.90      0.99982674   2.6113649e-05
      1989.00      0.99982675   2.6106882e-05
      1989.10      0.99982677   2.6099909e-05
      1989.20      0.99982678   2.6093144e-05
      1989.30      0.99982679   2.6086165e-05
      1989.40      0.99982681   2.6080438e-05
      1989.50      0.99982682   2.6074504e-05
      1989.60      0.99982684   2.6068779e-05
      1989.70      0.99982685   2.6063055e-05
      1989.80      0.99982686   2.6057324e-05
      1989.90      0.99982688   2.6051395e-05
      1990.00      0.99982689   2.6045674e-05
      1990.10      0.99982690   2.6039747e-05
      1990.20      0.99982692   2.6034028e-05
      1990.30      0.99982692   2.6028298e-05
      1990.40      0.99982693   2.6013481e-05
      1990.50      0.99982695   2.5998873e-05
      1990.60      0.99982696   2.5984061e-05
      1990.70      0.99982698   2.5969459e-05
      1990.80      0.99982700   2.5954635e-05
      1990.90      0.99982702   2.5939831e-05
      1991.00      0.99982704   2.5925238e-05
      1991.10      0.99982707   2.5910440e-05
      1991.20      0.99982710   2.5895852e-05
      1991.30      0.99982714   2.5881054e-05
      1991.40      0.99982718   2.5891059e-05
      1991.50      0.99982721   2.5901062e-05
      1991.60      0.99982723   2.5910857e-05
      1991.70      0.99982725   2.5920855e-05
      1991.80      0.99982727   2.5930658e-05
      1991.90      0.99982728   2.5940652e-05
      1992.00      0.99982730   2.5950645e-05
      1992.10      0.99982731   2.5960429e-05
      1992.20      0.99982731   2.5970417e-05
      1992.30      0.99982731   2.5980197e-05
      1992.40      0.99982730   2.5966650e-05
      1992.50      0.99982730   2.5952692e-05
      1992.60      0.99982731   2.5939151e-05
      1992.70      0.99982732   2.5925199e-05
      1992.80      0.99982733   2.5911439e-05
      1992.90      0.99982735   2.5897905e-05
      1993.00      0.99982737   2.5884167e-05
      1993.10      0.99982738   2.5870226e-05
      1993.20      0.99982741   2.5856699e-05
      1993.30      0.99982744   2.5842961e-05
      1993.40      0.99982747   2.5846143e-05
      1993.50      0.99982749   2.5849323e-05
      1993.60      0.99982751   2.5852504e-05
      1993.70      0.99982752   2.5855683e-05
      1993.80      0.99982754   2.5859071e-05
      1993.90      0.99982755   2.5862249e-05
      1994.00      0.99982756   2.5865426e-05
      1994.10      0.99982757   2.5868602e-05
      1994.20      0.99982757   2.5871778e-05
      1994.30      0.99982757   2.5874945e-05
      1994.40      0.99982756   2.5854429e-05
      1994.50      0.99982756   2.5833917e-05
      1994.60      0.99982757   2.5813203e-05
      1994.70      0.99982759   2.5792699e-05
      1994.80      0.99982760   2.5772174e-05
      1994.90      0.99982762   2.5751678e-05
      1995.00      0.99982764   2.5730980e-05
      1995.10      0.99982767   2.5710492e-05
      1995.20      0.99982769   2.5689802e-05
      1995.30      0.99982774   2.5669309e-05
      1995.40      0.99982778   2.5674351e-05
      1995.50      0.99982781   2.5679186e-05
      1995.60      0.99982783   2.5684021e-05
      1995.70      0.99982785   2.5688854e-05
      1995.80      0.99982787   2.5693692e-05
      1995.90      0.99982789   2.5698728e-05
      1996.00      0.99982791   2.5703558e-05
      1996.10      0.99982792   2.5708592e-05
      1996.20      0.99982793   2.5713420e-05
      1996.30      0.99982793   2.5718245e-05
      1996.40      0.99982794   2.5708679e-05
      1996.50      0.99982794   2.5699321e-05
      1996.60      0.99982796   2.5689553e-05
      1996.70      0.99982797   2.5679993e-05
      1996.80      0.99982798   2.5670423e-05
      1996.90      0.99982799   2.5660866e-05
      1997.00      0.99982800   2.5651311e-05
      1997.10      0.99982802   2.5641758e-05
      1997.20      0.99982803   2.5632206e-05
      1997.30      0.99982803   2.5622637e-05
      1997.40      0.99982804   2.5596042e-05
      1997.50      0.99982805   2.5569453e-05
      1997.60      0.99982807   2.5542664e-05
      1997.70      0.99982810   2.5516085e-05
      1997.80      0.99982812   2.5489479e-05
      1997.90      0.99982816   2.5462910e-05
      1998.00      0.99982820   2.5436347e-05
      1998.10      0.99982825   2.5409789e-05
      1998.20      0.99982833   2.5383236e-05
      1998.30      0.99982838   2.5452934e-05
      1998.40      0.99982840   2.5461877e-05
      1998.50      0.99982842   2.5471228e-05
      1998.60      0.99982845   2.5480783e-05
      1998.70      0.99982847   2.5490336e-05
      1998.80      0.99982850   2.5499898e-05
      1998.90      0.99982852   2.5509036e-05
      1999.00      0.99982853   2.5518173e-05
      1999.10      0.99982855   2.5526897e-05
      1999.20      0.99982857   2.5534800e-05
      1999.30      0.99982858   2.5542095e-05
      1999.40      0.99982860   2.5548764e-05
      1999.50      0.99982861   2.5554612e-05
      1999.60      0.99982862   2.5559639e-05
      1999.70      0.99982864   2.5563436e-05
      1999.80      0.99982865   2.5566620e-05
      1999.90      0.99982866   2.5568776e-05
      2000.00      0.99982867   2.5569907e-05
      2000.10      0.99982868   2.5570014e-05
      2000.20      0.99982869   2.5569301e-05
      2000.30      0.99982870   2.5567767e-05
      2000.40      0.99982871   2.5565416e-05
      2000.50      0.99982872   2.5562247e-05
      2000.60      0.99982873   2.5558668e-05
      2000.70      0.99982874   2.5554477e-05
      2000.80      0.99982875   2.5549666e-05
      2000.90      0.99982877   2.5544452e-05
      2001.00      0.99982878   2.5539034e-05
      2001.10      0.99982879   2.5533413e-05
      2001.20      0.99982881   2.5527588e-05
      2001.30      0.99982882   2.5521553e-05
      2001.40      0.99982884   2.5515730e-05
      2001.50      0.99982885   2.5509704e-05
      2001.60      0.99982887   2.5503884e-05
      2001.70      0.99982888   2.5498269e-05
      2001.80      0.99982890   2.5492852e-05
      2001.90      0.99982892   2.5487444e-05
      2002.00      0.99982893   2.5482445e-05
      2002.10      0.99982895   2.5477652e-05
      2002.20      0.99982897   2.5472859e-05
      2002.30      0.99982898   2.5468470e-05
      2002.40      0.99982900   2.5464497e-05
      2002.50      0.99982902   2.5460524e-05
      2002.60      0.99982903   2.5456756e-05
      2002.70      0.99982905   2.5453193e-05
      2002.80      0.99982907   2.5449626e-05
      2002.90      0.99982909   2.5446473e-05
      2003.00      0.99982910   2.5443320e-05
      2003.10      0.99982912   2.5440372e-05
      2003.20      0.99982914   2.5437424e-05
      2003.30      0.99982915   2.5434678e-05
      2003.40      0.99982917   2.5432139e-05
      2003.50      0.99982919   2.5429601e-05
      2003.60      0.99982920   2.5427268e-05
      2003.70      0.99982922   2.5424934e-05
      2003.80      0.99982924   2.5423007e-05
      2003.90      0.99982925   2.5421287e-05
      2004.00      0.99982927   2.5419567e-05
      2004.10      0.99982929   2.5418051e-05
      2004.20      0.99982930   2.5416739e-05
      2004.30      0.99982932   2.5415629e-05
      2004.40      0.99982933   2.5414522e-05
      2004.50      0.99982935   2.5413618e-05
      2004.60      0.99982936   2.5412715e-05
      2004.70      0.99982938   2.5411811e-05
      2004.80      0.99982939   2.5410702e-05
      2004.90      0.99982940   2.5409595e-05
      2005.00      0.99982942   2.5408284e-05
      2005.10      0.99982943   2.5406769e-05
      2005.20      0.99982944   2.5405051e-05
      2005.30      0.99982946   2.5403127e-05
      2005.40      0.99982947   2.5400594e-05
      2005.50      0.99982948   2.5397654e-05
      2005.60      0.99982949   2.5394511e-05
      2005.70      0.99982950   2.5390961e-05
      2005.80      0.99982951   2.5386796e-05
      2005.90      0.99982953   2.5382433e-05
      2006.00      0.99982954   2.5377663e-05
      2006.10      0.99982955   2.5372486e-05
      2006.20      0.99982956   2.5366904e-05
      2006.30      0.99982957   2.5361112e-05
      2006.40      0.99982959   2.5355124e-05
      2006.50      0.99982960   2.5348527e-05
      2006.60      0.99982961   2.5342135e-05
      2006.70      0.99982962   2.5335133e-05
      2006.80      0.99982964   2.5328328e-05
      2006.90      0.99982965   2.5321125e-05
      2007.00      0.99982966   2.5313924e-05
      2007.10      0.99982968   2.5306317e-05
      2007.20      0.99982969   2.5298915e-05
      2007.30      0.99982971   2.5291302e-05
      2007.40      0.99982972   2.5283699e-05
      2007.50      0.99982974   2.5275691e-05
      2007.60      0.99982975   2.5267888e-05
      2007.70      0.99982977   2.5260087e-05
      2007.80      0.99982978   2.5252277e-05
      2007.90      0.99982980   2.5244275e-05
      2008.00      0.99982982   2.5236477e-05
      2008.10      0.99982983   2.5228478e-05
      2008.20      0.99982985   2.5220887e-05
      2008.30      0.99982987   2.5213084e-05
      2008.40      0.99982988   2.5205496e-05
      2008.50      0.99982990   2.5197909e-05
      2008.60      0.99982992   2.5190526e-05
      2008.70      0.99982994   2.5183348e-05
      2008.80      0.99982996   2.5176162e-05
      2008.90      0.99982998   2.5169393e-05
      2009.00      0.99982999   2.5162625e-05
      2009.10      0.99983001   2.5156263e-05
      2009.20      0.99983003   2.5149904e-05
      2009.30      0.99983005   2.5143943e-05
      2009.40      0.99983007   2.5138397e-05
      2009.50      0.99983009   2.5133055e-05
      2009.60      0.99983011   2.5127917e-05
      2009.70      0.99983013   2.5123185e-05
      2009.80      0.99983015   2.5118855e-05
      2009.90      0.99983017   2.5114936e-05
      2010.00      0.99983019   2.5111424e-05
      2010.10      0.99983022   2.5108318e-05
      2010.20      0.99983024   2.5105618e-05
      2010.30      0.99983026   2.5103726e-05
      2010.40      0.99983028   2.5102041e-05
      2010.50      0.99983030   2.5100963e-05
      2010.60      0.99983032   2.5100291e-05
      2010.70      0.99983034   2.5100024e-05
      2010.80      0.99983036   2.5100163e-05
      2010.90      0.99983037   2.5100707e-05
      2011.00      0.99983039   2.5101656e-05
      2011.10      0.99983041   2.5102807e-05
      2011.20      0.99983043   2.5104160e-05
      2011.30      0.99983045   2.5105515e-05
      2011.40      0.99983046   2.5107070e-05
      2011.50      0.99983048   2.5108422e-05
      2011.60      0.99983049   2.5109976e-05
      2011.70      0.99983051   2.5111125e-05
      2011.80      0.99983052   2.5112072e-05
      2011.90      0.99983053   2.5112815e-05
      2012.00      0.99983055   2.5113153e-05
      2012.10      0.99983056   2.5113086e-05
      2012.20      0.99983057   2.5112614e-05
      2012.30      0.99983059   2.5111534e-05
      2012.40      0.99983060   2.5110253e-05
      2012.50      0.99983061   2.5108365e-05
      2012.60      0.99983062   2.5106070e-05
      2012.70      0.99983063   2.5103579e-05
      2012.80      0.99983065   2.5100475e-05
      2012.90      0.99983066   2.5097173e-05
      2013.00      0.99983067   2.5093467e-05
      2013.10      0.99983068   2.5089554e-05
      2013.20      0.99983070   2.5085248e-05
      2013.30      0.99983071   2.5080932e-05
      2013.40      0.99983072   2.5076420e-05
      2013.50      0.99983074   2.5071909e-05
      2013.60      0.99983075   2.5067190e-05
      2013.70      0.99983076   2.5062484e-05
      2013.80      0.99983078   2.5057566e-05
      2013.90      0.99983079   2.5052855e-05
      2014.00      0.99983081   2.5047944e-05
      2014.10      0.99983082   2.5043028e-05
      2014.20      0.99983084   2.5038326e-05
      2014.30      0.99983085   2.5033411e-05
      2014.40      0.99983087   2.5028705e-05
      2014.50      0.99983088   2.5024000e-05
      2014.60      0.99983090   2.5019290e-05
      2014.70      0.99983091   2.5014794e-05
      2014.80      0.99983093   2.5010288e-05
      2014.90      0.99983094   2.5005989e-05
      2015.00      0.99983096   2.5001692e-05
      2015.10      0.99983097   2.4997592e-05
      2015.20      0.99983099   2.4993704e-05
      2015.30      0.99983101   2.4990009e-05
      2015.40      0.99983102   2.4986521e-05
      2015.50      0.99983104   2.4983034e-05
      2015.60      0.99983106   2.4979947e-05
      2015.70      0.99983107   2.4976868e-05
      2015.80      0.99983109   2.4973984e-05
      2015.90      0.99983110   2.4971507e-05
      2016.00      0.99983112   2.4969030e-05
      2016.10      0.99983113   2.4966753e-05
      2016.20      0.99983115   2.4964481e-05
      2016.30      0.99983117   2.4962406e-05
      2016.40      0.99983118   2.4960535e-05
      2016.50      0.99983120   2.4958665e-05
      2016.60      0.99983121   2.4956793e-05
      2016.70      0.99983123   2.4955126e-05
      2016.80      0.99983124   2.4953254e-05
      2016.90      0.99983125   2.4951586e-05
      2017.00      0.99983127   2.4949918e-05
      2017.10      0.99983128   2.4948249e-05
      2017.20      0.99983130   2.4946382e-05
      2017.30      0.99983131   2.4944713e-05
      2017.40      0.99983132   2.4942844e-05
      2017.50      0.99983134   2.4940976e-05
      2017.60      0.99983135   2.4939106e-05
      2017.70      0.99983136   2.4937241e-05
      2017.80      0.99983138   2.4935170e-05
      2017.90      0.99983139   2.4933102e-05
      2018.00      0.99983140   2.4931034e-05
      2018.10      0.99983141   2.4928561e-05
      2018.20      0.99983142   2.4926094e-05
      2018.30      0.99983144   2.4923420e-05
      2018.40      0.99983145   2.4920549e-05
      2018.50      0.99983146   2.4917477e-05
      2018.60      0.99983147   2.4913999e-05
      2018.70      0.99983148   2.4910530e-05
      2018.80      0.99983149   2.4906450e-05
      2018.90      0.99983150   2.4902174e-05
      2019.00      0.99983151   2.4897698e-05
      2019.10      0.99983152   2.4892613e-05
      2019.20      0.99983154   2.4887542e-05
      2019.30      0.99983155   2.4881856e-05
      2019.40      0.99983156   2.4875775e-05
      2019.50      0.99983157   2.4869696e-05
      2019.60      0.99983158   2.4863208e-05
      2019.70      0.99983159   2.4856335e-05
      2019.80      0.99983160   2.4849448e-05
      2019.90      0.99983162   2.4842369e-05
      2020.00      0.99983163   2.4834889e-05
      2020.10      0.99983164   2.4827603e-05
      2020.20      0.99983166   2.4820136e-05
      2020.30      0.99983167   2.4812451e-05
      2020.40      0.99983168   2.4804977e-05
      2020.50      0.99983170   2.4797504e-05
      2020.60      0.99983171   2.4790024e-05
      2020.70      0.99983172   2.4782564e-05
      2020.80      0.99983174   2.4775086e-05
      2020.90      0.99983175   2.4767619e-05
      2021.00      0.99983177   2.4760354e-05
      2021.10      0.99983178   2.4753282e-05
      2021.20      0.99983180   2.4746229e-05
      2021.30      0.99983181   2.4739160e-05
      2021.40      0.99983183   2.4732502e-05
      2021.50      0.99983185   2.4725644e-05
      2021.60      0.99983186   2.4718980e-05
      2021.70      0.99983188   2.4712534e-05
      2021.80      0.99983189   2.4706073e-05
      2021.90      0.99983191   2.4699822e-05
      2022.00      0.99983192   2.4693572e-05
      2022.10      0.99983194   2.4687516e-05
      2022.20      0.99983196   2.4681675e-05
      2022.30      0.99983197   2.4675822e-05
      2022.40      0.99983199   2.4669977e-05
      2022.50      0.99983200   2.4664132e-05
      2022.60      0.99983202   2.4658483e-05
      2022.70      0.99983204   2.4652848e-05
      2022.80      0.99983205   2.4646999e-05
      2022.90      0.99983207   2.4641360e-05
      2023.00      0.99983208   2.4635520e-05
      2023.10      0.99983210   2.4629875e-05
      2023.20      0.99983211   2.4623845e-05
      2023.30      0.99983213   2.4618002e-05
      2023.40      0.99983215   2.4611967e-05
      2023.50      0.99983216   2.4606133e-05
      2023.60      0.99983218   2.4600092e-05
      2023.70      0.99983219   2.4593868e-05
      2023.80      0.99983221   2.4587630e-05
      2023.90      0.99983223   2.4581600e-05
      2024.00      0.99983225   2.4575571e-05
      2024.10      0.99983226   2.4569537e-05
      2024.20      0.99983228   2.4563917e-05
      2024.30      0.99983230   2.4558085e-05
      2024.40      0.99983232   2.4552660e-05
      2024.50      0.99983233   2.4547436e-05
      2024.60      0.99983235   2.4542407e-05
      2024.70      0.99983237   2.4537791e-05
      2024.80      0.99983239   2.4533364e-05
      2024.90      0.99983241   2.4529143e-05
      2025.00      0.99983242   2.4525522e-05
      2025.10      0.99983244   2.4522097e-05
      2025.20      0.99983246   2.4518881e-05
      2025.30      0.99983248   2.4516257e-05
      2025.40      0.99983250   2.4513837e-05
      2025.50      0.99983252   2.4511817e-05
      2025.60      0.99983253   2.4510194e-05
      2025.70      0.99983255   2.4508775e-05
      2025.80      0.99983257   2.4507752e-05
      2025.90      0.99983259   2.4506731e-05
      2026.00      0.99983260   2.4506109e-05
      2026.10      0.99983262   2.4505686e-05
      2026.20      0.99983263   2.4505264e-05
      2026.30      0.99983265   2.4504842e-05
      2026.40      0.99983267   2.4504818e-05
      2026.50      0.99983268   2.4504396e-05
      2026.60      0.99983269   2.4504172e-05
      2026.70      0.99983271   2.4503750e-05
      2026.80      0.99983272   2.4503127e-05
      2026.90      0.99983273   2.4502306e-05
      2027.00      0.99983275   2.4501484e-05
      2027.10      0.99983276   2.4500262e-05
      2027.20      0.99983277   2.4498645e-05
      2027.30      0.99983278   2.4496625e-05
      2027.40      0.99983279   2.4494408e-05
      2027.50      0.99983281   2.4491594e-05
      2027.60      0.99983282   2.4488577e-05
      2027.70      0.99983283   2.4485170e-05
      2027.80      0.99983284   2.4481356e-05
      2027.90      0.99983285   2.4476950e-05
      2028.00      0.99983286   2.4472345e-05
      2028.10      0.99983287   2.4467336e-05
      2028.20      0.99983288   2.4461943e-05
      2028.30      0.99983290   2.4456138e-05
      2028.40      0.99983291   2.4450143e-05
      2028.50      0.99983292   2.4443949e-05
      2028.60      0.99983293   2.4437550e-05
      2028.70      0.99983295   2.4430769e-05
      2028.80      0.99983296   2.4423974e-05
      2028.90      0.99983297   2.4416988e-05
      2029.00      0.99983299   2.4410005e-05
      2029.10      0.99983300   2.4402814e-05
      2029.20      0.99983301   2.4395841e-05
      2029.30      0.99983303   2.4388654e-05
      2029.40      0.99983304   2.4381476e-05
      2029.50      0.99983306   2.4374498e-05
      2029.60      0.99983307   2.4367315e-05
      2029.70      0.99983309   2.4360547e-05
      2029.80      0.99983310   2.4353764e-05
      2029.90      0.99983312   2.4347189e-05
      2030.00      0.99983314   2.4340615e-05
      2030.10      0.99983315   2.4334433e-05
      2030.20      0.99983317   2.4328267e-05
      2030.30      0.99983319   2.4322286e-05
      2030.40      0.99983320   2.4316710e-05
      2030.50      0.99983322   2.4311335e-05
      2030.60      0.99983324   2.4306153e-05
      2030.70      0.99983326   2.4301182e-05
      2030.80      0.99983327   2.4296400e-05
      2030.90      0.99983329   2.4292021e-05
      2031.00      0.99983331   2.4287842e-05
      2031.10      0.99983332   2.4283858e-05
      2031.20      0.99983334   2.4280280e-05
      2031.30      0.99983336   2.4276893e-05
      2031.40      0.99983338   2.4273511e-05
      2031.50      0.99983339   2.4270526e-05
      2031.60      0.99983341   2.4267935e-05
      2031.70      0.99983343   2.4265153e-05
      2031.80      0.99983344   2.4262762e-05
      2031.90      0.99983346   2.4260375e-05
      2032.00      0.99983347   2.4257988e-05
      2032.10      0.99983349   2.4255797e-05
      2032.20      0.99983350   2.4253611e-05
      2032.30      0.99983352   2.4251421e-05
      2032.40      0.99983354   2.4249035e-05
      2032.50      0.99983355   2.4246848e-05
      2032.60      0.99983356   2.4244460e-05
      2032.70      0.99983358   2.4242078e-05
      2032.80      0.99983359   2.4239492e-05
      2032.90      0.99983361   2.4237108e-05
      2033.00      0.99983362   2.4234328e-05
      2033.10      0.99983364   2.4231545e-05
      2033.20      0.99983365   2.4228967e-05
      2033.30      0.99983367   2.4226184e-05
      2033.40      0.99983368   2.4223406e-05
      2033.50      0.99983370   2.4220826e-05
      2033.60      0.99983371   2.4218243e-05
      2033.70      0.99983372   2.4215667e-05
      2033.80      0.99983374   2.4213284e-05
      2033.90      0.99983375   2.4211101e-05
      2034.00      0.99983377   2.4208919e-05
      2034.10      0.99983378   2.4206736e-05
      2034.20      0.99983379   2.4204952e-05
      2034.30      0.99983381   2.4203363e-05
      2034.40      0.99983382   2.4201579e-05
      2034.50      0.99983383   2.4200190e-05
      2034.60      0.99983385   2.4198601e-05
      2034.70      0.99983386   2.4196819e-05
      2034.80      0.99983387   2.4195033e-05
      2034.90      0.99983388   2.4193051e-05
      2035.00      0.99983389   2.4190872e-05
      2035.10      0.99983390   2.4188294e-05
      2035.20      0.99983391   2.4185526e-05
      2035.30      0.99983392   2.4182157e-05
      2035.40      0.99983393   2.4178396e-05
      2035.50      0.99983394   2.4174044e-05
      2035.60      0.99983395   2.4169290e-05
      2035.70      0.99983396   2.4163759e-05
      2035.80      0.99983397   2.4158018e-05
      2035.90      0.99983398   2.4151493e-05
      2036.00      0.99983399   2.4144575e-05
      2036.10      0.99983400   2.4137056e-05
      2036.20      0.99983401   2.4129359e-05
      2036.30      0.99983403   2.4121052e-05
      2036.40      0.99983404   2.4112558e-05
      2036.50      0.99983405   2.4103869e-05
      2036.60      0.99983406   2.4094775e-05
      2036.70      0.99983407   2.4085901e-05
      2036.80      0.99983409   2.4076811e-05
      2036.90      0.99983410   2.4067733e-05
      2037.00      0.99983412   2.4059051e-05
      2037.10      0.99983413   2.4050163e-05
      2037.20      0.99983415   2.4041693e-05
      2037.30      0.99983416   2.4033598e-05
      2037.40      0.99983418   2.4025515e-05
      2037.50      0.99983420   2.4018026e-05
      2037.60      0.99983421   2.4010726e-05
      2037.70      0.99983423   2.4003840e-05
      2037.80      0.99983425   2.3997136e-05
      2037.90      0.99983426   2.3991033e-05
      2038.00      0.99983428   2.3985128e-05
      2038.10      0.99983430   2.3979612e-05
      2038.20      0.99983432   2.3974505e-05
      2038.30      0.99983433   2.3969386e-05
      2038.40      0.99983435   2.3964866e-05
      2038.50      0.99983437   2.3960346e-05
      2038.60      0.99983438   2.3956019e-05
      2038.70      0.99983440   2.3951901e-05
      2038.80      0.99983441   2.3947773e-05
      2038.90      0.99983443   2.3943847e-05
      2039.00      0.99983445   2.3939923e-05
      2039.10      0.99983446   2.3936191e-05
      2039.20      0.99983448   2.3932075e-05
      2039.30      0.99983449   2.3928148e-05
      2039.40      0.99983451   2.3924226e-05
      2039.50      0.99983452   2.3920107e-05
      2039.60      0.99983454   2.3915787e-05
      2039.70      0.99983455   2.3911282e-05
      2039.80      0.99983457   2.3906766e-05
      2039.90      0.99983458   2.3902257e-05
      2040.00      0.99983460   2.3897552e-05
      2040.10      0.99983461   2.3892841e-05
      2040.20      0.99983463   2.3887946e-05
      2040.30      0.99983464   2.3883041e-05
      2040.40      0.99983466   2.3878142e-05
      2040.50      0.99983467   2.3873243e-05
      2040.60      0.99983469   2.3868537e-05
      2040.70      0.99983470   2.3863843e-05
      2040.80      0.99983472   2.3859335e-05
      2040.90      0.99983474   2.3855031e-05
      2041.00      0.99983475   2.3851120e-05
      2041.10      0.99983477   2.3847600e-05
      2041.20      0.99983478   2.3844284e-05
      2041.30      0.99983480   2.3841355e-05
      2041.40      0.99983482   2.3838824e-05
      2041.50      0.99983483   2.3836686e-05
      2041.60      0.99983485   2.3834939e-05
      2041.70      0.99983486   2.3833393e-05
      2041.80      0.99983488   2.3832237e-05
      2041.90      0.99983489   2.3831475e-05
      2042.00      0.99983491   2.3830714e-05
      2042.10      0.99983492   2.3830148e-05
      2042.20      0.99983494   2.3829584e-05
      2042.30      0.99983495   2.3828822e-05
      2042.40      0.99983496   2.3828060e-05
      2042.50      0.99983497   2.3826906e-05
      2042.60      0.99983498   2.3825553e-05
      2042.70      0.99983499   2.3823420e-05
      2042.80      0.99983500   2.3820889e-05
      2042.90      0.99983501   2.3817772e-05
      2043.00      0.99983502   2.3814067e-05
      2043.10      0.99983503   2.3809571e-05
      2043.20      0.99983504   2.3804303e-05
      2043.30      0.99983505   2.3798237e-05
      2043.40      0.99983505   2.3791591e-05
      2043.50      0.99983506   2.3784358e-05
      2043.60      0.99983507   2.3776331e-05
      2043.70      0.99983508   2.3767934e-05
      2043.80      0.99983509   2.3758928e-05
      2043.90      0.99983511   2.3749543e-05
      2044.00      0.99983512   2.3739963e-05
      2044.10      0.99983513   2.3730373e-05
      2044.20      0.99983514   2.3720417e-05
      2044.30      0.99983516   2.3710830e-05
      2044.40      0.99983517   2.3701062e-05
      2044.50      0.99983519   2.3691687e-05
      2044.60      0.99983520   2.3682499e-05
      2044.70      0.99983522   2.3673530e-05
      2044.80      0.99983523   2.3665130e-05
      2044.90      0.99983525   2.3657133e-05
      2045.00      0.99983527   2.3649530e-05
      2045.10      0.99983528   2.3642312e-05
      2045.20      0.99983530   2.3635503e-05
      2045.30      0.99983532   2.3629072e-05
      2045.40      0.99983534   2.3623041e-05
      2045.50      0.99983535   2.3617402e-05
      2045.60      0.99983537   2.3612150e-05
      2045.70      0.99983539   2.3606912e-05
      2045.80      0.99983540   2.3602053e-05
      2045.90      0.99983542   2.3597594e-05
      2046.00      0.99983543   2.3593134e-05
      2046.10      0.99983545   2.3588671e-05
      2046.20      0.99983546   2.3584609e-05
      2046.30      0.99983548   2.3580343e-05
      2046.40      0.99983550   2.3576278e-05
      2046.50      0.99983551   2.3572214e-05
      2046.60      0.99983552   2.3568145e-05
      2046.70      0.99983554   2.3564088e-05
      2046.80      0.99983555   2.3559825e-05
      2046.90      0.99983557   2.3555372e-05
      2047.00      0.99983558   2.3551116e-05
      2047.10      0.99983559   2.3546463e-05
      2047.20      0.99983561   2.3541432e-05
      2047.30      0.99983562   2.3536390e-05
      2047.40      0.99983563   2.3530964e-05
      2047.50      0.99983564   2.3525148e-05
      2047.60      0.99983566   2.3519130e-05
      2047.70      0.99983567   2.3512737e-05
      2047.80      0.99983568   2.3505939e-05
      2047.90      0.99983570   2.3498760e-05
      2048.00      0.99983571   2.3491386e-05
      2048.10      0.99983572   2.3483613e-05
      2048.20      0.99983574   2.3475471e-05
      2048.30      0.99983575   2.3467311e-05
      2048.40      0.99983576   2.3458781e-05
      2048.50      0.99983578   2.3450233e-05
      2048.60      0.99983579   2.3441490e-05
      2048.70      0.99983581   2.3432771e-05
      2048.80      0.99983582   2.3424032e-05
      2048.90      0.99983584   2.3415510e-05
      2049.00      0.99983586   2.3407165e-05
      2049.10      0.99983587   2.3398821e-05
      2049.20      0.99983589   2.3390694e-05
      2049.30      0.99983591   2.3382939e-05
      2049.40      0.99983592   2.3375400e-05
      2049.50      0.99983594   2.3368233e-05
      2049.60      0.99983596   2.3361264e-05
      2049.70      0.99983598   2.3354703e-05
      2049.80      0.99983600   2.3348322e-05
      2049.90      0.99983601   2.3342152e-05
      2050.00      0.99983603   2.3336358e-05
      2050.10      0.99983605   2.3330761e-05
      2050.20      0.99983607   2.3325374e-05
      2050.30      0.99983609   2.3320169e-05
      2050.40      0.99983610   2.3315172e-05
      2050.50      0.99983612   2.3310359e-05
      2050.60      0.99983614   2.3305742e-05
      2050.70      0.99983616   2.3301137e-05
      2050.80      0.99983617   2.3296522e-05
      2050.90      0.99983619   2.3292114e-05
      2051.00      0.99983621   2.3287890e-05
      2051.10      0.99983622   2.3283472e-05
      2051.20      0.99983624   2.3279260e-05
      2051.30      0.99983626   2.3275038e-05
      2051.40      0.99983627   2.3270828e-05
      2051.50      0.99983629   2.3266608e-05
      2051.60      0.99983631   2.3262583e-05
      2051.70      0.99983632   2.3258375e-05
      2051.80      0.99983634   2.3254351e-05
      2051.90      0.99983636   2.3250144e-05
      2052.00      0.99983637   2.3246122e-05
      2052.10      0.99983639   2.3241907e-05
      2052.20      0.99983641   2.3237896e-05
      2052.30      0.99983642   2.3233876e-05
      2052.40      0.99983644   2.3229673e-05
      2052.50      0.99983645   2.3225654e-05
      2052.60      0.99983647   2.3221636e-05
      2052.70      0.99983649   2.3217629e-05
      2052.80      0.99983650   2.3213418e-05
      2052.90      0.99983652   2.3209413e-05
      2053.00      0.99983653   2.3205398e-05
      2053.10      0.99983655   2.3201189e-05
      2053.20      0.99983657   2.3197185e-05
      2053.30      0.99983658   2.3193172e-05
      2053.40      0.99983660   2.3189170e-05
      2053.50      0.99983661   2.3184964e-05
      2053.60      0.99983663   2.3180953e-05
      2053.70      0.99983664   2.3176952e-05
      2053.80      0.99983666   2.3172943e-05
      2053.90      0.99983668   2.3168944e-05
      2054.00      0.99983669   2.3164741e-05
      2054.10      0.99983671   2.3160734e-05
      2054.20      0.99983672   2.3156736e-05
      2054.30      0.99983674   2.3152730e-05
      2054.40      0.99983675   2.3148541e-05
      2054.50      0.99983677   2.3144536e-05
      2054.60      0.99983678   2.3140531e-05
      2054.70      0.99983680   2.3136538e-05
      2054.80      0.99983682   2.3132341e-05
      2054.90      0.99983683   2.3128348e-05
      2055.00      0.99983685   2.3124347e-05
      2055.10      0.99983686   2.3120346e-05
      2055.20      0.99983688   2.3116162e-05
      2055.30      0.99983689   2.3112162e-05
      2055.40      0.99983691   2.3108173e-05
      2055.50      0.99983692   2.3103981e-05
      2055.60      0.99983694   2.3099984e-05
      2055.70      0.99983695   2.3095997e-05
      2055.80      0.99983697   2.3091807e-05
      2055.90      0.99983699   2.3087821e-05
      2056.00      0.99983700   2.3083826e-05
      2056.10      0.99983702   2.3079638e-05
      2056.20      0.99983703   2.3075655e-05
      2056.30      0.99983705   2.3071468e-05
      2056.40      0.99983706   2.3067486e-05
      2056.50      0.99983708   2.3063301e-05
      2056.60      0.99983709   2.3059310e-05
      2056.70      0.99983711   2.3055330e-05
      2056.80      0.99983712   2.3051147e-05
      2056.90      0.99983714   2.3047168e-05
      2057.00      0.99983715   2.3043180e-05
      2057.10      0.99983717   2.3038999e-05
      2057.20      0.99983719   2.3035022e-05
      2057.30      0.99983720   2.3030842e-05
      2057.40      0.99983722   2.3026867e-05
      2057.50      0.99983723   2.3022882e-05
      2057.60      0.99983725   2.3018705e-05
      2057.70      0.99983726   2.3014731e-05
      2057.80      0.99983728   2.3010749e-05
      2057.90      0.99983729   2.3006776e-05
      2058.00      0.99983731   2.3002602e-05
      2058.10      0.99983732   2.2998621e-05
      2058.20      0.99983734   2.2994651e-05
      2058.30      0.99983735   2.2990478e-05
      2058.40      0.99983737   2.2986509e-05
      2058.50      0.99983738   2.2982531e-05
      2058.60      0.99983740   2.2978361e-05
      2058.70      0.99983741   2.2974394e-05
      2058.80      0.99983743   2.2970418e-05
      2058.90      0.99983744   2.2966452e-05
      2059.00      0.99983746   2.2962478e-05
      2059.10      0.99983747   2.2958311e-05
      2059.20      0.99983749   2.2954347e-05
      2059.30      0.99983750   2.2950375e-05
      2059.40      0.99983752   2.2946412e-05
      2059.50      0.99983754   2.2942441e-05
      2059.60      0.99983755   2.2938277e-05
      2059.70      0.99983757   2.2934317e-05
      2059.80      0.99983758   2.2930348e-05
      2059.90      0.99983760   2.2926389e-05
      2060.00      0.99983761   2.2922228e-05
      2060.10      0.99983763   2.2918261e-05
      2060.20      0.99983764   2.2914304e-05
      2060.30      0.99983766   2.2910145e-05
      2060.40      0.99983767   2.2906189e-05
      2060.50      0.99983769   2.2902225e-05
      2060.60      0.99983770   2.2898068e-05
      2060.70      0.99983772   2.2894307e-05
      2060.80      0.99983773   2.2890152e-05
      2060.90      0.99983775   2.2886007e-05
      2061.00      0.99983776   2.2882238e-05
      2061.10      0.99983778   2.2878085e-05
      2061.20      0.99983779   2.2873942e-05
      2061.30      0.99983781   2.2869983e-05
      2061.40      0.99983782   2.2866034e-05
      2061.50      0.99983784   2.2862076e-05
      2061.60      0.99983785   2.2857926e-05
      2061.70      0.99983787   2.2853979e-05
      2061.80      0.99983788   2.2850023e-05
      2061.90      0.99983790   2.2845885e-05
      2062.00      0.99983791   2.2841930e-05
      2062.10      0.99983793   2.2837784e-05
      2062.20      0.99983794   2.2833840e-05
      2062.30      0.99983796   2.2829887e-05
      2062.40      0.99983797   2.2825945e-05
      2062.50      0.99983799   2.2821801e-05
      2062.60      0.99983800   2.2817851e-05
      2062.70      0.99983802   2.2813910e-05
      2062.80      0.99983803   2.2809961e-05
      2062.90      0.99983805   2.2805830e-05
      2063.00      0.99983806   2.2801882e-05
      2063.10      0.99983808   2.2797935e-05
      2063.20      0.99983809   2.2793998e-05
      2063.30      0.99983811   2.2790052e-05
      2063.40      0.99983812   2.2785924e-05
      2063.50      0.99983814   2.2781979e-05
      2063.60      0.99983815   2.2778035e-05
      2063.70      0.99983817   2.2773909e-05
      2063.80      0.99983818   2.2770159e-05
      2063.90      0.99983820   2.2766034e-05
      2064.00      0.99983821   2.2762093e-05
      2064.10      0.99983823   2.2758152e-05
      2064.20      0.99983824   2.2754222e-05
      2064.30      0.99983826   2.2750282e-05
      2064.40      0.99983827   2.2746161e-05
      2064.50      0.99983829   2.2742223e-05
      2064.60      0.99983830   2.2738286e-05
      2064.70      0.99983832   2.2734359e-05
      2064.80      0.99983833   2.2730423e-05
      2064.90      0.99983835   2.2726497e-05
      2065.00      0.99983836   2.2722562e-05
      2065.10      0.99983838   2.2718436e-05
      2065.20      0.99983839   2.2714512e-05
      2065.30      0.99983841   2.2710579e-05
      2065.40      0.99983842   2.2706657e-05
      2065.50      0.99983844   2.2702725e-05
      2065.60      0.99983845   2.2698603e-05
      2065.70      0.99983847   2.2694682e-05
      2065.80      0.99983848   2.2690753e-05
      2065.90      0.99983850   2.2686834e-05
      2066.00      0.99983851   2.2682905e-05
      2066.10      0.99983852   2.2678786e-05
      2066.20      0.99983854   2.2674869e-05
      2066.30      0.99983855   2.2670943e-05
      2066.40      0.99983857   2.2667027e-05
      2066.50      0.99983858   2.2663102e-05
      2066.60      0.99983860   2.2659177e-05
      2066.70      0.99983861   2.2655072e-05
      2066.80      0.99983863   2.2651149e-05
      2066.90      0.99983864   2.2647236e-05
      2067.00      0.99983866   2.2643315e-05
      2067.10      0.99983867   2.2639202e-05
      2067.20      0.99983869   2.2635291e-05
      2067.30      0.99983870   2.2631372e-05
      2067.40      0.99983872   2.2627462e-05
      2067.50      0.99983873   2.2623544e-05
      2067.60      0.99983875   2.2619626e-05
      2067.70      0.99983876   2.2615528e-05
      2067.80      0.99983878   2.2611611e-05
      2067.90      0.99983879   2.2607705e-05
      2068.00      0.99983881   2.2603790e-05
      2068.10      0.99983882   2.2599684e-05
      2068.20      0.99983884   2.2595780e-05
      2068.30      0.99983885   2.2591867e-05
      2068.40      0.99983887   2.2587964e-05
      2068.50      0.99983888   2.2584052e-05
      2068.60      0.99983890   2.2580141e-05
      2068.70      0.99983891   2.2576049e-05
      2068.80      0.99983892   2.2572139e-05
      2068.90      0.99983894   2.2568240e-05
      2069.00      0.99983895   2.2564331e-05
      2069.10      0.99983897   2.2560423e-05
      2069.20      0.99983898   2.2556334e-05
      2069.30      0.99983900   2.2552428e-05
      2069.40      0.99983901   2.2548532e-05
      2069.50      0.99983903   2.2544626e-05
      2069.60      0.99983904   2.2540722e-05
      2069.70      0.99983906   2.2536828e-05
      2069.80      0.99983907   2.2532924e-05
      2069.90      0.99983909   2.2529031e-05
      2070.00      0.99983910   2.2524938e-05
      2070.10      0.99983912   2.2521037e-05
      2070.20      0.99983913   2.2517146e-05
      2070.30      0.99983915   2.2513246e-05
      2070.40      0.99983916   2.2509356e-05
      2070.50      0.99983918   2.2505457e-05
      2070.60      0.99983919   2.2501559e-05
      2070.70      0.99983921   2.2497671e-05
      2070.80      0.99983922   2.2493775e-05
      2070.90      0.99983924   2.2489888e-05
      2071.00      0.99983925   2.2485993e-05
      2071.10      0.99983926   2.2482098e-05
      2071.20      0.99983928   2.2478213e-05
      2071.30      0.99983929   2.2474129e-05
      2071.40      0.99983931   2.2470436e-05
      2071.50      0.99983932   2.2466544e-05
      2071.60      0.99983934   2.2462462e-05
      2071.70      0.99983935   2.2458771e-05
      2071.80      0.99983937   2.2454881e-05
      2071.90      0.99983938   2.2450810e-05
      2072.00      0.99983940   2.2447112e-05
      2072.10      0.99983941   2.2443223e-05
      2072.20      0.99983943   2.2439155e-05
      2072.30      0.99983944   2.2435267e-05
      2072.40      0.99983946   2.2431391e-05
      2072.50      0.99983947   2.2427505e-05
      2072.60      0.99983948   2.2423620e-05
      2072.70      0.99983950   2.2419745e-05
      2072.80      0.99983951   2.2415861e-05
      2072.90      0.99983953   2.2411987e-05
      2073.00      0.99983954   2.2408105e-05
      2073.10      0.99983956   2.2404032e-05
      2073.20      0.99983957   2.2400161e-05
      2073.30      0.99983959   2.2396280e-05
      2073.40      0.99983960   2.2392410e-05
      2073.50      0.99983962   2.2388530e-05
      2073.60      0.99983963   2.2384652e-05
      2073.70      0.99983965   2.2380593e-05
      2073.80      0.99983966   2.2376715e-05
      2073.90      0.99983968   2.2372848e-05
      2074.00      0.99983969   2.2368972e-05
      2074.10      0.99983970   2.2365097e-05
      2074.20      0.99983972   2.2361231e-05
      2074.30      0.99983973   2.2357357e-05
      2074.40      0.99983975   2.2353493e-05
      2074.50      0.99983976   2.2349430e-05
      2074.60      0.99983978   2.2345748e-05
      2074.70      0.99983979   2.2341696e-05
      2074.80      0.99983981   2.2337825e-05
      2074.90      0.99983982   2.2333964e-05
      2075.00      0.99983984   2.2330095e-05
      2075.10      0.99983985   2.2326226e-05
      2075.20      0.99983987   2.2322367e-05
      2075.30      0.99983988   2.2318499e-05
      2075.40      0.99983989   2.2314642e-05
      2075.50      0.99983991   2.2310775e-05
      2075.60      0.99983992   2.2306910e-05
      2075.70      0.99983994   2.2303054e-05
      2075.80      0.99983995   2.2298999e-05
      2075.90      0.99983997   2.2295335e-05
      2076.00      0.99983998   2.2291282e-05
      2076.10      0.99984000   2.2287419e-05
      2076.20      0.99984001   2.2283567e-05
      2076.30      0.99984003   2.2279706e-05
      2076.40      0.99984004   2.2275855e-05
      2076.50      0.99984005   2.2271995e-05
      2076.60      0.99984007   2.2268135e-05
      2076.70      0.99984008   2.2264096e-05
      2076.80      0.99984010   2.2260238e-05
      2076.90      0.99984011   2.2256390e-05
      2077.00      0.99984013   2.2252533e-05
      2077.10      0.99984014   2.2248677e-05
      2077.20      0.99984016   2.2244831e-05
      2077.30      0.99984017   2.2240787e-05
      2077.40      0.99984019   2.2236942e-05
      2077.50      0.99984020   2.2233088e-05
      2077.60      0.99984022   2.2229235e-05
      2077.70      0.99984023   2.2225393e-05
      2077.80      0.99984024   2.2221351e-05
      2077.90      0.99984026   2.2217699e-05
      2078.00      0.99984027   2.2213659e-05
      2078.10      0.99984029   2.2209810e-05
      2078.20      0.99984030   2.2205970e-05
      2078.30      0.99984032   2.2201932e-05
      2078.40      0.99984033   2.2198283e-05
      2078.50      0.99984035   2.2194436e-05
      2078.60      0.99984036   2.2190400e-05
      2078.70      0.99984038   2.2186564e-05
      2078.80      0.99984039   2.2182719e-05
      2078.90      0.99984040   2.2178883e-05
      2079.00      0.99984042   2.2175039e-05
      2079.10      0.99984043   2.2171196e-05
      2079.20      0.99984045   2.2167363e-05
      2079.30      0.99984046   2.2163521e-05
      2079.40      0.99984048   2.2159689e-05
      2079.50      0.99984049   2.2155659e-05
      2079.60      0.99984051   2.2152008e-05
      2079.70      0.99984052   2.2148178e-05
      2079.80      0.99984054   2.2144339e-05
      2079.90      0.99984055   2.2140510e-05
      2080.00      0.99984056   2.2136673e-05
      2080.10      0.99984058   2.2132836e-05
      2080.20      0.99984059   2.2128820e-05
      2080.30      0.99984061   2.2124984e-05
      2080.40      0.99984062   2.2121158e-05
      2080.50      0.99984064   2.2117324e-05
      2080.60      0.99984065   2.2113680e-05
      2080.70      0.99984067   2.2109856e-05
      2080.80      0.99984068   2.2106024e-05
      2080.90      0.99984069   2.2102201e-05
      2081.00      0.99984071   2.2098370e-05
      2081.10      0.99984072   2.2094539e-05
      2081.20      0.99984074   2.2090530e-05
      2081.30      0.99984075   2.2086889e-05
      2081.40      0.99984077   2.2082881e-05
      2081.50      0.99984078   2.2079053e-05
      2081.60      0.99984080   2.2075226e-05
      2081.70      0.99984081   2.2071408e-05
      2081.80      0.99984082   2.2067582e-05
      2081.90      0.99984084   2.2063766e-05
      2082.00      0.99984085   2.2059941e-05
      2082.10      0.99984087   2.2056117e-05
      2082.20      0.99984088   2.2052303e-05
      2082.30      0.99984090   2.2048480e-05
      2082.40      0.99984091   2.2044667e-05
      2082.50      0.99984093   2.2040845e-05
      2082.60      0.99984094   2.2037024e-05
      2082.70      0.99984095   2.2033213e-05
      2082.80      0.99984097   2.2029393e-05
      2082.90      0.99984098   2.2025583e-05
      2083.00      0.99984100   2.2021765e-05
      2083.10      0.99984101   2.2017947e-05
      2083.20      0.99984103   2.2014139e-05
      2083.30      0.99984104   2.2010322e-05
      2083.40      0.99984106   2.2006516e-05
      2083.50      0.99984107   2.2002700e-05
      2083.60      0.99984108   2.1998886e-05
      2083.70      0.99984110   2.1995081e-05
      2083.80      0.99984111   2.1991267e-05
      2083.90      0.99984113   2.1987275e-05
      2084.00      0.99984114   2.1983652e-05
      2084.10      0.99984116   2.1979652e-05
      2084.20      0.99984117   2.1976038e-05
      2084.30      0.99984119   2.1972228e-05
      2084.40      0.99984120   2.1968428e-05
      2084.50      0.99984121   2.1964430e-05
      2084.60      0.99984123   2.1960622e-05
      2084.70      0.99984124   2.1956823e-05
      2084.80      0.99984126   2.1953016e-05
      2084.90      0.99984127   2.1949219e-05
      2085.00      0.99984129   2.1945413e-05
      2085.10      0.99984130   2.1941608e-05
      2085.20      0.99984131   2.1937812e-05
      2085.30      0.99984133   2.1934008e-05
      2085.40      0.99984134   2.1930214e-05
      2085.50      0.99984136   2.1926412e-05
      2085.60      0.99984137   2.1922609e-05
      2085.70      0.99984139   2.1918817e-05
      2085.80      0.99984140   2.1914828e-05
      2085.90      0.99984142   2.1911037e-05
      2086.00      0.99984143   2.1907426e-05
      2086.10      0.99984144   2.1903627e-05
      2086.20      0.99984146   2.1899650e-05
      2086.30      0.99984147   2.1895852e-05
      2086.40      0.99984149   2.1892064e-05
      2086.50      0.99984150   2.1888268e-05
      2086.60      0.99984152   2.1884472e-05
      2086.70      0.99984153   2.1880686e-05
      2086.80      0.99984154   2.1876891e-05
      2086.90      0.99984156   2.1873107e-05
      2087.00      0.99984157   2.1869313e-05
      2087.10      0.99984159   2.1865521e-05
      2087.20      0.99984160   2.1861738e-05
      2087.30      0.99984162   2.1857946e-05
      2087.40      0.99984163   2.1853977e-05
      2087.50      0.99984165   2.1850375e-05
      2087.60      0.99984166   2.1846585e-05
      2087.70      0.99984167   2.1842617e-05
      2087.80      0.99984169   2.1838829e-05
      2087.90      0.99984170   2.1835051e-05
      2088.00      0.99984172   2.1831264e-05
      2088.10      0.99984173   2.1827477e-05
      2088.20      0.99984175   2.1823701e-05
      2088.30      0.99984176   2.1819915e-05
      2088.40      0.99984177   2.1816140e-05
      2088.50      0.99984179   2.1812356e-05
      2088.60      0.99984180   2.1808573e-05
      2088.70      0.99984182   2.1804612e-05
      2088.80      0.99984183   2.1801017e-05
      2088.90      0.99984185   2.1797058e-05
      2089.00      0.99984186   2.1793277e-05
      2089.10      0.99984187   2.1789497e-05
      2089.20      0.99984189   2.1785726e-05
      2089.30      0.99984190   2.1781947e-05
      2089.40      0.99984192   2.1778178e-05
      2089.50      0.99984193   2.1774213e-05
      2089.60      0.99984195   2.1770623e-05
      2089.70      0.99984196   2.1766669e-05
      2089.80      0.99984197   2.1763081e-05
      2089.90      0.99984199   2.1759127e-05
      2090.00      0.99984200   2.1755353e-05
      2090.10      0.99984202   2.1751579e-05
      2090.20      0.99984203   2.1747815e-05
      2090.30      0.99984205   2.1744042e-05
      2090.40      0.99984206   2.1740279e-05
      2090.50      0.99984207   2.1736508e-05
      2090.60      0.99984209   2.1732737e-05
      2090.70      0.99984210   2.1728976e-05
      2090.80      0.99984212   2.1725019e-05
      2090.90      0.99984213   2.1721446e-05
      2091.00      0.99984215   2.1717491e-05
      2091.10      0.99984216   2.1713723e-05
      2091.20      0.99984217   2.1709965e-05
      2091.30      0.99984219   2.1706199e-05
      2091.40      0.99984220   2.1702442e-05
      2091.50      0.99984222   2.1698677e-05
      2091.60      0.99984223   2.1694913e-05
      2091.70      0.99984225   2.1691158e-05
      2091.80      0.99984226   2.1687395e-05
      2091.90      0.99984227   2.1683641e-05
      2092.00      0.99984229   2.1679879e-05
      2092.10      0.99984230   2.1676118e-05
      2092.20      0.99984232   2.1672366e-05
      2092.30      0.99984233   2.1668606e-05
      2092.40      0.99984235   2.1664855e-05
      2092.50      0.99984236   2.1661096e-05
      2092.60      0.99984237   2.1657338e-05
      2092.70      0.99984239   2.1653589e-05
      2092.80      0.99984240   2.1649832e-05
      2092.90      0.99984242   2.1646085e-05
      2093.00      0.99984243   2.1642329e-05
      2093.10      0.99984245   2.1638761e-05
      2093.20      0.99984246   2.1635015e-05
      2093.30      0.99984247   2.1631074e-05
      2093.40      0.99984249   2.1627517e-05
      2093.50      0.99984250   2.1623764e-05
      2093.60      0.99984252   2.1620012e-05
      2093.70      0.99984253   2.1616270e-05
      2093.80      0.99984255   2.1612519e-05
      2093.90      0.99984256   2.1608778e-05
      2094.00      0.99984257   2.1605028e-05
      2094.10      0.99984259   2.1601279e-05
      2094.20      0.99984260   2.1597539e-05
      2094.30      0.99984262   2.1593792e-05
      2094.40      0.99984263   2.1590053e-05
      2094.50      0.99984264   2.1586307e-05
      2094.60      0.99984266   2.1582747e-05
      2094.70      0.99984267   2.1578825e-05
      2094.80      0.99984269   2.1575080e-05
      2094.90      0.99984270   2.1571345e-05
      2095.00      0.99984272   2.1567601e-05
      2095.10      0.99984273   2.1563858e-05
      2095.20      0.99984274   2.1560125e-05
      2095.30      0.99984276   2.1556383e-05
      2095.40      0.99984277   2.1552651e-05
      2095.50      0.99984279   2.1548911e-05
      2095.60      0.99984280   2.1545171e-05
      2095.70      0.99984282   2.1541441e-05
      2095.80      0.99984283   2.1537702e-05
      2095.90      0.99984284   2.1533787e-05
      2096.00      0.99984286   2.1530236e-05
      2096.10      0.99984287   2.1526499e-05
      2096.20      0.99984289   2.1522772e-05
      2096.30      0.99984290   2.1519037e-05
      2096.40      0.99984291   2.1515311e-05
      2096.50      0.99984293   2.1511577e-05
      2096.60      0.99984294   2.1507843e-05
      2096.70      0.99984296   2.1504119e-05
      2096.80      0.99984297   2.1500387e-05
      2096.90      0.99984299   2.1496664e-05
      2097.00      0.99984300   2.1492933e-05
      2097.10      0.99984301   2.1489202e-05
      2097.20      0.99984303   2.1485481e-05
      2097.30      0.99984304   2.1481752e-05
      2097.40      0.99984306   2.1478032e-05
      2097.50      0.99984307   2.1474304e-05
      2097.60      0.99984309   2.1470762e-05
      2097.70      0.99984310   2.1467045e-05
      2097.80      0.99984311   2.1463318e-05
      2097.90      0.99984313   2.1459602e-05
      2098.00      0.99984314   2.1455876e-05
      2098.10      0.99984316   2.1452152e-05
      2098.20      0.99984317   2.1448437e-05
      2098.30      0.99984318   2.1444714e-05
      2098.40      0.99984320   2.1441186e-05
      2098.50      0.99984321   2.1437464e-05
      2098.60      0.99984323   2.1433743e-05
      2098.70      0.99984324   2.1430031e-05
      2098.80      0.99984325   2.1426311e-05
      2098.90      0.99984327   2.1422600e-05
      2099.00      0.99984328   2.1418881e-05
      2099.10      0.99984330   2.1415349e-05
      2099.20      0.99984331   2.1411640e-05
      2099.30      0.99984333   2.1407923e-05
      2099.40      0.99984334   2.1404215e-05
      2099.50      0.99984335   2.1400499e-05
      2099.60      0.99984337   2.1396784e-05
      2099.70      0.99984338   2.1393078e-05
      2099.80      0.99984340   2.1389364e-05
      2099.90      0.99984341   2.1385660e-05
      2100.00      0.99984342   2.1382133e-05
      2100.10      0.99984344   2.1378420e-05
      2100.20      0.99984345   2.1374718e-05
      2100.30      0.99984347   2.1371006e-05
      2100.40      0.99984348   2.1367305e-05
      2100.50      0.99984349   2.1363595e-05
      2100.60      0.99984351   2.1359886e-05
      2100.70      0.99984352   2.1356186e-05
      2100.80      0.99984354   2.1352664e-05
      2100.90      0.99984355   2.1348965e-05
      2101.00      0.99984357   2.1345259e-05
      2101.10      0.99984358   2.1341552e-05
      2101.20      0.99984359   2.1337856e-05
      2101.30      0.99984361   2.1334151e-05
      2101.40      0.99984362   2.1330455e-05
      2101.50      0.99984364   2.1326751e-05
      2101.60      0.99984365   2.1323048e-05
      2101.70      0.99984366   2.1319355e-05
      2101.80      0.99984368   2.1315838e-05
      2101.90      0.99984369   2.1312146e-05
      2102.00      0.99984371   2.1308445e-05
      2102.10      0.99984372   2.1304745e-05
      2102.20      0.99984373   2.1301054e-05
      2102.30      0.99984375   2.1297355e-05
      2102.40      0.99984376   2.1293666e-05
      2102.50      0.99984378   2.1289968e-05
      2102.60      0.99984379   2.1286271e-05
      2102.70      0.99984380   2.1282769e-05
      2102.80      0.99984382   2.1278887e-05
      2102.90      0.99984383   2.1275386e-05
      2103.00      0.99984385   2.1271692e-05
      2103.10      0.99984386   2.1267997e-05
      2103.20      0.99984387   2.1264313e-05
      2103.30      0.99984389   2.1260620e-05
      2103.40      0.99984390   2.1256937e-05
      2103.50      0.99984392   2.1253245e-05
      2103.60      0.99984393   2.1249554e-05
      2103.70      0.99984395   2.1245872e-05
      2103.80      0.99984396   2.1242183e-05
      2103.90      0.99984397   2.1238687e-05
      2104.00      0.99984399   2.1234999e-05
      2104.10      0.99984400   2.1231126e-05
      2104.20      0.99984402   2.1227632e-05
      2104.30      0.99984403   2.1223945e-05
      2104.40      0.99984404   2.1220268e-05
      2104.50      0.99984406   2.1216582e-05
      2104.60      0.99984407   2.1213082e-05
      2104.70      0.99984409   2.1209222e-05
      2104.80      0.99984410   2.1205538e-05
      2104.90      0.99984411   2.1201863e-05
      2105.00      0.99984413   2.1198366e-05
      2105.10      0.99984414   2.1194499e-05
      2105.20      0.99984416   2.1191011e-05
      2105.30      0.99984417   2.1187330e-05
      2105.40      0.99984418   2.1183474e-05
      2105.50      0.99984420   2.1179979e-05
      2105.60      0.99984421   2.1176300e-05
      2105.70      0.99984423   2.1172631e-05
      2105.80      0.99984424   2.1168953e-05
      2105.90      0.99984425   2.1165285e-05
      2106.00      0.99984427   2.1161608e-05
      2106.10      0.99984428   2.1157932e-05
      2106.20      0.99984430   2.1154265e-05
      2106.30      0.99984431   2.1150591e-05
      2106.40      0.99984432   2.1146925e-05
      2106.50      0.99984434   2.1143252e-05
      2106.60      0.99984435   2.1139579e-05
      2106.70      0.99984437   2.1136100e-05
      2106.80      0.99984438   2.1132428e-05
      2106.90      0.99984439   2.1128766e-05
      2107.00      0.99984441   2.1125095e-05
      2107.10      0.99984442   2.1121425e-05
      2107.20      0.99984444   2.1117765e-05
      2107.30      0.99984445   2.1114096e-05
      2107.40      0.99984446   2.1110436e-05
      2107.50      0.99984448   2.1106953e-05
      2107.60      0.99984449   2.1103102e-05
      2107.70      0.99984451   2.1099444e-05
      2107.80      0.99984452   2.1095963e-05
      2107.90      0.99984453   2.1092307e-05
      2108.00      0.99984455   2.1088642e-05
      2108.10      0.99984456   2.1084978e-05
      2108.20      0.99984458   2.1081323e-05
      2108.30      0.99984459   2.1077845e-05
      2108.40      0.99984460   2.1074192e-05
      2108.50      0.99984462   2.1070530e-05
      2108.60      0.99984463   2.1066869e-05
      2108.70      0.99984465   2.1063401e-05
      2108.80      0.99984466   2.1059742e-05
      2108.90      0.99984467   2.1056091e-05
      2109.00      0.99984469   2.1052433e-05
      2109.10      0.99984470   2.1048775e-05
      2109.20      0.99984472   2.1045126e-05
      2109.30      0.99984473   2.1041653e-05
      2109.40      0.99984474   2.1038006e-05
      2109.50      0.99984476   2.1034534e-05
      2109.60      0.99984477   2.1030879e-05
      2109.70      0.99984479   2.1027234e-05
      2109.80      0.99984480   2.1023580e-05
      2109.90      0.99984481   2.1019935e-05
      2110.00      0.99984483   2.1016282e-05
      2110.10      0.99984484   2.1012631e-05
      2110.20      0.99984486   2.1009172e-05
      2110.30      0.99984487   2.1005521e-05
      2110.40      0.99984488   2.1001879e-05
      2110.50      0.99984490   2.0998414e-05
      2110.60      0.99984491   2.0994764e-05
      2110.70      0.99984492   2.0991125e-05
      2110.80      0.99984494   2.0987477e-05
      2110.90      0.99984495   2.0983838e-05
      2111.00      0.99984497   2.0980191e-05
      2111.10      0.99984498   2.0976545e-05
      2111.20      0.99984499   2.0972909e-05
      2111.30      0.99984501   2.0969447e-05
      2111.40      0.99984502   2.0965812e-05
      2111.50      0.99984504   2.0962168e-05
      2111.60      0.99984505   2.0958525e-05
      2111.70      0.99984506   2.0954891e-05
      2111.80      0.99984508   2.0951249e-05
      2111.90      0.99984509   2.0947616e-05
      2112.00      0.99984511   2.0943976e-05
      2112.10      0.99984512   2.0940335e-05
      2112.20      0.99984513   2.0936704e-05
      2112.30      0.99984515   2.0933065e-05
      2112.40      0.99984516   2.0929619e-05
      2112.50      0.99984518   2.0925982e-05
      2112.60      0.99984519   2.0922344e-05
      2112.70      0.99984520   2.0918716e-05
      2112.80      0.99984522   2.0915264e-05
      2112.90      0.99984523   2.0911637e-05
      2113.00      0.99984524   2.0908002e-05
      2113.10      0.99984526   2.0904552e-05
      2113.20      0.99984527   2.0900927e-05
      2113.30      0.99984529   2.0897293e-05
      2113.40      0.99984530   2.0893670e-05
      2113.50      0.99984531   2.0890038e-05
      2113.60      0.99984533   2.0886590e-05
      2113.70      0.99984534   2.0882968e-05
      2113.80      0.99984536   2.0879521e-05
      2113.90      0.99984537   2.0875900e-05
      2114.00      0.99984538   2.0872271e-05
      2114.10      0.99984540   2.0868643e-05
      2114.20      0.99984541   2.0865207e-05
      2114.30      0.99984543   2.0861580e-05
      2114.40      0.99984544   2.0857962e-05
      2114.50      0.99984545   2.0854336e-05
      2114.60      0.99984547   2.0850894e-05
      2114.70      0.99984548   2.0847277e-05
      2114.80      0.99984549   2.0843653e-05
      2114.90      0.99984551   2.0840038e-05
      2115.00      0.99984552   2.0836598e-05
      2115.10      0.99984554   2.0832976e-05
      2115.20      0.99984555   2.0829546e-05
      2115.30      0.99984556   2.0825924e-05
      2115.40      0.99984558   2.0822312e-05
      2115.50      0.99984559   2.0818875e-05
      2115.60      0.99984561   2.0815256e-05
      2115.70      0.99984562   2.0811645e-05
      2115.80      0.99984563   2.0808210e-05
      2115.90      0.99984565   2.0804601e-05
      2116.00      0.99984566   2.0800983e-05
      2116.10      0.99984567   2.0797367e-05
      2116.20      0.99984569   2.0793759e-05
      2116.30      0.99984570   2.0790144e-05
      2116.40      0.99984572   2.0786721e-05
      2116.50      0.99984573   2.0783106e-05
      2116.60      0.99984574   2.0779493e-05
      2116.70      0.99984576   2.0776071e-05
      2116.80      0.99984577   2.0772458e-05
      2116.90      0.99984579   2.0768855e-05
      2117.00      0.99984580   2.0765427e-05
      2117.10      0.99984581   2.0761816e-05
      2117.20      0.99984583   2.0758214e-05
      2117.30      0.99984584   2.0754787e-05
      2117.40      0.99984585   2.0751187e-05
      2117.50      0.99984587   2.0747579e-05
      2117.60      0.99984588   2.0743971e-05
      2117.70      0.99984590   2.0740555e-05
      2117.80      0.99984591   2.0736948e-05
      2117.90      0.99984592   2.0733351e-05
      2118.00      0.99984594   2.0729928e-05
      2118.10      0.99984595   2.0726323e-05
      2118.20      0.99984596   2.0722727e-05
      2118.30      0.99984598   2.0719123e-05
      2118.40      0.99984599   2.0715529e-05
      2118.50      0.99984601   2.0712109e-05
      2118.60      0.99984602   2.0708506e-05
      2118.70      0.99984603   2.0704914e-05
      2118.80      0.99984605   2.0701495e-05
      2118.90      0.99984606   2.0697904e-05
      2119.00      0.99984607   2.0694304e-05
      2119.10      0.99984609   2.0690705e-05
      2119.20      0.99984610   2.0687297e-05
      2119.30      0.99984612   2.0683699e-05
      2119.40      0.99984613   2.0680111e-05
      2119.50      0.99984614   2.0676514e-05
      2119.60      0.99984616   2.0673100e-05
      2119.70      0.99984617   2.0669513e-05
      2119.80      0.99984619   2.0665918e-05
      2119.90      0.99984620   2.0662332e-05
      2120.00      0.99984621   2.0658920e-05
      2120.10      0.99984623   2.0655327e-05
      2120.20      0.99984624   2.0651743e-05
      2120.30      0.99984625   2.0648151e-05
      2120.40      0.99984627   2.0644750e-05
      2120.50      0.99984628   2.0641159e-05
      2120.60      0.99984630   2.0637569e-05
      2120.70      0.99984631   2.0634170e-05
      2120.80      0.99984632   2.0630580e-05
      2120.90      0.99984634   2.0627001e-05
      2121.00      0.99984635   2.0623412e-05
      2121.10      0.99984636   2.0620007e-05
      2121.20      0.99984638   2.0616247e-05
      2121.30      0.99984639   2.0612842e-05
      2121.40      0.99984641   2.0609265e-05
      2121.50      0.99984642   2.0605680e-05
      2121.60      0.99984643   2.0602277e-05
      2121.70      0.99984645   2.0598702e-05
      2121.80      0.99984646   2.0595119e-05
      2121.90      0.99984647   2.0591544e-05
      2122.00      0.99984649   2.0587962e-05
      2122.10      0.99984650   2.0584562e-05
      2122.20      0.99984652   2.0580990e-05
      2122.30      0.99984653   2.0577409e-05
      2122.40      0.99984654   2.0573838e-05
      2122.50      0.99984656   2.0570440e-05
      2122.60      0.99984657   2.0566861e-05
      2122.70      0.99984658   2.0563292e-05
      2122.80      0.99984660   2.0559714e-05
      2122.90      0.99984661   2.0556327e-05
      2123.00      0.99984662   2.0552751e-05
      2123.10      0.99984664   2.0549175e-05
      2123.20      0.99984665   2.0545790e-05
      2123.30      0.99984667   2.0542215e-05
      2123.40      0.99984668   2.0538650e-05
      2123.50      0.99984669   2.0535076e-05
      2123.60      0.99984671   2.0531685e-05
      2123.70      0.99984672   2.0528121e-05
      2123.80      0.99984673   2.0524549e-05
      2123.90      0.99984675   2.0520986e-05
      2124.00      0.99984676   2.0517597e-05
      2124.10      0.99984678   2.0514027e-05
      2124.20      0.99984679   2.0510466e-05
      2124.30      0.99984680   2.0507079e-05
      2124.40      0.99984682   2.0503519e-05
      2124.50      0.99984683   2.0499951e-05
      2124.60      0.99984684   2.0496565e-05
      2124.70      0.99984686   2.0493007e-05
      2124.80      0.99984687   2.0489623e-05
      2124.90      0.99984689   2.0486066e-05
      2125.00      0.99984690   2.0482682e-05
      2125.10      0.99984691   2.0479118e-05
      2125.20      0.99984693   2.0475563e-05
      2125.30      0.99984694   2.0472181e-05
      2125.40      0.99984695   2.0468627e-05
      2125.50      0.99984697   2.0465064e-05
      2125.60      0.99984698   2.0461684e-05
      2125.70      0.99984700   2.0458132e-05
      2125.80      0.99984701   2.0454753e-05
      2125.90      0.99984702   2.0451202e-05
      2126.00      0.99984704   2.0447642e-05
      2126.10      0.99984705   2.0444265e-05
      2126.20      0.99984706   2.0440715e-05
      2126.30      0.99984708   2.0437339e-05
      2126.40      0.99984709   2.0433791e-05
      2126.50      0.99984710   2.0430416e-05
      2126.60      0.99984712   2.0426860e-05
      2126.70      0.99984713   2.0423313e-05
      2126.80      0.99984715   2.0419939e-05
      2126.90      0.99984716   2.0416394e-05
      2127.00      0.99984717   2.0412840e-05
      2127.10      0.99984719   2.0409288e-05
      2127.20      0.99984720   2.0405925e-05
      2127.30      0.99984721   2.0402373e-05
      2127.40      0.99984723   2.0398830e-05
      2127.50      0.99984724   2.0395279e-05
      2127.60      0.99984725   2.0391910e-05
      2127.70      0.99984727   2.0388369e-05
      2127.80      0.99984728   2.0384821e-05
      2127.90      0.99984730   2.0381462e-05
      2128.00      0.99984731   2.0377914e-05
      2128.10      0.99984732   2.0374367e-05
      2128.20      0.99984734   2.0370828e-05
      2128.30      0.99984735   2.0367463e-05
      2128.40      0.99984736   2.0363926e-05
      2128.50      0.99984738   2.0360562e-05
      2128.60      0.99984739   2.0357018e-05
      2128.70      0.99984740   2.0353483e-05
      2128.80      0.99984742   2.0350120e-05
      2128.90      0.99984743   2.0346586e-05
      2129.00      0.99984745   2.0343044e-05
      2129.10      0.99984746   2.0339683e-05
      2129.20      0.99984747   2.0336151e-05
      2129.30      0.99984749   2.0332791e-05
      2129.40      0.99984750   2.0329260e-05
      2129.50      0.99984751   2.0325901e-05
      2129.60      0.99984753   2.0322362e-05
      2129.70      0.99984754   2.0318833e-05
      2129.80      0.99984755   2.0315476e-05
      2129.90      0.99984757   2.0312128e-05
      2130.00      0.99984758   2.0308592e-05
      2130.10      0.99984760   2.0305056e-05
      2130.20      0.99984761   2.0301710e-05
      2130.30      0.99984762   2.0298175e-05
      2130.40      0.99984764   2.0294830e-05
      2130.50      0.99984765   2.0291296e-05
      2130.60      0.99984766   2.0287944e-05
      2130.70      0.99984768   2.0284420e-05
      2130.80      0.99984769   2.0280888e-05
      2130.90      0.99984770   2.0277545e-05
      2131.00      0.99984772   2.0274195e-05
      2131.10      0.99984773   2.0270665e-05
      2131.20      0.99984774   2.0267144e-05
      2131.30      0.99984776   2.0263795e-05
      2131.40      0.99984777   2.0260275e-05
      2131.50      0.99984779   2.0256747e-05
      2131.60      0.99984780   2.0253400e-05
      2131.70      0.99984781   2.0250062e-05
      2131.80      0.99984783   2.0246536e-05
      2131.90      0.99984784   2.0243019e-05
      2132.00      0.99984785   2.0239494e-05
      2132.10      0.99984787   2.0236150e-05
      2132.20      0.99984788   2.0232634e-05
      2132.30      0.99984789   2.0229111e-05
      2132.40      0.99984791   2.0225776e-05
      2132.50      0.99984792   2.0222254e-05
      2132.60      0.99984793   2.0218732e-05
      2132.70      0.99984795   2.0215220e-05
      2132.80      0.99984796   2.0211879e-05
      2132.90      0.99984797   2.0208368e-05
      2133.00      0.99984799   2.0204848e-05
      2133.10      0.99984800   2.0201330e-05
      2133.20      0.99984802   2.0198000e-05
      2133.30      0.99984803   2.0194482e-05
      2133.40      0.99984804   2.0190973e-05
      2133.50      0.99984806   2.0187457e-05
      2133.60      0.99984807   2.0183941e-05
      2133.70      0.99984808   2.0180614e-05
      2133.80      0.99984810   2.0177099e-05
      2133.90      0.99984811   2.0173593e-05
      2134.00      0.99984812   2.0170259e-05
      2134.10      0.99984814   2.0166746e-05
      2134.20      0.99984815   2.0163242e-05
      2134.30      0.99984816   2.0159730e-05
      2134.40      0.99984818   2.0156406e-05
      2134.50      0.99984819   2.0152896e-05
      2134.60      0.99984821   2.0149385e-05
      2134.70      0.99984822   2.0146064e-05
      2134.80      0.99984823   2.0142554e-05
      2134.90      0.99984825   2.0139234e-05
      2135.00      0.99984826   2.0135726e-05
      2135.10      0.99984827   2.0132218e-05
      2135.20      0.99984829   2.0128720e-05
      2135.30      0.99984830   2.0125393e-05
      2135.40      0.99984831   2.0121895e-05
      2135.50      0.99984833   2.0118570e-05
      2135.60      0.99984834   2.0115065e-05
      2135.70      0.99984835   2.0111749e-05
      2135.80      0.99984837   2.0108425e-05
      2135.90      0.99984838   2.0104930e-05
      2136.00      0.99984840   2.0101607e-05
      2136.10      0.99984841   2.0098105e-05
      2136.20      0.99984842   2.0094612e-05
      2136.30      0.99984844   2.0091291e-05
      2136.40      0.99984845   2.0087799e-05
      2136.50      0.99984846   2.0084479e-05
      2136.60      0.99984848   2.0081160e-05
      2136.70      0.99984849   2.0077849e-05
      2136.80      0.99984850   2.0074351e-05
      2136.90      0.99984852   2.0071041e-05
      2137.00      0.99984853   2.0067544e-05
      2137.10      0.99984854   2.0064227e-05
      2137.20      0.99984856   2.0060740e-05
      2137.30      0.99984857   2.0057424e-05
      2137.40      0.99984858   2.0054117e-05
      2137.50      0.99984860   2.0050623e-05
      2137.60      0.99984861   2.0047309e-05
      2137.70      0.99984862   2.0043824e-05
      2137.80      0.99984864   2.0040511e-05
      2137.90      0.99984865   2.0037206e-05
      2138.00      0.99984866   2.0033894e-05
      2138.10      0.99984868   2.0030403e-05
      2138.20      0.99984869   2.0026922e-05
      2138.30      0.99984871   2.0023611e-05
      2138.40      0.99984872   2.0020309e-05
      2138.50      0.99984873   2.0016821e-05
      2138.60      0.99984875   2.0013333e-05
      2138.70      0.99984876   2.0010033e-05
      2138.80      0.99984877   2.0006725e-05
      2138.90      0.99984879   2.0003247e-05
      2139.00      0.99984880   1.9999761e-05
      2139.10      0.99984881   1.9996455e-05
      2139.20      0.99984883   1.9993158e-05
      2139.30      0.99984884   1.9989674e-05
      2139.40      0.99984885   1.9986199e-05
      2139.50      0.99984887   1.9982895e-05
      2139.60      0.99984888   1.9979591e-05
      2139.70      0.99984889   1.9976118e-05
      2139.80      0.99984891   1.9972636e-05
      2139.90      0.99984892   1.9969343e-05
      2140.00      0.99984893   1.9965862e-05
      2140.10      0.99984895   1.9962383e-05
      2140.20      0.99984896   1.9959091e-05
      2140.30      0.99984897   1.9955612e-05
      2140.40      0.99984899   1.9952321e-05
      2140.50      0.99984900   1.9948844e-05
      2140.60      0.99984901   1.9945367e-05
      2140.70      0.99984903   1.9942078e-05
      2140.80      0.99984904   1.9938602e-05
      2140.90      0.99984905   1.9935314e-05
      2141.00      0.99984907   1.9931839e-05
      2141.10      0.99984908   1.9928365e-05
      2141.20      0.99984909   1.9925078e-05
      2141.30      0.99984911   1.9921606e-05
      2141.40      0.99984912   1.9918320e-05
      2141.50      0.99984914   1.9914848e-05
      2141.60      0.99984915   1.9911555e-05
      2141.70      0.99984916   1.9908093e-05
      2141.80      0.99984918   1.9904623e-05
      2141.90      0.99984919   1.9901340e-05
      2142.00      0.99984920   1.9897871e-05
      2142.10      0.99984922   1.9894581e-05
      2142.20      0.99984923   1.9891300e-05
      2142.30      0.99984924   1.9887832e-05
      2142.40      0.99984926   1.9884552e-05
      2142.50      0.99984927   1.9881086e-05
      2142.60      0.99984928   1.9877798e-05
      2142.70      0.99984930   1.9874341e-05
      2142.80      0.99984931   1.9871055e-05
      2142.90      0.99984932   1.9867599e-05
      2143.00      0.99984934   1.9864314e-05
      2143.10      0.99984935   1.9860851e-05
      2143.20      0.99984936   1.9857575e-05
      2143.30      0.99984938   1.9854113e-05
      2143.40      0.99984939   1.9850838e-05
      2143.50      0.99984940   1.9847377e-05
      2143.60      0.99984942   1.9844095e-05
      2143.70      0.99984943   1.9840644e-05
      2143.80      0.99984944   1.9837363e-05
      2143.90      0.99984946   1.9834091e-05
      2144.00      0.99984947   1.9830811e-05
      2144.10      0.99984948   1.9827354e-05
      2144.20      0.99984950   1.9824083e-05
      2144.30      0.99984951   1.9820627e-05
      2144.40      0.99984952   1.9817357e-05
      2144.50      0.99984954   1.9813902e-05
      2144.60      0.99984955   1.9810625e-05
      2144.70      0.99984956   1.9807179e-05
      2144.80      0.99984958   1.9803725e-05
      2144.90      0.99984959   1.9800458e-05
      2145.00      0.99984960   1.9797006e-05
      2145.10      0.99984962   1.9793732e-05
      2145.20      0.99984963   1.9790289e-05
      2145.30      0.99984964   1.9786838e-05
      2145.40      0.99984966   1.9783573e-05
      2145.50      0.99984967   1.9780124e-05
      2145.60      0.99984968   1.9776852e-05
      2145.70      0.99984970   1.9773412e-05
      2145.80      0.99984971   1.9770142e-05
      2145.90      0.99984972   1.9766880e-05
      2146.00      0.99984974   1.9763433e-05
      2146.10      0.99984975   1.9759986e-05
      2146.20      0.99984976   1.9756726e-05
      2146.30      0.99984978   1.9753281e-05
      2146.40      0.99984979   1.9750022e-05
      2146.50      0.99984980   1.9746578e-05
      2146.60      0.99984982   1.9743312e-05
      2146.70      0.99984983   1.9739877e-05
      2146.80      0.99984984   1.9736612e-05
      2146.90      0.99984986   1.9733178e-05
      2147.00      0.99984987   1.9729914e-05
      2147.10      0.99984988   1.9726473e-05
      2147.20      0.99984990   1.9723218e-05
      2147.30      0.99984991   1.9719956e-05
      2147.40      0.99984992   1.9716525e-05
      2147.50      0.99984994   1.9713264e-05
      2147.60      0.99984995   1.9710003e-05
      2147.70      0.99984996   1.9706573e-05
      2147.80      0.99984998   1.9703314e-05
      2147.90      0.99984999   1.9699885e-05
      2148.00      0.99985000   1.9696626e-05
      2148.10      0.99985002   1.9693191e-05
      2148.20      0.99985003   1.9689941e-05
      2148.30      0.99985004   1.9686684e-05
      2148.40      0.99985006   1.9683259e-05
      2148.50      0.99985007   1.9680003e-05
      2148.60      0.99985008   1.9676747e-05
      2148.70      0.99985010   1.9673323e-05
      2148.80      0.99985011   1.9670069e-05
      2148.90      0.99985012   1.9666646e-05
      2149.00      0.99985014   1.9663392e-05
      2149.10      0.99985015   1.9660140e-05
      2149.20      0.99985016   1.9656718e-05
      2149.30      0.99985018   1.9653466e-05
      2149.40      0.99985019   1.9650046e-05
      2149.50      0.99985020   1.9646795e-05
      2149.60      0.99985022   1.9643545e-05
      2149.70      0.99985023   1.9640126e-05
      2149.80      0.99985024   1.9636877e-05
      2149.90      0.99985026   1.9633637e-05
      2150.00      0.99985027   1.9630389e-05
      2150.10      0.99985028   1.9626964e-05
      2150.20      0.99985030   1.9623725e-05
      2150.30      0.99985031   1.9620302e-05
      2150.40      0.99985032   1.9617064e-05
      2150.50      0.99985034   1.9613641e-05
      2150.60      0.99985035   1.9610396e-05
      2150.70      0.99985036   1.9607160e-05
      2150.80      0.99985038   1.9603739e-05
      2150.90      0.99985039   1.9600504e-05
      2151.00      0.99985040   1.9597084e-05
      2151.10      0.99985042   1.9593842e-05
      2151.20      0.99985043   1.9590608e-05
      2151.30      0.99985044   1.9587190e-05
      2151.40      0.99985046   1.9583957e-05
      2151.50      0.99985047   1.9580540e-05
      2151.60      0.99985048   1.9577301e-05
      2151.70      0.99985050   1.9574069e-05
      2151.80      0.99985051   1.9570654e-05
      2151.90      0.99985052   1.9567424e-05
      2152.00      0.99985054   1.9564186e-05
      2152.10      0.99985055   1.9560772e-05
      2152.20      0.99985056   1.9557544e-05
      2152.30      0.99985057   1.9554131e-05
      2152.40      0.99985059   1.9550904e-05
      2152.50      0.99985060   1.9547492e-05
      2152.60      0.99985061   1.9544258e-05
      2152.70      0.99985063   1.9541032e-05
      2152.80      0.99985064   1.9537622e-05
      2152.90      0.99985065   1.9534397e-05
      2153.00      0.99985067   1.9530988e-05
      2153.10      0.99985068   1.9527756e-05
      2153.20      0.99985069   1.9524533e-05
      2153.30      0.99985071   1.9521125e-05
      2153.40      0.99985072   1.9517903e-05
      2153.50      0.99985073   1.9514497e-05
      2153.60      0.99985075   1.9511268e-05
      2153.70      0.99985076   1.9507871e-05
      2153.80      0.99985077   1.9504642e-05
      2153.90      0.99985079   1.9501423e-05
      2154.00      0.99985080   1.9498019e-05
      2154.10      0.99985081   1.9494793e-05
      2154.20      0.99985083   1.9491398e-05
      2154.30      0.99985084   1.9488173e-05
      2154.40      0.99985085   1.9484956e-05
      2154.50      0.99985087   1.9481555e-05
      2154.60      0.99985088   1.9478331e-05
      2154.70      0.99985089   1.9474939e-05
      2154.80      0.99985091   1.9471716e-05
      2154.90      0.99985092   1.9468325e-05
      2155.00      0.99985093   1.9465103e-05
      2155.10      0.99985094   1.9461706e-05
      2155.20      0.99985096   1.9458493e-05
      2155.30      0.99985097   1.9455272e-05
      2155.40      0.99985098   1.9451884e-05
      2155.50      0.99985100   1.9448665e-05
      2155.60      0.99985101   1.9445270e-05
      2155.70      0.99985102   1.9442060e-05
      2155.80      0.99985104   1.9438666e-05
      2155.90      0.99985105   1.9435457e-05
      2156.00      0.99985106   1.9432240e-05
      2156.10      0.99985108   1.9428848e-05
      2156.20      0.99985109   1.9425640e-05
      2156.30      0.99985110   1.9422249e-05
      2156.40      0.99985112   1.9419042e-05
      2156.50      0.99985113   1.9415652e-05
      2156.60      0.99985114   1.9412438e-05
      2156.70      0.99985116   1.9409057e-05
      2156.80      0.99985117   1.9405845e-05
      2156.90      0.99985118   1.9402641e-05
      2157.00      0.99985119   1.9399253e-05
      2157.10      0.99985121   1.9396042e-05
      2157.20      0.99985122   1.9392664e-05
      2157.30      0.99985123   1.9389454e-05
      2157.40      0.99985125   1.9386076e-05
      2157.50      0.99985126   1.9382868e-05
      2157.60      0.99985127   1.9379483e-05
      2157.70      0.99985129   1.9376283e-05
      2157.80      0.99985130   1.9373076e-05
      2157.90      0.99985131   1.9369701e-05
      2158.00      0.99985133   1.9366495e-05
      2158.10      0.99985134   1.9363113e-05
      2158.20      0.99985135   1.9359916e-05
      2158.30      0.99985137   1.9356711e-05
      2158.40      0.99985138   1.9353339e-05
      2158.50      0.99985139   1.9349960e-05
      2158.60      0.99985141   1.9346757e-05
      2158.70      0.99985142   1.9343386e-05
      2158.80      0.99985143   1.9340184e-05
      2158.90      0.99985144   1.9336990e-05
      2159.00      0.99985146   1.9333789e-05
      2159.10      0.99985147   1.9330413e-05
      2159.20      0.99985148   1.9327045e-05
      2159.30      0.99985150   1.9323846e-05
      2159.40      0.99985151   1.9320479e-05
      2159.50      0.99985152   1.9317280e-05
      2159.60      0.99985154   1.9313907e-05
      2159.70      0.99985155   1.9310717e-05
      2159.80      0.99985156   1.9307520e-05
      2159.90      0.99985158   1.9304156e-05
      2160.00      0.99985159   1.9300960e-05
      2160.10      0.99985160   1.9297765e-05
      2160.20      0.99985162   1.9294402e-05
      2160.30      0.99985163   1.9291208e-05
      2160.40      0.99985164   1.9288022e-05
      2160.50      0.99985166   1.9284829e-05
      2160.60      0.99985167   1.9281460e-05
      2160.70      0.99985168   1.9278276e-05
      2160.80      0.99985169   1.9275084e-05
      2160.90      0.99985171   1.9271901e-05
      2161.00      0.99985172   1.9268535e-05
      2161.10      0.99985173   1.9265344e-05
      2161.20      0.99985175   1.9262162e-05
      2161.30      0.99985176   1.9258798e-05
      2161.40      0.99985177   1.9255617e-05
      2161.50      0.99985179   1.9252429e-05
      2161.60      0.99985180   1.9249066e-05
      2161.70      0.99985181   1.9245886e-05
      2161.80      0.99985183   1.9242700e-05
      2161.90      0.99985184   1.9239522e-05
      2162.00      0.99985185   1.9236336e-05
      2162.10      0.99985186   1.9232976e-05
      2162.20      0.99985188   1.9229799e-05
      2162.30      0.99985189   1.9226439e-05
      2162.40      0.99985190   1.9223264e-05
      2162.50      0.99985192   1.9220081e-05
      2162.60      0.99985193   1.9216898e-05
      2162.70      0.99985194   1.9213549e-05
      2162.80      0.99985196   1.9210367e-05
      2162.90      0.99985197   1.9207019e-05
      2163.00      0.99985198   1.9203838e-05
      2163.10      0.99985200   1.9200483e-05
      2163.20      0.99985201   1.9197312e-05
      2163.30      0.99985202   1.9194133e-05
      2163.40      0.99985203   1.9190787e-05
      2163.50      0.99985205   1.9187609e-05
      2163.60      0.99985206   1.9184431e-05
      2163.70      0.99985207   1.9181087e-05
      2163.80      0.99985209   1.9177911e-05
      2163.90      0.99985210   1.9174568e-05
      2164.00      0.99985211   1.9171393e-05
      2164.10      0.99985213   1.9168218e-05
      2164.20      0.99985214   1.9164876e-05
      2164.30      0.99985215   1.9161702e-05
      2164.40      0.99985217   1.9158362e-05
      2164.50      0.99985218   1.9155364e-05
      2164.60      0.99985219   1.9152017e-05
      2164.70      0.99985220   1.9148678e-05
      2164.80      0.99985222   1.9145507e-05
      2164.90      0.99985223   1.9142344e-05
      2165.00      0.99985224   1.9139173e-05
      2165.10      0.99985226   1.9135829e-05
      2165.20      0.99985227   1.9132667e-05
      2165.30      0.99985228   1.9129499e-05
      2165.40      0.99985230   1.9126338e-05
      2165.50      0.99985231   1.9123170e-05
      2165.60      0.99985232   1.9119828e-05
      2165.70      0.99985234   1.9116669e-05
      2165.80      0.99985235   1.9113503e-05
      2165.90      0.99985236   1.9110345e-05
      2166.00      0.99985237   1.9107180e-05
      2166.10      0.99985239   1.9103841e-05
      2166.20      0.99985240   1.9100684e-05
      2166.30      0.99985241   1.9097521e-05
      2166.40      0.99985243   1.9094191e-05
      2166.50      0.99985244   1.9091028e-05
      2166.60      0.99985245   1.9087866e-05
      2166.70      0.99985247   1.9084712e-05
      2166.80      0.99985248   1.9081376e-05
      2166.90      0.99985249   1.9078223e-05
      2167.00      0.99985250   1.9075063e-05
      2167.10      0.99985252   1.9071904e-05
      2167.20      0.99985253   1.9068752e-05
      2167.30      0.99985254   1.9065419e-05
      2167.40      0.99985256   1.9062443e-05
      2167.50      0.99985257   1.9059111e-05
      2167.60      0.99985258   1.9055954e-05
      2167.70      0.99985260   1.9052631e-05
      2167.80      0.99985261   1.9049649e-05
      2167.90      0.99985262   1.9046327e-05
      2168.00      0.99985263   1.9043172e-05
      2168.10      0.99985265   1.9039843e-05
      2168.20      0.99985266   1.9036871e-05
      2168.30      0.99985267   1.9033543e-05
      2168.40      0.99985269   1.9030398e-05
      2168.50      0.99985270   1.9027245e-05
      2168.60      0.99985271   1.9024093e-05
      2168.70      0.99985273   1.9020775e-05
      2168.80      0.99985274   1.9017624e-05
      2168.90      0.99985275   1.9014481e-05
      2169.00      0.99985276   1.9011331e-05
      2169.10      0.99985278   1.9008007e-05
      2169.20      0.99985279   1.9004866e-05
      2169.30      0.99985280   1.9001718e-05
      2169.40      0.99985282   1.8998577e-05
      2169.50      0.99985283   1.8995430e-05
      2169.60      0.99985284   1.8992109e-05
      2169.70      0.99985286   1.8988970e-05
      2169.80      0.99985287   1.8985824e-05
      2169.90      0.99985288   1.8982686e-05
      2170.00      0.99985289   1.8979367e-05
      2170.10      0.99985291   1.8976223e-05
      2170.20      0.99985292   1.8973086e-05
      2170.30      0.99985293   1.8969769e-05
      2170.40      0.99985295   1.8966633e-05
      2170.50      0.99985296   1.8963491e-05
      2170.60      0.99985297   1.8960349e-05
      2170.70      0.99985299   1.8957215e-05
      2170.80      0.99985300   1.8953900e-05
      2170.90      0.99985301   1.8950768e-05
      2171.00      0.99985302   1.8947628e-05
      2171.10      0.99985304   1.8944488e-05
      2171.20      0.99985305   1.8941183e-05
      2171.30      0.99985306   1.8938045e-05
      2171.40      0.99985308   1.8934914e-05
      2171.50      0.99985309   1.8931777e-05
      2171.60      0.99985310   1.8928466e-05
      2171.70      0.99985311   1.8925337e-05
      2171.80      0.99985313   1.8922201e-05
      2171.90      0.99985314   1.8919073e-05
      2172.00      0.99985315   1.8915765e-05
      2172.10      0.99985317   1.8912630e-05
      2172.20      0.99985318   1.8909504e-05
      2172.30      0.99985319   1.8906197e-05
      2172.40      0.99985320   1.8903072e-05
      2172.50      0.99985322   1.8899939e-05
      2172.60      0.99985323   1.8896807e-05
      2172.70      0.99985324   1.8893510e-05
      2172.80      0.99985326   1.8890552e-05
      2172.90      0.99985327   1.8887256e-05
      2173.00      0.99985328   1.8883953e-05
      2173.10      0.99985330   1.8880997e-05
      2173.20      0.99985331   1.8877702e-05
      2173.30      0.99985332   1.8874574e-05
      2173.40      0.99985333   1.8871453e-05
      2173.50      0.99985335   1.8868326e-05
      2173.60      0.99985336   1.8865025e-05
      2173.70      0.99985337   1.8861907e-05
      2173.80      0.99985339   1.8858607e-05
      2173.90      0.99985340   1.8855663e-05
      2174.00      0.99985341   1.8852364e-05
      2174.10      0.99985342   1.8849240e-05
      2174.20      0.99985344   1.8845950e-05
      2174.30      0.99985345   1.8842827e-05
      2174.40      0.99985346   1.8839712e-05
      2174.50      0.99985348   1.8836589e-05
      2174.60      0.99985349   1.8833294e-05
      2174.70      0.99985350   1.8830180e-05
      2174.80      0.99985351   1.8827059e-05
      2174.90      0.99985353   1.8823946e-05
      2175.00      0.99985354   1.8820653e-05
      2175.10      0.99985355   1.8817534e-05
      2175.20      0.99985357   1.8814422e-05
      2175.30      0.99985358   1.8811304e-05
      2175.40      0.99985359   1.8808193e-05
      2175.50      0.99985361   1.8804903e-05
      2175.60      0.99985362   1.8801786e-05
      2175.70      0.99985363   1.8798677e-05
      2175.80      0.99985364   1.8795561e-05
      2175.90      0.99985366   1.8792280e-05
      2176.00      0.99985367   1.8789165e-05
      2176.10      0.99985368   1.8786051e-05
      2176.20      0.99985370   1.8782944e-05
      2176.30      0.99985371   1.8779831e-05
      2176.40      0.99985372   1.8776552e-05
      2176.50      0.99985373   1.8773440e-05
      2176.60      0.99985375   1.8770328e-05
      2176.70      0.99985376   1.8767224e-05
      2176.80      0.99985377   1.8764113e-05
      2176.90      0.99985379   1.8761010e-05
      2177.00      0.99985380   1.8757900e-05
      2177.10      0.99985381   1.8754618e-05
      2177.20      0.99985382   1.8751689e-05
      2177.30      0.99985384   1.8748580e-05
      2177.40      0.99985385   1.8745480e-05
      2177.50      0.99985386   1.8742199e-05
      2177.60      0.99985388   1.8739265e-05
      2177.70      0.99985389   1.8735993e-05
      2177.80      0.99985390   1.8733060e-05
      2177.90      0.99985391   1.8729789e-05
      2178.00      0.99985393   1.8726684e-05
      2178.10      0.99985394   1.8723580e-05
      2178.20      0.99985395   1.8720483e-05
      2178.30      0.99985397   1.8717207e-05
      2178.40      0.99985398   1.8714111e-05
      2178.50      0.99985399   1.8711009e-05
      2178.60      0.99985400   1.8707906e-05
      2178.70      0.99985402   1.8704812e-05
      2178.80      0.99985403   1.8701711e-05
      2178.90      0.99985404   1.8698618e-05
      2179.00      0.99985405   1.8695345e-05
      2179.10      0.99985407   1.8692246e-05
      2179.20      0.99985408   1.8689154e-05
      2179.30      0.99985409   1.8686055e-05
      2179.40      0.99985411   1.8682965e-05
      2179.50      0.99985412   1.8679694e-05
      2179.60      0.99985413   1.8676597e-05
      2179.70      0.99985414   1.8673508e-05
      2179.80      0.99985416   1.8670239e-05
      2179.90      0.99985417   1.8667151e-05
      2180.00      0.99985418   1.8664056e-05
      2180.10      0.99985420   1.8660961e-05
      2180.20      0.99985421   1.8657875e-05
      2180.30      0.99985422   1.8654781e-05
      2180.40      0.99985423   1.8651695e-05
      2180.50      0.99985425   1.8648430e-05
      2180.60      0.99985426   1.8645338e-05
      2180.70      0.99985427   1.8642253e-05
      2180.80      0.99985429   1.8639162e-05
      2180.90      0.99985430   1.8636079e-05
      2181.00      0.99985431   1.8632989e-05
      2181.10      0.99985432   1.8629726e-05
      2181.20      0.99985434   1.8626645e-05
      2181.30      0.99985435   1.8623556e-05
      2181.40      0.99985436   1.8620475e-05
      2181.50      0.99985438   1.8617387e-05
      2181.60      0.99985439   1.8614300e-05
      2181.70      0.99985440   1.8611220e-05
      2181.80      0.99985441   1.8608134e-05
      2181.90      0.99985443   1.8604884e-05
      2182.00      0.99985444   1.8601798e-05
      2182.10      0.99985445   1.8598713e-05
      2182.20      0.99985446   1.8595636e-05
      2182.30      0.99985448   1.8592552e-05
      2182.40      0.99985449   1.8589304e-05
      2182.50      0.99985450   1.8586221e-05
      2182.60      0.99985452   1.8583139e-05
      2182.70      0.99985453   1.8580064e-05
      2182.80      0.99985454   1.8576983e-05
      2182.90      0.99985455   1.8573738e-05
      2183.00      0.99985457   1.8570657e-05
      2183.10      0.99985458   1.8567577e-05
      2183.20      0.99985459   1.8564505e-05
      2183.30      0.99985460   1.8561254e-05
      2183.40      0.99985462   1.8558183e-05
      2183.50      0.99985463   1.8555105e-05
      2183.60      0.99985464   1.8552027e-05
      2183.70      0.99985466   1.8548786e-05
      2183.80      0.99985467   1.8545881e-05
      2183.90      0.99985468   1.8542641e-05
      2184.00      0.99985469   1.8539565e-05
      2184.10      0.99985471   1.8536318e-05
      2184.20      0.99985472   1.8533423e-05
      2184.30      0.99985473   1.8530177e-05
      2184.40      0.99985475   1.8527110e-05
      2184.50      0.99985476   1.8524037e-05
      2184.60      0.99985477   1.8520793e-05
      2184.70      0.99985478   1.8517728e-05
      2184.80      0.99985480   1.8514656e-05
      2184.90      0.99985481   1.8511593e-05
      2185.00      0.99985482   1.8508522e-05
      2185.10      0.99985483   1.8505452e-05
      2185.20      0.99985485   1.8502389e-05
      2185.30      0.99985486   1.8499320e-05
      2185.40      0.99985487   1.8496087e-05
      2185.50      0.99985489   1.8493191e-05
      2185.60      0.99985490   1.8489951e-05
      2185.70      0.99985491   1.8487063e-05
      2185.80      0.99985492   1.8483824e-05
      2185.90      0.99985494   1.8480766e-05
      2186.00      0.99985495   1.8477700e-05
      2186.10      0.99985496   1.8474634e-05
      2186.20      0.99985497   1.8471577e-05
      2186.30      0.99985499   1.8468512e-05
      2186.40      0.99985500   1.8465456e-05
      2186.50      0.99985501   1.8462393e-05
      2186.60      0.99985503   1.8459158e-05
      2186.70      0.99985504   1.8456274e-05
      2186.80      0.99985505   1.8453212e-05
      2186.90      0.99985506   1.8450158e-05
      2187.00      0.99985508   1.8446926e-05
      2187.10      0.99985509   1.8443866e-05
      2187.20      0.99985510   1.8440984e-05
      2187.30      0.99985511   1.8437753e-05
      2187.40      0.99985513   1.8434702e-05
      2187.50      0.99985514   1.8431643e-05
      2187.60      0.99985515   1.8428585e-05
      2187.70      0.99985517   1.8425535e-05
      2187.80      0.99985518   1.8422478e-05
      2187.90      0.99985519   1.8419428e-05
      2188.00      0.99985520   1.8416372e-05
      2188.10      0.99985522   1.8413316e-05
      2188.20      0.99985523   1.8410269e-05
      2188.30      0.99985524   1.8407214e-05
      2188.40      0.99985525   1.8404167e-05
      2188.50      0.99985527   1.8400942e-05
      2188.60      0.99985528   1.8398060e-05
      2188.70      0.99985529   1.8394843e-05
      2188.80      0.99985530   1.8391791e-05
      2188.90      0.99985532   1.8388747e-05
      2189.00      0.99985533   1.8385695e-05
      2189.10      0.99985534   1.8382644e-05
      2189.20      0.99985536   1.8379601e-05
      2189.30      0.99985537   1.8376380e-05
      2189.40      0.99985538   1.8373509e-05
      2189.50      0.99985539   1.8370289e-05
      2189.60      0.99985541   1.8367241e-05
      2189.70      0.99985542   1.8364371e-05
      2189.80      0.99985543   1.8361153e-05
      2189.90      0.99985544   1.8358113e-05
      2190.00      0.99985546   1.8355067e-05
      2190.10      0.99985547   1.8352021e-05
      2190.20      0.99985548   1.8348982e-05
      2190.30      0.99985549   1.8345937e-05
      2190.40      0.99985551   1.8342900e-05
      2190.50      0.99985552   1.8339685e-05
      2190.60      0.99985553   1.8336812e-05
      2190.70      0.99985555   1.8333776e-05
      2190.80      0.99985556   1.8330563e-05
      2190.90      0.99985557   1.8327528e-05
      2191.00      0.99985558   1.8324486e-05
      2191.10      0.99985560   1.8321445e-05
      2191.20      0.99985561   1.8318412e-05
      2191.30      0.99985562   1.8315371e-05
      2191.40      0.99985563   1.8312339e-05
      2191.50      0.99985565   1.8309300e-05
      2191.60      0.99985566   1.8306090e-05
      2191.70      0.99985567   1.8303059e-05
      2191.80      0.99985568   1.8300021e-05
      2191.90      0.99985570   1.8296991e-05
      2192.00      0.99985571   1.8293954e-05
      2192.10      0.99985572   1.8290918e-05
      2192.20      0.99985574   1.8287889e-05
      2192.30      0.99985575   1.8284854e-05
      2192.40      0.99985576   1.8281656e-05
      2192.50      0.99985577   1.8278621e-05
      2192.60      0.99985579   1.8275757e-05
      2192.70      0.99985580   1.8272731e-05
      2192.80      0.99985581   1.8269528e-05
      2192.90      0.99985582   1.8266502e-05
      2193.00      0.99985584   1.8263470e-05
      2193.10      0.99985585   1.8260438e-05
      2193.20      0.99985586   1.8257415e-05
      2193.30      0.99985587   1.8254384e-05
      2193.40      0.99985589   1.8251361e-05
      2193.50      0.99985590   1.8248331e-05
      2193.60      0.99985591   1.8245132e-05
      2193.70      0.99985592   1.8242280e-05
      2193.80      0.99985594   1.8239252e-05
      2193.90      0.99985595   1.8236232e-05
      2194.00      0.99985596   1.8233204e-05
      2194.10      0.99985597   1.8230177e-05
      2194.20      0.99985599   1.8227158e-05
      2194.30      0.99985600   1.8224132e-05
      2194.40      0.99985601   1.8221114e-05
      2194.50      0.99985603   1.8218089e-05
      2194.60      0.99985604   1.8215065e-05
      2194.70      0.99985605   1.8212048e-05
      2194.80      0.99985606   1.8209024e-05
      2194.90      0.99985608   1.8206009e-05
      2195.00      0.99985609   1.8202986e-05
      2195.10      0.99985610   1.8199964e-05
      2195.20      0.99985611   1.8197119e-05
      2195.30      0.99985613   1.8193928e-05
      2195.40      0.99985614   1.8191085e-05
      2195.50      0.99985615   1.8188065e-05
      2195.60      0.99985616   1.8185045e-05
      2195.70      0.99985618   1.8182033e-05
      2195.80      0.99985619   1.8179014e-05
      2195.90      0.99985620   1.8176003e-05
      2196.00      0.99985621   1.8172985e-05
      2196.10      0.99985623   1.8169968e-05
      2196.20      0.99985624   1.8166958e-05
      2196.30      0.99985625   1.8163942e-05
      2196.40      0.99985626   1.8160933e-05
      2196.50      0.99985628   1.8157917e-05
      2196.60      0.99985629   1.8154902e-05
      2196.70      0.99985630   1.8151895e-05
      2196.80      0.99985631   1.8148881e-05
      2196.90      0.99985633   1.8145875e-05
      2197.00      0.99985634   1.8142861e-05
      2197.10      0.99985635   1.8139849e-05
      2197.20      0.99985636   1.8136844e-05
      2197.30      0.99985638   1.8133832e-05
      2197.40      0.99985639   1.8130828e-05
      2197.50      0.99985640   1.8127817e-05
      2197.60      0.99985641   1.8124807e-05
      2197.70      0.99985643   1.8121805e-05
      2197.80      0.99985644   1.8118625e-05
      2197.90      0.99985645   1.8115624e-05
      2198.00      0.99985647   1.8112615e-05
      2198.10      0.99985648   1.8109607e-05
      2198.20      0.99985649   1.8106607e-05
      2198.30      0.99985650   1.8103600e-05
      2198.40      0.99985652   1.8100601e-05
      2198.50      0.99985653   1.8097765e-05
      2198.60      0.99985654   1.8094589e-05
      2198.70      0.99985655   1.8091592e-05
      2198.80      0.99985657   1.8088587e-05
      2198.90      0.99985658   1.8085590e-05
      2199.00      0.99985659   1.8082756e-05
      2199.10      0.99985660   1.8079753e-05
      2199.20      0.99985662   1.8076588e-05
      2199.30      0.99985663   1.8073586e-05
      2199.40      0.99985664   1.8070760e-05
      2199.50      0.99985665   1.8067759e-05
      2199.60      0.99985667   1.8064758e-05
      2199.70      0.99985668   1.8061765e-05
      2199.80      0.99985669   1.8058765e-05
      2199.90      0.99985670   1.8055773e-05
      2200.00      0.99985672   1.8052774e-05
      2200.10      0.99985673   1.8049775e-05
      2200.20      0.99985674   1.8046615e-05
      2200.30      0.99985675   1.8043787e-05
      2200.40      0.99985677   1.8040797e-05
      2200.50      0.99985678   1.8037801e-05
      2200.60      0.99985679   1.8034804e-05
      2200.70      0.99985680   1.8031816e-05
      2200.80      0.99985682   1.8028821e-05
      2200.90      0.99985683   1.8025833e-05
      2201.00      0.99985684   1.8022839e-05
      2201.10      0.99985685   1.8019676e-05
      2201.20      0.99985687   1.8016690e-05
      2201.30      0.99985688   1.8013697e-05
      2201.40      0.99985689   1.8010712e-05
      2201.50      0.99985690   1.8007720e-05
      2201.60      0.99985692   1.8004728e-05
      2201.70      0.99985693   1.8001745e-05
      2201.80      0.99985694   1.7998754e-05
      2201.90      0.99985695   1.7995771e-05
      2202.00      0.99985697   1.7992782e-05
      2202.10      0.99985698   1.7989624e-05
      2202.20      0.99985699   1.7986811e-05
      2202.30      0.99985700   1.7983823e-05
      2202.40      0.99985702   1.7980674e-05
      2202.50      0.99985703   1.7977855e-05
      2202.60      0.99985704   1.7974868e-05
      2202.70      0.99985705   1.7971721e-05
      2202.80      0.99985707   1.7968904e-05
      2202.90      0.99985708   1.7965926e-05
      2203.00      0.99985709   1.7962772e-05
      2203.10      0.99985710   1.7959956e-05
      2203.20      0.99985712   1.7956811e-05
      2203.30      0.99985713   1.7953996e-05
      2203.40      0.99985714   1.7951020e-05
      2203.50      0.99985715   1.7948038e-05
      2203.60      0.99985717   1.7945055e-05
      2203.70      0.99985718   1.7942081e-05
      2203.80      0.99985719   1.7939100e-05
      2203.90      0.99985720   1.7936126e-05
      2204.00      0.99985721   1.7933315e-05
      2204.10      0.99985723   1.7930167e-05
      2204.20      0.99985724   1.7927363e-05
      2204.30      0.99985725   1.7924384e-05
      2204.40      0.99985726   1.7921413e-05
      2204.50      0.99985728   1.7918435e-05
      2204.60      0.99985729   1.7915458e-05
      2204.70      0.99985730   1.7912488e-05
      2204.80      0.99985731   1.7909511e-05
      2204.90      0.99985733   1.7906543e-05
      2205.00      0.99985734   1.7903567e-05
      2205.10      0.99985735   1.7900592e-05
      2205.20      0.99985736   1.7897793e-05
      2205.30      0.99985738   1.7894819e-05
      2205.40      0.99985739   1.7891852e-05
      2205.50      0.99985740   1.7888879e-05
      2205.60      0.99985741   1.7885906e-05
      2205.70      0.99985743   1.7882941e-05
      2205.80      0.99985744   1.7880138e-05
      2205.90      0.99985745   1.7877005e-05
      2206.00      0.99985746   1.7874203e-05
      2206.10      0.99985748   1.7871064e-05
      2206.20      0.99985749   1.7868269e-05
      2206.30      0.99985750   1.7865300e-05
      2206.40      0.99985751   1.7862338e-05
      2206.50      0.99985753   1.7859369e-05
      2206.60      0.99985754   1.7856401e-05
      2206.70      0.99985755   1.7853441e-05
      2206.80      0.99985756   1.7850473e-05
      2206.90      0.99985758   1.7847514e-05
      2207.00      0.99985759   1.7844716e-05
      2207.10      0.99985760   1.7841582e-05
      2207.20      0.99985761   1.7838792e-05
      2207.30      0.99985763   1.7835659e-05
      2207.40      0.99985764   1.7832869e-05
      2207.50      0.99985765   1.7829905e-05
      2207.60      0.99985766   1.7826942e-05
      2207.70      0.99985767   1.7823986e-05
      2207.80      0.99985769   1.7821023e-05
      2207.90      0.99985770   1.7818068e-05
      2208.00      0.99985771   1.7815107e-05
      2208.10      0.99985772   1.7812145e-05
      2208.20      0.99985774   1.7809192e-05
      2208.30      0.99985775   1.7806400e-05
      2208.40      0.99985776   1.7803279e-05
      2208.50      0.99985777   1.7800488e-05
      2208.60      0.99985779   1.7797529e-05
      2208.70      0.99985780   1.7794410e-05
      2208.80      0.99985781   1.7791619e-05
      2208.90      0.99985782   1.7788669e-05
      2209.00      0.99985784   1.7785712e-05
      2209.10      0.99985785   1.7782755e-05
      2209.20      0.99985786   1.7779806e-05
      2209.30      0.99985787   1.7776851e-05
      2209.40      0.99985789   1.7773903e-05
      2209.50      0.99985790   1.7771116e-05
      2209.60      0.99985791   1.7767994e-05
      2209.70      0.99985792   1.7765047e-05
      2209.80      0.99985793   1.7762261e-05
      2209.90      0.99985795   1.7759148e-05
      2210.00      0.99985796   1.7756195e-05
      2210.10      0.99985797   1.7753411e-05
      2210.20      0.99985798   1.7750467e-05
      2210.30      0.99985800   1.7747516e-05
      2210.40      0.99985801   1.7744572e-05
      2210.50      0.99985802   1.7741622e-05
      2210.60      0.99985803   1.7738672e-05
      2210.70      0.99985805   1.7735730e-05
      2210.80      0.99985806   1.7732782e-05
      2210.90      0.99985807   1.7729840e-05
      2211.00      0.99985808   1.7726893e-05
      2211.10      0.99985810   1.7723945e-05
      2211.20      0.99985811   1.7721005e-05
      2211.30      0.99985812   1.7718227e-05
      2211.40      0.99985813   1.7715288e-05
      2211.50      0.99985814   1.7712174e-05
      2211.60      0.99985816   1.7709230e-05
      2211.70      0.99985817   1.7706459e-05
      2211.80      0.99985818   1.7703515e-05
      2211.90      0.99985819   1.7700579e-05
      2212.00      0.99985821   1.7697635e-05
      2212.10      0.99985822   1.7694693e-05
      2212.20      0.99985823   1.7691757e-05
      2212.30      0.99985824   1.7688816e-05
      2212.40      0.99985826   1.7685881e-05
      2212.50      0.99985827   1.7682940e-05
      2212.60      0.99985828   1.7680000e-05
      2212.70      0.99985829   1.7677067e-05
      2212.80      0.99985831   1.7674127e-05
      2212.90      0.99985832   1.7671362e-05
      2213.00      0.99985833   1.7668257e-05
      2213.10      0.99985834   1.7665318e-05
      2213.20      0.99985835   1.7662388e-05
      2213.30      0.99985837   1.7659451e-05
      2213.40      0.99985838   1.7656688e-05
      2213.50      0.99985839   1.7653752e-05
      2213.60      0.99985840   1.7650816e-05
      2213.70      0.99985842   1.7647887e-05
      2213.80      0.99985843   1.7644952e-05
      2213.90      0.99985844   1.7642025e-05
      2214.00      0.99985845   1.7639091e-05
      2214.10      0.99985847   1.7636324e-05
      2214.20      0.99985848   1.7633398e-05
      2214.30      0.99985849   1.7630465e-05
      2214.40      0.99985850   1.7627540e-05
      2214.50      0.99985851   1.7624609e-05
      2214.60      0.99985853   1.7621677e-05
      2214.70      0.99985854   1.7618920e-05
      2214.80      0.99985855   1.7615990e-05
      2214.90      0.99985856   1.7613067e-05
      2215.00      0.99985858   1.7610137e-05
      2215.10      0.99985859   1.7607375e-05
      2215.20      0.99985860   1.7604454e-05
      2215.30      0.99985861   1.7601526e-05
      2215.40      0.99985863   1.7598605e-05
      2215.50      0.99985864   1.7595845e-05
      2215.60      0.99985865   1.7592918e-05
      2215.70      0.99985866   1.7589999e-05
      2215.80      0.99985867   1.7587073e-05
      2215.90      0.99985869   1.7584154e-05
      2216.00      0.99985870   1.7581229e-05
      2216.10      0.99985871   1.7578472e-05
      2216.20      0.99985872   1.7575555e-05
      2216.30      0.99985874   1.7572631e-05
      2216.40      0.99985875   1.7569715e-05
      2216.50      0.99985876   1.7566959e-05
      2216.60      0.99985877   1.7564037e-05
      2216.70      0.99985878   1.7561122e-05
      2216.80      0.99985880   1.7558200e-05
      2216.90      0.99985881   1.7555287e-05
      2217.00      0.99985882   1.7552366e-05
      2217.10      0.99985883   1.7549446e-05
      2217.20      0.99985885   1.7546533e-05
      2217.30      0.99985886   1.7543614e-05
      2217.40      0.99985887   1.7540703e-05
      2217.50      0.99985888   1.7537785e-05
      2217.60      0.99985890   1.7535033e-05
      2217.70      0.99985891   1.7532123e-05
      2217.80      0.99985892   1.7529206e-05
      2217.90      0.99985893   1.7526463e-05
      2218.00      0.99985894   1.7523381e-05
      2218.10      0.99985896   1.7520466e-05
      2218.20      0.99985897   1.7517558e-05
      2218.30      0.99985898   1.7514810e-05
      2218.40      0.99985899   1.7511902e-05
      2218.50      0.99985901   1.7508989e-05
      2218.60      0.99985902   1.7506242e-05
      2218.70      0.99985903   1.7503170e-05
      2218.80      0.99985904   1.7500258e-05
      2218.90      0.99985905   1.7497519e-05
      2219.00      0.99985907   1.7494608e-05
      2219.10      0.99985908   1.7491863e-05
      2219.20      0.99985909   1.7488793e-05
      2219.30      0.99985910   1.7486050e-05
      2219.40      0.99985912   1.7483147e-05
      2219.50      0.99985913   1.7480238e-05
      2219.60      0.99985914   1.7477329e-05
      2219.70      0.99985915   1.7474594e-05
      2219.80      0.99985916   1.7471686e-05
      2219.90      0.99985918   1.7468786e-05
      2220.00      0.99985919   1.7466045e-05
      2220.10      0.99985920   1.7463139e-05
      2220.20      0.99985921   1.7460240e-05
      2220.30      0.99985923   1.7457334e-05
      2220.40      0.99985924   1.7454602e-05
      2220.50      0.99985925   1.7451698e-05
      2220.60      0.99985926   1.7448794e-05
      2220.70      0.99985927   1.7446063e-05
      2220.80      0.99985929   1.7443159e-05
      2220.90      0.99985930   1.7440264e-05
      2221.00      0.99985931   1.7437527e-05
      2221.10      0.99985932   1.7434625e-05
      2221.20      0.99985934   1.7431731e-05
      2221.30      0.99985935   1.7428996e-05
      2221.40      0.99985936   1.7426102e-05
      2221.50      0.99985937   1.7423202e-05
      2221.60      0.99985938   1.7420302e-05
      2221.70      0.99985940   1.7417410e-05
      2221.80      0.99985941   1.7414511e-05
      2221.90      0.99985942   1.7411785e-05
      2222.00      0.99985943   1.7408887e-05
      2222.10      0.99985944   1.7405990e-05
      2222.20      0.99985946   1.7403100e-05
      2222.30      0.99985947   1.7400203e-05
      2222.40      0.99985948   1.7397314e-05
      2222.50      0.99985949   1.7394584e-05
      2222.60      0.99985951   1.7391689e-05
      2222.70      0.99985952   1.7388801e-05
      2222.80      0.99985953   1.7385907e-05
      2222.90      0.99985954   1.7383020e-05
      2223.00      0.99985955   1.7380126e-05
      2223.10      0.99985957   1.7377233e-05
      2223.20      0.99985958   1.7374348e-05
      2223.30      0.99985959   1.7371455e-05
      2223.40      0.99985960   1.7368571e-05
      2223.50      0.99985962   1.7365680e-05
      2223.60      0.99985963   1.7362789e-05
      2223.70      0.99985964   1.7359905e-05
      2223.80      0.99985965   1.7357016e-05
      2223.90      0.99985966   1.7354299e-05
      2224.00      0.99985968   1.7351244e-05
      2224.10      0.99985969   1.7348521e-05
      2224.20      0.99985970   1.7345640e-05
      2224.30      0.99985971   1.7342752e-05
      2224.40      0.99985972   1.7339872e-05
      2224.50      0.99985974   1.7336985e-05
      2224.60      0.99985975   1.7334099e-05
      2224.70      0.99985976   1.7331220e-05
      2224.80      0.99985977   1.7328500e-05
      2224.90      0.99985979   1.7325622e-05
      2225.00      0.99985980   1.7322738e-05
      2225.10      0.99985981   1.7319854e-05
      2225.20      0.99985982   1.7316977e-05
      2225.30      0.99985983   1.7314259e-05
      2225.40      0.99985985   1.7311384e-05
      2225.50      0.99985986   1.7308501e-05
      2225.60      0.99985987   1.7305620e-05
      2225.70      0.99985988   1.7302910e-05
      2225.80      0.99985989   1.7299864e-05
      2225.90      0.99985991   1.7297156e-05
      2226.00      0.99985992   1.7294276e-05
      2226.10      0.99985993   1.7291396e-05
      2226.20      0.99985994   1.7288524e-05
      2226.30      0.99985996   1.7285811e-05
      2226.40      0.99985997   1.7282939e-05
      2226.50      0.99985998   1.7280061e-05
      2226.60      0.99985999   1.7277349e-05
      2226.70      0.99986000   1.7274479e-05
      2226.80      0.99986002   1.7271603e-05
      2226.90      0.99986003   1.7268734e-05
      2227.00      0.99986004   1.7265858e-05
      2227.10      0.99986005   1.7263148e-05
      2227.20      0.99986006   1.7260280e-05
      2227.30      0.99986008   1.7257406e-05
      2227.40      0.99986009   1.7254704e-05
      2227.50      0.99986010   1.7251831e-05
      2227.60      0.99986011   1.7248958e-05
      2227.70      0.99986013   1.7246092e-05
      2227.80      0.99986014   1.7243220e-05
      2227.90      0.99986015   1.7240520e-05
      2228.00      0.99986016   1.7237649e-05
      2228.10      0.99986017   1.7234779e-05
      2228.20      0.99986019   1.7232080e-05
      2228.30      0.99986020   1.7229045e-05
      2228.40      0.99986021   1.7226348e-05
      2228.50      0.99986022   1.7223479e-05
      2228.60      0.99986023   1.7220610e-05
      2228.70      0.99986025   1.7217914e-05
      2228.80      0.99986026   1.7215046e-05
      2228.90      0.99986027   1.7212186e-05
      2229.00      0.99986028   1.7209484e-05
      2229.10      0.99986029   1.7206618e-05
      2229.20      0.99986031   1.7203759e-05
      2229.30      0.99986032   1.7200893e-05
      2229.40      0.99986033   1.7198200e-05
      2229.50      0.99986034   1.7195336e-05
      2229.60      0.99986036   1.7192472e-05
      2229.70      0.99986037   1.7189779e-05
      2229.80      0.99986038   1.7186916e-05
      2229.90      0.99986039   1.7184060e-05
      2230.00      0.99986040   1.7181198e-05
      2230.10      0.99986042   1.7178501e-05
      2230.20      0.99986043   1.7175646e-05
      2230.30      0.99986044   1.7172950e-05
      2230.40      0.99986045   1.7170096e-05
      2230.50      0.99986046   1.7167236e-05
      2230.60      0.99986048   1.7164376e-05
      2230.70      0.99986049   1.7161688e-05
      2230.80      0.99986050   1.7158994e-05
      2230.90      0.99986051   1.7156143e-05
      2231.00      0.99986052   1.7153285e-05
      2231.10      0.99986054   1.7150592e-05
      2231.20      0.99986055   1.7147742e-05
      2231.30      0.99986056   1.7144885e-05
      2231.40      0.99986057   1.7142200e-05
      2231.50      0.99986058   1.7139344e-05
      2231.60      0.99986060   1.7136654e-05
      2231.70      0.99986061   1.7133970e-05
      2231.80      0.99986062   1.7131115e-05
      2231.90      0.99986063   1.7128268e-05
      2232.00      0.99986064   1.7125579e-05
      2232.10      0.99986066   1.7122726e-05
      2232.20      0.99986067   1.7119880e-05
      2232.30      0.99986068   1.7117192e-05
      2232.40      0.99986069   1.7114347e-05
      2232.50      0.99986070   1.7111496e-05
      2232.60      0.99986072   1.7108809e-05
      2232.70      0.99986073   1.7105966e-05
      2232.80      0.99986074   1.7103280e-05
      2232.90      0.99986075   1.7100437e-05
      2233.00      0.99986076   1.7097588e-05
      2233.10      0.99986078   1.7094739e-05
      2233.20      0.99986079   1.7091897e-05
      2233.30      0.99986080   1.7089214e-05
      2233.40      0.99986081   1.7086373e-05
      2233.50      0.99986082   1.7083690e-05
      2233.60      0.99986084   1.7080679e-05
      2233.70      0.99986085   1.7078004e-05
      2233.80      0.99986086   1.7075158e-05
      2233.90      0.99986087   1.7072320e-05
      2234.00      0.99986089   1.7069475e-05
      2234.10      0.99986090   1.7066795e-05
      2234.20      0.99986091   1.7063958e-05
      2234.30      0.99986092   1.7061114e-05
      2234.40      0.99986093   1.7058278e-05
      2234.50      0.99986095   1.7055435e-05
      2234.60      0.99986096   1.7052593e-05
      2234.70      0.99986097   1.7049758e-05
      2234.80      0.99986098   1.7047081e-05
      2234.90      0.99986099   1.7044247e-05
      2235.00      0.99986101   1.7041406e-05
      2235.10      0.99986102   1.7038730e-05
      2235.20      0.99986103   1.7035897e-05
      2235.30      0.99986104   1.7033058e-05
      2235.40      0.99986105   1.7030226e-05
      2235.50      0.99986107   1.7027552e-05
      2235.60      0.99986108   1.7024714e-05
      2235.70      0.99986109   1.7021883e-05
      2235.80      0.99986110   1.7019046e-05
      2235.90      0.99986111   1.7016380e-05
      2236.00      0.99986113   1.7013544e-05
      2236.10      0.99986114   1.7010709e-05
      2236.20      0.99986115   1.7008044e-05
      2236.30      0.99986116   1.7005209e-05
      2236.40      0.99986117   1.7002382e-05
      2236.50      0.99986119   1.6999711e-05
      2236.60      0.99986120   1.6996878e-05
      2236.70      0.99986121   1.6994052e-05
      2236.80      0.99986122   1.6991219e-05
      2236.90      0.99986123   1.6988557e-05
      2237.00      0.99986125   1.6985726e-05
      2237.10      0.99986126   1.6983058e-05
      2237.20      0.99986127   1.6980234e-05
      2237.30      0.99986128   1.6977403e-05
      2237.40      0.99986129   1.6974744e-05
      2237.50      0.99986130   1.6971914e-05
      2237.60      0.99986132   1.6969249e-05
      2237.70      0.99986133   1.6966427e-05
      2237.80      0.99986134   1.6963598e-05
      2237.90      0.99986135   1.6960777e-05
      2238.00      0.99986136   1.6958113e-05
      2238.10      0.99986138   1.6955450e-05
      2238.20      0.99986139   1.6952630e-05
      2238.30      0.99986140   1.6949804e-05
      2238.40      0.99986141   1.6946985e-05
      2238.50      0.99986142   1.6944160e-05
      2238.60      0.99986144   1.6941498e-05
      2238.70      0.99986145   1.6938681e-05
      2238.80      0.99986146   1.6936020e-05
      2238.90      0.99986147   1.6933203e-05
      2239.00      0.99986148   1.6930380e-05
      2239.10      0.99986150   1.6927721e-05
      2239.20      0.99986151   1.6924905e-05
      2239.30      0.99986152   1.6922083e-05
      2239.40      0.99986153   1.6919269e-05
      2239.50      0.99986154   1.6916448e-05
      2239.60      0.99986156   1.6913627e-05
      2239.70      0.99986157   1.6910977e-05
      2239.80      0.99986158   1.6908158e-05
      2239.90      0.99986159   1.6905508e-05
      2240.00      0.99986160   1.6902690e-05
      2240.10      0.99986162   1.6899871e-05
      2240.20      0.99986163   1.6897060e-05
      2240.30      0.99986164   1.6894243e-05
      2240.40      0.99986165   1.6891595e-05
      2240.50      0.99986166   1.6888779e-05
      2240.60      0.99986168   1.6885963e-05
      2240.70      0.99986169   1.6883317e-05
      2240.80      0.99986170   1.6880501e-05
      2240.90      0.99986171   1.6877693e-05
      2241.00      0.99986172   1.6875042e-05
      2241.10      0.99986174   1.6872228e-05
      2241.20      0.99986175   1.6869584e-05
      2241.30      0.99986176   1.6866771e-05
      2241.40      0.99986177   1.6863965e-05
      2241.50      0.99986178   1.6861316e-05
      2241.60      0.99986179   1.6858504e-05
      2241.70      0.99986181   1.6855862e-05
      2241.80      0.99986182   1.6853214e-05
      2241.90      0.99986183   1.6850247e-05
      2242.00      0.99986184   1.6847600e-05
      2242.10      0.99986185   1.6844953e-05
      2242.20      0.99986187   1.6842150e-05
      2242.30      0.99986188   1.6839504e-05
      2242.40      0.99986189   1.6836703e-05
      2242.50      0.99986190   1.6833895e-05
      2242.60      0.99986191   1.6831250e-05
      2242.70      0.99986193   1.6828449e-05
      2242.80      0.99986194   1.6825806e-05
      2242.90      0.99986195   1.6823006e-05
      2243.00      0.99986196   1.6820200e-05
      2243.10      0.99986197   1.6817557e-05
      2243.20      0.99986199   1.6814759e-05
      2243.30      0.99986200   1.6812117e-05
      2243.40      0.99986201   1.6809320e-05
      2243.50      0.99986202   1.6806679e-05
      2243.60      0.99986203   1.6803875e-05
      2243.70      0.99986204   1.6801079e-05
      2243.80      0.99986206   1.6798439e-05
      2243.90      0.99986207   1.6795644e-05
      2244.00      0.99986208   1.6793005e-05
      2244.10      0.99986209   1.6790204e-05
      2244.20      0.99986210   1.6787410e-05
      2244.30      0.99986212   1.6784772e-05
      2244.40      0.99986213   1.6781979e-05
      2244.50      0.99986214   1.6779342e-05
      2244.60      0.99986215   1.6776543e-05
      2244.70      0.99986216   1.6773913e-05
      2244.80      0.99986218   1.6771115e-05
      2244.90      0.99986219   1.6768486e-05
      2245.00      0.99986220   1.6765689e-05
      2245.10      0.99986221   1.6762892e-05
      2245.20      0.99986222   1.6760265e-05
      2245.30      0.99986223   1.6757631e-05
      2245.40      0.99986225   1.6754842e-05
      2245.50      0.99986226   1.6752047e-05
      2245.60      0.99986227   1.6749415e-05
      2245.70      0.99986228   1.6746627e-05
      2245.80      0.99986229   1.6743995e-05
      2245.90      0.99986231   1.6741209e-05
      2246.00      0.99986232   1.6738578e-05
      2246.10      0.99986233   1.6735785e-05
      2246.20      0.99986234   1.6732999e-05
      2246.30      0.99986235   1.6730370e-05
      2246.40      0.99986236   1.6727585e-05
      2246.50      0.99986238   1.6724957e-05
      2246.60      0.99986239   1.6722166e-05
      2246.70      0.99986240   1.6719382e-05
      2246.80      0.99986241   1.6716755e-05
      2246.90      0.99986242   1.6713972e-05
      2247.00      0.99986244   1.6711183e-05
      2247.10      0.99986245   1.6708557e-05
      2247.20      0.99986246   1.6705776e-05
      2247.30      0.99986247   1.6703150e-05
      2247.40      0.99986248   1.6700370e-05
      2247.50      0.99986249   1.6697745e-05
      2247.60      0.99986251   1.6694959e-05
      2247.70      0.99986252   1.6692180e-05
      2247.80      0.99986253   1.6689556e-05
      2247.90      0.99986254   1.6686778e-05
      2248.00      0.99986255   1.6684155e-05
      2248.10      0.99986257   1.6681371e-05
      2248.20      0.99986258   1.6678594e-05
      2248.30      0.99986259   1.6675973e-05
      2248.40      0.99986260   1.6673196e-05
      2248.50      0.99986261   1.6670576e-05
      2248.60      0.99986262   1.6667794e-05
      2248.70      0.99986264   1.6665181e-05
      2248.80      0.99986265   1.6662399e-05
      2248.90      0.99986266   1.6659625e-05
      2249.00      0.99986267   1.6657007e-05
      2249.10      0.99986268   1.6654227e-05
      2249.20      0.99986270   1.6651454e-05
      2249.30      0.99986271   1.6648837e-05
      2249.40      0.99986272   1.6646065e-05
      2249.50      0.99986273   1.6643448e-05
      2249.60      0.99986274   1.6640670e-05
      2249.70      0.99986275   1.6637900e-05
      2249.80      0.99986277   1.6635284e-05
      2249.90      0.99986278   1.6632514e-05
      2250.00      0.99986279   1.6629738e-05
      2250.10      0.99986280   1.6627124e-05
      2250.20      0.99986281   1.6624355e-05
      2250.30      0.99986283   1.6621581e-05
      2250.40      0.99986284   1.6618974e-05
      2250.50      0.99986285   1.6616200e-05
      2250.60      0.99986286   1.6613588e-05
      2250.70      0.99986287   1.6610822e-05
      2250.80      0.99986288   1.6608049e-05
      2250.90      0.99986290   1.6605445e-05
      2251.00      0.99986291   1.6602835e-05
      2251.10      0.99986292   1.6600063e-05
      2251.20      0.99986293   1.6597299e-05
      2251.30      0.99986294   1.6594528e-05
      2251.40      0.99986295   1.6591926e-05
      2251.50      0.99986297   1.6589156e-05
      2251.60      0.99986298   1.6586387e-05
      2251.70      0.99986299   1.6583786e-05
      2251.80      0.99986300   1.6581017e-05
      2251.90      0.99986301   1.6578417e-05
      2252.00      0.99986303   1.6575649e-05
      2252.10      0.99986304   1.6573043e-05
      2252.20      0.99986305   1.6570283e-05
      2252.30      0.99986306   1.6567517e-05
      2252.40      0.99986307   1.6564919e-05
      2252.50      0.99986308   1.6562153e-05
      2252.60      0.99986310   1.6559549e-05
      2252.70      0.99986311   1.6556791e-05
      2252.80      0.99986312   1.6554027e-05
      2252.90      0.99986313   1.6551431e-05
      2253.00      0.99986314   1.6548667e-05
      2253.10      0.99986315   1.6545904e-05
      2253.20      0.99986317   1.6543148e-05
      2253.30      0.99986318   1.6540547e-05
      2253.40      0.99986319   1.6537953e-05
      2253.50      0.99986320   1.6535192e-05
      2253.60      0.99986321   1.6532430e-05
      2253.70      0.99986323   1.6529676e-05
      2253.80      0.99986324   1.6527078e-05
      2253.90      0.99986325   1.6524486e-05
      2254.00      0.99986326   1.6521888e-05
      2254.10      0.99986327   1.6519129e-05
      2254.20      0.99986328   1.6516377e-05
      2254.30      0.99986330   1.6513619e-05
      2254.40      0.99986331   1.6511028e-05
      2254.50      0.99986332   1.6508271e-05
      2254.60      0.99986333   1.6505676e-05
      2254.70      0.99986334   1.6503087e-05
      2254.80      0.99986335   1.6500331e-05
      2254.90      0.99986337   1.6497743e-05
      2255.00      0.99986338   1.6494988e-05
      2255.10      0.99986339   1.6492394e-05
      2255.20      0.99986340   1.6489807e-05
      2255.30      0.99986341   1.6487054e-05
      2255.40      0.99986343   1.6484468e-05
      2255.50      0.99986344   1.6481715e-05
      2255.60      0.99986345   1.6479123e-05
      2255.70      0.99986346   1.6476538e-05
      2255.80      0.99986347   1.6473786e-05
      2255.90      0.99986348   1.6471202e-05
      2256.00      0.99986350   1.6468451e-05
      2256.10      0.99986351   1.6465862e-05
      2256.20      0.99986352   1.6463118e-05
      2256.30      0.99986353   1.6460529e-05
      2256.40      0.99986354   1.6457786e-05
      2256.50      0.99986355   1.6455198e-05
      2256.60      0.99986357   1.6452450e-05
      2256.70      0.99986358   1.6449869e-05
      2256.80      0.99986359   1.6447121e-05
      2256.90      0.99986360   1.6444541e-05
      2257.00      0.99986361   1.6441795e-05
      2257.10      0.99986362   1.6439048e-05
      2257.20      0.99986364   1.6436469e-05
      2257.30      0.99986365   1.6433724e-05
      2257.40      0.99986366   1.6431146e-05
      2257.50      0.99986367   1.6428562e-05
      2257.60      0.99986368   1.6425817e-05
      2257.70      0.99986369   1.6423080e-05
      2257.80      0.99986371   1.6420497e-05
      2257.90      0.99986372   1.6417761e-05
      2258.00      0.99986373   1.6415178e-05
      2258.10      0.99986374   1.6412436e-05
      2258.20      0.99986375   1.6409701e-05
      2258.30      0.99986376   1.6407120e-05
      2258.40      0.99986378   1.6404546e-05
      2258.50      0.99986379   1.6401805e-05
      2258.60      0.99986380   1.6399065e-05
      2258.70      0.99986381   1.6396492e-05
      2258.80      0.99986382   1.6393753e-05
      2258.90      0.99986383   1.6391181e-05
      2259.00      0.99986385   1.6388442e-05
      2259.10      0.99986386   1.6385865e-05
      2259.20      0.99986387   1.6383294e-05
      2259.30      0.99986388   1.6380557e-05
      2259.40      0.99986389   1.6377987e-05
      2259.50      0.99986390   1.6375250e-05
      2259.60      0.99986392   1.6372675e-05
      2259.70      0.99986393   1.6370106e-05
      2259.80      0.99986394   1.6367371e-05
      2259.90      0.99986395   1.6364803e-05
      2260.00      0.99986396   1.6362068e-05
      2260.10      0.99986397   1.6359495e-05
      2260.20      0.99986399   1.6356928e-05
      2260.30      0.99986400   1.6354355e-05
      2260.40      0.99986401   1.6351629e-05
      2260.50      0.99986402   1.6348896e-05
      2260.60      0.99986403   1.6346325e-05
      2260.70      0.99986404   1.6343760e-05
      2260.80      0.99986406   1.6341189e-05
      2260.90      0.99986407   1.6338465e-05
      2261.00      0.99986408   1.6335734e-05
      2261.10      0.99986409   1.6333165e-05
      2261.20      0.99986410   1.6330602e-05
      2261.30      0.99986411   1.6327873e-05
      2261.40      0.99986413   1.6325311e-05
      2261.50      0.99986414   1.6322743e-05
      2261.60      0.99986415   1.6320015e-05
      2261.70      0.99986416   1.6317454e-05
      2261.80      0.99986417   1.6314727e-05
      2261.90      0.99986418   1.6312167e-05
      2262.00      0.99986420   1.6309440e-05
      2262.10      0.99986421   1.6306875e-05
      2262.20      0.99986422   1.6304156e-05
      2262.30      0.99986423   1.6301431e-05
      2262.40      0.99986424   1.6298873e-05
      2262.50      0.99986425   1.6296309e-05
      2262.60      0.99986426   1.6293585e-05
      2262.70      0.99986428   1.6290868e-05
      2262.80      0.99986429   1.6288305e-05
      2262.90      0.99986430   1.6285589e-05
      2263.00      0.99986431   1.6283027e-05
      2263.10      0.99986432   1.6280305e-05
      2263.20      0.99986433   1.6277750e-05
      2263.30      0.99986435   1.6275029e-05
      2263.40      0.99986436   1.6272315e-05
      2263.50      0.99986437   1.6269595e-05
      2263.60      0.99986438   1.6267035e-05
      2263.70      0.99986439   1.6264322e-05
      2263.80      0.99986440   1.6261604e-05
      2263.90      0.99986442   1.6259051e-05
      2264.00      0.99986443   1.6256493e-05
      2264.10      0.99986444   1.6253776e-05
      2264.20      0.99986445   1.6251065e-05
      2264.30      0.99986446   1.6248508e-05
      2264.40      0.99986447   1.6245798e-05
      2264.50      0.99986449   1.6243242e-05
      2264.60      0.99986450   1.6240526e-05
      2264.70      0.99986451   1.6237977e-05
      2264.80      0.99986452   1.6235263e-05
      2264.90      0.99986453   1.6232555e-05
      2265.00      0.99986454   1.6230000e-05
      2265.10      0.99986456   1.6227447e-05
      2265.20      0.99986457   1.6224740e-05
      2265.30      0.99986458   1.6222187e-05
      2265.40      0.99986459   1.6219481e-05
      2265.50      0.99986460   1.6216929e-05
      2265.60      0.99986461   1.6214377e-05
      2265.70      0.99986462   1.6211672e-05
      2265.80      0.99986464   1.6209121e-05
      2265.90      0.99986465   1.6206418e-05
      2266.00      0.99986466   1.6203867e-05
      2266.10      0.99986467   1.6201317e-05
      2266.20      0.99986468   1.6198615e-05
      2266.30      0.99986469   1.6195906e-05
      2266.40      0.99986471   1.6193364e-05
      2266.50      0.99986472   1.6190656e-05
      2266.60      0.99986473   1.6188108e-05
      2266.70      0.99986474   1.6185567e-05
      2266.80      0.99986475   1.6183020e-05
      2266.90      0.99986476   1.6180320e-05
      2267.00      0.99986477   1.6177774e-05
      2267.10      0.99986479   1.6175069e-05
      2267.20      0.99986480   1.6172529e-05
      2267.30      0.99986481   1.6169825e-05
      2267.40      0.99986482   1.6167286e-05
      2267.50      0.99986483   1.6164583e-05
      2267.60      0.99986484   1.6162039e-05
      2267.70      0.99986486   1.6159501e-05
      2267.80      0.99986487   1.6156799e-05
      2267.90      0.99986488   1.6154262e-05
      2268.00      0.99986489   1.6151561e-05
      2268.10      0.99986490   1.6149019e-05
      2268.20      0.99986491   1.6146324e-05
      2268.30      0.99986493   1.6143783e-05
      2268.40      0.99986494   1.6141089e-05
      2268.50      0.99986495   1.6138549e-05
      2268.60      0.99986496   1.6136009e-05
      2268.70      0.99986497   1.6133316e-05
      2268.80      0.99986498   1.6130777e-05
      2268.90      0.99986499   1.6128085e-05
      2269.00      0.99986501   1.6125547e-05
      2269.10      0.99986502   1.6122850e-05
      2269.20      0.99986503   1.6120318e-05
      2269.30      0.99986504   1.6117622e-05
      2269.40      0.99986505   1.6115091e-05
      2269.50      0.99986506   1.6112396e-05
      2269.60      0.99986508   1.6109860e-05
      2269.70      0.99986509   1.6107330e-05
      2269.80      0.99986510   1.6104795e-05
      2269.90      0.99986511   1.6102107e-05
      2270.00      0.99986512   1.6099573e-05
      2270.10      0.99986513   1.6096879e-05
      2270.20      0.99986514   1.6094352e-05
      2270.30      0.99986516   1.6091659e-05
      2270.40      0.99986517   1.6088974e-05
      2270.50      0.99986518   1.6086600e-05
      2270.60      0.99986519   1.6083909e-05
      2270.70      0.99986520   1.6081225e-05
      2270.80      0.99986521   1.6078693e-05
      2270.90      0.99986523   1.6076168e-05
      2271.00      0.99986524   1.6073479e-05
      2271.10      0.99986525   1.6070948e-05
      2271.20      0.99986526   1.6068266e-05
      2271.30      0.99986527   1.6065737e-05
      2271.40      0.99986528   1.6063214e-05
      2271.50      0.99986529   1.6060526e-05
      2271.60      0.99986531   1.6057998e-05
      2271.70      0.99986532   1.6055317e-05
      2271.80      0.99986533   1.6052790e-05
      2271.90      0.99986534   1.6050269e-05
      2272.00      0.99986535   1.6047583e-05
      2272.10      0.99986536   1.6045057e-05
      2272.20      0.99986537   1.6042537e-05
      2272.30      0.99986539   1.6039853e-05
      2272.40      0.99986540   1.6037334e-05
      2272.50      0.99986541   1.6034809e-05
      2272.60      0.99986542   1.6032285e-05
      2272.70      0.99986543   1.6029608e-05
      2272.80      0.99986544   1.6027085e-05
      2272.90      0.99986546   1.6024568e-05
      2273.00      0.99986547   1.6022045e-05
      2273.10      0.99986548   1.6019522e-05
      2273.20      0.99986549   1.6016848e-05
      2273.30      0.99986550   1.6014326e-05
      2273.40      0.99986551   1.6011652e-05
      2273.50      0.99986552   1.6009131e-05
      2273.60      0.99986554   1.6006611e-05
      2273.70      0.99986555   1.6004097e-05
      2273.80      0.99986556   1.6001418e-05
      2273.90      0.99986557   1.5998905e-05
      2274.00      0.99986558   1.5996386e-05
      2274.10      0.99986559   1.5993867e-05
      2274.20      0.99986560   1.5991197e-05
      2274.30      0.99986562   1.5988679e-05
      2274.40      0.99986563   1.5986009e-05
      2274.50      0.99986564   1.5983492e-05
      2274.60      0.99986565   1.5980976e-05
      2274.70      0.99986566   1.5978465e-05
      2274.80      0.99986567   1.5975791e-05
      2274.90      0.99986568   1.5973282e-05
      2275.00      0.99986570   1.5970767e-05
      2275.10      0.99986571   1.5968252e-05
      2275.20      0.99986572   1.5965585e-05
      2275.30      0.99986573   1.5962913e-05
      2275.40      0.99986574   1.5960405e-05
      2275.50      0.99986575   1.5957892e-05
      2275.60      0.99986576   1.5955221e-05
      2275.70      0.99986578   1.5952715e-05
      2275.80      0.99986579   1.5950044e-05
      2275.90      0.99986580   1.5947539e-05
      2276.00      0.99986581   1.5944869e-05
      2276.10      0.99986582   1.5942358e-05
      2276.20      0.99986583   1.5939696e-05
      2276.30      0.99986584   1.5937186e-05
      2276.40      0.99986586   1.5934524e-05
      2276.50      0.99986587   1.5932015e-05
      2276.60      0.99986588   1.5929347e-05
      2276.70      0.99986589   1.5926845e-05
      2276.80      0.99986590   1.5924179e-05
      2276.90      0.99986591   1.5921677e-05
      2277.00      0.99986592   1.5919011e-05
      2277.10      0.99986594   1.5916504e-05
      2277.20      0.99986595   1.5913846e-05
      2277.30      0.99986596   1.5911339e-05
      2277.40      0.99986597   1.5908682e-05
      2277.50      0.99986598   1.5906176e-05
      2277.60      0.99986599   1.5903671e-05
      2277.70      0.99986600   1.5901015e-05
      2277.80      0.99986602   1.5898510e-05
      2277.90      0.99986603   1.5895855e-05
      2278.00      0.99986604   1.5893351e-05
      2278.10      0.99986605   1.5890690e-05
      2278.20      0.99986606   1.5888193e-05
      2278.30      0.99986607   1.5885691e-05
      2278.40      0.99986608   1.5883195e-05
      2278.50      0.99986610   1.5880535e-05
      2278.60      0.99986611   1.5878034e-05
      2278.70      0.99986612   1.5875539e-05
      2278.80      0.99986613   1.5872881e-05
      2278.90      0.99986614   1.5870387e-05
      2279.00      0.99986615   1.5867887e-05
      2279.10      0.99986616   1.5865387e-05
      2279.20      0.99986618   1.5862737e-05
      2279.30      0.99986619   1.5860238e-05
      2279.40      0.99986620   1.5857746e-05
      2279.50      0.99986621   1.5855090e-05
      2279.60      0.99986622   1.5852593e-05
      2279.70      0.99986623   1.5850102e-05
      2279.80      0.99986624   1.5847605e-05
      2279.90      0.99986626   1.5845115e-05
      2280.00      0.99986627   1.5842619e-05
      2280.10      0.99986628   1.5839966e-05
      2280.20      0.99986629   1.5837477e-05
      2280.30      0.99986630   1.5834982e-05
      2280.40      0.99986631   1.5832494e-05
      2280.50      0.99986632   1.5829999e-05
      2280.60      0.99986634   1.5827348e-05
      2280.70      0.99986635   1.5824861e-05
      2280.80      0.99986636   1.5822368e-05
      2280.90      0.99986637   1.5819882e-05
      2281.00      0.99986638   1.5817232e-05
      2281.10      0.99986639   1.5814740e-05
      2281.20      0.99986640   1.5812255e-05
      2281.30      0.99986642   1.5809764e-05
      2281.40      0.99986643   1.5807279e-05
      2281.50      0.99986644   1.5804631e-05
      2281.60      0.99986645   1.5802142e-05
      2281.70      0.99986646   1.5799658e-05
      2281.80      0.99986647   1.5797012e-05
      2281.90      0.99986648   1.5794529e-05
      2282.00      0.99986649   1.5792041e-05
      2282.10      0.99986651   1.5789395e-05
      2282.20      0.99986652   1.5786914e-05
      2282.30      0.99986653   1.5784426e-05
      2282.40      0.99986654   1.5781946e-05
      2282.50      0.99986655   1.5779302e-05
      2282.60      0.99986656   1.5776659e-05
      2282.70      0.99986657   1.5774179e-05
      2282.80      0.99986659   1.5771693e-05
      2282.90      0.99986660   1.5769058e-05
      2283.00      0.99986661   1.5766573e-05
      2283.10      0.99986662   1.5763931e-05
      2283.20      0.99986663   1.5761454e-05
      2283.30      0.99986664   1.5758970e-05
      2283.40      0.99986665   1.5756336e-05
      2283.50      0.99986666   1.5753853e-05
      2283.60      0.99986668   1.5751371e-05
      2283.70      0.99986669   1.5748738e-05
      2283.80      0.99986670   1.5746099e-05
      2283.90      0.99986671   1.5743624e-05
      2284.00      0.99986672   1.5740987e-05
      2284.10      0.99986673   1.5738506e-05
      2284.20      0.99986674   1.5736032e-05
      2284.30      0.99986676   1.5733553e-05
      2284.40      0.99986677   1.5730922e-05
      2284.50      0.99986678   1.5728443e-05
      2284.60      0.99986679   1.5725808e-05
      2284.70      0.99986680   1.5723336e-05
      2284.80      0.99986681   1.5720858e-05
      2284.90      0.99986682   1.5718230e-05
      2285.00      0.99986683   1.5715753e-05
      2285.10      0.99986685   1.5713119e-05
      2285.20      0.99986686   1.5710649e-05
      2285.30      0.99986687   1.5708173e-05
      2285.40      0.99986688   1.5705704e-05
      2285.50      0.99986689   1.5703072e-05
      2285.60      0.99986690   1.5700597e-05
      2285.70      0.99986691   1.5698129e-05
      2285.80      0.99986693   1.5695655e-05
      2285.90      0.99986694   1.5693187e-05
      2286.00      0.99986695   1.5690557e-05
      2286.10      0.99986696   1.5688085e-05
      2286.20      0.99986697   1.5685618e-05
      2286.30      0.99986698   1.5682989e-05
      2286.40      0.99986699   1.5680680e-05
      2286.50      0.99986701   1.5678052e-05
      2286.60      0.99986702   1.5675581e-05
      2286.70      0.99986703   1.5673070e-05
      2286.80      0.99986704   1.5670553e-05
      2286.90      0.99986705   1.5668057e-05
      2287.00      0.99986706   1.5665541e-05
      2287.10      0.99986707   1.5663025e-05
      2287.20      0.99986708   1.5660515e-05
      2287.30      0.99986710   1.5658000e-05
      2287.40      0.99986711   1.5655475e-05
      2287.50      0.99986712   1.5653070e-05
      2287.60      0.99986713   1.5650556e-05
      2287.70      0.99986714   1.5648048e-05
      2287.80      0.99986715   1.5645519e-05
      2287.90      0.99986716   1.5643012e-05
      2288.00      0.99986717   1.5640500e-05
      2288.10      0.99986719   1.5637987e-05
      2288.20      0.99986720   1.5635466e-05
      2288.30      0.99986721   1.5632954e-05
      2288.40      0.99986722   1.5630449e-05
      2288.50      0.99986723   1.5627923e-05
      2288.60      0.99986724   1.5625522e-05
      2288.70      0.99986725   1.5623002e-05
      2288.80      0.99986726   1.5620493e-05
      2288.90      0.99986728   1.5617974e-05
      2289.00      0.99986729   1.5615465e-05
      2289.10      0.99986730   1.5612941e-05
      2289.20      0.99986731   1.5610439e-05
      2289.30      0.99986732   1.5607915e-05
      2289.40      0.99986733   1.5605508e-05
      2289.50      0.99986734   1.5603001e-05
      2289.60      0.99986736   1.5600478e-05
      2289.70      0.99986737   1.5597963e-05
      2289.80      0.99986738   1.5595457e-05
      2289.90      0.99986739   1.5592942e-05
      2290.00      0.99986740   1.5590530e-05
      2290.10      0.99986741   1.5588010e-05
      2290.20      0.99986742   1.5585496e-05
      2290.30      0.99986743   1.5582992e-05
      2290.40      0.99986745   1.5580479e-05
      2290.50      0.99986746   1.5577960e-05
      2290.60      0.99986747   1.5575441e-05
      2290.70      0.99986748   1.5572929e-05
      2290.80      0.99986749   1.5570521e-05
      2290.90      0.99986750   1.5568010e-05
      2291.00      0.99986751   1.5565493e-05
      2291.10      0.99986752   1.5562976e-05
      2291.20      0.99986754   1.5560560e-05
      2291.30      0.99986755   1.5558044e-05
      2291.40      0.99986756   1.5555534e-05
      2291.50      0.99986757   1.5553019e-05
      2291.60      0.99986758   1.5550505e-05
      2291.70      0.99986759   1.5548106e-05
      2291.80      0.99986760   1.5545576e-05
      2291.90      0.99986761   1.5543069e-05
      2292.00      0.99986763   1.5540555e-05
      2292.10      0.99986764   1.5538136e-05
      2292.20      0.99986765   1.5535630e-05
      2292.30      0.99986766   1.5533118e-05
      2292.40      0.99986767   1.5530612e-05
      2292.50      0.99986768   1.5528194e-05
      2292.60      0.99986769   1.5525668e-05
      2292.70      0.99986770   1.5523163e-05
      2292.80      0.99986772   1.5520653e-05
      2292.90      0.99986773   1.5518134e-05
      2293.00      0.99986774   1.5515718e-05
      2293.10      0.99986775   1.5513209e-05
      2293.20      0.99986776   1.5510691e-05
      2293.30      0.99986777   1.5508276e-05
      2293.40      0.99986778   1.5505774e-05
      2293.50      0.99986779   1.5503251e-05
      2293.60      0.99986781   1.5500837e-05
      2293.70      0.99986782   1.5498336e-05
      2293.80      0.99986783   1.5495908e-05
      2293.90      0.99986784   1.5493408e-05
      2294.00      0.99986785   1.5490887e-05
      2294.10      0.99986786   1.5488475e-05
      2294.20      0.99986787   1.5485960e-05
      2294.30      0.99986788   1.5483549e-05
      2294.40      0.99986790   1.5481036e-05
      2294.50      0.99986791   1.5478625e-05
      2294.60      0.99986792   1.5476106e-05
      2294.70      0.99986793   1.5473703e-05
      2294.80      0.99986794   1.5471184e-05
      2294.90      0.99986795   1.5468766e-05
      2295.00      0.99986796   1.5466357e-05
      2295.10      0.99986797   1.5463949e-05
      2295.20      0.99986799   1.5461438e-05
      2295.30      0.99986800   1.5459015e-05
      2295.40      0.99986801   1.5456614e-05
      2295.50      0.99986802   1.5454099e-05
      2295.60      0.99986803   1.5451677e-05
      2295.70      0.99986804   1.5449261e-05
      2295.80      0.99986805   1.5446747e-05
      2295.90      0.99986807   1.5444347e-05
      2296.00      0.99986808   1.5441927e-05
      2296.10      0.99986809   1.5439507e-05
      2296.20      0.99986810   1.5437109e-05
      2296.30      0.99986811   1.5434581e-05
      2296.40      0.99986812   1.5432183e-05
      2296.50      0.99986813   1.5429858e-05
      2296.60      0.99986814   1.5427440e-05
      2296.70      0.99986816   1.5425043e-05
      2296.80      0.99986817   1.5422719e-05
      2296.90      0.99986818   1.5420416e-05
      2297.00      0.99986819   1.5417999e-05
      2297.10      0.99986820   1.5415785e-05
      2297.20      0.99986821   1.5413483e-05
      2297.30      0.99986822   1.5411270e-05
      2297.40      0.99986824   1.5409155e-05
      2297.50      0.99986825   1.5407051e-05
      2297.60      0.99986826   1.5405040e-05
      2297.70      0.99986827   1.5402926e-05
      2297.80      0.99986828   1.5401024e-05
      2297.90      0.99986829   1.5399112e-05
      2298.00      0.99986830   1.5397305e-05
      2298.10      0.99986831   1.5395591e-05
      2298.20      0.99986833   1.5393897e-05
      2298.30      0.99986834   1.5392276e-05
      2298.40      0.99986835   1.5389820e-05
      2298.50      0.99986836   1.5387358e-05
      2298.60      0.99986837   1.5384897e-05
      2298.70      0.99986838   1.5382442e-05
      2298.80      0.99986839   1.5379982e-05
      2298.90      0.99986840   1.5377528e-05
      2299.00      0.99986841   1.5375068e-05
      2299.10      0.99986842   1.5372608e-05
      2299.20      0.99986843   1.5370155e-05
      2299.30      0.99986845   1.5367697e-05
      2299.40      0.99986846   1.5365245e-05
      2299.50      0.99986847   1.5362787e-05
      2299.60      0.99986848   1.5360329e-05
      2299.70      0.99986849   1.5357878e-05
      2299.80      0.99986850   1.5355421e-05
      2299.90      0.99986851   1.5352971e-05
      2300.00      0.99986852   1.5350515e-05
