energy[ev]	n-1     k
      1100.00  -0.00053766943   0.00012072358
      1100.10  -0.00053757638   0.00012068466
      1100.20  -0.00053748335   0.00012064576
      1100.30  -0.00053739023   0.00012060682
      1100.40  -0.00053729725   0.00012056794
      1100.50  -0.00053720430   0.00012052908
      1100.60  -0.00053711137   0.00012049022
      1100.70  -0.00053701846   0.00012045138
      1100.80  -0.00053692478   0.00012041301
      1100.90  -0.00053683107   0.00012037483
      1101.00  -0.00053673739   0.00012033666
      1101.10  -0.00053664373   0.00012029850
      1101.20  -0.00053655009   0.00012026035
      1101.30  -0.00053645637   0.00012022217
      1101.40  -0.00053636279   0.00012018405
      1101.50  -0.00053626923   0.00012014594
      1101.60  -0.00053617569   0.00012010784
      1101.70  -0.00053608219   0.00012006975
      1101.80  -0.00053598859   0.00012003163
      1101.90  -0.00053589513   0.00011999356
      1102.00  -0.00053580170   0.00011995551
      1102.10  -0.00053570829   0.00011991747
      1102.20  -0.00053561490   0.00011987944
      1102.30  -0.00053552143   0.00011984138
      1102.40  -0.00053542810   0.00011980338
      1102.50  -0.00053533479   0.00011976538
      1102.60  -0.00053524151   0.00011972740
      1102.70  -0.00053514825   0.00011968943
      1102.80  -0.00053505490   0.00011965143
      1102.90  -0.00053496169   0.00011961348
      1103.00  -0.00053486851   0.00011957555
      1103.10  -0.00053477535   0.00011953763
      1103.20  -0.00053468220   0.00011949973
      1103.30  -0.00053458881   0.00011946188
      1103.40  -0.00053449555   0.00011942408
      1103.50  -0.00053440232   0.00011938630
      1103.60  -0.00053430911   0.00011934853
      1103.70  -0.00053421593   0.00011931077
      1103.80  -0.00053412266   0.00011927298
      1103.90  -0.00053402952   0.00011923524
      1104.00  -0.00053393642   0.00011919752
      1104.10  -0.00053384333   0.00011915980
      1104.20  -0.00053375028   0.00011912210
      1104.30  -0.00053365713   0.00011908437
      1104.40  -0.00053356412   0.00011904669
      1104.50  -0.00053347114   0.00011900903
      1104.60  -0.00053337818   0.00011897137
      1104.70  -0.00053328525   0.00011893373
      1104.80  -0.00053319223   0.00011889606
      1104.90  -0.00053309935   0.00011885844
      1105.00  -0.00053300649   0.00011882083
      1105.10  -0.00053291366   0.00011878323
      1105.20  -0.00053282085   0.00011874565
      1105.30  -0.00053272795   0.00011870803
      1105.40  -0.00053263519   0.00011867047
      1105.50  -0.00053254246   0.00011863292
      1105.60  -0.00053244975   0.00011859539
      1105.70  -0.00053235707   0.00011855786
      1105.80  -0.00053226429   0.00011852030
      1105.90  -0.00053217166   0.00011848280
      1106.00  -0.00053207905   0.00011844531
      1106.10  -0.00053198646   0.00011840783
      1106.20  -0.00053189390   0.00011837036
      1106.30  -0.00053180126   0.00011833286
      1106.40  -0.00053170875   0.00011829542
      1106.50  -0.00053161626   0.00011825799
      1106.60  -0.00053152380   0.00011822057
      1106.70  -0.00053143136   0.00011818316
      1106.80  -0.00053133884   0.00011814571
      1106.90  -0.00053124645   0.00011810833
      1107.00  -0.00053115409   0.00011807095
      1107.10  -0.00053106175   0.00011803359
      1107.20  -0.00053096944   0.00011799624
      1107.30  -0.00053087704   0.00011795885
      1107.40  -0.00053078478   0.00011792152
      1107.50  -0.00053069254   0.00011788421
      1107.60  -0.00053060032   0.00011784690
      1107.70  -0.00053050813   0.00011780961
      1107.80  -0.00053041586   0.00011777228
      1107.90  -0.00053032372   0.00011773501
      1108.00  -0.00053023160   0.00011769775
      1108.10  -0.00053013951   0.00011766050
      1108.20  -0.00053004744   0.00011762327
      1108.30  -0.00052995529   0.00011758600
      1108.40  -0.00052986327   0.00011754879
      1108.50  -0.00052977128   0.00011751159
      1108.60  -0.00052967931   0.00011747440
      1108.70  -0.00052958737   0.00011743722
      1108.80  -0.00052949534   0.00011740000
      1108.90  -0.00052940344   0.00011736285
      1109.00  -0.00052931157   0.00011732571
      1109.10  -0.00052921973   0.00011728857
      1109.20  -0.00052912791   0.00011725145
      1109.30  -0.00052903600   0.00011721430
      1109.40  -0.00052894423   0.00011717720
      1109.50  -0.00052885248   0.00011714011
      1109.60  -0.00052876076   0.00011710304
      1109.70  -0.00052866906   0.00011706598
      1109.80  -0.00052857727   0.00011702888
      1109.90  -0.00052848563   0.00011699184
      1110.00  -0.00052839400   0.00011695481
      1110.10  -0.00052830240   0.00011691779
      1110.20  -0.00052821082   0.00011688078
      1110.30  -0.00052811916   0.00011684374
      1110.40  -0.00052802763   0.00011680676
      1110.50  -0.00052793613   0.00011676979
      1110.60  -0.00052784465   0.00011673283
      1110.70  -0.00052775320   0.00011669588
      1110.80  -0.00052766166   0.00011665890
      1110.90  -0.00052757025   0.00011662197
      1111.00  -0.00052747887   0.00011658506
      1111.10  -0.00052738752   0.00011654815
      1111.20  -0.00052729618   0.00011651126
      1111.30  -0.00052720476   0.00011647433
      1111.40  -0.00052711348   0.00011643747
      1111.50  -0.00052702222   0.00011640061
      1111.60  -0.00052693099   0.00011636376
      1111.70  -0.00052683978   0.00011632693
      1111.80  -0.00052674848   0.00011629006
      1111.90  -0.00052665732   0.00011625324
      1112.00  -0.00052656618   0.00011621644
      1112.10  -0.00052647506   0.00011617965
      1112.20  -0.00052638398   0.00011614288
      1112.30  -0.00052629280   0.00011610606
      1112.40  -0.00052620176   0.00011606931
      1112.50  -0.00052611074   0.00011603256
      1112.60  -0.00052601975   0.00011599583
      1112.70  -0.00052592878   0.00011595911
      1112.80  -0.00052583773   0.00011592235
      1112.90  -0.00052574681   0.00011588565
      1113.00  -0.00052565591   0.00011584897
      1113.10  -0.00052556504   0.00011581229
      1113.20  -0.00052547419   0.00011577563
      1113.30  -0.00052538326   0.00011573893
      1113.40  -0.00052529246   0.00011570228
      1113.50  -0.00052520169   0.00011566565
      1113.60  -0.00052511094   0.00011562903
      1113.70  -0.00052502021   0.00011559242
      1113.80  -0.00052492940   0.00011555578
      1113.90  -0.00052483872   0.00011551920
      1114.00  -0.00052474806   0.00011548262
      1114.10  -0.00052465743   0.00011544606
      1114.20  -0.00052456683   0.00011540951
      1114.30  -0.00052447614   0.00011537292
      1114.40  -0.00052438558   0.00011533639
      1114.50  -0.00052429504   0.00011529987
      1114.60  -0.00052420453   0.00011526337
      1114.70  -0.00052411405   0.00011522687
      1114.80  -0.00052402348   0.00011519034
      1114.90  -0.00052393304   0.00011515387
      1115.00  -0.00052384263   0.00011511740
      1115.10  -0.00052375224   0.00011508095
      1115.20  -0.00052366187   0.00011504451
      1115.30  -0.00052357142   0.00011500804
      1115.40  -0.00052348110   0.00011497162
      1115.50  -0.00052339081   0.00011493522
      1115.60  -0.00052330054   0.00011489882
      1115.70  -0.00052321029   0.00011486244
      1115.80  -0.00052311996   0.00011482602
      1115.90  -0.00052302976   0.00011478966
      1116.00  -0.00052293959   0.00011475331
      1116.10  -0.00052284944   0.00011471697
      1116.20  -0.00052275931   0.00011468064
      1116.30  -0.00052266910   0.00011464428
      1116.40  -0.00052257902   0.00011460798
      1116.50  -0.00052248897   0.00011457168
      1116.60  -0.00052239894   0.00011453540
      1116.70  -0.00052230893   0.00011449913
      1116.80  -0.00052221884   0.00011446282
      1116.90  -0.00052212888   0.00011442657
      1117.00  -0.00052203894   0.00011439033
      1117.10  -0.00052194903   0.00011435411
      1117.20  -0.00052185915   0.00011431789
      1117.30  -0.00052176917   0.00011428164
      1117.40  -0.00052167933   0.00011424545
      1117.50  -0.00052158952   0.00011420926
      1117.60  -0.00052149972   0.00011417309
      1117.70  -0.00052140996   0.00011413693
      1117.80  -0.00052132010   0.00011410074
      1117.90  -0.00052123038   0.00011406460
      1118.00  -0.00052114068   0.00011402847
      1118.10  -0.00052105101   0.00011399236
      1118.20  -0.00052096136   0.00011395625
      1118.30  -0.00052087163   0.00011392011
      1118.40  -0.00052078202   0.00011388403
      1118.50  -0.00052069245   0.00011384796
      1118.60  -0.00052060229   0.00011381238
      1118.70  -0.00052051201   0.00011377694
      1118.80  -0.00052042164   0.00011374146
      1118.90  -0.00052033141   0.00011370604
      1119.00  -0.00052024120   0.00011367063
      1119.10  -0.00052015102   0.00011363522
      1119.20  -0.00052006085   0.00011359983
      1119.30  -0.00051997061   0.00011356441
      1119.40  -0.00051988049   0.00011352904
      1119.50  -0.00051979040   0.00011349369
      1119.60  -0.00051970034   0.00011345834
      1119.70  -0.00051961030   0.00011342300
      1119.80  -0.00051952017   0.00011338763
      1119.90  -0.00051943018   0.00011335232
      1120.00  -0.00051934021   0.00011331702
      1120.10  -0.00051925026   0.00011328172
      1120.20  -0.00051916034   0.00011324644
      1120.30  -0.00051907033   0.00011321113
      1120.40  -0.00051898045   0.00011317587
      1120.50  -0.00051889060   0.00011314062
      1120.60  -0.00051880078   0.00011310538
      1120.70  -0.00051871097   0.00011307015
      1120.80  -0.00051862108   0.00011303489
      1120.90  -0.00051853133   0.00011299968
      1121.00  -0.00051844160   0.00011296449
      1121.10  -0.00051835172   0.00011292931
      1121.20  -0.00051826181   0.00011289416
      1121.30  -0.00051817180   0.00011285898
      1121.40  -0.00051808193   0.00011282384
      1121.50  -0.00051799208   0.00011278872
      1121.60  -0.00051790226   0.00011275361
      1121.70  -0.00051781246   0.00011271851
      1121.80  -0.00051772258   0.00011268338
      1121.90  -0.00051763282   0.00011264830
      1122.00  -0.00051754310   0.00011261323
      1122.10  -0.00051745339   0.00011257818
      1122.20  -0.00051736371   0.00011254313
      1122.30  -0.00051727395   0.00011250805
      1122.40  -0.00051718431   0.00011247303
      1122.50  -0.00051709470   0.00011243801
      1122.60  -0.00051700512   0.00011240301
      1122.70  -0.00051691556   0.00011236801
      1122.80  -0.00051682591   0.00011233299
      1122.90  -0.00051673639   0.00011229802
      1123.00  -0.00051664690   0.00011226306
      1123.10  -0.00051655744   0.00011222811
      1123.20  -0.00051646799   0.00011219317
      1123.30  -0.00051637846   0.00011215820
      1123.40  -0.00051628907   0.00011212328
      1123.50  -0.00051619969   0.00011208837
      1123.60  -0.00051611035   0.00011205347
      1123.70  -0.00051602102   0.00011201859
      1123.80  -0.00051593161   0.00011198367
      1123.90  -0.00051584233   0.00011194880
      1124.00  -0.00051575308   0.00011191395
      1124.10  -0.00051566385   0.00011187910
      1124.20  -0.00051557464   0.00011184427
      1124.30  -0.00051548535   0.00011180941
      1124.40  -0.00051539619   0.00011177459
      1124.50  -0.00051530705   0.00011173979
      1124.60  -0.00051521794   0.00011170500
      1124.70  -0.00051512885   0.00011167022
      1124.80  -0.00051503967   0.00011163541
      1124.90  -0.00051495063   0.00011160065
      1125.00  -0.00051486161   0.00011156590
      1125.10  -0.00051477262   0.00011153117
      1125.20  -0.00051468365   0.00011149644
      1125.30  -0.00051459459   0.00011146168
      1125.40  -0.00051450566   0.00011142697
      1125.50  -0.00051441676   0.00011139228
      1125.60  -0.00051432788   0.00011135759
      1125.70  -0.00051423903   0.00011132292
      1125.80  -0.00051415009   0.00011128821
      1125.90  -0.00051406128   0.00011125356
      1126.00  -0.00051397250   0.00011121892
      1126.10  -0.00051388374   0.00011118429
      1126.20  -0.00051379500   0.00011114966
      1126.30  -0.00051370618   0.00011111501
      1126.40  -0.00051361749   0.00011108041
      1126.50  -0.00051352882   0.00011104582
      1126.60  -0.00051344018   0.00011101124
      1126.70  -0.00051335156   0.00011097667
      1126.80  -0.00051326285   0.00011094207
      1126.90  -0.00051317428   0.00011090753
      1127.00  -0.00051308573   0.00011087299
      1127.10  -0.00051299720   0.00011083846
      1127.20  -0.00051290870   0.00011080395
      1127.30  -0.00051282011   0.00011076940
      1127.40  -0.00051273165   0.00011073490
      1127.50  -0.00051264322   0.00011070042
      1127.60  -0.00051255481   0.00011066594
      1127.70  -0.00051246642   0.00011063148
      1127.80  -0.00051237795   0.00011059698
      1127.90  -0.00051228961   0.00011056254
      1128.00  -0.00051220130   0.00011052811
      1128.10  -0.00051211300   0.00011049369
      1128.20  -0.00051202473   0.00011045928
      1128.30  -0.00051193638   0.00011042483
      1128.40  -0.00051184815   0.00011039044
      1128.50  -0.00051175995   0.00011035606
      1128.60  -0.00051167177   0.00011032169
      1128.70  -0.00051158362   0.00011028733
      1128.80  -0.00051149538   0.00011025294
      1128.90  -0.00051140727   0.00011021861
      1129.00  -0.00051131919   0.00011018428
      1129.10  -0.00051123113   0.00011014996
      1129.20  -0.00051114309   0.00011011565
      1129.30  -0.00051105497   0.00011008132
      1129.40  -0.00051096697   0.00011004703
      1129.50  -0.00051087900   0.00011001275
      1129.60  -0.00051079106   0.00010997849
      1129.70  -0.00051070314   0.00010994423
      1129.80  -0.00051061513   0.00010990995
      1129.90  -0.00051052725   0.00010987571
      1130.00  -0.00051043940   0.00010984149
      1130.10  -0.00051035157   0.00010980728
      1130.20  -0.00051026376   0.00010977307
      1130.30  -0.00051017587   0.00010973884
      1130.40  -0.00051008811   0.00010970466
      1130.50  -0.00051000037   0.00010967049
      1130.60  -0.00050991266   0.00010963632
      1130.70  -0.00050982497   0.00010960217
      1130.80  -0.00050973719   0.00010956799
      1130.90  -0.00050964954   0.00010953386
      1131.00  -0.00050956192   0.00010949974
      1131.10  -0.00050947432   0.00010946563
      1131.20  -0.00050938675   0.00010943153
      1131.30  -0.00050929909   0.00010939740
      1131.40  -0.00050921155   0.00010936332
      1131.50  -0.00050912405   0.00010932926
      1131.60  -0.00050903656   0.00010929520
      1131.70  -0.00050894910   0.00010926115
      1131.80  -0.00050886156   0.00010922707
      1131.90  -0.00050877414   0.00010919304
      1132.00  -0.00050868675   0.00010915903
      1132.10  -0.00050859938   0.00010912502
      1132.20  -0.00050851203   0.00010909103
      1132.30  -0.00050842460   0.00010905700
      1132.40  -0.00050833730   0.00010902302
      1132.50  -0.00050825002   0.00010898906
      1132.60  -0.00050816276   0.00010895510
      1132.70  -0.00050807553   0.00010892116
      1132.80  -0.00050798822   0.00010888718
      1132.90  -0.00050790103   0.00010885326
      1133.00  -0.00050781387   0.00010881935
      1133.10  -0.00050772673   0.00010878544
      1133.20  -0.00050763961   0.00010875155
      1133.30  -0.00050755241   0.00010871763
      1133.40  -0.00050746533   0.00010868375
      1133.50  -0.00050737828   0.00010864989
      1133.60  -0.00050729126   0.00010861604
      1133.70  -0.00050720425   0.00010858220
      1133.80  -0.00050711717   0.00010854833
      1133.90  -0.00050703021   0.00010851450
      1134.00  -0.00050694327   0.00010848069
      1134.10  -0.00050685636   0.00010844689
      1134.20  -0.00050676947   0.00010841310
      1134.30  -0.00050668250   0.00010837928
      1134.40  -0.00050659565   0.00010834551
      1134.50  -0.00050650883   0.00010831175
      1134.60  -0.00050642203   0.00010827800
      1134.70  -0.00050633525   0.00010824426
      1134.80  -0.00050624840   0.00010821049
      1134.90  -0.00050616166   0.00010817677
      1135.00  -0.00050607496   0.00010814306
      1135.10  -0.00050598827   0.00010810937
      1135.20  -0.00050590161   0.00010807568
      1135.30  -0.00050581486   0.00010804196
      1135.40  -0.00050572825   0.00010800829
      1135.50  -0.00050564165   0.00010797463
      1135.60  -0.00050555508   0.00010794099
      1135.70  -0.00050546853   0.00010790735
      1135.80  -0.00050538190   0.00010787368
      1135.90  -0.00050529539   0.00010784006
      1136.00  -0.00050520891   0.00010780646
      1136.10  -0.00050512245   0.00010777286
      1136.20  -0.00050503602   0.00010773927
      1136.30  -0.00050494950   0.00010770565
      1136.40  -0.00050486311   0.00010767209
      1136.50  -0.00050477674   0.00010763853
      1136.60  -0.00050469039   0.00010760499
      1136.70  -0.00050460340   0.00010757196
      1136.80  -0.00050451625   0.00010753895
      1136.90  -0.00050442923   0.00010750600
      1137.00  -0.00050434224   0.00010747306
      1137.10  -0.00050425527   0.00010744012
      1137.20  -0.00050416832   0.00010740720
      1137.30  -0.00050408128   0.00010737425
      1137.40  -0.00050399438   0.00010734134
      1137.50  -0.00050390749   0.00010730845
      1137.60  -0.00050382064   0.00010727557
      1137.70  -0.00050373380   0.00010724269
      1137.80  -0.00050364688   0.00010720979
      1137.90  -0.00050356009   0.00010717693
      1138.00  -0.00050347332   0.00010714409
      1138.10  -0.00050338657   0.00010711126
      1138.20  -0.00050329985   0.00010707843
      1138.30  -0.00050321305   0.00010704558
      1138.40  -0.00050312637   0.00010701277
      1138.50  -0.00050303971   0.00010697998
      1138.60  -0.00050295308   0.00010694719
      1138.70  -0.00050286647   0.00010691442
      1138.80  -0.00050277978   0.00010688161
      1138.90  -0.00050269322   0.00010684886
      1139.00  -0.00050260667   0.00010681611
      1139.10  -0.00050252016   0.00010678338
      1139.20  -0.00050243358   0.00010675066
      1139.30  -0.00050234674   0.00010671793
      1139.40  -0.00050226004   0.00010668524
      1139.50  -0.00050217335   0.00010665257
      1139.60  -0.00050208669   0.00010661991
      1139.70  -0.00050200005   0.00010658726
      1139.80  -0.00050191332   0.00010655458
      1139.90  -0.00050182673   0.00010652194
      1140.00  -0.00050174015   0.00010648932
      1140.10  -0.00050165360   0.00010645671
      1140.20  -0.00050156708   0.00010642410
      1140.30  -0.00050148047   0.00010639147
      1140.40  -0.00050139398   0.00010635889
      1140.50  -0.00050130753   0.00010632631
      1140.60  -0.00050122109   0.00010629375
      1140.70  -0.00050113467   0.00010626120
      1140.80  -0.00050104818   0.00010622861
      1140.90  -0.00050096181   0.00010619608
      1141.00  -0.00050087546   0.00010616355
      1141.10  -0.00050078914   0.00010613104
      1141.20  -0.00050070284   0.00010609853
      1141.30  -0.00050061645   0.00010606600
      1141.40  -0.00050053020   0.00010603351
      1141.50  -0.00050044396   0.00010600103
      1141.60  -0.00050035775   0.00010596857
      1141.70  -0.00050027156   0.00010593611
      1141.80  -0.00050018529   0.00010590362
      1141.90  -0.00050009915   0.00010587119
      1142.00  -0.00050001303   0.00010583876
      1142.10  -0.00049992693   0.00010580634
      1142.20  -0.00049984085   0.00010577393
      1142.30  -0.00049975469   0.00010574150
      1142.40  -0.00049966866   0.00010570911
      1142.50  -0.00049958265   0.00010567673
      1142.60  -0.00049949667   0.00010564436
      1142.70  -0.00049941070   0.00010561200
      1142.80  -0.00049932466   0.00010557961
      1142.90  -0.00049923874   0.00010554727
      1143.00  -0.00049915284   0.00010551494
      1143.10  -0.00049906697   0.00010548262
      1143.20  -0.00049898112   0.00010545031
      1143.30  -0.00049889518   0.00010541797
      1143.40  -0.00049880938   0.00010538568
      1143.50  -0.00049872359   0.00010535340
      1143.60  -0.00049863783   0.00010532112
      1143.70  -0.00049855209   0.00010528886
      1143.80  -0.00049846627   0.00010525657
      1143.90  -0.00049838057   0.00010522433
      1144.00  -0.00049829490   0.00010519209
      1144.10  -0.00049820925   0.00010515987
      1144.20  -0.00049812362   0.00010512766
      1144.30  -0.00049803791   0.00010509541
      1144.40  -0.00049795233   0.00010506322
      1144.50  -0.00049786677   0.00010503103
      1144.60  -0.00049778123   0.00010499886
      1144.70  -0.00049769571   0.00010496669
      1144.80  -0.00049761011   0.00010493450
      1144.90  -0.00049752464   0.00010490235
      1145.00  -0.00049743919   0.00010487021
      1145.10  -0.00049735376   0.00010483809
      1145.20  -0.00049726836   0.00010480597
      1145.30  -0.00049718287   0.00010477382
      1145.40  -0.00049709751   0.00010474172
      1145.50  -0.00049701217   0.00010470963
      1145.60  -0.00049692686   0.00010467755
      1145.70  -0.00049684156   0.00010464548
      1145.80  -0.00049675619   0.00010461338
      1145.90  -0.00049667094   0.00010458133
      1146.00  -0.00049658571   0.00010454929
      1146.10  -0.00049650050   0.00010451726
      1146.20  -0.00049641532   0.00010448524
      1146.30  -0.00049633006   0.00010445319
      1146.40  -0.00049624492   0.00010442119
      1146.50  -0.00049615980   0.00010438919
      1146.60  -0.00049607471   0.00010435721
      1146.70  -0.00049598964   0.00010432524
      1146.80  -0.00049590448   0.00010429323
      1146.90  -0.00049581945   0.00010426128
      1147.00  -0.00049573445   0.00010422933
      1147.10  -0.00049564946   0.00010419740
      1147.20  -0.00049556450   0.00010416547
      1147.30  -0.00049547946   0.00010413352
      1147.40  -0.00049539454   0.00010410161
      1147.50  -0.00049530965   0.00010406971
      1147.60  -0.00049522477   0.00010403782
      1147.70  -0.00049513992   0.00010400595
      1147.80  -0.00049505499   0.00010397404
      1147.90  -0.00049497018   0.00010394218
      1148.00  -0.00049488540   0.00010391033
      1148.10  -0.00049480063   0.00010387849
      1148.20  -0.00049471589   0.00010384666
      1148.30  -0.00049463107   0.00010381480
      1148.40  -0.00049454637   0.00010378299
      1148.50  -0.00049446170   0.00010375119
      1148.60  -0.00049437704   0.00010371939
      1148.70  -0.00049429241   0.00010368761
      1148.80  -0.00049420770   0.00010365580
      1148.90  -0.00049412311   0.00010362403
      1149.00  -0.00049403855   0.00010359228
      1149.10  -0.00049395400   0.00010356053
      1149.20  -0.00049386948   0.00010352880
      1149.30  -0.00049378488   0.00010349703
      1149.40  -0.00049370040   0.00010346532
      1149.50  -0.00049361595   0.00010343361
      1149.60  -0.00049353151   0.00010340191
      1149.70  -0.00049344710   0.00010337022
      1149.80  -0.00049336261   0.00010333850
      1149.90  -0.00049327824   0.00010330684
      1150.00  -0.00049319390   0.00010327518
      1150.10  -0.00049310957   0.00010324352
      1150.20  -0.00049302527   0.00010321188
      1150.30  -0.00049294089   0.00010318021
      1150.40  -0.00049285663   0.00010314859
      1150.50  -0.00049277239   0.00010311698
      1150.60  -0.00049268818   0.00010308538
      1150.70  -0.00049260398   0.00010305378
      1150.80  -0.00049251971   0.00010302216
      1150.90  -0.00049243556   0.00010299058
      1151.00  -0.00049235143   0.00010295902
      1151.10  -0.00049226733   0.00010292746
      1151.20  -0.00049218324   0.00010289591
      1151.30  -0.00049209908   0.00010286434
      1151.40  -0.00049201504   0.00010283281
      1151.50  -0.00049193102   0.00010280129
      1151.60  -0.00049184702   0.00010276978
      1151.70  -0.00049176305   0.00010273828
      1151.80  -0.00049167899   0.00010270675
      1151.90  -0.00049159506   0.00010267527
      1152.00  -0.00049151115   0.00010264380
      1152.10  -0.00049142726   0.00010261234
      1152.20  -0.00049134339   0.00010258089
      1152.30  -0.00049125945   0.00010254940
      1152.40  -0.00049117562   0.00010251797
      1152.50  -0.00049109182   0.00010248654
      1152.60  -0.00049100804   0.00010245513
      1152.70  -0.00049092429   0.00010242372
      1152.80  -0.00049084045   0.00010239229
      1152.90  -0.00049075673   0.00010236090
      1153.00  -0.00049067304   0.00010232952
      1153.10  -0.00049058937   0.00010229815
      1153.20  -0.00049050572   0.00010226679
      1153.30  -0.00049042199   0.00010223541
      1153.40  -0.00049033838   0.00010220407
      1153.50  -0.00049025480   0.00010217273
      1153.60  -0.00049017123   0.00010214141
      1153.70  -0.00049008769   0.00010211010
      1153.80  -0.00049000407   0.00010207876
      1153.90  -0.00048992057   0.00010204746
      1154.00  -0.00048983709   0.00010201618
      1154.10  -0.00048975364   0.00010198490
      1154.20  -0.00048967021   0.00010195364
      1154.30  -0.00048958669   0.00010192234
      1154.40  -0.00048950330   0.00010189110
      1154.50  -0.00048941993   0.00010185986
      1154.60  -0.00048933659   0.00010182863
      1154.70  -0.00048925326   0.00010179741
      1154.80  -0.00048916985   0.00010176616
      1154.90  -0.00048908657   0.00010173496
      1155.00  -0.00048900331   0.00010170377
      1155.10  -0.00048891935   0.00010167310
      1155.20  -0.00048883542   0.00010164244
      1155.30  -0.00048875140   0.00010161175
      1155.40  -0.00048866751   0.00010158111
      1155.50  -0.00048858364   0.00010155047
      1155.60  -0.00048849979   0.00010151985
      1155.70  -0.00048841597   0.00010148924
      1155.80  -0.00048833206   0.00010145859
      1155.90  -0.00048824828   0.00010142800
      1156.00  -0.00048816452   0.00010139741
      1156.10  -0.00048808078   0.00010136683
      1156.20  -0.00048799706   0.00010133626
      1156.30  -0.00048791326   0.00010130566
      1156.40  -0.00048782959   0.00010127511
      1156.50  -0.00048774593   0.00010124457
      1156.60  -0.00048766230   0.00010121404
      1156.70  -0.00048757869   0.00010118351
      1156.80  -0.00048749500   0.00010115296
      1156.90  -0.00048741143   0.00010112245
      1157.00  -0.00048732789   0.00010109196
      1157.10  -0.00048724437   0.00010106147
      1157.20  -0.00048716087   0.00010103099
      1157.30  -0.00048707728   0.00010100048
      1157.40  -0.00048699382   0.00010097002
      1157.50  -0.00048691039   0.00010093957
      1157.60  -0.00048682694   0.00010090913
      1157.70  -0.00048674321   0.00010087872
      1157.80  -0.00048665941   0.00010084827
      1157.90  -0.00048657573   0.00010081788
      1158.00  -0.00048649207   0.00010078749
      1158.10  -0.00048640843   0.00010075711
      1158.20  -0.00048632481   0.00010072674
      1158.30  -0.00048624112   0.00010069634
      1158.40  -0.00048615754   0.00010066599
      1158.50  -0.00048607399   0.00010063565
      1158.60  -0.00048599046   0.00010060531
      1158.70  -0.00048590695   0.00010057499
      1158.80  -0.00048582336   0.00010054463
      1158.90  -0.00048573990   0.00010051433
      1159.00  -0.00048565645   0.00010048403
      1159.10  -0.00048557303   0.00010045374
      1159.20  -0.00048548963   0.00010042346
      1159.30  -0.00048540615   0.00010039315
      1159.40  -0.00048532279   0.00010036289
      1159.50  -0.00048523946   0.00010033264
      1159.60  -0.00048515614   0.00010030239
      1159.70  -0.00048507285   0.00010027216
      1159.80  -0.00048498947   0.00010024189
      1159.90  -0.00048490622   0.00010021168
      1160.00  -0.00048482300   0.00010018147
      1160.10  -0.00048473979   0.00010015127
      1160.20  -0.00048465660   0.00010012108
      1160.30  -0.00048457334   0.00010009086
      1160.40  -0.00048449020   0.00010006069
      1160.50  -0.00048440707   0.00010003052
      1160.60  -0.00048432397   0.00010000037
      1160.70  -0.00048424090   9.9970220e-05
      1160.80  -0.00048415774   9.9940046e-05
      1160.90  -0.00048407470   9.9909918e-05
      1161.00  -0.00048399169   9.9879798e-05
      1161.10  -0.00048390870   9.9849688e-05
      1161.20  -0.00048382572   9.9819586e-05
      1161.30  -0.00048374267   9.9789456e-05
      1161.40  -0.00048365975   9.9759372e-05
      1161.50  -0.00048357684   9.9729297e-05
      1161.60  -0.00048349395   9.9699231e-05
      1161.70  -0.00048341109   9.9669174e-05
      1161.80  -0.00048332814   9.9639089e-05
      1161.90  -0.00048324532   9.9609049e-05
      1162.00  -0.00048316252   9.9579018e-05
      1162.10  -0.00048307974   9.9548997e-05
      1162.20  -0.00048299699   9.9518984e-05
      1162.30  -0.00048291415   9.9488943e-05
      1162.40  -0.00048283144   9.9458948e-05
      1162.50  -0.00048274874   9.9428961e-05
      1162.60  -0.00048266607   9.9398984e-05
      1162.70  -0.00048258342   9.9369015e-05
      1162.80  -0.00048250069   9.9339019e-05
      1162.90  -0.00048241808   9.9309067e-05
      1163.00  -0.00048233549   9.9279125e-05
      1163.10  -0.00048225293   9.9249192e-05
      1163.20  -0.00048217038   9.9219267e-05
      1163.30  -0.00048208776   9.9189315e-05
      1163.40  -0.00048200526   9.9159408e-05
      1163.50  -0.00048192278   9.9129510e-05
      1163.60  -0.00048184032   9.9099621e-05
      1163.70  -0.00048175788   9.9069740e-05
      1163.80  -0.00048167536   9.9039832e-05
      1163.90  -0.00048159296   9.9009969e-05
      1164.00  -0.00048151059   9.8980115e-05
      1164.10  -0.00048142824   9.8950270e-05
      1164.20  -0.00048134590   9.8920433e-05
      1164.30  -0.00048126349   9.8890569e-05
      1164.40  -0.00048118120   9.8860750e-05
      1164.50  -0.00048109893   9.8830940e-05
      1164.60  -0.00048101669   9.8801139e-05
      1164.70  -0.00048093446   9.8771346e-05
      1164.80  -0.00048085215   9.8741526e-05
      1164.90  -0.00048076997   9.8711751e-05
      1165.00  -0.00048068781   9.8681985e-05
      1165.10  -0.00048060567   9.8652227e-05
      1165.20  -0.00048052355   9.8622479e-05
      1165.30  -0.00048044135   9.8592702e-05
      1165.40  -0.00048035927   9.8562971e-05
      1165.50  -0.00048027721   9.8533249e-05
      1165.60  -0.00048019517   9.8503535e-05
      1165.70  -0.00048011316   9.8473830e-05
      1165.80  -0.00048003106   9.8444098e-05
      1165.90  -0.00047994909   9.8414410e-05
      1166.00  -0.00047986714   9.8384731e-05
      1166.10  -0.00047978521   9.8355061e-05
      1166.20  -0.00047970330   9.8325400e-05
      1166.30  -0.00047962131   9.8295711e-05
      1166.40  -0.00047953944   9.8266068e-05
      1166.50  -0.00047945759   9.8236432e-05
      1166.60  -0.00047937577   9.8206806e-05
      1166.70  -0.00047929396   9.8177188e-05
      1166.80  -0.00047921208   9.8147543e-05
      1166.90  -0.00047913032   9.8117943e-05
      1167.00  -0.00047904857   9.8088351e-05
      1167.10  -0.00047896685   9.8058769e-05
      1167.20  -0.00047888515   9.8029194e-05
      1167.30  -0.00047880338   9.7999593e-05
      1167.40  -0.00047872172   9.7970036e-05
      1167.50  -0.00047864008   9.7940488e-05
      1167.60  -0.00047855846   9.7910949e-05
      1167.70  -0.00047847687   9.7881418e-05
      1167.80  -0.00047839520   9.7851860e-05
      1167.90  -0.00047831364   9.7822346e-05
      1168.00  -0.00047823211   9.7792842e-05
      1168.10  -0.00047815060   9.7763346e-05
      1168.20  -0.00047806911   9.7733858e-05
      1168.30  -0.00047798754   9.7704344e-05
      1168.40  -0.00047790609   9.7674874e-05
      1168.50  -0.00047782466   9.7645412e-05
      1168.60  -0.00047774325   9.7615960e-05
      1168.70  -0.00047766187   9.7586516e-05
      1168.80  -0.00047758040   9.7557044e-05
      1168.90  -0.00047749906   9.7527617e-05
      1169.00  -0.00047741774   9.7498199e-05
      1169.10  -0.00047733643   9.7468790e-05
      1169.20  -0.00047725515   9.7439389e-05
      1169.30  -0.00047717379   9.7409961e-05
      1169.40  -0.00047709255   9.7380577e-05
      1169.50  -0.00047701133   9.7351202e-05
      1169.60  -0.00047693013   9.7321836e-05
      1169.70  -0.00047684895   9.7292478e-05
      1169.80  -0.00047676770   9.7263093e-05
      1169.90  -0.00047668656   9.7233753e-05
      1170.00  -0.00047660545   9.7204421e-05
      1170.10  -0.00047652435   9.7175097e-05
      1170.20  -0.00047644328   9.7145783e-05
      1170.30  -0.00047636213   9.7116441e-05
      1170.40  -0.00047628109   9.7087143e-05
      1170.50  -0.00047620008   9.7057855e-05
      1170.60  -0.00047611909   9.7028574e-05
      1170.70  -0.00047603812   9.6999303e-05
      1170.80  -0.00047595707   9.6970004e-05
      1170.90  -0.00047587614   9.6940749e-05
      1171.00  -0.00047579523   9.6911503e-05
      1171.10  -0.00047571435   9.6882266e-05
      1171.20  -0.00047563348   9.6853037e-05
      1171.30  -0.00047555254   9.6823781e-05
      1171.40  -0.00047547171   9.6794569e-05
      1171.50  -0.00047539090   9.6765366e-05
      1171.60  -0.00047531012   9.6736172e-05
      1171.70  -0.00047522936   9.6706986e-05
      1171.80  -0.00047514852   9.6677773e-05
      1171.90  -0.00047506779   9.6648604e-05
      1172.00  -0.00047498709   9.6619443e-05
      1172.10  -0.00047490641   9.6590292e-05
      1172.20  -0.00047482575   9.6561148e-05
      1172.30  -0.00047474501   9.6531978e-05
      1172.40  -0.00047466439   9.6502852e-05
      1172.50  -0.00047458380   9.6473734e-05
      1172.60  -0.00047450322   9.6444625e-05
      1172.70  -0.00047442266   9.6415524e-05
      1172.80  -0.00047434203   9.6386397e-05
      1172.90  -0.00047426151   9.6357313e-05
      1173.00  -0.00047418101   9.6328238e-05
      1173.10  -0.00047410054   9.6299172e-05
      1173.20  -0.00047402008   9.6270114e-05
      1173.30  -0.00047393955   9.6241029e-05
      1173.40  -0.00047385914   9.6211988e-05
      1173.50  -0.00047377875   9.6182955e-05
      1173.60  -0.00047369837   9.6153931e-05
      1173.70  -0.00047361787   9.6125009e-05
      1173.80  -0.00047353669   9.6096435e-05
      1173.90  -0.00047345563   9.6067904e-05
      1174.00  -0.00047337459   9.6039382e-05
      1174.10  -0.00047329357   9.6010867e-05
      1174.20  -0.00047321257   9.5982361e-05
      1174.30  -0.00047313149   9.5953829e-05
      1174.40  -0.00047305053   9.5925340e-05
      1174.50  -0.00047296960   9.5896859e-05
      1174.60  -0.00047288868   9.5868386e-05
      1174.70  -0.00047280779   9.5839922e-05
      1174.80  -0.00047272681   9.5811431e-05
      1174.90  -0.00047264596   9.5782984e-05
      1175.00  -0.00047256512   9.5754544e-05
      1175.10  -0.00047248431   9.5726113e-05
      1175.20  -0.00047240352   9.5697690e-05
      1175.30  -0.00047232265   9.5669241e-05
      1175.40  -0.00047224190   9.5640835e-05
      1175.50  -0.00047216117   9.5612437e-05
      1175.60  -0.00047208046   9.5584047e-05
      1175.70  -0.00047199977   9.5555666e-05
      1175.80  -0.00047191900   9.5527258e-05
      1175.90  -0.00047183835   9.5498893e-05
      1176.00  -0.00047175773   9.5470536e-05
      1176.10  -0.00047167712   9.5442188e-05
      1176.20  -0.00047159654   9.5413848e-05
      1176.30  -0.00047151587   9.5385481e-05
      1176.40  -0.00047143496   9.5357186e-05
      1176.50  -0.00047135403   9.5328902e-05
      1176.60  -0.00047127312   9.5300626e-05
      1176.70  -0.00047119223   9.5272358e-05
      1176.80  -0.00047111127   9.5244064e-05
      1176.90  -0.00047103042   9.5215813e-05
      1177.00  -0.00047094959   9.5187570e-05
      1177.10  -0.00047086879   9.5159335e-05
      1177.20  -0.00047078800   9.5131108e-05
      1177.30  -0.00047070714   9.5102855e-05
      1177.40  -0.00047062639   9.5074645e-05
      1177.50  -0.00047054567   9.5046443e-05
      1177.60  -0.00047046497   9.5018250e-05
      1177.70  -0.00047038429   9.4990064e-05
      1177.80  -0.00047030353   9.4961852e-05
      1177.90  -0.00047022289   9.4933683e-05
      1178.00  -0.00047014227   9.4905522e-05
      1178.10  -0.00047006167   9.4877370e-05
      1178.20  -0.00046998109   9.4849225e-05
      1178.30  -0.00046990043   9.4821054e-05
      1178.40  -0.00046981989   9.4792926e-05
      1178.50  -0.00046973938   9.4764806e-05
      1178.60  -0.00046965888   9.4736694e-05
      1178.70  -0.00046957840   9.4708591e-05
      1178.80  -0.00046949785   9.4680461e-05
      1178.90  -0.00046941741   9.4652374e-05
      1179.00  -0.00046933700   9.4624294e-05
      1179.10  -0.00046925660   9.4596223e-05
      1179.20  -0.00046917623   9.4568161e-05
      1179.30  -0.00046909578   9.4540072e-05
      1179.40  -0.00046901545   9.4512025e-05
      1179.50  -0.00046893514   9.4483987e-05
      1179.60  -0.00046885484   9.4455957e-05
      1179.70  -0.00046877457   9.4427935e-05
      1179.80  -0.00046869422   9.4399887e-05
      1179.90  -0.00046861399   9.4371881e-05
      1180.00  -0.00046853379   9.4343883e-05
      1180.10  -0.00046845360   9.4315894e-05
      1180.20  -0.00046837343   9.4287912e-05
      1180.30  -0.00046829318   9.4259905e-05
      1180.40  -0.00046821305   9.4231940e-05
      1180.50  -0.00046813295   9.4203983e-05
      1180.60  -0.00046805286   9.4176034e-05
      1180.70  -0.00046797279   9.4148093e-05
      1180.80  -0.00046789265   9.4120126e-05
      1180.90  -0.00046781262   9.4092202e-05
      1181.00  -0.00046773262   9.4064285e-05
      1181.10  -0.00046765263   9.4036377e-05
      1181.20  -0.00046757267   9.4008477e-05
      1181.30  -0.00046749263   9.3980551e-05
      1181.40  -0.00046741270   9.3952667e-05
      1181.50  -0.00046733280   9.3924791e-05
      1181.60  -0.00046725292   9.3896923e-05
      1181.70  -0.00046717305   9.3869063e-05
      1181.80  -0.00046709311   9.3841178e-05
      1181.90  -0.00046701329   9.3813334e-05
      1182.00  -0.00046693349   9.3785499e-05
      1182.10  -0.00046685371   9.3757671e-05
      1182.20  -0.00046677395   9.3729852e-05
      1182.30  -0.00046669411   9.3702007e-05
      1182.40  -0.00046661439   9.3674203e-05
      1182.50  -0.00046653469   9.3646408e-05
      1182.60  -0.00046645501   9.3618621e-05
      1182.70  -0.00046637535   9.3590842e-05
      1182.80  -0.00046629561   9.3563037e-05
      1182.90  -0.00046621599   9.3535274e-05
      1183.00  -0.00046613639   9.3507520e-05
      1183.10  -0.00046605682   9.3479773e-05
      1183.20  -0.00046597726   9.3452034e-05
      1183.30  -0.00046589762   9.3424269e-05
      1183.40  -0.00046581810   9.3396547e-05
      1183.50  -0.00046573861   9.3368832e-05
      1183.60  -0.00046565913   9.3341125e-05
      1183.70  -0.00046557967   9.3313427e-05
      1183.80  -0.00046550014   9.3285702e-05
      1183.90  -0.00046542072   9.3258020e-05
      1184.00  -0.00046534132   9.3230345e-05
      1184.10  -0.00046526195   9.3202679e-05
      1184.20  -0.00046518259   9.3175020e-05
      1184.30  -0.00046510316   9.3147336e-05
      1184.40  -0.00046502384   9.3119694e-05
      1184.50  -0.00046494455   9.3092059e-05
      1184.60  -0.00046486527   9.3064433e-05
      1184.70  -0.00046478602   9.3036814e-05
      1184.80  -0.00046470668   9.3009170e-05
      1184.90  -0.00046462747   9.2981568e-05
      1185.00  -0.00046454827   9.2953973e-05
      1185.10  -0.00046446910   9.2926387e-05
      1185.20  -0.00046438994   9.2898808e-05
      1185.30  -0.00046431071   9.2871204e-05
      1185.40  -0.00046423160   9.2843642e-05
      1185.50  -0.00046415250   9.2816087e-05
      1185.60  -0.00046407343   9.2788540e-05
      1185.70  -0.00046399437   9.2761002e-05
      1185.80  -0.00046391524   9.2733438e-05
      1185.90  -0.00046383623   9.2705915e-05
      1186.00  -0.00046375723   9.2678400e-05
      1186.10  -0.00046367826   9.2650893e-05
      1186.20  -0.00046359931   9.2623395e-05
      1186.30  -0.00046352028   9.2595870e-05
      1186.40  -0.00046344136   9.2568387e-05
      1186.50  -0.00046336247   9.2540913e-05
      1186.60  -0.00046328359   9.2513446e-05
      1186.70  -0.00046320474   9.2485987e-05
      1186.80  -0.00046312581   9.2458502e-05
      1186.90  -0.00046304699   9.2431059e-05
      1187.00  -0.00046296820   9.2403624e-05
      1187.10  -0.00046288943   9.2376196e-05
      1187.20  -0.00046281067   9.2348777e-05
      1187.30  -0.00046273184   9.2321332e-05
      1187.40  -0.00046265313   9.2293929e-05
      1187.50  -0.00046257443   9.2266533e-05
      1187.60  -0.00046249576   9.2239145e-05
      1187.70  -0.00046241710   9.2211766e-05
      1187.80  -0.00046233837   9.2184360e-05
      1187.90  -0.00046225976   9.2156996e-05
      1188.00  -0.00046218116   9.2129640e-05
      1188.10  -0.00046210259   9.2102292e-05
      1188.20  -0.00046202404   9.2074952e-05
      1188.30  -0.00046194540   9.2047586e-05
      1188.40  -0.00046186689   9.2020262e-05
      1188.50  -0.00046178839   9.1992945e-05
      1188.60  -0.00046170992   9.1965637e-05
      1188.70  -0.00046163146   9.1938336e-05
      1188.80  -0.00046155293   9.1911010e-05
      1188.90  -0.00046147452   9.1883725e-05
      1189.00  -0.00046139612   9.1856448e-05
      1189.10  -0.00046131774   9.1829179e-05
      1189.20  -0.00046123939   9.1801917e-05
      1189.30  -0.00046116096   9.1774630e-05
      1189.40  -0.00046108264   9.1747385e-05
      1189.50  -0.00046100434   9.1720147e-05
      1189.60  -0.00046092607   9.1692917e-05
      1189.70  -0.00046084781   9.1665695e-05
      1189.80  -0.00046076948   9.1638448e-05
      1189.90  -0.00046069126   9.1611241e-05
      1190.00  -0.00046061306   9.1584043e-05
      1190.10  -0.00046053488   9.1556852e-05
      1190.20  -0.00046045673   9.1529670e-05
      1190.30  -0.00046037849   9.1502461e-05
      1190.40  -0.00046030037   9.1475294e-05
      1190.50  -0.00046022227   9.1448135e-05
      1190.60  -0.00046014420   9.1420984e-05
      1190.70  -0.00046006614   9.1393840e-05
      1190.80  -0.00045998800   9.1366671e-05
      1190.90  -0.00045990998   9.1339543e-05
      1191.00  -0.00045983198   9.1312423e-05
      1191.10  -0.00045975400   9.1285311e-05
      1191.20  -0.00045967604   9.1258206e-05
      1191.30  -0.00045959800   9.1231077e-05
      1191.40  -0.00045952008   9.1203988e-05
      1191.50  -0.00045944218   9.1176907e-05
      1191.60  -0.00045936430   9.1149833e-05
      1191.70  -0.00045928644   9.1122768e-05
      1191.80  -0.00045920850   9.1095677e-05
      1191.90  -0.00045913067   9.1068627e-05
      1192.00  -0.00045905287   9.1041585e-05
      1192.10  -0.00045897509   9.1014551e-05
      1192.20  -0.00045889732   9.0987525e-05
      1192.30  -0.00045881948   9.0960473e-05
      1192.40  -0.00045874176   9.0933462e-05
      1192.50  -0.00045866405   9.0906459e-05
      1192.60  -0.00045858637   9.0879464e-05
      1192.70  -0.00045850837   9.0852655e-05
      1192.80  -0.00045842981   9.0826090e-05
      1192.90  -0.00045835136   9.0799565e-05
      1193.00  -0.00045827293   9.0773048e-05
      1193.10  -0.00045819452   9.0746538e-05
      1193.20  -0.00045811613   9.0720037e-05
      1193.30  -0.00045803767   9.0693510e-05
      1193.40  -0.00045795932   9.0667023e-05
      1193.50  -0.00045788099   9.0640544e-05
      1193.60  -0.00045780268   9.0614072e-05
      1193.70  -0.00045772439   9.0587608e-05
      1193.80  -0.00045764602   9.0561120e-05
      1193.90  -0.00045756777   9.0534671e-05
      1194.00  -0.00045748954   9.0508230e-05
      1194.10  -0.00045741133   9.0481796e-05
      1194.20  -0.00045733313   9.0455370e-05
      1194.30  -0.00045725487   9.0428919e-05
      1194.40  -0.00045717672   9.0402509e-05
      1194.50  -0.00045709858   9.0376105e-05
      1194.60  -0.00045702047   9.0349710e-05
      1194.70  -0.00045694238   9.0323321e-05
      1194.80  -0.00045686421   9.0296909e-05
      1194.90  -0.00045678616   9.0270536e-05
      1195.00  -0.00045670812   9.0244170e-05
      1195.10  -0.00045663011   9.0217812e-05
      1195.20  -0.00045655212   9.0191462e-05
      1195.30  -0.00045647405   9.0165087e-05
      1195.40  -0.00045639577   9.0138762e-05
      1195.50  -0.00045631730   9.0112452e-05
      1195.60  -0.00045623886   9.0086149e-05
      1195.70  -0.00045616043   9.0059854e-05
      1195.80  -0.00045608193   9.0033534e-05
      1195.90  -0.00045600354   9.0007254e-05
      1196.00  -0.00045592517   8.9980981e-05
      1196.10  -0.00045584682   8.9954716e-05
      1196.20  -0.00045576850   8.9928459e-05
      1196.30  -0.00045569009   8.9902176e-05
      1196.40  -0.00045561180   8.9875934e-05
      1196.50  -0.00045553354   8.9849699e-05
      1196.60  -0.00045545529   8.9823471e-05
      1196.70  -0.00045537706   8.9797251e-05
      1196.80  -0.00045529875   8.9771007e-05
      1196.90  -0.00045522056   8.9744802e-05
      1197.00  -0.00045514239   8.9718604e-05
      1197.10  -0.00045506424   8.9692414e-05
      1197.20  -0.00045498611   8.9666232e-05
      1197.30  -0.00045490791   8.9640025e-05
      1197.40  -0.00045482982   8.9613857e-05
      1197.50  -0.00045475175   8.9587697e-05
      1197.60  -0.00045467369   8.9561545e-05
      1197.70  -0.00045459566   8.9535400e-05
      1197.80  -0.00045451756   8.9509230e-05
      1197.90  -0.00045443956   8.9483100e-05
      1198.00  -0.00045436159   8.9456978e-05
      1198.10  -0.00045428364   8.9430863e-05
      1198.20  -0.00045420571   8.9404755e-05
      1198.30  -0.00045412770   8.9378623e-05
      1198.40  -0.00045404980   8.9352530e-05
      1198.50  -0.00045397193   8.9326445e-05
      1198.60  -0.00045389408   8.9300367e-05
      1198.70  -0.00045381624   8.9274297e-05
      1198.80  -0.00045373833   8.9248202e-05
      1198.90  -0.00045366054   8.9222147e-05
      1199.00  -0.00045358276   8.9196099e-05
      1199.10  -0.00045350500   8.9170058e-05
      1199.20  -0.00045342727   8.9144025e-05
      1199.30  -0.00045334946   8.9117968e-05
      1199.40  -0.00045327176   8.9091949e-05
      1199.50  -0.00045319408   8.9065939e-05
      1199.60  -0.00045311642   8.9039935e-05
      1199.70  -0.00045303879   8.9013939e-05
      1199.80  -0.00045296107   8.8987919e-05
      1199.90  -0.00045288347   8.8961938e-05
      1200.00  -0.00045280589   8.8935965e-05
      1200.10  -0.00045272833   8.8909998e-05
      1200.20  -0.00045265079   8.8884040e-05
      1200.30  -0.00045257318   8.8858057e-05
      1200.40  -0.00045249568   8.8832113e-05
      1200.50  -0.00045241820   8.8806176e-05
      1200.60  -0.00045234073   8.8780247e-05
      1200.70  -0.00045226329   8.8754325e-05
      1200.80  -0.00045218577   8.8728379e-05
      1200.90  -0.00045210837   8.8702472e-05
      1201.00  -0.00045203098   8.8676573e-05
      1201.10  -0.00045195362   8.8650681e-05
      1201.20  -0.00045187627   8.8624796e-05
      1201.30  -0.00045179885   8.8598887e-05
      1201.40  -0.00045172155   8.8573017e-05
      1201.50  -0.00045164426   8.8547155e-05
      1201.60  -0.00045156699   8.8521300e-05
      1201.70  -0.00045148975   8.8495452e-05
      1201.80  -0.00045141242   8.8469580e-05
      1201.90  -0.00045133522   8.8443747e-05
      1202.00  -0.00045125803   8.8417921e-05
      1202.10  -0.00045118086   8.8392103e-05
      1202.20  -0.00045110371   8.8366292e-05
      1202.30  -0.00045102648   8.8340457e-05
      1202.40  -0.00045094937   8.8314661e-05
      1202.50  -0.00045087228   8.8288872e-05
      1202.60  -0.00045079520   8.8263090e-05
      1202.70  -0.00045071815   8.8237316e-05
      1202.80  -0.00045064102   8.8211518e-05
      1202.90  -0.00045056401   8.8185758e-05
      1203.00  -0.00045048701   8.8160006e-05
      1203.10  -0.00045041004   8.8134261e-05
      1203.20  -0.00045033308   8.8108524e-05
      1203.30  -0.00045025605   8.8082763e-05
      1203.40  -0.00045017913   8.8057040e-05
      1203.50  -0.00045010223   8.8031324e-05
      1203.60  -0.00045002535   8.8005616e-05
      1203.70  -0.00044994849   8.7979916e-05
      1203.80  -0.00044987156   8.7954191e-05
      1203.90  -0.00044979474   8.7928505e-05
      1204.00  -0.00044971794   8.7902826e-05
      1204.10  -0.00044964115   8.7877154e-05
      1204.20  -0.00044956439   8.7851490e-05
      1204.30  -0.00044948755   8.7825802e-05
      1204.40  -0.00044941083   8.7800153e-05
      1204.50  -0.00044933412   8.7774510e-05
      1204.60  -0.00044925744   8.7748875e-05
      1204.70  -0.00044918077   8.7723248e-05
      1204.80  -0.00044910403   8.7697596e-05
      1204.90  -0.00044902740   8.7671983e-05
      1205.00  -0.00044895079   8.7646378e-05
      1205.10  -0.00044887420   8.7620779e-05
      1205.20  -0.00044879763   8.7595188e-05
      1205.30  -0.00044872098   8.7569573e-05
      1205.40  -0.00044864445   8.7543996e-05
      1205.50  -0.00044856794   8.7518427e-05
      1205.60  -0.00044849145   8.7492865e-05
      1205.70  -0.00044841497   8.7467310e-05
      1205.80  -0.00044833842   8.7441732e-05
      1205.90  -0.00044826199   8.7416191e-05
      1206.00  -0.00044818557   8.7390658e-05
      1206.10  -0.00044810917   8.7365133e-05
      1206.20  -0.00044803279   8.7339614e-05
      1206.30  -0.00044795634   8.7314072e-05
      1206.40  -0.00044788000   8.7288568e-05
      1206.50  -0.00044780368   8.7263072e-05
      1206.60  -0.00044772738   8.7237582e-05
      1206.70  -0.00044765109   8.7212100e-05
      1206.80  -0.00044757474   8.7186594e-05
      1206.90  -0.00044749849   8.7161127e-05
      1207.00  -0.00044742227   8.7135666e-05
      1207.10  -0.00044734606   8.7110213e-05
      1207.20  -0.00044726987   8.7084767e-05
      1207.30  -0.00044719361   8.7059297e-05
      1207.40  -0.00044711746   8.7033866e-05
      1207.50  -0.00044704133   8.7008442e-05
      1207.60  -0.00044696522   8.6983025e-05
      1207.70  -0.00044688913   8.6957615e-05
      1207.80  -0.00044681297   8.6932182e-05
      1207.90  -0.00044673691   8.6906786e-05
      1208.00  -0.00044666088   8.6881398e-05
      1208.10  -0.00044658486   8.6856017e-05
      1208.20  -0.00044650887   8.6830644e-05
      1208.30  -0.00044643280   8.6805246e-05
      1208.40  -0.00044635684   8.6779887e-05
      1208.50  -0.00044628090   8.6754535e-05
      1208.60  -0.00044620498   8.6729190e-05
      1208.70  -0.00044612908   8.6703852e-05
      1208.80  -0.00044605310   8.6678491e-05
      1208.90  -0.00044597724   8.6653168e-05
      1209.00  -0.00044590140   8.6627852e-05
      1209.10  -0.00044582557   8.6602543e-05
      1209.20  -0.00044574976   8.6577241e-05
      1209.30  -0.00044567388   8.6551916e-05
      1209.40  -0.00044559812   8.6526629e-05
      1209.50  -0.00044552237   8.6501348e-05
      1209.60  -0.00044544664   8.6476076e-05
      1209.70  -0.00044537092   8.6450810e-05
      1209.80  -0.00044529514   8.6425520e-05
      1209.90  -0.00044521947   8.6400269e-05
      1210.00  -0.00044514381   8.6375025e-05
      1210.10  -0.00044506818   8.6349788e-05
      1210.20  -0.00044499256   8.6324558e-05
      1210.30  -0.00044491687   8.6299304e-05
      1210.40  -0.00044484129   8.6274088e-05
      1210.50  -0.00044476573   8.6248880e-05
      1210.60  -0.00044469019   8.6223679e-05
      1210.70  -0.00044461467   8.6198484e-05
      1210.80  -0.00044453907   8.6173267e-05
      1210.90  -0.00044446359   8.6148087e-05
      1211.00  -0.00044438812   8.6122914e-05
      1211.10  -0.00044431267   8.6097748e-05
      1211.20  -0.00044423725   8.6072590e-05
      1211.30  -0.00044416174   8.6047408e-05
      1211.40  -0.00044408635   8.6022264e-05
      1211.50  -0.00044401098   8.5997127e-05
      1211.60  -0.00044393563   8.5971997e-05
      1211.70  -0.00044386030   8.5946874e-05
      1211.80  -0.00044378489   8.5921728e-05
      1211.90  -0.00044370959   8.5896619e-05
      1212.00  -0.00044363383   8.5871723e-05
      1212.10  -0.00044355759   8.5847039e-05
      1212.20  -0.00044348138   8.5822362e-05
      1212.30  -0.00044340509   8.5797663e-05
      1212.40  -0.00044332891   8.5773000e-05
      1212.50  -0.00044325275   8.5748344e-05
      1212.60  -0.00044317661   8.5723695e-05
      1212.70  -0.00044310049   8.5699053e-05
      1212.80  -0.00044302430   8.5674388e-05
      1212.90  -0.00044294821   8.5649760e-05
      1213.00  -0.00044287215   8.5625139e-05
      1213.10  -0.00044279611   8.5600525e-05
      1213.20  -0.00044272008   8.5575918e-05
      1213.30  -0.00044264398   8.5551288e-05
      1213.40  -0.00044256800   8.5526695e-05
      1213.50  -0.00044249203   8.5502108e-05
      1213.60  -0.00044241608   8.5477529e-05
      1213.70  -0.00044234015   8.5452957e-05
      1213.80  -0.00044226414   8.5428361e-05
      1213.90  -0.00044218825   8.5403803e-05
      1214.00  -0.00044211238   8.5379251e-05
      1214.10  -0.00044203653   8.5354707e-05
      1214.20  -0.00044196069   8.5330169e-05
      1214.30  -0.00044188478   8.5305608e-05
      1214.40  -0.00044180899   8.5281084e-05
      1214.50  -0.00044173321   8.5256567e-05
      1214.60  -0.00044165745   8.5232057e-05
      1214.70  -0.00044158148   8.5207561e-05
      1214.80  -0.00044150491   8.5183056e-05
      1214.90  -0.00044142845   8.5158589e-05
      1215.00  -0.00044135201   8.5134128e-05
      1215.10  -0.00044127559   8.5109674e-05
      1215.20  -0.00044119919   8.5085228e-05
      1215.30  -0.00044112271   8.5060758e-05
      1215.40  -0.00044104635   8.5036325e-05
      1215.50  -0.00044097000   8.5011898e-05
      1215.60  -0.00044089368   8.4987479e-05
      1215.70  -0.00044081737   8.4963067e-05
      1215.80  -0.00044074099   8.4938631e-05
      1215.90  -0.00044066472   8.4914233e-05
      1216.00  -0.00044058847   8.4889841e-05
      1216.10  -0.00044051224   8.4865456e-05
      1216.20  -0.00044043603   8.4841078e-05
      1216.30  -0.00044035975   8.4816677e-05
      1216.40  -0.00044028358   8.4792313e-05
      1216.50  -0.00044020742   8.4767956e-05
      1216.60  -0.00044013129   8.4743605e-05
      1216.70  -0.00044005517   8.4719261e-05
      1216.80  -0.00043997899   8.4694895e-05
      1216.90  -0.00043990291   8.4670565e-05
      1217.00  -0.00043982685   8.4646242e-05
      1217.10  -0.00043975081   8.4621925e-05
      1217.20  -0.00043967479   8.4597616e-05
      1217.30  -0.00043959870   8.4573284e-05
      1217.40  -0.00043952272   8.4548988e-05
      1217.50  -0.00043944675   8.4524699e-05
      1217.60  -0.00043937081   8.4500417e-05
      1217.70  -0.00043929489   8.4476142e-05
      1217.80  -0.00043921889   8.4451844e-05
      1217.90  -0.00043914300   8.4427582e-05
      1218.00  -0.00043906713   8.4403328e-05
      1218.10  -0.00043899129   8.4379080e-05
      1218.20  -0.00043891546   8.4354839e-05
      1218.30  -0.00043883955   8.4330575e-05
      1218.40  -0.00043876376   8.4306347e-05
      1218.50  -0.00043868799   8.4282127e-05
      1218.60  -0.00043861223   8.4257913e-05
      1218.70  -0.00043853650   8.4233706e-05
      1218.80  -0.00043846069   8.4209476e-05
      1218.90  -0.00043838500   8.4185283e-05
      1219.00  -0.00043830932   8.4161096e-05
      1219.10  -0.00043823366   8.4136917e-05
      1219.20  -0.00043815802   8.4112744e-05
      1219.30  -0.00043808230   8.4088548e-05
      1219.40  -0.00043800670   8.4064389e-05
      1219.50  -0.00043793112   8.4040236e-05
      1219.60  -0.00043785555   8.4016090e-05
      1219.70  -0.00043778001   8.3991951e-05
      1219.80  -0.00043770439   8.3967790e-05
      1219.90  -0.00043762888   8.3943664e-05
      1220.00  -0.00043755339   8.3919546e-05
      1220.10  -0.00043747792   8.3895434e-05
      1220.20  -0.00043740247   8.3871329e-05
      1220.30  -0.00043732695   8.3847201e-05
      1220.40  -0.00043725154   8.3823109e-05
      1220.50  -0.00043717614   8.3799025e-05
      1220.60  -0.00043710076   8.3774947e-05
      1220.70  -0.00043702541   8.3750875e-05
      1220.80  -0.00043694998   8.3726781e-05
      1220.90  -0.00043687466   8.3702724e-05
      1221.00  -0.00043679936   8.3678673e-05
      1221.10  -0.00043672408   8.3654629e-05
      1221.20  -0.00043664881   8.3630591e-05
      1221.30  -0.00043657348   8.3606531e-05
      1221.40  -0.00043649825   8.3582507e-05
      1221.50  -0.00043642305   8.3558490e-05
      1221.60  -0.00043634786   8.3534479e-05
      1221.70  -0.00043627269   8.3510476e-05
      1221.80  -0.00043619745   8.3486450e-05
      1221.90  -0.00043612232   8.3462459e-05
      1222.00  -0.00043604720   8.3438476e-05
      1222.10  -0.00043597211   8.3414499e-05
      1222.20  -0.00043589703   8.3390529e-05
      1222.30  -0.00043582189   8.3366536e-05
      1222.40  -0.00043574685   8.3342580e-05
      1222.50  -0.00043567183   8.3318630e-05
      1222.60  -0.00043559683   8.3294687e-05
      1222.70  -0.00043552185   8.3270750e-05
      1222.80  -0.00043544679   8.3246791e-05
      1222.90  -0.00043537185   8.3222868e-05
      1223.00  -0.00043529692   8.3198952e-05
      1223.10  -0.00043522202   8.3175043e-05
      1223.20  -0.00043514713   8.3151140e-05
      1223.30  -0.00043507217   8.3127214e-05
      1223.40  -0.00043499732   8.3103325e-05
      1223.50  -0.00043492249   8.3079442e-05
      1223.60  -0.00043484767   8.3055566e-05
      1223.70  -0.00043477288   8.3031697e-05
      1223.80  -0.00043469801   8.3007805e-05
      1223.90  -0.00043462325   8.2983949e-05
      1224.00  -0.00043454851   8.2960100e-05
      1224.10  -0.00043447379   8.2936257e-05
      1224.20  -0.00043439909   8.2912421e-05
      1224.30  -0.00043432432   8.2888563e-05
      1224.40  -0.00043424965   8.2864740e-05
      1224.50  -0.00043417501   8.2840924e-05
      1224.60  -0.00043410038   8.2817115e-05
      1224.70  -0.00043402577   8.2793312e-05
      1224.80  -0.00043395109   8.2769488e-05
      1224.90  -0.00043387652   8.2745698e-05
      1225.00  -0.00043380196   8.2721916e-05
      1225.10  -0.00043372743   8.2698140e-05
      1225.20  -0.00043365291   8.2674371e-05
      1225.30  -0.00043357833   8.2650579e-05
      1225.40  -0.00043350385   8.2626823e-05
      1225.50  -0.00043342939   8.2603074e-05
      1225.60  -0.00043335495   8.2579331e-05
      1225.70  -0.00043328052   8.2555595e-05
      1225.80  -0.00043320603   8.2531837e-05
      1225.90  -0.00043313164   8.2508114e-05
      1226.00  -0.00043305727   8.2484398e-05
      1226.10  -0.00043298292   8.2460689e-05
      1226.20  -0.00043290859   8.2436986e-05
      1226.30  -0.00043283419   8.2413261e-05
      1226.40  -0.00043275990   8.2389572e-05
      1226.50  -0.00043268562   8.2365889e-05
      1226.60  -0.00043261136   8.2342213e-05
      1226.70  -0.00043253713   8.2318543e-05
      1226.80  -0.00043246282   8.2294851e-05
      1226.90  -0.00043238861   8.2271195e-05
      1227.00  -0.00043231443   8.2247545e-05
      1227.10  -0.00043224027   8.2223902e-05
      1227.20  -0.00043216612   8.2200265e-05
      1227.30  -0.00043209190   8.2176607e-05
      1227.40  -0.00043201779   8.2152983e-05
      1227.50  -0.00043194370   8.2129367e-05
      1227.60  -0.00043186963   8.2105757e-05
      1227.70  -0.00043179558   8.2082153e-05
      1227.80  -0.00043172145   8.2058527e-05
      1227.90  -0.00043164743   8.2034937e-05
      1228.00  -0.00043157343   8.2011353e-05
      1228.10  -0.00043149945   8.1987776e-05
      1228.20  -0.00043142549   8.1964206e-05
      1228.30  -0.00043135146   8.1940613e-05
      1228.40  -0.00043127753   8.1917056e-05
      1228.50  -0.00043120363   8.1893505e-05
      1228.60  -0.00043112974   8.1869961e-05
      1228.70  -0.00043105587   8.1846423e-05
      1228.80  -0.00043098193   8.1822864e-05
      1228.90  -0.00043090809   8.1799339e-05
      1229.00  -0.00043083428   8.1775821e-05
      1229.10  -0.00043076048   8.1752310e-05
      1229.20  -0.00043068670   8.1728805e-05
      1229.30  -0.00043061285   8.1705279e-05
      1229.40  -0.00043053911   8.1681787e-05
      1229.50  -0.00043046538   8.1658302e-05
      1229.60  -0.00043039168   8.1634824e-05
      1229.70  -0.00043031799   8.1611352e-05
      1229.80  -0.00043024423   8.1587858e-05
      1229.90  -0.00043017058   8.1564399e-05
      1230.00  -0.00043009695   8.1540947e-05
      1230.10  -0.00043002334   8.1517501e-05
      1230.20  -0.00042994974   8.1494062e-05
      1230.30  -0.00042987607   8.1470601e-05
      1230.40  -0.00042980251   8.1447174e-05
      1230.50  -0.00042972897   8.1423755e-05
      1230.60  -0.00042965545   8.1400342e-05
      1230.70  -0.00042958194   8.1376936e-05
      1230.80  -0.00042950837   8.1353507e-05
      1230.90  -0.00042943490   8.1330114e-05
      1231.00  -0.00042936145   8.1306727e-05
      1231.10  -0.00042928802   8.1283346e-05
      1231.20  -0.00042921460   8.1259973e-05
      1231.30  -0.00042914112   8.1236577e-05
      1231.40  -0.00042906774   8.1213216e-05
      1231.50  -0.00042899438   8.1189862e-05
      1231.60  -0.00042892043   8.1166654e-05
      1231.70  -0.00042884589   8.1143592e-05
      1231.80  -0.00042877128   8.1120509e-05
      1231.90  -0.00042869678   8.1097460e-05
      1232.00  -0.00042862229   8.1074418e-05
      1232.10  -0.00042854782   8.1051382e-05
      1232.20  -0.00042847338   8.1028353e-05
      1232.30  -0.00042839886   8.1005301e-05
      1232.40  -0.00042832444   8.0982285e-05
      1232.50  -0.00042825005   8.0959274e-05
      1232.60  -0.00042817568   8.0936270e-05
      1232.70  -0.00042810132   8.0913273e-05
      1232.80  -0.00042802690   8.0890254e-05
      1232.90  -0.00042795258   8.0867269e-05
      1233.00  -0.00042787828   8.0844291e-05
      1233.10  -0.00042780400   8.0821319e-05
      1233.20  -0.00042772973   8.0798353e-05
      1233.30  -0.00042765540   8.0775366e-05
      1233.40  -0.00042758117   8.0752414e-05
      1233.50  -0.00042750696   8.0729467e-05
      1233.60  -0.00042743277   8.0706527e-05
      1233.70  -0.00042735860   8.0683594e-05
      1233.80  -0.00042728436   8.0660638e-05
      1233.90  -0.00042721023   8.0637717e-05
      1234.00  -0.00042713611   8.0614803e-05
      1234.10  -0.00042706201   8.0591895e-05
      1234.20  -0.00042698794   8.0568993e-05
      1234.30  -0.00042691378   8.0546070e-05
      1234.40  -0.00042683861   8.0523201e-05
      1234.50  -0.00042676318   8.0500343e-05
      1234.60  -0.00042668777   8.0477492e-05
      1234.70  -0.00042661237   8.0454647e-05
      1234.80  -0.00042653690   8.0431781e-05
      1234.90  -0.00042646154   8.0408949e-05
      1235.00  -0.00042638620   8.0386123e-05
      1235.10  -0.00042631088   8.0363303e-05
      1235.20  -0.00042623558   8.0340490e-05
      1235.30  -0.00042616021   8.0317655e-05
      1235.40  -0.00042608494   8.0294855e-05
      1235.50  -0.00042600970   8.0272061e-05
      1235.60  -0.00042593447   8.0249273e-05
      1235.70  -0.00042585926   8.0226491e-05
      1235.80  -0.00042578398   8.0203688e-05
      1235.90  -0.00042570881   8.0180919e-05
      1236.00  -0.00042563366   8.0158157e-05
      1236.10  -0.00042555853   8.0135401e-05
      1236.20  -0.00042548341   8.0112651e-05
      1236.30  -0.00042540823   8.0089879e-05
      1236.40  -0.00042533315   8.0067142e-05
      1236.50  -0.00042525809   8.0044411e-05
      1236.60  -0.00042518305   8.0021686e-05
      1236.70  -0.00042510803   7.9998968e-05
      1236.80  -0.00042503294   7.9976228e-05
      1236.90  -0.00042495796   7.9953522e-05
      1237.00  -0.00042488299   7.9930823e-05
      1237.10  -0.00042480805   7.9908129e-05
      1237.20  -0.00042473312   7.9885443e-05
      1237.30  -0.00042465812   7.9862734e-05
      1237.40  -0.00042458323   7.9840060e-05
      1237.50  -0.00042450836   7.9817392e-05
      1237.60  -0.00042443351   7.9794730e-05
      1237.70  -0.00042435867   7.9772075e-05
      1237.80  -0.00042428377   7.9749398e-05
      1237.90  -0.00042420897   7.9726755e-05
      1238.00  -0.00042413419   7.9704118e-05
      1238.10  -0.00042405943   7.9681488e-05
      1238.20  -0.00042398469   7.9658864e-05
      1238.30  -0.00042390988   7.9636218e-05
      1238.40  -0.00042383518   7.9613607e-05
      1238.50  -0.00042376049   7.9591001e-05
      1238.60  -0.00042368583   7.9568402e-05
      1238.70  -0.00042361118   7.9545809e-05
      1238.80  -0.00042353646   7.9523195e-05
      1238.90  -0.00042346185   7.9500615e-05
      1239.00  -0.00042338726   7.9478041e-05
      1239.10  -0.00042331268   7.9455473e-05
      1239.20  -0.00042323813   7.9432912e-05
      1239.30  -0.00042316350   7.9410329e-05
      1239.40  -0.00042308899   7.9387780e-05
      1239.50  -0.00042301449   7.9365237e-05
      1239.60  -0.00042294001   7.9342701e-05
      1239.70  -0.00042286554   7.9320170e-05
      1239.80  -0.00042279101   7.9297619e-05
      1239.90  -0.00042271659   7.9275101e-05
      1240.00  -0.00042264218   7.9252589e-05
      1240.10  -0.00042256779   7.9230084e-05
      1240.20  -0.00042249342   7.9207585e-05
      1240.30  -0.00042241898   7.9185064e-05
      1240.40  -0.00042234465   7.9162578e-05
      1240.50  -0.00042227033   7.9140097e-05
      1240.60  -0.00042219604   7.9117623e-05
      1240.70  -0.00042212176   7.9095155e-05
      1240.80  -0.00042204741   7.9072666e-05
      1240.90  -0.00042197317   7.9050210e-05
      1241.00  -0.00042189895   7.9027761e-05
      1241.10  -0.00042182475   7.9005318e-05
      1241.20  -0.00042175056   7.8982881e-05
      1241.30  -0.00042167631   7.8960422e-05
      1241.40  -0.00042160216   7.8937998e-05
      1241.50  -0.00042152803   7.8915580e-05
      1241.60  -0.00042145392   7.8893167e-05
      1241.70  -0.00042137982   7.8870761e-05
      1241.80  -0.00042130566   7.8848334e-05
      1241.90  -0.00042123160   7.8825941e-05
      1242.00  -0.00042115757   7.8803553e-05
      1242.10  -0.00042108355   7.8781172e-05
      1242.20  -0.00042100955   7.8758797e-05
      1242.30  -0.00042093547   7.8736401e-05
      1242.40  -0.00042086151   7.8714038e-05
      1242.50  -0.00042078757   7.8691682e-05
      1242.60  -0.00042071364   7.8669331e-05
      1242.70  -0.00042063973   7.8646987e-05
      1242.80  -0.00042056575   7.8624622e-05
      1242.90  -0.00042049188   7.8602290e-05
      1243.00  -0.00042041802   7.8579965e-05
      1243.10  -0.00042034419   7.8557645e-05
      1243.20  -0.00042027037   7.8535332e-05
      1243.30  -0.00042019648   7.8512998e-05
      1243.40  -0.00042012270   7.8490697e-05
      1243.50  -0.00042004894   7.8468402e-05
      1243.60  -0.00041997519   7.8446113e-05
      1243.70  -0.00041990147   7.8423831e-05
      1243.80  -0.00041982767   7.8401527e-05
      1243.90  -0.00041975398   7.8379257e-05
      1244.00  -0.00041968031   7.8356993e-05
      1244.10  -0.00041960666   7.8334735e-05
      1244.20  -0.00041953302   7.8312483e-05
      1244.30  -0.00041945932   7.8290210e-05
      1244.40  -0.00041938572   7.8267971e-05
      1244.50  -0.00041931214   7.8245738e-05
      1244.60  -0.00041923858   7.8223510e-05
      1244.70  -0.00041916503   7.8201289e-05
      1244.80  -0.00041909142   7.8179047e-05
      1244.90  -0.00041901791   7.8156838e-05
      1245.00  -0.00041894442   7.8134636e-05
      1245.10  -0.00041887095   7.8112439e-05
      1245.20  -0.00041879750   7.8090249e-05
      1245.30  -0.00041872398   7.8068037e-05
      1245.40  -0.00041865056   7.8045859e-05
      1245.50  -0.00041857716   7.8023687e-05
      1245.60  -0.00041850379   7.8001521e-05
      1245.70  -0.00041843042   7.7979361e-05
      1245.80  -0.00041835699   7.7957180e-05
      1245.90  -0.00041828367   7.7935033e-05
      1246.00  -0.00041821036   7.7912891e-05
      1246.10  -0.00041813707   7.7890756e-05
      1246.20  -0.00041806380   7.7868626e-05
      1246.30  -0.00041799046   7.7846476e-05
      1246.40  -0.00041791722   7.7824359e-05
      1246.50  -0.00041784401   7.7802248e-05
      1246.60  -0.00041777081   7.7780143e-05
      1246.70  -0.00041769763   7.7758044e-05
      1246.80  -0.00041762438   7.7735925e-05
      1246.90  -0.00041755124   7.7713838e-05
      1247.00  -0.00041747811   7.7691757e-05
      1247.10  -0.00041740500   7.7669683e-05
      1247.20  -0.00041733191   7.7647614e-05
      1247.30  -0.00041725875   7.7625525e-05
      1247.40  -0.00041718570   7.7603469e-05
      1247.50  -0.00041711266   7.7581419e-05
      1247.60  -0.00041703965   7.7559374e-05
      1247.70  -0.00041696665   7.7537336e-05
      1247.80  -0.00041689358   7.7515277e-05
      1247.90  -0.00041682061   7.7493252e-05
      1248.00  -0.00041674767   7.7471232e-05
      1248.10  -0.00041667474   7.7449218e-05
      1248.20  -0.00041660183   7.7427210e-05
      1248.30  -0.00041652885   7.7405182e-05
      1248.40  -0.00041645598   7.7383186e-05
      1248.50  -0.00041638313   7.7361196e-05
      1248.60  -0.00041631029   7.7339213e-05
      1248.70  -0.00041623747   7.7317235e-05
      1248.80  -0.00041616458   7.7295237e-05
      1248.90  -0.00041609180   7.7273272e-05
      1249.00  -0.00041601903   7.7251312e-05
      1249.10  -0.00041594628   7.7229359e-05
      1249.20  -0.00041587356   7.7207412e-05
      1249.30  -0.00041580076   7.7185444e-05
      1249.40  -0.00041572806   7.7163509e-05
      1249.50  -0.00041565539   7.7141580e-05
      1249.60  -0.00041558273   7.7119657e-05
      1249.70  -0.00041551009   7.7097739e-05
      1249.80  -0.00041543738   7.7075802e-05
      1249.90  -0.00041536478   7.7053897e-05
      1250.00  -0.00041529219   7.7031998e-05
      1250.10  -0.00041521962   7.7010105e-05
      1250.20  -0.00041514707   7.6988218e-05
      1250.30  -0.00041507445   7.6966310e-05
      1250.40  -0.00041500194   7.6944435e-05
      1250.50  -0.00041492944   7.6922566e-05
      1250.60  -0.00041485696   7.6900703e-05
      1250.70  -0.00041478450   7.6878846e-05
      1250.80  -0.00041471197   7.6856969e-05
      1250.90  -0.00041463955   7.6835124e-05
      1251.00  -0.00041456714   7.6813285e-05
      1251.10  -0.00041449475   7.6791452e-05
      1251.20  -0.00041442238   7.6769625e-05
      1251.30  -0.00041434994   7.6747778e-05
      1251.40  -0.00041427760   7.6725963e-05
      1251.50  -0.00041420469   7.6704232e-05
      1251.60  -0.00041413041   7.6682690e-05
      1251.70  -0.00041405614   7.6661154e-05
      1251.80  -0.00041398180   7.6639597e-05
      1251.90  -0.00041390757   7.6618073e-05
      1252.00  -0.00041383336   7.6596554e-05
      1252.10  -0.00041375917   7.6575041e-05
      1252.20  -0.00041368499   7.6553535e-05
      1252.30  -0.00041361075   7.6532007e-05
      1252.40  -0.00041353661   7.6510513e-05
      1252.50  -0.00041346249   7.6489023e-05
      1252.60  -0.00041338839   7.6467540e-05
      1252.70  -0.00041331430   7.6446063e-05
      1252.80  -0.00041324015   7.6424565e-05
      1252.90  -0.00041316610   7.6403100e-05
      1253.00  -0.00041309208   7.6381640e-05
      1253.10  -0.00041301807   7.6360186e-05
      1253.20  -0.00041294408   7.6338738e-05
      1253.30  -0.00041287001   7.6317270e-05
      1253.40  -0.00041279606   7.6295834e-05
      1253.50  -0.00041272213   7.6274404e-05
      1253.60  -0.00041264821   7.6252979e-05
      1253.70  -0.00041257431   7.6231561e-05
      1253.80  -0.00041250034   7.6210122e-05
      1253.90  -0.00041242648   7.6188715e-05
      1254.00  -0.00041235263   7.6167314e-05
      1254.10  -0.00041227881   7.6145919e-05
      1254.20  -0.00041220500   7.6124530e-05
      1254.30  -0.00041213053   7.6103124e-05
      1254.40  -0.00041205381   7.6081764e-05
      1254.50  -0.00041197711   7.6060410e-05
      1254.60  -0.00041190042   7.6039062e-05
      1254.70  -0.00041182376   7.6017720e-05
      1254.80  -0.00041174702   7.5996358e-05
      1254.90  -0.00041167040   7.5975027e-05
      1255.00  -0.00041159379   7.5953703e-05
      1255.10  -0.00041151721   7.5932384e-05
      1255.20  -0.00041144064   7.5911071e-05
      1255.30  -0.00041136400   7.5889738e-05
      1255.40  -0.00041128747   7.5868436e-05
      1255.50  -0.00041121096   7.5847141e-05
      1255.60  -0.00041113447   7.5825851e-05
      1255.70  -0.00041105800   7.5804567e-05
      1255.80  -0.00041098145   7.5783263e-05
      1255.90  -0.00041090502   7.5761991e-05
      1256.00  -0.00041082861   7.5740725e-05
      1256.10  -0.00041075221   7.5719464e-05
      1256.20  -0.00041067584   7.5698209e-05
      1256.30  -0.00041059939   7.5676934e-05
      1256.40  -0.00041052305   7.5655691e-05
      1256.50  -0.00041044673   7.5634454e-05
      1256.60  -0.00041037043   7.5613222e-05
      1256.70  -0.00041029415   7.5591996e-05
      1256.80  -0.00041021780   7.5570751e-05
      1256.90  -0.00041014155   7.5549536e-05
      1257.00  -0.00041006533   7.5528328e-05
      1257.10  -0.00040998913   7.5507125e-05
      1257.20  -0.00040991294   7.5485929e-05
      1257.30  -0.00040983668   7.5464712e-05
      1257.40  -0.00040976054   7.5443526e-05
      1257.50  -0.00040968441   7.5422347e-05
      1257.60  -0.00040960830   7.5401173e-05
      1257.70  -0.00040953221   7.5380005e-05
      1257.80  -0.00040945605   7.5358818e-05
      1257.90  -0.00040938000   7.5337661e-05
      1258.00  -0.00040930396   7.5316511e-05
      1258.10  -0.00040922795   7.5295366e-05
      1258.20  -0.00040915196   7.5274227e-05
      1258.30  -0.00040907589   7.5253068e-05
      1258.40  -0.00040899993   7.5231940e-05
      1258.50  -0.00040892399   7.5210819e-05
      1258.60  -0.00040884807   7.5189703e-05
      1258.70  -0.00040877217   7.5168593e-05
      1258.80  -0.00040869620   7.5147462e-05
      1258.90  -0.00040862034   7.5126364e-05
      1259.00  -0.00040854450   7.5105271e-05
      1259.10  -0.00040846867   7.5084184e-05
      1259.20  -0.00040839287   7.5063102e-05
      1259.30  -0.00040831699   7.5042001e-05
      1259.40  -0.00040824122   7.5020931e-05
      1259.50  -0.00040816547   7.4999867e-05
      1259.60  -0.00040808975   7.4978808e-05
      1259.70  -0.00040801403   7.4957756e-05
      1259.80  -0.00040793825   7.4936683e-05
      1259.90  -0.00040786258   7.4915642e-05
      1260.00  -0.00040778692   7.4894606e-05
      1260.10  -0.00040771129   7.4873577e-05
      1260.20  -0.00040763567   7.4852553e-05
      1260.30  -0.00040755998   7.4831509e-05
      1260.40  -0.00040748441   7.4810496e-05
      1260.50  -0.00040740885   7.4789489e-05
      1260.60  -0.00040733331   7.4768488e-05
      1260.70  -0.00040725778   7.4747493e-05
      1260.80  -0.00040718219   7.4726478e-05
      1260.90  -0.00040710671   7.4705494e-05
      1261.00  -0.00040703124   7.4684516e-05
      1261.10  -0.00040695579   7.4663543e-05
      1261.20  -0.00040688037   7.4642576e-05
      1261.30  -0.00040680487   7.4621590e-05
      1261.40  -0.00040672948   7.4600634e-05
      1261.50  -0.00040665410   7.4579685e-05
      1261.60  -0.00040657875   7.4558741e-05
      1261.70  -0.00040650342   7.4537802e-05
      1261.80  -0.00040642801   7.4516844e-05
      1261.90  -0.00040635272   7.4495917e-05
      1262.00  -0.00040627744   7.4474996e-05
      1262.10  -0.00040620218   7.4454081e-05
      1262.20  -0.00040612694   7.4433171e-05
      1262.30  -0.00040605163   7.4412241e-05
      1262.40  -0.00040597642   7.4391343e-05
      1262.50  -0.00040590124   7.4370450e-05
      1262.60  -0.00040582608   7.4349563e-05
      1262.70  -0.00040575093   7.4328682e-05
      1262.80  -0.00040567571   7.4307781e-05
      1262.90  -0.00040560060   7.4286911e-05
      1263.00  -0.00040552551   7.4266047e-05
      1263.10  -0.00040545044   7.4245188e-05
      1263.20  -0.00040537539   7.4224335e-05
      1263.30  -0.00040530026   7.4203462e-05
      1263.40  -0.00040522525   7.4182621e-05
      1263.50  -0.00040515025   7.4161785e-05
      1263.60  -0.00040507527   7.4140954e-05
      1263.70  -0.00040500031   7.4120130e-05
      1263.80  -0.00040492528   7.4099286e-05
      1263.90  -0.00040485036   7.4078472e-05
      1264.00  -0.00040477546   7.4057665e-05
      1264.10  -0.00040470057   7.4036863e-05
      1264.20  -0.00040462571   7.4016066e-05
      1264.30  -0.00040455077   7.3995250e-05
      1264.40  -0.00040447594   7.3974465e-05
      1264.50  -0.00040440113   7.3953686e-05
      1264.60  -0.00040432634   7.3932912e-05
      1264.70  -0.00040425156   7.3912144e-05
      1264.80  -0.00040417672   7.3891356e-05
      1264.90  -0.00040410198   7.3870600e-05
      1265.00  -0.00040402726   7.3849849e-05
      1265.10  -0.00040395257   7.3829103e-05
      1265.20  -0.00040387789   7.3808363e-05
      1265.30  -0.00040380313   7.3787604e-05
      1265.40  -0.00040372849   7.3766875e-05
      1265.50  -0.00040365387   7.3746152e-05
      1265.60  -0.00040357926   7.3725435e-05
      1265.70  -0.00040350467   7.3704723e-05
      1265.80  -0.00040343001   7.3683992e-05
      1265.90  -0.00040335546   7.3663291e-05
      1266.00  -0.00040328093   7.3642596e-05
      1266.10  -0.00040320642   7.3621907e-05
      1266.20  -0.00040313192   7.3601224e-05
      1266.30  -0.00040305736   7.3580520e-05
      1266.40  -0.00040298290   7.3559848e-05
      1266.50  -0.00040290846   7.3539181e-05
      1266.60  -0.00040283404   7.3518520e-05
      1266.70  -0.00040275964   7.3497865e-05
      1266.80  -0.00040268516   7.3477189e-05
      1266.90  -0.00040261080   7.3456545e-05
      1267.00  -0.00040253645   7.3435906e-05
      1267.10  -0.00040246212   7.3415273e-05
      1267.20  -0.00040238781   7.3394646e-05
      1267.30  -0.00040231343   7.3373999e-05
      1267.40  -0.00040223915   7.3353382e-05
      1267.50  -0.00040216490   7.3332771e-05
      1267.60  -0.00040209066   7.3312166e-05
      1267.70  -0.00040201645   7.3291567e-05
      1267.80  -0.00040194216   7.3270948e-05
      1267.90  -0.00040186797   7.3250359e-05
      1268.00  -0.00040179381   7.3229776e-05
      1268.10  -0.00040171967   7.3209199e-05
      1268.20  -0.00040164554   7.3188628e-05
      1268.30  -0.00040157134   7.3168036e-05
      1268.40  -0.00040149725   7.3147476e-05
      1268.50  -0.00040142318   7.3126921e-05
      1268.60  -0.00040134913   7.3106372e-05
      1268.70  -0.00040127510   7.3085828e-05
      1268.80  -0.00040120099   7.3065264e-05
      1268.90  -0.00040112699   7.3044732e-05
      1269.00  -0.00040105302   7.3024205e-05
      1269.10  -0.00040097906   7.3003683e-05
      1269.20  -0.00040090511   7.2983167e-05
      1269.30  -0.00040083110   7.2962632e-05
      1269.40  -0.00040075719   7.2942127e-05
      1269.50  -0.00040068331   7.2921628e-05
      1269.60  -0.00040060944   7.2901134e-05
      1269.70  -0.00040053559   7.2880646e-05
      1269.80  -0.00040046166   7.2860138e-05
      1269.90  -0.00040038785   7.2839661e-05
      1270.00  -0.00040031405   7.2819189e-05
      1270.10  -0.00040024028   7.2798723e-05
      1270.20  -0.00040016652   7.2778263e-05
      1270.30  -0.00040009269   7.2757783e-05
      1270.40  -0.00040001896   7.2737334e-05
      1270.50  -0.00039994526   7.2716890e-05
      1270.60  -0.00039987157   7.2696452e-05
      1270.70  -0.00039979790   7.2676019e-05
      1270.80  -0.00039972416   7.2655567e-05
      1270.90  -0.00039965053   7.2635145e-05
      1271.00  -0.00039957692   7.2614729e-05
      1271.10  -0.00039950332   7.2594318e-05
      1271.20  -0.00039942975   7.2573913e-05
      1271.30  -0.00039935610   7.2553488e-05
      1271.40  -0.00039928256   7.2533094e-05
      1271.50  -0.00039920904   7.2512706e-05
      1271.60  -0.00039913553   7.2492323e-05
      1271.70  -0.00039906205   7.2471945e-05
      1271.80  -0.00039898487   7.2451721e-05
      1271.90  -0.00039890690   7.2431570e-05
      1272.00  -0.00039882895   7.2411424e-05
      1272.10  -0.00039875102   7.2391284e-05
      1272.20  -0.00039867311   7.2371149e-05
      1272.30  -0.00039859512   7.2350995e-05
      1272.40  -0.00039851725   7.2330871e-05
      1272.50  -0.00039843940   7.2310753e-05
      1272.60  -0.00039836157   7.2290640e-05
      1272.70  -0.00039828376   7.2270532e-05
      1272.80  -0.00039820587   7.2250405e-05
      1272.90  -0.00039812810   7.2230309e-05
      1273.00  -0.00039805034   7.2210217e-05
      1273.10  -0.00039797261   7.2190131e-05
      1273.20  -0.00039789489   7.2170051e-05
      1273.30  -0.00039781710   7.2149951e-05
      1273.40  -0.00039773943   7.2129882e-05
      1273.50  -0.00039766177   7.2109817e-05
      1273.60  -0.00039758413   7.2089759e-05
      1273.70  -0.00039750651   7.2069705e-05
      1273.80  -0.00039742882   7.2049633e-05
      1273.90  -0.00039735124   7.2029590e-05
      1274.00  -0.00039727368   7.2009553e-05
      1274.10  -0.00039719614   7.1989521e-05
      1274.20  -0.00039711862   7.1969495e-05
      1274.30  -0.00039704103   7.1949449e-05
      1274.40  -0.00039696355   7.1929434e-05
      1274.50  -0.00039688609   7.1909423e-05
      1274.60  -0.00039680764   7.1889425e-05
      1274.70  -0.00039672687   7.1869447e-05
      1274.80  -0.00039664602   7.1849450e-05
      1274.90  -0.00039656530   7.1829482e-05
      1275.00  -0.00039648459   7.1809520e-05
      1275.10  -0.00039640390   7.1789564e-05
      1275.20  -0.00039632324   7.1769613e-05
      1275.30  -0.00039624249   7.1749642e-05
      1275.40  -0.00039616187   7.1729702e-05
      1275.50  -0.00039608126   7.1709767e-05
      1275.60  -0.00039600067   7.1689837e-05
      1275.70  -0.00039592011   7.1669913e-05
      1275.80  -0.00039583947   7.1649970e-05
      1275.90  -0.00039575894   7.1630056e-05
      1276.00  -0.00039567844   7.1610148e-05
      1276.10  -0.00039559796   7.1590245e-05
      1276.20  -0.00039551750   7.1570347e-05
      1276.30  -0.00039543695   7.1550431e-05
      1276.40  -0.00039535653   7.1530544e-05
      1276.50  -0.00039527613   7.1510662e-05
      1276.60  -0.00039519575   7.1490786e-05
      1276.70  -0.00039511539   7.1470916e-05
      1276.80  -0.00039503495   7.1451026e-05
      1276.90  -0.00039495463   7.1431166e-05
      1277.00  -0.00039487433   7.1411311e-05
      1277.10  -0.00039479405   7.1391462e-05
      1277.20  -0.00039471379   7.1371618e-05
      1277.30  -0.00039463345   7.1351755e-05
      1277.40  -0.00039455324   7.1331921e-05
      1277.50  -0.00039447304   7.1312093e-05
      1277.60  -0.00039439286   7.1292271e-05
      1277.70  -0.00039431270   7.1272453e-05
      1277.80  -0.00039423247   7.1252617e-05
      1277.90  -0.00039415235   7.1232810e-05
      1278.00  -0.00039407225   7.1213009e-05
      1278.10  -0.00039399217   7.1193213e-05
      1278.20  -0.00039391212   7.1173422e-05
      1278.30  -0.00039383198   7.1153612e-05
      1278.40  -0.00039375197   7.1133832e-05
      1278.50  -0.00039367197   7.1114058e-05
      1278.60  -0.00039359200   7.1094288e-05
      1278.70  -0.00039351204   7.1074524e-05
      1278.80  -0.00039343201   7.1054741e-05
      1278.90  -0.00039335209   7.1034987e-05
      1279.00  -0.00039327220   7.1015239e-05
      1279.10  -0.00039319232   7.0995496e-05
      1279.20  -0.00039311247   7.0975759e-05
      1279.30  -0.00039303253   7.0956002e-05
      1279.40  -0.00039295272   7.0936275e-05
      1279.50  -0.00039287293   7.0916554e-05
      1279.60  -0.00039279315   7.0896837e-05
      1279.70  -0.00039271340   7.0877126e-05
      1279.80  -0.00039263357   7.0857396e-05
      1279.90  -0.00039255385   7.0837696e-05
      1280.00  -0.00039247416   7.0818000e-05
      1280.10  -0.00039238886   7.0800939e-05
      1280.20  -0.00039230507   7.0784381e-05
      1280.30  -0.00039222121   7.0767308e-05
      1280.40  -0.00039213797   7.0750759e-05
      1280.50  -0.00039205475   7.0733715e-05
      1280.60  -0.00039197206   7.0717175e-05
      1280.70  -0.00039188938   7.0700140e-05
      1280.80  -0.00039180612   7.0683588e-05
      1280.90  -0.00039172349   7.0666562e-05
      1281.00  -0.00039164088   7.0650039e-05
      1281.10  -0.00039155829   7.0633022e-05
      1281.20  -0.00039147522   7.0616508e-05
      1281.30  -0.00039139256   7.0599479e-05
      1281.40  -0.00039131004   7.0582974e-05
      1281.50  -0.00039122753   7.0565974e-05
      1281.60  -0.00039114454   7.0548978e-05
      1281.70  -0.00039106208   7.0532486e-05
      1281.80  -0.00039097953   7.0515479e-05
      1281.90  -0.00039089661   7.0498995e-05
      1282.00  -0.00039081371   7.0482017e-05
      1282.10  -0.00039073132   7.0465543e-05
      1282.20  -0.00039064846   7.0448574e-05
      1282.30  -0.00039056553   7.0432087e-05
      1282.40  -0.00039048271   7.0415127e-05
      1282.50  -0.00039039991   7.0398669e-05
      1282.60  -0.00039031664   7.0381718e-05
      1282.70  -0.00039023388   7.0365268e-05
      1282.80  -0.00039015055   7.0348306e-05
      1282.90  -0.00039006784   7.0331865e-05
      1283.00  -0.00038998465   7.0315429e-05
      1283.10  -0.00038990149   7.0298499e-05
      1283.20  -0.00038981834   7.0282072e-05
      1283.30  -0.00038973511   7.0265131e-05
      1283.40  -0.00038965201   7.0248712e-05
      1283.50  -0.00038956893   7.0231800e-05
      1283.60  -0.00038948537   7.0215390e-05
      1283.70  -0.00038940183   7.0198984e-05
      1283.80  -0.00038931821   7.0182064e-05
      1283.90  -0.00038923472   7.0165667e-05
      1284.00  -0.00038915124   7.0148777e-05
      1284.10  -0.00038906779   7.0132388e-05
      1284.20  -0.00038898387   7.0115507e-05
      1284.30  -0.00038890035   7.0099106e-05
      1284.40  -0.00038881647   7.0082233e-05
      1284.50  -0.00038873260   7.0065862e-05
      1284.60  -0.00038864876   7.0048998e-05
      1284.70  -0.00038856445   7.0032634e-05
      1284.80  -0.00038848054   7.0015759e-05
      1284.90  -0.00038839627   6.9999404e-05
      1285.00  -0.00038831202   6.9983054e-05
      1285.10  -0.00038822729   6.9966708e-05
      1285.20  -0.00038814308   6.9949870e-05
      1285.30  -0.00038805879   6.9933513e-05
      1285.40  -0.00038797413   6.9917179e-05
      1285.50  -0.00038788948   6.9900354e-05
      1285.60  -0.00038780487   6.9884030e-05
      1285.70  -0.00038772027   6.9867709e-05
      1285.80  -0.00038763509   6.9850877e-05
      1285.90  -0.00038755004   6.9834565e-05
      1286.00  -0.00038746501   6.9818258e-05
      1286.10  -0.00038738001   6.9801459e-05
      1286.20  -0.00038729502   6.9785159e-05
      1286.30  -0.00038720946   6.9768844e-05
      1286.40  -0.00038712403   6.9752059e-05
      1286.50  -0.00038703861   6.9735772e-05
      1286.60  -0.00038695322   6.9719490e-05
      1286.70  -0.00038686785   6.9702717e-05
      1286.80  -0.00038678190   6.9686423e-05
      1286.90  -0.00038669608   6.9670154e-05
      1287.00  -0.00038661028   6.9653394e-05
      1287.10  -0.00038652401   6.9637133e-05
      1287.20  -0.00038643776   6.9620876e-05
      1287.30  -0.00038635142   6.9604109e-05
      1287.40  -0.00038626522   6.9587861e-05
      1287.50  -0.00038617904   6.9571122e-05
      1287.60  -0.00038609238   6.9554883e-05
      1287.70  -0.00038600575   6.9538647e-05
      1287.80  -0.00038591903   6.9521902e-05
      1287.90  -0.00038583195   6.9505675e-05
      1288.00  -0.00038574489   6.9489452e-05
      1288.10  -0.00038565785   6.9472739e-05
      1288.20  -0.00038557083   6.9456525e-05
      1288.30  -0.00038548324   6.9439801e-05
      1288.40  -0.00038539577   6.9423595e-05
      1288.50  -0.00038530833   6.9407393e-05
      1288.60  -0.00038522042   6.9390702e-05
      1288.70  -0.00038513253   6.9374509e-05
      1288.80  -0.00038504455   6.9357806e-05
      1288.90  -0.00038495671   6.9341622e-05
      1289.00  -0.00038486839   6.9325441e-05
      1289.10  -0.00038478010   6.9308771e-05
      1289.20  -0.00038469183   6.9292599e-05
      1289.30  -0.00038460298   6.9275918e-05
      1289.40  -0.00038451476   6.9259754e-05
      1289.50  -0.00038442606   6.9243102e-05
      1289.60  -0.00038433739   6.9226947e-05
      1289.70  -0.00038424825   6.9210796e-05
      1289.80  -0.00038416001   6.9194136e-05
      1289.90  -0.00038407337   6.9177992e-05
      1290.00  -0.00038398332   6.9154960e-05
      1290.10  -0.00038389082   6.9138827e-05
      1290.20  -0.00038379933   6.9122205e-05
      1290.30  -0.00038370825   6.9106060e-05
      1290.40  -0.00038361730   6.9089448e-05
      1290.50  -0.00038352589   6.9073331e-05
      1290.60  -0.00038343499   6.9056727e-05
      1290.70  -0.00038334362   6.9040619e-05
      1290.80  -0.00038325216   6.9024003e-05
      1290.90  -0.00038316035   6.9007412e-05
      1291.00  -0.00038306856   6.8991316e-05
      1291.10  -0.00038297630   6.8974733e-05
      1291.20  -0.00038288456   6.8958646e-05
      1291.30  -0.00038279175   6.8942052e-05
      1291.40  -0.00038269956   6.8925974e-05
      1291.50  -0.00038260691   6.8909408e-05
      1291.60  -0.00038251379   6.8893338e-05
      1291.70  -0.00038242069   6.8876780e-05
      1291.80  -0.00038232702   6.8860208e-05
      1291.90  -0.00038223348   6.8844150e-05
      1292.00  -0.00038213997   6.8827605e-05
      1292.10  -0.00038204599   6.8811556e-05
      1292.20  -0.00038195154   6.8795020e-05
      1292.30  -0.00038185700   6.8778960e-05
      1292.40  -0.00038176261   6.8762923e-05
      1292.50  -0.00038166774   6.8746399e-05
      1292.60  -0.00038157291   6.8730371e-05
      1292.70  -0.00038147760   6.8713857e-05
      1292.80  -0.00038138172   6.8697816e-05
      1292.90  -0.00038128598   6.8681310e-05
      1293.00  -0.00038118977   6.8665299e-05
      1293.10  -0.00038109358   6.8648801e-05
      1293.20  -0.00038099743   6.8632797e-05
      1293.30  -0.00038090019   6.8616778e-05
      1293.40  -0.00038080311   6.8600294e-05
      1293.50  -0.00038070605   6.8584303e-05
      1293.60  -0.00038060852   6.8567826e-05
      1293.70  -0.00038051053   6.8551843e-05
      1293.80  -0.00038041245   6.8535356e-05
      1293.90  -0.00038031402   6.8519381e-05
      1294.00  -0.00038021513   6.8502922e-05
      1294.10  -0.00038011577   6.8486956e-05
      1294.20  -0.00038001644   6.8470505e-05
      1294.30  -0.00037991702   6.8454527e-05
      1294.40  -0.00037981677   6.8438085e-05
      1294.50  -0.00037971654   6.8422135e-05
      1294.60  -0.00037961585   6.8406190e-05
      1294.70  -0.00037951469   6.8389760e-05
      1294.80  -0.00037941345   6.8373803e-05
      1294.90  -0.00037931186   6.8357382e-05
      1295.00  -0.00037920932   6.8341453e-05
      1295.10  -0.00037910681   6.8325528e-05
      1295.20  -0.00037900432   6.8309608e-05
      1295.30  -0.00037890077   6.8293672e-05
      1295.40  -0.00037879736   6.8277760e-05
      1295.50  -0.00037869349   6.8261852e-05
      1295.60  -0.00037858917   6.8245948e-05
      1295.70  -0.00037848487   6.8230048e-05
      1295.80  -0.00037837998   6.8214132e-05
      1295.90  -0.00037827427   6.8198240e-05
      1296.00  -0.00037816859   6.8182353e-05
      1296.10  -0.00037806245   6.8166469e-05
      1296.20  -0.00037795585   6.8150590e-05
      1296.30  -0.00037784866   6.8134695e-05
      1296.40  -0.00037774114   6.8118823e-05
      1296.50  -0.00037763317   6.8102956e-05
      1296.60  -0.00037752473   6.8087093e-05
      1296.70  -0.00037741584   6.8071234e-05
      1296.80  -0.00037730636   6.8055360e-05
      1296.90  -0.00037719655   6.8039509e-05
      1297.00  -0.00037708628   6.8023662e-05
      1297.10  -0.00037697507   6.8007819e-05
      1297.20  -0.00037686389   6.7991980e-05
      1297.30  -0.00037675163   6.7976126e-05
      1297.40  -0.00037663904   6.7960296e-05
      1297.50  -0.00037652601   6.7943982e-05
      1297.60  -0.00037641251   6.7928160e-05
      1297.70  -0.00037629807   6.7912342e-05
      1297.80  -0.00037618304   6.7896508e-05
      1297.90  -0.00037606769   6.7880698e-05
      1298.00  -0.00037595140   6.7864892e-05
      1298.10  -0.00037583466   6.7849090e-05
      1298.20  -0.00037571697   6.7833292e-05
      1298.30  -0.00037559869   6.7817479e-05
      1298.40  -0.00037547961   6.7801689e-05
      1298.50  -0.00037536007   6.7785903e-05
      1298.60  -0.00037523960   6.7770122e-05
      1298.70  -0.00037511867   6.7754344e-05
      1298.80  -0.00037499617   6.7738551e-05
      1298.90  -0.00037487337   6.7722782e-05
      1299.00  -0.00037475011   6.7707016e-05
      1299.10  -0.00037462543   6.7691255e-05
      1299.20  -0.00037449982   6.7675012e-05
      1299.30  -0.00037437311   6.7659725e-05
      1299.40  -0.00037424562   6.7643976e-05
      1299.50  -0.00037411720   6.7628231e-05
      1299.60  -0.00037398784   6.7612489e-05
      1299.70  -0.00037385755   6.7597237e-05
      1299.80  -0.00037372567   6.7581485e-05
      1299.90  -0.00037359205   6.7565756e-05
      1300.00  -0.00037345654   6.7550031e-05
      1300.10  -0.00037332008   6.7538188e-05
      1300.20  -0.00037318318   6.7525863e-05
      1300.30  -0.00037304810   6.7516921e-05
      1300.40  -0.00037291951   6.7507989e-05
      1300.50  -0.00037278902   6.7481139e-05
      1300.60  -0.00037264549   6.7454295e-05
      1300.70  -0.00037249522   6.7433754e-05
      1300.80  -0.00037233608   6.7413690e-05
      1300.90  -0.00037217912   6.7416402e-05
      1301.00  -0.00037203963   6.7419595e-05
      1301.10  -0.00037190017   6.7398586e-05
      1301.20  -0.00037174236   6.7378067e-05
      1301.30  -0.00037158442   6.7380287e-05
      1301.40  -0.00037144653   6.7382988e-05
      1301.50  -0.00037130433   6.7348450e-05
      1301.60  -0.00037113025   6.7314405e-05
      1301.70  -0.00037095042   6.7316147e-05
      1301.80  -0.00037077961   6.7317900e-05
      1301.90  -0.00037061293   6.7325448e-05
      1302.00  -0.00037045258   6.7332510e-05
      1302.10  -0.00037029324   6.7332320e-05
      1302.20  -0.00037013007   6.7332129e-05
      1302.30  -0.00036996628   6.7335321e-05
      1302.40  -0.00036980611   6.7338024e-05
      1302.50  -0.00036964356   6.7329619e-05
      1302.60  -0.00036946899   6.7321216e-05
      1302.70  -0.00036929206   6.7325848e-05
      1302.80  -0.00036912076   6.7330483e-05
      1302.90  -0.00036894778   6.7327390e-05
      1303.00  -0.00036876810   6.7324781e-05
      1303.10  -0.00036858558   6.7327962e-05
      1303.20  -0.00036840262   6.7330659e-05
      1303.30  -0.00036821756   6.7332875e-05
      1303.40  -0.00036803036   6.7335568e-05
      1303.50  -0.00036783840   6.7335849e-05
      1303.60  -0.00036763733   6.7336129e-05
      1303.70  -0.00036743343   6.7351349e-05
      1303.80  -0.00036723175   6.7366588e-05
      1303.90  -0.00036703133   6.7385657e-05
      1304.00  -0.00036683290   6.7404719e-05
      1304.10  -0.00036663597   6.7422329e-05
      1304.20  -0.00036644536   6.7439933e-05
      1304.30  -0.00036624781   6.7431041e-05
      1304.40  -0.00036602408   6.7422157e-05
      1304.50  -0.00036579560   6.7442640e-05
      1304.60  -0.00036558452   6.7463596e-05
      1304.70  -0.00036536483   6.7448453e-05
      1304.80  -0.00036510448   6.7433313e-05
      1304.90  -0.00036483874   6.7473989e-05
      1305.00  -0.00036460241   6.7514170e-05
      1305.10  -0.00036436471   6.7520664e-05
      1305.20  -0.00036410352   6.7526675e-05
      1305.30  -0.00036383245   6.7546165e-05
      1305.40  -0.00036356178   6.7565145e-05
      1305.50  -0.00036327485   6.7562489e-05
      1305.60  -0.00036294474   6.7559834e-05
      1305.70  -0.00036259984   6.7613878e-05
      1305.80  -0.00036226229   6.7667986e-05
      1305.90  -0.00036191565   6.7726333e-05
      1306.00  -0.00036154078   6.7784181e-05
      1306.10  -0.00036115401   6.7896288e-05
      1306.20  -0.00036076063   6.8007879e-05
      1306.30  -0.00036036978   6.8181560e-05
      1306.40  -0.00035999728   6.8355494e-05
      1306.50  -0.00035963832   6.8561047e-05
      1306.60  -0.00035930875   6.8767497e-05
      1306.70  -0.00035898264   6.8945577e-05
      1306.80  -0.00035862885   6.9123840e-05
      1306.90  -0.00035828568   6.9360330e-05
      1307.00  -0.00035801214   6.9596747e-05
      1307.10  -0.00035772670   6.9694489e-05
      1307.20  -0.00035735408   6.9792679e-05
      1307.30  -0.00035692589   6.9904393e-05
      1307.40  -0.00035642739   7.0015957e-05
      1307.50  -0.00035586195   7.0188342e-05
      1307.60  -0.00035516298   7.0360673e-05
      1307.70  -0.00035444889   7.0859174e-05
      1307.80  -0.00035383147   7.1361126e-05
      1307.90  -0.00035324328   7.1943226e-05
      1308.00  -0.00035263804   7.2527541e-05
      1308.10  -0.00035206984   7.3325727e-05
      1308.20  -0.00035159133   7.4128933e-05
      1308.30  -0.00035117997   7.5044978e-05
      1308.40  -0.00035082479   7.5966425e-05
      1308.50  -0.00035058358   7.7080883e-05
      1308.60  -0.00035057547   7.8203613e-05
      1308.70  -0.00035069220   7.9186334e-05
      1308.80  -0.00035090005   8.0178948e-05
      1308.90  -0.00035118173   8.1033333e-05
      1309.00  -0.00035152930   8.1894628e-05
      1309.10  -0.00035190784   8.2583055e-05
      1309.20  -0.00035224754   8.3274139e-05
      1309.30  -0.00035261963   8.3990251e-05
      1309.40  -0.00035308147   8.4709080e-05
      1309.50  -0.00035360765   8.5330711e-05
      1309.60  -0.00035423256   8.5955974e-05
      1309.70  -0.00035487400   8.6315992e-05
      1309.80  -0.00035543380   8.6677696e-05
      1309.90  -0.00035598891   8.7014505e-05
      1310.00  -0.00035660304   8.7351210e-05
      1310.10  -0.00035720265   8.7484917e-05
      1310.20  -0.00035770138   8.7618582e-05
      1310.30  -0.00035818099   8.7780548e-05
      1310.40  -0.00035871087   8.7942240e-05
      1310.50  -0.00035921674   8.7944567e-05
      1310.60  -0.00035960177   8.7947369e-05
      1310.70  -0.00035999191   8.8091793e-05
      1310.80  -0.00036054611   8.8236710e-05
      1310.90  -0.00036109473   8.8076870e-05
      1311.00  -0.00036149971   8.7916600e-05
      1311.10  -0.00036184403   8.7755425e-05
      1311.20  -0.00036214870   8.7594298e-05
      1311.30  -0.00036241355   8.7413471e-05
      1311.40  -0.00036263891   8.7233378e-05
      1311.50  -0.00036281276   8.7023335e-05
      1311.60  -0.00036288225   8.6813830e-05
      1311.70  -0.00036293504   8.6764840e-05
      1311.80  -0.00036307888   8.6716253e-05
      1311.90  -0.00036320252   8.6530693e-05
      1312.00  -0.00036320858   8.6345664e-05
      1312.10  -0.00036316466   8.6255880e-05
      1312.20  -0.00036309124   8.6166121e-05
      1312.30  -0.00036299488   8.6165320e-05
      1312.40  -0.00036286775   8.6165074e-05
      1312.50  -0.00036275016   8.6316048e-05
      1312.60  -0.00036269728   8.6466976e-05
      1312.70  -0.00036266058   8.6623561e-05
      1312.80  -0.00036258723   8.6781331e-05
      1312.90  -0.00036256391   8.7122261e-05
      1313.00  -0.00036273684   8.7464036e-05
      1313.10  -0.00036291969   8.7535307e-05
      1313.20  -0.00036289821   8.7606081e-05
      1313.30  -0.00036290009   8.8004009e-05
      1313.40  -0.00036316738   8.8402834e-05
      1313.50  -0.00036345927   8.8476289e-05
      1313.60  -0.00036355211   8.8550196e-05
      1313.70  -0.00036364016   8.8868059e-05
      1313.80  -0.00036386134   8.9188158e-05
      1313.90  -0.00036415296   8.9478831e-05
      1314.00  -0.00036454364   8.9770837e-05
      1314.10  -0.00036495935   8.9883394e-05
      1314.20  -0.00036532228   8.9995916e-05
      1314.30  -0.00036569886   9.0122306e-05
      1314.40  -0.00036616114   9.0248458e-05
      1314.50  -0.00036661379   9.0164074e-05
      1314.60  -0.00036693876   9.0078766e-05
      1314.70  -0.00036726031   9.0110548e-05
      1314.80  -0.00036770784   9.0141791e-05
      1314.90  -0.00036813813   8.9924299e-05
      1315.00  -0.00036839442   8.9706872e-05
      1315.10  -0.00036863878   8.9672861e-05
      1315.20  -0.00036903272   8.9638385e-05
      1315.30  -0.00036941037   8.9344138e-05
      1315.40  -0.00036959999   8.9050732e-05
      1315.50  -0.00036976920   8.8954811e-05
      1315.60  -0.00037007137   8.8858917e-05
      1315.70  -0.00037036163   8.8559091e-05
      1315.80  -0.00037049962   8.8259498e-05
      1315.90  -0.00037062602   8.8133466e-05
      1316.00  -0.00037089049   8.8006998e-05
      1316.10  -0.00037112696   8.7631268e-05
      1316.20  -0.00037115625   8.7257069e-05
      1316.30  -0.00037115195   8.7118209e-05
      1316.40  -0.00037125114   8.6979656e-05
      1316.50  -0.00037135975   8.6765047e-05
      1316.60  -0.00037142295   8.6550030e-05
      1316.70  -0.00037147809   8.6376657e-05
      1316.80  -0.00037156731   8.6203562e-05
      1316.90  -0.00037162662   8.5938170e-05
      1317.00  -0.00037155083   8.5673329e-05
      1317.10  -0.00037148923   8.5658434e-05
      1317.20  -0.00037163303   8.5643070e-05
      1317.30  -0.00037176650   8.5325739e-05
      1317.40  -0.00037167230   8.5009753e-05
      1317.50  -0.00037155028   8.4961920e-05
      1317.60  -0.00037155479   8.4913629e-05
      1317.70  -0.00037157061   8.4770993e-05
      1317.80  -0.00037150570   8.4627327e-05
      1317.90  -0.00037144794   8.4625338e-05
      1318.00  -0.00037147744   8.4623349e-05
      1318.10  -0.00037153522   8.4566180e-05
      1318.20  -0.00037159817   8.4509499e-05
      1318.30  -0.00037167015   8.4425400e-05
      1318.40  -0.00037176651   8.4341857e-05
      1318.50  -0.00037183362   8.4140533e-05
      1318.60  -0.00037176735   8.3939740e-05
      1318.70  -0.00037169307   8.3939215e-05
      1318.80  -0.00037171869   8.3938244e-05
      1318.90  -0.00037177445   8.3891604e-05
      1319.00  -0.00037183396   8.3844505e-05
      1319.10  -0.00037190521   8.3790828e-05
      1319.20  -0.00037199668   8.3737165e-05
      1319.30  -0.00037210285   8.3652831e-05
      1319.40  -0.00037223897   8.3569053e-05
      1319.50  -0.00037236235   8.3375672e-05
      1319.60  -0.00037242027   8.3182348e-05
      1319.70  -0.00037244666   8.3008367e-05
      1319.80  -0.00037242881   8.2834284e-05
      1319.90  -0.00037242039   8.2770939e-05
      1320.00  -0.00037249330   8.2707613e-05
      1320.10  -0.00037258922   8.2565313e-05
      1320.20  -0.00037269357   8.2423055e-05
      1320.30  -0.00037277635   8.2178121e-05
      1320.40  -0.00037278851   8.1934922e-05
      1320.50  -0.00037276166   8.1711057e-05
      1320.60  -0.00037267563   8.1488199e-05
      1320.70  -0.00037259619   8.1405833e-05
      1320.80  -0.00037261914   8.1323364e-05
      1320.90  -0.00037264913   8.1116630e-05
      1321.00  -0.00037261668   8.0910428e-05
      1321.10  -0.00037255747   8.0726352e-05
      1321.20  -0.00037246495   8.0542331e-05
      1321.30  -0.00037237989   8.0447380e-05
      1321.40  -0.00037237610   8.0352113e-05
      1321.50  -0.00037235964   8.0119434e-05
      1321.60  -0.00037222965   7.9886354e-05
      1321.70  -0.00037207438   7.9778551e-05
      1321.80  -0.00037194665   7.9670694e-05
      1321.90  -0.00037182521   7.9593465e-05
      1322.00  -0.00037169724   7.9516258e-05
      1322.10  -0.00037160305   7.9532827e-05
      1322.20  -0.00037163166   7.9549391e-05
      1322.30  -0.00037166967   7.9377442e-05
      1322.40  -0.00037162705   7.9205659e-05
      1322.50  -0.00037153620   7.9022218e-05
      1322.60  -0.00037135075   7.8839300e-05
      1322.70  -0.00037116863   7.8850752e-05
      1322.80  -0.00037110678   7.8861738e-05
      1322.90  -0.00037105863   7.8760392e-05
      1323.00  -0.00037093654   7.8659543e-05
      1323.10  -0.00037082011   7.8668719e-05
      1323.20  -0.00037078699   7.8678360e-05
      1323.30  -0.00037076507   7.8593887e-05
      1323.40  -0.00037069548   7.8509037e-05
      1323.50  -0.00037061983   7.8463497e-05
      1323.60  -0.00037055730   7.8417969e-05
      1323.70  -0.00037051208   7.8390220e-05
      1323.80  -0.00037052623   7.8361443e-05
      1323.90  -0.00037052354   7.8189724e-05
      1324.00  -0.00037040682   7.8017122e-05
      1324.10  -0.00037025975   7.7955801e-05
      1324.20  -0.00037011226   7.7894498e-05
      1324.30  -0.00036999367   7.7942079e-05
      1324.40  -0.00036998826   7.7989602e-05
      1324.50  -0.00036999406   7.7885348e-05
      1324.60  -0.00036992561   7.7781592e-05
      1324.70  -0.00036983336   7.7715679e-05
      1324.80  -0.00036972046   7.7649753e-05
      1324.90  -0.00036962034   7.7666043e-05
      1325.00  -0.00036958790   7.7682793e-05
      1325.10  -0.00036957506   7.7631873e-05
      1325.20  -0.00036957156   7.7580500e-05
      1325.30  -0.00036952875   7.7412834e-05
      1325.40  -0.00036932281   7.7245437e-05
      1325.50  -0.00036912766   7.7371364e-05
      1325.60  -0.00036913447   7.7497252e-05
      1325.70  -0.00036917716   7.7422205e-05
      1325.80  -0.00036914944   7.7347042e-05
      1325.90  -0.00036910076   7.7275719e-05
      1326.00  -0.00036903485   7.7203950e-05
      1326.10  -0.00036895731   7.7144317e-05
      1326.20  -0.00036885837   7.7085167e-05
      1326.30  -0.00036876260   7.7083764e-05
      1326.40  -0.00036869770   7.7082390e-05
      1326.50  -0.00036864958   7.7078222e-05
      1326.60  -0.00036863405   7.7073589e-05
      1326.70  -0.00036860736   7.6986113e-05
      1326.80  -0.00036849540   7.6898139e-05
      1326.90  -0.00036839104   7.6952636e-05
      1327.00  -0.00036839789   7.7007116e-05
      1327.10  -0.00036841729   7.6926193e-05
      1327.20  -0.00036837575   7.6845293e-05
      1327.30  -0.00036831228   7.6783866e-05
      1327.40  -0.00036822611   7.6722090e-05
      1327.50  -0.00036814042   7.6718439e-05
      1327.60  -0.00036807754   7.6714323e-05
      1327.70  -0.00036803744   7.6732049e-05
      1327.80  -0.00036805684   7.6749738e-05
      1327.90  -0.00036807483   7.6649892e-05
      1328.00  -0.00036802917   7.6550539e-05
      1328.10  -0.00036795472   7.6471191e-05
      1328.20  -0.00036783524   7.6392331e-05
      1328.30  -0.00036772637   7.6434230e-05
      1328.40  -0.00036770121   7.6476108e-05
      1328.50  -0.00036770065   7.6450206e-05
      1328.60  -0.00036770984   7.6424310e-05
      1328.70  -0.00036769674   7.6310260e-05
      1328.80  -0.00036758286   7.6195700e-05
      1328.90  -0.00036747655   7.6250122e-05
      1329.00  -0.00036750802   7.6304990e-05
      1329.10  -0.00036753993   7.6165026e-05
      1329.20  -0.00036744108   7.6025566e-05
      1329.30  -0.00036732357   7.6025192e-05
      1329.40  -0.00036725952   7.6024886e-05
      1329.50  -0.00036722283   7.6028287e-05
      1329.60  -0.00036724084   7.6031685e-05
      1329.70  -0.00036724865   7.5905818e-05
      1329.80  -0.00036716232   7.5780308e-05
      1329.90  -0.00036705291   7.5742508e-05
      1330.00  -0.00036694817   7.5705181e-05
      1330.10  -0.00036686568   7.5740579e-05
      1330.20  -0.00036685868   7.5775965e-05
      1330.30  -0.00036687022   7.5721957e-05
      1330.40  -0.00036687479   7.5668430e-05
      1330.50  -0.00036685113   7.5534398e-05
      1330.60  -0.00036673168   7.5400405e-05
      1330.70  -0.00036660023   7.5399686e-05
      1330.80  -0.00036652468   7.5398530e-05
      1330.90  -0.00036646962   7.5387666e-05
      1331.00  -0.00036643816   7.5377266e-05
      1331.10  -0.00036640393   7.5311837e-05
      1331.20  -0.00036632949   7.5246426e-05
      1331.30  -0.00036625127   7.5228607e-05
      1331.40  -0.00036619812   7.5210371e-05
      1331.50  -0.00036614868   7.5171347e-05
      1331.60  -0.00036608815   7.5132333e-05
      1331.70  -0.00036602903   7.5108574e-05
      1331.80  -0.00036598602   7.5084318e-05
      1331.90  -0.00036593800   7.5029166e-05
      1332.00  -0.00036585028   7.4973568e-05
      1332.10  -0.00036577690   7.5004335e-05
      1332.20  -0.00036579816   7.5034630e-05
      1332.30  -0.00036581385   7.4903267e-05
      1332.40  -0.00036571326   7.4772055e-05
      1332.50  -0.00036559839   7.4769142e-05
      1332.60  -0.00036554861   7.4766229e-05
      1332.70  -0.00036550484   7.4706584e-05
      1332.80  -0.00036542640   7.4646429e-05
      1332.90  -0.00036534484   7.4627852e-05
      1333.00  -0.00036528589   7.4609742e-05
      1333.10  -0.00036523111   7.4574115e-05
      1333.20  -0.00036516942   7.4538959e-05
      1333.30  -0.00036510767   7.4509766e-05
      1333.40  -0.00036505154   7.4481078e-05
      1333.50  -0.00036499404   7.4442724e-05
      1333.60  -0.00036492319   7.4404841e-05
      1333.70  -0.00036485927   7.4399207e-05
      1333.80  -0.00036483216   7.4393545e-05
      1333.90  -0.00036480602   7.4328053e-05
      1334.00  -0.00036474904   7.4262580e-05
      1334.10  -0.00036467918   7.4207714e-05
      1334.20  -0.00036459369   7.4152864e-05
      1334.30  -0.00036450951   7.4139415e-05
      1334.40  -0.00036444707   7.4125545e-05
      1334.50  -0.00036440029   7.4113519e-05
      1334.60  -0.00036439630   7.4101036e-05
      1334.70  -0.00036437529   7.3974512e-05
      1334.80  -0.00036425438   7.3847903e-05
      1334.90  -0.00036411706   7.3841900e-05
      1335.00  -0.00036402253   7.3836357e-05
      1335.10  -0.00036394641   7.3838631e-05
      1335.20  -0.00036390018   7.3841362e-05
      1335.30  -0.00036385711   7.3794887e-05
      1335.40  -0.00036378793   7.3748923e-05
      1335.50  -0.00036371692   7.3724559e-05
      1335.60  -0.00036366844   7.3700661e-05
      1335.70  -0.00036360666   7.3621669e-05
      1335.80  -0.00036346991   7.3542660e-05
      1335.90  -0.00036334299   7.3606033e-05
      1336.00  -0.00036332121   7.3669386e-05
      1336.10  -0.00036332238   7.3627609e-05
      1336.20  -0.00036330657   7.3586302e-05
      1336.30  -0.00036326958   7.3488016e-05
      1336.40  -0.00036317072   7.3389410e-05
      1336.50  -0.00036305997   7.3364669e-05
      1336.60  -0.00036297539   7.3339934e-05
      1336.70  -0.00036289358   7.3304203e-05
      1336.80  -0.00036279426   7.3268917e-05
      1336.90  -0.00036270425   7.3279965e-05
      1337.00  -0.00036266239   7.3291008e-05
      1337.10  -0.00036262420   7.3231467e-05
      1337.20  -0.00036255257   7.3171944e-05
      1337.30  -0.00036246619   7.3120617e-05
      1337.40  -0.00036236344   7.3068922e-05
      1337.50  -0.00036225659   7.3047922e-05
      1337.60  -0.00036215756   7.3027385e-05
      1337.70  -0.00036205764   7.3010974e-05
      1337.80  -0.00036194388   7.2994575e-05
      1337.90  -0.00036184312   7.3034479e-05
      1338.00  -0.00036180186   7.3074827e-05
      1338.10  -0.00036176244   7.3027755e-05
      1338.20  -0.00036166219   7.2980697e-05
      1338.30  -0.00036156415   7.3016460e-05
      1338.40  -0.00036152981   7.3052191e-05
      1338.50  -0.00036150645   7.3012923e-05
      1338.60  -0.00036146845   7.2973208e-05
      1338.70  -0.00036140030   7.2874995e-05
      1338.80  -0.00036123234   7.2777222e-05
      1338.90  -0.00036106827   7.2861427e-05
      1339.00  -0.00036102212   7.2946063e-05
      1339.10  -0.00036099883   7.2924204e-05
      1339.20  -0.00036094129   7.2902352e-05
      1339.30  -0.00036087545   7.2885507e-05
      1339.40  -0.00036081016   7.2868687e-05
      1339.50  -0.00036074078   7.2843653e-05
      1339.60  -0.00036066045   7.2819083e-05
      1339.70  -0.00036057695   7.2807755e-05
      1339.80  -0.00036049428   7.2796423e-05
      1339.90  -0.00036041310   7.2793319e-05
      1340.00  -0.00036033605   7.2789759e-05
      1340.10  -0.00036026085   7.2786655e-05
      1340.20  -0.00036018657   7.2783551e-05
      1340.30  -0.00036011314   7.2780444e-05
      1340.40  -0.00036004072   7.2776884e-05
      1340.50  -0.00035996832   7.2773781e-05
      1340.60  -0.00035989640   7.2770678e-05
      1340.70  -0.00035982495   7.2767575e-05
      1340.80  -0.00035975297   7.2764012e-05
      1340.90  -0.00035968110   7.2760909e-05
      1341.00  -0.00035960788   7.2757807e-05
      1341.10  -0.00035953467   7.2758349e-05
      1341.20  -0.00035946331   7.2759345e-05
      1341.30  -0.00035939324   7.2759886e-05
      1341.40  -0.00035932328   7.2760426e-05
      1341.50  -0.00035925379   7.2761419e-05
      1341.60  -0.00035918431   7.2761956e-05
      1341.70  -0.00035911531   7.2762493e-05
      1341.80  -0.00035904533   7.2763484e-05
      1341.90  -0.00035897454   7.2764018e-05
      1342.00  -0.00035889967   7.2764551e-05
      1342.10  -0.00035882573   7.2776456e-05
      1342.20  -0.00035875772   7.2787902e-05
      1342.30  -0.00035869238   7.2799812e-05
      1342.40  -0.00035862941   7.2811704e-05
      1342.50  -0.00035856826   7.2823137e-05
      1342.60  -0.00035850987   7.2835020e-05
      1342.70  -0.00035845375   7.2846899e-05
      1342.80  -0.00035840031   7.2858788e-05
      1342.90  -0.00035835195   7.2870204e-05
      1343.00  -0.00035831496   7.2882070e-05
      1343.10  -0.00035827797   7.2867132e-05
      1343.20  -0.00035822918   7.2852198e-05
      1343.30  -0.00035817489   7.2837249e-05
      1343.40  -0.00035811749   7.2822322e-05
      1343.50  -0.00035805693   7.2807399e-05
      1343.60  -0.00035799366   7.2792479e-05
      1343.70  -0.00035792723   7.2777563e-05
      1343.80  -0.00035785755   7.2762633e-05
      1343.90  -0.00035778299   7.2747724e-05
      1344.00  -0.00035769846   7.2732365e-05
      1344.10  -0.00035761260   7.2739234e-05
      1344.20  -0.00035753537   7.2745647e-05
      1344.30  -0.00035746079   7.2752519e-05
      1344.40  -0.00035738722   7.2758926e-05
      1344.50  -0.00035731413   7.2765784e-05
      1344.60  -0.00035724106   7.2772186e-05
      1344.70  -0.00035716664   7.2779038e-05
      1344.80  -0.00035708988   7.2785442e-05
      1344.90  -0.00035700870   7.2791836e-05
      1345.00  -0.00035691305   7.2798679e-05
      1345.10  -0.00035681924   7.2843562e-05
      1345.20  -0.00035674447   7.2888883e-05
      1345.30  -0.00035667914   7.2933793e-05
      1345.40  -0.00035662025   7.2979085e-05
      1345.50  -0.00035656771   7.3023911e-05
      1345.60  -0.00035652151   7.3069176e-05
      1345.70  -0.00035648211   7.3114426e-05
      1345.80  -0.00035645083   7.3159264e-05
      1345.90  -0.00035643136   7.3204486e-05
      1346.00  -0.00035643902   7.3249693e-05
      1346.10  -0.00035644802   7.3233839e-05
      1346.20  -0.00035643036   7.3217988e-05
      1346.30  -0.00035640270   7.3202122e-05
      1346.40  -0.00035636831   7.3186280e-05
      1346.50  -0.00035632895   7.3170441e-05
      1346.60  -0.00035628463   7.3154606e-05
      1346.70  -0.00035623580   7.3138775e-05
      1346.80  -0.00035618194   7.3122928e-05
      1346.90  -0.00035612093   7.3107105e-05
      1347.00  -0.00035604368   7.3091286e-05
      1347.10  -0.00035596600   7.3111593e-05
      1347.20  -0.00035590414   7.3131442e-05
      1347.30  -0.00035584809   7.3151309e-05
      1347.40  -0.00035579619   7.3171595e-05
      1347.50  -0.00035574791   7.3191424e-05
      1347.60  -0.00035570325   7.3211697e-05
      1347.70  -0.00035566176   7.3231513e-05
      1347.80  -0.00035562474   7.3251797e-05
      1347.90  -0.00035559319   7.3272050e-05
      1348.00  -0.00035557652   7.3291845e-05
      1348.10  -0.00035555985   7.3279622e-05
      1348.20  -0.00035552876   7.3266951e-05
      1348.30  -0.00035549177   7.3254268e-05
      1348.40  -0.00035545077   7.3242054e-05
      1348.50  -0.00035540618   7.3229392e-05
      1348.60  -0.00035535844   7.3217183e-05
      1348.70  -0.00035530711   7.3204527e-05
      1348.80  -0.00035525167   7.3191858e-05
      1348.90  -0.00035519045   7.3179658e-05
      1349.00  -0.00035511439   7.3167011e-05
      1349.10  -0.00035503835   7.3188581e-05
      1349.20  -0.00035497718   7.3210144e-05
      1349.30  -0.00035492271   7.3231276e-05
      1349.40  -0.00035487238   7.3252825e-05
      1349.50  -0.00035482565   7.3274367e-05
      1349.60  -0.00035478253   7.3295901e-05
      1349.70  -0.00035474301   7.3317428e-05
      1349.80  -0.00035470751   7.3338975e-05
      1349.90  -0.00035467836   7.3360488e-05
      1350.00  -0.00035466404   7.3381993e-05
      1350.10  -0.00035465018   7.3370676e-05
      1350.20  -0.00035462149   7.3359362e-05
      1350.30  -0.00035458736   7.3348485e-05
      1350.40  -0.00035454969   7.3337176e-05
      1350.50  -0.00035450843   7.3325869e-05
      1350.60  -0.00035446448   7.3315014e-05
      1350.70  -0.00035441785   7.3303712e-05
      1350.80  -0.00035436712   7.3292848e-05
      1350.90  -0.00035431153   7.3281551e-05
      1351.00  -0.00035424472   7.3270257e-05
      1351.10  -0.00035417749   7.3284999e-05
      1351.20  -0.00035412149   7.3299736e-05
      1351.30  -0.00035406947   7.3314486e-05
      1351.40  -0.00035402068   7.3329213e-05
      1351.50  -0.00035397413   7.3343486e-05
      1351.60  -0.00035392940   7.3358202e-05
      1351.70  -0.00035388691   7.3372913e-05
      1351.80  -0.00035384662   7.3387638e-05
      1351.90  -0.00035380953   7.3402339e-05
      1352.00  -0.00035377962   7.3417034e-05
      1352.10  -0.00035374972   7.3416038e-05
      1352.20  -0.00035371310   7.3415490e-05
      1352.30  -0.00035367375   7.3414491e-05
      1352.40  -0.00035363221   7.3413493e-05
      1352.50  -0.00035358889   7.3412943e-05
      1352.60  -0.00035354379   7.3411944e-05
      1352.70  -0.00035349601   7.3410945e-05
      1352.80  -0.00035344594   7.3410391e-05
      1352.90  -0.00035339056   7.3409391e-05
      1353.00  -0.00035332223   7.3408390e-05
      1353.10  -0.00035325480   7.3439611e-05
      1353.20  -0.00035320216   7.3470822e-05
      1353.30  -0.00035315663   7.3502509e-05
      1353.40  -0.00035311564   7.3533700e-05
      1353.50  -0.00035307913   7.3564881e-05
      1353.60  -0.00035304710   7.3596052e-05
      1353.70  -0.00035301910   7.3627213e-05
      1353.80  -0.00035299644   7.3658849e-05
      1353.90  -0.00035298052   7.3689990e-05
      1354.00  -0.00035298069   7.3721121e-05
      1354.10  -0.00035298219   7.3718726e-05
      1354.20  -0.00035296940   7.3715885e-05
      1354.30  -0.00035295167   7.3713040e-05
      1354.40  -0.00035293083   7.3710644e-05
      1354.50  -0.00035290821   7.3707803e-05
      1354.60  -0.00035288425   7.3705408e-05
      1354.70  -0.00035285851   7.3702566e-05
      1354.80  -0.00035283140   7.3699721e-05
      1354.90  -0.00035280299   7.3697326e-05
      1355.00  -0.00035277190   7.3694484e-05
      1355.10  -0.00035274038   7.3698336e-05
      1355.20  -0.00035271154   7.3701739e-05
      1355.30  -0.00035268445   7.3705591e-05
      1355.40  -0.00035265784   7.3708991e-05
      1355.50  -0.00035263258   7.3712835e-05
      1355.60  -0.00035260866   7.3716231e-05
      1355.70  -0.00035258608   7.3720072e-05
      1355.80  -0.00035256571   7.3723914e-05
      1355.90  -0.00035254849   7.3727305e-05
      1356.00  -0.00035254062   7.3731139e-05
      1356.10  -0.00035253231   7.3712694e-05
      1356.20  -0.00035251330   7.3694253e-05
      1356.30  -0.00035249026   7.3675349e-05
      1356.40  -0.00035246413   7.3656917e-05
      1356.50  -0.00035243489   7.3638491e-05
      1356.60  -0.00035240342   7.3620068e-05
      1356.70  -0.00035236930   7.3601651e-05
      1356.80  -0.00035233157   7.3583215e-05
      1356.90  -0.00035228988   7.3564807e-05
      1357.00  -0.00035223753   7.3546403e-05
      1357.10  -0.00035218474   7.3550694e-05
      1357.20  -0.00035214220   7.3555428e-05
      1357.30  -0.00035210273   7.3559720e-05
      1357.40  -0.00035206599   7.3564005e-05
      1357.50  -0.00035203103   7.3568288e-05
      1357.60  -0.00035199785   7.3572568e-05
      1357.70  -0.00035196646   7.3577291e-05
      1357.80  -0.00035193593   7.3581573e-05
      1357.90  -0.00035190766   7.3585848e-05
      1358.00  -0.00035188295   7.3590120e-05
      1358.10  -0.00035185869   7.3588615e-05
      1358.20  -0.00035183221   7.3587110e-05
      1358.30  -0.00035180571   7.3585602e-05
      1358.40  -0.00035177968   7.3584096e-05
      1358.50  -0.00035175365   7.3582590e-05
      1358.60  -0.00035172808   7.3581083e-05
      1358.70  -0.00035170295   7.3579576e-05
      1358.80  -0.00035167913   7.3578067e-05
      1358.90  -0.00035165667   7.3576559e-05
      1359.00  -0.00035163776   7.3575051e-05
      1359.10  -0.00035161886   7.3565558e-05
      1359.20  -0.00035159685   7.3556066e-05
      1359.30  -0.00035157393   7.3546566e-05
      1359.40  -0.00035155015   7.3537078e-05
      1359.50  -0.00035152638   7.3527593e-05
      1359.60  -0.00035150261   7.3518110e-05
      1359.70  -0.00035147884   7.3509072e-05
      1359.80  -0.00035145594   7.3499581e-05
      1359.90  -0.00035143440   7.3490104e-05
      1360.00  -0.00035141773   7.3480629e-05
      1360.10  -0.00035140017   7.3458753e-05
      1360.20  -0.00035137642   7.3436883e-05
      1360.30  -0.00035134998   7.3414992e-05
      1360.40  -0.00035132136   7.3393133e-05
      1360.50  -0.00035129054   7.3371280e-05
      1360.60  -0.00035125751   7.3349432e-05
      1360.70  -0.00035122271   7.3327590e-05
      1360.80  -0.00035118477   7.3305727e-05
      1360.90  -0.00035114379   7.3283897e-05
      1361.00  -0.00035109353   7.3262072e-05
      1361.10  -0.00035104284   7.3260598e-05
      1361.20  -0.00035100101   7.3258681e-05
      1361.30  -0.00035096267   7.3256762e-05
      1361.40  -0.00035092616   7.3255287e-05
      1361.50  -0.00035089186   7.3253370e-05
      1361.60  -0.00035085890   7.3251452e-05
      1361.70  -0.00035082771   7.3249976e-05
      1361.80  -0.00035079781   7.3248056e-05
      1361.90  -0.00035077061   7.3246138e-05
      1362.00  -0.00035074827   7.3244661e-05
      1362.10  -0.00035072593   7.3232143e-05
      1362.20  -0.00035069962   7.3220069e-05
      1362.30  -0.00035067151   7.3207983e-05
      1362.40  -0.00035064212   7.3195474e-05
      1362.50  -0.00035061229   7.3183408e-05
      1362.60  -0.00035058159   7.3171346e-05
      1362.70  -0.00035055001   7.3158845e-05
      1362.80  -0.00035051751   7.3146773e-05
      1362.90  -0.00035048329   7.3134718e-05
      1363.00  -0.00035044466   7.3122225e-05
      1363.10  -0.00035040649   7.3120760e-05
      1363.20  -0.00035037317   7.3118854e-05
      1363.30  -0.00035034247   7.3116946e-05
      1363.40  -0.00035031313   7.3115039e-05
      1363.50  -0.00035028556   7.3113132e-05
      1363.60  -0.00035025932   7.3111225e-05
      1363.70  -0.00035023484   7.3109318e-05
      1363.80  -0.00035021254   7.3107849e-05
      1363.90  -0.00035019292   7.3105941e-05
      1364.00  -0.00035018034   7.3104033e-05
      1364.10  -0.00035016820   7.3087152e-05
      1364.20  -0.00035014990   7.3069836e-05
      1364.30  -0.00035012894   7.3052944e-05
      1364.40  -0.00035010712   7.3036076e-05
      1364.50  -0.00035008398   7.3018772e-05
      1364.60  -0.00035006041   7.3001913e-05
      1364.70  -0.00035003684   7.2985058e-05
      1364.80  -0.00035001280   7.2968186e-05
      1364.90  -0.00034998880   7.2950900e-05
      1365.00  -0.00034996700   7.2934057e-05
      1365.10  -0.00034994476   7.2911503e-05
      1365.20  -0.00034991901   7.2888515e-05
      1365.30  -0.00034989191   7.2865944e-05
      1365.40  -0.00034986352   7.2842968e-05
      1365.50  -0.00034983383   7.2820436e-05
      1365.60  -0.00034980326   7.2797472e-05
      1365.70  -0.00034977094   7.2774952e-05
      1365.80  -0.00034973726   7.2752411e-05
      1365.90  -0.00034970187   7.2729464e-05
      1366.00  -0.00034966079   7.2706962e-05
      1366.10  -0.00034961971   7.2695443e-05
      1366.20  -0.00034958391   7.2683926e-05
      1366.30  -0.00034954938   7.2671958e-05
      1366.40  -0.00034951623   7.2660446e-05
      1366.50  -0.00034948352   7.2649376e-05
      1366.60  -0.00034945213   7.2637869e-05
      1366.70  -0.00034942162   7.2626365e-05
      1366.80  -0.00034939152   7.2614850e-05
      1366.90  -0.00034936191   7.2603351e-05
      1367.00  -0.00034933405   7.2591855e-05
      1367.10  -0.00034930663   7.2578607e-05
      1367.20  -0.00034927922   7.2565363e-05
      1367.30  -0.00034925178   7.2552106e-05
      1367.40  -0.00034922481   7.2538868e-05
      1367.50  -0.00034919829   7.2526071e-05
      1367.60  -0.00034917264   7.2512839e-05
      1367.70  -0.00034914832   7.2499610e-05
      1367.80  -0.00034912528   7.2486368e-05
      1367.90  -0.00034910491   7.2473146e-05
      1368.00  -0.00034909197   7.2459926e-05
      1368.10  -0.00034907860   7.2428761e-05
      1368.20  -0.00034905648   7.2398041e-05
      1368.30  -0.00034903083   7.2366855e-05
      1368.40  -0.00034900258   7.2335714e-05
      1368.50  -0.00034897172   7.2305020e-05
      1368.60  -0.00034893867   7.2273896e-05
      1368.70  -0.00034890301   7.2243218e-05
      1368.80  -0.00034886468   7.2212073e-05
      1368.90  -0.00034882159   7.2180974e-05
      1369.00  -0.00034876758   7.2150321e-05
      1369.10  -0.00034871403   7.2144592e-05
      1369.20  -0.00034867141   7.2138428e-05
      1369.30  -0.00034863356   7.2132694e-05
      1369.40  -0.00034859969   7.2126969e-05
      1369.50  -0.00034856846   7.2121244e-05
      1369.60  -0.00034854072   7.2115083e-05
      1369.70  -0.00034851692   7.2109360e-05
      1369.80  -0.00034849967   7.2103631e-05
      1369.90  -0.00034850643   7.2097455e-05
      1370.00  -0.00034848438   7.2015773e-05
      1370.10  -0.00034843003   7.2000899e-05
      1370.20  -0.00034839402   7.1985155e-05
      1370.30  -0.00034836191   7.1968522e-05
      1370.40  -0.00034833159   7.1951477e-05
      1370.50  -0.00034830258   7.1933127e-05
      1370.60  -0.00034827358   7.1913910e-05
      1370.70  -0.00034824546   7.1894262e-05
      1370.80  -0.00034821730   7.1873721e-05
      1370.90  -0.00034818919   7.1852338e-05
      1371.00  -0.00034816108   7.1830525e-05
      1371.10  -0.00034813253   7.1807846e-05
      1371.20  -0.00034810400   7.1784302e-05
      1371.30  -0.00034807543   7.1760734e-05
      1371.40  -0.00034804603   7.1736330e-05
      1371.50  -0.00034801663   7.1711061e-05
      1371.60  -0.00034798681   7.1685799e-05
      1371.70  -0.00034795612   7.1660108e-05
      1371.80  -0.00034792539   7.1633956e-05
      1371.90  -0.00034789384   7.1607408e-05
      1372.00  -0.00034786186   7.1580431e-05
      1372.10  -0.00034782945   7.1553462e-05
      1372.20  -0.00034779617   7.1526499e-05
      1372.30  -0.00034776286   7.1499076e-05
      1372.40  -0.00034772829   7.1471692e-05
      1372.50  -0.00034769330   7.1444316e-05
      1372.60  -0.00034765787   7.1416513e-05
      1372.70  -0.00034762202   7.1389151e-05
      1372.80  -0.00034758525   7.1362199e-05
      1372.90  -0.00034754811   7.1334852e-05
      1373.00  -0.00034751010   7.1308381e-05
      1373.10  -0.00034747210   7.1281483e-05
      1373.20  -0.00034743324   7.1255461e-05
      1373.30  -0.00034739434   7.1229848e-05
      1373.40  -0.00034735463   7.1204275e-05
      1373.50  -0.00034731492   7.1179576e-05
      1373.60  -0.00034727522   7.1155318e-05
      1373.70  -0.00034723510   7.1131066e-05
      1373.80  -0.00034719493   7.1107661e-05
      1373.90  -0.00034715482   7.1084724e-05
      1374.00  -0.00034711515   7.1062227e-05
      1374.10  -0.00034707506   7.1039736e-05
      1374.20  -0.00034703541   7.1018118e-05
      1374.30  -0.00034699615   7.0996480e-05
      1374.40  -0.00034695695   7.0975307e-05
      1374.50  -0.00034691819   7.0954140e-05
      1374.60  -0.00034687987   7.0932978e-05
      1374.70  -0.00034684156   7.0912255e-05
      1374.80  -0.00034680407   7.0891078e-05
      1374.90  -0.00034676664   7.0869932e-05
      1375.00  -0.00034672922   7.0848358e-05
      1375.10  -0.00034669224   7.0826790e-05
      1375.20  -0.00034665570   7.0804794e-05
      1375.30  -0.00034661912   7.0782343e-05
      1375.40  -0.00034658259   7.0759492e-05
      1375.50  -0.00034654607   7.0736214e-05
      1375.60  -0.00034650955   7.0712942e-05
      1375.70  -0.00034647261   7.0688811e-05
      1375.80  -0.00034643564   7.0664655e-05
      1375.90  -0.00034639871   7.0639670e-05
      1376.00  -0.00034636093   7.0614691e-05
      1376.10  -0.00034632315   7.0589287e-05
      1376.20  -0.00034628495   7.0563889e-05
      1376.30  -0.00034624584   7.0538033e-05
      1376.40  -0.00034620679   7.0512216e-05
      1376.50  -0.00034616731   7.0486406e-05
      1376.60  -0.00034612698   7.0460602e-05
      1376.70  -0.00034608665   7.0434805e-05
      1376.80  -0.00034604542   7.0408983e-05
      1376.90  -0.00034600381   7.0383632e-05
      1377.00  -0.00034596221   7.0358287e-05
      1377.10  -0.00034592019   7.0332949e-05
      1377.20  -0.00034587775   7.0308050e-05
      1377.30  -0.00034583526   7.0283559e-05
      1377.40  -0.00034579240   7.0259104e-05
      1377.50  -0.00034574912   7.0234656e-05
      1377.60  -0.00034570584   7.0211077e-05
      1377.70  -0.00034566258   7.0187073e-05
      1377.80  -0.00034561927   7.0163910e-05
      1377.90  -0.00034557559   7.0140782e-05
      1378.00  -0.00034553192   7.0117659e-05
      1378.10  -0.00034548826   7.0094974e-05
      1378.20  -0.00034544461   7.0072295e-05
      1378.30  -0.00034540091   7.0050025e-05
      1378.40  -0.00034535728   7.0027789e-05
      1378.50  -0.00034531366   7.0005558e-05
      1378.60  -0.00034526961   6.9983765e-05
      1378.70  -0.00034522600   6.9962407e-05
      1378.80  -0.00034518235   6.9940598e-05
      1378.90  -0.00034513833   6.9919252e-05
      1379.00  -0.00034509476   6.9897911e-05
      1379.10  -0.00034505119   6.9877007e-05
      1379.20  -0.00034500762   6.9855677e-05
      1379.30  -0.00034496402   6.9834758e-05
      1379.40  -0.00034492091   6.9813869e-05
      1379.50  -0.00034487737   6.9792986e-05
      1379.60  -0.00034483428   6.9772108e-05
      1379.70  -0.00034479119   6.9751236e-05
      1379.80  -0.00034474806   6.9730343e-05
      1379.90  -0.00034470543   6.9709051e-05
      1380.00  -0.00034466237   6.9687764e-05
      1380.10  -0.00034461932   6.9666483e-05
      1380.20  -0.00034457670   6.9645207e-05
      1380.30  -0.00034453362   6.9623480e-05
      1380.40  -0.00034449017   6.9601355e-05
      1380.50  -0.00034444715   6.9579236e-05
      1380.60  -0.00034440329   6.9557123e-05
      1380.70  -0.00034435943   6.9534585e-05
      1380.80  -0.00034431510   6.9512455e-05
      1380.90  -0.00034427040   6.9489929e-05
      1381.00  -0.00034422571   6.9467409e-05
      1381.10  -0.00034418017   6.9444894e-05
      1381.20  -0.00034413421   6.9422815e-05
      1381.30  -0.00034408821   6.9400714e-05
      1381.40  -0.00034404141   6.9378647e-05
      1381.50  -0.00034399462   6.9357443e-05
      1381.60  -0.00034394742   6.9336674e-05
      1381.70  -0.00034389979   6.9315910e-05
      1381.80  -0.00034385212   6.9295986e-05
      1381.90  -0.00034380451   6.9276949e-05
      1382.00  -0.00034375692   6.9257917e-05
      1382.10  -0.00034370933   6.9239748e-05
      1382.20  -0.00034366218   6.9221583e-05
      1382.30  -0.00034361499   6.9204259e-05
      1382.40  -0.00034356872   6.9187389e-05
      1382.50  -0.00034352246   6.9170523e-05
      1382.60  -0.00034347664   6.9154091e-05
      1382.70  -0.00034343169   6.9137662e-05
      1382.80  -0.00034338712   6.9121217e-05
      1382.90  -0.00034334261   6.9104797e-05
      1383.00  -0.00034329897   6.9087952e-05
      1383.10  -0.00034325577   6.9070682e-05
      1383.20  -0.00034321257   6.9053418e-05
      1383.30  -0.00034316976   6.9035279e-05
      1383.40  -0.00034312744   6.9016738e-05
      1383.50  -0.00034308470   6.8997774e-05
      1383.60  -0.00034304197   6.8978386e-05
      1383.70  -0.00034299882   6.8958148e-05
      1383.80  -0.00034295563   6.8937462e-05
      1383.90  -0.00034291207   6.8916378e-05
      1384.00  -0.00034286809   6.8895299e-05
      1384.10  -0.00034282327   6.8873371e-05
      1384.20  -0.00034277802   6.8851448e-05
      1384.30  -0.00034273188   6.8829504e-05
      1384.40  -0.00034268494   6.8807592e-05
      1384.50  -0.00034263759   6.8785686e-05
      1384.60  -0.00034258939   6.8764213e-05
      1384.70  -0.00034254035   6.8743173e-05
      1384.80  -0.00034249126   6.8722540e-05
      1384.90  -0.00034244139   6.8702366e-05
      1385.00  -0.00034239110   6.8683050e-05
      1385.10  -0.00034234039   6.8664166e-05
      1385.20  -0.00034228970   6.8646568e-05
      1385.30  -0.00034223852   6.8628954e-05
      1385.40  -0.00034218785   6.8612645e-05
      1385.50  -0.00034213719   6.8596341e-05
      1385.60  -0.00034208696   6.8581321e-05
      1385.70  -0.00034203675   6.8566731e-05
      1385.80  -0.00034198691   6.8552554e-05
      1385.90  -0.00034193757   6.8538398e-05
      1386.00  -0.00034188867   6.8525099e-05
      1386.10  -0.00034184064   6.8511802e-05
      1386.20  -0.00034179261   6.8498509e-05
      1386.30  -0.00034174539   6.8485202e-05
      1386.40  -0.00034169823   6.8471915e-05
      1386.50  -0.00034165151   6.8458204e-05
      1386.60  -0.00034160523   6.8444497e-05
      1386.70  -0.00034155896   6.8430794e-05
      1386.80  -0.00034151264   6.8416224e-05
      1386.90  -0.00034146639   6.8402100e-05
      1387.00  -0.00034142014   6.8387129e-05
      1387.10  -0.00034137391   6.8372161e-05
      1387.20  -0.00034132726   6.8357196e-05
      1387.30  -0.00034128057   6.8341791e-05
      1387.40  -0.00034123309   6.8326408e-05
      1387.50  -0.00034118561   6.8311455e-05
      1387.60  -0.00034113773   6.8296505e-05
      1387.70  -0.00034108943   6.8281558e-05
      1387.80  -0.00034104065   6.8267023e-05
      1387.90  -0.00034099152   6.8252935e-05
      1388.00  -0.00034094240   6.8239275e-05
      1388.10  -0.00034089329   6.8226044e-05
      1388.20  -0.00034084419   6.8213666e-05
      1388.30  -0.00034079462   6.8201276e-05
      1388.40  -0.00034074554   6.8189754e-05
      1388.50  -0.00034069690   6.8178660e-05
      1388.60  -0.00034064827   6.8167993e-05
      1388.70  -0.00034059964   6.8157753e-05
      1388.80  -0.00034055140   6.8147504e-05
      1388.90  -0.00034050407   6.8138118e-05
      1389.00  -0.00034045676   6.8128734e-05
      1389.10  -0.00034040988   6.8119353e-05
      1389.20  -0.00034036343   6.8109973e-05
      1389.30  -0.00034031694   6.8101009e-05
      1389.40  -0.00034027136   6.8091633e-05
      1389.50  -0.00034022579   6.8082684e-05
      1389.60  -0.00034018065   6.8073312e-05
      1389.70  -0.00034013553   6.8063942e-05
      1389.80  -0.00034009036   6.8054563e-05
      1389.90  -0.00034004568   6.8044773e-05
      1390.00  -0.00034000058   6.8034985e-05
      1390.10  -0.00033995592   6.8025623e-05
      1390.20  -0.00033991126   6.8015839e-05
      1390.30  -0.00033986614   6.8006046e-05
      1390.40  -0.00033982150   6.7996266e-05
      1390.50  -0.00033977645   6.7986913e-05
      1390.60  -0.00033973141   6.7977561e-05
      1390.70  -0.00033968681   6.7968635e-05
      1390.80  -0.00033964173   6.7959700e-05
      1390.90  -0.00033959672   6.7951202e-05
      1391.00  -0.00033955214   6.7942705e-05
      1391.10  -0.00033950757   6.7934633e-05
      1391.20  -0.00033946301   6.7926986e-05
      1391.30  -0.00033941925   6.7919755e-05
      1391.40  -0.00033937555   6.7912535e-05
      1391.50  -0.00033933187   6.7905738e-05
      1391.60  -0.00033928904   6.7898944e-05
      1391.70  -0.00033924664   6.7892573e-05
      1391.80  -0.00033920462   6.7886196e-05
      1391.90  -0.00033916308   6.7879827e-05
      1392.00  -0.00033912198   6.7873037e-05
      1392.10  -0.00033908172   6.7866672e-05
      1392.20  -0.00033904148   6.7859884e-05
      1392.30  -0.00033900204   6.7853089e-05
      1392.40  -0.00033896266   6.7845459e-05
      1392.50  -0.00033892413   6.7837830e-05
      1392.60  -0.00033888561   6.7830203e-05
      1392.70  -0.00033884752   6.7821732e-05
      1392.80  -0.00033880939   6.7812830e-05
      1392.90  -0.00033877131   6.7803518e-05
      1393.00  -0.00033873367   6.7793786e-05
      1393.10  -0.00033869561   6.7783633e-05
      1393.20  -0.00033865755   6.7773061e-05
      1393.30  -0.00033861904   6.7762478e-05
      1393.40  -0.00033858058   6.7751489e-05
      1393.50  -0.00033854212   6.7740080e-05
      1393.60  -0.00033850325   6.7728673e-05
      1393.70  -0.00033846397   6.7717269e-05
      1393.80  -0.00033842465   6.7705854e-05
      1393.90  -0.00033838496   6.7694455e-05
      1394.00  -0.00033834486   6.7683059e-05
      1394.10  -0.00033830519   6.7672087e-05
      1394.20  -0.00033826510   6.7660696e-05
      1394.30  -0.00033822497   6.7650137e-05
      1394.40  -0.00033818448   6.7639172e-05
      1394.50  -0.00033814442   6.7629053e-05
      1394.60  -0.00033810437   6.7618514e-05
      1394.70  -0.00033806474   6.7608399e-05
      1394.80  -0.00033802466   6.7598274e-05
      1394.90  -0.00033798505   6.7588585e-05
      1395.00  -0.00033794587   6.7578897e-05
      1395.10  -0.00033790670   6.7568791e-05
      1395.20  -0.00033786753   6.7559108e-05
      1395.30  -0.00033782875   6.7549415e-05
      1395.40  -0.00033779002   6.7539315e-05
      1395.50  -0.00033775172   6.7529638e-05
      1395.60  -0.00033771301   6.7519543e-05
      1395.70  -0.00033767472   6.7509449e-05
      1395.80  -0.00033763640   6.7498925e-05
      1395.90  -0.00033759855   6.7488836e-05
      1396.00  -0.00033756029   6.7478329e-05
      1396.10  -0.00033752203   6.7467824e-05
      1396.20  -0.00033748379   6.7457322e-05
      1396.30  -0.00033744550   6.7446809e-05
      1396.40  -0.00033740727   6.7436311e-05
      1396.50  -0.00033736904   6.7425816e-05
      1396.60  -0.00033733083   6.7415743e-05
      1396.70  -0.00033729262   6.7405252e-05
      1396.80  -0.00033725479   6.7395171e-05
      1396.90  -0.00033721659   6.7385104e-05
      1397.00  -0.00033717841   6.7375460e-05
      1397.10  -0.00033714065   6.7365398e-05
      1397.20  -0.00033710289   6.7356177e-05
      1397.30  -0.00033706552   6.7346527e-05
      1397.40  -0.00033702862   6.7337311e-05
      1397.50  -0.00033699173   6.7328096e-05
      1397.60  -0.00033695485   6.7318884e-05
      1397.70  -0.00033691881   6.7309673e-05
      1397.80  -0.00033688315   6.7300872e-05
      1397.90  -0.00033684755   6.7291666e-05
      1398.00  -0.00033681237   6.7282041e-05
      1398.10  -0.00033677803   6.7272838e-05
      1398.20  -0.00033674370   6.7263218e-05
      1398.30  -0.00033670976   6.7253169e-05
      1398.40  -0.00033667628   6.7243134e-05
      1398.50  -0.00033664323   6.7232683e-05
      1398.60  -0.00033661060   6.7221814e-05
      1398.70  -0.00033657798   6.7210530e-05
      1398.80  -0.00033654574   6.7198396e-05
      1398.90  -0.00033651355   6.7186279e-05
      1399.00  -0.00033648179   6.7173327e-05
      1399.10  -0.00033644961   6.7159960e-05
      1399.20  -0.00033641785   6.7146178e-05
      1399.30  -0.00033638564   6.7131544e-05
      1399.40  -0.00033635348   6.7116513e-05
      1399.50  -0.00033632091   6.7101067e-05
      1399.60  -0.00033628834   6.7084789e-05
      1399.70  -0.00033625536   6.7068514e-05
      1399.80  -0.00033622192   6.7051805e-05
      1399.90  -0.00033618770   6.7034702e-05
      1400.00  -0.00033615348   6.7017185e-05
      1400.10  -0.00033611820   6.7000163e-05
      1400.20  -0.00033608292   6.6983146e-05
      1400.30  -0.00033604637   6.6966268e-05
      1400.40  -0.00033600934   6.6949481e-05
      1400.50  -0.00033597232   6.6932699e-05
      1400.60  -0.00033593531   6.6915920e-05
      1400.70  -0.00033589830   6.6899146e-05
      1400.80  -0.00033586125   6.6882356e-05
      1400.90  -0.00033582426   6.6865590e-05
      1401.00  -0.00033578727   6.6848828e-05
      1401.10  -0.00033575030   6.6832070e-05
      1401.20  -0.00033571333   6.6815317e-05
      1401.30  -0.00033567632   6.6798547e-05
      1401.40  -0.00033563936   6.6781801e-05
      1401.50  -0.00033560241   6.6765060e-05
      1401.60  -0.00033556547   6.6748323e-05
      1401.70  -0.00033552853   6.6731589e-05
      1401.80  -0.00033549156   6.6714840e-05
      1401.90  -0.00033545464   6.6698115e-05
      1402.00  -0.00033541772   6.6681394e-05
      1402.10  -0.00033538081   6.6664677e-05
      1402.20  -0.00033534391   6.6647965e-05
      1402.30  -0.00033530698   6.6631236e-05
      1402.40  -0.00033527009   6.6614531e-05
      1402.50  -0.00033523321   6.6597831e-05
      1402.60  -0.00033519634   6.6581135e-05
      1402.70  -0.00033515948   6.6564442e-05
      1402.80  -0.00033512257   6.6547734e-05
      1402.90  -0.00033508572   6.6531050e-05
      1403.00  -0.00033504888   6.6514370e-05
      1403.10  -0.00033501204   6.6497694e-05
      1403.20  -0.00033497521   6.6481022e-05
      1403.30  -0.00033493835   6.6464334e-05
      1403.40  -0.00033490057   6.6447672e-05
      1403.50  -0.00033486057   6.6431018e-05
      1403.60  -0.00033482057   6.6414369e-05
      1403.70  -0.00033478058   6.6397724e-05
      1403.80  -0.00033474055   6.6381062e-05
      1403.90  -0.00033470058   6.6364425e-05
      1404.00  -0.00033466061   6.6347792e-05
      1404.10  -0.00033462066   6.6331163e-05
      1404.20  -0.00033458071   6.6314537e-05
      1404.30  -0.00033454072   6.6297896e-05
      1404.40  -0.00033450079   6.6281279e-05
      1404.50  -0.00033446086   6.6264666e-05
      1404.60  -0.00033442094   6.6248058e-05
      1404.70  -0.00033438104   6.6231453e-05
      1404.80  -0.00033434109   6.6214832e-05
      1404.90  -0.00033430119   6.6198235e-05
      1405.00  -0.00033426131   6.6181643e-05
      1405.10  -0.00033422143   6.6165054e-05
      1405.20  -0.00033418156   6.6148470e-05
      1405.30  -0.00033414165   6.6131869e-05
      1405.40  -0.00033410180   6.6115293e-05
      1405.50  -0.00033406195   6.6098720e-05
      1405.60  -0.00033402212   6.6082152e-05
      1405.70  -0.00033398229   6.6065588e-05
      1405.80  -0.00033394242   6.6049008e-05
      1405.90  -0.00033390260   6.6032451e-05
      1406.00  -0.00033386280   6.6015899e-05
      1406.10  -0.00033382300   6.5999351e-05
      1406.20  -0.00033378321   6.5982807e-05
      1406.30  -0.00033374338   6.5966247e-05
      1406.40  -0.00033370361   6.5949711e-05
      1406.50  -0.00033366384   6.5933179e-05
      1406.60  -0.00033362408   6.5916651e-05
      1406.70  -0.00033358433   6.5900128e-05
      1406.80  -0.00033354454   6.5883588e-05
      1406.90  -0.00033350481   6.5867072e-05
      1407.00  -0.00033346508   6.5850560e-05
      1407.10  -0.00033342536   6.5834052e-05
      1407.20  -0.00033338565   6.5817549e-05
      1407.30  -0.00033334590   6.5801029e-05
      1407.40  -0.00033330621   6.5784533e-05
      1407.50  -0.00033326652   6.5768042e-05
      1407.60  -0.00033322684   6.5751554e-05
      1407.70  -0.00033318717   6.5735070e-05
      1407.80  -0.00033314746   6.5718571e-05
      1407.90  -0.00033310781   6.5702095e-05
      1408.00  -0.00033306816   6.5685624e-05
      1408.10  -0.00033302852   6.5669156e-05
      1408.20  -0.00033298889   6.5652693e-05
      1408.30  -0.00033294922   6.5636213e-05
      1408.40  -0.00033290960   6.5619758e-05
      1408.50  -0.00033286999   6.5603306e-05
      1408.60  -0.00033283039   6.5586859e-05
      1408.70  -0.00033279080   6.5570415e-05
      1408.80  -0.00033275117   6.5553956e-05
      1408.90  -0.00033271159   6.5537521e-05
      1409.00  -0.00033267203   6.5521089e-05
      1409.10  -0.00033263247   6.5504662e-05
      1409.20  -0.00033259291   6.5488238e-05
      1409.30  -0.00033255332   6.5471799e-05
      1409.40  -0.00033251378   6.5455384e-05
      1409.50  -0.00033247426   6.5438972e-05
      1409.60  -0.00033243474   6.5422565e-05
      1409.70  -0.00033239522   6.5406161e-05
      1409.80  -0.00033235567   6.5389742e-05
      1409.90  -0.00033231617   6.5373347e-05
      1410.00  -0.00033227668   6.5356955e-05
      1410.10  -0.00033223720   6.5340568e-05
      1410.20  -0.00033219773   6.5324184e-05
      1410.30  -0.00033215821   6.5307785e-05
      1410.40  -0.00033211876   6.5291409e-05
      1410.50  -0.00033207931   6.5275038e-05
      1410.60  -0.00033203986   6.5258670e-05
      1410.70  -0.00033200043   6.5242307e-05
      1410.80  -0.00033196095   6.5225927e-05
      1410.90  -0.00033192154   6.5209572e-05
      1411.00  -0.00033188212   6.5193220e-05
      1411.10  -0.00033184272   6.5176873e-05
      1411.20  -0.00033180333   6.5160529e-05
      1411.30  -0.00033176389   6.5144170e-05
      1411.40  -0.00033172451   6.5127834e-05
      1411.50  -0.00033168514   6.5111502e-05
      1411.60  -0.00033164578   6.5095175e-05
      1411.70  -0.00033160642   6.5078851e-05
      1411.80  -0.00033156702   6.5062511e-05
      1411.90  -0.00033152768   6.5046196e-05
      1412.00  -0.00033148835   6.5029884e-05
      1412.10  -0.00033144903   6.5013576e-05
      1412.20  -0.00033140971   6.4997272e-05
      1412.30  -0.00033137035   6.4980952e-05
      1412.40  -0.00033133105   6.4964656e-05
      1412.50  -0.00033129176   6.4948364e-05
      1412.60  -0.00033125247   6.4932076e-05
      1412.70  -0.00033121319   6.4915792e-05
      1412.80  -0.00033117388   6.4899492e-05
      1412.90  -0.00033113461   6.4883216e-05
      1413.00  -0.00033109536   6.4866944e-05
      1413.10  -0.00033105611   6.4850676e-05
      1413.20  -0.00033101687   6.4834412e-05
      1413.30  -0.00033097759   6.4818131e-05
      1413.40  -0.00033093837   6.4801875e-05
      1413.50  -0.00033089916   6.4785623e-05
      1413.60  -0.00033085995   6.4769374e-05
      1413.70  -0.00033082075   6.4753130e-05
      1413.80  -0.00033078151   6.4736869e-05
      1413.90  -0.00033074232   6.4720633e-05
      1414.00  -0.00033070315   6.4704400e-05
      1414.10  -0.00033066398   6.4688171e-05
      1414.20  -0.00033062482   6.4671947e-05
      1414.30  -0.00033058562   6.4655706e-05
      1414.40  -0.00033054647   6.4639489e-05
      1414.50  -0.00033050733   6.4623276e-05
      1414.60  -0.00033046820   6.4607067e-05
      1414.70  -0.00033042908   6.4590862e-05
      1414.80  -0.00033038992   6.4574641e-05
      1414.90  -0.00033035081   6.4558444e-05
      1415.00  -0.00033031171   6.4542251e-05
      1415.10  -0.00033027262   6.4526061e-05
      1415.20  -0.00033023354   6.4509876e-05
      1415.30  -0.00033019441   6.4493675e-05
      1415.40  -0.00033015535   6.4477497e-05
      1415.50  -0.00033011629   6.4461323e-05
      1415.60  -0.00033007723   6.4445154e-05
      1415.70  -0.00033003819   6.4428988e-05
      1415.80  -0.00032999910   6.4412806e-05
      1415.90  -0.00032996007   6.4396648e-05
      1416.00  -0.00032992105   6.4380494e-05
      1416.10  -0.00032988204   6.4364344e-05
      1416.20  -0.00032984303   6.4348198e-05
      1416.30  -0.00032980399   6.4332036e-05
      1416.40  -0.00032976500   6.4315898e-05
      1416.50  -0.00032972601   6.4299764e-05
      1416.60  -0.00032968704   6.4283633e-05
      1416.70  -0.00032964807   6.4267506e-05
      1416.80  -0.00032960906   6.4251364e-05
      1416.90  -0.00032957011   6.4235245e-05
      1417.00  -0.00032953117   6.4219130e-05
      1417.10  -0.00032949223   6.4203020e-05
      1417.20  -0.00032945330   6.4186913e-05
      1417.30  -0.00032941433   6.4170790e-05
      1417.40  -0.00032937542   6.4154691e-05
      1417.50  -0.00032933651   6.4138595e-05
      1417.60  -0.00032929762   6.4122504e-05
      1417.70  -0.00032925873   6.4106416e-05
      1417.80  -0.00032921979   6.4090313e-05
      1417.90  -0.00032918092   6.4074233e-05
      1418.00  -0.00032914205   6.4058158e-05
      1418.10  -0.00032910319   6.4042086e-05
      1418.20  -0.00032906434   6.4026018e-05
      1418.30  -0.00032902545   6.4009934e-05
      1418.40  -0.00032898661   6.3993874e-05
      1418.50  -0.00032894778   6.3977817e-05
      1418.60  -0.00032890896   6.3961765e-05
      1418.70  -0.00032887015   6.3945716e-05
      1418.80  -0.00032883130   6.3929652e-05
      1418.90  -0.00032879250   6.3913611e-05
      1419.00  -0.00032875371   6.3897574e-05
      1419.10  -0.00032871492   6.3881541e-05
      1419.20  -0.00032867615   6.3865512e-05
      1419.30  -0.00032863733   6.3849467e-05
      1419.40  -0.00032859857   6.3833446e-05
      1419.50  -0.00032855982   6.3817429e-05
      1419.60  -0.00032852108   6.3801415e-05
      1419.70  -0.00032848234   6.3785405e-05
      1419.80  -0.00032844356   6.3769380e-05
      1419.90  -0.00032840484   6.3753378e-05
      1420.00  -0.00032836613   6.3737380e-05
      1420.10  -0.00032832742   6.3721386e-05
      1420.20  -0.00032828872   6.3705395e-05
      1420.30  -0.00032824999   6.3689389e-05
      1420.40  -0.00032821130   6.3673407e-05
      1420.50  -0.00032817263   6.3657428e-05
      1420.60  -0.00032813396   6.3641453e-05
      1420.70  -0.00032809530   6.3625482e-05
      1420.80  -0.00032805660   6.3609496e-05
      1420.90  -0.00032801795   6.3593532e-05
      1421.00  -0.00032797932   6.3577573e-05
      1421.10  -0.00032794069   6.3561617e-05
      1421.20  -0.00032790206   6.3545666e-05
      1421.30  -0.00032786340   6.3529698e-05
      1421.40  -0.00032782479   6.3513754e-05
      1421.50  -0.00032778620   6.3497814e-05
      1421.60  -0.00032774760   6.3481878e-05
      1421.70  -0.00032770902   6.3465946e-05
      1421.80  -0.00032767040   6.3449998e-05
      1421.90  -0.00032763183   6.3434073e-05
      1422.00  -0.00032759327   6.3418152e-05
      1422.10  -0.00032755471   6.3402235e-05
      1422.20  -0.00032751617   6.3386322e-05
      1422.30  -0.00032747758   6.3370393e-05
      1422.40  -0.00032743905   6.3354488e-05
      1422.50  -0.00032740053   6.3338586e-05
      1422.60  -0.00032736201   6.3322689e-05
      1422.70  -0.00032732350   6.3306795e-05
      1422.80  -0.00032728495   6.3290885e-05
      1422.90  -0.00032724616   6.3275053e-05
      1423.00  -0.00032720618   6.3259439e-05
      1423.10  -0.00032716621   6.3243829e-05
      1423.20  -0.00032712624   6.3228223e-05
      1423.30  -0.00032708624   6.3212601e-05
      1423.40  -0.00032704629   6.3197003e-05
      1423.50  -0.00032700635   6.3181408e-05
      1423.60  -0.00032696641   6.3165817e-05
      1423.70  -0.00032692649   6.3150229e-05
      1423.80  -0.00032688652   6.3134627e-05
      1423.90  -0.00032684661   6.3119047e-05
      1424.00  -0.00032680671   6.3103471e-05
      1424.10  -0.00032676682   6.3087898e-05
      1424.20  -0.00032672694   6.3072329e-05
      1424.30  -0.00032668701   6.3056746e-05
      1424.40  -0.00032664714   6.3041184e-05
      1424.50  -0.00032660728   6.3025627e-05
      1424.60  -0.00032656743   6.3010073e-05
      1424.70  -0.00032652758   6.2994523e-05
      1424.80  -0.00032648769   6.2978958e-05
      1424.90  -0.00032644787   6.2963416e-05
      1425.00  -0.00032640804   6.2947877e-05
      1425.10  -0.00032636823   6.2932342e-05
      1425.20  -0.00032632843   6.2916811e-05
      1425.30  -0.00032628858   6.2901265e-05
      1425.40  -0.00032624879   6.2885741e-05
      1425.50  -0.00032620901   6.2870221e-05
      1425.60  -0.00032616924   6.2854705e-05
      1425.70  -0.00032612947   6.2839192e-05
      1425.80  -0.00032608966   6.2823665e-05
      1425.90  -0.00032604991   6.2808160e-05
      1426.00  -0.00032601017   6.2792658e-05
      1426.10  -0.00032597024   6.2777164e-05
      1426.20  -0.00032592985   6.2761683e-05
      1426.30  -0.00032588942   6.2746186e-05
      1426.40  -0.00032584905   6.2730711e-05
      1426.50  -0.00032580869   6.2715241e-05
      1426.60  -0.00032576833   6.2699774e-05
      1426.70  -0.00032572798   6.2684311e-05
      1426.80  -0.00032568759   6.2668833e-05
      1426.90  -0.00032564726   6.2653377e-05
      1427.00  -0.00032560694   6.2637925e-05
      1427.10  -0.00032556663   6.2622477e-05
      1427.20  -0.00032552632   6.2607033e-05
      1427.30  -0.00032548597   6.2591573e-05
      1427.40  -0.00032544568   6.2576136e-05
      1427.50  -0.00032540540   6.2560702e-05
      1427.60  -0.00032536512   6.2545273e-05
      1427.70  -0.00032532486   6.2529847e-05
      1427.80  -0.00032528455   6.2514406e-05
      1427.90  -0.00032524430   6.2498987e-05
      1428.00  -0.00032520406   6.2483572e-05
      1428.10  -0.00032516382   6.2468161e-05
      1428.20  -0.00032512360   6.2452754e-05
      1428.30  -0.00032508333   6.2437331e-05
      1428.40  -0.00032504312   6.2421931e-05
      1428.50  -0.00032500292   6.2406535e-05
      1428.60  -0.00032496272   6.2391142e-05
      1428.70  -0.00032492254   6.2375754e-05
      1428.80  -0.00032488231   6.2360349e-05
      1428.90  -0.00032484214   6.2344968e-05
      1429.00  -0.00032480198   6.2329590e-05
      1429.10  -0.00032476183   6.2314216e-05
      1429.20  -0.00032472168   6.2298846e-05
      1429.30  -0.00032468149   6.2283460e-05
      1429.40  -0.00032464136   6.2268097e-05
      1429.50  -0.00032460124   6.2252738e-05
      1429.60  -0.00032456113   6.2237382e-05
      1429.70  -0.00032452102   6.2222030e-05
      1429.80  -0.00032448088   6.2206663e-05
      1429.90  -0.00032444079   6.2191318e-05
      1430.00  -0.00032440071   6.2175977e-05
      1430.10  -0.00032436064   6.2160640e-05
      1430.20  -0.00032432057   6.2145307e-05
      1430.30  -0.00032428047   6.2129958e-05
      1430.40  -0.00032424042   6.2114632e-05
      1430.50  -0.00032420038   6.2099309e-05
      1430.60  -0.00032416034   6.2083990e-05
      1430.70  -0.00032412032   6.2068675e-05
      1430.80  -0.00032408025   6.2053345e-05
      1430.90  -0.00032404024   6.2038037e-05
      1431.00  -0.00032400024   6.2022733e-05
      1431.10  -0.00032396025   6.2007432e-05
      1431.20  -0.00032392027   6.1992136e-05
      1431.30  -0.00032388024   6.1976824e-05
      1431.40  -0.00032384027   6.1961534e-05
      1431.50  -0.00032380031   6.1946248e-05
      1431.60  -0.00032376036   6.1930966e-05
      1431.70  -0.00032372041   6.1915688e-05
      1431.80  -0.00032368043   6.1900394e-05
      1431.90  -0.00032364050   6.1885123e-05
      1432.00  -0.00032360058   6.1869856e-05
      1432.10  -0.00032356067   6.1854592e-05
      1432.20  -0.00032352076   6.1839332e-05
      1432.30  -0.00032348082   6.1824057e-05
      1432.40  -0.00032344093   6.1808804e-05
      1432.50  -0.00032340105   6.1793554e-05
      1432.60  -0.00032336117   6.1778309e-05
      1432.70  -0.00032332131   6.1763067e-05
      1432.80  -0.00032328140   6.1747810e-05
      1432.90  -0.00032324155   6.1732576e-05
      1433.00  -0.00032320171   6.1717345e-05
      1433.10  -0.00032316188   6.1702117e-05
      1433.20  -0.00032312206   6.1686894e-05
      1433.30  -0.00032308219   6.1671655e-05
      1433.40  -0.00032304238   6.1656439e-05
      1433.50  -0.00032300258   6.1641226e-05
      1433.60  -0.00032296279   6.1626017e-05
      1433.70  -0.00032292300   6.1610812e-05
      1433.80  -0.00032288318   6.1595591e-05
      1433.90  -0.00032284341   6.1580393e-05
      1434.00  -0.00032280365   6.1565199e-05
      1434.10  -0.00032276389   6.1550008e-05
      1434.20  -0.00032272415   6.1534821e-05
      1434.30  -0.00032268436   6.1519619e-05
      1434.40  -0.00032264463   6.1504439e-05
      1434.50  -0.00032260491   6.1489262e-05
      1434.60  -0.00032256520   6.1474090e-05
      1434.70  -0.00032252549   6.1458921e-05
      1434.80  -0.00032248575   6.1443737e-05
      1434.90  -0.00032244606   6.1428575e-05
      1435.00  -0.00032240637   6.1413417e-05
      1435.10  -0.00032236670   6.1398262e-05
      1435.20  -0.00032232704   6.1383111e-05
      1435.30  -0.00032228733   6.1367946e-05
      1435.40  -0.00032224768   6.1352802e-05
      1435.50  -0.00032220804   6.1337662e-05
      1435.60  -0.00032216840   6.1322526e-05
      1435.70  -0.00032212878   6.1307393e-05
      1435.80  -0.00032208911   6.1292245e-05
      1435.90  -0.00032204950   6.1277120e-05
      1436.00  -0.00032200990   6.1261998e-05
      1436.10  -0.00032197030   6.1246880e-05
      1436.20  -0.00032193071   6.1231765e-05
      1436.30  -0.00032189109   6.1216635e-05
      1436.40  -0.00032185152   6.1201528e-05
      1436.50  -0.00032181195   6.1186424e-05
      1436.60  -0.00032177240   6.1171324e-05
      1436.70  -0.00032173285   6.1156227e-05
      1436.80  -0.00032169326   6.1141116e-05
      1436.90  -0.00032165373   6.1126027e-05
      1437.00  -0.00032161421   6.1110941e-05
      1437.10  -0.00032157469   6.1095859e-05
      1437.20  -0.00032153519   6.1080780e-05
      1437.30  -0.00032149564   6.1065687e-05
      1437.40  -0.00032145614   6.1050615e-05
      1437.50  -0.00032141666   6.1035548e-05
      1437.60  -0.00032137718   6.1020483e-05
      1437.70  -0.00032133772   6.1005423e-05
      1437.80  -0.00032129821   6.0990348e-05
      1437.90  -0.00032125875   6.0975294e-05
      1438.00  -0.00032121931   6.0960244e-05
      1438.10  -0.00032117987   6.0945198e-05
      1438.20  -0.00032114044   6.0930156e-05
      1438.30  -0.00032110097   6.0915098e-05
      1438.40  -0.00032106156   6.0900063e-05
      1438.50  -0.00032102216   6.0885031e-05
      1438.60  -0.00032098276   6.0870003e-05
      1438.70  -0.00032094337   6.0854978e-05
      1438.80  -0.00032090394   6.0839939e-05
      1438.90  -0.00032086456   6.0824922e-05
      1439.00  -0.00032082520   6.0809908e-05
      1439.10  -0.00032078584   6.0794898e-05
      1439.20  -0.00032074649   6.0779891e-05
      1439.30  -0.00032070710   6.0764870e-05
      1439.40  -0.00032066776   6.0749870e-05
      1439.50  -0.00032062844   6.0734874e-05
      1439.60  -0.00032058912   6.0719882e-05
      1439.70  -0.00032054981   6.0704893e-05
      1439.80  -0.00032051045   6.0689890e-05
      1439.90  -0.00032047116   6.0674908e-05
      1440.00  -0.00032043187   6.0659930e-05
      1440.10  -0.00032039259   6.0644955e-05
      1440.20  -0.00032035332   6.0629985e-05
      1440.30  -0.00032031401   6.0614999e-05
      1440.40  -0.00032027475   6.0600035e-05
      1440.50  -0.00032023550   6.0585075e-05
      1440.60  -0.00032019626   6.0570118e-05
      1440.70  -0.00032015703   6.0555165e-05
      1440.80  -0.00032011775   6.0540198e-05
      1440.90  -0.00032007853   6.0525252e-05
      1441.00  -0.00032003932   6.0510310e-05
      1441.10  -0.00032000012   6.0495371e-05
      1441.20  -0.00031996093   6.0480436e-05
      1441.30  -0.00031992169   6.0465486e-05
      1441.40  -0.00031988252   6.0450558e-05
      1441.50  -0.00031984334   6.0435633e-05
      1441.60  -0.00031980418   6.0420712e-05
      1441.70  -0.00031976503   6.0405795e-05
      1441.80  -0.00031972583   6.0390863e-05
      1441.90  -0.00031968669   6.0375952e-05
      1442.00  -0.00031964756   6.0361046e-05
      1442.10  -0.00031960844   6.0346143e-05
      1442.20  -0.00031956932   6.0331243e-05
      1442.30  -0.00031953016   6.0316329e-05
      1442.40  -0.00031949106   6.0301436e-05
      1442.50  -0.00031945197   6.0286547e-05
      1442.60  -0.00031941288   6.0271662e-05
      1442.70  -0.00031937381   6.0256780e-05
      1442.80  -0.00031933469   6.0241883e-05
      1442.90  -0.00031929563   6.0227009e-05
      1443.00  -0.00031925657   6.0212137e-05
      1443.10  -0.00031921753   6.0197270e-05
      1443.20  -0.00031917849   6.0182406e-05
      1443.30  -0.00031913941   6.0167527e-05
      1443.40  -0.00031910039   6.0152670e-05
      1443.50  -0.00031906137   6.0137816e-05
      1443.60  -0.00031902236   6.0122966e-05
      1443.70  -0.00031898336   6.0108120e-05
      1443.80  -0.00031894432   6.0093259e-05
      1443.90  -0.00031890534   6.0078419e-05
      1444.00  -0.00031886636   6.0063584e-05
      1444.10  -0.00031882739   6.0048751e-05
      1444.20  -0.00031878843   6.0033923e-05
      1444.30  -0.00031874943   6.0019079e-05
      1444.40  -0.00031871049   6.0004257e-05
      1444.50  -0.00031867155   5.9989439e-05
      1444.60  -0.00031863262   5.9974625e-05
      1444.70  -0.00031859369   5.9959813e-05
      1444.80  -0.00031855473   5.9944988e-05
      1444.90  -0.00031851583   5.9930184e-05
      1445.00  -0.00031847693   5.9915383e-05
      1445.10  -0.00031843803   5.9900586e-05
      1445.20  -0.00031839915   5.9885793e-05
      1445.30  -0.00031836023   5.9870985e-05
      1445.40  -0.00031832136   5.9856198e-05
      1445.50  -0.00031828250   5.9841415e-05
      1445.60  -0.00031824364   5.9826636e-05
      1445.70  -0.00031820480   5.9811860e-05
      1445.80  -0.00031816591   5.9797069e-05
      1445.90  -0.00031812701   5.9782323e-05
      1446.00  -0.00031808746   5.9767787e-05
      1446.10  -0.00031804792   5.9753254e-05
      1446.20  -0.00031800838   5.9738725e-05
      1446.30  -0.00031796880   5.9724181e-05
      1446.40  -0.00031792928   5.9709658e-05
      1446.50  -0.00031788977   5.9695139e-05
      1446.60  -0.00031785027   5.9680623e-05
      1446.70  -0.00031781077   5.9666111e-05
      1446.80  -0.00031777124   5.9651584e-05
      1446.90  -0.00031773176   5.9637079e-05
      1447.00  -0.00031769228   5.9622577e-05
      1447.10  -0.00031765282   5.9608078e-05
      1447.20  -0.00031761336   5.9593583e-05
      1447.30  -0.00031757386   5.9579074e-05
      1447.40  -0.00031753442   5.9564586e-05
      1447.50  -0.00031749499   5.9550101e-05
      1447.60  -0.00031745556   5.9535620e-05
      1447.70  -0.00031741615   5.9521142e-05
      1447.80  -0.00031737669   5.9506649e-05
      1447.90  -0.00031733729   5.9492178e-05
      1448.00  -0.00031729789   5.9477711e-05
      1448.10  -0.00031725851   5.9463247e-05
      1448.20  -0.00031721913   5.9448786e-05
      1448.30  -0.00031717971   5.9434311e-05
      1448.40  -0.00031714035   5.9419857e-05
      1448.50  -0.00031710099   5.9405406e-05
      1448.60  -0.00031706165   5.9390959e-05
      1448.70  -0.00031702231   5.9376516e-05
      1448.80  -0.00031698293   5.9362058e-05
      1448.90  -0.00031694361   5.9347621e-05
      1449.00  -0.00031690429   5.9333188e-05
      1449.10  -0.00031686498   5.9318758e-05
      1449.20  -0.00031682546   5.9304342e-05
      1449.30  -0.00031678574   5.9289919e-05
      1449.40  -0.00031674607   5.9275518e-05
      1449.50  -0.00031670642   5.9261120e-05
      1449.60  -0.00031666677   5.9246725e-05
      1449.70  -0.00031662713   5.9232334e-05
      1449.80  -0.00031658746   5.9217928e-05
      1449.90  -0.00031654783   5.9203544e-05
      1450.00  -0.00031650822   5.9189163e-05
      1450.10  -0.00031646861   5.9174785e-05
      1450.20  -0.00031642901   5.9160411e-05
      1450.30  -0.00031638937   5.9146023e-05
      1450.40  -0.00031634979   5.9131655e-05
      1450.50  -0.00031631021   5.9117291e-05
      1450.60  -0.00031627065   5.9102930e-05
      1450.70  -0.00031623109   5.9088573e-05
      1450.80  -0.00031619149   5.9074202e-05
      1450.90  -0.00031615194   5.9059851e-05
      1451.00  -0.00031611241   5.9045504e-05
      1451.10  -0.00031607288   5.9031160e-05
      1451.20  -0.00031603336   5.9016820e-05
      1451.30  -0.00031599380   5.9002466e-05
      1451.40  -0.00031595429   5.8988132e-05
      1451.50  -0.00031591480   5.8973802e-05
      1451.60  -0.00031587531   5.8959475e-05
      1451.70  -0.00031583583   5.8945152e-05
      1451.80  -0.00031579631   5.8930815e-05
      1451.90  -0.00031575684   5.8916498e-05
      1452.00  -0.00031571738   5.8902185e-05
      1452.10  -0.00031567793   5.8887875e-05
      1452.20  -0.00031563849   5.8873569e-05
      1452.30  -0.00031559901   5.8859248e-05
      1452.40  -0.00031555959   5.8844948e-05
      1452.50  -0.00031552017   5.8830652e-05
      1452.60  -0.00031548076   5.8816359e-05
      1452.70  -0.00031544136   5.8802070e-05
      1452.80  -0.00031540191   5.8787766e-05
      1452.90  -0.00031536253   5.8773483e-05
      1453.00  -0.00031532315   5.8759204e-05
      1453.10  -0.00031528378   5.8744928e-05
      1453.20  -0.00031524442   5.8730655e-05
      1453.30  -0.00031520501   5.8716369e-05
      1453.40  -0.00031516567   5.8702103e-05
      1453.50  -0.00031512633   5.8687840e-05
      1453.60  -0.00031508700   5.8673581e-05
      1453.70  -0.00031504767   5.8659325e-05
      1453.80  -0.00031500831   5.8645055e-05
      1453.90  -0.00031496900   5.8630806e-05
      1454.00  -0.00031492970   5.8616561e-05
      1454.10  -0.00031489041   5.8602318e-05
      1454.20  -0.00031485112   5.8588079e-05
      1454.30  -0.00031481180   5.8573826e-05
      1454.40  -0.00031477253   5.8559594e-05
      1454.50  -0.00031473327   5.8545365e-05
      1454.60  -0.00031469402   5.8531140e-05
      1454.70  -0.00031465477   5.8516918e-05
      1454.80  -0.00031461549   5.8502681e-05
      1454.90  -0.00031457626   5.8488466e-05
      1455.00  -0.00031453704   5.8474254e-05
      1455.10  -0.00031449782   5.8460045e-05
      1455.20  -0.00031445862   5.8445840e-05
      1455.30  -0.00031441937   5.8431620e-05
      1455.40  -0.00031438018   5.8417422e-05
      1455.50  -0.00031434100   5.8403226e-05
      1455.60  -0.00031430182   5.8389034e-05
      1455.70  -0.00031426265   5.8374846e-05
      1455.80  -0.00031422345   5.8360643e-05
      1455.90  -0.00031418430   5.8346461e-05
      1456.00  -0.00031414515   5.8332283e-05
      1456.10  -0.00031410602   5.8318107e-05
      1456.20  -0.00031406689   5.8303935e-05
      1456.30  -0.00031402772   5.8289750e-05
      1456.40  -0.00031398861   5.8275584e-05
      1456.50  -0.00031394950   5.8261423e-05
      1456.60  -0.00031391040   5.8247264e-05
      1456.70  -0.00031387132   5.8233109e-05
      1456.80  -0.00031383219   5.8218940e-05
      1456.90  -0.00031379311   5.8204791e-05
      1457.00  -0.00031375405   5.8190646e-05
      1457.10  -0.00031371499   5.8176504e-05
      1457.20  -0.00031367594   5.8162365e-05
      1457.30  -0.00031363685   5.8148213e-05
      1457.40  -0.00031359781   5.8134081e-05
      1457.50  -0.00031355879   5.8119953e-05
      1457.60  -0.00031351977   5.8105827e-05
      1457.70  -0.00031348075   5.8091706e-05
      1457.80  -0.00031344170   5.8077570e-05
      1457.90  -0.00031340271   5.8063455e-05
      1458.00  -0.00031336372   5.8049343e-05
      1458.10  -0.00031332474   5.8035234e-05
      1458.20  -0.00031328577   5.8021129e-05
      1458.30  -0.00031324675   5.8007010e-05
      1458.40  -0.00031320779   5.7992911e-05
      1458.50  -0.00031316885   5.7978816e-05
      1458.60  -0.00031312990   5.7964724e-05
      1458.70  -0.00031309097   5.7950635e-05
      1458.80  -0.00031305200   5.7936533e-05
      1458.90  -0.00031301308   5.7922451e-05
      1459.00  -0.00031297417   5.7908372e-05
      1459.10  -0.00031293526   5.7894297e-05
      1459.20  -0.00031289637   5.7880225e-05
      1459.30  -0.00031285743   5.7866139e-05
      1459.40  -0.00031281855   5.7852073e-05
      1459.50  -0.00031277968   5.7838011e-05
      1459.60  -0.00031274081   5.7823952e-05
      1459.70  -0.00031270196   5.7809897e-05
      1459.80  -0.00031266306   5.7795828e-05
      1459.90  -0.00031262422   5.7781779e-05
      1460.00  -0.00031258539   5.7767733e-05
      1460.10  -0.00031254656   5.7753691e-05
      1460.20  -0.00031250774   5.7739652e-05
      1460.30  -0.00031246888   5.7725599e-05
      1460.40  -0.00031243008   5.7711567e-05
      1460.50  -0.00031239128   5.7697538e-05
      1460.60  -0.00031235250   5.7683512e-05
      1460.70  -0.00031231372   5.7669489e-05
      1460.80  -0.00031227490   5.7655453e-05
      1460.90  -0.00031223613   5.7641437e-05
      1461.00  -0.00031219738   5.7627425e-05
      1461.10  -0.00031215863   5.7613416e-05
      1461.20  -0.00031211989   5.7599410e-05
      1461.30  -0.00031208110   5.7585390e-05
      1461.40  -0.00031204238   5.7571390e-05
      1461.50  -0.00031200366   5.7557394e-05
      1461.60  -0.00031196495   5.7543402e-05
      1461.70  -0.00031192625   5.7529412e-05
      1461.80  -0.00031188750   5.7515409e-05
      1461.90  -0.00031184882   5.7501426e-05
      1462.00  -0.00031181014   5.7487446e-05
      1462.10  -0.00031177146   5.7473470e-05
      1462.20  -0.00031173280   5.7459497e-05
      1462.30  -0.00031169409   5.7445510e-05
      1462.40  -0.00031165545   5.7431543e-05
      1462.50  -0.00031161680   5.7417580e-05
      1462.60  -0.00031157817   5.7403620e-05
      1462.70  -0.00031153954   5.7389664e-05
      1462.80  -0.00031150088   5.7375693e-05
      1462.90  -0.00031146227   5.7361743e-05
      1463.00  -0.00031142366   5.7347796e-05
      1463.10  -0.00031138507   5.7333853e-05
      1463.20  -0.00031134648   5.7319912e-05
      1463.30  -0.00031130785   5.7305958e-05
      1463.40  -0.00031126928   5.7292025e-05
      1463.50  -0.00031123071   5.7278094e-05
      1463.60  -0.00031119215   5.7264167e-05
      1463.70  -0.00031115360   5.7250243e-05
      1463.80  -0.00031111501   5.7236306e-05
      1463.90  -0.00031107648   5.7222388e-05
      1464.00  -0.00031103795   5.7208474e-05
      1464.10  -0.00031099943   5.7194563e-05
      1464.20  -0.00031096092   5.7180656e-05
      1464.30  -0.00031092237   5.7166735e-05
      1464.40  -0.00031088387   5.7152834e-05
      1464.50  -0.00031084538   5.7138936e-05
      1464.60  -0.00031080690   5.7125041e-05
      1464.70  -0.00031076843   5.7111150e-05
      1464.80  -0.00031072992   5.7097245e-05
      1464.90  -0.00031069146   5.7083360e-05
      1465.00  -0.00031065301   5.7069479e-05
      1465.10  -0.00031061456   5.7055601e-05
      1465.20  -0.00031057613   5.7041726e-05
      1465.30  -0.00031053765   5.7027837e-05
      1465.40  -0.00031049923   5.7013969e-05
      1465.50  -0.00031046082   5.7000104e-05
      1465.60  -0.00031042241   5.6986242e-05
      1465.70  -0.00031038401   5.6972383e-05
      1465.80  -0.00031034558   5.6958511e-05
      1465.90  -0.00031030720   5.6944658e-05
      1466.00  -0.00031026882   5.6930810e-05
      1466.10  -0.00031023045   5.6916964e-05
      1466.20  -0.00031019209   5.6903121e-05
      1466.30  -0.00031015369   5.6889265e-05
      1466.40  -0.00031011535   5.6875429e-05
      1466.50  -0.00031007701   5.6861597e-05
      1466.60  -0.00031003868   5.6847767e-05
      1466.70  -0.00031000036   5.6833941e-05
      1466.80  -0.00030996200   5.6820101e-05
      1466.90  -0.00030992369   5.6806282e-05
      1467.00  -0.00030988539   5.6792465e-05
      1467.10  -0.00030984710   5.6778652e-05
      1467.20  -0.00030980882   5.6764842e-05
      1467.30  -0.00030977049   5.6751018e-05
      1467.40  -0.00030973222   5.6737215e-05
      1467.50  -0.00030969396   5.6723414e-05
      1467.60  -0.00030965571   5.6709617e-05
      1467.70  -0.00030961746   5.6695824e-05
      1467.80  -0.00030957918   5.6682016e-05
      1467.90  -0.00030954095   5.6668229e-05
      1468.00  -0.00030950272   5.6654445e-05
      1468.10  -0.00030946451   5.6640664e-05
      1468.20  -0.00030942630   5.6626886e-05
      1468.30  -0.00030938805   5.6613095e-05
      1468.40  -0.00030934985   5.6599324e-05
      1468.50  -0.00030931167   5.6585556e-05
      1468.60  -0.00030927349   5.6571791e-05
      1468.70  -0.00030923532   5.6558029e-05
      1468.80  -0.00030919711   5.6544254e-05
      1468.90  -0.00030915895   5.6530499e-05
      1469.00  -0.00030912080   5.6516747e-05
      1469.10  -0.00030908266   5.6502999e-05
      1469.20  -0.00030904453   5.6489253e-05
      1469.30  -0.00030900626   5.6475537e-05
      1469.40  -0.00030896764   5.6462010e-05
      1469.50  -0.00030892902   5.6448486e-05
      1469.60  -0.00030889042   5.6434966e-05
      1469.70  -0.00030885182   5.6421449e-05
      1469.80  -0.00030881319   5.6407918e-05
      1469.90  -0.00030877460   5.6394407e-05
      1470.00  -0.00030873603   5.6380900e-05
      1470.10  -0.00030869746   5.6367395e-05
      1470.20  -0.00030865890   5.6353893e-05
      1470.30  -0.00030862031   5.6340379e-05
      1470.40  -0.00030858176   5.6326883e-05
      1470.50  -0.00030854323   5.6313391e-05
      1470.60  -0.00030850470   5.6299903e-05
      1470.70  -0.00030846618   5.6286417e-05
      1470.80  -0.00030842762   5.6272918e-05
      1470.90  -0.00030838911   5.6259438e-05
      1471.00  -0.00030835061   5.6245962e-05
      1471.10  -0.00030831212   5.6232489e-05
      1471.20  -0.00030827364   5.6219019e-05
      1471.30  -0.00030823512   5.6205536e-05
      1471.40  -0.00030819665   5.6192072e-05
      1471.50  -0.00030815819   5.6178611e-05
      1471.60  -0.00030811974   5.6165154e-05
      1471.70  -0.00030808129   5.6151700e-05
      1471.80  -0.00030804281   5.6138232e-05
      1471.90  -0.00030800438   5.6124784e-05
      1472.00  -0.00030796596   5.6111339e-05
      1472.10  -0.00030792754   5.6097898e-05
      1472.20  -0.00030788914   5.6084459e-05
      1472.30  -0.00030785069   5.6071007e-05
      1472.40  -0.00030781230   5.6057575e-05
      1472.50  -0.00030777391   5.6044145e-05
      1472.60  -0.00030773549   5.6030720e-05
      1472.70  -0.00030769686   5.6017300e-05
      1472.80  -0.00030765819   5.6003867e-05
      1472.90  -0.00030761958   5.5990453e-05
      1473.00  -0.00030758097   5.5977042e-05
      1473.10  -0.00030754237   5.5963635e-05
      1473.20  -0.00030750378   5.5950231e-05
      1473.30  -0.00030746515   5.5936813e-05
      1473.40  -0.00030742658   5.5923415e-05
      1473.50  -0.00030738801   5.5910020e-05
      1473.60  -0.00030734945   5.5896628e-05
      1473.70  -0.00030731090   5.5883239e-05
      1473.80  -0.00030727231   5.5869837e-05
      1473.90  -0.00030723377   5.5856455e-05
      1474.00  -0.00030719524   5.5843075e-05
      1474.10  -0.00030715672   5.5829699e-05
      1474.20  -0.00030711821   5.5816326e-05
      1474.30  -0.00030707966   5.5802939e-05
      1474.40  -0.00030704116   5.5789573e-05
      1474.50  -0.00030700267   5.5776209e-05
      1474.60  -0.00030696418   5.5762848e-05
      1474.70  -0.00030692571   5.5749490e-05
      1474.80  -0.00030688719   5.5736120e-05
      1474.90  -0.00030684873   5.5722768e-05
      1475.00  -0.00030681028   5.5709420e-05
      1475.10  -0.00030677183   5.5696075e-05
      1475.20  -0.00030673340   5.5682733e-05
      1475.30  -0.00030669492   5.5669377e-05
      1475.40  -0.00030665650   5.5656042e-05
      1475.50  -0.00030661808   5.5642709e-05
      1475.60  -0.00030657967   5.5629379e-05
      1475.70  -0.00030654127   5.5616053e-05
      1475.80  -0.00030650284   5.5602713e-05
      1475.90  -0.00030646445   5.5589393e-05
      1476.00  -0.00030642607   5.5576075e-05
      1476.10  -0.00030638771   5.5562761e-05
      1476.20  -0.00030634934   5.5549450e-05
      1476.30  -0.00030631094   5.5536126e-05
      1476.40  -0.00030627260   5.5522821e-05
      1476.50  -0.00030623426   5.5509519e-05
      1476.60  -0.00030619593   5.5496221e-05
      1476.70  -0.00030615760   5.5482925e-05
      1476.80  -0.00030611924   5.5469616e-05
      1476.90  -0.00030608093   5.5456327e-05
      1477.00  -0.00030604263   5.5443041e-05
      1477.10  -0.00030600434   5.5429758e-05
      1477.20  -0.00030596605   5.5416477e-05
      1477.30  -0.00030592772   5.5403184e-05
      1477.40  -0.00030588945   5.5389910e-05
      1477.50  -0.00030585119   5.5376639e-05
      1477.60  -0.00030581293   5.5363372e-05
      1477.70  -0.00030577469   5.5350107e-05
      1477.80  -0.00030573640   5.5336829e-05
      1477.90  -0.00030569817   5.5323571e-05
      1478.00  -0.00030565994   5.5310315e-05
      1478.10  -0.00030562172   5.5297063e-05
      1478.20  -0.00030558351   5.5283814e-05
      1478.30  -0.00030554526   5.5270551e-05
      1478.40  -0.00030550707   5.5257308e-05
      1478.50  -0.00030546888   5.5244068e-05
      1478.60  -0.00030543070   5.5230831e-05
      1478.70  -0.00030539253   5.5217597e-05
      1478.80  -0.00030535431   5.5204350e-05
      1478.90  -0.00030531616   5.5191122e-05
      1479.00  -0.00030527801   5.5177898e-05
      1479.10  -0.00030523986   5.5164676e-05
      1479.20  -0.00030520173   5.5151458e-05
      1479.30  -0.00030516356   5.5138226e-05
      1479.40  -0.00030512544   5.5125014e-05
      1479.50  -0.00030508732   5.5111804e-05
      1479.60  -0.00030504922   5.5098598e-05
      1479.70  -0.00030501112   5.5085395e-05
      1479.80  -0.00030497298   5.5072179e-05
      1479.90  -0.00030493490   5.5058982e-05
      1480.00  -0.00030489683   5.5045788e-05
      1480.10  -0.00030485876   5.5032597e-05
      1480.20  -0.00030482070   5.5019409e-05
      1480.30  -0.00030478260   5.5006208e-05
      1480.40  -0.00030474455   5.4993026e-05
      1480.50  -0.00030470652   5.4979847e-05
      1480.60  -0.00030466849   5.4966672e-05
      1480.70  -0.00030463047   5.4953499e-05
      1480.80  -0.00030459240   5.4940314e-05
      1480.90  -0.00030455440   5.4927147e-05
      1481.00  -0.00030451640   5.4913984e-05
      1481.10  -0.00030447840   5.4900823e-05
      1481.20  -0.00030444042   5.4887666e-05
      1481.30  -0.00030440239   5.4874496e-05
      1481.40  -0.00030436442   5.4861345e-05
      1481.50  -0.00030432646   5.4848196e-05
      1481.60  -0.00030428851   5.4835051e-05
      1481.70  -0.00030425056   5.4821909e-05
      1481.80  -0.00030421257   5.4808754e-05
      1481.90  -0.00030417464   5.4795618e-05
      1482.00  -0.00030413671   5.4782485e-05
      1482.10  -0.00030409880   5.4769356e-05
      1482.20  -0.00030406089   5.4756229e-05
      1482.30  -0.00030402294   5.4743089e-05
      1482.40  -0.00030398504   5.4729968e-05
      1482.50  -0.00030394715   5.4716851e-05
      1482.60  -0.00030390927   5.4703736e-05
      1482.70  -0.00030387140   5.4690624e-05
      1482.80  -0.00030383349   5.4677500e-05
      1482.90  -0.00030379563   5.4664394e-05
      1483.00  -0.00030375778   5.4651292e-05
      1483.10  -0.00030371994   5.4638192e-05
      1483.20  -0.00030368210   5.4625096e-05
      1483.30  -0.00030364423   5.4611987e-05
      1483.40  -0.00030360641   5.4598896e-05
      1483.50  -0.00030356859   5.4585809e-05
      1483.60  -0.00030353079   5.4572725e-05
      1483.70  -0.00030349299   5.4559643e-05
      1483.80  -0.00030345515   5.4546549e-05
      1483.90  -0.00030341737   5.4533474e-05
      1484.00  -0.00030337959   5.4520402e-05
      1484.10  -0.00030334182   5.4507333e-05
      1484.20  -0.00030330406   5.4494267e-05
      1484.30  -0.00030326626   5.4481188e-05
      1484.40  -0.00030322851   5.4468128e-05
      1484.50  -0.00030319077   5.4455071e-05
      1484.60  -0.00030315304   5.4442017e-05
      1484.70  -0.00030311532   5.4428966e-05
      1484.80  -0.00030307756   5.4415902e-05
      1484.90  -0.00030303985   5.4402857e-05
      1485.00  -0.00030300214   5.4389815e-05
      1485.10  -0.00030296445   5.4376776e-05
      1485.20  -0.00030292676   5.4363740e-05
      1485.30  -0.00030288904   5.4350691e-05
      1485.40  -0.00030285136   5.4337661e-05
      1485.50  -0.00030281370   5.4324635e-05
      1485.60  -0.00030277604   5.4311611e-05
      1485.70  -0.00030273839   5.4298590e-05
      1485.80  -0.00030270070   5.4285556e-05
      1485.90  -0.00030266307   5.4272542e-05
      1486.00  -0.00030262544   5.4259530e-05
      1486.10  -0.00030258782   5.4246521e-05
      1486.20  -0.00030255020   5.4233515e-05
      1486.30  -0.00030251255   5.4220497e-05
      1486.40  -0.00030247495   5.4207497e-05
      1486.50  -0.00030243736   5.4194500e-05
      1486.60  -0.00030239978   5.4181507e-05
      1486.70  -0.00030236220   5.4168516e-05
      1486.80  -0.00030232459   5.4155512e-05
      1486.90  -0.00030228703   5.4142528e-05
      1487.00  -0.00030224947   5.4129546e-05
      1487.10  -0.00030221192   5.4116567e-05
      1487.20  -0.00030217438   5.4103592e-05
      1487.30  -0.00030213681   5.4090603e-05
      1487.40  -0.00030209928   5.4077633e-05
      1487.50  -0.00030206176   5.4064667e-05
      1487.60  -0.00030202425   5.4051703e-05
      1487.70  -0.00030198675   5.4038742e-05
      1487.80  -0.00030194921   5.4025769e-05
      1487.90  -0.00030191172   5.4012814e-05
      1488.00  -0.00030187424   5.3999862e-05
      1488.10  -0.00030183677   5.3986914e-05
      1488.20  -0.00030179930   5.3973968e-05
      1488.30  -0.00030176180   5.3961009e-05
      1488.40  -0.00030172435   5.3948070e-05
      1488.50  -0.00030168690   5.3935133e-05
      1488.60  -0.00030164947   5.3922199e-05
      1488.70  -0.00030161204   5.3909268e-05
      1488.80  -0.00030157457   5.3896325e-05
      1488.90  -0.00030153715   5.3883400e-05
      1489.00  -0.00030149975   5.3870478e-05
      1489.10  -0.00030146235   5.3857559e-05
      1489.20  -0.00030142495   5.3844643e-05
      1489.30  -0.00030138752   5.3831715e-05
      1489.40  -0.00030135014   5.3818805e-05
      1489.50  -0.00030131277   5.3805898e-05
      1489.60  -0.00030127541   5.3792994e-05
      1489.70  -0.00030123805   5.3780093e-05
      1489.80  -0.00030120066   5.3767180e-05
      1489.90  -0.00030116332   5.3754285e-05
      1490.00  -0.00030112598   5.3741393e-05
      1490.10  -0.00030108866   5.3728504e-05
      1490.20  -0.00030105134   5.3715617e-05
      1490.30  -0.00030101398   5.3702719e-05
      1490.40  -0.00030097668   5.3689839e-05
      1490.50  -0.00030093938   5.3676961e-05
      1490.60  -0.00030090209   5.3664087e-05
      1490.70  -0.00030086480   5.3651216e-05
      1490.80  -0.00030082748   5.3638332e-05
      1490.90  -0.00030079022   5.3625467e-05
      1491.00  -0.00030075295   5.3612605e-05
      1491.10  -0.00030071570   5.3599745e-05
      1491.20  -0.00030067845   5.3586889e-05
      1491.30  -0.00030064117   5.3574020e-05
      1491.40  -0.00030060394   5.3561170e-05
      1491.50  -0.00030056671   5.3548322e-05
      1491.60  -0.00030052949   5.3535478e-05
      1491.70  -0.00030049228   5.3522636e-05
      1491.80  -0.00030045504   5.3509782e-05
      1491.90  -0.00030041784   5.3496946e-05
      1492.00  -0.00030038065   5.3484114e-05
      1492.10  -0.00030034347   5.3471284e-05
      1492.20  -0.00030030630   5.3458457e-05
      1492.30  -0.00030026909   5.3445618e-05
      1492.40  -0.00030023193   5.3432797e-05
      1492.50  -0.00030019477   5.3419979e-05
      1492.60  -0.00030015763   5.3407164e-05
      1492.70  -0.00030012049   5.3394352e-05
      1492.80  -0.00030008332   5.3381528e-05
      1492.90  -0.00030004619   5.3368722e-05
      1493.00  -0.00030000908   5.3355919e-05
      1493.10  -0.00029997175   5.3343194e-05
      1493.20  -0.00029993428   5.3330522e-05
      1493.30  -0.00029989677   5.3317838e-05
      1493.40  -0.00029985932   5.3305172e-05
      1493.50  -0.00029982187   5.3292509e-05
      1493.60  -0.00029978443   5.3279849e-05
      1493.70  -0.00029974700   5.3267192e-05
      1493.80  -0.00029970953   5.3254522e-05
      1493.90  -0.00029967211   5.3241871e-05
      1494.00  -0.00029963471   5.3229222e-05
      1494.10  -0.00029959730   5.3216577e-05
      1494.20  -0.00029955991   5.3203934e-05
      1494.30  -0.00029952247   5.3191279e-05
      1494.40  -0.00029948509   5.3178642e-05
      1494.50  -0.00029944772   5.3166008e-05
      1494.60  -0.00029941035   5.3153377e-05
      1494.70  -0.00029937300   5.3140749e-05
      1494.80  -0.00029933560   5.3128109e-05
      1494.90  -0.00029929825   5.3115486e-05
      1495.00  -0.00029926092   5.3102867e-05
      1495.10  -0.00029922359   5.3090250e-05
      1495.20  -0.00029918627   5.3077637e-05
      1495.30  -0.00029914891   5.3065011e-05
      1495.40  -0.00029911160   5.3052403e-05
      1495.50  -0.00029907430   5.3039798e-05
      1495.60  -0.00029903701   5.3027196e-05
      1495.70  -0.00029899972   5.3014597e-05
      1495.80  -0.00029896240   5.3001986e-05
      1495.90  -0.00029892513   5.2989392e-05
      1496.00  -0.00029888786   5.2976802e-05
      1496.10  -0.00029885061   5.2964214e-05
      1496.20  -0.00029881336   5.2951630e-05
      1496.30  -0.00029877607   5.2939033e-05
      1496.40  -0.00029873881   5.2926454e-05
      1496.50  -0.00029870131   5.2913884e-05
      1496.60  -0.00029866382   5.2901317e-05
      1496.70  -0.00029862634   5.2888753e-05
      1496.80  -0.00029858882   5.2876176e-05
      1496.90  -0.00029855135   5.2863617e-05
      1497.00  -0.00029851389   5.2851062e-05
      1497.10  -0.00029847644   5.2838509e-05
      1497.20  -0.00029843899   5.2825959e-05
      1497.30  -0.00029840151   5.2813396e-05
      1497.40  -0.00029836408   5.2800852e-05
      1497.50  -0.00029832665   5.2788311e-05
      1497.60  -0.00029828924   5.2775773e-05
      1497.70  -0.00029825183   5.2763237e-05
      1497.80  -0.00029821438   5.2750689e-05
      1497.90  -0.00029817699   5.2738159e-05
      1498.00  -0.00029813960   5.2725632e-05
      1498.10  -0.00029810222   5.2713108e-05
      1498.20  -0.00029806485   5.2700587e-05
      1498.30  -0.00029802744   5.2688054e-05
      1498.40  -0.00029799008   5.2675538e-05
      1498.50  -0.00029795273   5.2663026e-05
      1498.60  -0.00029791539   5.2650516e-05
      1498.70  -0.00029787805   5.2638009e-05
      1498.80  -0.00029784068   5.2625490e-05
      1498.90  -0.00029780336   5.2612989e-05
      1499.00  -0.00029776604   5.2600491e-05
      1499.10  -0.00029772874   5.2587995e-05
      1499.20  -0.00029769144   5.2575503e-05
      1499.30  -0.00029765410   5.2562998e-05
      1499.40  -0.00029761682   5.2550511e-05
      1499.50  -0.00029757954   5.2538028e-05
      1499.60  -0.00029754227   5.2525547e-05
      1499.70  -0.00029750501   5.2513068e-05
      1499.80  -0.00029746770   5.2500578e-05
      1499.90  -0.00029743046   5.2488106e-05
      1500.00  -0.00029739322   5.2475636e-05
      1500.10  -0.00029735598   5.2463169e-05
      1500.20  -0.00029731876   5.2450705e-05
      1500.30  -0.00029728149   5.2438229e-05
      1500.40  -0.00029724428   5.2425771e-05
      1500.50  -0.00029720708   5.2413316e-05
      1500.60  -0.00029716988   5.2400863e-05
      1500.70  -0.00029713269   5.2388414e-05
      1500.80  -0.00029709546   5.2375952e-05
      1500.90  -0.00029705829   5.2363508e-05
      1501.00  -0.00029702112   5.2351067e-05
      1501.10  -0.00029698396   5.2338629e-05
      1501.20  -0.00029694680   5.2326194e-05
      1501.30  -0.00029690961   5.2313746e-05
      1501.40  -0.00029687247   5.2301316e-05
      1501.50  -0.00029683534   5.2288889e-05
      1501.60  -0.00029679822   5.2276466e-05
      1501.70  -0.00029676110   5.2264044e-05
      1501.80  -0.00029672394   5.2251611e-05
      1501.90  -0.00029668684   5.2239196e-05
      1502.00  -0.00029664975   5.2226783e-05
      1502.10  -0.00029661266   5.2214373e-05
      1502.20  -0.00029657558   5.2201967e-05
      1502.30  -0.00029653846   5.2189547e-05
      1502.40  -0.00029650139   5.2177146e-05
      1502.50  -0.00029646433   5.2164748e-05
      1502.60  -0.00029642728   5.2152352e-05
      1502.70  -0.00029639024   5.2139960e-05
      1502.80  -0.00029635315   5.2127555e-05
      1502.90  -0.00029631612   5.2115168e-05
      1503.00  -0.00029627910   5.2102784e-05
      1503.10  -0.00029624209   5.2090402e-05
      1503.20  -0.00029620508   5.2078024e-05
      1503.30  -0.00029616803   5.2065633e-05
      1503.40  -0.00029613104   5.2053260e-05
      1503.50  -0.00029609405   5.2040890e-05
      1503.60  -0.00029605707   5.2028523e-05
      1503.70  -0.00029602010   5.2016159e-05
      1503.80  -0.00029598309   5.2003782e-05
      1503.90  -0.00029594613   5.1991423e-05
      1504.00  -0.00029590918   5.1979068e-05
      1504.10  -0.00029587223   5.1966715e-05
      1504.20  -0.00029583530   5.1954364e-05
      1504.30  -0.00029579832   5.1942002e-05
      1504.40  -0.00029576140   5.1929657e-05
      1504.50  -0.00029572449   5.1917316e-05
      1504.60  -0.00029568758   5.1904977e-05
      1504.70  -0.00029565068   5.1892641e-05
      1504.80  -0.00029561374   5.1880292e-05
      1504.90  -0.00029557686   5.1867962e-05
      1505.00  -0.00029553998   5.1855634e-05
      1505.10  -0.00029550311   5.1843309e-05
      1505.20  -0.00029546624   5.1830987e-05
      1505.30  -0.00029542934   5.1818653e-05
      1505.40  -0.00029539249   5.1806337e-05
      1505.50  -0.00029535565   5.1794023e-05
      1505.60  -0.00029531881   5.1781713e-05
      1505.70  -0.00029528198   5.1769405e-05
      1505.80  -0.00029524512   5.1757085e-05
      1505.90  -0.00029520830   5.1744782e-05
      1506.00  -0.00029517149   5.1732483e-05
      1506.10  -0.00029513469   5.1720186e-05
      1506.20  -0.00029509790   5.1707892e-05
      1506.30  -0.00029506107   5.1695586e-05
      1506.40  -0.00029502429   5.1683298e-05
      1506.50  -0.00029498752   5.1671013e-05
      1506.60  -0.00029495076   5.1658730e-05
      1506.70  -0.00029491400   5.1646450e-05
      1506.80  -0.00029487721   5.1634158e-05
      1506.90  -0.00029484047   5.1621884e-05
      1507.00  -0.00029480373   5.1609612e-05
      1507.10  -0.00029476700   5.1597344e-05
      1507.20  -0.00029473028   5.1585078e-05
      1507.30  -0.00029469352   5.1572800e-05
      1507.40  -0.00029465682   5.1560540e-05
      1507.50  -0.00029462012   5.1548282e-05
      1507.60  -0.00029458342   5.1536028e-05
      1507.70  -0.00029454674   5.1523776e-05
      1507.80  -0.00029451002   5.1511512e-05
      1507.90  -0.00029447334   5.1499266e-05
      1508.00  -0.00029443668   5.1487022e-05
      1508.10  -0.00029440002   5.1474782e-05
      1508.20  -0.00029436337   5.1462544e-05
      1508.30  -0.00029432669   5.1450294e-05
      1508.40  -0.00029429005   5.1438062e-05
      1508.50  -0.00029425342   5.1425832e-05
      1508.60  -0.00029421680   5.1413606e-05
      1508.70  -0.00029418019   5.1401382e-05
      1508.80  -0.00029414354   5.1389146e-05
      1508.90  -0.00029410694   5.1376927e-05
      1509.00  -0.00029407035   5.1364712e-05
      1509.10  -0.00029403376   5.1352499e-05
      1509.20  -0.00029399718   5.1340289e-05
      1509.30  -0.00029396057   5.1328067e-05
      1509.40  -0.00029392400   5.1315863e-05
      1509.50  -0.00029388744   5.1303661e-05
      1509.60  -0.00029385089   5.1291462e-05
      1509.70  -0.00029381435   5.1279266e-05
      1509.80  -0.00029377777   5.1267058e-05
      1509.90  -0.00029374124   5.1254868e-05
      1510.00  -0.00029370472   5.1242680e-05
      1510.10  -0.00029366821   5.1230495e-05
      1510.20  -0.00029363170   5.1218313e-05
      1510.30  -0.00029359516   5.1206119e-05
      1510.40  -0.00029355866   5.1193942e-05
      1510.50  -0.00029352218   5.1181769e-05
      1510.60  -0.00029348570   5.1169598e-05
      1510.70  -0.00029344923   5.1157429e-05
      1510.80  -0.00029341272   5.1145249e-05
      1510.90  -0.00029337626   5.1133086e-05
      1511.00  -0.00029333981   5.1120926e-05
      1511.10  -0.00029330336   5.1108769e-05
      1511.20  -0.00029326693   5.1096615e-05
      1511.30  -0.00029323045   5.1084448e-05
      1511.40  -0.00029319403   5.1072300e-05
      1511.50  -0.00029315762   5.1060153e-05
      1511.60  -0.00029312121   5.1048010e-05
      1511.70  -0.00029308481   5.1035870e-05
      1511.80  -0.00029304837   5.1023717e-05
      1511.90  -0.00029301198   5.1011582e-05
      1512.00  -0.00029297560   5.0999450e-05
      1512.10  -0.00029293923   5.0987320e-05
      1512.20  -0.00029290286   5.0975193e-05
      1512.30  -0.00029286646   5.0963055e-05
      1512.40  -0.00029283011   5.0950934e-05
      1512.50  -0.00029279377   5.0938815e-05
      1512.60  -0.00029275743   5.0926699e-05
      1512.70  -0.00029272110   5.0914586e-05
      1512.80  -0.00029268473   5.0902462e-05
      1512.90  -0.00029264841   5.0890354e-05
      1513.00  -0.00029261210   5.0878249e-05
      1513.10  -0.00029257580   5.0866148e-05
      1513.20  -0.00029253951   5.0854048e-05
      1513.30  -0.00029250317   5.0841937e-05
      1513.40  -0.00029246689   5.0829844e-05
      1513.50  -0.00029243062   5.0817753e-05
      1513.60  -0.00029239435   5.0805665e-05
      1513.70  -0.00029235809   5.0793579e-05
      1513.80  -0.00029232179   5.0781482e-05
      1513.90  -0.00029228555   5.0769402e-05
      1514.00  -0.00029224931   5.0757325e-05
      1514.10  -0.00029221308   5.0745250e-05
      1514.20  -0.00029217685   5.0733179e-05
      1514.30  -0.00029214059   5.0721095e-05
      1514.40  -0.00029210438   5.0709029e-05
      1514.50  -0.00029206818   5.0696966e-05
      1514.60  -0.00029203198   5.0684905e-05
      1514.70  -0.00029199579   5.0672847e-05
      1514.80  -0.00029195956   5.0660777e-05
      1514.90  -0.00029192339   5.0648725e-05
      1515.00  -0.00029188722   5.0636675e-05
      1515.10  -0.00029185105   5.0624628e-05
      1515.20  -0.00029181490   5.0612584e-05
      1515.30  -0.00029177871   5.0600528e-05
      1515.40  -0.00029174257   5.0588489e-05
      1515.50  -0.00029170643   5.0576453e-05
      1515.60  -0.00029167031   5.0564420e-05
      1515.70  -0.00029163419   5.0552389e-05
      1515.80  -0.00029159803   5.0540347e-05
      1515.90  -0.00029156192   5.0528322e-05
      1516.00  -0.00029152583   5.0516299e-05
      1516.10  -0.00029148973   5.0504280e-05
      1516.20  -0.00029145365   5.0492263e-05
      1516.30  -0.00029141753   5.0480234e-05
      1516.40  -0.00029138146   5.0468222e-05
      1516.50  -0.00029134539   5.0456214e-05
      1516.60  -0.00029130933   5.0444208e-05
      1516.70  -0.00029127328   5.0432205e-05
      1516.80  -0.00029123720   5.0420190e-05
      1516.90  -0.00029120116   5.0408192e-05
      1517.00  -0.00029116513   5.0396197e-05
      1517.10  -0.00029112911   5.0384204e-05
      1517.20  -0.00029109306   5.0372234e-05
      1517.30  -0.00029105663   5.0360426e-05
      1517.40  -0.00029102025   5.0348634e-05
      1517.50  -0.00029098387   5.0336846e-05
      1517.60  -0.00029094751   5.0325060e-05
      1517.70  -0.00029091115   5.0313277e-05
      1517.80  -0.00029087476   5.0301482e-05
      1517.90  -0.00029083841   5.0289704e-05
      1518.00  -0.00029080207   5.0277928e-05
      1518.10  -0.00029076574   5.0266156e-05
      1518.20  -0.00029072942   5.0254386e-05
      1518.30  -0.00029069306   5.0242604e-05
      1518.40  -0.00029065675   5.0230840e-05
      1518.50  -0.00029062045   5.0219078e-05
      1518.60  -0.00029058415   5.0207318e-05
      1518.70  -0.00029054787   5.0195562e-05
      1518.80  -0.00029051154   5.0183793e-05
      1518.90  -0.00029047527   5.0172042e-05
      1519.00  -0.00029043900   5.0160293e-05
      1519.10  -0.00029040274   5.0148547e-05
      1519.20  -0.00029036649   5.0136804e-05
      1519.30  -0.00029033020   5.0125049e-05
      1519.40  -0.00029029396   5.0113311e-05
      1519.50  -0.00029025773   5.0101576e-05
      1519.60  -0.00029022150   5.0089843e-05
      1519.70  -0.00029018529   5.0078113e-05
      1519.80  -0.00029014903   5.0066371e-05
      1519.90  -0.00029011283   5.0054647e-05
      1520.00  -0.00029007663   5.0042925e-05
      1520.10  -0.00029004044   5.0031205e-05
      1520.20  -0.00029000426   5.0019488e-05
      1520.30  -0.00028996804   5.0007760e-05
      1520.40  -0.00028993187   4.9996048e-05
      1520.50  -0.00028989571   4.9984340e-05
      1520.60  -0.00028985956   4.9972633e-05
      1520.70  -0.00028982323   4.9960942e-05
      1520.80  -0.00028978687   4.9949238e-05
      1520.90  -0.00028975057   4.9937552e-05
      1521.00  -0.00028971427   4.9925868e-05
      1521.10  -0.00028967797   4.9914187e-05
      1521.20  -0.00028964168   4.9902509e-05
      1521.30  -0.00028960536   4.9890818e-05
      1521.40  -0.00028956909   4.9879145e-05
      1521.50  -0.00028953282   4.9867475e-05
      1521.60  -0.00028949656   4.9855807e-05
      1521.70  -0.00028946031   4.9844141e-05
      1521.80  -0.00028942402   4.9832464e-05
      1521.90  -0.00028938779   4.9820804e-05
      1522.00  -0.00028935155   4.9809147e-05
      1522.10  -0.00028931533   4.9797492e-05
      1522.20  -0.00028927911   4.9785840e-05
      1522.30  -0.00028924286   4.9774176e-05
      1522.40  -0.00028920666   4.9762530e-05
      1522.50  -0.00028917046   4.9750885e-05
      1522.60  -0.00028913427   4.9739244e-05
      1522.70  -0.00028909809   4.9727605e-05
      1522.80  -0.00028906187   4.9715954e-05
      1522.90  -0.00028902571   4.9704320e-05
      1523.00  -0.00028898955   4.9692689e-05
      1523.10  -0.00028895339   4.9681061e-05
      1523.20  -0.00028891725   4.9669435e-05
      1523.30  -0.00028888106   4.9657798e-05
      1523.40  -0.00028884493   4.9646177e-05
      1523.50  -0.00028880881   4.9634559e-05
      1523.60  -0.00028877269   4.9622944e-05
      1523.70  -0.00028873658   4.9611331e-05
      1523.80  -0.00028870043   4.9599707e-05
      1523.90  -0.00028866433   4.9588099e-05
      1524.00  -0.00028862824   4.9576494e-05
      1524.10  -0.00028859216   4.9564892e-05
      1524.20  -0.00028855608   4.9553292e-05
      1524.30  -0.00028851997   4.9541681e-05
      1524.40  -0.00028848390   4.9530087e-05
      1524.50  -0.00028844785   4.9518495e-05
      1524.60  -0.00028841180   4.9506906e-05
      1524.70  -0.00028837576   4.9495319e-05
      1524.80  -0.00028833968   4.9483721e-05
      1524.90  -0.00028830365   4.9472140e-05
      1525.00  -0.00028826763   4.9460561e-05
      1525.10  -0.00028823162   4.9448985e-05
      1525.20  -0.00028819561   4.9437412e-05
      1525.30  -0.00028815957   4.9425827e-05
      1525.40  -0.00028812357   4.9414258e-05
      1525.50  -0.00028808759   4.9402693e-05
      1525.60  -0.00028805161   4.9391130e-05
      1525.70  -0.00028801564   4.9379569e-05
      1525.80  -0.00028797963   4.9367997e-05
      1525.90  -0.00028794367   4.9356442e-05
      1526.00  -0.00028790772   4.9344889e-05
      1526.10  -0.00028787177   4.9333339e-05
      1526.20  -0.00028783584   4.9321792e-05
      1526.30  -0.00028779986   4.9310233e-05
      1526.40  -0.00028776394   4.9298691e-05
      1526.50  -0.00028772802   4.9287151e-05
      1526.60  -0.00028769211   4.9275614e-05
      1526.70  -0.00028765621   4.9264080e-05
      1526.80  -0.00028762027   4.9252534e-05
      1526.90  -0.00028758438   4.9241005e-05
      1527.00  -0.00028754850   4.9229478e-05
      1527.10  -0.00028751263   4.9217954e-05
      1527.20  -0.00028747676   4.9206432e-05
      1527.30  -0.00028744085   4.9194900e-05
      1527.40  -0.00028740500   4.9183383e-05
      1527.50  -0.00028736915   4.9171870e-05
      1527.60  -0.00028733331   4.9160359e-05
      1527.70  -0.00028729748   4.9148850e-05
      1527.80  -0.00028726161   4.9137330e-05
      1527.90  -0.00028722579   4.9125827e-05
      1528.00  -0.00028718998   4.9114326e-05
      1528.10  -0.00028715417   4.9102828e-05
      1528.20  -0.00028711837   4.9091333e-05
      1528.30  -0.00028708254   4.9079826e-05
      1528.40  -0.00028704675   4.9068335e-05
      1528.50  -0.00028701098   4.9056848e-05
      1528.60  -0.00028697521   4.9045363e-05
      1528.70  -0.00028693944   4.9033880e-05
      1528.80  -0.00028690364   4.9022386e-05
      1528.90  -0.00028686789   4.9010909e-05
      1529.00  -0.00028683215   4.8999434e-05
      1529.10  -0.00028679641   4.8987961e-05
      1529.20  -0.00028676068   4.8976492e-05
      1529.30  -0.00028672491   4.8965011e-05
      1529.40  -0.00028668920   4.8953546e-05
      1529.50  -0.00028665349   4.8942084e-05
      1529.60  -0.00028661779   4.8930625e-05
      1529.70  -0.00028658209   4.8919168e-05
      1529.80  -0.00028654636   4.8907700e-05
      1529.90  -0.00028651068   4.8896248e-05
      1530.00  -0.00028647501   4.8884799e-05
      1530.10  -0.00028643934   4.8873353e-05
      1530.20  -0.00028640368   4.8861909e-05
      1530.30  -0.00028636798   4.8850454e-05
      1530.40  -0.00028633233   4.8839015e-05
      1530.50  -0.00028629669   4.8827579e-05
      1530.60  -0.00028626106   4.8816145e-05
      1530.70  -0.00028622543   4.8804714e-05
      1530.80  -0.00028618977   4.8793272e-05
      1530.90  -0.00028615416   4.8781846e-05
      1531.00  -0.00028611855   4.8770423e-05
      1531.10  -0.00028608295   4.8759002e-05
      1531.20  -0.00028604736   4.8747584e-05
      1531.30  -0.00028601173   4.8736154e-05
      1531.40  -0.00028597615   4.8724741e-05
      1531.50  -0.00028594058   4.8713331e-05
      1531.60  -0.00028590502   4.8701923e-05
      1531.70  -0.00028586946   4.8690517e-05
      1531.80  -0.00028583387   4.8679101e-05
      1531.90  -0.00028579832   4.8667701e-05
      1532.00  -0.00028576278   4.8656303e-05
      1532.10  -0.00028572725   4.8644908e-05
      1532.20  -0.00028569173   4.8633515e-05
      1532.30  -0.00028565617   4.8622111e-05
      1532.40  -0.00028562066   4.8610724e-05
      1532.50  -0.00028558516   4.8599339e-05
      1532.60  -0.00028554966   4.8587957e-05
      1532.70  -0.00028551417   4.8576577e-05
      1532.80  -0.00028547865   4.8565186e-05
      1532.90  -0.00028544317   4.8553811e-05
      1533.00  -0.00028540770   4.8542439e-05
      1533.10  -0.00028537224   4.8531070e-05
      1533.20  -0.00028533678   4.8519703e-05
      1533.30  -0.00028530129   4.8508324e-05
      1533.40  -0.00028526585   4.8496963e-05
      1533.50  -0.00028523042   4.8485603e-05
      1533.60  -0.00028519499   4.8474246e-05
      1533.70  -0.00028515957   4.8462892e-05
      1533.80  -0.00028512411   4.8451527e-05
      1533.90  -0.00028508870   4.8440178e-05
      1534.00  -0.00028505330   4.8428831e-05
      1534.10  -0.00028501791   4.8417487e-05
      1534.20  -0.00028498252   4.8406146e-05
      1534.30  -0.00028494710   4.8394793e-05
      1534.40  -0.00028491172   4.8383456e-05
      1534.50  -0.00028487636   4.8372122e-05
      1534.60  -0.00028484100   4.8360791e-05
      1534.70  -0.00028480564   4.8349462e-05
      1534.80  -0.00028477025   4.8338122e-05
      1534.90  -0.00028473492   4.8326799e-05
      1535.00  -0.00028469958   4.8315478e-05
      1535.10  -0.00028466426   4.8304159e-05
      1535.20  -0.00028462894   4.8292843e-05
      1535.30  -0.00028459358   4.8281516e-05
      1535.40  -0.00028455828   4.8270205e-05
      1535.50  -0.00028452298   4.8258896e-05
      1535.60  -0.00028448769   4.8247590e-05
      1535.70  -0.00028445240   4.8236287e-05
      1535.80  -0.00028441708   4.8224972e-05
      1535.90  -0.00028438181   4.8213674e-05
      1536.00  -0.00028434654   4.8202378e-05
      1536.10  -0.00028431128   4.8191085e-05
      1536.20  -0.00028427603   4.8179794e-05
      1536.30  -0.00028424075   4.8168492e-05
      1536.40  -0.00028420551   4.8157207e-05
      1536.50  -0.00028417028   4.8145923e-05
      1536.60  -0.00028413505   4.8134643e-05
      1536.70  -0.00028409983   4.8123365e-05
      1536.80  -0.00028406458   4.8112076e-05
      1536.90  -0.00028402938   4.8100803e-05
      1537.00  -0.00028399418   4.8089532e-05
      1537.10  -0.00028395899   4.8078264e-05
      1537.20  -0.00028392381   4.8066999e-05
      1537.30  -0.00028388859   4.8055722e-05
      1537.40  -0.00028385342   4.8044462e-05
      1537.50  -0.00028381825   4.8033204e-05
      1537.60  -0.00028378310   4.8021949e-05
      1537.70  -0.00028374795   4.8010696e-05
      1537.80  -0.00028371276   4.7999432e-05
      1537.90  -0.00028367762   4.7988184e-05
      1538.00  -0.00028364249   4.7976939e-05
      1538.10  -0.00028360737   4.7965696e-05
      1538.20  -0.00028357225   4.7954456e-05
      1538.30  -0.00028353710   4.7943204e-05
      1538.40  -0.00028350200   4.7931969e-05
      1538.50  -0.00028346690   4.7920736e-05
      1538.60  -0.00028343181   4.7909506e-05
      1538.70  -0.00028339673   4.7898279e-05
      1538.80  -0.00028336161   4.7887040e-05
      1538.90  -0.00028332654   4.7875817e-05
      1539.00  -0.00028329148   4.7864597e-05
      1539.10  -0.00028325642   4.7853380e-05
      1539.20  -0.00028322138   4.7842165e-05
      1539.30  -0.00028318629   4.7830938e-05
      1539.40  -0.00028315125   4.7819728e-05
      1539.50  -0.00028311623   4.7808521e-05
      1539.60  -0.00028308120   4.7797316e-05
      1539.70  -0.00028304619   4.7786113e-05
      1539.80  -0.00028301114   4.7774899e-05
      1539.90  -0.00028297613   4.7763702e-05
      1540.00  -0.00028294114   4.7752507e-05
      1540.10  -0.00028290615   4.7741314e-05
      1540.20  -0.00028287117   4.7730124e-05
      1540.30  -0.00028283615   4.7718923e-05
      1540.40  -0.00028280118   4.7707738e-05
      1540.50  -0.00028276622   4.7696556e-05
      1540.60  -0.00028273127   4.7685376e-05
      1540.70  -0.00028269632   4.7674198e-05
      1540.80  -0.00028266133   4.7663010e-05
      1540.90  -0.00028262640   4.7651837e-05
      1541.00  -0.00028259147   4.7640667e-05
      1541.10  -0.00028255655   4.7629500e-05
      1541.20  -0.00028252163   4.7618335e-05
      1541.30  -0.00028248668   4.7607159e-05
      1541.40  -0.00028245178   4.7595999e-05
      1541.50  -0.00028241689   4.7584841e-05
      1541.60  -0.00028238200   4.7573686e-05
      1541.70  -0.00028234712   4.7562534e-05
      1541.80  -0.00028231198   4.7551510e-05
      1541.90  -0.00028227679   4.7540563e-05
      1542.00  -0.00028224161   4.7529618e-05
      1542.10  -0.00028220644   4.7518675e-05
      1542.20  -0.00028217128   4.7507735e-05
      1542.30  -0.00028213608   4.7496784e-05
      1542.40  -0.00028210093   4.7485849e-05
      1542.50  -0.00028206579   4.7474916e-05
      1542.60  -0.00028203065   4.7463985e-05
      1542.70  -0.00028199552   4.7453057e-05
      1542.80  -0.00028196035   4.7442119e-05
      1542.90  -0.00028192524   4.7431195e-05
      1543.00  -0.00028189013   4.7420275e-05
      1543.10  -0.00028185502   4.7409357e-05
      1543.20  -0.00028181993   4.7398441e-05
      1543.30  -0.00028178479   4.7387514e-05
      1543.40  -0.00028174971   4.7376603e-05
      1543.50  -0.00028171463   4.7365695e-05
      1543.60  -0.00028167956   4.7354789e-05
      1543.70  -0.00028164450   4.7343885e-05
      1543.80  -0.00028160940   4.7332970e-05
      1543.90  -0.00028157435   4.7322072e-05
      1544.00  -0.00028153931   4.7311175e-05
      1544.10  -0.00028150427   4.7300281e-05
      1544.20  -0.00028146925   4.7289390e-05
      1544.30  -0.00028143418   4.7278487e-05
      1544.40  -0.00028139916   4.7267601e-05
      1544.50  -0.00028136415   4.7256716e-05
      1544.60  -0.00028132915   4.7245835e-05
      1544.70  -0.00028129416   4.7234955e-05
      1544.80  -0.00028125912   4.7224065e-05
      1544.90  -0.00028122414   4.7213190e-05
      1545.00  -0.00028118917   4.7202318e-05
      1545.10  -0.00028115420   4.7191448e-05
      1545.20  -0.00028111922   4.7180582e-05
      1545.30  -0.00028108408   4.7169710e-05
      1545.40  -0.00028104900   4.7158854e-05
      1545.50  -0.00028101392   4.7148000e-05
      1545.60  -0.00028097884   4.7137148e-05
      1545.70  -0.00028094378   4.7126299e-05
      1545.80  -0.00028090867   4.7115439e-05
      1545.90  -0.00028087362   4.7104595e-05
      1546.00  -0.00028083857   4.7093753e-05
      1546.10  -0.00028080353   4.7082914e-05
      1546.20  -0.00028076850   4.7072077e-05
      1546.30  -0.00028073343   4.7061229e-05
      1546.40  -0.00028069841   4.7050397e-05
      1546.50  -0.00028066339   4.7039567e-05
      1546.60  -0.00028062839   4.7028740e-05
      1546.70  -0.00028059339   4.7017915e-05
      1546.80  -0.00028055835   4.7007079e-05
      1546.90  -0.00028052336   4.6996259e-05
      1547.00  -0.00028048838   4.6985442e-05
      1547.10  -0.00028045341   4.6974626e-05
      1547.20  -0.00028041844   4.6963813e-05
      1547.30  -0.00028038344   4.6952990e-05
      1547.40  -0.00028034849   4.6942182e-05
      1547.50  -0.00028031354   4.6931376e-05
      1547.60  -0.00028027860   4.6920573e-05
      1547.70  -0.00028024367   4.6909772e-05
      1547.80  -0.00028020870   4.6898960e-05
      1547.90  -0.00028017378   4.6888164e-05
      1548.00  -0.00028013887   4.6877370e-05
      1548.10  -0.00028010396   4.6866579e-05
      1548.20  -0.00028006906   4.6855790e-05
      1548.30  -0.00028003413   4.6844990e-05
      1548.40  -0.00027999924   4.6834206e-05
      1548.50  -0.00027996436   4.6823425e-05
      1548.60  -0.00027992949   4.6812645e-05
      1548.70  -0.00027989462   4.6801868e-05
      1548.80  -0.00027985972   4.6791081e-05
      1548.90  -0.00027982487   4.6780309e-05
      1549.00  -0.00027979002   4.6769539e-05
      1549.10  -0.00027975518   4.6758771e-05
      1549.20  -0.00027972035   4.6748006e-05
      1549.30  -0.00027968548   4.6737231e-05
      1549.40  -0.00027965066   4.6726471e-05
      1549.50  -0.00027961584   4.6715713e-05
      1549.60  -0.00027958104   4.6704957e-05
      1549.70  -0.00027954624   4.6694204e-05
      1549.80  -0.00027951140   4.6683441e-05
      1549.90  -0.00027947662   4.6672692e-05
      1550.00  -0.00027944184   4.6661946e-05
