-1.995419908767e+01 -1.995419951486e+01 -1.995420005392e+01 -1.995420073412e+01 -1.995420159243e+01 -1.995420267549e+01 -1.995420404214e+01 -1.995420576664e+01 -1.995420794267e+01 -1.995421068846e+01 -1.995421415315e+01 -1.995421852496e+01 -1.995422404132e+01 -1.995423100182e+01 -1.995423978438e+01 -1.995425086578e+01 -1.995426484745e+01 -1.995428248796e+01 -1.995430474399e+01 -1.995433282195e+01 -1.995436824281e+01 -1.995441292372e+01 -1.995446928055e+01 -1.995454035647e+01 -1.995462998314e+01 -1.995474298220e+01 -1.995488541668e+01 -1.995506490361e+01 -1.995529100125e+01 -1.995557568631e+01 -1.995593393815e+01 -1.995638444783e+01 -1.995695046892e+01 -1.995766082303e+01 -1.995855106375e+01 -1.995966478522e+01 -1.996105503164e+01 -1.996278571615e+01 -1.996493288634e+01 -1.996758557337e+01 -1.997084583311e+01 -1.997482744000e+01 -1.997965255848e+01 -1.998544565353e+01 -1.999232400889e+01 -2.000038462444e+01 -2.000968807131e+01 -2.002024109694e+01 -2.003198117405e+01 -2.004476726437e+01 -2.005838111155e+01 -2.007254181959e+01 -2.008693336360e+01 -2.010124096384e+01 -2.011518947826e+01 -2.012857645656e+01 -2.014129450984e+01 -2.015334120700e+01 -2.016481822457e+01 -2.017592366612e+01 -2.018694188344e+01 -2.019823408390e+01 -2.021023111683e+01 -2.022342764182e+01 -2.023837475880e+01 -2.025566650411e+01 -2.027591510860e+01 -2.029971175777e+01 -2.032757484719e+01 -2.035989569805e+01 -2.039689832086e+01 -2.043862884557e+01 -2.048497892197e+01 -2.053573183265e+01 -2.059061169290e+01 -2.064932047006e+01 -2.071155886205e+01 -2.077703561668e+01 -2.084547163666e+01 -2.091660276585e+01 -2.099018238786e+01 -2.106598360513e+01 -2.114380056737e+01 -2.122344875093e+01 -2.130476422225e+01 -2.138760205356e+01 -2.147183414303e+01 -2.155734674936e+01 -2.164403806392e+01 -2.173181608409e+01 -2.182059693194e+01 -2.191030363006e+01 -2.200086525094e+01 -2.209221631969e+01 -2.218429636229e+01 -2.227704952647e+01 -2.237042423824e+01 -2.246437287989e+01 -2.255885148189e+01 -2.265381942018e+01
-1.985144918066e+01 -1.985144955905e+01 -1.985145003651e+01 -1.985145063900e+01 -1.985145139925e+01 -1.985145235857e+01 -1.985145356908e+01 -1.985145509656e+01 -1.985145702399e+01 -1.985145945609e+01 -1.985146252497e+01 -1.985146639735e+01 -1.985147128357e+01 -1.985147744898e+01 -1.985148522840e+01 -1.985149504419e+01 -1.985150742915e+01 -1.985152305538e+01 -1.985154277051e+01 -1.985156764354e+01 -1.985159902234e+01 -1.985163860612e+01 -1.985168853644e+01 -1.985175151153e+01 -1.985183092962e+01 -1.985193106840e+01 -1.985205730919e+01 -1.985221641620e+01 -1.985241688332e+01 -1.985266936270e+01 -1.985298719156e+01 -1.985338703475e+01 -1.985388966112e+01 -1.985452086935e+01 -1.985531257304e+01 -1.985630404236e+01 -1.985754327679e+01 -1.985908844633e+01 -1.986100928058e+01 -1.986338820089e+01 -1.986632087711e+01 -1.986991575025e+01 -1.987429191421e+01 -1.987957463636e+01 -1.988588779571e+01 -1.989334274275e+01 -1.990202366252e+01 -1.991197052756e+01 -1.992316207636e+01 -1.993550259595e+01 -1.994881699509e+01 -1.996285802244e+01 -1.997732716451e+01 -1.999190719526e+01 -2.000630083919e+01 -2.002026812389e+01 -2.003365566214e+01 -2.004641399080e+01 -2.005860283209e+01 -2.007038716467e+01 -2.008202834323e+01 -2.009387410607e+01 -2.010634965951e+01 -2.011994976573e+01 -2.013522941753e+01 -2.015278877423e+01 -2.017324734171e+01 -2.019720409785e+01 -2.022518542986e+01 -2.025759066343e+01 -2.029465158428e+01 -2.033642147588e+01 -2.038279805307e+01 -2.043356923690e+01 -2.048846231187e+01 -2.054718119145e+01 -2.060942767706e+01 -2.067491112599e+01 -2.074335279321e+01 -2.081448874705e+01 -2.088807252884e+01 -2.096387735916e+01 -2.104169747921e+01 -2.112134843754e+01 -2.120266635828e+01 -2.128550636039e+01 -2.136974038031e+01 -2.145525470857e+01 -2.154194756324e+01 -2.162972696438e+01 -2.171850905344e+01 -2.180821686962e+01 -2.189877949972e+01 -2.199013148123e+01 -2.208221235085e+01 -2.217496626560e+01 -2.226834165964e+01 -2.236229092238e+01 -2.245677009056e+01 -2.255173854562e+01
-1.974862101480e+01 -1.974862134975e+01 -1.974862177240e+01 -1.974862230572e+01 -1.974862297870e+01 -1.974862382789e+01 -1.974862489944e+01 -1.974862625157e+01 -1.974862795774e+01 -1.974863011065e+01 -1.974863282726e+01 -1.974863625515e+01 -1.974864058051e+01 -1.974864603827e+01 -1.974865292484e+01 -1.974866161414e+01 -1.974867257790e+01 -1.974868641117e+01 -1.974870386451e+01 -1.974872588452e+01 -1.974875366487e+01 -1.974878871055e+01 -1.974883291864e+01 -1.974888867975e+01 -1.974895900545e+01 -1.974904768779e+01 -1.974915949897e+01 -1.974930044045e+01 -1.974947805283e+01 -1.974970179998e+01 -1.974998354269e+01 -1.975033811914e+01 -1.975078405010e+01 -1.975134438673e+01 -1.975204771446e+01 -1.975292931873e+01 -1.975403250112e+01 -1.975541000630e+01 -1.975712547404e+01 -1.975925476145e+01 -1.976188688307e+01 -1.976512418915e+01 -1.976908125489e+01 -1.977388181263e+01 -1.977965298347e+01 -1.978651614891e+01 -1.979457417218e+01 -1.980389544758e+01 -1.981449644397e+01 -1.982632582459e+01 -1.983925438360e+01 -1.985307523511e+01 -1.986751731037e+01 -1.988227222624e+01 -1.989703083546e+01 -1.991152278481e+01 -1.992555159442e+01 -1.993901953478e+01 -1.995194004527e+01 -1.996443902007e+01 -1.997674859449e+01 -1.998919752016e+01 -2.000220104266e+01 -2.001625101773e+01 -2.003190449878e+01 -2.004976687505e+01 -2.007046472412e+01 -2.009460509014e+01 -2.012272294011e+01 -2.015522638269e+01 -2.019235584304e+01 -2.023417261104e+01 -2.028058122261e+01 -2.033137484009e+01 -2.038628435224e+01 -2.044501590803e+01 -2.050727259618e+01 -2.057276450040e+01 -2.064121330548e+01 -2.071235535887e+01 -2.078594440006e+01 -2.086175379866e+01 -2.093957791148e+01 -2.101923237831e+01 -2.110055339623e+01 -2.118339614324e+01 -2.126763260420e+01 -2.135314910981e+01 -2.143984391197e+01 -2.152762505938e+01 -2.161640871798e+01 -2.170611794799e+01 -2.179668185430e+01 -2.188803499004e+01 -2.198011690545e+01 -2.207287176935e+01 -2.216624802618e+01 -2.226019807433e+01 -2.235467795847e+01 -2.244964706705e+01
-1.964570724504e+01 -1.964570754131e+01 -1.964570791517e+01 -1.964570838693e+01 -1.964570898221e+01 -1.964570973337e+01 -1.964571068122e+01 -1.964571187726e+01 -1.964571338647e+01 -1.964571529086e+01 -1.964571769387e+01 -1.964572072607e+01 -1.964572455216e+01 -1.964572937997e+01 -1.964573547170e+01 -1.964574315816e+01 -1.964575285667e+01 -1.964576509371e+01 -1.964578053334e+01 -1.964580001315e+01 -1.964582458943e+01 -1.964585559410e+01 -1.964589470629e+01 -1.964594404234e+01 -1.964600626882e+01 -1.964608474433e+01 -1.964618369696e+01 -1.964630844615e+01 -1.964646567917e+01 -1.964666379459e+01 -1.964691332708e+01 -1.964722747004e+01 -1.964762271380e+01 -1.964811961788e+01 -1.964874373382e+01 -1.964952668976e+01 -1.965050743640e+01 -1.965173363229e+01 -1.965326311142e+01 -1.965516531983e+01 -1.965752252687e+01 -1.966043050542e+01 -1.966399823626e+01 -1.966834604189e+01 -1.967360143289e+01 -1.967989193019e+01 -1.968733432051e+01 -1.969602033807e+01 -1.970599973022e+01 -1.971726300035e+01 -1.972972751078e+01 -1.974323146403e+01 -1.975753984242e+01 -1.977236424930e+01 -1.978739509754e+01 -1.980234095010e+01 -1.981696763288e+01 -1.983113006906e+01 -1.984479245588e+01 -1.985803611566e+01 -1.987105747423e+01 -1.988416005716e+01 -1.989774393942e+01 -1.991229420653e+01 -1.992836743759e+01 -1.994657284690e+01 -1.996754355111e+01 -1.999189475657e+01 -2.002017053443e+01 -2.005278856960e+01 -2.008999885383e+01 -2.013187162167e+01 -2.017831907475e+01 -2.022914029878e+01 -2.028407028561e+01 -2.034281775729e+01 -2.040508730875e+01 -2.047058989224e+01 -2.053904771847e+01 -2.061019748239e+01 -2.068379317257e+01 -2.075960834667e+01 -2.083743750753e+01 -2.091709641023e+01 -2.099842134406e+01 -2.108126756163e+01 -2.116550710899e+01 -2.125102636767e+01 -2.133772363226e+01 -2.142550698771e+01 -2.151429263089e+01 -2.160400364861e+01 -2.169456916864e+01 -2.178592376387e+01 -2.187800700166e+01 -2.197076306575e+01 -2.206414041354e+01 -2.215809145485e+01 -2.225257224433e+01 -2.234754217927e+01
-1.954270015268e+01 -1.954270041453e+01 -1.954270074494e+01 -1.954270116187e+01 -1.954270168799e+01 -1.954270235186e+01 -1.954270318957e+01 -1.954270424662e+01 -1.954270558047e+01 -1.954270726357e+01 -1.954270938736e+01 -1.954271206724e+01 -1.954271544878e+01 -1.954271971566e+01 -1.954272509964e+01 -1.954273189313e+01 -1.954274046499e+01 -1.954275128061e+01 -1.954276492702e+01 -1.954278214468e+01 -1.954280386746e+01 -1.954283127304e+01 -1.954286584625e+01 -1.954290945885e+01 -1.954296446966e+01 -1.954303385036e+01 -1.954312134307e+01 -1.954323165762e+01 -1.954337071769e+01 -1.954354596734e+01 -1.954376675104e+01 -1.954404478281e+01 -1.954439472166e+01 -1.954483487194e+01 -1.954538802656e+01 -1.954608246850e+01 -1.954695313760e+01 -1.954804295480e+01 -1.954940426893e+01 -1.955110034726e+01 -1.955320676505e+01 -1.955581245439e+01 -1.955902004831e+01 -1.956294500817e+01 -1.956771287718e+01 -1.957345391266e+01 -1.958029440721e+01 -1.958834433617e+01 -1.959768168870e+01 -1.960833499112e+01 -1.962026695624e+01 -1.963336344137e+01 -1.964743227500e+01 -1.966221535823e+01 -1.967741461812e+01 -1.969272861982e+01 -1.970789341809e+01 -1.972272003602e+01 -1.973712237823e+01 -1.975113268945e+01 -1.976490527926e+01 -1.977871164217e+01 -1.979293057468e+01 -1.980803556775e+01 -1.982457934256e+01 -1.984317287838e+01 -1.986445485047e+01 -1.988904845957e+01 -1.991750728677e+01 -1.995025937193e+01 -1.998756525196e+01 -2.002950513015e+01 -2.007599981405e+01 -2.012685508348e+01 -2.018181060614e+01 -2.024057807186e+01 -2.030286384303e+01 -2.036837991383e+01 -2.043684913995e+01 -2.050800864957e+01 -2.058161274440e+01 -2.065743521934e+01 -2.073527076166e+01 -2.081493527212e+01 -2.089626515647e+01 -2.097911576166e+01 -2.106335921104e+01 -2.114888195036e+01 -2.123558232820e+01 -2.132336847530e+01 -2.141215662765e+01 -2.150186990566e+01 -2.159243746599e+01 -2.168379390655e+01 -2.177587881634e+01 -2.186863639791e+01 -2.196201512513e+01 -2.205596742217e+01 -2.215044935637e+01 -2.224542033618e+01
-1.943959170629e+01 -1.943959193747e+01 -1.943959222919e+01 -1.943959259731e+01 -1.943959306181e+01 -1.943959364794e+01 -1.943959438755e+01 -1.943959532083e+01 -1.943959649849e+01 -1.943959798450e+01 -1.943959985961e+01 -1.943960222570e+01 -1.943960521129e+01 -1.943960897859e+01 -1.943961373221e+01 -1.943961973034e+01 -1.943962729871e+01 -1.943963684826e+01 -1.943964889737e+01 -1.943966409998e+01 -1.943968328084e+01 -1.943970748015e+01 -1.943973800950e+01 -1.943977652252e+01 -1.943982510348e+01 -1.943988637870e+01 -1.943996365631e+01 -1.944006110126e+01 -1.944018395421e+01 -1.944033880431e+01 -1.944053392849e+01 -1.944077971133e+01 -1.944108916211e+01 -1.944147854726e+01 -1.944196815693e+01 -1.944258322327e+01 -1.944335500334e+01 -1.944432202884e+01 -1.944553150510e+01 -1.944704080853e+01 -1.944891897871e+01 -1.945124802343e+01 -1.945412374681e+01 -1.945765567403e+01 -1.946196549387e+01 -1.946718330928e+01 -1.947344094427e+01 -1.948086171201e+01 -1.948954653219e+01 -1.949955719766e+01 -1.951089890088e+01 -1.952350556541e+01 -1.953723251081e+01 -1.955186077807e+01 -1.956711554835e+01 -1.958269770117e+01 -1.959832378668e+01 -1.961376714007e+01 -1.962889275259e+01 -1.964368085886e+01 -1.965823780750e+01 -1.967279596640e+01 -1.968770592031e+01 -1.970342370739e+01 -1.972049380998e+01 -1.973952609043e+01 -1.976116320616e+01 -1.978603580684e+01 -1.981470719366e+01 -1.984761648032e+01 -1.988503575819e+01 -1.992705630482e+01 -1.997360857461e+01 -2.002450591114e+01 -2.007949331583e+01 -2.013828590866e+01 -2.020059213237e+01 -2.026612523478e+01 -2.033460886440e+01 -2.040578068996e+01 -2.047939540693e+01 -2.055522710945e+01 -2.063307071767e+01 -2.071274231634e+01 -2.079407845836e+01 -2.087693460982e+01 -2.096118299175e+01 -2.104671013107e+01 -2.113341444453e+01 -2.122120412075e+01 -2.130999544518e+01 -2.139971158065e+01 -2.149028172040e+01 -2.158164049388e+01 -2.167372751748e+01 -2.176648701755e+01 -2.185986748872e+01 -2.195382137337e+01 -2.204830475481e+01 -2.214327705564e+01
-1.933637364639e+01 -1.933637385025e+01 -1.933637410751e+01 -1.933637443212e+01 -1.933637484174e+01 -1.933637535861e+01 -1.933637601083e+01 -1.933637683383e+01 -1.933637787234e+01 -1.933637918277e+01 -1.933638083633e+01 -1.933638292285e+01 -1.933638555569e+01 -1.933638887788e+01 -1.933639306989e+01 -1.933639835941e+01 -1.933640503370e+01 -1.933641345521e+01 -1.933642408114e+01 -1.933643748828e+01 -1.933645440414e+01 -1.933647574631e+01 -1.933650267194e+01 -1.933653664006e+01 -1.933657948996e+01 -1.933663353971e+01 -1.933670170982e+01 -1.933678767836e+01 -1.933689607501e+01 -1.933703272357e+01 -1.933720494388e+01 -1.933742192663e+01 -1.933769519644e+01 -1.933803918071e+01 -1.933847190299e+01 -1.933901582002e+01 -1.933969881866e+01 -1.934055538258e+01 -1.934162792429e+01 -1.934296825342e+01 -1.934463911135e+01 -1.934671563912e+01 -1.934928655535e+01 -1.935245469945e+01 -1.935633644871e+01 -1.936105936759e+01 -1.936675734157e+01 -1.937356247368e+01 -1.938159329854e+01 -1.939093952628e+01 -1.940164462787e+01 -1.941368899705e+01 -1.942697776973e+01 -1.944133797317e+01 -1.945652881065e+01 -1.947226628913e+01 -1.948825964768e+01 -1.950425354766e+01 -1.952006831261e+01 -1.953563144356e+01 -1.955099665167e+01 -1.956635021213e+01 -1.958200692498e+01 -1.959839847129e+01 -1.961605558097e+01 -1.963558311110e+01 -1.965762534764e+01 -1.968281931743e+01 -1.971173794952e+01 -1.974483202376e+01 -1.978238619112e+01 -1.982450397825e+01 -1.987112663057e+01 -1.992207603370e+01 -1.997710327850e+01 -2.003592745785e+01 -2.009825947007e+01 -2.016381407585e+01 -2.023231589996e+01 -2.030350328612e+01 -2.037713142498e+01 -2.045297478801e+01 -2.053082858928e+01 -2.061050914587e+01 -2.069185319650e+01 -2.077471635770e+01 -2.085897097391e+01 -2.094450367454e+01 -2.103121296249e+01 -2.111900709951e+01 -2.120780243350e+01 -2.129752218091e+01 -2.138809558117e+01 -2.147945730363e+01 -2.157154699928e+01 -2.166430892453e+01 -2.175769160026e+01 -2.185164749184e+01 -2.194613270280e+01 -2.204110667358e+01
-1.923303759304e+01 -1.923303777350e+01 -1.923303800077e+01 -1.923303828721e+01 -1.923303864838e+01 -1.923303910390e+01 -1.923303967853e+01 -1.923304040349e+01 -1.923304131816e+01 -1.923304247226e+01 -1.923304392848e+01 -1.923304576594e+01 -1.923304808447e+01 -1.923305101004e+01 -1.923305470156e+01 -1.923305935956e+01 -1.923306523703e+01 -1.923307265316e+01 -1.923308201063e+01 -1.923309381745e+01 -1.923310871441e+01 -1.923312750977e+01 -1.923315122291e+01 -1.923318113926e+01 -1.923321887948e+01 -1.923326648644e+01 -1.923332653448e+01 -1.923340226651e+01 -1.923349776586e+01 -1.923361817120e+01 -1.923376994464e+01 -1.923396120533e+01 -1.923420214285e+01 -1.923450552684e+01 -1.923488733142e+01 -1.923536749371e+01 -1.923597082519e+01 -1.923672809060e+01 -1.923767725993e+01 -1.923886492110e+01 -1.924034781006e+01 -1.924219436629e+01 -1.924448614709e+01 -1.924731883149e+01 -1.925080241009e+01 -1.925506000483e+01 -1.926022462086e+01 -1.926643306707e+01 -1.927381639289e+01 -1.928248660791e+01 -1.929252029192e+01 -1.930394097102e+01 -1.931670360717e+01 -1.933068569578e+01 -1.934568955219e+01 -1.936145879406e+01 -1.937770882332e+01 -1.939416722862e+01 -1.941061705268e+01 -1.942693516778e+01 -1.944311985317e+01 -1.945930503916e+01 -1.947576186636e+01 -1.949288979612e+01 -1.951119906386e+01 -1.953128443488e+01 -1.955378847884e+01 -1.957935281123e+01 -1.960855944917e+01 -1.964187120732e+01 -1.967958624206e+01 -1.972182154960e+01 -1.976853041058e+01 -1.981954434852e+01 -1.987462141113e+01 -1.993348530192e+01 -1.999584982573e+01 -2.006143157356e+01 -2.012995637439e+01 -2.020116341518e+01 -2.027480850915e+01 -2.035066660339e+01 -2.042853328282e+01 -2.050822515766e+01 -2.058957920123e+01 -2.067245122000e+01 -2.075671371417e+01 -2.084225344260e+01 -2.092896901698e+01 -2.101676879139e+01 -2.110556919264e+01 -2.119529350489e+01 -2.128587102593e+01 -2.137723647552e+01 -2.146932954832e+01 -2.156209453876e+01 -2.165548000086e+01 -2.174943842906e+01 -2.184392595243e+01 -2.193890203397e+01
-1.912957132242e+01 -1.912957228721e+01 -1.912957312587e+01 -1.912957388397e+01 -1.912957460270e+01 -1.912957532111e+01 -1.912957607825e+01 -1.912957691525e+01 -1.912957787759e+01 -1.912957901757e+01 -1.912958039712e+01 -1.912958209121e+01 -1.912958419186e+01 -1.912958681322e+01 -1.912959009768e+01 -1.912959422367e+01 -1.912959941530e+01 -1.912960595453e+01 -1.912961419648e+01 -1.912962458864e+01 -1.912963769512e+01 -1.912965422720e+01 -1.912967508172e+01 -1.912970138955e+01 -1.912973457646e+01 -1.912977643979e+01 -1.912982924482e+01 -1.912989584570e+01 -1.912997983728e+01 -1.913008574505e+01 -1.913021926274e+01 -1.913038754822e+01 -1.913059959135e+01 -1.913086666891e+01 -1.913120290431e+01 -1.913162595139e+01 -1.913215782206e+01 -1.913282587571e+01 -1.913366398302e+01 -1.913471386398e+01 -1.913602657828e+01 -1.913766410814e+01 -1.913970091583e+01 -1.914222527223e+01 -1.914534003666e+01 -1.914916242391e+01 -1.915382213928e+01 -1.915945714027e+01 -1.916620627203e+01 -1.917419824023e+01 -1.918353696258e+01 -1.919428436546e+01 -1.920644309451e+01 -1.921994304823e+01 -1.923463648087e+01 -1.925030591408e+01 -1.926668682529e+01 -1.928350342113e+01 -1.930051202453e+01 -1.931754433105e+01 -1.933454305047e+01 -1.935158498208e+01 -1.936888995951e+01 -1.938681663966e+01 -1.940584677661e+01 -1.942655858246e+01 -1.944958833231e+01 -1.947557948782e+01 -1.950512197251e+01 -1.953869064308e+01 -1.957659796341e+01 -1.961897562366e+01 -1.966579027216e+01 -1.971688428957e+01 -1.977202367415e+01 -1.983093748954e+01 -1.989334298955e+01 -1.995895898454e+01 -2.002751279062e+01 -2.009874464844e+01 -2.017241115370e+01 -2.024828785263e+01 -2.032617079774e+01 -2.040587696906e+01 -2.048724363581e+01 -2.057012684412e+01 -2.065439929082e+01 -2.073994789808e+01 -2.082667141497e+01 -2.091447831209e+01 -2.100328511588e+01 -2.109301519603e+01 -2.118359792399e+01 -2.127496808319e+01 -2.136706542346e+01 -2.145983428722e+01 -2.155322327038e+01 -2.164718490408e+01 -2.174167534965e+01 -2.183665409859e+01
-1.902516567393e+01 -1.902533431050e+01 -1.902546807080e+01 -1.902557418930e+01 -1.902565841110e+01 -1.902572529933e+01 -1.902577848026e+01 -1.902582083841e+01 -1.902585467218e+01 -1.902588181799e+01 -1.902590374963e+01 -1.902592165802e+01 -1.902593651577e+01 -1.902594912991e+01 -1.902596018564e+01 -1.902597028357e+01 -1.902597997226e+01 -1.902598977804e+01 -1.902600023354e+01 -1.902601190661e+01 -1.902602543110e+01 -1.902604154123e+01 -1.902606111127e+01 -1.902608520287e+01 -1.902611512229e+01 -1.902615249081e+01 -1.902619933180e+01 -1.902625817907e+01 -1.902633221207e+01 -1.902642542461e+01 -1.902654283555e+01 -1.902669075138e+01 -1.902687709288e+01 -1.902711180013e+01 -1.902740733246e+01 -1.902777928195e+01 -1.902824712060e+01 -1.902883510104e+01 -1.902957332777e+01 -1.903049900821e+01 -1.903165787711e+01 -1.903310576070e+01 -1.903491020179e+01 -1.903715199904e+01 -1.903992641596e+01 -1.904334368669e+01 -1.904752829263e+01 -1.905261633399e+01 -1.905875022661e+01 -1.906607001421e+01 -1.907470092519e+01 -1.908473755087e+01 -1.909622621993e+01 -1.910914863303e+01 -1.912341113928e+01 -1.913884446357e+01 -1.915521753922e+01 -1.917226619149e+01 -1.918973347945e+01 -1.920741503721e+01 -1.922520128090e+01 -1.924310945470e+01 -1.926130141449e+01 -1.928008614810e+01 -1.929990781498e+01 -1.932132011320e+01 -1.934494695715e+01 -1.937142967181e+01 -1.940136400963e+01 -1.943523632296e+01 -1.947337391602e+01 -1.951592433295e+01 -1.956286898426e+01 -1.961406245070e+01 -1.966927981506e+01 -1.972825638135e+01 -1.979071350472e+01 -1.985637269154e+01 -1.992496309596e+01 -1.999622627514e+01 -2.006991980761e+01 -2.014581999387e+01 -2.022372347552e+01 -2.030344769868e+01 -2.038483030567e+01 -2.046772764483e+01 -2.055201266092e+01 -2.063757248218e+01 -2.072430603092e+01 -2.081212192484e+01 -2.090093681607e+01 -2.099067418224e+01 -2.108126348778e+01 -2.117263959650e+01 -2.126474232788e+01 -2.135751608493e+01 -2.145090951646e+01 -2.154487519992e+01 -2.163936933740e+01 -2.173435145639e+01
-1.887049222013e+01 -1.888064096816e+01 -1.888889119788e+01 -1.889556542410e+01 -1.890094313331e+01 -1.890526207986e+01 -1.890872157894e+01 -1.891148679584e+01 -1.891369334599e+01 -1.891545177506e+01 -1.891685167747e+01 -1.891796534051e+01 -1.891885088373e+01 -1.891955491169e+01 -1.892011472401e+01 -1.892056013700e+01 -1.892091497378e+01 -1.892119827643e+01 -1.892142528861e+01 -1.892160825102e+01 -1.892175704580e+01 -1.892187972039e+01 -1.892198291647e+01 -1.892207222553e+01 -1.892215248915e+01 -1.892222805959e+01 -1.892230303424e+01 -1.892238147627e+01 -1.892246763302e+01 -1.892256616351e+01 -1.892268238657e+01 -1.892282256218e+01 -1.892299421952e+01 -1.892320654694e+01 -1.892347086096e+01 -1.892380117339e+01 -1.892421487721e+01 -1.892473357276e+01 -1.892538405480e+01 -1.892619947627e+01 -1.892722069461e+01 -1.892849778698e+01 -1.893009168731e+01 -1.893207584553e+01 -1.893453773047e+01 -1.893757988813e+01 -1.894132012744e+01 -1.894589024791e+01 -1.895143258411e+01 -1.895809359011e+01 -1.896601383169e+01 -1.897531423154e+01 -1.898607933303e+01 -1.899833969692e+01 -1.901205706060e+01 -1.902711699553e+01 -1.904333373167e+01 -1.906047000321e+01 -1.907827132086e+01 -1.909651004074e+01 -1.911503159878e+01 -1.913379459977e+01 -1.915289820579e+01 -1.917259329742e+01 -1.919327652624e+01 -1.921546760230e+01 -1.923977029000e+01 -1.926681822636e+01 -1.929720969629e+01 -1.933144118535e+01 -1.936985491908e+01 -1.941261528382e+01 -1.945971985994e+01 -1.951103688517e+01 -1.956635181251e+01 -1.962540721743e+01 -1.968792934009e+01 -1.975364296608e+01 -1.982227952205e+01 -1.989358220926e+01 -1.996730983971e+01 -2.004323966242e+01 -2.012116906049e+01 -2.020091606700e+01 -2.028231879420e+01 -2.036523397121e+01 -2.044953485527e+01 -2.053510883435e+01 -2.062185504920e+01 -2.070968230296e+01 -2.079850740631e+01 -2.088825397300e+01 -2.097885158482e+01 -2.107023520692e+01 -2.116234474671e+01 -2.125512468364e+01 -2.134852373328e+01 -2.144249453155e+01 -2.153699333198e+01 -2.163197970747e+01
-1.825128032189e+01 -1.830708454870e+01 -1.836207251333e+01 -1.841540615799e+01 -1.846627575349e+01 -1.851396368447e+01 -1.855789645364e+01 -1.859767921210e+01 -1.863310951452e+01 -1.866417028392e+01 -1.869100540265e+01 -1.871388389194e+01 -1.873315956774e+01 -1.874923230904e+01 -1.876251520669e+01 -1.877340967272e+01 -1.878228872938e+01 -1.878948747748e+01 -1.879529917242e+01 -1.879997525524e+01 -1.880372788791e+01 -1.880673386230e+01 -1.880913907911e+01 -1.881106307282e+01 -1.881260327373e+01 -1.881383884947e+01 -1.881483406837e+01 -1.881564118874e+01 -1.881630291216e+01 -1.881685445651e+01 -1.881732531049e+01 -1.881774073172e+01 -1.881812304790e+01 -1.881849281646e+01 -1.881886989428e+01 -1.881927446530e+01 -1.881972807104e+01 -1.882025468599e+01 -1.882088187638e+01 -1.882164207597e+01 -1.882257400366e+01 -1.882372423267e+01 -1.882514889570e+01 -1.882691546990e+01 -1.882910452259e+01 -1.883181120879e+01 -1.883514618927e+01 -1.883923548782e+01 -1.884421864800e+01 -1.885024442831e+01 -1.885746327502e+01 -1.886601605601e+01 -1.887601916338e+01 -1.888754718084e+01 -1.890061577880e+01 -1.891516897466e+01 -1.893107570767e+01 -1.894814006054e+01 -1.896612700781e+01 -1.898480170017e+01 -1.900397631425e+01 -1.902355603453e+01 -1.904357575524e+01 -1.906422126512e+01 -1.908583162471e+01 -1.910888175805e+01 -1.913394561290e+01 -1.916164167481e+01 -1.919256585272e+01 -1.922722223849e+01 -1.926596734890e+01 -1.930898306547e+01 -1.935628447611e+01 -1.940775501900e+01 -1.946319196017e+01 -1.952234634848e+01 -1.958495024781e+01 -1.965073243472e+01 -1.971942714494e+01 -1.979077963105e+01 -1.986455025112e+01 -1.994051744554e+01 -2.001847952960e+01 -2.009825527463e+01 -2.017968338422e+01 -2.026262106676e+01 -2.034694197290e+01 -2.043253381769e+01 -2.051929601704e+01 -2.060713760777e+01 -2.069597560033e+01 -2.078573378008e+01 -2.087634187669e+01 -2.096773498316e+01 -2.105985311774e+01 -2.115264085630e+01 -2.124604699859e+01 -2.134002425431e+01 -2.143452894186e+01 -2.152952069146e+01
-1.751711649161e+01 -1.757139445664e+01 -1.762560482363e+01 -1.767978867195e+01 -1.773403408176e+01 -1.778847866311e+01 -1.784329207332e+01 -1.789863855132e+01 -1.795462619233e+01 -1.801125443930e+01 -1.806837242180e+01 -1.812565821560e+01 -1.818262408838e+01 -1.823864720617e+01 -1.829302065851e+01 -1.834501673703e+01 -1.839395313428e+01 -1.843925281445e+01 -1.848048959696e+01 -1.851741399389e+01 -1.854995736623e+01 -1.857821634677e+01 -1.860242270276e+01 -1.862290549691e+01 -1.864005227078e+01 -1.865427442278e+01 -1.866597977067e+01 -1.867555322617e+01 -1.868334501511e+01 -1.868966506213e+01 -1.869478190747e+01 -1.869892463509e+01 -1.870228657822e+01 -1.870502989889e+01 -1.870729043776e+01 -1.870918246984e+01 -1.871080317638e+01 -1.871223676178e+01 -1.871355821889e+01 -1.871483678850e+01 -1.871613917756e+01 -1.871753260127e+01 -1.871908769937e+01 -1.872088134527e+01 -1.872299931525e+01 -1.872553870892e+01 -1.872860990572e+01 -1.873233770458e+01 -1.873686113220e+01 -1.874233124685e+01 -1.874890616650e+01 -1.875674261082e+01 -1.876598359787e+01 -1.877674271030e+01 -1.878908658708e+01 -1.880301884011e+01 -1.881846996370e+01 -1.883529825294e+01 -1.885330555235e+01 -1.887226861482e+01 -1.889198266902e+01 -1.891230996927e+01 -1.893322416549e+01 -1.895484190803e+01 -1.897743553812e+01 -1.900142365754e+01 -1.902733893374e+01 -1.905577506020e+01 -1.908731862769e+01 -1.912247721467e+01 -1.916161994046e+01 -1.920494626382e+01 -1.925248991616e+01 -1.930415111226e+01 -1.935974052488e+01 -1.941901906647e+01 -1.948172574345e+01 -1.954759418863e+01 -1.961636210692e+01 -1.968777730668e+01 -1.976160208075e+01 -1.983761636339e+01 -1.991561963999e+01 -1.999543160912e+01 -2.007689171741e+01 -2.015985777573e+01 -2.024420392944e+01 -2.032981830504e+01 -2.041660066467e+01 -2.050446033924e+01 -2.059331459072e+01 -2.068308742059e+01 -2.077370874479e+01 -2.086511381737e+01 -2.095724279622e+01 -2.105004037873e+01 -2.114345547077e+01 -2.123744087502e+01 -2.133195299165e+01 -2.142695152316e+01
-1.670799367949e+01 -1.677993986294e+01 -1.685048722204e+01 -1.691979003383e+01 -1.698800253028e+01 -1.705527493939e+01 -1.712175064398e+01 -1.718756271516e+01 -1.725282934071e+01 -1.731764876015e+01 -1.738209540770e+01 -1.744621956537e+01 -1.751005212443e+01 -1.757361370410e+01 -1.763692417706e+01 -1.770000638612e+01 -1.776287825937e+01 -1.782553114644e+01 -1.788789773339e+01 -1.794981790368e+01 -1.801101312685e+01 -1.807107848302e+01 -1.812949706303e+01 -1.818567600596e+01 -1.823899858547e+01 -1.828888357290e+01 -1.833484192910e+01 -1.837652168783e+01 -1.841373448470e+01 -1.844646105443e+01 -1.847483725209e+01 -1.849912560727e+01 -1.851967920549e+01 -1.853690457516e+01 -1.855122870376e+01 -1.856307312997e+01 -1.857283601787e+01 -1.858088165372e+01 -1.858753601546e+01 -1.859308682886e+01 -1.859778663954e+01 -1.860185771018e+01 -1.860549786633e+01 -1.860888668686e+01 -1.861219163336e+01 -1.861557382760e+01 -1.861919321974e+01 -1.862321284988e+01 -1.862780180383e+01 -1.863313632263e+01 -1.863939838734e+01 -1.864677103899e+01 -1.865542982435e+01 -1.866553022158e+01 -1.867719181730e+01 -1.869048137706e+01 -1.870539852424e+01 -1.872186894321e+01 -1.873975005672e+01 -1.875885234950e+01 -1.877897593439e+01 -1.879995754558e+01 -1.882171950490e+01 -1.884431072986e+01 -1.886793088100e+01 -1.889293151202e+01 -1.891979154101e+01 -1.894906821643e+01 -1.898132960893e+01 -1.901708068493e+01 -1.905670003812e+01 -1.910040392483e+01 -1.914824547487e+01 -1.920014320320e+01 -1.925592291183e+01 -1.931535696688e+01 -1.937819264138e+01 -1.944416947015e+01 -1.951302943533e+01 -1.958452352301e+01 -1.965841644195e+01 -1.973448999578e+01 -1.981254513569e+01 -1.989240272272e+01 -1.997390313556e+01 -2.005690494122e+01 -2.014128290618e+01 -2.022692567377e+01 -2.031373344118e+01 -2.040161590902e+01 -2.049049065554e+01 -2.058028195404e+01 -2.067091995481e+01 -2.076234011459e+01 -2.085448276704e+01 -2.094729276254e+01 -2.104071914057e+01 -2.113471482089e+01 -2.122923630673e+01 -2.132424339156e+01
-1.612522190024e+01 -1.612973561210e+01 -1.613649966450e+01 -1.614707956220e+01 -1.616435170554e+01 -1.619325711617e+01 -1.624032772705e+01 -1.630895836342e+01 -1.639341336646e+01 -1.648340654469e+01 -1.657296694422e+01 -1.666052789518e+01 -1.674599106322e+01 -1.682950892788e+01 -1.691128449878e+01 -1.699152404634e+01 -1.707042724726e+01 -1.714817776076e+01 -1.722493342980e+01 -1.730081688432e+01 -1.737590838889e+01 -1.745024231600e+01 -1.752380679123e+01 -1.759654391853e+01 -1.766834708587e+01 -1.773905318020e+01 -1.780843079538e+01 -1.787616911586e+01 -1.794187417425e+01 -1.800507847084e+01 -1.806526672153e+01 -1.812191603483e+01 -1.817454466535e+01 -1.822276087964e+01 -1.826630306254e+01 -1.830506406137e+01 -1.833909637367e+01 -1.836859904782e+01 -1.839389077936e+01 -1.841537564982e+01 -1.843350798739e+01 -1.844876137457e+01 -1.846160470983e+01 -1.847248621101e+01 -1.848182477694e+01 -1.849000730034e+01 -1.849739023074e+01 -1.850430371304e+01 -1.851105678997e+01 -1.851794232747e+01 -1.852524044777e+01 -1.853321935055e+01 -1.854213254503e+01 -1.855221183646e+01 -1.856365606509e+01 -1.857661669673e+01 -1.859118286731e+01 -1.860737006130e+01 -1.862511759612e+01 -1.864429967799e+01 -1.866475244345e+01 -1.868631533368e+01 -1.870888054445e+01 -1.873244082418e+01 -1.875712483147e+01 -1.878321083254e+01 -1.881111308667e+01 -1.884134019617e+01 -1.887443085535e+01 -1.891087941427e+01 -1.895106920248e+01 -1.899523141264e+01 -1.904343877524e+01 -1.909562947992e+01 -1.915164627563e+01 -1.921127477755e+01 -1.927427207796e+01 -1.934038486813e+01 -1.940936038988e+01 -1.948095356924e+01 -1.955493212333e+01 -1.963108018872e+01 -1.970920054836e+01 -1.978911551729e+01 -1.987066664084e+01 -1.995371343302e+01 -2.003813143870e+01 -2.012380994920e+01 -2.021064970743e+01 -2.029856087797e+01 -2.038746143617e+01 -2.047727599672e+01 -2.056793500438e+01 -2.065937417059e+01 -2.075153405001e+01 -2.084435968538e+01 -2.093780028420e+01 -2.103180891354e+01 -2.112634220624e+01 -2.122136007032e+01
-1.611176122902e+01 -1.611199975453e+01 -1.611230528860e+01 -1.611269823414e+01 -1.611320620079e+01 -1.611386718482e+01 -1.611473456109e+01 -1.611588519722e+01 -1.611743316156e+01 -1.611955388815e+01 -1.612252878439e+01 -1.612683159540e+01 -1.613330304726e+01 -1.614351248934e+01 -1.616047808943e+01 -1.618978890095e+01 -1.623976431977e+01 -1.631609947133e+01 -1.641259689091e+01 -1.651594527574e+01 -1.661851187302e+01 -1.671852951521e+01 -1.681597269696e+01 -1.691105758987e+01 -1.700402597575e+01 -1.709510301261e+01 -1.718447480253e+01 -1.727226482954e+01 -1.735851393054e+01 -1.744316696532e+01 -1.752606739493e+01 -1.760695929049e+01 -1.768549579019e+01 -1.776125368367e+01 -1.783375476107e+01 -1.790249478569e+01 -1.796697989081e+01 -1.802676806694e+01 -1.808151101946e+01 -1.813099010699e+01 -1.817514018413e+01 -1.821405721707e+01 -1.824798895092e+01 -1.827731150275e+01 -1.830249729456e+01 -1.832408052331e+01 -1.834262546979e+01 -1.835870103476e+01 -1.837286275623e+01 -1.838564179089e+01 -1.839753917935e+01 -1.840902314379e+01 -1.842052706463e+01 -1.843244604605e+01 -1.844513059136e+01 -1.845887691774e+01 -1.847391488147e+01 -1.849039623820e+01 -1.850838761422e+01 -1.852787338747e+01 -1.854877285908e+01 -1.857097321038e+01 -1.859437522321e+01 -1.861894396473e+01 -1.864475335541e+01 -1.867201302537e+01 -1.870106843307e+01 -1.873237048638e+01 -1.876641826215e+01 -1.880368674749e+01 -1.884455811647e+01 -1.888927564832e+01 -1.893793128223e+01 -1.899048405133e+01 -1.904679553592e+01 -1.910666660260e+01 -1.916986596433e+01 -1.923614895919e+01 -1.930526927293e+01 -1.937698669837e+01 -1.945107268528e+01 -1.952731427205e+01 -1.960551652352e+01 -1.968550356804e+01 -1.976711840725e+01 -1.985022173816e+01 -1.993469007874e+01 -2.002041353085e+01 -2.010729352053e+01 -2.019524079343e+01 -2.028417382248e+01 -2.037401765036e+01 -2.046470309119e+01 -2.055616617595e+01 -2.064834773668e+01 -2.074119305763e+01 -2.083465155730e+01 -2.092867648782e+01 -2.102322464484e+01 -2.111825608034e+01
-1.610880204465e+01 -1.610883522888e+01 -1.610887719479e+01 -1.610893029703e+01 -1.610899753990e+01 -1.610908276771e+01 -1.610919091723e+01 -1.610932835673e+01 -1.610950334737e+01 -1.610972668111e+01 -1.611001257933e+01 -1.611037998607e+01 -1.611085447518e+01 -1.611147114197e+01 -1.611227912657e+01 -1.611334894319e+01 -1.611478483341e+01 -1.611674652845e+01 -1.611948951456e+01 -1.612344360085e+01 -1.612937468211e+01 -1.613873255412e+01 -1.615440002776e+01 -1.618209889020e+01 -1.623156928823e+01 -1.631202895071e+01 -1.641903240239e+01 -1.653600229980e+01 -1.665233788891e+01 -1.676556298206e+01 -1.687559928455e+01 -1.698264977927e+01 -1.708690733041e+01 -1.718848890021e+01 -1.728739034581e+01 -1.738345574313e+01 -1.747637171154e+01 -1.756568828926e+01 -1.765086177524e+01 -1.773131161330e+01 -1.780648252021e+01 -1.787590380022e+01 -1.793923923239e+01 -1.799632253356e+01 -1.804717519148e+01 -1.809200568019e+01 -1.813119170307e+01 -1.816524963324e+01 -1.819479693951e+01 -1.822051355121e+01 -1.824310687363e+01 -1.826328308190e+01 -1.828172513565e+01 -1.829907626145e+01 -1.831592676092e+01 -1.833280201096e+01 -1.835015038901e+01 -1.836833143202e+01 -1.838760650538e+01 -1.840813602243e+01 -1.842998797185e+01 -1.845316134954e+01 -1.847762473839e+01 -1.850336537663e+01 -1.853043919161e+01 -1.855900938238e+01 -1.858936165693e+01 -1.862188867168e+01 -1.865704410446e+01 -1.869527648406e+01 -1.873696105133e+01 -1.878234987821e+01 -1.883155329273e+01 -1.888455215097e+01 -1.894122879991e+01 -1.900140156242e+01 -1.906485283463e+01 -1.913134835029e+01 -1.920064965063e+01 -1.927252251099e+01 -1.934674299145e+01 -1.942310172452e+01 -1.950140660658e+01 -1.958148401917e+01 -1.966317877554e+01 -1.974635304582e+01 -1.983088456068e+01 -1.991666443306e+01 -2.000359494169e+01 -2.009158755810e+01 -2.018056137721e+01 -2.027044197706e+01 -2.036116063395e+01 -2.045265377900e+01 -2.054486259165e+01 -2.063773265877e+01 -2.073121366337e+01 -2.082525908957e+01 -2.091982593728e+01 -2.101487443905e+01
-1.610633241922e+01 -1.610633926764e+01 -1.610634791337e+01 -1.610635882944e+01 -1.610637261412e+01 -1.610639002464e+01 -1.610641202009e+01 -1.610643981644e+01 -1.610647495731e+01 -1.610651940519e+01 -1.610657566008e+01 -1.610664691448e+01 -1.610673725783e+01 -1.610685194873e+01 -1.610699778204e+01 -1.610718359087e+01 -1.610742094489e+01 -1.610772514081e+01 -1.610811663944e+01 -1.610862320522e+01 -1.610928318597e+01 -1.611015071005e+01 -1.611130423611e+01 -1.611286122643e+01 -1.611500456608e+01 -1.611803276219e+01 -1.612246114069e+01 -1.612923858783e+01 -1.614023500990e+01 -1.615933432198e+01 -1.619446324150e+01 -1.625848021182e+01 -1.635964367016e+01 -1.648571533861e+01 -1.661709788048e+01 -1.674566227364e+01 -1.687019975148e+01 -1.699068134132e+01 -1.710711235167e+01 -1.721935365456e+01 -1.732707641911e+01 -1.742976473301e+01 -1.752677297054e+01 -1.761742042064e+01 -1.770109747174e+01 -1.777735973520e+01 -1.784599378068e+01 -1.790704713862e+01 -1.796082353596e+01 -1.800785047167e+01 -1.804882944865e+01 -1.808457943894e+01 -1.811598211938e+01 -1.814393415369e+01 -1.816930845777e+01 -1.819292385082e+01 -1.821552124799e+01 -1.823774468580e+01 -1.826012676753e+01 -1.828308005418e+01 -1.830689768971e+01 -1.833176711975e+01 -1.835779926199e+01 -1.838507170012e+01 -1.841367927760e+01 -1.844378075357e+01 -1.847562820085e+01 -1.850956826812e+01 -1.854601166535e+01 -1.858537771163e+01 -1.862803065317e+01 -1.867422838415e+01 -1.872409863707e+01 -1.877764491193e+01 -1.883477227164e+01 -1.889531887095e+01 -1.895908310415e+01 -1.902584311739e+01 -1.909536996480e+01 -1.916743673013e+01 -1.924182513497e+01 -1.931833023982e+01 -1.939676343738e+01 -1.947695389617e+01 -1.955874867335e+01 -1.964201176595e+01 -1.972662241028e+01 -1.981247297583e+01 -1.989946680213e+01 -1.998751626452e+01 -2.007654123309e+01 -2.016646795354e+01 -2.025722827898e+01 -2.034875914018e+01 -2.044100215066e+01 -2.053390327554e+01 -2.062741252861e+01 -2.072148368422e+01 -2.081607399788e+01 -2.091114392820e+01
-1.610367472059e+01 -1.610367659809e+01 -1.610367896754e+01 -1.610368195793e+01 -1.610368573215e+01 -1.610369049592e+01 -1.610369650907e+01 -1.610370409995e+01 -1.610371368354e+01 -1.610372578462e+01 -1.610374106714e+01 -1.610376037173e+01 -1.610378476362e+01 -1.610381559417e+01 -1.610385458009e+01 -1.610390390605e+01 -1.610396635827e+01 -1.610404550006e+01 -1.610414590432e+01 -1.610427346502e+01 -1.610443582027e+01 -1.610464293569e+01 -1.610490792396e+01 -1.610524822071e+01 -1.610568731349e+01 -1.610625735543e+01 -1.610700324331e+01 -1.610798921311e+01 -1.610930995091e+01 -1.611111020190e+01 -1.611362126353e+01 -1.611723311195e+01 -1.612264671291e+01 -1.613121770933e+01 -1.614576813791e+01 -1.617242431119e+01 -1.622342785666e+01 -1.631431320536e+01 -1.644377468229e+01 -1.658836440081e+01 -1.673181396761e+01 -1.687039235010e+01 -1.700346367103e+01 -1.713062013187e+01 -1.725127865067e+01 -1.736469875158e+01 -1.747007662536e+01 -1.756668959641e+01 -1.765404135675e+01 -1.773196612181e+01 -1.780067032777e+01 -1.786071189754e+01 -1.791293307274e+01 -1.795836981017e+01 -1.799815892156e+01 -1.803345693021e+01 -1.806537645613e+01 -1.809493998055e+01 -1.812304820670e+01 -1.815046048530e+01 -1.817778667195e+01 -1.820549181929e+01 -1.823391582260e+01 -1.826330851632e+01 -1.829387668525e+01 -1.832583423772e+01 -1.835944275484e+01 -1.839502943528e+01 -1.843297475313e+01 -1.847367225445e+01 -1.851747404885e+01 -1.856464176419e+01 -1.861531950790e+01 -1.866953399916e+01 -1.872721484943e+01 -1.878822249239e+01 -1.885237383546e+01 -1.891946170512e+01 -1.898926857529e+01 -1.906157638692e+01 -1.913617376361e+01 -1.921286118497e+01 -1.929145433435e+01 -1.937178580771e+01 -1.945370542672e+01 -1.953707944256e+01 -1.962178895193e+01 -1.970772787890e+01 -1.979480087701e+01 -1.988292144248e+01 -1.997201040772e+01 -2.006199484808e+01 -2.015280733404e+01 -2.024438541829e+01 -2.033667125491e+01 -2.042961128044e+01 -2.052315592108e+01 -2.061725931323e+01 -2.071187903141e+01 -2.080697581645e+01
-1.610063935777e+01 -1.610063999980e+01 -1.610064080998e+01 -1.610064183237e+01 -1.610064312257e+01 -1.610064475076e+01 -1.610064680554e+01 -1.610064939875e+01 -1.610065267161e+01 -1.610065680242e+01 -1.610066201642e+01 -1.610066859812e+01 -1.610067690710e+01 -1.610068739790e+01 -1.610070064545e+01 -1.610071737738e+01 -1.610073851524e+01 -1.610076522739e+01 -1.610079899684e+01 -1.610084170895e+01 -1.610089576514e+01 -1.610096423171e+01 -1.610105103575e+01 -1.610116122623e+01 -1.610130132559e+01 -1.610147981057e+01 -1.610170778059e+01 -1.610199990551e+01 -1.610237580038e+01 -1.610286207227e+01 -1.610349545962e+01 -1.610432781319e+01 -1.610543430974e+01 -1.610692760779e+01 -1.610898351313e+01 -1.611189030974e+01 -1.611615010701e+01 -1.612270285954e+01 -1.613345780108e+01 -1.615259997654e+01 -1.618946816048e+01 -1.626129313622e+01 -1.638156094552e+01 -1.653418974061e+01 -1.669215275032e+01 -1.684501488298e+01 -1.699066451901e+01 -1.712800832146e+01 -1.725595913198e+01 -1.737349079197e+01 -1.747980976364e+01 -1.757452343822e+01 -1.765774411965e+01 -1.773009646851e+01 -1.779263532742e+01 -1.784670841356e+01 -1.789380564656e+01 -1.793542692736e+01 -1.797298347587e+01 -1.800773411396e+01 -1.804075123631e+01 -1.807291059929e+01 -1.810490117379e+01 -1.813725292550e+01 -1.817037955018e+01 -1.820462973054e+01 -1.824033608394e+01 -1.827784862612e+01 -1.831754217483e+01 -1.835979547503e+01 -1.840495111636e+01 -1.845327353570e+01 -1.850492202888e+01 -1.855994658264e+01 -1.861830278946e+01 -1.867987567261e+01 -1.874450324375e+01 -1.881199546797e+01 -1.888214837266e+01 -1.895475452450e+01 -1.902961088497e+01 -1.910652451075e+01 -1.918531631032e+01 -1.926582306468e+01 -1.934789797853e+01 -1.943141006685e+01 -1.951624271128e+01 -1.960229174837e+01 -1.968946345065e+01 -1.977767269738e+01 -1.986684150990e+01 -1.995689798989e+01 -2.004777559615e+01 -2.013941265221e+01 -2.023175198276e+01 -2.032474060955e+01 -2.041832947112e+01 -2.051247315392e+01 -2.060712962921e+01 -2.070225998901e+01
-1.609706864350e+01 -1.609706890474e+01 -1.609706923438e+01 -1.609706965036e+01 -1.609707017528e+01 -1.609707083768e+01 -1.609707167357e+01 -1.609707272841e+01 -1.609707405956e+01 -1.609707573945e+01 -1.609707785947e+01 -1.609708053504e+01 -1.609708391185e+01 -1.609708817393e+01 -1.609709355367e+01 -1.609710034472e+01 -1.609710891815e+01 -1.609711974312e+01 -1.609713341310e+01 -1.609715067928e+01 -1.609717249320e+01 -1.609720006151e+01 -1.609723491621e+01 -1.609727900558e+01 -1.609733481225e+01 -1.609740550783e+01 -1.609749515701e+01 -1.609760898995e+01 -1.609775377026e+01 -1.609793829956e+01 -1.609817412159e+01 -1.609847652479e+01 -1.609886600391e+01 -1.609937044885e+01 -1.610002852466e+01 -1.610089507745e+01 -1.610205013363e+01 -1.610361458777e+01 -1.610577904658e+01 -1.610886024376e+01 -1.611341952075e+01 -1.612053209758e+01 -1.613244767461e+01 -1.615426985706e+01 -1.619766303156e+01 -1.628331853751e+01 -1.642234084101e+01 -1.659000196258e+01 -1.675855784727e+01 -1.691916287479e+01 -1.706928362958e+01 -1.720717473950e+01 -1.733154430392e+01 -1.744172648366e+01 -1.753779529114e+01 -1.762055903748e+01 -1.769142928061e+01 -1.775220645965e+01 -1.780484791047e+01 -1.785127240432e+01 -1.789322634082e+01 -1.793221153571e+01 -1.796946245198e+01 -1.800595927767e+01 -1.804246579534e+01 -1.807958243271e+01 -1.811780374912e+01 -1.815756768904e+01 -1.819928464150e+01 -1.824334019993e+01 -1.829007558173e+01 -1.833975895374e+01 -1.839256342224e+01 -1.844856139516e+01 -1.850773505737e+01 -1.856999586012e+01 -1.863520536739e+01 -1.870319320680e+01 -1.877377125585e+01 -1.884674466624e+01 -1.892192035753e+01 -1.899911328652e+01 -1.907815066439e+01 -1.915887433698e+01 -1.924114161443e+01 -1.932482487381e+01 -1.940981028229e+01 -1.949599601267e+01 -1.958329031898e+01 -1.967160977625e+01 -1.976087786609e+01 -1.985102395253e+01 -1.994198258855e+01 -2.003369304818e+01 -2.012609898394e+01 -2.021914814063e+01 -2.031279209033e+01 -2.040698597644e+01 -2.050168826157e+01 -2.059686047295e+01
-1.609278509627e+01 -1.609278521817e+01 -1.609278537198e+01 -1.609278556607e+01 -1.609278581099e+01 -1.609278612005e+01 -1.609278651005e+01 -1.609278700219e+01 -1.609278762322e+01 -1.609278840690e+01 -1.609278939585e+01 -1.609279064385e+01 -1.609279221879e+01 -1.609279420636e+01 -1.609279671475e+01 -1.609279988054e+01 -1.609280387622e+01 -1.609280891963e+01 -1.609281528599e+01 -1.609282332307e+01 -1.609283347053e+01 -1.609284628443e+01 -1.609286246852e+01 -1.609288291408e+01 -1.609290875103e+01 -1.609294141354e+01 -1.609298272473e+01 -1.609303500662e+01 -1.609310122376e+01 -1.609318517259e+01 -1.609329173328e+01 -1.609342720921e+01 -1.609359979065e+01 -1.609382019926e+01 -1.609410260160e+01 -1.609446593379e+01 -1.609493587335e+01 -1.609554786397e+01 -1.609635191715e+01 -1.609742053959e+01 -1.609886242658e+01 -1.610084738818e+01 -1.610365458533e+01 -1.610777277815e+01 -1.611412634485e+01 -1.612463023892e+01 -1.614363988876e+01 -1.618152105566e+01 -1.625932363077e+01 -1.639583531019e+01 -1.657118034998e+01 -1.675053627138e+01 -1.692021570055e+01 -1.707613339846e+01 -1.721600367837e+01 -1.733873074180e+01 -1.744444067174e+01 -1.753434425720e+01 -1.761044990589e+01 -1.767520169569e+01 -1.773113608432e+01 -1.778062609792e+01 -1.782573396021e+01 -1.786815696204e+01 -1.790923826786e+01 -1.795001622650e+01 -1.799129139930e+01 -1.803369445457e+01 -1.807774087327e+01 -1.812386317609e+01 -1.817241958896e+01 -1.822368713470e+01 -1.827785192384e+01 -1.833500693269e+01 -1.839516029495e+01 -1.845825081683e+01 -1.852416559298e+01 -1.859275629539e+01 -1.866385299018e+01 -1.873727549620e+01 -1.881284245837e+01 -1.889037820186e+01 -1.896971745098e+01 -1.905070811394e+01 -1.913321243183e+01 -1.921710683174e+01 -1.930228084551e+01 -1.938863547493e+01 -1.947608137928e+01 -1.956453719664e+01 -1.965392818886e+01 -1.974418526187e+01 -1.983524430733e+01 -1.992704576390e+01 -2.001953429971e+01 -2.011265854766e+01 -2.020637085885e+01 -2.030062706214e+01 -2.039538622536e+01 -2.049061041228e+01
-1.608757905607e+01 -1.608757911942e+01 -1.608757919935e+01 -1.608757930021e+01 -1.608757942748e+01 -1.608757958809e+01 -1.608757979075e+01 -1.608758004649e+01 -1.608758036919e+01 -1.608758077641e+01 -1.608758129028e+01 -1.608758193873e+01 -1.608758275702e+01 -1.608758378965e+01 -1.608758509277e+01 -1.608758673729e+01 -1.608758881267e+01 -1.608759143190e+01 -1.608759473763e+01 -1.608759890997e+01 -1.608760417646e+01 -1.608761082454e+01 -1.608761921750e+01 -1.608762981464e+01 -1.608764319694e+01 -1.608766009980e+01 -1.608768145481e+01 -1.608770844329e+01 -1.608774256514e+01 -1.608778572787e+01 -1.608784036223e+01 -1.608790957371e+01 -1.608799734252e+01 -1.608810879049e+01 -1.608825054184e+01 -1.608843121802e+01 -1.608866212851e+01 -1.608895825530e+01 -1.608933968924e+01 -1.608983378366e+01 -1.609047848538e+01 -1.609132767386e+01 -1.609246007633e+01 -1.609399487573e+01 -1.609612058544e+01 -1.609915204378e+01 -1.610365179498e+01 -1.611071206637e+01 -1.612267132109e+01 -1.614504230705e+01 -1.619117348056e+01 -1.628628618577e+01 -1.644388583450e+01 -1.663175936582e+01 -1.681617671558e+01 -1.698588243536e+01 -1.713679983449e+01 -1.726733416933e+01 -1.737790459146e+01 -1.747048885273e+01 -1.754800565974e+01 -1.761371697981e+01 -1.767076908573e+01 -1.772191919147e+01 -1.776942679943e+01 -1.781505728797e+01 -1.786014635669e+01 -1.790568768739e+01 -1.795241919663e+01 -1.800089292695e+01 -1.805152215397e+01 -1.810460762376e+01 -1.816035081619e+01 -1.821886315674e+01 -1.828017665862e+01 -1.834425704977e+01 -1.841101804447e+01 -1.848033529705e+01 -1.855205924856e+01 -1.862602647018e+01 -1.870206917245e+01 -1.878002261555e+01 -1.885973035047e+01 -1.894104744419e+01 -1.902384198510e+01 -1.910799522076e+01 -1.919340070104e+01 -1.927996281671e+01 -1.936759511697e+01 -1.945621872568e+01 -1.954576105531e+01 -1.963615487887e+01 -1.972733771238e+01 -1.981925141028e+01 -1.991184187731e+01 -2.000505882931e+01 -2.009885556849e+01 -2.019318876162e+01 -2.028801821718e+01 -2.038330665616e+01
-1.608120125505e+01 -1.608120129087e+01 -1.608120133607e+01 -1.608120139310e+01 -1.608120146508e+01 -1.608120155590e+01 -1.608120167050e+01 -1.608120181511e+01 -1.608120199759e+01 -1.608120222786e+01 -1.608120251843e+01 -1.608120288510e+01 -1.608120334779e+01 -1.608120393166e+01 -1.608120466846e+01 -1.608120559824e+01 -1.608120677157e+01 -1.608120825227e+01 -1.608121012091e+01 -1.608121247918e+01 -1.608121545550e+01 -1.608121921201e+01 -1.608122395349e+01 -1.608122993863e+01 -1.608123749434e+01 -1.608124703384e+01 -1.608125907972e+01 -1.608127429331e+01 -1.608129351204e+01 -1.608131779742e+01 -1.608134849648e+01 -1.608138732117e+01 -1.608143645118e+01 -1.608149866827e+01 -1.608157753294e+01 -1.608167761924e+01 -1.608180483047e+01 -1.608196682960e+01 -1.608217363582e+01 -1.608243846773e+01 -1.608277896183e+01 -1.608321897970e+01 -1.608379136884e+01 -1.608454232601e+01 -1.608553856735e+01 -1.608687965302e+01 -1.608872031266e+01 -1.609131345896e+01 -1.609509932513e+01 -1.610090664190e+01 -1.611045181083e+01 -1.612768712511e+01 -1.616243572568e+01 -1.623692817080e+01 -1.637706925343e+01 -1.656598520880e+01 -1.675946297830e+01 -1.693717631055e+01 -1.709286693411e+01 -1.722480516248e+01 -1.733431524207e+01 -1.742466373341e+01 -1.749994104571e+01 -1.756422470327e+01 -1.762109720148e+01 -1.767345818263e+01 -1.772352353230e+01 -1.777291638123e+01 -1.782278810524e+01 -1.787393582753e+01 -1.792690074216e+01 -1.798204205196e+01 -1.803958787735e+01 -1.809966821056e+01 -1.816233604692e+01 -1.822758200520e+01 -1.829534617709e+01 -1.836552930764e+01 -1.843800397271e+01 -1.851262540161e+01 -1.858924116293e+01 -1.866769903539e+01 -1.874785275709e+01 -1.882956570935e+01 -1.891271280734e+01 -1.899718095201e+01 -1.908286842498e+01 -1.916968362339e+01 -1.925754352551e+01 -1.934637221504e+01 -1.943609967357e+01 -1.952666091101e+01 -1.961799539457e+01 -1.971004668318e+01 -1.980276217337e+01 -1.989609288968e+01 -1.998999328560e+01 -2.008442104365e+01 -2.017933687135e+01 -2.027470428843e+01
-1.607335622732e+01 -1.607335624896e+01 -1.607335627627e+01 -1.607335631072e+01 -1.607335635420e+01 -1.607335640906e+01 -1.607335647829e+01 -1.607335656564e+01 -1.607335667588e+01 -1.607335681498e+01 -1.607335699050e+01 -1.607335721199e+01 -1.607335749148e+01 -1.607335784417e+01 -1.607335828922e+01 -1.607335885084e+01 -1.607335955954e+01 -1.607336045387e+01 -1.607336158246e+01 -1.607336300670e+01 -1.607336480407e+01 -1.607336707241e+01 -1.607336993521e+01 -1.607337354842e+01 -1.607337810900e+01 -1.607338386574e+01 -1.607339113305e+01 -1.607340030830e+01 -1.607341189405e+01 -1.607342652619e+01 -1.607344500993e+01 -1.607346836578e+01 -1.607349788860e+01 -1.607353522374e+01 -1.607358246570e+01 -1.607364228677e+01 -1.607371810625e+01 -1.607381431499e+01 -1.607393657693e+01 -1.607409223960e+01 -1.607429090215e+01 -1.607454521646e+01 -1.607487204225e+01 -1.607529415575e+01 -1.607584285251e+01 -1.607656204737e+01 -1.607751498746e+01 -1.607879574471e+01 -1.608054994176e+01 -1.608301449327e+01 -1.608659956036e+01 -1.609207273190e+01 -1.610101535386e+01 -1.611706395148e+01 -1.614936906993e+01 -1.621966214254e+01 -1.635702883904e+01 -1.654882050186e+01 -1.674640328694e+01 -1.692507069441e+01 -1.707771254881e+01 -1.720371198105e+01 -1.730628615322e+01 -1.739041111223e+01 -1.746125478112e+01 -1.752333493984e+01 -1.758022685980e+01 -1.763457672601e+01 -1.768824344733e+01 -1.774247287299e+01 -1.779806243453e+01 -1.785550001402e+01 -1.791507085371e+01 -1.797693144133e+01 -1.804115426588e+01 -1.810775163335e+01 -1.817668816042e+01 -1.824788955125e+01 -1.832125150790e+01 -1.839664939790e+01 -1.847394772047e+01 -1.855300825144e+01 -1.863369623496e+01 -1.871588451666e+01 -1.879945583243e+01 -1.888430359577e+01 -1.897033156651e+01 -1.905745280234e+01 -1.914558828866e+01 -1.923466558304e+01 -1.932461769445e+01 -1.941538227835e+01 -1.950690111696e+01 -1.959911979726e+01 -1.969198749508e+01 -1.978545679940e+01 -1.987948354267e+01 -1.997402662623e+01 -2.006904783815e+01 -2.016451165965e+01
-1.606369652280e+01 -1.606369653656e+01 -1.606369655392e+01 -1.606369657583e+01 -1.606369660347e+01 -1.606369663836e+01 -1.606369668238e+01 -1.606369673792e+01 -1.606369680801e+01 -1.606369689646e+01 -1.606369700807e+01 -1.606369714890e+01 -1.606369732661e+01 -1.606369755086e+01 -1.606369783384e+01 -1.606369819093e+01 -1.606369864153e+01 -1.606369921014e+01 -1.606369992768e+01 -1.606370083317e+01 -1.606370197584e+01 -1.606370341785e+01 -1.606370523766e+01 -1.606370753431e+01 -1.606371043287e+01 -1.606371409123e+01 -1.606371870884e+01 -1.606372453764e+01 -1.606373189599e+01 -1.606374118635e+01 -1.606375291769e+01 -1.606376773409e+01 -1.606378645121e+01 -1.606381010294e+01 -1.606384000134e+01 -1.606387781398e+01 -1.606392566418e+01 -1.606398626191e+01 -1.606406307616e+01 -1.606416056391e+01 -1.606428447822e+01 -1.606444228844e+01 -1.606464376300e+01 -1.606490179362e+01 -1.606523358763e+01 -1.606566243809e+01 -1.606622043183e+01 -1.606695273686e+01 -1.606792466342e+01 -1.606923383739e+01 -1.607103234051e+01 -1.607356960794e+01 -1.607728205279e+01 -1.608299783154e+01 -1.609245460971e+01 -1.610973966614e+01 -1.614534495617e+01 -1.622387200076e+01 -1.637367300472e+01 -1.657212138931e+01 -1.676802897881e+01 -1.693900970567e+01 -1.708003673875e+01 -1.719353477871e+01 -1.728532550796e+01 -1.736179837116e+01 -1.742846540275e+01 -1.748954504987e+01 -1.754803316408e+01 -1.760593321751e+01 -1.766450631436e+01 -1.772449521150e+01 -1.778630782123e+01 -1.785015311496e+01 -1.791612824680e+01 -1.798426476295e+01 -1.805454862840e+01 -1.812692885707e+01 -1.820132414385e+01 -1.827763075691e+01 -1.835573126162e+01 -1.843550264387e+01 -1.851682281066e+01 -1.859957512369e+01 -1.868365107668e+01 -1.876895142508e+01 -1.885538614252e+01 -1.894287360374e+01 -1.903133939126e+01 -1.912071506934e+01 -1.921093715606e+01 -1.930194638716e+01 -1.939368725101e+01 -1.948610771345e+01 -1.957915904385e+01 -1.967279567677e+01 -1.976697507544e+01 -1.986165758577e+01 -1.995680627914e+01 -2.005238678079e+01
-1.605181864589e+01 -1.605181865499e+01 -1.605181866648e+01 -1.605181868097e+01 -1.605181869925e+01 -1.605181872233e+01 -1.605181875144e+01 -1.605181878818e+01 -1.605181883454e+01 -1.605181889304e+01 -1.605181896686e+01 -1.605181906001e+01 -1.605181917755e+01 -1.605181932587e+01 -1.605181951303e+01 -1.605181974921e+01 -1.605182004723e+01 -1.605182042330e+01 -1.605182089787e+01 -1.605182149673e+01 -1.605182225243e+01 -1.605182320608e+01 -1.605182440953e+01 -1.605182592826e+01 -1.605182784490e+01 -1.605183026379e+01 -1.605183331665e+01 -1.605183716983e+01 -1.605184203344e+01 -1.605184817292e+01 -1.605185592375e+01 -1.605186571003e+01 -1.605187806825e+01 -1.605189367743e+01 -1.605191339770e+01 -1.605193831970e+01 -1.605196982811e+01 -1.605200968371e+01 -1.605206013001e+01 -1.605212403285e+01 -1.605220506462e+01 -1.605230794994e+01 -1.605243879758e+01 -1.605260555536e+01 -1.605281864480e+01 -1.605309186467e+01 -1.605344370836e+01 -1.605389933744e+01 -1.605449363249e+01 -1.605527608154e+01 -1.605631894445e+01 -1.605773156194e+01 -1.605968689610e+01 -1.606247418954e+01 -1.606661222289e+01 -1.607311731732e+01 -1.608420841695e+01 -1.610533298884e+01 -1.615072370604e+01 -1.625051433345e+01 -1.642320613692e+01 -1.662537738365e+01 -1.681049135262e+01 -1.696406547887e+01 -1.708654712484e+01 -1.718447081006e+01 -1.726551430330e+01 -1.733615037186e+01 -1.740111824950e+01 -1.746362417465e+01 -1.752570196127e+01 -1.758855273366e+01 -1.765282796217e+01 -1.771884921928e+01 -1.778676024067e+01 -1.785661498395e+01 -1.792841790553e+01 -1.800213836504e+01 -1.807771655534e+01 -1.815506940393e+01 -1.823409800305e+01 -1.831469531071e+01 -1.839675274588e+01 -1.848016502457e+01 -1.856483318588e+01 -1.865066605234e+01 -1.873758047551e+01 -1.882550075672e+01 -1.891435763767e+01 -1.900408720858e+01 -1.909462997575e+01 -1.918593019509e+01 -1.927793546263e+01 -1.937059648770e+01 -1.946386696292e+01 -1.955770346623e+01 -1.965206536031e+01 -1.974691467817e+01 -1.984221599361e+01 -1.993793627420e+01
-1.603726214417e+01 -1.603726215037e+01 -1.603726215820e+01 -1.603726216807e+01 -1.603726218053e+01 -1.603726219626e+01 -1.603726221610e+01 -1.603726224113e+01 -1.603726227273e+01 -1.603726231259e+01 -1.603726236290e+01 -1.603726242638e+01 -1.603726250648e+01 -1.603726260755e+01 -1.603726273510e+01 -1.603726289605e+01 -1.603726309914e+01 -1.603726335542e+01 -1.603726367881e+01 -1.603726408690e+01 -1.603726460186e+01 -1.603726525169e+01 -1.603726607174e+01 -1.603726710658e+01 -1.603726841251e+01 -1.603727006058e+01 -1.603727214048e+01 -1.603727476544e+01 -1.603727807846e+01 -1.603728226011e+01 -1.603728753851e+01 -1.603729420187e+01 -1.603730261450e+01 -1.603731323712e+01 -1.603732665259e+01 -1.603734359896e+01 -1.603736501150e+01 -1.603739207676e+01 -1.603742630223e+01 -1.603746960649e+01 -1.603752443676e+01 -1.603759392334e+01 -1.603768208430e+01 -1.603779410009e+01 -1.603793668678e+01 -1.603811861165e+01 -1.603835141892e+01 -1.603865047389e+01 -1.603903650375e+01 -1.603953793815e+01 -1.604019458573e+01 -1.604106363507e+01 -1.604222989561e+01 -1.604382420829e+01 -1.604605864853e+01 -1.604929899313e+01 -1.605422770891e+01 -1.606225055941e+01 -1.607662634926e+01 -1.610579198029e+01 -1.617124865323e+01 -1.630608035964e+01 -1.649966950302e+01 -1.669309057028e+01 -1.685589942053e+01 -1.698494485195e+01 -1.708729071529e+01 -1.717187329144e+01 -1.724596105280e+01 -1.731459730680e+01 -1.738102248386e+01 -1.744719113092e+01 -1.751419280241e+01 -1.758257619578e+01 -1.765258665861e+01 -1.772431920392e+01 -1.779779868808e+01 -1.787301194108e+01 -1.794991797068e+01 -1.802845295066e+01 -1.810853607885e+01 -1.819007641625e+01 -1.827297928587e+01 -1.835715125809e+01 -1.844250345120e+01 -1.852895328816e+01 -1.861642501754e+01 -1.870484936822e+01 -1.879416272328e+01 -1.888430616151e+01 -1.897522461789e+01 -1.906686628382e+01 -1.915918225032e+01 -1.925212632804e+01 -1.934565496129e+01 -1.943972717148e+01 -1.953430449434e+01 -1.962935089929e+01 -1.972483268958e+01 -1.982071838213e+01
-1.601951364347e+01 -1.601951364779e+01 -1.601951365325e+01 -1.601951366013e+01 -1.601951366881e+01 -1.601951367977e+01 -1.601951369359e+01 -1.601951371103e+01 -1.601951373305e+01 -1.601951376082e+01 -1.601951379587e+01 -1.601951384010e+01 -1.601951389591e+01 -1.601951396634e+01 -1.601951405520e+01 -1.601951416734e+01 -1.601951430884e+01 -1.601951448740e+01 -1.601951471272e+01 -1.601951499705e+01 -1.601951535583e+01 -1.601951580858e+01 -1.601951637991e+01 -1.601951710088e+01 -1.601951801069e+01 -1.601951915882e+01 -1.601952060774e+01 -1.601952243628e+01 -1.601952474398e+01 -1.601952765652e+01 -1.601953133260e+01 -1.601953597267e+01 -1.601954182999e+01 -1.601954922462e+01 -1.601955856120e+01 -1.601957035159e+01 -1.601958524365e+01 -1.601960405808e+01 -1.601962783552e+01 -1.601965789725e+01 -1.601969592349e+01 -1.601974405526e+01 -1.601980502768e+01 -1.601988234595e+01 -1.601998052021e+01 -1.602010538278e+01 -1.602026452334e+01 -1.602046789632e+01 -1.602072868630e+01 -1.602106457081e+01 -1.602149961414e+01 -1.602206719870e+01 -1.602281472940e+01 -1.602381150676e+01 -1.602516256168e+01 -1.602703440688e+01 -1.602970638047e+01 -1.603368185088e+01 -1.603995412478e+01 -1.605071719892e+01 -1.607145632156e+01 -1.611684923089e+01 -1.621828065402e+01 -1.639193702244e+01 -1.658670122636e+01 -1.675496332773e+01 -1.688791987532e+01 -1.699300941555e+01 -1.708026984153e+01 -1.715745026108e+01 -1.722961215934e+01 -1.729985606147e+01 -1.736998026150e+01 -1.744094478860e+01 -1.751320556828e+01 -1.758694957175e+01 -1.766223828043e+01 -1.773907722514e+01 -1.781744156585e+01 -1.789728431984e+01 -1.797854140155e+01 -1.806113734829e+01 -1.814499120151e+01 -1.823002143884e+01 -1.831614944016e+01 -1.840330148361e+01 -1.849140951225e+01 -1.858041100759e+01 -1.867024833788e+01 -1.876086792555e+01 -1.885221949280e+01 -1.894425552020e+01 -1.903693093540e+01 -1.913020297482e+01 -1.922403113871e+01 -1.931837717493e+01 -1.941320505423e+01 -1.950848092408e+01 -1.960417303985e+01 -1.970025167285e+01
-1.599801778265e+01 -1.599801778571e+01 -1.599801778957e+01 -1.599801779444e+01 -1.599801780058e+01 -1.599801780834e+01 -1.599801781813e+01 -1.599801783048e+01 -1.599801784606e+01 -1.599801786572e+01 -1.599801789054e+01 -1.599801792185e+01 -1.599801796136e+01 -1.599801801121e+01 -1.599801807412e+01 -1.599801815351e+01 -1.599801825368e+01 -1.599801838009e+01 -1.599801853960e+01 -1.599801874087e+01 -1.599801899486e+01 -1.599801931537e+01 -1.599801971981e+01 -1.599802023017e+01 -1.599802087421e+01 -1.599802168693e+01 -1.599802271254e+01 -1.599802400683e+01 -1.599802564021e+01 -1.599802770159e+01 -1.599803030321e+01 -1.599803358680e+01 -1.599803773137e+01 -1.599804296305e+01 -1.599804956759e+01 -1.599805790622e+01 -1.599806843576e+01 -1.599808173433e+01 -1.599809853402e+01 -1.599811976281e+01 -1.599814659836e+01 -1.599818053740e+01 -1.599822348575e+01 -1.599827787581e+01 -1.599834682124e+01 -1.599843432255e+01 -1.599854554366e+01 -1.599868718919e+01 -1.599886802778e+01 -1.599909963240e+01 -1.599939745152e+01 -1.599978240042e+01 -1.600028329709e+01 -1.600094072292e+01 -1.600181339051e+01 -1.600298914635e+01 -1.600460504866e+01 -1.600688646875e+01 -1.601022944936e+01 -1.601539137867e+01 -1.602398398534e+01 -1.603989729703e+01 -1.607356297651e+01 -1.615080306437e+01 -1.630072070623e+01 -1.649028662647e+01 -1.666011394652e+01 -1.679438225108e+01 -1.690077681020e+01 -1.699012045644e+01 -1.707019687087e+01 -1.714578508076e+01 -1.721971632753e+01 -1.729360418745e+01 -1.736829130713e+01 -1.744416192132e+01 -1.752136195056e+01 -1.759993011289e+01 -1.767985865894e+01 -1.776111510731e+01 -1.784364994300e+01 -1.792740179246e+01 -1.801230260294e+01 -1.809828230372e+01 -1.818527230187e+01 -1.827320764119e+01 -1.836202797140e+01 -1.845167761548e+01 -1.854210507633e+01 -1.863326231694e+01 -1.872510407780e+01 -1.881758738072e+01 -1.891067125106e+01 -1.900431661145e+01 -1.909848627159e+01 -1.919314494841e+01 -1.928825927749e+01 -1.938379780062e+01 -1.947973092786e+01 -1.957603087412e+01
-1.597219673417e+01 -1.597219673636e+01 -1.597219673912e+01 -1.597219674261e+01 -1.597219674701e+01 -1.597219675256e+01 -1.597219675956e+01 -1.597219676840e+01 -1.597219677955e+01 -1.597219679363e+01 -1.597219681138e+01 -1.597219683379e+01 -1.597219686207e+01 -1.597219689775e+01 -1.597219694277e+01 -1.597219699958e+01 -1.597219707128e+01 -1.597219716174e+01 -1.597219727589e+01 -1.597219741994e+01 -1.597219760171e+01 -1.597219783108e+01 -1.597219812052e+01 -1.597219848576e+01 -1.597219894665e+01 -1.597219952826e+01 -1.597220026220e+01 -1.597220118839e+01 -1.597220235720e+01 -1.597220383223e+01 -1.597220569374e+01 -1.597220804309e+01 -1.597221100824e+01 -1.597221475081e+01 -1.597221947495e+01 -1.597222543862e+01 -1.597223296784e+01 -1.597224247493e+01 -1.597225448152e+01 -1.597226964807e+01 -1.597228881154e+01 -1.597231303371e+01 -1.597234366346e+01 -1.597238241744e+01 -1.597243148511e+01 -1.597249366683e+01 -1.597257255670e+01 -1.597267278792e+01 -1.597280036600e+01 -1.597296312892e+01 -1.597317139454e+01 -1.597343889152e+01 -1.597378413223e+01 -1.597423249729e+01 -1.597481950815e+01 -1.597559616673e+01 -1.597663806619e+01 -1.597806177354e+01 -1.598005618402e+01 -1.598294721084e+01 -1.598734397336e+01 -1.599450699425e+01 -1.600739065540e+01 -1.603382306207e+01 -1.609453517223e+01 -1.622234157416e+01 -1.640203989783e+01 -1.656983576638e+01 -1.670314020066e+01 -1.680979975420e+01 -1.690092453243e+01 -1.698381928478e+01 -1.706273230988e+01 -1.714016924819e+01 -1.721757663454e+01 -1.729570882899e+01 -1.737489988073e+01 -1.745526715334e+01 -1.753683315765e+01 -1.761958077211e+01 -1.770347306433e+01 -1.778846084345e+01 -1.787448759193e+01 -1.796149374472e+01 -1.804942007864e+01 -1.813820994756e+01 -1.822781040315e+01 -1.831817242530e+01 -1.840925056687e+01 -1.850100232994e+01 -1.859338753849e+01 -1.868636787011e+01 -1.877990659543e+01 -1.887396849028e+01 -1.896851984981e+01 -1.906352853829e+01 -1.915896403233e+01 -1.925479743949e+01 -1.935100148963e+01 -1.944755049911e+01
-1.594147907290e+01 -1.594147907448e+01 -1.594147907647e+01 -1.594147907899e+01 -1.594147908216e+01 -1.594147908615e+01 -1.594147909120e+01 -1.594147909757e+01 -1.594147910561e+01 -1.594147911575e+01 -1.594147912854e+01 -1.594147914469e+01 -1.594147916507e+01 -1.594147919078e+01 -1.594147922322e+01 -1.594147926416e+01 -1.594147931582e+01 -1.594147938101e+01 -1.594147946327e+01 -1.594147956707e+01 -1.594147969805e+01 -1.594147986333e+01 -1.594148007190e+01 -1.594148033508e+01 -1.594148066719e+01 -1.594148108628e+01 -1.594148161513e+01 -1.594148228249e+01 -1.594148312466e+01 -1.594148418744e+01 -1.594148552865e+01 -1.594148722127e+01 -1.594148935745e+01 -1.594149205353e+01 -1.594149545645e+01 -1.594149975178e+01 -1.594150517402e+01 -1.594151201952e+01 -1.594152066301e+01 -1.594153157853e+01 -1.594154536617e+01 -1.594156278626e+01 -1.594158480310e+01 -1.594161264137e+01 -1.594164785903e+01 -1.594169244217e+01 -1.594174892941e+01 -1.594182057642e+01 -1.594191157597e+01 -1.594202735604e+01 -1.594217498996e+01 -1.594236377115e+01 -1.594260603571e+01 -1.594291836891e+01 -1.594332342584e+01 -1.594385276939e+01 -1.594455146334e+01 -1.594548583606e+01 -1.594675728880e+01 -1.594852838452e+01 -1.595107585792e+01 -1.595490828069e+01 -1.596105659558e+01 -1.597188272743e+01 -1.599355648607e+01 -1.604296455043e+01 -1.615228229479e+01 -1.631968224816e+01 -1.648251218381e+01 -1.661307322775e+01 -1.671943036308e+01 -1.681228213811e+01 -1.689796884422e+01 -1.698006598284e+01 -1.706077344869e+01 -1.714141767695e+01 -1.722269606441e+01 -1.730490812530e+01 -1.738815001632e+01 -1.747243202288e+01 -1.755773066676e+01 -1.764400730470e+01 -1.773121528556e+01 -1.781930423561e+01 -1.790822329156e+01 -1.799792333541e+01 -1.808835821642e+01 -1.817948511430e+01 -1.827126430256e+01 -1.836365860486e+01 -1.845663280612e+01 -1.855015319342e+01 -1.864418729350e+01 -1.873870378623e+01 -1.883367252943e+01 -1.892906462851e+01 -1.902485250478e+01 -1.912100994073e+01 -1.921751209738e+01 -1.931433550395e+01
-1.590533704464e+01 -1.590533704578e+01 -1.590533704722e+01 -1.590533704904e+01 -1.590533705133e+01 -1.590533705422e+01 -1.590533705787e+01 -1.590533706248e+01 -1.590533706829e+01 -1.590533707563e+01 -1.590533708488e+01 -1.590533709656e+01 -1.590533711130e+01 -1.590533712990e+01 -1.590533715337e+01 -1.590533718298e+01 -1.590533722035e+01 -1.590533726750e+01 -1.590533732700e+01 -1.590533740208e+01 -1.590533749682e+01 -1.590533761637e+01 -1.590533776723e+01 -1.590533795759e+01 -1.590533819781e+01 -1.590533850093e+01 -1.590533888344e+01 -1.590533936613e+01 -1.590533997525e+01 -1.590534074392e+01 -1.590534171393e+01 -1.590534293807e+01 -1.590534448295e+01 -1.590534643265e+01 -1.590534889335e+01 -1.590535199916e+01 -1.590535591942e+01 -1.590536086812e+01 -1.590536711567e+01 -1.590537500397e+01 -1.590538496550e+01 -1.590539754768e+01 -1.590541344399e+01 -1.590543353379e+01 -1.590545893363e+01 -1.590549106349e+01 -1.590553173290e+01 -1.590558325373e+01 -1.590564858916e+01 -1.590573155248e+01 -1.590583707589e+01 -1.590597157936e+01 -1.590614348593e+01 -1.590636395655e+01 -1.590664796369e+01 -1.590701590368e+01 -1.590749609702e+01 -1.590812881014e+01 -1.590897300628e+01 -1.591011825542e+01 -1.591170702371e+01 -1.591397945953e+01 -1.591737151192e+01 -1.592275370111e+01 -1.593208699061e+01 -1.595043124627e+01 -1.599186949496e+01 -1.608640928995e+01 -1.624081976763e+01 -1.639651059969e+01 -1.652326204069e+01 -1.662919893734e+01 -1.672387984698e+01 -1.681231895840e+01 -1.689740344618e+01 -1.698110356221e+01 -1.706468046234e+01 -1.714879825112e+01 -1.723373050856e+01 -1.731955614049e+01 -1.740627610077e+01 -1.749386320439e+01 -1.758227936798e+01 -1.767148198487e+01 -1.776142734055e+01 -1.785207284106e+01 -1.794337830126e+01 -1.803530641816e+01 -1.812782263940e+01 -1.822089468960e+01 -1.831449200733e+01 -1.840858527859e+01 -1.850314615309e+01 -1.859814714003e+01 -1.869356162765e+01 -1.878936396044e+01 -1.888552952385e+01 -1.898203481022e+01 -1.907885745774e+01 -1.917597626204e+01
-1.586332894302e+01 -1.586332894385e+01 -1.586332894489e+01 -1.586332894621e+01 -1.586332894787e+01 -1.586332894996e+01 -1.586332895261e+01 -1.586332895595e+01 -1.586332896016e+01 -1.586332896547e+01 -1.586332897218e+01 -1.586332898064e+01 -1.586332899131e+01 -1.586332900479e+01 -1.586332902179e+01 -1.586332904324e+01 -1.586332907031e+01 -1.586332910447e+01 -1.586332914757e+01 -1.586332920196e+01 -1.586332927059e+01 -1.586332935719e+01 -1.586332946648e+01 -1.586332960438e+01 -1.586332977839e+01 -1.586332999798e+01 -1.586333027507e+01 -1.586333062473e+01 -1.586333106597e+01 -1.586333162277e+01 -1.586333232541e+01 -1.586333321212e+01 -1.586333433111e+01 -1.586333574328e+01 -1.586333752551e+01 -1.586333977483e+01 -1.586334261381e+01 -1.586334619726e+01 -1.586335072072e+01 -1.586335643136e+01 -1.586336364161e+01 -1.586337274670e+01 -1.586338424682e+01 -1.586339877556e+01 -1.586341713624e+01 -1.586344034866e+01 -1.586346970950e+01 -1.586350687072e+01 -1.586355394213e+01 -1.586361362680e+01 -1.586368940139e+01 -1.586378575970e+01 -1.586390854615e+01 -1.586406542061e+01 -1.586426651957e+01 -1.586452541915e+01 -1.586486057648e+01 -1.586529755591e+01 -1.586587259412e+01 -1.586663855364e+01 -1.586767536413e+01 -1.586910942917e+01 -1.587115230753e+01 -1.587418467199e+01 -1.587895854097e+01 -1.588714769844e+01 -1.590303204931e+01 -1.593864087054e+01 -1.602148918846e+01 -1.616326194904e+01 -1.631052065648e+01 -1.643305363582e+01 -1.653879878751e+01 -1.663546393585e+01 -1.672656111369e+01 -1.681438371020e+01 -1.690077379601e+01 -1.698697327399e+01 -1.707362581518e+01 -1.716098253141e+01 -1.724910754597e+01 -1.733799503872e+01 -1.742761643769e+01 -1.751793591515e+01 -1.760891572917e+01 -1.770051873984e+01 -1.779270978583e+01 -1.788545626177e+01 -1.797872809016e+01 -1.807249731752e+01 -1.816673757391e+01 -1.826142358856e+01 -1.835653086896e+01 -1.845203556052e+01 -1.854791444368e+01 -1.864414500487e+01 -1.874070552764e+01 -1.883757517198e+01 -1.893473402970e+01 -1.903216315366e+01
-1.581514090001e+01 -1.581514090061e+01 -1.581514090136e+01 -1.581514090232e+01 -1.581514090352e+01 -1.581514090504e+01 -1.581514090695e+01 -1.581514090937e+01 -1.581514091242e+01 -1.581514091627e+01 -1.581514092113e+01 -1.581514092726e+01 -1.581514093499e+01 -1.581514094475e+01 -1.581514095707e+01 -1.581514097261e+01 -1.581514099222e+01 -1.581514101697e+01 -1.581514104820e+01 -1.581514108760e+01 -1.581514113733e+01 -1.581514120007e+01 -1.581514127924e+01 -1.581514137915e+01 -1.581514150522e+01 -1.581514166430e+01 -1.581514186505e+01 -1.581514211836e+01 -1.581514243802e+01 -1.581514284139e+01 -1.581514335042e+01 -1.581514399277e+01 -1.581514480339e+01 -1.581514582636e+01 -1.581514711736e+01 -1.581514874664e+01 -1.581515080293e+01 -1.581515339826e+01 -1.581515667414e+01 -1.581516080933e+01 -1.581516602974e+01 -1.581517262096e+01 -1.581518094419e+01 -1.581519145659e+01 -1.581520473716e+01 -1.581522151993e+01 -1.581524273666e+01 -1.581526957185e+01 -1.581530353426e+01 -1.581534655036e+01 -1.581540108753e+01 -1.581547031804e+01 -1.581555834027e+01 -1.581567048106e+01 -1.581581371662e+01 -1.581599726999e+01 -1.581623347928e+01 -1.581653909405e+01 -1.581693727179e+01 -1.581746076482e+01 -1.581815722261e+01 -1.581909845169e+01 -1.582039754346e+01 -1.582224282242e+01 -1.582497106596e+01 -1.582924268272e+01 -1.583651580925e+01 -1.585049786732e+01 -1.588168430727e+01 -1.595522650372e+01 -1.608522831249e+01 -1.622355922425e+01 -1.634206062070e+01 -1.644804380428e+01 -1.654681753963e+01 -1.664041040987e+01 -1.673068614484e+01 -1.681945695894e+01 -1.690797484080e+01 -1.699686682601e+01 -1.708636254003e+01 -1.717651346526e+01 -1.726730937668e+01 -1.735872218168e+01 -1.745071939660e+01 -1.754326839754e+01 -1.763633813698e+01 -1.772989986360e+01 -1.782392721185e+01 -1.791839588140e+01 -1.801328312796e+01 -1.810856726161e+01 -1.820422727929e+01 -1.830024267329e+01 -1.839659338936e+01 -1.849325987713e+01 -1.859022317666e+01 -1.868746500354e+01 -1.878496781488e+01 -1.888271485183e+01
-1.576062086295e+01 -1.576062086338e+01 -1.576062086393e+01 -1.576062086462e+01 -1.576062086549e+01 -1.576062086659e+01 -1.576062086798e+01 -1.576062086973e+01 -1.576062087194e+01 -1.576062087472e+01 -1.576062087824e+01 -1.576062088268e+01 -1.576062088828e+01 -1.576062089535e+01 -1.576062090427e+01 -1.576062091552e+01 -1.576062092972e+01 -1.576062094764e+01 -1.576062097025e+01 -1.576062099878e+01 -1.576062103478e+01 -1.576062108021e+01 -1.576062113754e+01 -1.576062120988e+01 -1.576062130116e+01 -1.576062141635e+01 -1.576062156170e+01 -1.576062174511e+01 -1.576062197656e+01 -1.576062226862e+01 -1.576062263718e+01 -1.576062310226e+01 -1.576062368916e+01 -1.576062442980e+01 -1.576062536446e+01 -1.576062654400e+01 -1.576062803262e+01 -1.576062991137e+01 -1.576063228263e+01 -1.576063527566e+01 -1.576063905378e+01 -1.576064382338e+01 -1.576064984536e+01 -1.576065744969e+01 -1.576066705397e+01 -1.576067918706e+01 -1.576069451942e+01 -1.576071390199e+01 -1.576073841642e+01 -1.576076944030e+01 -1.576080873227e+01 -1.576085854423e+01 -1.576092177067e+01 -1.576100214970e+01 -1.576110453785e+01 -1.576123529189e+01 -1.576140281018e+01 -1.576161831824e+01 -1.576189703939e+01 -1.576225999410e+01 -1.576273686571e+01 -1.576337075604e+01 -1.576422646682e+01 -1.576540576737e+01 -1.576707754550e+01 -1.576954257824e+01 -1.577338788909e+01 -1.577990340630e+01 -1.579236063059e+01 -1.582008318265e+01 -1.588612535419e+01 -1.600543512333e+01 -1.613501732562e+01 -1.625011242076e+01 -1.635682163659e+01 -1.645774938344e+01 -1.655361683206e+01 -1.664604600559e+01 -1.673689632893e+01 -1.682744242003e+01 -1.691829312087e+01 -1.700965703903e+01 -1.710157521783e+01 -1.719403509270e+01 -1.728701038017e+01 -1.738047248437e+01 -1.747439374503e+01 -1.756874851239e+01 -1.766351340225e+01 -1.775866708673e+01 -1.785418983972e+01 -1.795006303123e+01 -1.804626871481e+01 -1.814278937564e+01 -1.823960783583e+01 -1.833670727027e+01 -1.843407127742e+01 -1.853168396207e+01 -1.862953000649e+01 -1.872759472168e+01
-1.569979780615e+01 -1.569979780647e+01 -1.569979780686e+01 -1.569979780736e+01 -1.569979780799e+01 -1.569979780879e+01 -1.569979780979e+01 -1.569979781106e+01 -1.569979781266e+01 -1.569979781467e+01 -1.569979781722e+01 -1.569979782043e+01 -1.569979782449e+01 -1.569979782960e+01 -1.569979783605e+01 -1.569979784420e+01 -1.569979785447e+01 -1.569979786744e+01 -1.569979788380e+01 -1.569979790445e+01 -1.569979793051e+01 -1.569979796339e+01 -1.569979800487e+01 -1.569979805722e+01 -1.569979812328e+01 -1.569979820664e+01 -1.569979831183e+01 -1.569979844457e+01 -1.569979861206e+01 -1.569979882342e+01 -1.569979909013e+01 -1.569979942670e+01 -1.569979985141e+01 -1.569980038737e+01 -1.569980106372e+01 -1.569980191726e+01 -1.569980299441e+01 -1.569980435381e+01 -1.569980606949e+01 -1.569980823490e+01 -1.569981096811e+01 -1.569981441825e+01 -1.569981877377e+01 -1.569982427291e+01 -1.569983121696e+01 -1.569983998721e+01 -1.569985106655e+01 -1.569986506708e+01 -1.569988276565e+01 -1.569990514966e+01 -1.569993347653e+01 -1.569996935127e+01 -1.570001482879e+01 -1.570007254982e+01 -1.570014592395e+01 -1.570023937952e+01 -1.570035871069e+01 -1.570051156892e+01 -1.570070817548e+01 -1.570096238191e+01 -1.570129329789e+01 -1.570172787977e+01 -1.570230521922e+01 -1.570308399762e+01 -1.570415620138e+01 -1.570567414920e+01 -1.570790842998e+01 -1.571138575039e+01 -1.571726101661e+01 -1.572846403471e+01 -1.575340447375e+01 -1.581332456884e+01 -1.592309019870e+01 -1.604462180107e+01 -1.615718515084e+01 -1.626505780113e+01 -1.636809315464e+01 -1.646597653349e+01 -1.656026348452e+01 -1.665290993210e+01 -1.674521315152e+01 -1.683776031625e+01 -1.693073992427e+01 -1.702418478694e+01 -1.711808163197e+01 -1.721240679068e+01 -1.730713567384e+01 -1.740224517866e+01 -1.749771428844e+01 -1.759352402769e+01 -1.768965709894e+01 -1.778609740102e+01 -1.788282958534e+01 -1.797983874399e+01 -1.807711025283e+01 -1.817462974037e+01 -1.827238313152e+01 -1.837035671972e+01 -1.846853723779e+01 -1.856691191384e+01
-1.563288168929e+01 -1.563288168952e+01 -1.563288168980e+01 -1.563288169017e+01 -1.563288169062e+01 -1.563288169120e+01 -1.563288169193e+01 -1.563288169284e+01 -1.563288169400e+01 -1.563288169546e+01 -1.563288169730e+01 -1.563288169963e+01 -1.563288170256e+01 -1.563288170626e+01 -1.563288171093e+01 -1.563288171683e+01 -1.563288172427e+01 -1.563288173365e+01 -1.563288174550e+01 -1.563288176044e+01 -1.563288177930e+01 -1.563288180310e+01 -1.563288183313e+01 -1.563288187102e+01 -1.563288191884e+01 -1.563288197917e+01 -1.563288205531e+01 -1.563288215138e+01 -1.563288227261e+01 -1.563288242560e+01 -1.563288261864e+01 -1.563288286224e+01 -1.563288316964e+01 -1.563288355755e+01 -1.563288404707e+01 -1.563288466481e+01 -1.563288544438e+01 -1.563288642819e+01 -1.563288766980e+01 -1.563288923680e+01 -1.563289121456e+01 -1.563289371091e+01 -1.563289686204e+01 -1.563290084009e+01 -1.563290586261e+01 -1.563291220479e+01 -1.563292021484e+01 -1.563293033373e+01 -1.563294312045e+01 -1.563295928438e+01 -1.563297972715e+01 -1.563300559684e+01 -1.563303835881e+01 -1.563307988895e+01 -1.563313259766e+01 -1.563319959661e+01 -1.563328492642e+01 -1.563339387261e+01 -1.563353341286e+01 -1.563371286482e+01 -1.563394484971e+01 -1.563424677008e+01 -1.563464315767e+01 -1.563516955944e+01 -1.563587928522e+01 -1.563685580986e+01 -1.563823718974e+01 -1.564026837088e+01 -1.564342566673e+01 -1.564875346015e+01 -1.565890809414e+01 -1.568157504735e+01 -1.573644937089e+01 -1.583782877069e+01 -1.595235611097e+01 -1.606333446425e+01 -1.617269556156e+01 -1.627771230685e+01 -1.637733890379e+01 -1.647320556938e+01 -1.656738822856e+01 -1.666119971558e+01 -1.675520237383e+01 -1.684956613344e+01 -1.694431760441e+01 -1.703944396005e+01 -1.713492451293e+01 -1.723073850818e+01 -1.732686686972e+01 -1.742329247214e+01 -1.751999992444e+01 -1.761697515297e+01 -1.771420495465e+01 -1.781167663685e+01 -1.790937779640e+01 -1.800729623204e+01 -1.810541995012e+01 -1.820373721761e+01 -1.830223662667e+01 -1.840090715160e+01
-1.556024376340e+01 -1.556024376356e+01 -1.556024376377e+01 -1.556024376403e+01 -1.556024376436e+01 -1.556024376478e+01 -1.556024376531e+01 -1.556024376597e+01 -1.556024376681e+01 -1.556024376787e+01 -1.556024376921e+01 -1.556024377089e+01 -1.556024377302e+01 -1.556024377570e+01 -1.556024377909e+01 -1.556024378336e+01 -1.556024378875e+01 -1.556024379555e+01 -1.556024380414e+01 -1.556024381497e+01 -1.556024382863e+01 -1.556024384588e+01 -1.556024386765e+01 -1.556024389511e+01 -1.556024392976e+01 -1.556024397349e+01 -1.556024402867e+01 -1.556024409830e+01 -1.556024418616e+01 -1.556024429703e+01 -1.556024443694e+01 -1.556024461349e+01 -1.556024483627e+01 -1.556024511740e+01 -1.556024547216e+01 -1.556024591984e+01 -1.556024648479e+01 -1.556024719773e+01 -1.556024809746e+01 -1.556024923295e+01 -1.556025066602e+01 -1.556025247475e+01 -1.556025475774e+01 -1.556025763955e+01 -1.556026127759e+01 -1.556026587082e+01 -1.556027167089e+01 -1.556027899623e+01 -1.556028825011e+01 -1.556029994369e+01 -1.556031472563e+01 -1.556033342040e+01 -1.556035707773e+01 -1.556038703744e+01 -1.556042501457e+01 -1.556047321267e+01 -1.556053447610e+01 -1.556061249794e+01 -1.556071210836e+01 -1.556083968277e+01 -1.556100373268e+01 -1.556121578425e+01 -1.556149172510e+01 -1.556185394297e+01 -1.556233486414e+01 -1.556298309493e+01 -1.556387470671e+01 -1.556513545257e+01 -1.556698838785e+01 -1.556986738058e+01 -1.557472532788e+01 -1.558399691151e+01 -1.560478823489e+01 -1.565548473406e+01 -1.574961797472e+01 -1.585836782620e+01 -1.596864564724e+01 -1.607968877417e+01 -1.618650506807e+01 -1.628760784702e+01 -1.638480181403e+01 -1.648028685560e+01 -1.657538165404e+01 -1.667062188311e+01 -1.676616090059e+01 -1.686202082926e+01 -1.695819000284e+01 -1.705465075812e+01 -1.715138583023e+01 -1.724837960426e+01 -1.734561817753e+01 -1.744308906312e+01 -1.754078078074e+01 -1.763868247360e+01 -1.773678363136e+01 -1.783507394185e+01 -1.793354324952e+01 -1.803218157981e+01 -1.813097919107e+01 -1.822992662867e+01
-1.548238114645e+01 -1.548238114657e+01 -1.548238114672e+01 -1.548238114691e+01 -1.548238114715e+01 -1.548238114745e+01 -1.548238114784e+01 -1.548238114832e+01 -1.548238114893e+01 -1.548238114970e+01 -1.548238115067e+01 -1.548238115189e+01 -1.548238115344e+01 -1.548238115539e+01 -1.548238115785e+01 -1.548238116095e+01 -1.548238116487e+01 -1.548238116981e+01 -1.548238117605e+01 -1.548238118392e+01 -1.548238119386e+01 -1.548238120639e+01 -1.548238122221e+01 -1.548238124217e+01 -1.548238126735e+01 -1.548238129913e+01 -1.548238133923e+01 -1.548238138983e+01 -1.548238145368e+01 -1.548238153426e+01 -1.548238163593e+01 -1.548238176423e+01 -1.548238192613e+01 -1.548238213043e+01 -1.548238238824e+01 -1.548238271357e+01 -1.548238312410e+01 -1.548238364218e+01 -1.548238429598e+01 -1.548238512107e+01 -1.548238616235e+01 -1.548238747653e+01 -1.548238913520e+01 -1.548239122878e+01 -1.548239387150e+01 -1.548239720770e+01 -1.548240141984e+01 -1.548240673869e+01 -1.548241345624e+01 -1.548242194229e+01 -1.548243266557e+01 -1.548244622091e+01 -1.548246336428e+01 -1.548248505825e+01 -1.548251253133e+01 -1.548254735601e+01 -1.548259155263e+01 -1.548264772893e+01 -1.548271927055e+01 -1.548281060525e+01 -1.548292757673e+01 -1.548307798587e+01 -1.548327239520e+01 -1.548352536200e+01 -1.548385739635e+01 -1.548429820037e+01 -1.548489229106e+01 -1.548570933532e+01 -1.548686451025e+01 -1.548856220643e+01 -1.549120049075e+01 -1.549565623125e+01 -1.550418347806e+01 -1.552342342136e+01 -1.557066303236e+01 -1.565865210418e+01 -1.576288550357e+01 -1.587320428077e+01 -1.598600202237e+01 -1.609440656529e+01 -1.619673784032e+01 -1.629503593735e+01 -1.639161623805e+01 -1.648779389931e+01 -1.658407757935e+01 -1.668060624163e+01 -1.677739886762e+01 -1.687444531582e+01 -1.697173078024e+01 -1.706924106128e+01 -1.716696346099e+01 -1.726488672275e+01 -1.736300071400e+01 -1.746129605772e+01 -1.755976381995e+01 -1.765839530477e+01 -1.775718195940e+01 -1.785611536102e+01 -1.795518724833e+01 -1.805438956795e+01
-1.539987260272e+01 -1.539987260281e+01 -1.539987260292e+01 -1.539987260306e+01 -1.539987260324e+01 -1.539987260346e+01 -1.539987260374e+01 -1.539987260409e+01 -1.539987260453e+01 -1.539987260510e+01 -1.539987260580e+01 -1.539987260670e+01 -1.539987260783e+01 -1.539987260925e+01 -1.539987261104e+01 -1.539987261331e+01 -1.539987261617e+01 -1.539987261978e+01 -1.539987262433e+01 -1.539987263008e+01 -1.539987263733e+01 -1.539987264647e+01 -1.539987265802e+01 -1.539987267258e+01 -1.539987269096e+01 -1.539987271415e+01 -1.539987274342e+01 -1.539987278035e+01 -1.539987282695e+01 -1.539987288576e+01 -1.539987295996e+01 -1.539987305359e+01 -1.539987317175e+01 -1.539987332085e+01 -1.539987350900e+01 -1.539987374642e+01 -1.539987404602e+01 -1.539987442410e+01 -1.539987490122e+01 -1.539987550332e+01 -1.539987626317e+01 -1.539987722213e+01 -1.539987843240e+01 -1.539987995993e+01 -1.539988188798e+01 -1.539988432174e+01 -1.539988739416e+01 -1.539989127326e+01 -1.539989617155e+01 -1.539990235796e+01 -1.539991017302e+01 -1.539992004841e+01 -1.539993253190e+01 -1.539994831968e+01 -1.539996829819e+01 -1.539999359874e+01 -1.540002566944e+01 -1.540006637074e+01 -1.540011810403e+01 -1.540018398696e+01 -1.540026809671e+01 -1.540037581425e+01 -1.540051432253e+01 -1.540069334727e+01 -1.540092629237e+01 -1.540123204309e+01 -1.540163794999e+01 -1.540218501069e+01 -1.540293740102e+01 -1.540400127425e+01 -1.540556519668e+01 -1.540799714921e+01 -1.541211092894e+01 -1.542001354803e+01 -1.543797439215e+01 -1.548236887495e+01 -1.556525575583e+01 -1.566615744065e+01 -1.577708362904e+01 -1.589161302657e+01 -1.600138728487e+01 -1.610472643445e+01 -1.620393524297e+01 -1.630142975456e+01 -1.639851406387e+01 -1.649567070810e+01 -1.659302639345e+01 -1.669059795668e+01 -1.678837689556e+01 -1.688635097778e+01 -1.698450862693e+01 -1.708283956870e+01 -1.718133470796e+01 -1.727998582547e+01 -1.737878526291e+01 -1.747772567650e+01 -1.757679988930e+01 -1.767600083338e+01 -1.777532155278e+01 -1.787475523580e+01
-1.531333326052e+01 -1.531333326058e+01 -1.531333326066e+01 -1.531333326076e+01 -1.531333326089e+01 -1.531333326106e+01 -1.531333326126e+01 -1.531333326152e+01 -1.531333326185e+01 -1.531333326226e+01 -1.531333326278e+01 -1.531333326343e+01 -1.531333326426e+01 -1.531333326531e+01 -1.531333326662e+01 -1.531333326829e+01 -1.531333327039e+01 -1.531333327303e+01 -1.531333327638e+01 -1.531333328059e+01 -1.531333328591e+01 -1.531333329263e+01 -1.531333330110e+01 -1.531333331179e+01 -1.531333332528e+01 -1.531333334230e+01 -1.531333336378e+01 -1.531333339089e+01 -1.531333342509e+01 -1.531333346825e+01 -1.531333352271e+01 -1.531333359143e+01 -1.531333367815e+01 -1.531333378757e+01 -1.531333392566e+01 -1.531333409991e+01 -1.531333431979e+01 -1.531333459727e+01 -1.531333494742e+01 -1.531333538929e+01 -1.531333594692e+01 -1.531333665064e+01 -1.531333753876e+01 -1.531333865963e+01 -1.531334007432e+01 -1.531334185995e+01 -1.531334411395e+01 -1.531334695941e+01 -1.531335055197e+01 -1.531335508844e+01 -1.531336081788e+01 -1.531336805567e+01 -1.531337720160e+01 -1.531338876299e+01 -1.531340338461e+01 -1.531342188743e+01 -1.531344531921e+01 -1.531347502112e+01 -1.531351271626e+01 -1.531356062869e+01 -1.531362164595e+01 -1.531369954435e+01 -1.531379930787e+01 -1.531392758984e+01 -1.531409339941e+01 -1.531430915393e+01 -1.531459235100e+01 -1.531496833641e+01 -1.531547511432e+01 -1.531617220358e+01 -1.531715813319e+01 -1.531860816806e+01 -1.532086518829e+01 -1.532469098910e+01 -1.533207364753e+01 -1.534898793034e+01 -1.539106342669e+01 -1.546980594658e+01 -1.556841461071e+01 -1.568034246839e+01 -1.579651436783e+01 -1.590744857862e+01 -1.601160504738e+01 -1.611155952885e+01 -1.620981186331e+01 -1.630764985591e+01 -1.640553167058e+01 -1.650357371441e+01 -1.660179138376e+01 -1.670017777019e+01 -1.679872288306e+01 -1.689741734821e+01 -1.699625288452e+01 -1.709522215696e+01 -1.719431850481e+01 -1.729353568156e+01 -1.739286766487e+01 -1.749230855222e+01 -1.759185252768e+01 -1.769149387291e+01
-1.522337469888e+01 -1.522337469892e+01 -1.522337469898e+01 -1.522337469906e+01 -1.522337469915e+01 -1.522337469927e+01 -1.522337469943e+01 -1.522337469962e+01 -1.522337469986e+01 -1.522337470016e+01 -1.522337470055e+01 -1.522337470103e+01 -1.522337470164e+01 -1.522337470241e+01 -1.522337470339e+01 -1.522337470462e+01 -1.522337470617e+01 -1.522337470812e+01 -1.522337471059e+01 -1.522337471371e+01 -1.522337471764e+01 -1.522337472260e+01 -1.522337472886e+01 -1.522337473676e+01 -1.522337474673e+01 -1.522337475931e+01 -1.522337477518e+01 -1.522337479520e+01 -1.522337482048e+01 -1.522337485237e+01 -1.522337489261e+01 -1.522337494339e+01 -1.522337500746e+01 -1.522337508832e+01 -1.522337519035e+01 -1.522337531909e+01 -1.522337548156e+01 -1.522337568658e+01 -1.522337594529e+01 -1.522337627177e+01 -1.522337668377e+01 -1.522337720369e+01 -1.522337785984e+01 -1.522337868791e+01 -1.522337973300e+01 -1.522338105204e+01 -1.522338271695e+01 -1.522338481855e+01 -1.522338747163e+01 -1.522339082131e+01 -1.522339505108e+01 -1.522340039316e+01 -1.522340714164e+01 -1.522341566926e+01 -1.522342644907e+01 -1.522344008227e+01 -1.522345733435e+01 -1.522347918229e+01 -1.522350687668e+01 -1.522354202428e+01 -1.522358669904e+01 -1.522364359370e+01 -1.522371622999e+01 -1.522380925616e+01 -1.522392887789e+01 -1.522408349908e+01 -1.522428470459e+01 -1.522454882236e+01 -1.522489951077e+01 -1.522537225893e+01 -1.522602268205e+01 -1.522694293802e+01 -1.522829722511e+01 -1.523040767997e+01 -1.523399361504e+01 -1.524094791097e+01 -1.525701521530e+01 -1.529722455011e+01 -1.537267759852e+01 -1.546985349789e+01 -1.558302780417e+01 -1.570071347222e+01 -1.581261649495e+01 -1.591742957945e+01 -1.601799068485e+01 -1.611686721605e+01 -1.621532765325e+01 -1.631380802204e+01 -1.641241614766e+01 -1.651116646554e+01 -1.661005352555e+01 -1.670906924261e+01 -1.680820606541e+01 -1.690745733964e+01 -1.700681716032e+01 -1.710628013787e+01 -1.720584118822e+01 -1.730549538830e+01 -1.740523790321e+01 -1.750506396864e+01
-1.513057430649e+01 -1.513057430652e+01 -1.513057430657e+01 -1.513057430662e+01 -1.513057430670e+01 -1.513057430678e+01 -1.513057430690e+01 -1.513057430704e+01 -1.513057430722e+01 -1.513057430745e+01 -1.513057430773e+01 -1.513057430809e+01 -1.513057430855e+01 -1.513057430912e+01 -1.513057430985e+01 -1.513057431076e+01 -1.513057431192e+01 -1.513057431337e+01 -1.513057431521e+01 -1.513057431753e+01 -1.513057432046e+01 -1.513057432415e+01 -1.513057432881e+01 -1.513057433469e+01 -1.513057434211e+01 -1.513057435147e+01 -1.513057436329e+01 -1.513057437820e+01 -1.513057439701e+01 -1.513057442075e+01 -1.513057445071e+01 -1.513057448851e+01 -1.513057453621e+01 -1.513057459640e+01 -1.513057467235e+01 -1.513057476819e+01 -1.513057488913e+01 -1.513057504175e+01 -1.513057523434e+01 -1.513057547736e+01 -1.513057578405e+01 -1.513057617106e+01 -1.513057665946e+01 -1.513057727582e+01 -1.513057805368e+01 -1.513057903540e+01 -1.513058027446e+01 -1.513058183841e+01 -1.513058381259e+01 -1.513058630481e+01 -1.513058945138e+01 -1.513059342469e+01 -1.513059844288e+01 -1.513060478221e+01 -1.513061279283e+01 -1.513062291913e+01 -1.513063572587e+01 -1.513065193219e+01 -1.513067245591e+01 -1.513069847192e+01 -1.513073148975e+01 -1.513077345797e+01 -1.513082690661e+01 -1.513089514481e+01 -1.513098254065e+01 -1.513109492633e+01 -1.513124020111e+01 -1.513142925632e+01 -1.513167744627e+01 -1.513200702654e+01 -1.513245139843e+01 -1.513306294320e+01 -1.513392855492e+01 -1.513520332519e+01 -1.513719243193e+01 -1.514058086906e+01 -1.514718636536e+01 -1.516257723787e+01 -1.520130742539e+01 -1.527421112929e+01 -1.537063220598e+01 -1.548517884962e+01 -1.560423098141e+01 -1.571693515836e+01 -1.582227187637e+01 -1.592332370361e+01 -1.602271139303e+01 -1.612168287198e+01 -1.622065446604e+01 -1.631972688360e+01 -1.641891391623e+01 -1.651821139557e+01 -1.661761282774e+01 -1.671711215433e+01 -1.681670404142e+01 -1.691638374352e+01 -1.701614690783e+01 -1.711598940723e+01 -1.721590723141e+01 -1.731589643630e+01
-1.503545513780e+01 -1.503545513782e+01 -1.503545513786e+01 -1.503545513790e+01 -1.503545513795e+01 -1.503545513802e+01 -1.503545513810e+01 -1.503545513821e+01 -1.503545513834e+01 -1.503545513851e+01 -1.503545513873e+01 -1.503545513900e+01 -1.503545513934e+01 -1.503545513977e+01 -1.503545514032e+01 -1.503545514100e+01 -1.503545514187e+01 -1.503545514296e+01 -1.503545514434e+01 -1.503545514608e+01 -1.503545514828e+01 -1.503545515105e+01 -1.503545515454e+01 -1.503545515895e+01 -1.503545516452e+01 -1.503545517154e+01 -1.503545518041e+01 -1.503545519159e+01 -1.503545520571e+01 -1.503545522352e+01 -1.503545524599e+01 -1.503545527435e+01 -1.503545531013e+01 -1.503545535529e+01 -1.503545541227e+01 -1.503545548417e+01 -1.503545557490e+01 -1.503545568940e+01 -1.503545583388e+01 -1.503545601619e+01 -1.503545624626e+01 -1.503545653659e+01 -1.503545690296e+01 -1.503545736532e+01 -1.503545794881e+01 -1.503545868519e+01 -1.503545961456e+01 -1.503546078755e+01 -1.503546226811e+01 -1.503546413701e+01 -1.503546649634e+01 -1.503546947513e+01 -1.503547323658e+01 -1.503547798721e+01 -1.503548398854e+01 -1.503549157208e+01 -1.503550115853e+01 -1.503551328259e+01 -1.503552862508e+01 -1.503554805498e+01 -1.503557268468e+01 -1.503560394345e+01 -1.503564367633e+01 -1.503569427910e+01 -1.503575888553e+01 -1.503584163256e+01 -1.503594804452e+01 -1.503608560488e+01 -1.503626463383e+01 -1.503649968468e+01 -1.503681186004e+01 -1.503723284770e+01 -1.503781237960e+01 -1.503863304883e+01 -1.503984253547e+01 -1.504173230850e+01 -1.504495998130e+01 -1.505128491824e+01 -1.506614350284e+01 -1.510372055547e+01 -1.517469751069e+01 -1.527087377098e+01 -1.538683045975e+01 -1.550709811486e+01 -1.562046058190e+01 -1.572621258573e+01 -1.582765943130e+01 -1.592746353338e+01 -1.602685239531e+01 -1.612622508999e+01 -1.622567643886e+01 -1.632521979489e+01 -1.642485208510e+01 -1.652456812692e+01 -1.662436307501e+01 -1.672423266244e+01 -1.682417308203e+01 -1.692418082556e+01 -1.702425255218e+01 -1.712438500663e+01
-1.493847543386e+01 -1.493847543388e+01 -1.493847543391e+01 -1.493847543394e+01 -1.493847543398e+01 -1.493847543403e+01 -1.493847543410e+01 -1.493847543418e+01 -1.493847543428e+01 -1.493847543441e+01 -1.493847543457e+01 -1.493847543477e+01 -1.493847543503e+01 -1.493847543536e+01 -1.493847543577e+01 -1.493847543629e+01 -1.493847543694e+01 -1.493847543777e+01 -1.493847543881e+01 -1.493847544013e+01 -1.493847544179e+01 -1.493847544388e+01 -1.493847544652e+01 -1.493847544986e+01 -1.493847545407e+01 -1.493847545938e+01 -1.493847546608e+01 -1.493847547454e+01 -1.493847548521e+01 -1.493847549867e+01 -1.493847551566e+01 -1.493847553710e+01 -1.493847556415e+01 -1.493847559829e+01 -1.493847564136e+01 -1.493847569572e+01 -1.493847576431e+01 -1.493847585087e+01 -1.493847596009e+01 -1.493847609791e+01 -1.493847627183e+01 -1.493847649131e+01 -1.493847676827e+01 -1.493847711777e+01 -1.493847755884e+01 -1.493847811546e+01 -1.493847881794e+01 -1.493847970451e+01 -1.493848082349e+01 -1.493848223588e+01 -1.493848401873e+01 -1.493848626943e+01 -1.493848911107e+01 -1.493849269934e+01 -1.493849723126e+01 -1.493850295631e+01 -1.493851019075e+01 -1.493851933594e+01 -1.493853090198e+01 -1.493854553841e+01 -1.493856407429e+01 -1.493858757093e+01 -1.493861739204e+01 -1.493865529812e+01 -1.493870357529e+01 -1.493876521413e+01 -1.493884416297e+01 -1.493894569494e+01 -1.493907695443e+01 -1.493924779624e+01 -1.493947212144e+01 -1.493977009479e+01 -1.494017201224e+01 -1.494072545764e+01 -1.494150954621e+01 -1.494266598973e+01 -1.494447529871e+01 -1.494757352327e+01 -1.495367552889e+01 -1.496812179953e+01 -1.500481587682e+01 -1.507437516041e+01 -1.517067236348e+01 -1.528801543622e+01 -1.540935366712e+01 -1.552325541313e+01 -1.562933558342e+01 -1.573109909039e+01 -1.583124085822e+01 -1.593096903630e+01 -1.603066778211e+01 -1.613042705431e+01 -1.623025989853e+01 -1.633016415921e+01 -1.643013572379e+01 -1.653017072684e+01 -1.663026576073e+01 -1.673041777600e+01 -1.683062395105e+01 -1.693088158907e+01
-1.484002582597e+01 -1.484002582598e+01 -1.484002582600e+01 -1.484002582603e+01 -1.484002582606e+01 -1.484002582610e+01 -1.484002582614e+01 -1.484002582621e+01 -1.484002582628e+01 -1.484002582638e+01 -1.484002582651e+01 -1.484002582666e+01 -1.484002582686e+01 -1.484002582711e+01 -1.484002582742e+01 -1.484002582781e+01 -1.484002582831e+01 -1.484002582894e+01 -1.484002582974e+01 -1.484002583074e+01 -1.484002583200e+01 -1.484002583360e+01 -1.484002583561e+01 -1.484002583815e+01 -1.484002584135e+01 -1.484002584540e+01 -1.484002585050e+01 -1.484002585694e+01 -1.484002586506e+01 -1.484002587532e+01 -1.484002588825e+01 -1.484002590458e+01 -1.484002592518e+01 -1.484002595117e+01 -1.484002598398e+01 -1.484002602537e+01 -1.484002607760e+01 -1.484002614351e+01 -1.484002622668e+01 -1.484002633163e+01 -1.484002646406e+01 -1.484002663118e+01 -1.484002684207e+01 -1.484002710820e+01 -1.484002744404e+01 -1.484002786786e+01 -1.484002840272e+01 -1.484002907772e+01 -1.484002992963e+01 -1.484003100485e+01 -1.484003236201e+01 -1.484003407515e+01 -1.484003623784e+01 -1.484003896837e+01 -1.484004241635e+01 -1.484004677108e+01 -1.484005227232e+01 -1.484005922395e+01 -1.484006801167e+01 -1.484007912566e+01 -1.484009319014e+01 -1.484011100181e+01 -1.484013358065e+01 -1.484016223728e+01 -1.484019866375e+01 -1.484024505744e+01 -1.484030429306e+01 -1.484038016638e+01 -1.484047774741e+01 -1.484060390655e+01 -1.484076812271e+01 -1.484098377063e+01 -1.484127025914e+01 -1.484165676378e+01 -1.484218914281e+01 -1.484294372539e+01 -1.484405746395e+01 -1.484580220175e+01 -1.484879722506e+01 -1.485472414631e+01 -1.486885615137e+01 -1.490488662558e+01 -1.497343365721e+01 -1.507009985921e+01 -1.518876575611e+01 -1.531104112418e+01 -1.542538480057e+01 -1.553172390361e+01 -1.563374041792e+01 -1.573415490013e+01 -1.583415781727e+01 -1.593412057440e+01 -1.603412911830e+01 -1.613419627116e+01 -1.623432063450e+01 -1.633449896250e+01 -1.643472817779e+01 -1.653500556280e+01 -1.663532867871e+01 -1.673569526075e+01
-1.474043190158e+01 -1.474043190159e+01 -1.474043190161e+01 -1.474043190163e+01 -1.474043190165e+01 -1.474043190168e+01 -1.474043190172e+01 -1.474043190176e+01 -1.474043190182e+01 -1.474043190190e+01 -1.474043190199e+01 -1.474043190211e+01 -1.474043190226e+01 -1.474043190245e+01 -1.474043190269e+01 -1.474043190300e+01 -1.474043190338e+01 -1.474043190386e+01 -1.474043190447e+01 -1.474043190524e+01 -1.474043190621e+01 -1.474043190743e+01 -1.474043190897e+01 -1.474043191092e+01 -1.474043191337e+01 -1.474043191647e+01 -1.474043192039e+01 -1.474043192532e+01 -1.474043193155e+01 -1.474043193941e+01 -1.474043194933e+01 -1.474043196184e+01 -1.474043197763e+01 -1.474043199756e+01 -1.474043202270e+01 -1.474043205443e+01 -1.474043209447e+01 -1.474043214499e+01 -1.474043220874e+01 -1.474043228919e+01 -1.474043239070e+01 -1.474043251881e+01 -1.474043268046e+01 -1.474043288444e+01 -1.474043314186e+01 -1.474043346671e+01 -1.474043387666e+01 -1.474043439401e+01 -1.474043504693e+01 -1.474043587096e+01 -1.474043691100e+01 -1.474043822374e+01 -1.474043988082e+01 -1.474044197274e+01 -1.474044461393e+01 -1.474044794909e+01 -1.474045216134e+01 -1.474045748259e+01 -1.474046420682e+01 -1.474047270709e+01 -1.474048345760e+01 -1.474049706217e+01 -1.474051429154e+01 -1.474053613244e+01 -1.474056385283e+01 -1.474059908976e+01 -1.474064396932e+01 -1.474070127318e+01 -1.474077467459e+01 -1.474086908059e+01 -1.474099114177e+01 -1.474115003578e+01 -1.474135871585e+01 -1.474163598608e+01 -1.474201012719e+01 -1.474252562200e+01 -1.474325658591e+01 -1.474433620842e+01 -1.474602954286e+01 -1.474894300070e+01 -1.475473386502e+01 -1.476863010419e+01 -1.480417130606e+01 -1.487202059244e+01 -1.496921158718e+01 -1.508911301287e+01 -1.521220618176e+01 -1.532691335850e+01 -1.543345697368e+01 -1.553567516440e+01 -1.563630915682e+01 -1.573653375101e+01 -1.583670956119e+01 -1.593691923025e+01 -1.603717541156e+01 -1.613747732460e+01 -1.623782242180e+01 -1.633820825736e+01 -1.643863266667e+01 -1.653909370196e+01
-1.463996001063e+01 -1.463996001064e+01 -1.463996001065e+01 -1.463996001066e+01 -1.463996001068e+01 -1.463996001070e+01 -1.463996001073e+01 -1.463996001077e+01 -1.463996001081e+01 -1.463996001087e+01 -1.463996001094e+01 -1.463996001104e+01 -1.463996001115e+01 -1.463996001130e+01 -1.463996001148e+01 -1.463996001172e+01 -1.463996001201e+01 -1.463996001238e+01 -1.463996001285e+01 -1.463996001345e+01 -1.463996001419e+01 -1.463996001514e+01 -1.463996001632e+01 -1.463996001783e+01 -1.463996001972e+01 -1.463996002211e+01 -1.463996002513e+01 -1.463996002893e+01 -1.463996003373e+01 -1.463996003979e+01 -1.463996004744e+01 -1.463996005709e+01 -1.463996006927e+01 -1.463996008463e+01 -1.463996010402e+01 -1.463996012848e+01 -1.463996015935e+01 -1.463996019830e+01 -1.463996024746e+01 -1.463996030949e+01 -1.463996038776e+01 -1.463996048653e+01 -1.463996061116e+01 -1.463996076844e+01 -1.463996096692e+01 -1.463996121737e+01 -1.463996153343e+01 -1.463996193229e+01 -1.463996243565e+01 -1.463996307091e+01 -1.463996387265e+01 -1.463996488456e+01 -1.463996616180e+01 -1.463996777406e+01 -1.463996980942e+01 -1.463997237918e+01 -1.463997562415e+01 -1.463997972250e+01 -1.463998489989e+01 -1.463999144232e+01 -1.463999971282e+01 -1.464001017278e+01 -1.464002340973e+01 -1.464004017366e+01 -1.464006142473e+01 -1.464008839683e+01 -1.464012268307e+01 -1.464016635261e+01 -1.464022211283e+01 -1.464029353923e+01 -1.464038540881e+01 -1.464050419693e+01 -1.464065884120e+01 -1.464086195934e+01 -1.464113187465e+01 -1.464149615752e+01 -1.464199820145e+01 -1.464271037426e+01 -1.464376291090e+01 -1.464541558698e+01 -1.464826502931e+01 -1.465395109227e+01 -1.466767299221e+01 -1.470285994048e+01 -1.477024922410e+01 -1.486805087600e+01 -1.498908838013e+01 -1.511289478150e+01 -1.522790309296e+01 -1.533460890286e+01 -1.543698766693e+01 -1.553779785792e+01 -1.563820078337e+01 -1.573854802254e+01 -1.583891950583e+01 -1.593932775498e+01 -1.603977248980e+01 -1.614025172294e+01 -1.624076351348e+01 -1.634130613900e+01
-1.453882464180e+01 -1.453882464180e+01 -1.453882464181e+01 -1.453882464182e+01 -1.453882464184e+01 -1.453882464186e+01 -1.453882464188e+01 -1.453882464191e+01 -1.453882464194e+01 -1.453882464199e+01 -1.453882464204e+01 -1.453882464212e+01 -1.453882464221e+01 -1.453882464232e+01 -1.453882464246e+01 -1.453882464264e+01 -1.453882464287e+01 -1.453882464316e+01 -1.453882464352e+01 -1.453882464398e+01 -1.453882464456e+01 -1.453882464529e+01 -1.453882464621e+01 -1.453882464738e+01 -1.453882464884e+01 -1.453882465070e+01 -1.453882465303e+01 -1.453882465598e+01 -1.453882465970e+01 -1.453882466440e+01 -1.453882467033e+01 -1.453882467780e+01 -1.453882468724e+01 -1.453882469915e+01 -1.453882471417e+01 -1.453882473313e+01 -1.453882475705e+01 -1.453882478724e+01 -1.453882482533e+01 -1.453882487340e+01 -1.453882493405e+01 -1.453882501059e+01 -1.453882510718e+01 -1.453882522906e+01 -1.453882538285e+01 -1.453882557693e+01 -1.453882582185e+01 -1.453882613092e+01 -1.453882652095e+01 -1.453882701318e+01 -1.453882763438e+01 -1.453882841838e+01 -1.453882940791e+01 -1.453883065689e+01 -1.453883223349e+01 -1.453883422381e+01 -1.453883673673e+01 -1.453883990992e+01 -1.453884391763e+01 -1.453884898051e+01 -1.453885537827e+01 -1.453886346591e+01 -1.453887369463e+01 -1.453888663903e+01 -1.453890303257e+01 -1.453892381428e+01 -1.453895019094e+01 -1.453898372073e+01 -1.453902642755e+01 -1.453908095973e+01 -1.453915081508e+01 -1.453924066734e+01 -1.453935685277e+01 -1.453950811856e+01 -1.453970681654e+01 -1.453997088945e+01 -1.454032734633e+01 -1.454081872172e+01 -1.454151601016e+01 -1.454254713772e+01 -1.454416779941e+01 -1.454696724026e+01 -1.455257305886e+01 -1.456616745242e+01 -1.460110200367e+01 -1.466820566594e+01 -1.476665243224e+01 -1.488872234384e+01 -1.501315166848e+01 -1.512841210595e+01 -1.523524757272e+01 -1.533775422264e+01 -1.543870555048e+01 -1.553925157852e+01 -1.563973641005e+01 -1.574023775988e+01 -1.584076804523e+01 -1.594132738867e+01 -1.604191425093e+01 -1.614252709390e+01
