-1.589544459230e+01 -1.589544465508e+01 -1.589544473430e+01 -1.589544483426e+01 -1.589544496039e+01 -1.589544511955e+01 -1.589544532039e+01 -1.589544557380e+01 -1.589544589357e+01 -1.589544629706e+01 -1.589544680619e+01 -1.589544744859e+01 -1.589544825915e+01 -1.589544928187e+01 -1.589545057226e+01 -1.589545220030e+01 -1.589545425429e+01 -1.589545684554e+01 -1.589546011438e+01 -1.589546423769e+01 -1.589546943834e+01 -1.589547599701e+01 -1.589548426709e+01 -1.589549469315e+01 -1.589550783409e+01 -1.589552439184e+01 -1.589554524687e+01 -1.589557150184e+01 -1.589560453500e+01 -1.589564606472e+01 -1.589569822664e+01 -1.589576366437e+01 -1.589584563374e+01 -1.589594811875e+01 -1.589607595459e+01 -1.589623494841e+01 -1.589643198187e+01 -1.589667507055e+01 -1.589697334410e+01 -1.589733689945e+01 -1.589777647078e+01 -1.589830286096e+01 -1.589892609923e+01 -1.589965434018e+01 -1.590049260519e+01 -1.590144158275e+01 -1.590249681698e+01 -1.590364866894e+01 -1.590488337322e+01 -1.590618530669e+01 -1.590754028726e+01 -1.590893945113e+01 -1.591038315646e+01 -1.591188449700e+01 -1.591347233373e+01 -1.591519413877e+01 -1.591711927277e+01 -1.591934353152e+01 -1.592199591484e+01 -1.592524862062e+01 -1.592933122525e+01 -1.593454972517e+01 -1.594131025718e+01 -1.595014542613e+01 -1.596173795166e+01 -1.597693234447e+01 -1.599672244100e+01 -1.602220297396e+01 -1.605447666936e+01 -1.609451033557e+01 -1.614300939001e+01 -1.620020464445e+01 -1.626589091240e+01 -1.633946408206e+01 -1.642008433831e+01 -1.650683807815e+01 -1.659885628423e+01 -1.669537623496e+01 -1.679576210464e+01 -1.689949080517e+01 -1.700613617313e+01 -1.711534151879e+01 -1.722679963019e+01 -1.734024023659e+01 -1.745542383097e+01 -1.757213776015e+01 -1.769019280338e+01 -1.780942103482e+01 -1.792967565593e+01 -1.805083149524e+01 -1.817278397643e+01 -1.829544601809e+01 -1.841874415997e+01 -1.854261509673e+01 -1.866700283664e+01 -1.879185635823e+01 -1.891712776235e+01 -1.904277096129e+01 -1.916874088389e+01 -1.929499314487e+01
-1.589544456419e+01 -1.589544461961e+01 -1.589544468954e+01 -1.589544477778e+01 -1.589544488913e+01 -1.589544502963e+01 -1.589544520692e+01 -1.589544543064e+01 -1.589544571292e+01 -1.589544606911e+01 -1.589544651856e+01 -1.589544708567e+01 -1.589544780124e+01 -1.589544870411e+01 -1.589544984329e+01 -1.589545128060e+01 -1.589545309398e+01 -1.589545538177e+01 -1.589545826790e+01 -1.589546190864e+01 -1.589546650089e+01 -1.589547229275e+01 -1.589547959662e+01 -1.589548880568e+01 -1.589550041448e+01 -1.589551504451e+01 -1.589553347593e+01 -1.589555668677e+01 -1.589558590103e+01 -1.589562264714e+01 -1.589566882854e+01 -1.589572680737e+01 -1.589579950220e+01 -1.589589049896e+01 -1.589600417254e+01 -1.589614581236e+01 -1.589632174052e+01 -1.589653940283e+01 -1.589680740359e+01 -1.589713544310e+01 -1.589753410616e+01 -1.589801444455e+01 -1.589858730441e+01 -1.589926238155e+01 -1.590004705348e+01 -1.590094513817e+01 -1.590195584933e+01 -1.590307331500e+01 -1.590428703767e+01 -1.590558355140e+01 -1.590694927638e+01 -1.590837427035e+01 -1.590985636964e+01 -1.591140521881e+01 -1.591304592626e+01 -1.591482246402e+01 -1.591680131819e+01 -1.591907619457e+01 -1.592177476635e+01 -1.592506853047e+01 -1.592918679791e+01 -1.593443554410e+01 -1.594122097787e+01 -1.595007579501e+01 -1.596168286234e+01 -1.597688704514e+01 -1.599668292098e+01 -1.602216637338e+01 -1.605444142534e+01 -1.609447593242e+01 -1.614297584606e+01 -1.620017219001e+01 -1.626585974974e+01 -1.633943432955e+01 -1.642005602333e+01 -1.650681115544e+01 -1.659883066178e+01 -1.669535179761e+01 -1.679573872955e+01 -1.689946837474e+01 -1.700611457958e+01 -1.711532066728e+01 -1.722677943894e+01 -1.734022063541e+01 -1.745540475932e+01 -1.757211916558e+01 -1.769017464026e+01 -1.780940326304e+01 -1.792965823968e+01 -1.805081440205e+01 -1.817276717672e+01 -1.829542948499e+01 -1.841872786924e+01 -1.854259902662e+01 -1.866698696775e+01 -1.879184067340e+01 -1.891711224647e+01 -1.904275560114e+01 -1.916872566794e+01 -1.929497806309e+01
-1.589544453922e+01 -1.589544458810e+01 -1.589544464978e+01 -1.589544472762e+01 -1.589544482583e+01 -1.589544494975e+01 -1.589544510613e+01 -1.589544530345e+01 -1.589544555244e+01 -1.589544586661e+01 -1.589544626305e+01 -1.589544676326e+01 -1.589544739444e+01 -1.589544819083e+01 -1.589544919568e+01 -1.589545046351e+01 -1.589545206313e+01 -1.589545408126e+01 -1.589545662730e+01 -1.589545983916e+01 -1.589546389068e+01 -1.589546900088e+01 -1.589547544568e+01 -1.589548357246e+01 -1.589549381833e+01 -1.589550673290e+01 -1.589552300660e+01 -1.589554350573e+01 -1.589556931562e+01 -1.589560179350e+01 -1.589564263256e+01 -1.589569393877e+01 -1.589575832160e+01 -1.589583899883e+01 -1.589593991424e+01 -1.589606586409e+01 -1.589622262421e+01 -1.589641706301e+01 -1.589665721750e+01 -1.589695229827e+01 -1.589731257817e+01 -1.589774910995e+01 -1.589827321767e+01 -1.589889572364e+01 -1.589962591830e+01 -1.590047036201e+01 -1.590143172103e+01 -1.590250795704e+01 -1.590369225936e+01 -1.590497406906e+01 -1.590634136278e+01 -1.590778407746e+01 -1.590929828323e+01 -1.591089059138e+01 -1.591258240287e+01 -1.591441392953e+01 -1.591644833637e+01 -1.591877672895e+01 -1.592152497316e+01 -1.592486346606e+01 -1.592902095186e+01 -1.593430317372e+01 -1.594111627400e+01 -1.594999295854e+01 -1.596161621266e+01 -1.597683128513e+01 -1.599663358761e+01 -1.602212030027e+01 -1.605439690332e+01 -1.609443242813e+01 -1.614293341984e+01 -1.620013114084e+01 -1.626582033444e+01 -1.633939669792e+01 -1.642002020999e+01 -1.650677710313e+01 -1.659879825409e+01 -1.669532088888e+01 -1.679570916443e+01 -1.689944000444e+01 -1.700608726778e+01 -1.711529429402e+01 -1.722675390080e+01 -1.734019584358e+01 -1.745538063723e+01 -1.757209564692e+01 -1.769015166729e+01 -1.780938078503e+01 -1.792963621134e+01 -1.805079278232e+01 -1.817274592819e+01 -1.829540857367e+01 -1.841870726446e+01 -1.854257870087e+01 -1.866696689652e+01 -1.879182083497e+01 -1.891709262173e+01 -1.904273617337e+01 -1.916870642255e+01 -1.929495898739e+01
-1.589544451705e+01 -1.589544456012e+01 -1.589544461448e+01 -1.589544468306e+01 -1.589544476961e+01 -1.589544487881e+01 -1.589544501661e+01 -1.589544519049e+01 -1.589544540990e+01 -1.589544568676e+01 -1.589544603611e+01 -1.589544647692e+01 -1.589544703313e+01 -1.589544773494e+01 -1.589544862047e+01 -1.589544973777e+01 -1.589545114748e+01 -1.589545292607e+01 -1.589545516998e+01 -1.589545800080e+01 -1.589546157182e+01 -1.589546607624e+01 -1.589547175748e+01 -1.589547892211e+01 -1.589548795602e+01 -1.589549934467e+01 -1.589551369827e+01 -1.589553178306e+01 -1.589555455999e+01 -1.589558323218e+01 -1.589561930298e+01 -1.589566464592e+01 -1.589572158832e+01 -1.589579300923e+01 -1.589588245159e+01 -1.589599424646e+01 -1.589613364389e+01 -1.589630693995e+01 -1.589652158241e+01 -1.589678622798e+01 -1.589711071283e+01 -1.589750588699e+01 -1.589798325710e+01 -1.589855438700e+01 -1.589923003420e+01 -1.590001905988e+01 -1.590092724767e+01 -1.590195628597e+01 -1.590310327534e+01 -1.590436115460e+01 -1.590572034422e+01 -1.590717167404e+01 -1.590871036868e+01 -1.591034064392e+01 -1.591208045136e+01 -1.591396613589e+01 -1.591605716764e+01 -1.591844154140e+01 -1.592124278499e+01 -1.592462972283e+01 -1.592883015420e+01 -1.593414931144e+01 -1.594099307996e+01 -1.594989405944e+01 -1.596153530593e+01 -1.597676247650e+01 -1.599657191849e+01 -1.602206227163e+01 -1.605434065275e+01 -1.609437741380e+01 -1.614287975949e+01 -1.620007922112e+01 -1.626577048132e+01 -1.633934910094e+01 -1.641997491292e+01 -1.650673403351e+01 -1.659875726469e+01 -1.669528179542e+01 -1.679567177038e+01 -1.689940412164e+01 -1.700605272378e+01 -1.711526093708e+01 -1.722672160011e+01 -1.734016448682e+01 -1.745535012757e+01 -1.757206590046e+01 -1.769012261101e+01 -1.780935235477e+01 -1.792960834982e+01 -1.805076543761e+01 -1.817271905296e+01 -1.829538212494e+01 -1.841868120344e+01 -1.854255299276e+01 -1.866694151032e+01 -1.879179574320e+01 -1.891706780024e+01 -1.904271160099e+01 -1.916868208085e+01 -1.929493486032e+01
-1.589544449735e+01 -1.589544453527e+01 -1.589544458312e+01 -1.589544464350e+01 -1.589544471968e+01 -1.589544481582e+01 -1.589544493713e+01 -1.589544509020e+01 -1.589544528335e+01 -1.589544552707e+01 -1.589544583461e+01 -1.589544622266e+01 -1.589544671231e+01 -1.589544733014e+01 -1.589544810971e+01 -1.589544909334e+01 -1.589545033441e+01 -1.589545190026e+01 -1.589545387582e+01 -1.589545636820e+01 -1.589545951241e+01 -1.589546347867e+01 -1.589546848149e+01 -1.589547479108e+01 -1.589548274771e+01 -1.589549277962e+01 -1.589550542540e+01 -1.589552136181e+01 -1.589554143830e+01 -1.589556671962e+01 -1.589559853801e+01 -1.589563855673e+01 -1.589568884647e+01 -1.589575197605e+01 -1.589583111797e+01 -1.589593016810e+01 -1.589605387634e+01 -1.589620798118e+01 -1.589639933538e+01 -1.589663600195e+01 -1.589692728939e+01 -1.589728368361e+01 -1.589771662449e+01 -1.589823807245e+01 -1.589885982370e+01 -1.589959257330e+01 -1.590044480075e+01 -1.590142166271e+01 -1.590252419880e+01 -1.590374924248e+01 -1.590509041698e+01 -1.590654044630e+01 -1.590809474622e+01 -1.590975598467e+01 -1.591153916049e+01 -1.591347684633e+01 -1.591562456770e+01 -1.591806673663e+01 -1.592092398267e+01 -1.592436301505e+01 -1.592861022602e+01 -1.593396997893e+01 -1.594084764676e+01 -1.594977556063e+01 -1.596143677291e+01 -1.597667736568e+01 -1.599649473111e+01 -1.602198914944e+01 -1.605426957487e+01 -1.609430784286e+01 -1.614281189052e+01 -1.620001355262e+01 -1.626570742678e+01 -1.633928890018e+01 -1.641991762128e+01 -1.650667955930e+01 -1.659870542162e+01 -1.669523235040e+01 -1.679562447483e+01 -1.689935873752e+01 -1.700600903297e+01 -1.711521874766e+01 -1.722668074661e+01 -1.734012482718e+01 -1.745531153931e+01 -1.757202827746e+01 -1.769008586093e+01 -1.780931639647e+01 -1.792957311083e+01 -1.805073085227e+01 -1.817268506140e+01 -1.829534867280e+01 -1.841864824166e+01 -1.854252047734e+01 -1.866690940203e+01 -1.879176400731e+01 -1.891703640617e+01 -1.904268052200e+01 -1.916865129362e+01 -1.929490434454e+01
-1.589544447482e+01 -1.589544450921e+01 -1.589544455212e+01 -1.589544460587e+01 -1.589544467338e+01 -1.589544475833e+01 -1.589544486532e+01 -1.589544500018e+01 -1.589544517023e+01 -1.589544538470e+01 -1.589544565525e+01 -1.589544599658e+01 -1.589544642722e+01 -1.589544697058e+01 -1.589544765614e+01 -1.589544852114e+01 -1.589544961253e+01 -1.589545098955e+01 -1.589545272689e+01 -1.589545491878e+01 -1.589545768402e+01 -1.589546117238e+01 -1.589546557266e+01 -1.589547112273e+01 -1.589547812224e+01 -1.589548694843e+01 -1.589549807599e+01 -1.589551210174e+01 -1.589552977540e+01 -1.589555203761e+01 -1.589558006674e+01 -1.589561533628e+01 -1.589565968427e+01 -1.589571539656e+01 -1.589578530515e+01 -1.589587290168e+01 -1.589598246490e+01 -1.589611919765e+01 -1.589628936463e+01 -1.589650041554e+01 -1.589676106944e+01 -1.589708132538e+01 -1.589747235309e+01 -1.589794621047e+01 -1.589851533684e+01 -1.589919179434e+01 -1.589998628333e+01 -1.590090704861e+01 -1.590195891274e+01 -1.590314278857e+01 -1.590445608031e+01 -1.590589432244e+01 -1.590745420798e+01 -1.590913787952e+01 -1.591095812594e+01 -1.591294408632e+01 -1.591514727261e+01 -1.591764813205e+01 -1.592056383962e+01 -1.592405839026e+01 -1.592835622054e+01 -1.593376037536e+01 -1.594067538010e+01 -1.594963307522e+01 -1.596131639826e+01 -1.597657185889e+01 -1.599639800852e+01 -1.602189696740e+01 -1.605417975115e+01 -1.609421986238e+01 -1.614272605118e+01 -1.619993049529e+01 -1.626562767581e+01 -1.633921275899e+01 -1.641984515979e+01 -1.650661066148e+01 -1.659863985181e+01 -1.669516981371e+01 -1.679556465679e+01 -1.689930133705e+01 -1.700595377418e+01 -1.711516538778e+01 -1.722662907634e+01 -1.734007466686e+01 -1.745526273401e+01 -1.757198069299e+01 -1.769003938048e+01 -1.780927091740e+01 -1.792952854151e+01 -1.805068710964e+01 -1.817264206975e+01 -1.829530636338e+01 -1.841860655241e+01 -1.854247935263e+01 -1.866686879223e+01 -1.879172386849e+01 -1.891699669968e+01 -1.904264121400e+01 -1.916861235461e+01 -1.929486574884e+01
-1.589544304436e+01 -1.589544336830e+01 -1.589544363877e+01 -1.589544387046e+01 -1.589544407596e+01 -1.589544426643e+01 -1.589544445221e+01 -1.589544464342e+01 -1.589544485042e+01 -1.589544508448e+01 -1.589544535831e+01 -1.589544568677e+01 -1.589544608773e+01 -1.589544658295e+01 -1.589544719933e+01 -1.589544797034e+01 -1.589544893785e+01 -1.589545015438e+01 -1.589545168593e+01 -1.589545361559e+01 -1.589545604799e+01 -1.589545911494e+01 -1.589546298253e+01 -1.589546786001e+01 -1.589547401095e+01 -1.589548176729e+01 -1.589549154681e+01 -1.589550387508e+01 -1.589551941269e+01 -1.589553898919e+01 -1.589556364492e+01 -1.589559468249e+01 -1.589563372963e+01 -1.589568281510e+01 -1.589574445935e+01 -1.589582178090e+01 -1.589591861836e+01 -1.589603966594e+01 -1.589619061690e+01 -1.589637830426e+01 -1.589661082067e+01 -1.589689758996e+01 -1.589724935186e+01 -1.589767801097e+01 -1.589819629726e+01 -1.589881719426e+01 -1.589955312526e+01 -1.590041495595e+01 -1.590141097646e+01 -1.590254615067e+01 -1.590382202410e+01 -1.590523770396e+01 -1.590679221703e+01 -1.590848831921e+01 -1.591033756214e+01 -1.591236626261e+01 -1.591462208859e+01 -1.591718129304e+01 -1.592015709272e+01 -1.592371013899e+01 -1.592806228286e+01 -1.593351470103e+01 -1.594047064082e+01 -1.594946115397e+01 -1.596116890194e+01 -1.597644080155e+01 -1.599627667892e+01 -1.602178071177e+01 -1.605406622636e+01 -1.609410859976e+01 -1.614261748416e+01 -1.619982544585e+01 -1.626552680862e+01 -1.633911645787e+01 -1.641975351312e+01 -1.650652352240e+01 -1.659855692213e+01 -1.669509072037e+01 -1.679548900201e+01 -1.689922873997e+01 -1.700588388581e+01 -1.711509790106e+01 -1.722656372655e+01 -1.734001122673e+01 -1.745520100761e+01 -1.757192051058e+01 -1.768998059434e+01 -1.780921339773e+01 -1.792947217241e+01 -1.805063178606e+01 -1.817258769595e+01 -1.829525285239e+01 -1.841855382578e+01 -1.854242733995e+01 -1.866681743078e+01 -1.879167310270e+01 -1.891694648065e+01 -1.904259149894e+01 -1.916856310622e+01 -1.929481693464e+01
-1.589531669077e+01 -1.589534312580e+01 -1.589536412537e+01 -1.589538080644e+01 -1.589539406022e+01 -1.589540459736e+01 -1.589541298441e+01 -1.589541967333e+01 -1.589542502521e+01 -1.589542932937e+01 -1.589543281875e+01 -1.589543568238e+01 -1.589543807547e+01 -1.589544012784e+01 -1.589544195086e+01 -1.589544364347e+01 -1.589544529756e+01 -1.589544700295e+01 -1.589544885222e+01 -1.589545094572e+01 -1.589545339705e+01 -1.589545633914e+01 -1.589545993143e+01 -1.589546436844e+01 -1.589546989020e+01 -1.589547679504e+01 -1.589548545544e+01 -1.589549633767e+01 -1.589551002616e+01 -1.589552725378e+01 -1.589554893929e+01 -1.589557623347e+01 -1.589561057578e+01 -1.589565376316e+01 -1.589570803309e+01 -1.589577616216e+01 -1.589586158127e+01 -1.589596850676e+01 -1.589610208461e+01 -1.589626854075e+01 -1.589647532496e+01 -1.589673122762e+01 -1.589704643846e+01 -1.589743250606e+01 -1.589790214762e+01 -1.589846885921e+01 -1.589914629341e+01 -1.589994741747e+01 -1.590088354790e+01 -1.590196347354e+01 -1.590319300487e+01 -1.590457537203e+01 -1.590611287871e+01 -1.590781006897e+01 -1.590967841515e+01 -1.591174230206e+01 -1.591404601203e+01 -1.591666159743e+01 -1.591969793125e+01 -1.592331170550e+01 -1.592772149250e+01 -1.593322594809e+01 -1.594022650083e+01 -1.594925302067e+01 -1.596098766441e+01 -1.597627769979e+01 -1.599612433689e+01 -1.602163404420e+01 -1.605392273437e+01 -1.609396789301e+01 -1.614248017339e+01 -1.619969258312e+01 -1.626539923620e+01 -1.633899466126e+01 -1.641963760396e+01 -1.650641331476e+01 -1.659845203872e+01 -1.669499068922e+01 -1.679539331989e+01 -1.689913692510e+01 -1.700579549675e+01 -1.711501254941e+01 -1.722648107748e+01 -1.733993099281e+01 -1.745512294102e+01 -1.757184439664e+01 -1.768990624623e+01 -1.780914065129e+01 -1.792940088107e+01 -1.805056181696e+01 -1.817251892801e+01 -1.829518517564e+01 -1.841848714096e+01 -1.854236155806e+01 -1.866675247247e+01 -1.879160889770e+01 -1.891688296712e+01 -1.904252862276e+01 -1.916850082022e+01 -1.929475519775e+01
-1.589137085463e+01 -1.589212022008e+01 -1.589274615274e+01 -1.589326402193e+01 -1.589368906311e+01 -1.589403560177e+01 -1.589431659711e+01 -1.589454343636e+01 -1.589472590527e+01 -1.589487227000e+01 -1.589498942059e+01 -1.589508304091e+01 -1.589515778269e+01 -1.589521743014e+01 -1.589526504853e+01 -1.589530311397e+01 -1.589533362445e+01 -1.589535819337e+01 -1.589537812771e+01 -1.589539449293e+01 -1.589540816706e+01 -1.589541988595e+01 -1.589543028168e+01 -1.589543991588e+01 -1.589544930954e+01 -1.589545897075e+01 -1.589546942182e+01 -1.589548122702e+01 -1.589549502253e+01 -1.589551154978e+01 -1.589553169396e+01 -1.589555652938e+01 -1.589558737340e+01 -1.589562585113e+01 -1.589567397291e+01 -1.589573422645e+01 -1.589580968554e+01 -1.589590413566e+01 -1.589602221599e+01 -1.589616957376e+01 -1.589635302296e+01 -1.589658069292e+01 -1.589686214341e+01 -1.589720841300e+01 -1.589763195690e+01 -1.589814642442e+01 -1.589876623152e+01 -1.589950591020e+01 -1.590037927539e+01 -1.590139854666e+01 -1.590257368812e+01 -1.590391235101e+01 -1.590542086654e+01 -1.590710668327e+01 -1.590898246315e+01 -1.591107180411e+01 -1.591341638238e+01 -1.591608433840e+01 -1.591918001528e+01 -1.592285560887e+01 -1.592732569340e+01 -1.593288565693e+01 -1.593993444739e+01 -1.594900024440e+01 -1.596076438209e+01 -1.597607436923e+01 -1.599593289119e+01 -1.602144895132e+01 -1.605374135142e+01 -1.609378994991e+01 -1.614230651144e+01 -1.619952454630e+01 -1.626523789149e+01 -1.633884062273e+01 -1.641949101261e+01 -1.650627393516e+01 -1.659831939340e+01 -1.669486418101e+01 -1.679527231220e+01 -1.689902080845e+01 -1.700568371275e+01 -1.711490460678e+01 -1.722637655271e+01 -1.733982952237e+01 -1.745502421147e+01 -1.757174813649e+01 -1.768981221919e+01 -1.780904864976e+01 -1.792931071969e+01 -1.805047332773e+01 -1.817243195779e+01 -1.829509958535e+01 -1.841840280511e+01 -1.854227836408e+01 -1.866667032001e+01 -1.879152769788e+01 -1.891680264175e+01 -1.904244910341e+01 -1.916842204722e+01 -1.929467711915e+01
-1.586664442362e+01 -1.586968722325e+01 -1.587252645328e+01 -1.587518075222e+01 -1.587765988746e+01 -1.587996540287e+01 -1.588209281597e+01 -1.588403485306e+01 -1.588578488846e+01 -1.588733975522e+01 -1.588870138843e+01 -1.588987718329e+01 -1.589087930843e+01 -1.589172339803e+01 -1.589242704923e+01 -1.589300844148e+01 -1.589348525056e+01 -1.589387390785e+01 -1.589418917670e+01 -1.589444398020e+01 -1.589464940655e+01 -1.589481482662e+01 -1.589494807276e+01 -1.589505564306e+01 -1.589514290809e+01 -1.589521430698e+01 -1.589527352635e+01 -1.589532366042e+01 -1.589536735299e+01 -1.589540692398e+01 -1.589544448380e+01 -1.589548203946e+01 -1.589552159623e+01 -1.589556525899e+01 -1.589561533697e+01 -1.589567445573e+01 -1.589574567970e+01 -1.589583264783e+01 -1.589593972388e+01 -1.589607216067e+01 -1.589623627442e+01 -1.589643962016e+01 -1.589669115246e+01 -1.589700134625e+01 -1.589738224267e+01 -1.589784737524e+01 -1.589841152911e+01 -1.589909029730e+01 -1.589989943429e+01 -1.590085407992e+01 -1.590196803589e+01 -1.590325341038e+01 -1.590472106063e+01 -1.590638230204e+01 -1.590825226882e+01 -1.591035511339e+01 -1.591273101137e+01 -1.591544483824e+01 -1.591859651508e+01 -1.592233337500e+01 -1.592686531244e+01 -1.593248363557e+01 -1.593958402795e+01 -1.594869233562e+01 -1.596048863663e+01 -1.597582049264e+01 -1.599569211979e+01 -1.602121530182e+01 -1.605351205788e+01 -1.609356491728e+01 -1.614208687915e+01 -1.619931202841e+01 -1.626503383928e+01 -1.633864581277e+01 -1.641930562288e+01 -1.650609766748e+01 -1.659815164346e+01 -1.669470419319e+01 -1.679511928112e+01 -1.689887396309e+01 -1.700554234675e+01 -1.711476809873e+01 -1.722624436695e+01 -1.733970119909e+01 -1.745489935429e+01 -1.757162640205e+01 -1.768969330868e+01 -1.780893230064e+01 -1.792919669756e+01 -1.805036142013e+01 -1.817232197108e+01 -1.829499134366e+01 -1.841829614973e+01 -1.854217315266e+01 -1.866656642565e+01 -1.879142500820e+01 -1.891670105786e+01 -1.904234853876e+01 -1.916832242637e+01 -1.929457837641e+01
-1.578349148956e+01 -1.579582943533e+01 -1.580678458477e+01 -1.581652778936e+01 -1.582520823784e+01 -1.583295608932e+01 -1.583988507973e+01 -1.584609502776e+01 -1.585167404915e+01 -1.585670017650e+01 -1.586124210941e+01 -1.586535905907e+01 -1.586910002507e+01 -1.587250315927e+01 -1.587559593443e+01 -1.587839657090e+01 -1.588091668363e+01 -1.588316462146e+01 -1.588514871154e+01 -1.588687969489e+01 -1.588837196878e+01 -1.588964365153e+01 -1.589071578084e+01 -1.589161107023e+01 -1.589235260440e+01 -1.589296272791e+01 -1.589346224562e+01 -1.589386994905e+01 -1.589420242248e+01 -1.589447405913e+01 -1.589469721792e+01 -1.589488246319e+01 -1.589503884565e+01 -1.589517419682e+01 -1.589529542151e+01 -1.589540878101e+01 -1.589552016556e+01 -1.589563535791e+01 -1.589576029109e+01 -1.589590130363e+01 -1.589606539332e+01 -1.589626046742e+01 -1.589649558154e+01 -1.589678115195e+01 -1.589712911640e+01 -1.589755300862e+01 -1.589806790372e+01 -1.589869019264e+01 -1.589943716219e+01 -1.590032640421e+01 -1.590137516323e+01 -1.590259985391e+01 -1.590401611767e+01 -1.590563989398e+01 -1.590749000003e+01 -1.590959260659e+01 -1.591198780159e+01 -1.591473825470e+01 -1.591793997565e+01 -1.592173536523e+01 -1.592632910157e+01 -1.593200760291e+01 -1.593916240734e+01 -1.594831624175e+01 -1.596014735399e+01 -1.597550306216e+01 -1.599538910772e+01 -1.602092028660e+01 -1.605322218453e+01 -1.609328033669e+01 -1.614180911474e+01 -1.619904326289e+01 -1.626477578348e+01 -1.633839944871e+01 -1.641907117507e+01 -1.650587475809e+01 -1.659793950755e+01 -1.669450187453e+01 -1.679492576074e+01 -1.689868826556e+01 -1.700536357854e+01 -1.711459547380e+01 -1.722607720778e+01 -1.733953892415e+01 -1.745474146227e+01 -1.757147245874e+01 -1.768954293621e+01 -1.780878516702e+01 -1.792905250639e+01 -1.805021990275e+01 -1.817218288265e+01 -1.829485446179e+01 -1.841816127371e+01 -1.854204010251e+01 -1.866643504090e+01 -1.879129514674e+01 -1.891657259465e+01 -1.904222136436e+01 -1.916819644537e+01 -1.929445350576e+01
-1.536786675819e+01 -1.543326857723e+01 -1.549204558655e+01 -1.554434134909e+01 -1.559046753087e+01 -1.563086268006e+01 -1.566604478484e+01 -1.569656662971e+01 -1.572298170395e+01 -1.574580834550e+01 -1.576553430010e+01 -1.578258954659e+01 -1.579735382546e+01 -1.581015704547e+01 -1.582128329112e+01 -1.583097588608e+01 -1.583944258953e+01 -1.584686029909e+01 -1.585337885919e+01 -1.585912388309e+01 -1.586419887167e+01 -1.586868720200e+01 -1.587265459355e+01 -1.587615238287e+01 -1.587922147342e+01 -1.588189641735e+01 -1.588420893725e+01 -1.588619035834e+01 -1.588787277314e+01 -1.588928911166e+01 -1.589047249964e+01 -1.589145532270e+01 -1.589226832564e+01 -1.589293994016e+01 -1.589349591087e+01 -1.589395920628e+01 -1.589435015913e+01 -1.589468676972e+01 -1.589498511178e+01 -1.589525979420e+01 -1.589552444546e+01 -1.589579219812e+01 -1.589607615675e+01 -1.589638983403e+01 -1.589674753624e+01 -1.589716467282e+01 -1.589765795704e+01 -1.589824545987e+01 -1.589894648506e+01 -1.589978125939e+01 -1.590077049061e+01 -1.590193494445e+01 -1.590329532591e+01 -1.590487289257e+01 -1.590669132776e+01 -1.590878040458e+01 -1.591118185765e+01 -1.591395769959e+01 -1.591720109219e+01 -1.592104992404e+01 -1.592570345489e+01 -1.593144255243e+01 -1.593865371978e+01 -1.594785567118e+01 -1.595972410529e+01 -1.597510566860e+01 -1.599500753465e+01 -1.602054771073e+01 -1.605285571275e+01 -1.609292045704e+01 -1.614145784336e+01 -1.619870337541e+01 -1.626444944535e+01 -1.633808790150e+01 -1.641877470185e+01 -1.650559287989e+01 -1.659767125586e+01 -1.669424603912e+01 -1.679468105229e+01 -1.689845344998e+01 -1.700513752548e+01 -1.711437718899e+01 -1.722586583427e+01 -1.733933372648e+01 -1.745454180648e+01 -1.757127779573e+01 -1.768935278816e+01 -1.780859911414e+01 -1.792887017391e+01 -1.805004095099e+01 -1.817200700202e+01 -1.829468137110e+01 -1.841799071922e+01 -1.854187185661e+01 -1.866626890070e+01 -1.879113093257e+01 -1.891641014838e+01 -1.904206054762e+01 -1.916803713755e+01 -1.929429560183e+01
-1.445633894353e+01 -1.447286480890e+01 -1.451843296093e+01 -1.461413935518e+01 -1.472750135150e+01 -1.483806161931e+01 -1.494487526559e+01 -1.504763716567e+01 -1.514558329897e+01 -1.523779791251e+01 -1.532338841106e+01 -1.540162750872e+01 -1.547201239247e+01 -1.553435444296e+01 -1.558879297557e+01 -1.563575643146e+01 -1.567588359404e+01 -1.570993113204e+01 -1.573869214531e+01 -1.576292595191e+01 -1.578333749099e+01 -1.580054276312e+01 -1.581507277237e+01 -1.582737617477e+01 -1.583782704881e+01 -1.584673384557e+01 -1.585434816793e+01 -1.586087307746e+01 -1.586647111000e+01 -1.587127217421e+01 -1.587538120341e+01 -1.587888511725e+01 -1.588185855471e+01 -1.588436801923e+01 -1.588647441291e+01 -1.588823424921e+01 -1.588969999944e+01 -1.589092002812e+01 -1.589193846249e+01 -1.589279519744e+01 -1.589352611237e+01 -1.589416349423e+01 -1.589473661863e+01 -1.589527242679e+01 -1.589579623666e+01 -1.589633243202e+01 -1.589690507777e+01 -1.589753841346e+01 -1.589825718317e+01 -1.589908677599e+01 -1.590005319010e+01 -1.590118290570e+01 -1.590250286596e+01 -1.590404091243e+01 -1.590582717015e+01 -1.590789697675e+01 -1.591029594813e+01 -1.591308766355e+01 -1.591636429894e+01 -1.592026044875e+01 -1.592497041663e+01 -1.593076930566e+01 -1.593803791139e+01 -1.594729007541e+01 -1.595919815219e+01 -1.597460757582e+01 -1.599452676538e+01 -1.602007709626e+01 -1.605239239016e+01 -1.609246536651e+01 -1.614101363088e+01 -1.619827356582e+01 -1.626403677883e+01 -1.633769394754e+01 -1.641839981693e+01 -1.650523645650e+01 -1.659733206746e+01 -1.669392255370e+01 -1.679437163835e+01 -1.689815654605e+01 -1.700485170158e+01 -1.711410118741e+01 -1.722559857115e+01 -1.733907427170e+01 -1.745428935834e+01 -1.757103165991e+01 -1.768911236051e+01 -1.780836386388e+01 -1.792863962722e+01 -1.804981467844e+01 -1.817178461220e+01 -1.829446250851e+01 -1.841777506305e+01 -1.854165911910e+01 -1.866605882535e+01 -1.879092329220e+01 -1.891620474308e+01 -1.904185720247e+01 -1.916783570002e+01 -1.929409593915e+01
-1.443990484973e+01 -1.444013716789e+01 -1.444044602784e+01 -1.444086303291e+01 -1.444143780304e+01 -1.444225263005e+01 -1.444345389038e+01 -1.444532680293e+01 -1.444849851094e+01 -1.445458741198e+01 -1.446860332895e+01 -1.450707762539e+01 -1.459976148048e+01 -1.471923849581e+01 -1.483703469399e+01 -1.495107915792e+01 -1.506124831090e+01 -1.516664059624e+01 -1.526599621032e+01 -1.535800911024e+01 -1.544151918211e+01 -1.551569024659e+01 -1.558017451627e+01 -1.563516151720e+01 -1.568130524784e+01 -1.571956844211e+01 -1.575105173192e+01 -1.577684391139e+01 -1.579795353118e+01 -1.581524782489e+01 -1.582945220439e+01 -1.584115693171e+01 -1.585083392682e+01 -1.585885659431e+01 -1.586551956157e+01 -1.587105662458e+01 -1.587565592038e+01 -1.587947187987e+01 -1.588263400924e+01 -1.588525295100e+01 -1.588742449973e+01 -1.588923227165e+01 -1.589074960587e+01 -1.589204109344e+01 -1.589316395614e+01 -1.589416936643e+01 -1.589510371747e+01 -1.589600980933e+01 -1.589692790156e+01 -1.589789658622e+01 -1.589895346042e+01 -1.590013562929e+01 -1.590148016049e+01 -1.590302474362e+01 -1.590480897192e+01 -1.590687682484e+01 -1.590928103545e+01 -1.591209003103e+01 -1.591539803792e+01 -1.591933880446e+01 -1.592410328967e+01 -1.592996155095e+01 -1.593728864648e+01 -1.594659304342e+01 -1.595854309571e+01 -1.597398249372e+01 -1.599392068149e+01 -1.601948254382e+01 -1.605180661295e+01 -1.609188989680e+01 -1.614045191628e+01 -1.619773007664e+01 -1.626351498151e+01 -1.633719582559e+01 -1.641792581882e+01 -1.650478581109e+01 -1.659690322088e+01 -1.669351356626e+01 -1.679398044526e+01 -1.689778117145e+01 -1.700449033636e+01 -1.711375224061e+01 -1.722526067189e+01 -1.733874624373e+01 -1.745397018793e+01 -1.757072046917e+01 -1.768880838558e+01 -1.780806643377e+01 -1.792834814295e+01 -1.804952859716e+01 -1.817150343912e+01 -1.829418579424e+01 -1.841750240203e+01 -1.854139014759e+01 -1.866579321907e+01 -1.879066076396e+01 -1.891594504019e+01 -1.904160010375e+01 -1.916758101270e+01 -1.929384349539e+01
-1.443923732953e+01 -1.443927217192e+01 -1.443931651174e+01 -1.443937306568e+01 -1.443944540665e+01 -1.443953828321e+01 -1.443965808945e+01 -1.443981357647e+01 -1.444001696575e+01 -1.444028575953e+01 -1.444064581805e+01 -1.444113687104e+01 -1.444182302535e+01 -1.444281438144e+01 -1.444431591351e+01 -1.444675204069e+01 -1.445113606440e+01 -1.446037512350e+01 -1.448394821994e+01 -1.455203881033e+01 -1.467122608549e+01 -1.479593329785e+01 -1.491764612082e+01 -1.503585192579e+01 -1.514993136371e+01 -1.525838115788e+01 -1.535940816661e+01 -1.545123911997e+01 -1.553239465163e+01 -1.560206116716e+01 -1.566027388066e+01 -1.570784857855e+01 -1.574612566737e+01 -1.577659695951e+01 -1.580077516539e+01 -1.581994742431e+01 -1.583518290780e+01 -1.584733117866e+01 -1.585705389659e+01 -1.586486299253e+01 -1.587115579882e+01 -1.587624369437e+01 -1.588037391571e+01 -1.588374555600e+01 -1.588652115621e+01 -1.588883517969e+01 -1.589080036324e+01 -1.589251262632e+01 -1.589405496870e+01 -1.589550061393e+01 -1.589691555606e+01 -1.589836062933e+01 -1.589989324238e+01 -1.590156899772e+01 -1.590344355293e+01 -1.590557525307e+01 -1.590802923551e+01 -1.591088382395e+01 -1.591424004095e+01 -1.591823497409e+01 -1.592305955769e+01 -1.592898106474e+01 -1.593637003054e+01 -1.594572992992e+01 -1.595772500515e+01 -1.597319696020e+01 -1.599315618166e+01 -1.601873128824e+01 -1.605106601377e+01 -1.609116224083e+01 -1.613974166574e+01 -1.619704289306e+01 -1.626285524857e+01 -1.633656604940e+01 -1.641732656268e+01 -1.650421609522e+01 -1.659636107592e+01 -1.669299653566e+01 -1.679348591552e+01 -1.689730664206e+01 -1.700403351840e+01 -1.711331112151e+01 -1.722483351782e+01 -1.733833156721e+01 -1.745356670722e+01 -1.757032707438e+01 -1.768842411109e+01 -1.780769043139e+01 -1.792797965560e+01 -1.804916693871e+01 -1.817114798423e+01 -1.829383597490e+01 -1.841715770565e+01 -1.854105011440e+01 -1.866545743919e+01 -1.879032887441e+01 -1.891561672155e+01 -1.904127507649e+01 -1.916725903315e+01 -1.929352435142e+01
-1.443913771989e+01 -1.443914589634e+01 -1.443915623463e+01 -1.443916931327e+01 -1.443918586972e+01 -1.443920684655e+01 -1.443923345251e+01 -1.443926724413e+01 -1.443931023632e+01 -1.443936505444e+01 -1.443943514738e+01 -1.443952509241e+01 -1.443964104213e+01 -1.443979139878e+01 -1.443998786499e+01 -1.444024714400e+01 -1.444059381355e+01 -1.444106543926e+01 -1.444172224745e+01 -1.444266683789e+01 -1.444408825044e+01 -1.444637271110e+01 -1.445042680795e+01 -1.445880513695e+01 -1.447993176631e+01 -1.454212949939e+01 -1.466260940764e+01 -1.479279241696e+01 -1.492016381648e+01 -1.504439242264e+01 -1.516492854630e+01 -1.527997640565e+01 -1.538723019410e+01 -1.548422040855e+01 -1.556880326434e+01 -1.563979762261e+01 -1.569733393948e+01 -1.574270126535e+01 -1.577783927164e+01 -1.580480429185e+01 -1.582545234353e+01 -1.584129623583e+01 -1.585351265272e+01 -1.586299357488e+01 -1.587040946713e+01 -1.587626516649e+01 -1.588094389004e+01 -1.588474016150e+01 -1.588788394291e+01 -1.589055823762e+01 -1.589291198034e+01 -1.589506956243e+01 -1.589713798543e+01 -1.589921241920e+01 -1.590138085698e+01 -1.590372858922e+01 -1.590634332743e+01 -1.590932194383e+01 -1.591277988528e+01 -1.591686430840e+01 -1.592177182676e+01 -1.592777140732e+01 -1.593523221955e+01 -1.594465468632e+01 -1.595669995792e+01 -1.597220825254e+01 -1.599219127050e+01 -1.601778186986e+01 -1.605012967928e+01 -1.609024220992e+01 -1.613884367722e+01 -1.619617410620e+01 -1.626202120498e+01 -1.633576991426e+01 -1.641656904209e+01 -1.650349594287e+01 -1.659567579452e+01 -1.669234301304e+01 -1.679286084298e+01 -1.689670685468e+01 -1.700345612000e+01 -1.711275356614e+01 -1.722429361256e+01 -1.733780743117e+01 -1.745305671991e+01 -1.756982983279e+01 -1.768793839470e+01 -1.780721516822e+01 -1.792751388892e+01 -1.804870980148e+01 -1.817069868623e+01 -1.829339379835e+01 -1.841672200279e+01 -1.854062030421e+01 -1.866503300371e+01 -1.878990935490e+01 -1.891520171435e+01 -1.904086422837e+01 -1.916685203617e+01 -1.929312093752e+01
-1.443911619822e+01 -1.443911870748e+01 -1.443912187577e+01 -1.443912587683e+01 -1.443913093058e+01 -1.443913731564e+01 -1.443914538537e+01 -1.443915558846e+01 -1.443916849566e+01 -1.443918483443e+01 -1.443920553445e+01 -1.443923178765e+01 -1.443926512857e+01 -1.443930754304e+01 -1.443936161754e+01 -1.443943074830e+01 -1.443951944000e+01 -1.443963374327e+01 -1.443978191360e+01 -1.443997543639e+01 -1.444023068218e+01 -1.444057169824e+01 -1.444103516230e+01 -1.444167972446e+01 -1.444260497590e+01 -1.444399366908e+01 -1.444621728760e+01 -1.445014246552e+01 -1.445819711924e+01 -1.447843604198e+01 -1.453899934998e+01 -1.466153022936e+01 -1.479612555867e+01 -1.492822419485e+01 -1.505763711999e+01 -1.518382937345e+01 -1.530470694421e+01 -1.541739448655e+01 -1.551859735344e+01 -1.560538017873e+01 -1.567622250846e+01 -1.573157352510e+01 -1.577347413675e+01 -1.580460935237e+01 -1.582761803982e+01 -1.584465957219e+01 -1.585738681464e+01 -1.586701189217e+01 -1.587441002968e+01 -1.588021322787e+01 -1.588488276037e+01 -1.588876172286e+01 -1.589211207584e+01 -1.589514060842e+01 -1.589801740540e+01 -1.590088957755e+01 -1.590389244766e+01 -1.590716007146e+01 -1.591083682291e+01 -1.591509166848e+01 -1.592013656557e+01 -1.592625000394e+01 -1.593380583764e+01 -1.594330580397e+01 -1.595541089211e+01 -1.597096172760e+01 -1.599097263558e+01 -1.601658182325e+01 -1.604894590172e+01 -1.608907903845e+01 -1.613770844677e+01 -1.619507585499e+01 -1.626096693514e+01 -1.633476362150e+01 -1.641561160918e+01 -1.650258578206e+01 -1.659480973690e+01 -1.669151711417e+01 -1.679207091300e+01 -1.689594888705e+01 -1.700272644978e+01 -1.711204897248e+01 -1.722361132200e+01 -1.733714506551e+01 -1.745241223065e+01 -1.756920144665e+01 -1.768732456924e+01 -1.780661454893e+01 -1.792692526702e+01 -1.804813208164e+01 -1.817013087010e+01 -1.829283497913e+01 -1.841617136209e+01 -1.854007710795e+01 -1.866449659748e+01 -1.878937915913e+01 -1.891467721903e+01 -1.904034498721e+01 -1.916633766013e+01 -1.929261108794e+01
-1.443911022156e+01 -1.443911116296e+01 -1.443911235114e+01 -1.443911385089e+01 -1.443911574407e+01 -1.443911813410e+01 -1.443912115176e+01 -1.443912496246e+01 -1.443912977554e+01 -1.443913585618e+01 -1.443914354059e+01 -1.443915325559e+01 -1.443916554390e+01 -1.443918109692e+01 -1.443920079771e+01 -1.443922577765e+01 -1.443925749192e+01 -1.443929782149e+01 -1.443934921271e+01 -1.443941487199e+01 -1.443949904260e+01 -1.443960740803e+01 -1.443974769573e+01 -1.443993060979e+01 -1.444017132502e+01 -1.444049198314e+01 -1.444092607394e+01 -1.444152658913e+01 -1.444238231553e+01 -1.444365338495e+01 -1.444565796311e+01 -1.444911609059e+01 -1.445596986494e+01 -1.447257124017e+01 -1.452178837421e+01 -1.463724893178e+01 -1.477624443080e+01 -1.491287909044e+01 -1.504715708959e+01 -1.517901239144e+01 -1.530630907784e+01 -1.542574395229e+01 -1.553314828561e+01 -1.562446343862e+01 -1.569742383014e+01 -1.575259081276e+01 -1.579276055839e+01 -1.582148833469e+01 -1.584201816605e+01 -1.585685077684e+01 -1.586777777163e+01 -1.587604116645e+01 -1.588249849635e+01 -1.588775050740e+01 -1.589223037767e+01 -1.589626394177e+01 -1.590011064249e+01 -1.590399281616e+01 -1.590811891385e+01 -1.591270483967e+01 -1.591799659201e+01 -1.592429649649e+01 -1.593199410876e+01 -1.594160079907e+01 -1.595378345880e+01 -1.596938739592e+01 -1.598943256629e+01 -1.601506475524e+01 -1.604744934443e+01 -1.608760862084e+01 -1.613627348678e+01 -1.619368774169e+01 -1.625963451104e+01 -1.633349192759e+01 -1.641440174526e+01 -1.650143572152e+01 -1.659371545515e+01 -1.669047360919e+01 -1.679107287751e+01 -1.689499124785e+01 -1.700180456858e+01 -1.711115877443e+01 -1.722274929946e+01 -1.733630821174e+01 -1.745159795652e+01 -1.756840751129e+01 -1.768654902388e+01 -1.780585568250e+01 -1.792618155277e+01 -1.804740213620e+01 -1.816941343264e+01 -1.829212890438e+01 -1.841547561640e+01 -1.853939076416e+01 -1.866381882901e+01 -1.878870923395e+01 -1.891401449299e+01 -1.903968889658e+01 -1.916568771357e+01 -1.929196685775e+01
-1.443910820562e+01 -1.443910861874e+01 -1.443910914011e+01 -1.443910979807e+01 -1.443911062847e+01 -1.443911167652e+01 -1.443911299936e+01 -1.443911466914e+01 -1.443911677703e+01 -1.443911943828e+01 -1.443912279860e+01 -1.443912704236e+01 -1.443913240300e+01 -1.443913917632e+01 -1.443914773757e+01 -1.443915856346e+01 -1.443917226064e+01 -1.443918960285e+01 -1.443921157961e+01 -1.443923946086e+01 -1.443927488355e+01 -1.443931996928e+01 -1.443937748666e+01 -1.443945107976e+01 -1.443954559647e+01 -1.443966757271e+01 -1.443982596758e+01 -1.444003331752e+01 -1.444030762031e+01 -1.444067555251e+01 -1.444117826546e+01 -1.444188251690e+01 -1.444290379357e+01 -1.444445929168e+01 -1.444700551586e+01 -1.445165814441e+01 -1.446173750174e+01 -1.448833641251e+01 -1.456954808487e+01 -1.470643081148e+01 -1.484789254672e+01 -1.498674607902e+01 -1.512413680407e+01 -1.525878832055e+01 -1.538755468790e+01 -1.550596482776e+01 -1.560853172717e+01 -1.569098701423e+01 -1.575260833090e+01 -1.579631367239e+01 -1.582657732174e+01 -1.584758004783e+01 -1.586244665343e+01 -1.587331594617e+01 -1.588160528662e+01 -1.588826018234e+01 -1.589393241146e+01 -1.589909709538e+01 -1.590412944292e+01 -1.590935808809e+01 -1.591510672000e+01 -1.592173164253e+01 -1.592965970286e+01 -1.593942772333e+01 -1.595172012868e+01 -1.596739535161e+01 -1.598748498937e+01 -1.601314664128e+01 -1.604555746897e+01 -1.608575003748e+01 -1.613445995985e+01 -1.619193359218e+01 -1.625795089739e+01 -1.633188520415e+01 -1.641287327578e+01 -1.649998291301e+01 -1.659233319064e+01 -1.668915554118e+01 -1.678980144216e+01 -1.689378169630e+01 -1.700064019137e+01 -1.711003441592e+01 -1.722166052360e+01 -1.733525121759e+01 -1.745056947220e+01 -1.756740470583e+01 -1.768556943578e+01 -1.780489715099e+01 -1.792524215023e+01 -1.804648011620e+01 -1.816850720347e+01 -1.829123702012e+01 -1.841459677206e+01 -1.853852378914e+01 -1.866296267969e+01 -1.878786298605e+01 -1.891317733319e+01 -1.903886011318e+01 -1.916486668620e+01 -1.929115304646e+01
-1.443910741155e+01 -1.443910761668e+01 -1.443910787554e+01 -1.443910820219e+01 -1.443910861442e+01 -1.443910913465e+01 -1.443910979119e+01 -1.443911061978e+01 -1.443911166556e+01 -1.443911298553e+01 -1.443911465168e+01 -1.443911675499e+01 -1.443911941045e+01 -1.443912276346e+01 -1.443912699798e+01 -1.443913234694e+01 -1.443913910548e+01 -1.443914764803e+01 -1.443915845023e+01 -1.443917211738e+01 -1.443918942145e+01 -1.443921134971e+01 -1.443923916917e+01 -1.443927451293e+01 -1.443931949749e+01 -1.443937688468e+01 -1.443945030936e+01 -1.443954460678e+01 -1.443966629508e+01 -1.443982430782e+01 -1.444003114374e+01 -1.444030474304e+01 -1.444067169080e+01 -1.444117298611e+01 -1.444187511866e+01 -1.444289307033e+01 -1.444444300640e+01 -1.444697912113e+01 -1.445161146739e+01 -1.446164787175e+01 -1.448819453276e+01 -1.457001607608e+01 -1.470928209222e+01 -1.485339749413e+01 -1.499522700652e+01 -1.513616232151e+01 -1.527488267567e+01 -1.540798051462e+01 -1.553014921348e+01 -1.563462932210e+01 -1.571627746342e+01 -1.577489822013e+01 -1.581482893636e+01 -1.584167881494e+01 -1.586007783192e+01 -1.587319778883e+01 -1.588307890266e+01 -1.589103321935e+01 -1.589794144814e+01 -1.590444346596e+01 -1.591105976827e+01 -1.591827458235e+01 -1.592659992848e+01 -1.593663049941e+01 -1.594909102550e+01 -1.596486935053e+01 -1.598502026508e+01 -1.601072110886e+01 -1.604316603053e+01 -1.608340119109e+01 -1.613216846072e+01 -1.618971740362e+01 -1.625582408676e+01 -1.632985577205e+01 -1.641094290242e+01 -1.649814827059e+01 -1.659058776425e+01 -1.668749126880e+01 -1.678821018796e+01 -1.689225453656e+01 -1.699917008414e+01 -1.710861483756e+01 -1.722028586407e+01 -1.733391667266e+01 -1.744927090822e+01 -1.756613854734e+01 -1.768433257486e+01 -1.780368686013e+01 -1.792405599681e+01 -1.804531589656e+01 -1.816736290919e+01 -1.829011082666e+01 -1.841348703260e+01 -1.853742902642e+01 -1.866188157669e+01 -1.878679437631e+01 -1.891212019030e+01 -1.903781353897e+01 -1.916382989784e+01 -1.929012536261e+01
-1.443910705705e+01 -1.443910716933e+01 -1.443910731102e+01 -1.443910748981e+01 -1.443910771544e+01 -1.443910800016e+01 -1.443910835946e+01 -1.443910881290e+01 -1.443910938512e+01 -1.443911010730e+01 -1.443911101874e+01 -1.443911216911e+01 -1.443911362113e+01 -1.443911545402e+01 -1.443911776792e+01 -1.443912068940e+01 -1.443912437856e+01 -1.443912903799e+01 -1.443913492431e+01 -1.443914236279e+01 -1.443915176635e+01 -1.443916365983e+01 -1.443917871173e+01 -1.443919777551e+01 -1.443922194412e+01 -1.443925262255e+01 -1.443929162551e+01 -1.443934131110e+01 -1.443940476650e+01 -1.443948607153e+01 -1.443959068112e+01 -1.443972599585e+01 -1.443990223945e+01 -1.444013385741e+01 -1.444044184042e+01 -1.444085777483e+01 -1.444143132186e+01 -1.444224502114e+01 -1.444344621949e+01 -1.444532383456e+01 -1.444852063003e+01 -1.445473493745e+01 -1.446947069599e+01 -1.451282112705e+01 -1.462623123655e+01 -1.477291609395e+01 -1.491818361017e+01 -1.506233755723e+01 -1.520591646373e+01 -1.534658600330e+01 -1.547975416923e+01 -1.559820396240e+01 -1.569401841014e+01 -1.576368493111e+01 -1.581057531644e+01 -1.584134915613e+01 -1.586198672307e+01 -1.587656074783e+01 -1.588762370069e+01 -1.589678252450e+01 -1.590511895313e+01 -1.591345106211e+01 -1.592249639910e+01 -1.593298123934e+01 -1.594571828705e+01 -1.596165713631e+01 -1.598189813191e+01 -1.600765337875e+01 -1.604014339375e+01 -1.608043333133e+01 -1.612927374019e+01 -1.618691828817e+01 -1.625313828776e+01 -1.632729334681e+01 -1.640850590245e+01 -1.649583240851e+01 -1.658838473048e+01 -1.668539081232e+01 -1.678620196527e+01 -1.689032727798e+01 -1.699731485131e+01 -1.710682337495e+01 -1.721855107716e+01 -1.733223249017e+01 -1.744763210929e+01 -1.756454061803e+01 -1.768277159283e+01 -1.780215938432e+01 -1.792255895913e+01 -1.804384651816e+01 -1.816591865744e+01 -1.828868940067e+01 -1.841208635549e+01 -1.853604723506e+01 -1.866051700998e+01 -1.878544556305e+01 -1.891078583590e+01 -1.903649251064e+01 -1.916252120832e+01 -1.928882815273e+01
-1.443910688178e+01 -1.443910694816e+01 -1.443910703193e+01 -1.443910713764e+01 -1.443910727103e+01 -1.443910743935e+01 -1.443910765176e+01 -1.443910791980e+01 -1.443910825805e+01 -1.443910868492e+01 -1.443910922362e+01 -1.443910990347e+01 -1.443911076149e+01 -1.443911184441e+01 -1.443911321128e+01 -1.443911493665e+01 -1.443911711476e+01 -1.443911986469e+01 -1.443912333708e+01 -1.443912772249e+01 -1.443913326227e+01 -1.443914026224e+01 -1.443914911048e+01 -1.443916030009e+01 -1.443917445877e+01 -1.443919238735e+01 -1.443921511053e+01 -1.443924394412e+01 -1.443928058542e+01 -1.443932723619e+01 -1.443938677297e+01 -1.443946298718e+01 -1.443956093162e+01 -1.443968743349e+01 -1.443985187679e+01 -1.444006743746e+01 -1.444035311216e+01 -1.444073720889e+01 -1.444126369158e+01 -1.444200449948e+01 -1.444308549263e+01 -1.444474697108e+01 -1.444750463394e+01 -1.445265663798e+01 -1.446421399608e+01 -1.449591624071e+01 -1.459168769027e+01 -1.473784677495e+01 -1.488558530337e+01 -1.503198645214e+01 -1.517853725319e+01 -1.532350967447e+01 -1.546269583574e+01 -1.558863716858e+01 -1.569172973293e+01 -1.576638063155e+01 -1.581571106908e+01 -1.584748178689e+01 -1.586865700142e+01 -1.588382982198e+01 -1.589581180735e+01 -1.590638364148e+01 -1.591680599385e+01 -1.592812370926e+01 -1.594134669800e+01 -1.595755444131e+01 -1.597793759247e+01 -1.600377234459e+01 -1.603632334224e+01 -1.607668418967e+01 -1.612561811789e+01 -1.618338418188e+01 -1.624974795678e+01 -1.632405940514e+01 -1.640543082271e+01 -1.649291063991e+01 -1.658560565026e+01 -1.668274136743e+01 -1.678366898884e+01 -1.688789654034e+01 -1.699497499790e+01 -1.710456395700e+01 -1.721636312323e+01 -1.733010832939e+01 -1.744556515007e+01 -1.756252516436e+01 -1.768080269739e+01 -1.780023270869e+01 -1.792067063663e+01 -1.804199304742e+01 -1.816409684735e+01 -1.828689635190e+01 -1.841031945077e+01 -1.853430412639e+01 -1.865879560387e+01 -1.878374400529e+01 -1.890910249490e+01 -1.903482595876e+01 -1.916087020142e+01 -1.928719160823e+01
-1.443910678757e+01 -1.443910682928e+01 -1.443910688192e+01 -1.443910694834e+01 -1.443910703215e+01 -1.443910713791e+01 -1.443910727138e+01 -1.443910743979e+01 -1.443910765231e+01 -1.443910792050e+01 -1.443910825894e+01 -1.443910868603e+01 -1.443910922502e+01 -1.443910990524e+01 -1.443911076373e+01 -1.443911184724e+01 -1.443911321485e+01 -1.443911494116e+01 -1.443911712045e+01 -1.443911987188e+01 -1.443912334616e+01 -1.443912773396e+01 -1.443913327676e+01 -1.443914028056e+01 -1.443914913365e+01 -1.443916032942e+01 -1.443917449591e+01 -1.443919243443e+01 -1.443921517028e+01 -1.443924402007e+01 -1.443928068215e+01 -1.443932735971e+01 -1.443938693118e+01 -1.443946319063e+01 -1.443956119464e+01 -1.443968777580e+01 -1.443985232617e+01 -1.444006803411e+01 -1.444035391625e+01 -1.444073831432e+01 -1.444126525271e+01 -1.444200678770e+01 -1.444308902824e+01 -1.444475287355e+01 -1.444751572558e+01 -1.445268180265e+01 -1.446429006639e+01 -1.449619955591e+01 -1.459297994940e+01 -1.474069648669e+01 -1.488992453013e+01 -1.503814278488e+01 -1.518698714299e+01 -1.533477027553e+01 -1.547710695501e+01 -1.560569534107e+01 -1.570945308663e+01 -1.578248601925e+01 -1.582945529181e+01 -1.585946117441e+01 -1.587986371295e+01 -1.589527410365e+01 -1.590850690471e+01 -1.592144851963e+01 -1.593558293678e+01 -1.595227528833e+01 -1.597290099724e+01 -1.599885982172e+01 -1.603149592062e+01 -1.607194937320e+01 -1.612100327174e+01 -1.617892404112e+01 -1.624547042688e+01 -1.631998025500e+01 -1.640155297509e+01 -1.648922686350e+01 -1.658210232543e+01 -1.667940184290e+01 -1.678047647734e+01 -1.688483307711e+01 -1.699202614528e+01 -1.710171648777e+01 -1.721360569277e+01 -1.732743124835e+01 -1.744296010006e+01 -1.755998496208e+01 -1.767832110717e+01 -1.779780426530e+01 -1.791829047151e+01 -1.803965675317e+01 -1.816180040726e+01 -1.828463611612e+01 -1.840809212424e+01 -1.853210675283e+01 -1.865662554734e+01 -1.878159893104e+01 -1.890698034852e+01 -1.903272494272e+01 -1.915878874939e+01 -1.928512835749e+01
-1.443910673331e+01 -1.443910676081e+01 -1.443910679552e+01 -1.443910683931e+01 -1.443910689458e+01 -1.443910696431e+01 -1.443910705231e+01 -1.443910716335e+01 -1.443910730347e+01 -1.443910748029e+01 -1.443910770342e+01 -1.443910798500e+01 -1.443910834033e+01 -1.443910878875e+01 -1.443910935465e+01 -1.443911006884e+01 -1.443911097020e+01 -1.443911210785e+01 -1.443911354380e+01 -1.443911535640e+01 -1.443911764468e+01 -1.443912053380e+01 -1.443912418205e+01 -1.443912878979e+01 -1.443913461071e+01 -1.443914196646e+01 -1.443915126524e+01 -1.443916302591e+01 -1.443917790928e+01 -1.443919675888e+01 -1.443922065477e+01 -1.443925098512e+01 -1.443928954249e+01 -1.443933865549e+01 -1.443940137158e+01 -1.443948171614e+01 -1.443958506827e+01 -1.443971872043e+01 -1.443989273799e+01 -1.444012132715e+01 -1.444042510286e+01 -1.444083503414e+01 -1.444139971039e+01 -1.444219968022e+01 -1.444337826573e+01 -1.444521532437e+01 -1.444833019106e+01 -1.445434932326e+01 -1.446853108451e+01 -1.450997733062e+01 -1.462376633813e+01 -1.477444183667e+01 -1.492449395143e+01 -1.507444785192e+01 -1.522535775355e+01 -1.537506810150e+01 -1.551831234455e+01 -1.564496628534e+01 -1.574274520319e+01 -1.580822056095e+01 -1.584926569344e+01 -1.587602758654e+01 -1.589545977176e+01 -1.591179544254e+01 -1.592775798096e+01 -1.594538972715e+01 -1.596646536681e+01 -1.599263476513e+01 -1.602539555579e+01 -1.606597155984e+01 -1.611518001463e+01 -1.617329819070e+01 -1.624007684831e+01 -1.631483856599e+01 -1.639666652567e+01 -1.648458615840e+01 -1.657768983690e+01 -1.667519627968e+01 -1.677645639503e+01 -1.688097579509e+01 -1.698831328524e+01 -1.709813130079e+01 -1.721013383369e+01 -1.732406048201e+01 -1.743967993479e+01 -1.755678634573e+01 -1.767519618725e+01 -1.779474616421e+01 -1.791529306640e+01 -1.803671450316e+01 -1.815890826275e+01 -1.828178948819e+01 -1.840528686950e+01 -1.852933915360e+01 -1.865389228856e+01 -1.877889707635e+01 -1.890430731412e+01 -1.903007846803e+01 -1.915616686482e+01 -1.928252934981e+01
-1.443910670022e+01 -1.443910671906e+01 -1.443910674283e+01 -1.443910677283e+01 -1.443910681068e+01 -1.443910685845e+01 -1.443910691872e+01 -1.443910699478e+01 -1.443910709075e+01 -1.443910721186e+01 -1.443910736469e+01 -1.443910755755e+01 -1.443910780091e+01 -1.443910810803e+01 -1.443910849559e+01 -1.443910898468e+01 -1.443910960192e+01 -1.443911038091e+01 -1.443911136407e+01 -1.443911260498e+01 -1.443911417132e+01 -1.443911614857e+01 -1.443911864481e+01 -1.443912179665e+01 -1.443912577692e+01 -1.443913080440e+01 -1.443913715625e+01 -1.443914518397e+01 -1.443915533390e+01 -1.443916817375e+01 -1.443918442715e+01 -1.443920501877e+01 -1.443923113415e+01 -1.443926429949e+01 -1.443930648969e+01 -1.443936027684e+01 -1.443942903795e+01 -1.443951725173e+01 -1.443963093322e+01 -1.443977828812e+01 -1.443997073086e+01 -1.444022452827e+01 -1.444056357195e+01 -1.444102429928e+01 -1.444166497938e+01 -1.444258459123e+01 -1.444396494010e+01 -1.444617644278e+01 -1.445008798374e+01 -1.445816604317e+01 -1.447881405864e+01 -1.454354333889e+01 -1.468146588922e+01 -1.483292740883e+01 -1.498371146488e+01 -1.513562613443e+01 -1.528847713208e+01 -1.543913683598e+01 -1.558047832562e+01 -1.569946133508e+01 -1.578462168396e+01 -1.583857909756e+01 -1.587269757901e+01 -1.589668936746e+01 -1.591658942320e+01 -1.593617838975e+01 -1.595816197963e+01 -1.598472656457e+01 -1.601768488323e+01 -1.605842685076e+01 -1.610783555936e+01 -1.616620640966e+01 -1.623328110779e+01 -1.630836309562e+01 -1.639051496656e+01 -1.647874591667e+01 -1.657213824533e+01 -1.666990603167e+01 -1.677140003215e+01 -1.687612467506e+01 -1.698364398349e+01 -1.709362260157e+01 -1.720576759769e+01 -1.731982126507e+01 -1.743555451328e+01 -1.755276332295e+01 -1.767126568561e+01 -1.779089953998e+01 -1.791152263049e+01 -1.803301330057e+01 -1.815526995549e+01 -1.827820831555e+01 -1.840175762927e+01 -1.852585717759e+01 -1.865045341378e+01 -1.877549761519e+01 -1.890094402175e+01 -1.902674850574e+01 -1.915286775967e+01 -1.927925895125e+01
-1.443910667907e+01 -1.443910669236e+01 -1.443910670915e+01 -1.443910673032e+01 -1.443910675704e+01 -1.443910679076e+01 -1.443910683331e+01 -1.443910688700e+01 -1.443910695475e+01 -1.443910704024e+01 -1.443910714812e+01 -1.443910728425e+01 -1.443910745604e+01 -1.443910767282e+01 -1.443910794638e+01 -1.443910829160e+01 -1.443910872725e+01 -1.443910927703e+01 -1.443910997088e+01 -1.443911084657e+01 -1.443911195181e+01 -1.443911334683e+01 -1.443911510777e+01 -1.443911733078e+01 -1.443912013746e+01 -1.443912368154e+01 -1.443912815758e+01 -1.443913381196e+01 -1.443914095696e+01 -1.443914998886e+01 -1.443916141125e+01 -1.443917586532e+01 -1.443919416931e+01 -1.443921737048e+01 -1.443924681410e+01 -1.443928423628e+01 -1.443933189045e+01 -1.443939272271e+01 -1.443947061971e+01 -1.443957076703e+01 -1.443970018107e+01 -1.443986852279e+01 -1.444008938666e+01 -1.444038242628e+01 -1.444077702900e+01 -1.444131903306e+01 -1.444208386235e+01 -1.444320443542e+01 -1.444493701996e+01 -1.444783910750e+01 -1.445334149620e+01 -1.446596997799e+01 -1.450163152670e+01 -1.460707168821e+01 -1.475886766884e+01 -1.491106297404e+01 -1.506332687107e+01 -1.521743681931e+01 -1.537182304601e+01 -1.552175492707e+01 -1.565645010157e+01 -1.576025056987e+01 -1.582808135174e+01 -1.587028833486e+01 -1.589929518777e+01 -1.592326259924e+01 -1.594723021909e+01 -1.597461993635e+01 -1.600792996750e+01 -1.604890717563e+01 -1.609857760418e+01 -1.615727321981e+01 -1.622472632939e+01 -1.630021632756e+01 -1.638277977191e+01 -1.647140537648e+01 -1.656516285998e+01 -1.666326064195e+01 -1.676504937651e+01 -1.687003255697e+01 -1.697778050279e+01 -1.708796087132e+01 -1.720028468006e+01 -1.731449767348e+01 -1.743037359448e+01 -1.754771074473e+01 -1.766632904004e+01 -1.778606798096e+01 -1.790678651958e+01 -1.802836392480e+01 -1.815069937544e+01 -1.827370931355e+01 -1.839732368612e+01 -1.852148244246e+01 -1.864613266852e+01 -1.877122623722e+01 -1.889671794353e+01 -1.902256416913e+01 -1.914872206559e+01 -1.927514920546e+01
-1.443910666500e+01 -1.443910667461e+01 -1.443910668674e+01 -1.443910670205e+01 -1.443910672137e+01 -1.443910674575e+01 -1.443910677651e+01 -1.443910681532e+01 -1.443910686430e+01 -1.443910692611e+01 -1.443910700410e+01 -1.443910710251e+01 -1.443910722670e+01 -1.443910738342e+01 -1.443910758118e+01 -1.443910783074e+01 -1.443910814566e+01 -1.443910854308e+01 -1.443910904462e+01 -1.443910967756e+01 -1.443911047637e+01 -1.443911148456e+01 -1.443911275707e+01 -1.443911436329e+01 -1.443911639092e+01 -1.443911895079e+01 -1.443912218302e+01 -1.443912626490e+01 -1.443913142086e+01 -1.443913793523e+01 -1.443914616868e+01 -1.443915657925e+01 -1.443916974969e+01 -1.443918642290e+01 -1.443920754859e+01 -1.443923434479e+01 -1.443926838040e+01 -1.443931168682e+01 -1.443936691184e+01 -1.443943753531e+01 -1.443952817804e+01 -1.443964505551e+01 -1.443979666319e+01 -1.443999484688e+01 -1.444025653850e+01 -1.444060669915e+01 -1.444108357547e+01 -1.444174869292e+01 -1.444270736132e+01 -1.444415496361e+01 -1.444649501440e+01 -1.445069198667e+01 -1.445955205812e+01 -1.448269506718e+01 -1.455617047997e+01 -1.470017103605e+01 -1.485285791378e+01 -1.500552346364e+01 -1.516014691855e+01 -1.531644989694e+01 -1.547137025469e+01 -1.561686158337e+01 -1.573671112044e+01 -1.581844302475e+01 -1.586920757369e+01 -1.590360612779e+01 -1.593222823478e+01 -1.596151713408e+01 -1.599555276509e+01 -1.603689602405e+01 -1.608691425853e+01 -1.614602963038e+01 -1.621396844153e+01 -1.628997970822e+01 -1.637306706906e+01 -1.646219348556e+01 -1.655641307003e+01 -1.665492745000e+01 -1.675708733700e+01 -1.686239586310e+01 -1.697043092520e+01 -1.708086431303e+01 -1.719341213199e+01 -1.730782455988e+01 -1.742387896367e+01 -1.754137659763e+01 -1.766013981635e+01 -1.778001009774e+01 -1.790084792190e+01 -1.802253372383e+01 -1.814496765024e+01 -1.826806704289e+01 -1.839176271969e+01 -1.851599546423e+01 -1.864071315275e+01 -1.876586840246e+01 -1.889141670252e+01 -1.901731507219e+01 -1.914352123804e+01 -1.926999328003e+01
-1.443910665533e+01 -1.443910666241e+01 -1.443910667135e+01 -1.443910668263e+01 -1.443910669686e+01 -1.443910671482e+01 -1.443910673748e+01 -1.443910676608e+01 -1.443910680217e+01 -1.443910684770e+01 -1.443910690516e+01 -1.443910697767e+01 -1.443910706916e+01 -1.443910718462e+01 -1.443910733031e+01 -1.443910751416e+01 -1.443910774616e+01 -1.443910803893e+01 -1.443910840839e+01 -1.443910887464e+01 -1.443910946304e+01 -1.443911020564e+01 -1.443911114286e+01 -1.443911232577e+01 -1.443911381887e+01 -1.443911570365e+01 -1.443911808308e+01 -1.443912108735e+01 -1.443912488112e+01 -1.443912967282e+01 -1.443913572643e+01 -1.443914337666e+01 -1.443915304841e+01 -1.443916528194e+01 -1.443918076552e+01 -1.443920037818e+01 -1.443922524610e+01 -1.443925681772e+01 -1.443929696520e+01 -1.443934812328e+01 -1.443941348291e+01 -1.443949726656e+01 -1.443960512926e+01 -1.443974475886e+01 -1.443992680321e+01 -1.444016635541e+01 -1.444048543523e+01 -1.444091734529e+01 -1.444151478220e+01 -1.444236605908e+01 -1.444363056357e+01 -1.444562551438e+01 -1.444907164528e+01 -1.445593147009e+01 -1.447275858643e+01 -1.452433753628e+01 -1.465241819973e+01 -1.480613577812e+01 -1.495945911673e+01 -1.511431840518e+01 -1.527172727405e+01 -1.542965599941e+01 -1.558247201647e+01 -1.571539690340e+01 -1.581039859866e+01 -1.586981417714e+01 -1.590994126636e+01 -1.594394789793e+01 -1.597971106305e+01 -1.602172789866e+01 -1.607221698144e+01 -1.613189019415e+01 -1.620045603830e+01 -1.627713608131e+01 -1.636089218679e+01 -1.645065512666e+01 -1.654545987627e+01 -1.664450013061e+01 -1.674712705618e+01 -1.685284451260e+01 -1.696123953327e+01 -1.707198959841e+01 -1.718481739830e+01 -1.729947882779e+01 -1.741575590370e+01 -1.753345364297e+01 -1.765239749317e+01 -1.777243143640e+01 -1.789341788655e+01 -1.801523874721e+01 -1.813779537333e+01 -1.826100622410e+01 -1.838480319938e+01 -1.850912812068e+01 -1.863392984813e+01 -1.875916192634e+01 -1.888478071016e+01 -1.901074401475e+01 -1.913701028509e+01 -1.926353823570e+01
-1.443910664851e+01 -1.443910665381e+01 -1.443910666049e+01 -1.443910666893e+01 -1.443910667957e+01 -1.443910669300e+01 -1.443910670995e+01 -1.443910673134e+01 -1.443910675832e+01 -1.443910679238e+01 -1.443910683535e+01 -1.443910688957e+01 -1.443910695799e+01 -1.443910704434e+01 -1.443910715329e+01 -1.443910729078e+01 -1.443910746427e+01 -1.443910768321e+01 -1.443910795949e+01 -1.443910830814e+01 -1.443910874812e+01 -1.443910930338e+01 -1.443911000413e+01 -1.443911088854e+01 -1.443911200477e+01 -1.443911341369e+01 -1.443911519217e+01 -1.443911743734e+01 -1.443912027200e+01 -1.443912385144e+01 -1.443912837219e+01 -1.443913408311e+01 -1.443914129965e+01 -1.443915042214e+01 -1.443916195938e+01 -1.443917655919e+01 -1.443919504842e+01 -1.443921848547e+01 -1.443924823017e+01 -1.443928603783e+01 -1.443933418743e+01 -1.443939565952e+01 -1.443947438796e+01 -1.443957562418e+01 -1.443970647857e+01 -1.443987674992e+01 -1.444010024130e+01 -1.444039693455e+01 -1.444079675773e+01 -1.444134649126e+01 -1.444212331807e+01 -1.444326373922e+01 -1.444503218506e+01 -1.444800771992e+01 -1.445369047840e+01 -1.446687664090e+01 -1.450488832198e+01 -1.461461022460e+01 -1.476866057428e+01 -1.492279484837e+01 -1.507784640348e+01 -1.523587871806e+01 -1.539589349458e+01 -1.555385071978e+01 -1.569723160413e+01 -1.580443906951e+01 -1.587239120336e+01 -1.591861358562e+01 -1.595893247515e+01 -1.600249183517e+01 -1.605373239848e+01 -1.611412343647e+01 -1.618350516859e+01 -1.626104865099e+01 -1.634566191702e+01 -1.643623585428e+01 -1.653178245776e+01 -1.663148660562e+01 -1.673470081187e+01 -1.684093155142e+01 -1.694977698201e+01 -1.706092244429e+01 -1.717409919858e+01 -1.728907054771e+01 -1.740562449800e+01 -1.752357087314e+01 -1.764273904696e+01 -1.776297617433e+01 -1.788414711747e+01 -1.800613562879e+01 -1.812884456759e+01 -1.825219377477e+01 -1.837611648806e+01 -1.850055581472e+01 -1.862546183504e+01 -1.875078924470e+01 -1.887649547436e+01 -1.900253932936e+01 -1.912888014956e+01 -1.925547744080e+01
-1.443910664359e+01 -1.443910664760e+01 -1.443910665266e+01 -1.443910665904e+01 -1.443910666710e+01 -1.443910667726e+01 -1.443910669009e+01 -1.443910670627e+01 -1.443910672670e+01 -1.443910675247e+01 -1.443910678499e+01 -1.443910682602e+01 -1.443910687780e+01 -1.443910694315e+01 -1.443910702560e+01 -1.443910712965e+01 -1.443910726094e+01 -1.443910742663e+01 -1.443910763570e+01 -1.443910789954e+01 -1.443910823249e+01 -1.443910865265e+01 -1.443910918290e+01 -1.443910985208e+01 -1.443911069663e+01 -1.443911176256e+01 -1.443911310796e+01 -1.443911480623e+01 -1.443911695010e+01 -1.443911965680e+01 -1.443912307456e+01 -1.443912739093e+01 -1.443913284338e+01 -1.443913973289e+01 -1.443914844127e+01 -1.443915945365e+01 -1.443917338750e+01 -1.443919103048e+01 -1.443921339020e+01 -1.443924176022e+01 -1.443927780859e+01 -1.443932369831e+01 -1.443938225378e+01 -1.443945719541e+01 -1.443955347756e+01 -1.443967778790e+01 -1.443983930771e+01 -1.444005090927e+01 -1.444033111763e+01 -1.444070747591e+01 -1.444122264074e+01 -1.444194616956e+01 -1.444299922330e+01 -1.444461184650e+01 -1.444727424798e+01 -1.445220988051e+01 -1.446317414620e+01 -1.449279029336e+01 -1.458695409460e+01 -1.473870014530e+01 -1.489363973014e+01 -1.504894198405e+01 -1.520749438626e+01 -1.536902643811e+01 -1.553083071203e+01 -1.568265928406e+01 -1.580088603909e+01 -1.587713874344e+01 -1.592993902045e+01 -1.597771634851e+01 -1.603042224742e+01 -1.609181156870e+01 -1.616226635875e+01 -1.624093502525e+01 -1.632665407390e+01 -1.641826534460e+01 -1.651475432602e+01 -1.661529707350e+01 -1.671924935552e+01 -1.682612339052e+01 -1.693553117030e+01 -1.704716892385e+01 -1.716077914236e+01 -1.727613478418e+01 -1.739303160997e+01 -1.751128560401e+01 -1.763073113138e+01 -1.775121936895e+01 -1.787261828061e+01 -1.799481394611e+01 -1.811771109255e+01 -1.824123126028e+01 -1.836530933181e+01 -1.848988999871e+01 -1.861492484702e+01 -1.874036999447e+01 -1.886618420265e+01 -1.899232750387e+01 -1.911876034843e+01 -1.924544322553e+01
-1.443910663998e+01 -1.443910664304e+01 -1.443910664690e+01 -1.443910665178e+01 -1.443910665793e+01 -1.443910666570e+01 -1.443910667550e+01 -1.443910668786e+01 -1.443910670347e+01 -1.443910672316e+01 -1.443910674800e+01 -1.443910677935e+01 -1.443910681891e+01 -1.443910686883e+01 -1.443910693182e+01 -1.443910701131e+01 -1.443910711162e+01 -1.443910723819e+01 -1.443910739792e+01 -1.443910759947e+01 -1.443910785382e+01 -1.443910817479e+01 -1.443910857985e+01 -1.443910909101e+01 -1.443910973612e+01 -1.443911055028e+01 -1.443911157784e+01 -1.443911287480e+01 -1.443911451191e+01 -1.443911657854e+01 -1.443911918767e+01 -1.443912248215e+01 -1.443912664270e+01 -1.443913189813e+01 -1.443913853835e+01 -1.443914693111e+01 -1.443915754356e+01 -1.443917097005e+01 -1.443918796851e+01 -1.443920950802e+01 -1.443923683192e+01 -1.443927154226e+01 -1.443931571447e+01 -1.443937205535e+01 -1.443944412505e+01 -1.443953665559e+01 -1.443965601968e+01 -1.443981094077e+01 -1.444001360517e+01 -1.444028147206e+01 -1.444064035461e+01 -1.444112994972e+01 -1.444181441287e+01 -1.444280421639e+01 -1.444430595460e+01 -1.444675093551e+01 -1.445118576811e+01 -1.446071628745e+01 -1.448599647379e+01 -1.456713932905e+01 -1.471485481156e+01 -1.487050046836e+01 -1.502614245183e+01 -1.518517968364e+01 -1.534798707070e+01 -1.551290115615e+01 -1.567175179956e+01 -1.579987028017e+01 -1.588418426140e+01 -1.594423898080e+01 -1.600078264853e+01 -1.606378424094e+01 -1.613567838975e+01 -1.621583283635e+01 -1.630299300839e+01 -1.639593952540e+01 -1.649362973989e+01 -1.659523320582e+01 -1.670011293192e+01 -1.680779198996e+01 -1.691790018707e+01 -1.703014889347e+01 -1.714429544466e+01 -1.726012547424e+01 -1.737744484665e+01 -1.749607747790e+01 -1.761586409124e+01 -1.773666096641e+01 -1.785834000010e+01 -1.798079020309e+01 -1.810391861540e+01 -1.822764885444e+01 -1.835191781046e+01 -1.847667211448e+01 -1.860186519939e+01 -1.872745492965e+01 -1.885340170455e+01 -1.897966706912e+01 -1.910621284525e+01 -1.923300073897e+01
-1.443910663728e+01 -1.443910663964e+01 -1.443910664262e+01 -1.443910664637e+01 -1.443910665111e+01 -1.443910665708e+01 -1.443910666463e+01 -1.443910667415e+01 -1.443910668616e+01 -1.443910670131e+01 -1.443910672044e+01 -1.443910674457e+01 -1.443910677502e+01 -1.443910681345e+01 -1.443910686194e+01 -1.443910692312e+01 -1.443910700033e+01 -1.443910709776e+01 -1.443910722071e+01 -1.443910737585e+01 -1.443910757163e+01 -1.443910781869e+01 -1.443910813046e+01 -1.443910852389e+01 -1.443910902040e+01 -1.443910964700e+01 -1.443911043781e+01 -1.443911143588e+01 -1.443911269563e+01 -1.443911428574e+01 -1.443911629302e+01 -1.443911882718e+01 -1.443912202694e+01 -1.443912606777e+01 -1.443913117183e+01 -1.443913762055e+01 -1.443914577090e+01 -1.443915607619e+01 -1.443916911311e+01 -1.443918561678e+01 -1.443920652679e+01 -1.443923304808e+01 -1.443926673232e+01 -1.443930958816e+01 -1.443936423288e+01 -1.443943410492e+01 -1.443952376796e+01 -1.443963935691e+01 -1.443978925097e+01 -1.443998512305e+01 -1.444024363902e+01 -1.444058933306e+01 -1.444105973155e+01 -1.444171506808e+01 -1.444265815250e+01 -1.444407904038e+01 -1.444636838537e+01 -1.445045411754e+01 -1.445901675269e+01 -1.448126819830e+01 -1.455251452505e+01 -1.469622595370e+01 -1.485220625791e+01 -1.500827510481e+01 -1.516782576258e+01 -1.533181903332e+01 -1.549943973490e+01 -1.566433614569e+01 -1.580136100823e+01 -1.589360232355e+01 -1.596181914028e+01 -1.602842858222e+01 -1.610239613257e+01 -1.618454851587e+01 -1.627361699947e+01 -1.636830025680e+01 -1.646753077737e+01 -1.657047968399e+01 -1.667652554745e+01 -1.678521075742e+01 -1.689618919295e+01 -1.700919342966e+01 -1.712400063571e+01 -1.724041322849e+01 -1.735825034444e+01 -1.747734617519e+01 -1.759754956929e+01 -1.771872328870e+01 -1.784074422301e+01 -1.796350507904e+01 -1.808691575502e+01 -1.821090238913e+01 -1.833540430074e+01 -1.846037047586e+01 -1.858575659589e+01 -1.871152265573e+01 -1.883763105652e+01 -1.896404519695e+01 -1.909072858352e+01 -1.921764442034e+01
-1.443910663525e+01 -1.443910663708e+01 -1.443910663938e+01 -1.443910664229e+01 -1.443910664596e+01 -1.443910665059e+01 -1.443910665643e+01 -1.443910666380e+01 -1.443910667310e+01 -1.443910668484e+01 -1.443910669965e+01 -1.443910671834e+01 -1.443910674192e+01 -1.443910677168e+01 -1.443910680923e+01 -1.443910685661e+01 -1.443910691641e+01 -1.443910699186e+01 -1.443910708707e+01 -1.443910720721e+01 -1.443910735882e+01 -1.443910755014e+01 -1.443910779156e+01 -1.443910809622e+01 -1.443910848069e+01 -1.443910896588e+01 -1.443910957820e+01 -1.443911035097e+01 -1.443911132629e+01 -1.443911255729e+01 -1.443911411112e+01 -1.443911607258e+01 -1.443911854887e+01 -1.443912167551e+01 -1.443912562393e+01 -1.443913061114e+01 -1.443913691206e+01 -1.443914487531e+01 -1.443915494358e+01 -1.443916767991e+01 -1.443918380186e+01 -1.443920422635e+01 -1.443923012877e+01 -1.443926302207e+01 -1.443930486364e+01 -1.443935820220e+01 -1.443942638308e+01 -1.443951384141e+01 -1.443962653107e+01 -1.443977256994e+01 -1.443996324257e+01 -1.444021461737e+01 -1.444055027029e+01 -1.444100611174e+01 -1.444163947805e+01 -1.444254757335e+01 -1.444390850506e+01 -1.444608403846e+01 -1.444991958462e+01 -1.445780630159e+01 -1.447791864577e+01 -1.454165881541e+01 -1.468174254444e+01 -1.483783841588e+01 -1.499440931035e+01 -1.515453480624e+01 -1.531970758133e+01 -1.548982410655e+01 -1.566009434840e+01 -1.580520595746e+01 -1.590543215008e+01 -1.598290832240e+01 -1.606063698278e+01 -1.614557033769e+01 -1.623722610123e+01 -1.633420803510e+01 -1.643543407471e+01 -1.654009878770e+01 -1.664761403426e+01 -1.675754796436e+01 -1.686961343243e+01 -1.698354857546e+01 -1.709916560577e+01 -1.721628939808e+01 -1.733475669780e+01 -1.745441512256e+01 -1.757512395527e+01 -1.769675420852e+01 -1.781918912154e+01 -1.794232607334e+01 -1.806607849217e+01 -1.819037555261e+01 -1.831515948193e+01 -1.844038209696e+01 -1.856600179199e+01 -1.869198113829e+01 -1.881828496441e+01 -1.894487892367e+01 -1.907172857776e+01 -1.919879896362e+01
-1.443910663371e+01 -1.443910663513e+01 -1.443910663692e+01 -1.443910663918e+01 -1.443910664204e+01 -1.443910664564e+01 -1.443910665018e+01 -1.443910665592e+01 -1.443910666316e+01 -1.443910667229e+01 -1.443910668382e+01 -1.443910669836e+01 -1.443910671671e+01 -1.443910673987e+01 -1.443910676909e+01 -1.443910680597e+01 -1.443910685250e+01 -1.443910691121e+01 -1.443910698530e+01 -1.443910707880e+01 -1.443910719677e+01 -1.443910734565e+01 -1.443910753352e+01 -1.443910777059e+01 -1.443910806976e+01 -1.443910844730e+01 -1.443910892374e+01 -1.443910952501e+01 -1.443911028384e+01 -1.443911124156e+01 -1.443911245035e+01 -1.443911397613e+01 -1.443911590217e+01 -1.443911833372e+01 -1.443912140383e+01 -1.443912528082e+01 -1.443913017772e+01 -1.443913636440e+01 -1.443914418306e+01 -1.443915406815e+01 -1.443916657221e+01 -1.443918239924e+01 -1.443920244866e+01 -1.443922787311e+01 -1.443926015571e+01 -1.443930121443e+01 -1.443935354524e+01 -1.443942042202e+01 -1.443950618144e+01 -1.443961663890e+01 -1.443975971287e+01 -1.443994639249e+01 -1.444019229315e+01 -1.444052026714e+01 -1.444096501059e+01 -1.444158169575e+01 -1.444246337136e+01 -1.444377937365e+01 -1.444587053062e+01 -1.444952344724e+01 -1.445692680390e+01 -1.447550804921e+01 -1.453396563693e+01 -1.467021940095e+01 -1.482667374777e+01 -1.498380929675e+01 -1.514458487835e+01 -1.531097098448e+01 -1.548347371009e+01 -1.565862858420e+01 -1.581117248449e+01 -1.591968074334e+01 -1.600755365193e+01 -1.609689896804e+01 -1.619218115497e+01 -1.629229371183e+01 -1.639615205597e+01 -1.650302683753e+01 -1.661240256442e+01 -1.672391283738e+01 -1.683730943705e+01 -1.695238771345e+01 -1.706899244184e+01 -1.718697893157e+01 -1.730620757605e+01 -1.742654373728e+01 -1.754786019862e+01 -1.767003850862e+01 -1.779297000013e+01 -1.791655798177e+01 -1.804072025044e+01 -1.816538961370e+01 -1.829051173629e+01 -1.841604179596e+01 -1.854194142452e+01 -1.866817627720e+01 -1.879471409772e+01 -1.892152325752e+01 -1.904857180532e+01 -1.917582700412e+01
-1.443910663252e+01 -1.443910663363e+01 -1.443910663503e+01 -1.443910663680e+01 -1.443910663903e+01 -1.443910664184e+01 -1.443910664539e+01 -1.443910664987e+01 -1.443910665553e+01 -1.443910666267e+01 -1.443910667167e+01 -1.443910668303e+01 -1.443910669737e+01 -1.443910671546e+01 -1.443910673829e+01 -1.443910676710e+01 -1.443910680345e+01 -1.443910684932e+01 -1.443910690721e+01 -1.443910698025e+01 -1.443910707242e+01 -1.443910718873e+01 -1.443910733550e+01 -1.443910752070e+01 -1.443910775442e+01 -1.443910804936e+01 -1.443910842155e+01 -1.443910889124e+01 -1.443910948400e+01 -1.443911023209e+01 -1.443911117624e+01 -1.443911236790e+01 -1.443911387206e+01 -1.443911577079e+01 -1.443911816785e+01 -1.443912119439e+01 -1.443912501631e+01 -1.443912984360e+01 -1.443913594222e+01 -1.443914364942e+01 -1.443915339335e+01 -1.443916571839e+01 -1.443918131817e+01 -1.443920107861e+01 -1.443922613485e+01 -1.443925794708e+01 -1.443929840299e+01 -1.443934995810e+01 -1.443941583150e+01 -1.443950028444e+01 -1.443960902648e+01 -1.443974982397e+01 -1.443993344109e+01 -1.444017514927e+01 -1.444049725309e+01 -1.444093353311e+01 -1.444153753761e+01 -1.444239921546e+01 -1.444368140923e+01 -1.444570959997e+01 -1.444922785311e+01 -1.445628055734e+01 -1.447375511497e+01 -1.452822656789e+01 -1.466108802141e+01 -1.481814034835e+01 -1.497589177880e+01 -1.513739328782e+01 -1.530503781812e+01 -1.547985760196e+01 -1.565950131968e+01 -1.581898402357e+01 -1.593630278722e+01 -1.603554982195e+01 -1.613628730845e+01 -1.624084975767e+01 -1.634829210795e+01 -1.645806607382e+01 -1.656982052857e+01 -1.668330688731e+01 -1.679835538668e+01 -1.691483409526e+01 -1.703263792119e+01 -1.715166408997e+01 -1.727180521207e+01 -1.739295045246e+01 -1.751499026230e+01 -1.763781971945e+01 -1.776134050618e+01 -1.788546349831e+01 -1.801011193265e+01 -1.813522294638e+01 -1.826074621145e+01 -1.838664083583e+01 -1.851287226407e+01 -1.863940979861e+01 -1.876622464430e+01 -1.889328841509e+01 -1.902057214072e+01 -1.914804576462e+01
-1.443910663160e+01 -1.443910663247e+01 -1.443910663357e+01 -1.443910663495e+01 -1.443910663670e+01 -1.443910663891e+01 -1.443910664169e+01 -1.443910664521e+01 -1.443910664964e+01 -1.443910665523e+01 -1.443910666229e+01 -1.443910667119e+01 -1.443910668243e+01 -1.443910669661e+01 -1.443910671450e+01 -1.443910673708e+01 -1.443910676558e+01 -1.443910680153e+01 -1.443910684690e+01 -1.443910690414e+01 -1.443910697638e+01 -1.443910706754e+01 -1.443910718257e+01 -1.443910732773e+01 -1.443910751091e+01 -1.443910774206e+01 -1.443910803375e+01 -1.443910840186e+01 -1.443910886639e+01 -1.443910945264e+01 -1.443911019251e+01 -1.443911112629e+01 -1.443911230486e+01 -1.443911379247e+01 -1.443911567033e+01 -1.443911804101e+01 -1.443912103423e+01 -1.443912481405e+01 -1.443912958810e+01 -1.443913561939e+01 -1.443914324138e+01 -1.443915287737e+01 -1.443916506556e+01 -1.443918049162e+01 -1.443920003117e+01 -1.443922480600e+01 -1.443925625881e+01 -1.443929625420e+01 -1.443934721684e+01 -1.443941232412e+01 -1.443949577995e+01 -1.443960321348e+01 -1.443974227566e+01 -1.443992356036e+01 -1.444016207908e+01 -1.444047972362e+01 -1.444090958654e+01 -1.444150400042e+01 -1.444235060431e+01 -1.444360743093e+01 -1.444558868271e+01 -1.444900748613e+01 -1.445580456677e+01 -1.447247683467e+01 -1.452391742450e+01 -1.465390820979e+01 -1.481178238373e+01 -1.497018946313e+01 -1.513248296461e+01 -1.530142162661e+01 -1.547848938493e+01 -1.566226235110e+01 -1.582834784502e+01 -1.595515721949e+01 -1.606628148971e+01 -1.617756002843e+01 -1.629014589111e+01 -1.640385241837e+01 -1.651870521281e+01 -1.663469466657e+01 -1.675178831518e+01 -1.686999295476e+01 -1.698924778020e+01 -1.710951958758e+01 -1.723074562165e+01 -1.735284756841e+01 -1.747573938841e+01 -1.759933369912e+01 -1.772354547813e+01 -1.784829532551e+01 -1.797351332920e+01 -1.809914179874e+01 -1.822513501401e+01 -1.835145659599e+01 -1.847807640819e+01 -1.860496800559e+01 -1.873210664784e+01 -1.885946776942e+01 -1.898702593355e+01 -1.911475427925e+01
-1.443910663089e+01 -1.443910663157e+01 -1.443910663244e+01 -1.443910663353e+01 -1.443910663490e+01 -1.443910663663e+01 -1.443910663882e+01 -1.443910664158e+01 -1.443910664506e+01 -1.443910664946e+01 -1.443910665501e+01 -1.443910666200e+01 -1.443910667083e+01 -1.443910668198e+01 -1.443910669604e+01 -1.443910671378e+01 -1.443910673617e+01 -1.443910676443e+01 -1.443910680008e+01 -1.443910684507e+01 -1.443910690184e+01 -1.443910697348e+01 -1.443910706387e+01 -1.443910717794e+01 -1.443910732189e+01 -1.443910750353e+01 -1.443910773275e+01 -1.443910802200e+01 -1.443910838703e+01 -1.443910884768e+01 -1.443910942903e+01 -1.443911016271e+01 -1.443911108868e+01 -1.443911225738e+01 -1.443911373255e+01 -1.443911559468e+01 -1.443911794551e+01 -1.443912091364e+01 -1.443912466176e+01 -1.443912939573e+01 -1.443913537634e+01 -1.443914293417e+01 -1.443915248890e+01 -1.443916457408e+01 -1.443917986937e+01 -1.443919924267e+01 -1.443922380572e+01 -1.443925498807e+01 -1.443929463697e+01 -1.443934515395e+01 -1.443940968511e+01 -1.443949239135e+01 -1.443959884161e+01 -1.443973660052e+01 -1.443991613470e+01 -1.444015226184e+01 -1.444046656647e+01 -1.444089163035e+01 -1.444147888608e+01 -1.444231426913e+01 -1.444355228164e+01 -1.444549889876e+01 -1.444884486632e+01 -1.445545668477e+01 -1.447155123683e+01 -1.452065845971e+01 -1.464833411172e+01 -1.480723129572e+01 -1.496632052383e+01 -1.512945389928e+01 -1.529969864524e+01 -1.547892067996e+01 -1.566647048510e+01 -1.583897145143e+01 -1.597597219677e+01 -1.609885347143e+01 -1.621937442484e+01 -1.633874457177e+01 -1.645777604739e+01 -1.657699898837e+01 -1.669668253247e+01 -1.681698875234e+01 -1.693799862706e+01 -1.705975687675e+01 -1.718226385017e+01 -1.730548661455e+01 -1.742937112990e+01 -1.755385311614e+01 -1.767886475969e+01 -1.780433925463e+01 -1.793021545998e+01 -1.805644194771e+01 -1.818297824834e+01 -1.830979305800e+01 -1.843686126329e+01 -1.856416129638e+01 -1.869167309481e+01 -1.881937653068e+01 -1.894725030210e+01 -1.907527131438e+01
-1.443910663034e+01 -1.443910663087e+01 -1.443910663155e+01 -1.443910663241e+01 -1.443910663349e+01 -1.443910663486e+01 -1.443910663658e+01 -1.443910663876e+01 -1.443910664150e+01 -1.443910664496e+01 -1.443910664933e+01 -1.443910665484e+01 -1.443910666180e+01 -1.443910667057e+01 -1.443910668165e+01 -1.443910669562e+01 -1.443910671326e+01 -1.443910673551e+01 -1.443910676359e+01 -1.443910679902e+01 -1.443910684373e+01 -1.443910690015e+01 -1.443910697134e+01 -1.443910706118e+01 -1.443910717454e+01 -1.443910731760e+01 -1.443910749812e+01 -1.443910772592e+01 -1.443910801339e+01 -1.443910837616e+01 -1.443910883396e+01 -1.443910941171e+01 -1.443911014085e+01 -1.443911106109e+01 -1.443911222257e+01 -1.443911368861e+01 -1.443911553921e+01 -1.443911787547e+01 -1.443912082521e+01 -1.443912455008e+01 -1.443912925467e+01 -1.443913519810e+01 -1.443914270889e+01 -1.443915220404e+01 -1.443916421368e+01 -1.443917941310e+01 -1.443919866452e+01 -1.443922307231e+01 -1.443925405642e+01 -1.443929345138e+01 -1.443934364180e+01 -1.443940775089e+01 -1.443948990812e+01 -1.443959563847e+01 -1.443973244360e+01 -1.443991069742e+01 -1.444014507656e+01 -1.444045694237e+01 -1.444087850623e+01 -1.444146054985e+01 -1.444228778031e+01 -1.444351216390e+01 -1.444543379700e+01 -1.444872754461e+01 -1.445520770766e+01 -1.447089468162e+01 -1.451873337347e+01 -1.464509452494e+01 -1.480418216030e+01 -1.496396405080e+01 -1.512796079469e+01 -1.529949145020e+01 -1.548073837556e+01 -1.567171248110e+01 -1.585056769213e+01 -1.599829833202e+01 -1.613217149617e+01 -1.626047574981e+01 -1.638552044015e+01 -1.650907601472e+01 -1.663207115113e+01 -1.675499716856e+01 -1.687813960715e+01 -1.700167115927e+01 -1.712568382739e+01 -1.725020948414e+01 -1.737523887469e+01 -1.750073890590e+01 -1.762666433382e+01 -1.775296480482e+01 -1.787959062252e+01 -1.800649815419e+01 -1.813365293669e+01 -1.826102925501e+01 -1.838860757292e+01 -1.851637180908e+01 -1.864430720513e+01 -1.877239870424e+01 -1.890062977252e+01 -1.902898169735e+01
-1.443910662990e+01 -1.443910663033e+01 -1.443910663086e+01 -1.443910663154e+01 -1.443910663239e+01 -1.443910663347e+01 -1.443910663483e+01 -1.443910663654e+01 -1.443910663871e+01 -1.443910664144e+01 -1.443910664489e+01 -1.443910664924e+01 -1.443910665472e+01 -1.443910666165e+01 -1.443910667039e+01 -1.443910668141e+01 -1.443910669533e+01 -1.443910671288e+01 -1.443910673504e+01 -1.443910676300e+01 -1.443910679827e+01 -1.443910684279e+01 -1.443910689896e+01 -1.443910696984e+01 -1.443910705929e+01 -1.443910717216e+01 -1.443910731459e+01 -1.443910749432e+01 -1.443910772113e+01 -1.443910800734e+01 -1.443910836852e+01 -1.443910882433e+01 -1.443910939956e+01 -1.443911012551e+01 -1.443911104173e+01 -1.443911219813e+01 -1.443911365775e+01 -1.443911550026e+01 -1.443911782630e+01 -1.443912076313e+01 -1.443912447167e+01 -1.443912915563e+01 -1.443913507296e+01 -1.443914255073e+01 -1.443915200406e+01 -1.443916396069e+01 -1.443917909280e+01 -1.443919825868e+01 -1.443922255751e+01 -1.443925340250e+01 -1.443929261928e+01 -1.443934258059e+01 -1.443940639361e+01 -1.443948816583e+01 -1.443959339148e+01 -1.443972952818e+01 -1.443990688515e+01 -1.444014004066e+01 -1.444045020062e+01 -1.444086931898e+01 -1.444144772594e+01 -1.444226927880e+01 -1.444348419563e+01 -1.444538853865e+01 -1.444864634432e+01 -1.445503663032e+01 -1.447044783413e+01 -1.451743121134e+01 -1.464296913676e+01 -1.480237486227e+01 -1.496284158233e+01 -1.512769751846e+01 -1.530045950671e+01 -1.548356663294e+01 -1.567761841905e+01 -1.586285225622e+01 -1.602152562745e+01 -1.616513104637e+01 -1.629981847197e+01 -1.642959117719e+01 -1.655699413894e+01 -1.668325021321e+01 -1.680902009948e+01 -1.693467992404e+01 -1.706046320678e+01 -1.718649679519e+01 -1.731283602578e+01 -1.743949134910e+01 -1.756644780585e+01 -1.769367677706e+01 -1.782114376645e+01 -1.794881523399e+01 -1.807666378820e+01 -1.820466979005e+01 -1.833281972858e+01 -1.846110355313e+01 -1.858951240411e+01 -1.871803691543e+01 -1.884666596068e+01 -1.897538585213e+01
-1.443910662956e+01 -1.443910662990e+01 -1.443910663032e+01 -1.443910663086e+01 -1.443910663153e+01 -1.443910663238e+01 -1.443910663346e+01 -1.443910663481e+01 -1.443910663652e+01 -1.443910663868e+01 -1.443910664140e+01 -1.443910664484e+01 -1.443910664918e+01 -1.443910665465e+01 -1.443910666155e+01 -1.443910667027e+01 -1.443910668126e+01 -1.443910669514e+01 -1.443910671264e+01 -1.443910673473e+01 -1.443910676261e+01 -1.443910679779e+01 -1.443910684218e+01 -1.443910689819e+01 -1.443910696887e+01 -1.443910705806e+01 -1.443910717060e+01 -1.443910731263e+01 -1.443910749185e+01 -1.443910771800e+01 -1.443910800340e+01 -1.443910836355e+01 -1.443910881805e+01 -1.443910939164e+01 -1.443911011552e+01 -1.443911102911e+01 -1.443911218220e+01 -1.443911363766e+01 -1.443911547489e+01 -1.443911779427e+01 -1.443912072268e+01 -1.443912442060e+01 -1.443912909111e+01 -1.443913499145e+01 -1.443914244771e+01 -1.443915187380e+01 -1.443916379589e+01 -1.443917888418e+01 -1.443919799433e+01 -1.443922222221e+01 -1.443925297661e+01 -1.443929207738e+01 -1.443934188954e+01 -1.443940550986e+01 -1.443948703156e+01 -1.443959192888e+01 -1.443972763094e+01 -1.443990440502e+01 -1.444013676574e+01 -1.444044581861e+01 -1.444086335156e+01 -1.444143940426e+01 -1.444225728871e+01 -1.444346610527e+01 -1.444535934965e+01 -1.444859421819e+01 -1.445492767698e+01 -1.447016681466e+01 -1.451611258367e+01 -1.464073070814e+01 -1.480158019773e+01 -1.496270474601e+01 -1.512838822559e+01 -1.530229593438e+01 -1.548707192999e+01 -1.568387176579e+01 -1.587553970269e+01 -1.604495538247e+01 -1.619677113978e+01 -1.633661815291e+01 -1.647032692765e+01 -1.660100253220e+01 -1.673007159061e+01 -1.685833743109e+01 -1.698622005736e+01 -1.711400193271e+01 -1.724183432604e+01 -1.736979089196e+01 -1.749789878227e+01 -1.762615862835e+01 -1.775455641081e+01 -1.788307218811e+01 -1.801168740813e+01 -1.814038912930e+01 -1.826917017916e+01 -1.839802695029e+01 -1.852695700024e+01 -1.865595722405e+01 -1.878502251561e+01 -1.891414485599e+01
-1.443910662929e+01 -1.443910662956e+01 -1.443910662989e+01 -1.443910663032e+01 -1.443910663085e+01 -1.443910663152e+01 -1.443910663237e+01 -1.443910663345e+01 -1.443910663480e+01 -1.443910663651e+01 -1.443910663866e+01 -1.443910664138e+01 -1.443910664481e+01 -1.443910664914e+01 -1.443910665461e+01 -1.443910666150e+01 -1.443910667020e+01 -1.443910668118e+01 -1.443910669503e+01 -1.443910671251e+01 -1.443910673456e+01 -1.443910676239e+01 -1.443910679751e+01 -1.443910684183e+01 -1.443910689775e+01 -1.443910696832e+01 -1.443910705736e+01 -1.443910716973e+01 -1.443910731152e+01 -1.443910749045e+01 -1.443910771625e+01 -1.443910800118e+01 -1.443910836075e+01 -1.443910881452e+01 -1.443910938718e+01 -1.443911010989e+01 -1.443911102201e+01 -1.443911217324e+01 -1.443911362634e+01 -1.443911546060e+01 -1.443911777624e+01 -1.443912069991e+01 -1.443912439184e+01 -1.443912905479e+01 -1.443913494556e+01 -1.443914238970e+01 -1.443915180045e+01 -1.443916370311e+01 -1.443917876672e+01 -1.443919784552e+01 -1.443922203346e+01 -1.443925273688e+01 -1.443929177238e+01 -1.443934150065e+01 -1.443940501260e+01 -1.443948639345e+01 -1.443959110628e+01 -1.443972656422e+01 -1.443990301115e+01 -1.444013492620e+01 -1.444044335902e+01 -1.444086000541e+01 -1.444143474432e+01 -1.444225058740e+01 -1.444345602276e+01 -1.444534315123e+01 -1.444856549492e+01 -1.445486840138e+01 -1.447001753975e+01 -1.451571677162e+01 -1.464025354576e+01 -1.480159098380e+01 -1.496332860001e+01 -1.512978411434e+01 -1.530472851867e+01 -1.549096835095e+01 -1.569021330861e+01 -1.588834391684e+01 -1.606788926416e+01 -1.622636233581e+01 -1.637035414515e+01 -1.650733808269e+01 -1.664079276208e+01 -1.677230593293e+01 -1.690272655414e+01 -1.703255822889e+01 -1.716209927917e+01 -1.729151852046e+01 -1.742090440512e+01 -1.755029822590e+01 -1.767971394889e+01 -1.780915046881e+01 -1.793860114375e+01 -1.806806090971e+01 -1.819752920769e+01 -1.832700908966e+01 -1.845650491052e+01 -1.858602030825e+01 -1.871555674538e+01 -1.884511248232e+01
-1.443910662908e+01 -1.443910662929e+01 -1.443910662956e+01 -1.443910662989e+01 -1.443910663032e+01 -1.443910663085e+01 -1.443910663152e+01 -1.443910663237e+01 -1.443910663344e+01 -1.443910663480e+01 -1.443910663650e+01 -1.443910663866e+01 -1.443910664137e+01 -1.443910664480e+01 -1.443910664913e+01 -1.443910665459e+01 -1.443910666148e+01 -1.443910667017e+01 -1.443910668114e+01 -1.443910669499e+01 -1.443910671246e+01 -1.443910673450e+01 -1.443910676231e+01 -1.443910679741e+01 -1.443910684170e+01 -1.443910689759e+01 -1.443910696811e+01 -1.443910705710e+01 -1.443910716940e+01 -1.443910731111e+01 -1.443910748993e+01 -1.443910771558e+01 -1.443910800034e+01 -1.443910835970e+01 -1.443910881319e+01 -1.443910938550e+01 -1.443911010777e+01 -1.443911101933e+01 -1.443911216986e+01 -1.443911362208e+01 -1.443911545522e+01 -1.443911776944e+01 -1.443912069133e+01 -1.443912438101e+01 -1.443912904111e+01 -1.443913492827e+01 -1.443914236786e+01 -1.443915177283e+01 -1.443916366817e+01 -1.443917872250e+01 -1.443919778950e+01 -1.443922196242e+01 -1.443925264667e+01 -1.443929165763e+01 -1.443934135439e+01 -1.443940482567e+01 -1.443948615371e+01 -1.443959079745e+01 -1.443972616414e+01 -1.443990248903e+01 -1.444013423830e+01 -1.444044244128e+01 -1.444085876062e+01 -1.444143301798e+01 -1.444224811945e+01 -1.444345234201e+01 -1.444533731869e+01 -1.444855539317e+01 -1.445484848172e+01 -1.446997213647e+01 -1.451562847635e+01 -1.464036045122e+01 -1.480221782033e+01 -1.496450960708e+01 -1.513166397432e+01 -1.530752241811e+01 -1.549502070338e+01 -1.569643967937e+01 -1.590098579848e+01 -1.608971848608e+01 -1.625342836884e+01 -1.640074382917e+01 -1.654044891087e+01 -1.667625415506e+01 -1.680985445195e+01 -1.694214799048e+01 -1.707367357118e+01 -1.720474793505e+01 -1.733555289959e+01 -1.746618905471e+01 -1.759670957369e+01 -1.772713981226e+01 -1.785749011138e+01 -1.798776577871e+01 -1.811797350595e+01 -1.824812304832e+01 -1.837822572055e+01 -1.850829224631e+01 -1.863833110339e+01 -1.876834736797e+01
-1.443910662892e+01 -1.443910662908e+01 -1.443910662929e+01 -1.443910662956e+01 -1.443910662989e+01 -1.443910663032e+01 -1.443910663085e+01 -1.443910663152e+01 -1.443910663237e+01 -1.443910663344e+01 -1.443910663480e+01 -1.443910663650e+01 -1.443910663866e+01 -1.443910664138e+01 -1.443910664481e+01 -1.443910664913e+01 -1.443910665459e+01 -1.443910666149e+01 -1.443910667018e+01 -1.443910668115e+01 -1.443910669500e+01 -1.443910671247e+01 -1.443910673452e+01 -1.443910676234e+01 -1.443910679744e+01 -1.443910684174e+01 -1.443910689764e+01 -1.443910696817e+01 -1.443910705718e+01 -1.443910716950e+01 -1.443910731123e+01 -1.443910749008e+01 -1.443910771578e+01 -1.443910800059e+01 -1.443910836000e+01 -1.443910881358e+01 -1.443910938598e+01 -1.443911010838e+01 -1.443911102011e+01 -1.443911217084e+01 -1.443911362331e+01 -1.443911545678e+01 -1.443911777142e+01 -1.443912069382e+01 -1.443912438415e+01 -1.443912904508e+01 -1.443913493329e+01 -1.443914237421e+01 -1.443915178086e+01 -1.443916367833e+01 -1.443917873537e+01 -1.443919780582e+01 -1.443922198314e+01 -1.443925267302e+01 -1.443929169121e+01 -1.443934139729e+01 -1.443940488067e+01 -1.443948622452e+01 -1.443959088912e+01 -1.443972628365e+01 -1.443990264629e+01 -1.444013444773e+01 -1.444044272469e+01 -1.444085915239e+01 -1.444143357550e+01 -1.444224894552e+01 -1.444345363886e+01 -1.444533953719e+01 -1.444855973027e+01 -1.445485899790e+01 -1.447000677766e+01 -1.451577627512e+01 -1.464195873120e+01 -1.480328852571e+01 -1.496606659145e+01 -1.513383634130e+01 -1.531048229093e+01 -1.549904426198e+01 -1.570239811373e+01 -1.591320685735e+01 -1.610998242297e+01 -1.627772298131e+01 -1.642770278583e+01 -1.656966216686e+01 -1.670744331674e+01 -1.684282383132e+01 -1.697672261249e+01 -1.710970584373e+01 -1.724210265828e+01 -1.737410476706e+01 -1.750582273300e+01 -1.763731963477e+01 -1.776863055557e+01 -1.789977592461e+01 -1.803077154825e+01 -1.816163408564e+01 -1.829238171871e+01 -1.842303238377e+01 -1.855360187856e+01 -1.868410251754e+01
-1.443910662878e+01 -1.443910662892e+01 -1.443910662908e+01 -1.443910662929e+01 -1.443910662956e+01 -1.443910662989e+01 -1.443910663032e+01 -1.443910663085e+01 -1.443910663153e+01 -1.443910663238e+01 -1.443910663345e+01 -1.443910663480e+01 -1.443910663651e+01 -1.443910663867e+01 -1.443910664139e+01 -1.443910664482e+01 -1.443910664915e+01 -1.443910665461e+01 -1.443910666151e+01 -1.443910667021e+01 -1.443910668119e+01 -1.443910669505e+01 -1.443910671253e+01 -1.443910673460e+01 -1.443910676244e+01 -1.443910679757e+01 -1.443910684190e+01 -1.443910689784e+01 -1.443910696843e+01 -1.443910705751e+01 -1.443910716991e+01 -1.443910731175e+01 -1.443910749074e+01 -1.443910771660e+01 -1.443910800163e+01 -1.443910836132e+01 -1.443910881524e+01 -1.443910938808e+01 -1.443911011103e+01 -1.443911102345e+01 -1.443911217506e+01 -1.443911362864e+01 -1.443911546351e+01 -1.443911777990e+01 -1.443912070454e+01 -1.443912439769e+01 -1.443912906218e+01 -1.443913495490e+01 -1.443914240152e+01 -1.443915181540e+01 -1.443916372203e+01 -1.443917879070e+01 -1.443919787593e+01 -1.443922207209e+01 -1.443925278604e+01 -1.443929183508e+01 -1.443934158084e+01 -1.443940511554e+01 -1.443948652621e+01 -1.443959127852e+01 -1.443972678942e+01 -1.443990330856e+01 -1.444013532415e+01 -1.444044390081e+01 -1.444086076031e+01 -1.444143582986e+01 -1.444225221834e+01 -1.444345863163e+01 -1.444534773049e+01 -1.444857477380e+01 -1.445489205059e+01 -1.447010051194e+01 -1.451609662658e+01 -1.464282073600e+01 -1.480464977217e+01 -1.496784282940e+01 -1.513614134088e+01 -1.531345245176e+01 -1.550290123212e+01 -1.570797933604e+01 -1.592478441362e+01 -1.612838807643e+01 -1.629918543482e+01 -1.645129997796e+01 -1.659511919627e+01 -1.673456931341e+01 -1.687143797481e+01 -1.700669983832e+01 -1.714092469711e+01 -1.727445005510e+01 -1.740747528180e+01 -1.754011909614e+01 -1.767245278860e+01 -1.780451973703e+01 -1.793634916094e+01 -1.806796588693e+01 -1.819939484836e+01 -1.833066102702e+01 -1.846178763856e+01 -1.859279450902e+01
-1.443910662868e+01 -1.443910662878e+01 -1.443910662892e+01 -1.443910662908e+01 -1.443910662929e+01 -1.443910662956e+01 -1.443910662990e+01 -1.443910663032e+01 -1.443910663085e+01 -1.443910663153e+01 -1.443910663238e+01 -1.443910663345e+01 -1.443910663481e+01 -1.443910663652e+01 -1.443910663868e+01 -1.443910664140e+01 -1.443910664484e+01 -1.443910664917e+01 -1.443910665465e+01 -1.443910666155e+01 -1.443910667026e+01 -1.443910668126e+01 -1.443910669513e+01 -1.443910671263e+01 -1.443910673472e+01 -1.443910676259e+01 -1.443910679777e+01 -1.443910684215e+01 -1.443910689815e+01 -1.443910696883e+01 -1.443910705800e+01 -1.443910717054e+01 -1.443910731254e+01 -1.443910749174e+01 -1.443910771787e+01 -1.443910800323e+01 -1.443910836334e+01 -1.443910881778e+01 -1.443910939129e+01 -1.443911011508e+01 -1.443911102857e+01 -1.443911218151e+01 -1.443911363679e+01 -1.443911547379e+01 -1.443911779289e+01 -1.443912072093e+01 -1.443912441839e+01 -1.443912908833e+01 -1.443913498794e+01 -1.443914244328e+01 -1.443915186821e+01 -1.443916378884e+01 -1.443917887529e+01 -1.443919798313e+01 -1.443922220809e+01 -1.443925295881e+01 -1.443929205496e+01 -1.443934186133e+01 -1.443940547440e+01 -1.443948698704e+01 -1.443959187315e+01 -1.443972756144e+01 -1.443990431891e+01 -1.444013666030e+01 -1.444044569220e+01 -1.444086320640e+01 -1.444143925362e+01 -1.444225717722e+01 -1.444346617096e+01 -1.444536003976e+01 -1.444859719035e+01 -1.445494061086e+01 -1.447023476412e+01 -1.451653303440e+01 -1.464387634559e+01 -1.480616932990e+01 -1.496970771387e+01 -1.513845102634e+01 -1.531631470341e+01 -1.550649486934e+01 -1.571311007082e+01 -1.593554365220e+01 -1.614479773568e+01 -1.631789112183e+01 -1.647171380506e+01 -1.661705979651e+01 -1.675788924078e+01 -1.689601272042e+01 -1.703242135677e+01 -1.716769340391e+01 -1.730217204490e+01 -1.743606262587e+01 -1.756949049168e+01 -1.770253371187e+01 -1.783524270738e+01 -1.796765424990e+01 -1.809980076770e+01 -1.823171395906e+01 -1.836342425066e+01 -1.849495905295e+01
-1.443910662860e+01 -1.443910662868e+01 -1.443910662879e+01 -1.443910662892e+01 -1.443910662909e+01 -1.443910662930e+01 -1.443910662956e+01 -1.443910662990e+01 -1.443910663032e+01 -1.443910663086e+01 -1.443910663153e+01 -1.443910663239e+01 -1.443910663346e+01 -1.443910663482e+01 -1.443910663653e+01 -1.443910663869e+01 -1.443910664142e+01 -1.443910664486e+01 -1.443910664920e+01 -1.443910665468e+01 -1.443910666160e+01 -1.443910667032e+01 -1.443910668133e+01 -1.443910669522e+01 -1.443910671275e+01 -1.443910673487e+01 -1.443910676278e+01 -1.443910679800e+01 -1.443910684245e+01 -1.443910689853e+01 -1.443910696930e+01 -1.443910705861e+01 -1.443910717130e+01 -1.443910731350e+01 -1.443910749295e+01 -1.443910771940e+01 -1.443910800516e+01 -1.443910836577e+01 -1.443910882086e+01 -1.443910939517e+01 -1.443911011998e+01 -1.443911103475e+01 -1.443911218932e+01 -1.443911364663e+01 -1.443911548622e+01 -1.443911780858e+01 -1.443912074075e+01 -1.443912444342e+01 -1.443912911994e+01 -1.443913502788e+01 -1.443914249376e+01 -1.443915193204e+01 -1.443916386960e+01 -1.443917897753e+01 -1.443919811269e+01 -1.443922237244e+01 -1.443925316761e+01 -1.443929232069e+01 -1.443934220030e+01 -1.443940590803e+01 -1.443948754386e+01 -1.443959259154e+01 -1.443972849402e+01 -1.443990553920e+01 -1.444013827369e+01 -1.444044785465e+01 -1.444086615794e+01 -1.444144338254e+01 -1.444226315276e+01 -1.444347524567e+01 -1.444537483019e+01 -1.444862404979e+01 -1.445499850415e+01 -1.447039323259e+01 -1.451758603649e+01 -1.464502683750e+01 -1.480773764534e+01 -1.497155706441e+01 -1.514066785304e+01 -1.531898426821e+01 -1.550976245506e+01 -1.571774598519e+01 -1.594536348285e+01 -1.615919874469e+01 -1.633400623452e+01 -1.648919279075e+01 -1.663578540935e+01 -1.677775413432e+01 -1.691692021999e+01 -1.705428520299e+01 -1.719043231677e+01 -1.732570860307e+01 -1.746032407899e+01 -1.759440943733e+01 -1.772804832313e+01 -1.786129709881e+01 -1.799419893336e+01 -1.812679256283e+01 -1.825911515872e+01 -1.839120148673e+01
-1.443910662853e+01 -1.443910662860e+01 -1.443910662868e+01 -1.443910662879e+01 -1.443910662892e+01 -1.443910662909e+01 -1.443910662930e+01 -1.443910662956e+01 -1.443910662990e+01 -1.443910663033e+01 -1.443910663086e+01 -1.443910663154e+01 -1.443910663239e+01 -1.443910663347e+01 -1.443910663483e+01 -1.443910663654e+01 -1.443910663871e+01 -1.443910664144e+01 -1.443910664489e+01 -1.443910664923e+01 -1.443910665472e+01 -1.443910666165e+01 -1.443910667038e+01 -1.443910668141e+01 -1.443910669532e+01 -1.443910671288e+01 -1.443910673503e+01 -1.443910676299e+01 -1.443910679826e+01 -1.443910684277e+01 -1.443910689894e+01 -1.443910696982e+01 -1.443910705926e+01 -1.443910717212e+01 -1.443910731454e+01 -1.443910749425e+01 -1.443910772104e+01 -1.443910800723e+01 -1.443910836839e+01 -1.443910882416e+01 -1.443910939935e+01 -1.443911012525e+01 -1.443911104140e+01 -1.443911219771e+01 -1.443911365722e+01 -1.443911549959e+01 -1.443911782546e+01 -1.443912076207e+01 -1.443912447034e+01 -1.443912915394e+01 -1.443913507084e+01 -1.443914254806e+01 -1.443915200071e+01 -1.443916395648e+01 -1.443917908753e+01 -1.443919825207e+01 -1.443922254926e+01 -1.443925339224e+01 -1.443929260656e+01 -1.443934256494e+01 -1.443940637451e+01 -1.443948814282e+01 -1.443959336430e+01 -1.443972949711e+01 -1.443990685166e+01 -1.444014000880e+01 -1.444045017997e+01 -1.444086933130e+01 -1.444144782081e+01 -1.444226957406e+01 -1.444348499307e+01 -1.444539070635e+01 -1.444865284873e+01 -1.445506044767e+01 -1.447056195943e+01 -1.451812897490e+01 -1.464619100845e+01 -1.480926806148e+01 -1.497331184449e+01 -1.514272157635e+01 -1.532140460716e+01 -1.551266817221e+01 -1.572186549574e+01 -1.595417565756e+01 -1.617166795675e+01 -1.634775032876e+01 -1.650402300838e+01 -1.665162806013e+01 -1.679453189111e+01 -1.693455785546e+01 -1.707271400005e+01 -1.720958625859e+01 -1.734552428485e+01 -1.748074173835e+01 -1.761537360354e+01 -1.774950809347e+01 -1.788320654389e+01 -1.801651747382e+01 -1.814948479182e+01 -1.828215006630e+01
-1.443910662848e+01 -1.443910662853e+01 -1.443910662860e+01 -1.443910662868e+01 -1.443910662879e+01 -1.443910662892e+01 -1.443910662909e+01 -1.443910662930e+01 -1.443910662957e+01 -1.443910662990e+01 -1.443910663033e+01 -1.443910663087e+01 -1.443910663154e+01 -1.443910663240e+01 -1.443910663348e+01 -1.443910663484e+01 -1.443910663656e+01 -1.443910663872e+01 -1.443910664146e+01 -1.443910664491e+01 -1.443910664927e+01 -1.443910665476e+01 -1.443910666170e+01 -1.443910667045e+01 -1.443910668149e+01 -1.443910669542e+01 -1.443910671301e+01 -1.443910673519e+01 -1.443910676319e+01 -1.443910679852e+01 -1.443910684309e+01 -1.443910689935e+01 -1.443910697033e+01 -1.443910705990e+01 -1.443910717293e+01 -1.443910731557e+01 -1.443910749555e+01 -1.443910772268e+01 -1.443910800931e+01 -1.443910837101e+01 -1.443910882746e+01 -1.443910940351e+01 -1.443911013050e+01 -1.443911104802e+01 -1.443911220607e+01 -1.443911366778e+01 -1.443911551292e+01 -1.443911784229e+01 -1.443912078332e+01 -1.443912449717e+01 -1.443912918784e+01 -1.443913511368e+01 -1.443914260220e+01 -1.443915206916e+01 -1.443916404309e+01 -1.443917919718e+01 -1.443919839102e+01 -1.443922272553e+01 -1.443925361616e+01 -1.443929289154e+01 -1.443934292844e+01 -1.443940683952e+01 -1.443948873990e+01 -1.443959413461e+01 -1.443973049702e+01 -1.443990815993e+01 -1.444014173832e+01 -1.444045249772e+01 -1.444087249419e+01 -1.444145224417e+01 -1.444227597321e+01 -1.444349470557e+01 -1.444540652232e+01 -1.444868152780e+01 -1.445512208347e+01 -1.447072940982e+01 -1.451866230942e+01 -1.464730519374e+01 -1.481069558191e+01 -1.497491556207e+01 -1.514456517989e+01 -1.532354192191e+01 -1.551519658333e+01 -1.572546449990e+01 -1.596195859963e+01 -1.618233893857e+01 -1.635936768451e+01 -1.651650296807e+01 -1.666492615086e+01 -1.680859313301e+01 -1.694932356887e+01 -1.708812957500e+01 -1.722559832710e+01 -1.736208123054e+01 -1.749779477434e+01 -1.763287737061e+01 -1.776742095972e+01 -1.790149100688e+01 -1.803514045689e+01 -1.816841742250e+01
-1.443910662844e+01 -1.443910662848e+01 -1.443910662853e+01 -1.443910662860e+01 -1.443910662868e+01 -1.443910662879e+01 -1.443910662892e+01 -1.443910662909e+01 -1.443910662930e+01 -1.443910662957e+01 -1.443910662991e+01 -1.443910663033e+01 -1.443910663087e+01 -1.443910663155e+01 -1.443910663240e+01 -1.443910663348e+01 -1.443910663485e+01 -1.443910663657e+01 -1.443910663874e+01 -1.443910664148e+01 -1.443910664493e+01 -1.443910664930e+01 -1.443910665480e+01 -1.443910666174e+01 -1.443910667051e+01 -1.443910668156e+01 -1.443910669552e+01 -1.443910671312e+01 -1.443910673534e+01 -1.443910676338e+01 -1.443910679876e+01 -1.443910684340e+01 -1.443910689973e+01 -1.443910697081e+01 -1.443910706051e+01 -1.443910717370e+01 -1.443910731653e+01 -1.443910749678e+01 -1.443910772423e+01 -1.443910801125e+01 -1.443910837346e+01 -1.443910883056e+01 -1.443910940742e+01 -1.443911013543e+01 -1.443911105425e+01 -1.443911221393e+01 -1.443911367770e+01 -1.443911552544e+01 -1.443911785810e+01 -1.443912080328e+01 -1.443912452238e+01 -1.443912921969e+01 -1.443913515391e+01 -1.443914265305e+01 -1.443915213346e+01 -1.443916412444e+01 -1.443917930018e+01 -1.443919852154e+01 -1.443922289110e+01 -1.443925382650e+01 -1.443929315922e+01 -1.443934326988e+01 -1.443940727631e+01 -1.443948930075e+01 -1.443959485817e+01 -1.443973143625e+01 -1.443990938881e+01 -1.444014336290e+01 -1.444045467486e+01 -1.444087546520e+01 -1.444145639923e+01 -1.444228198433e+01 -1.444350382926e+01 -1.444542137976e+01 -1.444870846870e+01 -1.445517997465e+01 -1.447088646685e+01 -1.451915875104e+01 -1.464832220560e+01 -1.481197449326e+01 -1.497633087292e+01 -1.514617047241e+01 -1.532537994152e+01 -1.551734707769e+01 -1.572855195627e+01 -1.596872813992e+01 -1.619137555426e+01 -1.636910684761e+01 -1.652692565433e+01 -1.667600709638e+01 -1.682029380584e+01 -1.696159807051e+01 -1.710093460002e+01 -1.723889091174e+01 -1.737581956914e+01 -1.751193925171e+01 -1.764739109907e+01 -1.778227008065e+01 -1.791664506438e+01 -1.805057262379e+01
-1.443910662840e+01 -1.443910662844e+01 -1.443910662848e+01 -1.443910662853e+01 -1.443910662860e+01 -1.443910662868e+01 -1.443910662879e+01 -1.443910662892e+01 -1.443910662909e+01 -1.443910662930e+01 -1.443910662957e+01 -1.443910662991e+01 -1.443910663033e+01 -1.443910663087e+01 -1.443910663155e+01 -1.443910663241e+01 -1.443910663349e+01 -1.443910663486e+01 -1.443910663658e+01 -1.443910663875e+01 -1.443910664149e+01 -1.443910664496e+01 -1.443910664932e+01 -1.443910665483e+01 -1.443910666179e+01 -1.443910667056e+01 -1.443910668163e+01 -1.443910669560e+01 -1.443910671323e+01 -1.443910673548e+01 -1.443910676355e+01 -1.443910679897e+01 -1.443910684367e+01 -1.443910690007e+01 -1.443910697124e+01 -1.443910706105e+01 -1.443910717438e+01 -1.443910731740e+01 -1.443910749786e+01 -1.443910772560e+01 -1.443910801298e+01 -1.443910837564e+01 -1.443910883331e+01 -1.443910941090e+01 -1.443911013982e+01 -1.443911105979e+01 -1.443911222093e+01 -1.443911368653e+01 -1.443911553659e+01 -1.443911787217e+01 -1.443912082105e+01 -1.443912454482e+01 -1.443912924803e+01 -1.443913518972e+01 -1.443914269832e+01 -1.443915219071e+01 -1.443916419686e+01 -1.443917939187e+01 -1.443919863772e+01 -1.443922303849e+01 -1.443925401374e+01 -1.443929339752e+01 -1.443934357384e+01 -1.443940766516e+01 -1.443948980003e+01 -1.443959550232e+01 -1.443973227240e+01 -1.443991048285e+01 -1.444014480925e+01 -1.444045661319e+01 -1.444087811043e+01 -1.444146009885e+01 -1.444228733691e+01 -1.444351195422e+01 -1.444543461260e+01 -1.444873246832e+01 -1.445523155565e+01 -1.447102631019e+01 -1.451959826720e+01 -1.464920943563e+01 -1.481307533459e+01 -1.497753591926e+01 -1.514752385447e+01 -1.532691535058e+01 -1.551912934236e+01 -1.573114627491e+01 -1.597452747979e+01 -1.619895268936e+01 -1.637720705798e+01 -1.653556676191e+01 -1.668517604008e+01 -1.682996394167e+01 -1.697173337330e+01 -1.711150077473e+01 -1.724985348355e+01 -1.738714481783e+01 -1.752359515023e+01 -1.765934778593e+01 -1.779450014697e+01 -1.792912388650e+01
