# ====================================================================
# CALIMA Dust Chemistry Solver  —  Evolution Output
# Generated  : 2026-05-27 12:14:45
# Config     : solvers/configs/example_ic.json
# ====================================================================
#
# INITIAL CONDITIONS
#   T_gas    = 1.000000e+02 K
#   n_H      = 1.000000e+02 cm^-3
#   n_e      = 1.000000e-03 cm^-3
#   G0       = 1.000000e+00  (Habing units)
#   mu       = 1.4000  (mean molecular weight)
#   rho      = 2.341671e-22 g/cm^3
#
# INITIAL DENSITIES
#   Gas phase:
#     H     = 1.653219e-22 g/cm^3
#     He    = 6.439594e-23 g/cm^3
#     C     = 5.547418e-25 g/cm^3
#     N     = 1.948270e-25 g/cm^3
#     O     = 1.342948e-24 g/cm^3
#     Mg    = 1.508036e-25 g/cm^3
#     Si    = 1.571261e-25 g/cm^3
#     S     = 7.985097e-26 g/cm^3
#     Fe    = 2.945822e-25 g/cm^3
#   Dust / PAH:
#     DustBin_01    = 8.000000e-28 g/cm^3
#     DustBin_02    = 8.000000e-27 g/cm^3
#     DustBin_03    = 6.000000e-28 g/cm^3
#     DustBin_04    = 6.000000e-27 g/cm^3
#     PAHbin_01     = 1.000000e-29 g/cm^3
#     PAHbin_02     = 5.000000e-30 g/cm^3
#
# DUST BINS  (ndust = 4)
#    Idx  ID              Comp.             a [µm]           m [g]     sigma [cm2]  Elements
#   ----------------------------------------------------------------------------------------
#      0  DustBin_01      graphite      1.0000e-02      9.3829e-18      2.2400e+00  C
#      1  DustBin_02      graphite      1.0000e-01      9.3829e-15      2.2400e+00  C
#      2  DustBin_03      silicate      5.0000e-03      1.7279e-18      3.3000e+00  Mg, Si, O, Fe
#      3  DustBin_04      silicate      1.0000e-01      1.3823e-14      3.3000e+00  Mg, Si, O, Fe
#
# PAH BINS  (npah = 2)
#    Idx  ID                  Nc           m [g]     sigma [cm2]
#   ------------------------------------------------------------
#      0  PAHbin_01           54      1.0770e-21      2.2400e+00
#      1  PAHbin_02           96      1.9147e-21      2.2400e+00
#
# ACTIVE PROCESSES  :  accretion, sputtering, coagulation
#
# SOLVER SETTINGS
#   Type     = RK4 (adaptive Runge-Kutta 4th order)
#   errmax   = 1.00e-01  (max accepted relative error per step)
#   countmax = 10000  (max ODE iterations)
#   t_end    = 100 Myr  (3.153600e+15 s)
#
# SOLVER DIAGNOSTICS
#   Substeps   : 367 accepted, 0 rejected, 367 total
#   h changes  : 231 increases, 136 reductions
#   h_step [s] : min = 1.000000e+10  max = 1.473303e+13  mean = 8.592916e+12
#   rel. error : min = 1.093733e-04  max = 9.543553e-02  mean = 8.763137e-02
#   Wall time  : 0.9180 s
#
# MASS CONSERVATION  (gas + dust + PAH per element)
#    Element    M_init [g/cm3]   M_final [g/cm3]       |dM|/M0
#   ------------------------------------------------------------
#          H      1.653219e-22      1.653219e-22    0.0000e+00
#         He      6.439594e-23      6.439594e-23    0.0000e+00
#          C      5.635568e-25      5.635568e-25    1.6296e-16
#          N      1.948270e-25      1.948270e-25    0.0000e+00
#          O      1.346737e-24      1.346737e-24    4.0915e-16
#         Mg      1.517408e-25      1.517408e-25    1.5130e-16
#         Si      1.582019e-25      1.582019e-25    4.3537e-16
#          S      7.985097e-26      7.985097e-26    0.0000e+00
#         Fe      2.953808e-25      2.953808e-25    7.7726e-16
#   ------------------------------------------------------------
#      TOTAL      2.325082e-22      2.325082e-22    0.0000e+00  OK
#
# COLUMN DESCRIPTIONS  (ncols = 19,  nrows = 368)
#   Row 1 is the initial state (t = 0); h_s and error are NaN there.
#   Col 001:  time_s                Time  [s]
#   Col 002:  time_Myr              Time  [Myr]
#   Col 003:  h_s                   Accepted timestep  [s]  (NaN at t = 0)
#   Col 004:  error                 Max relative step error  (NaN at t = 0)
#   Col 005:  DustBin_01            DustBin_01 mass density  [g/cm^3]
#   Col 006:  DustBin_02            DustBin_02 mass density  [g/cm^3]
#   Col 007:  DustBin_03            DustBin_03 mass density  [g/cm^3]
#   Col 008:  DustBin_04            DustBin_04 mass density  [g/cm^3]
#   Col 009:  PAHbin_01             PAHbin_01 mass density  [g/cm^3]
#   Col 010:  PAHbin_02             PAHbin_02 mass density  [g/cm^3]
#   Col 011:  H_gas                 H gas-phase mass density  [g/cm^3]
#   Col 012:  He_gas                He gas-phase mass density  [g/cm^3]
#   Col 013:  C_gas                 C gas-phase mass density  [g/cm^3]
#   Col 014:  N_gas                 N gas-phase mass density  [g/cm^3]
#   Col 015:  O_gas                 O gas-phase mass density  [g/cm^3]
#   Col 016:  Mg_gas                Mg gas-phase mass density  [g/cm^3]
#   Col 017:  Si_gas                Si gas-phase mass density  [g/cm^3]
#   Col 018:  S_gas                 S gas-phase mass density  [g/cm^3]
#   Col 019:  Fe_gas                Fe gas-phase mass density  [g/cm^3]
#
# --------------------------------------------------------------------
# DATA  (column names below, then rows)
#                   time_s                  time_Myr                       h_s                     error                DustBin_01                DustBin_02                DustBin_03                DustBin_04                 PAHbin_01                 PAHbin_02                     H_gas                    He_gas                     C_gas                     N_gas                     O_gas                    Mg_gas                    Si_gas                     S_gas                    Fe_gas
# --------------------------------------------------------------------
   0.000000000000000e+00     0.000000000000000e+00                       nan                       nan     8.000000000000000e-28     8.000000000000000e-27     6.000000000000000e-28     6.000000000000000e-27     9.999999999999999e-30     5.000000000000000e-30     1.653219485960000e-22     6.439594315000001e-23     5.547417793540000e-25     1.948269989120000e-25     1.342948123510000e-24     1.508035905040000e-25     1.571261012860000e-25     7.985096950600000e-26     2.945821690280000e-25
   1.000000000000000e+10     3.170979198376458e-04     1.000000000000000e+10     1.093732867672980e-04     8.000567171378152e-28     8.000056715328586e-27     6.000656239720604e-28     6.000032810281584e-27     9.999999999999999e-30     5.000000000000000e-30     1.653219485960000e-22     6.439594315000001e-23     5.547416659215336e-25     1.948269989120000e-25     1.342948067008738e-24     1.508035765263360e-25     1.571260852412167e-25     7.985096950600000e-26     2.945821571174553e-25
   3.000000000000000e+10     9.512937595129375e-04     2.000000000000000e+10     2.187585025372079e-04     8.001701634420577e-28     8.000170147157203e-27     6.001968934293846e-28     6.000098431372957e-27     9.999999999999999e-30     5.000000000000000e-30     1.653219485960000e-22     6.439594315000001e-23     5.547414390434007e-25     1.948269989120000e-25     1.342947953993563e-24     1.508035485678781e-25     1.571260531480572e-25     7.985096950600000e-26     2.945821332936989e-25
   7.000000000000000e+10     2.219685438863521e-03     4.000000000000000e+10     4.375647262511444e-04     8.003971041728918e-28     8.000397015500279e-27     6.004595184187548e-28     6.000229675668547e-27     9.999999999999999e-30     5.000000000000000e-30     1.653219485960000e-22     6.439594315000001e-23     5.547409852343268e-25     1.948269989120000e-25     1.342947727912594e-24     1.508034926384396e-25     1.571259889473638e-25     7.985096950600000e-26     2.945820856355154e-25
   1.500000000000000e+11     4.756468797564688e-03     8.000000000000000e+10     8.753203785473457e-04     8.008511781871830e-28     8.000850770930288e-27     6.009851128717194e-28     6.000492172711257e-27     9.999999999999999e-30     5.000000000000000e-30     1.653219485960000e-22     6.439594315000001e-23     5.547400774048825e-25     1.948269989120000e-25     1.342947275548075e-24     1.508033807294472e-25     1.571258604884500e-25     7.985096950600000e-26     2.945819902764444e-25
   3.100000000000000e+11     9.830035514967021e-03     1.600000000000000e+11     1.751404792102938e-03     8.017600969323305e-28     8.001758356769584e-27     6.020376810783855e-28     6.001017200604005e-27     9.999999999999999e-30     5.000000000000000e-30     1.653219485960000e-22     6.439594315000001e-23     5.547382609002980e-25     1.948269989120000e-25     1.342946370007914e-24     1.508031567108011e-25     1.571256033402858e-25     7.985096950600000e-26     2.945817993873164e-25
   6.300000000000000e+11     1.997716894977169e-02     3.200000000000000e+11     3.505868372825870e-03     8.035810213417166e-28     8.003573828396168e-27     6.041483459437276e-28     6.002067391628491e-27     9.999999999999999e-30     5.000000000000000e-30     1.653219485960000e-22     6.439594315000001e-23     5.547346245042620e-25     1.948269989120000e-25     1.342944555676633e-24     1.508027078692648e-25     1.571250881207757e-25     7.985096950600000e-26     2.945814169237537e-25
   1.270000000000000e+12     4.027143581938102e-02     6.400000000000000e+11     7.023993120191016e-03     8.072352503275053e-28     8.007205971688170e-27     6.083918797692112e-28     6.004168314710784e-27     9.999999999999999e-30     5.000000000000000e-30     1.653219485960000e-22     6.439594315000001e-23     5.547273381319842e-25     1.948269989120000e-25     1.342940913958368e-24     1.508018069563839e-25     1.571240539742998e-25     7.985096950600000e-26     2.945806492444679e-25
   2.550000000000000e+12     8.085996955859970e-02     1.280000000000000e+12     1.409718200063779e-02     8.145934899840895e-28     8.014475060401080e-27     6.169684908260279e-28     6.008372325625995e-27     9.999999999999999e-30     5.000000000000000e-30     1.653219485960000e-22     6.439594315000001e-23     5.547127108036147e-25     1.948269989120000e-25     1.342933577881356e-24     1.507999921080638e-25     1.571219707329183e-25     7.985096950600000e-26     2.945791027892093e-25
   5.110000000000000e+12     1.620370370370370e-01     2.560000000000000e+12     2.839251715885188e-02     8.295112017560222e-28     8.029032462108471e-27     6.344857792882768e-28     6.016789011372912e-27     9.999999999999999e-30     5.000000000000000e-30     1.653219485960000e-22     6.439594315000001e-23     5.546832356901354e-25     1.948269989120000e-25     1.342918691780160e-24     1.507963094837261e-25     1.571177434951223e-25     7.985096950600000e-26     2.945759647783300e-25
   1.023000000000000e+13     3.243911719939117e-01     5.120000000000000e+12     5.758873599283942e-02     8.601686859557005e-28     8.058224288406378e-27     6.710250133229204e-28     6.033657077438885e-27     9.999999999999999e-30     5.000000000000000e-30     1.653219485960000e-22     6.439594315000001e-23     5.546233863796377e-25     1.948269989120000e-25     1.342888035989902e-24     1.507887256471118e-25     1.571090381052059e-25     7.985096950600000e-26     2.945695024950178e-25
   1.823156475143500e+13     5.781191258065386e-01     8.001564751435002e+12     9.143950853832195e-02     9.103578361605569e-28     8.104051682628787e-27     7.323832107580891e-28     6.060111402479413e-27     9.999999999999999e-30     5.000000000000000e-30     1.653219485960000e-22     6.439594315000001e-23     5.545273698352105e-25     1.948269989120000e-25     1.342837631602001e-24     1.507762562689203e-25     1.570947246640423e-25     7.985096950600000e-26     2.945588771797982e-25
   2.610716293804754e+13     8.278527060517358e-01     7.875598186612540e+12     8.992838861412222e-02     9.626062787572856e-28     8.149404180367409e-27     7.982452527496012e-28     6.086260080526198e-27     9.999999999999999e-30     5.000000000000000e-30     1.653219485960000e-22     6.439594315000001e-23     5.544297688948751e-25     1.948269989120000e-25     1.342784817448699e-24     1.507631907466748e-25     1.570797269166761e-25     7.985096950600000e-26     2.945477438826736e-25
   3.398903258698084e+13     1.077785153062558e+00     7.881869648933297e+12     8.999386809353015e-02     1.017888490675703e-27     8.195038709381511e-27     8.700824307318354e-28     6.112539947675063e-27     9.999999999999999e-30     5.000000000000000e-30     1.653219485960000e-22     6.439594315000001e-23     5.543288521539426e-25     1.948269989120000e-25     1.342728498264794e-24     1.507492581262662e-25     1.570637338383197e-25     7.985096950600000e-26     2.945358717202127e-25
   4.187143928236539e+13     1.327734629704636e+00     7.882406695384558e+12     8.999038776275475e-02     1.076338514481126e-27     8.240923397181344e-27     9.483814860589535e-28     6.138932308624055e-27     9.999999999999999e-30     5.000000000000000e-30     1.653219485960000e-22     6.439594315000001e-23     5.542245174423373e-25     1.948269989120000e-25     1.342668405391852e-24     1.507343919451550e-25     1.570466691374667e-25     7.985096950600000e-26     2.945232040588433e-25
   4.975468792948616e+13     1.577710804461129e+00     7.883248647120773e+12     8.998986977948262e-02     1.138139522984853e-27     8.287061079592410e-27     1.033726212490671e-27     6.165438478464027e-27     9.999999999999999e-30     5.000000000000000e-30     1.653219485960000e-22     6.439594315000001e-23     5.541165787514224e-25     1.948269989120000e-25     1.342604202977392e-24     1.507185091178844e-25     1.570284374413744e-25     7.985096950600000e-26     2.945096701003944e-25
   5.763882399924000e+13     1.827715119204719e+00     7.884136069753838e+12     8.998916270890880e-02     1.203483257466104e-27     8.333453085058413e-27     1.126750368822958e-27     6.192058893622417e-27     9.999999999999999e-30     5.000000000000000e-30     1.653219485960000e-22     6.439594315000001e-23     5.540048430114752e-25     1.948269989120000e-25     1.342535526993356e-24     1.507015195887328e-25     1.570089353762214e-25     7.985096950600000e-26     2.944951931072440e-25
   6.552390954640888e+13     2.077749541679632e+00     7.885085547168880e+12     8.998839905639081e-02     1.272572528935304e-27     8.380100829702855e-27     1.228144830649534e-27     6.218794029507563e-27     9.999999999999999e-30     5.000000000000000e-30     1.653219485960000e-22     6.439594315000001e-23     5.538891059953615e-25     1.948269989120000e-25     1.342461980604270e-24     1.506833251858577e-25     1.569880502517944e-25     7.985096950600000e-26     2.944796894259209e-25
   7.341001160719225e+13     2.327816197589810e+00     7.886102060783365e+12     8.998756716774216e-02     1.345621764625796e-27     8.427005749357344e-27     1.338662596089324e-27     6.245644360022122e-27     9.999999999999999e-30     5.000000000000000e-30     1.653219485960000e-22     6.439594315000001e-23     5.537691518400166e-25     1.948269989120000e-25     1.342383131317192e-24     1.506638189162322e-25     1.569656592521539e-25     7.985096950600000e-26     2.944630678863104e-25
   8.129720322497972e+13     2.577917403125942e+00     7.887191617787471e+12     8.998666116480412e-02     1.422857684492479e-27     8.474169305010538e-27     1.459124373537611e-27     6.272610359159180e-27     9.999999999999999e-30     5.000000000000000e-30     1.653219485960000e-22     6.439594315000001e-23     5.536447523644967e-25     1.948269989120000e-25     1.342298507773432e-24     1.506428841719571e-25     1.569416285245705e-25     7.985096950600000e-26     2.944452291253436e-25
   8.918556397103338e+13     2.828055681476198e+00     7.888360746053662e+12     8.998567433665440e-02     1.504520013897197e-27     8.521592985316492e-27     1.590424664231441e-27     6.299692500730720e-27     9.999999999999999e-30     5.000000000000000e-30     1.653219485960000e-22     6.439594315000001e-23     5.535156663547861e-25     1.948269989120000e-25     1.342207596257311e-24     1.506203938665754e-25     1.569158121881112e-25     7.985096950600000e-26     2.944260648510395e-25
   9.707518053920794e+13     3.078233781684676e+00     7.889616568174567e+12     8.998459937563619e-02     1.590862239657150e-27     8.569278309553510e-27     1.733538390479438e-27     6.326891258157929e-27     9.999999999999999e-30     5.000000000000000e-30     1.653219485960000e-22     6.439594315000001e-23     5.533816388047891e-25     1.948269989120000e-25     1.342109836891682e-24     1.505962094938935e-25     1.568880512532721e-25     7.985096950600000e-26     2.944054570405148e-25
   1.049661473942314e+14     3.328454699208251e+00     7.890966855023474e+12     8.998342830892044e-02     1.682152412200064e-27     8.617226830919291e-27     1.889528117959906e-27     6.354207104236571e-27     9.999999999999999e-30     5.000000000000000e-30     1.653219485960000e-22     6.439594315000001e-23     5.532424001108804e-25     1.948269989120000e-25     1.342004619492459e-24     1.505701801024481e-25     1.568581724447820e-25     7.985096950600000e-26     2.943832770661141e-25
   1.128585674797830e+14     3.578721698369577e+00     7.892420085551563e+12     8.998215243795053e-02     1.778673997041927e-27     8.665440140206020e-27     2.059551925105968e-27     6.381640510879087e-27     9.999999999999999e-30     5.000000000000000e-30     1.653219485960000e-22     6.439594315000001e-23     5.530976652167518e-25     1.948269989120000e-25     1.341891279051744e-24     1.505421411780901e-25     1.568259869189345e-25     7.985096950600000e-26     2.943593847432457e-25
   1.207525529919595e+14     3.829038336883545e+00     7.893985512176522e+12     8.998076227157444e-02     1.880726779079305e-27     8.713919869896275e-27     2.244871977264892e-27     6.409191948830925e-27     9.999999999999999e-30     5.000000000000000e-30     1.653219485960000e-22     6.439594315000001e-23     5.529471327050242e-25     1.948269989120000e-25     1.341769090816421e-24     1.505119134264944e-25     1.567912888660464e-25     7.985096950600000e-26     2.943336272929423e-25
   1.286482262243291e+14     4.079408492653765e+00     7.895673232369649e+12     8.997924745289397e-02     1.988627823509023e-27     8.762667698725241e-27     2.446863868407277e-27     6.436861887358605e-27     9.999999999999999e-30     5.000000000000000e-30     1.653219485960000e-22     6.439594315000001e-23     5.527904838317655e-25     1.948269989120000e-25     1.341637264926190e-24     1.504793014466812e-25     1.567538539878102e-25     7.985096950600000e-26     2.943058382115522e-25
   1.365457204913854e+14     4.329836393055094e+00     7.897494267056280e+12     8.997759667919342e-02     2.102712497547330e-27     8.811685356759527e-27     2.667026798687718e-27     6.464650793906709e-27     9.999999999999999e-30     5.000000000000000e-30     1.653219485960000e-22     6.439594315000001e-23     5.526273814996929e-25     1.948269989120000e-25     1.341494940571850e-24     1.504440922858516e-25     1.567134378384071e-25     7.985096950600000e-26     2.942758360392960e-25
   1.444451811378980e+14     4.580326646939941e+00     7.899460646512534e+12     8.997579761424937e-02     2.223335557524910e-27     8.860974631048321e-27     2.906994662158223e-27     6.492559133720732e-27     9.999999999999999e-30     5.000000000000000e-30     1.653219485960000e-22     6.439594315000001e-23     5.524574691654265e-25     1.948269989120000e-25     1.341341179631165e-24     1.504060538649852e-25     1.566697740172718e-25     7.985096950600000e-26     2.942434230186985e-25
   1.523467666424152e+14     4.830884279630111e+00     7.901585504517222e+12     8.997383679226865e-02     2.350872306389817e-27     8.910537371908486e-27     3.168548125447244e-27     6.520587369432380e-27     9.999999999999999e-30     5.000000000000000e-30     1.653219485960000e-22     6.439594315000001e-23     5.522803696757015e-25     1.948269989120000e-25     1.341174959735939e-24     1.503649332637271e-25     1.566225722003347e-25     7.985096950600000e-26     2.942083836331194e-25
   1.602506498240165e+14     5.081514771182663e+00     7.903883181601273e+12     8.997169951260103e-02     2.485719827165449e-27     8.960375499911886e-27     3.453627785281198e-27     6.548735960603605e-27     9.999999999999999e-30     5.000000000000000e-30     1.653219485960000e-22     6.439594315000001e-23     5.520956840269225e-25     1.948269989120000e-25     1.340995166719862e-24     1.503204548520844e-25     1.565715159954208e-25     7.985096950600000e-26     2.941704830147478e-25
   1.681570191623492e+14     5.332224098248008e+00     7.906369338332729e+12     8.996936972429306e-02     2.628298298494109e-27     9.010491013650567e-27     3.764348500385254e-27     6.577005363225204e-27     9.999999999999999e-30     5.000000000000000e-30     1.653219485960000e-22     6.439594315000001e-23     5.519029900418551e-25     1.948269989120000e-25     1.340800586392287e-24     1.502723182553673e-25     1.565162606062315e-25     7.985096950600000e-26     2.941294652105030e-25
   1.760660802420314e+14     5.583018779871620e+00     7.909061079682216e+12     8.996682989943122e-02     2.779052399059042e-27     9.060885998363599e-27     4.103015001601593e-27     6.605396029165437e-27     9.999999999999999e-30     5.000000000000000e-30     1.653219485960000e-22     6.439594315000001e-23     5.517018409565771e-25     1.948269989120000e-25     1.340589895578339e-24     1.502201961376311e-25     1.564564302879850e-25     7.985096950600000e-26     2.940850512932770e-25
   1.839780573336672e+14     5.833905927627703e+00     7.911977091635854e+12     8.996406089411479e-02     2.938452808431489e-27     9.111562635518555e-27     4.472138893055145e-27     6.633908405563589e-27     9.999999999999999e-30     5.000000000000000e-30     1.653219485960000e-22     6.439594315000001e-23     5.514917639100498e-25     1.948269989120000e-25     1.340361652360592e-24     1.501637317875962e-25     1.563916155763251e-25     7.985096950600000e-26     2.940369373048670e-25
   1.918931951250273e+14     6.084893300514564e+00     7.915137791360073e+12     8.996104179575340e-02     3.106997812748667e-27     9.162523213450772e-27     4.874457166929693e-27     6.662542934162902e-27     9.999999999999999e-30     5.000000000000000e-30     1.653219485960000e-22     6.439594315000001e-23     5.512722583278004e-25     1.948269989120000e-25     1.340114285451973e-24     1.501025364896449e-25     1.563213702695219e-25     7.985096950600000e-26     2.939847920157676e-25
   1.998117606174073e+14     6.335989365087751e+00     7.918565492379988e+12     8.995774975523871e-02     3.285215024610621e-27     9.213770139174950e-27     5.312952364944985e-27     6.691300050576635e-27     9.999999999999999e-30     5.000000000000000e-30     1.653219485960000e-22     6.439594315000001e-23     5.510427941902142e-25     1.948269989120000e-25     1.339846082623490e-24     1.500361866609960e-25     1.562452081422700e-25     7.985096950600000e-26     2.939282544857217e-25
   2.077340452038189e+14     6.587203361359047e+00     7.922284586411595e+12     8.995415980236106e-02     3.473663227708350e-27     9.265305951496395e-27     5.790874531003578e-27     6.720180183480410e-27     9.999999999999999e-30     5.000000000000000e-30     1.653219485960000e-22     6.439594315000001e-23     5.508028101747950e-25     1.948269989120000e-25     1.339555178103886e-24     1.499642207345433e-25     1.561625993675391e-25     7.985096950600000e-26     2.938669314075473e-25
   2.156603669475114e+14     6.838545375047927e+00     7.926321743692492e+12     8.995024464264371e-02     3.672934357985905e-27     9.317133335563515e-27     6.311765111762204e-27     6.749183753723179e-27     9.999999999999999e-30     5.000000000000000e-30     1.653219485960000e-22     6.439594315000001e-23     5.505517116604504e-25     1.948269989120000e-25     1.339239538861211e-24     1.498861357651011e-25     1.560729666209259e-25     7.985096950600000e-26     2.938003942152761e-25
   2.235910730814014e+14     7.090026416837945e+00     7.930706133890041e+12     8.994597443354284e-02     3.883655634622612e-27     9.369255139019244e-27     6.879482975135295e-27     6.778311173348324e-27     9.999999999999999e-30     5.000000000000000e-30     1.653219485960000e-22     6.439594315000001e-23     5.502888685803579e-25     1.948269989120000e-25     1.338896949668770e-24     1.498013837349153e-25     1.559756808397972e-25     7.985096950600000e-26     2.937281759360333e-25
   2.315265427513362e+14     7.341658509365048e+00     7.935469669934729e+12     8.994131653769726e-02     4.106491855830586e-27     9.421674389927126e-27     7.498232731017638e-27     6.807562844515426e-27     9.999999999999999e-30     5.000000000000000e-30     1.653219485960000e-22     6.439594315000001e-23     5.500136131082420e-25     1.948269989120000e-25     1.338524996849644e-24     1.497093675322743e-25     1.558700566071881e-25     7.985096950600000e-26     2.936497677633603e-25
   2.394671900287727e+14     7.593454782749008e+00     7.940647277436562e+12     8.993623525061731e-02     4.342147876435500e-27     9.474394316668170e-27     8.172595553878319e-27     6.836939158312167e-27     9.999999999999999e-30     5.000000000000000e-30     1.653219485960000e-22     6.439594315000001e-23     5.497252371608961e-25     1.948269989120000e-25     1.338121050585202e-24     1.496094365748690e-25     1.557553471279129e-25     7.985096950600000e-26     2.935646153278247e-25
   2.474134672214728e+14     7.845429579574861e+00     7.946277192700095e+12     8.993069149985820e-02     4.591371286490295e-27     9.527418370027604e-27     8.907562723387263e-27     6.866440493444614e-27     9.999999999999999e-30     5.000000000000000e-30     1.653219485960000e-22     6.439594315000001e-23     5.494229896974819e-25     1.948269989120000e-25     1.337682245663538e-24     1.495008820472099e-25     1.556307387616564e-25     7.985096950600000e-26     2.934721146387631e-25
   2.553658685142410e+14     8.097598570339962e+00     7.952401292768180e+12     8.992464251232207e-02     4.854955312815985e-27     9.580750247716696e-27     9.708572116943949e-27     6.896067214792692e-27     9.999999999999999e-30     5.000000000000000e-30     1.653219485960000e-22     6.439594315000001e-23     5.491060737934671e-25     1.948269989120000e-25     1.337205460533583e-24     1.493829317188934e-25     1.554953450749269e-25     7.985096950600000e-26     2.933716076688596e-25
   2.633249339756473e+14     8.349978880506320e+00     7.959065461406355e+12     8.991804144587900e-02     5.133741968434608e-27     9.634393921604387e-27     1.058154790693562e-26     6.925819671816166e-27     9.999999999999999e-30     5.000000000000000e-30     1.653219485960000e-22     6.439594315000001e-23     5.487736434639608e-25     1.948269989120000e-25     1.336687294519796e-24     1.492547443078173e-25     1.553482003706634e-25     7.985096950600000e-26     2.932623775509708e-25
   2.712912539711481e+14     8.602589230439754e+00     7.966319995500761e+12     8.991083698096218e-02     5.428625478432993e-27     9.688353667967109e-27     1.153294373580235e-26     6.955698196794579e-27     9.999999999999999e-30     5.000000000000000e-30     1.653219485960000e-22     6.439594315000001e-23     5.484248002075997e-25     1.948269989120000e-25     1.336124043040689e-24     1.491154033495712e-25     1.551882526509867e-25     7.985096950600000e-26     2.931436433541556e-25
   2.792654740281461e+14     8.855450089679925e+00     7.974220056998027e+12     8.990297286716734e-02     5.740556014963138e-27     9.742634101103541e-27     1.256978966356076e-26     6.985703102882602e-27     9.999999999999999e-30     5.000000000000000e-30     1.653219485960000e-22     6.439594315000001e-23     5.480585892379331e-25     1.948269989120000e-25     1.335511670662061e-24     1.489639105311651e-25     1.550143559650697e-25     7.985096950600000e-26     2.930145544032601e-25
   2.872483002044307e+14     9.108583847172460e+00     7.982826176284543e+12     8.989438741916787e-02     6.070543778954981e-27     9.797240210704919e-27     1.369974320535434e-26     7.015834681959881e-27     9.999999999999999e-30     5.000000000000000e-30     1.653219485960000e-22     6.439594315000001e-23     5.476739953643399e-25     1.948269989120000e-25     1.334845781802681e-24     1.487991784440014e-25     1.548252620903678e-25     7.985096950600000e-26     2.928741841036348e-25
   2.952405050182366e+14     9.362014999309888e+00     7.992204813805933e+12     8.988501295539948e-02     6.419663471821198e-27     9.852177403421867e-27     1.493114480085326e-26     7.046093202251819e-27     9.999999999999999e-30     5.000000000000000e-30     1.653219485960000e-22     6.439594315000001e-23     5.472699384787567e-25     1.948269989120000e-25     1.334121588896217e-24     1.486200227075591e-25     1.546196114914938e-25     7.985096950600000e-26     2.927215232296241e-25
   3.032429340060307e+14     9.615770357877686e+00     8.002428987794065e+12     8.987477517197670e-02     6.789059207129695e-27     9.907451549126614e-27     1.627307808289017e-26     7.076478905694607e-27     9.999999999999999e-30     5.000000000000000e-30     1.653219485960000e-22     6.439594315000001e-23     5.468452685977435e-25     1.948269989120000e-25     1.333333877798552e-24     1.484251534116210e-25     1.543959234968607e-25     7.985096950600000e-26     2.925554726323810e-25
   3.112565129832611e+14     9.869879280291132e+00     8.013578977230452e+12     8.986359244311595e-02     7.179949920099241e-27     9.963069032436269e-27     1.773543533952602e-26     7.106992005014317e-27     9.999999999999999e-30     5.000000000000000e-30     1.653219485960000e-22     6.439594315000001e-23     5.463987604014643e-25     1.948269989120000e-25     1.332476970214233e-24     1.482131658210753e-25     1.541525856288399e-25     7.985096950600000e-26     2.923748353193104e-25
   3.192822560939350e+14     1.012437392484573e+01     8.025743110673854e+12     8.985137503795926e-02     7.593635342069752e-27     1.001903681014020e-26     1.932898859167925e-26     7.137632680485686e-27     9.999999999999999e-30     5.000000000000000e-30     1.653219485960000e-22     6.439594315000001e-23     5.459291072017898e-25     1.948269989120000e-25     1.331544682899777e-24     1.479825302833526e-25     1.538878420186371e-25     7.985096950600000e-26     2.921783078540678e-25
   3.273212747473000e+14     1.037928953409754e+01     8.039018653364979e+12     8.983802424202554e-02     8.031502618094595e-27     1.007536247526446e-26     2.106546673735236e-26     7.168401076331523e-27     9.999999999999999e-30     5.000000000000000e-30     1.653219485960000e-22     6.439594315000001e-23     5.454349142606407e-25     1.948269989120000e-25     1.330530283384945e-24     1.477315812744569e-25     1.535997808323695e-25     7.985096950600000e-26     2.919644710225440e-25
   3.353747875544572e+14     1.063466474995108e+01     8.053512807157159e+12     8.982343136955398e-02     8.495033658844864e-27     1.013205432861078e-26     2.295763924310256e-26     7.199297296718046e-27     9.999999999999999e-30     5.000000000000000e-30     1.653219485960000e-22     6.439594315000001e-23     5.449146913665441e-25     1.948269989120000e-25     1.329426441936142e-24     1.474585055153455e-25     1.532863206300092e-25     7.985096950600000e-26     2.917317797066815e-25
   3.434441313948421e+14     1.089054196457515e+01     8.069343840384881e+12     8.980747665065518e-02     8.985813333530982e-27     1.018912145873049e-26     2.501940689338165e-26     7.230321401294999e-27     9.999999999999999e-30     5.000000000000000e-30     1.653219485960000e-22     6.439594315000001e-23     5.443668445617382e-25     1.948269989120000e-25     1.328225179468855e-24     1.471613290861560e-25     1.529451955739677e-25     7.985096950600000e-26     2.914785519043439e-25
   3.515307737627116e+14     1.114696771190739e+01     8.086642367869504e+12     8.979002797434636e-02     9.505538629060844e-27     1.024657383143708e-26     2.726590013823995e-26     7.261473400221760e-27     9.999999999999999e-30     5.000000000000000e-30     1.653219485960000e-22     6.439594315000001e-23     5.437896668935018e-25     1.948269989120000e-25     1.326917811098923e-24     1.468379034615385e-25     1.525739393992307e-25     7.985096950600000e-26     2.912029568298459e-25
   3.596363265677089e+14     1.140399310526728e+01     8.105552804997370e+12     8.977093946516888e-02     1.005602892281750e-26     1.030442239013125e-26     2.971358560901323e-26     7.292753248611701e-27     9.999999999999999e-30     5.000000000000000e-30     1.653219485960000e-22     6.439594315000001e-23     5.431813280410509e-25     1.948269989120000e-25     1.325494885005723e-24     1.464858903862173e-25     1.521698680522071e-25     7.985096950600000e-26     2.909030020262272e-25
   3.677625615920489e+14     1.166167432750028e+01     8.126235024340022e+12     8.975004986696068e-02     1.063923754306359e-26     1.036267916841212e-26     3.238038139914837e-26     7.324160840316460e-27     9.999999999999999e-30     5.000000000000000e-30     1.653219485960000e-22     6.439594315000001e-23     5.425398626425240e-25     1.948269989120000e-25     1.323946116264547e-24     1.461027455059961e-25     1.517300609009672e-25     7.985096950600000e-26     2.905765194170245e-25
   3.759114278408669e+14     1.192007318115382e+01     8.148866248817932e+12     8.972718070237978e-02     1.125726482307845e-26     1.042135741668728e-26     3.528578173216173e-26     7.355696000959228e-27     9.999999999999999e-30     5.000000000000000e-30     1.653219485960000e-22     6.439594315000001e-23     5.418631571142340e-25     1.948269989120000e-25     1.322260315291188e-24     1.456857006658969e-25     1.512513404155013e-25     7.985096950600000e-26     2.902211502222921e-25
   3.840850710630501e+14     1.217925770747876e+01     8.173643222183203e+12     8.970213417070581e-02     1.191237289398117e-26     1.048047174477773e-26     3.845099165941834e-26     7.387358480111188e-27     9.999999999999999e-30     5.000000000000000e-30     1.653219485960000e-22     6.439594315000001e-23     5.411489347152409e-25     1.948269989120000e-25     1.320425310529910e-24     1.452317447841869e-25     1.507302502132567e-25     7.985096950600000e-26     2.898343286611167e-25
   3.922858557689810e+14     1.243930288460746e+01     8.200784705930928e+12     8.967469073899947e-02     1.260700250839881e-26     1.054003828285494e-26     4.189907244508453e-26     7.419147942487383e-27     9.999999999999999e-30     5.000000000000000e-30     1.653219485960000e-22     6.439594315000001e-23     5.403947385627460e-25     1.948269989120000e-25     1.318427865007533e-24     1.447376032089649e-25     1.501630313628258e-25     7.985096950600000e-26     2.894132643611036e-25
   4.005163901310337e+14     1.270029141714338e+01     8.230534362052692e+12     8.964460637258510e-02     1.334379224474885e-26     1.060007486345616e-26     4.565509830180056e-26     7.451063958016773e-27     9.999999999999999e-30     5.000000000000000e-30     1.653219485960000e-22     6.439594315000001e-23     5.395979122457947e-25     1.948269989120000e-25     1.316253586372864e-24     1.441997154631060e-25     1.495455968376498e-25     7.985096950600000e-26     2.889549233945619e-25
   4.087795542248779e+14     1.296231463168689e+01     8.263164093844202e+12     8.961160933951810e-02     1.412560051253022e-26     1.066060122781961e-26     4.974632513517881e-26     7.483105990615373e-27     9.999999999999999e-30     5.000000000000000e-30     1.653219485960000e-22     6.439594315000001e-23     5.387555776136499e-25     1.948269989120000e-25     1.313886830043794e-24     1.436142112841373e-25     1.488735040124955e-25     7.985096950600000e-26     2.884560078617787e-25
   4.170785321578411e+14     1.322547349561901e+01     8.298977932963183e+12     8.957539650971674e-02     1.495553086601568e-26     1.072163926038239e-26     5.420237193406374e-26     7.515273385459898e-27     9.999999999999999e-30     5.000000000000000e-30     1.653219485960000e-22     6.439594315000001e-23     5.378646092276017e-25     1.948269989120000e-25     1.311310595096593e-24     1.429768848686277e-25     1.481419250989176e-25     7.985096950600000e-26     2.879129339443374e-25
   4.254168487388418e+14     1.348987977989732e+01     8.338316581000734e+12     8.953562905196506e-02     1.583696124144905e-26     1.078321325601763e-26     5.905541540128871e-26     7.547565354521151e-27     9.999999999999999e-30     5.000000000000000e-30     1.653219485960000e-22     6.439594315000001e-23     5.369216048565331e-25     1.948269989120000e-25     1.308506412556165e-24     1.422831672366751e-25     1.473456154228030e-25     7.985096950600000e-26     2.873218083565468e-25
   4.337984114780114e+14     1.375565739085526e+01     8.381562739169652e+12     8.949192741009795e-02     1.677357786692149e-26     1.084535022548772e-26     6.434039834955402e-26     7.579980960069480e-27     9.999999999999999e-30     5.000000000000000e-30     1.653219485960000e-22     6.439594315000001e-23     5.359228512615906e-25     1.948269989120000e-25     1.305454225786276e-24     1.415280966420336e-25     1.464788794585314e-25     7.985096950600000e-26     2.866784031315354e-25
   4.422275588699152e+14     1.402294390125302e+01     8.429147391903771e+12     8.944386541206069e-02     1.776941476193060e-26     1.090808024570081e-26     7.009525228008990e-26     7.612519095807042e-27     9.999999999999999e-30     5.000000000000000e-30     1.653219485960000e-22     6.439594315000001e-23     5.348642843463684e-25     1.948269989120000e-25     1.302132262740235e-24     1.407062869686227e-25     1.455355345517288e-25     7.985096950600000e-26     2.859781286915163e-25
   4.507091161212306e+14     1.429189231739062e+01     8.481557251315371e+12     8.939096333051601e-02     1.882889995497534e-26     1.097143686273437e-26     7.636113440630269e-26     7.645178465210220e-27     9.999999999999999e-30     5.000000000000000e-30     1.653219485960000e-22     6.439594315000001e-23     5.337414425362901e-25     1.948269989120000e-25     1.298516899921751e-24     1.398118940762453e-25     1.445088722879434e-25     7.985096950600000e-26     2.852160051705468e-25
   4.592484597436501e+14     1.456267312733543e+01     8.539343622419569e+12     8.933267966893495e-02     1.995690981538549e-26     1.103545755730766e-26     8.318267916537741e-26     7.677957556576732e-27     9.999999999999999e-30     5.000000000000000e-30     1.653219485960000e-22     6.439594315000001e-23     5.325494119813066e-25     1.948269989120000e-25     1.294582518031598e-24     1.388385800894826e-25     1.433916175003215e-25     7.985096950600000e-26     2.843866319846434e-25
   4.678515927613314e+14     1.483547668573476e+01     8.603133017681301e+12     8.926840138967550e-02     2.115883323730945e-26     1.110018428454026e-26     9.060826395778092e-26     7.710854614160702e-27     9.999999999999999e-30     5.000000000000000e-30     1.653219485960000e-22     6.439594315000001e-23     5.312827618321501e-25     1.948269989120000e-25     1.290301349449705e-24     1.377794756667844e-25     1.421758849587735e-25     7.985096950600000e-26     2.834841556807949e-25
   4.765252327004115e+14     1.511051600394506e+01     8.673639939080036e+12     8.919743222620587e-02     2.244064785287108e-26     1.116566410255749e-26     9.869028844128926e-26     7.743867604638676e-27     9.999999999999999e-30     5.000000000000000e-30     1.653219485960000e-22     6.439594315000001e-23     5.299354673985712e-25     1.948269989120000e-25     1.285643317939637e-24     1.366271403454783e-25     1.408531338505137e-25     7.985096950600000e-26     2.825022361464425e-25
   4.852769150642886e+14     1.538803003121158e+01     8.751682363877039e+12     8.911897862475684e-02     2.380901101995315e-26     1.123194990796702e-26     1.074854661473596e-25     7.776994177971511e-27     9.999999999999999e-30     5.000000000000000e-30     1.653219485960000e-22     6.439594315000001e-23     5.285008184260796e-25     1.948269989120000e-25     1.280575871283259e-24     1.353735211378031e-25     1.394141202529710e-25     7.985096950600000e-26     2.814340113286347e-25
   4.941151156911764e+14     1.566828753460098e+01     8.838200626887881e+12     8.903213273344100e-02     2.527136907187795e-26     1.129910130066768e-26     1.170551264363071e-25     7.810231621499425e-27     9.999999999999999e-30     5.000000000000000e-30     1.653219485960000e-22     6.439594315000001e-23     5.269713089814542e-25     1.948269989120000e-25     1.275063807984818e-24     1.340099096597916e-25     1.378488479225775e-25     7.985096950600000e-26     2.802720607030052e-25
   5.030493962930061e+14     1.595159171400958e+01     8.934280601829705e+12     8.893585168836070e-02     2.683608929254843e-26     1.136718560617913e-26     1.274655238004088e-25     7.843576805814153e-27     9.999999999999999e-30     5.000000000000000e-30     1.653219485960000e-22     6.439594315000001e-23     5.253385044552723e-25     1.948269989120000e-25     1.269069099762027e-24     1.325268982179164e-25     1.361465178871856e-25     7.985096950600000e-26     2.790083678546468e-25
   5.120905786609702e+14     1.623828572618500e+01     9.041182367964062e+12     8.882893222110450e-02     2.851262037714873e-26     1.143627909113344e-26     1.387881501746029e-25     7.877026120571287e-27     9.999999999999999e-30     5.000000000000000e-30     1.653219485960000e-22     6.439594315000001e-23     5.235928798857177e-25     1.948269989120000e-25     1.262550712316569e-24     1.309143354700854e-25     1.342954775498866e-25     7.985096950600000e-26     2.776342826962837e-25
   5.212509545967224e+14     1.652875934160079e+01     9.160375935752164e+12     8.870997930845358e-02     3.031168887695920e-26     1.150646841735151e-26     1.511000441048505e-25     7.910575397906767e-27     9.999999999999999e-30     5.000000000000000e-30     1.653219485960000e-22     6.439594315000001e-23     5.217236220596892e-25     1.948269989120000e-25     1.255464427915417e-24     1.291612825346086e-25     1.322831703070505e-25     7.985096950600000e-26     2.761404840681661e-25
   5.305445407371391e+14     1.682345702489660e+01     9.293586140416682e+12     8.857736717170375e-02     3.224554148191245e-26     1.157785239288437e-26     1.644840881911865e-25     7.944219820461786e-27     9.999999999999999e-30     5.000000000000000e-30     1.653219485960000e-22     6.439594315000001e-23     5.197183854792031e-25     1.948269989120000e-25     1.247762674711313e-24     1.272559707663460e-25     1.300960870801013e-25     7.985096950600000e-26     2.745169437585903e-25
   5.399873902972996e+14     1.712288782018327e+01     9.442849560160539e+12     8.842919036395583e-02     3.432824622016745e-26     1.165054409573097e-26     1.790292829376866e-25     7.977953810139436e-27     9.999999999999999e-30     5.000000000000000e-30     1.653219485960000e-22     6.439594315000001e-23     5.175629890381015e-25     1.948269989120000e-25     1.239394369616747e-24     1.251857628858088e-25     1.277197216961043e-25     7.985096950600000e-26     2.727528933815128e-25
   5.495979776714079e+14     1.742763754665804e+01     9.610587374108246e+12     8.826320189158970e-02     3.657607012443132e-26     1.172467346937147e-26     1.948309806821222e-25     8.011770892527951e-27     9.999999999999999e-30     5.000000000000000e-30     1.653219485960000e-22     6.439594315000001e-23     5.152410357601971e-25     1.948269989120000e-25     1.230304784106150e-24     1.229371197803998e-25     1.251385327793320e-25     7.985096950600000e-26     2.708367960874671e-25
   5.593976772645875e+14     1.773838398226115e+01     9.799699593179619e+12     8.807673419991502e-02     3.900795718944821e-26     1.180039052128071e-26     2.119910571815702e-25     8.045663530303746e-27     9.999999999999999e-30     5.000000000000000e-30     1.653219485960000e-22     6.439594315000001e-23     5.127334316432710e-25     1.948269989120000e-25     1.220435445821383e-24     1.204955761629140e-25     1.223359158099645e-25     7.985096950600000e-26     2.687563258218630e-25
   5.694113655716980e+14     1.805591595546987e+01     1.001368830711047e+13     8.786659725945621e-02     4.164613937341515e-26     1.187786929989742e-26     2.306179900255496e-25     8.079622916687770e-27     9.999999999999999e-30     5.000000000000000e-30     1.653219485960000e-22     6.439594315000001e-23     5.100177706806874e-25     1.948269989120000e-25     1.209724093681155e-24     1.178457294662024e-25     1.192941903764153e-25     7.985096950600000e-26     2.664983578619890e-25
   5.796681864313786e+14     1.838115761134508e+01     1.025682085968057e+13     8.762894568214161e-02     4.451692628955190e-26     1.195731288763816e-26     2.508268013468231e-25     8.113638716894940e-27     9.999999999999999e-30     5.000000000000000e-30     1.653219485960000e-22     6.439594315000001e-23     5.070675401768099e-25     1.948269989120000e-25     1.198104710913425e-24     1.149712480149521e-25     1.159946095556139e-25     7.985096950600000e-26     2.640489757802898e-25
   5.902025352151661e+14     1.871519961996341e+01     1.053434878378753e+13     8.735910340510011e-02     4.765173815454837e-26     1.203895973584475e-26     2.727388058224508e-25     8.147698741069193e-27     9.999999999999999e-30     5.000000000000000e-30     1.653219485960000e-22     6.439594315000001e-23     5.038510814636068e-25     1.948269989120000e-25     1.185507669890539e-24     1.118549068559803e-25     1.124174010421462e-25     7.985096950600000e-26     2.613935019758138e-25
   6.010553410886926e+14     1.905933983665312e+01     1.085280587352648e+13     8.705132941155801e-02     5.108847481413961e-26     1.212309179500481e-26     2.964810814514159e-25     8.181788525788406e-27     9.999999999999999e-30     5.000000000000000e-30     1.653219485960000e-22     6.439594315000001e-23     5.003302127448555e-25     1.948269989120000e-25     1.171860036143084e-24     1.084786629672371e-25     1.085418534797157e-25     7.985096950600000e-26     2.585165617607580e-25
   6.122757616752586e+14     1.941513703942347e+01     1.122042058656599e+13     8.669850024818188e-02     5.487335666779173e-26     1.221004508060494e-26     3.221855465652127e-25     8.215890791834311e-27     9.999999999999999e-30     5.000000000000000e-30     1.653219485960000e-22     6.439594315000001e-23     4.964583776056033e-25     1.948269989120000e-25     1.157086098467054e-24     1.048237863992994e-25     1.043464669968013e-25     7.985096950600000e-26     2.554021951077970e-25
   6.239234585777448e+14     1.978448308529125e+01     1.164769690248611e+13     8.629167313893836e-02     5.906344014345131e-26     1.230022359436703e-26     3.499874764395082e-25     8.249984731914301e-27     9.999999999999999e-30     5.000000000000000e-30     1.653219485960000e-22     6.439594315000001e-23     4.921781156161816e-25     1.948269989120000e-25     1.141108220797603e-24     1.008710710176581e-25     9.980919511505810e-26     7.985096950600000e-26     2.520340362262576e-25
   6.360717074538082e+14     2.016970153011822e+01     1.214824887606354e+13     8.581947454759517e-02     6.373011664434199e-26     1.239411794622277e-26     3.800232177657857e-25     8.284045060703614e-27     9.999999999999999e-30     5.000000000000000e-30     1.653219485960000e-22     6.439594315000001e-23     4.874175447634352e-25     1.948269989120000e-25     1.123848154647594e-24     9.660115918263862e-26     9.490781744528222e-26     7.985096950600000e-26     2.483955902259945e-25
   6.488117341739596e+14     2.057368512728182e+01     1.274002672015143e+13     8.526722831504363e-02     6.896407722061428e-26     1.249233068462548e-26     4.124267442400385e-25     8.318040726418894e-27     9.999999999999999e-30     5.000000000000000e-30     1.653219485960000e-22     6.439594315000001e-23     4.820853714487602e-25     1.948269989120000e-25     1.105229016939253e-24     9.199503103876316e-26     8.962050133646743e-26     7.985096950600000e-26     2.444706500470584e-25
   6.622588981954895e+14     2.100009190117610e+01     1.344716402152988e+13     8.581915400868229e-02     7.488251598467684e-26     1.259561139735099e-26     4.473245162875937e-25     8.351933130312837e-27     9.999999999999999e-30     5.000000000000000e-30     1.653219485960000e-22     6.439594315000001e-23     4.760636519719722e-25     1.948269989120000e-25     1.085178241544121e-24     8.703473468665737e-26     8.392664003088120e-26     7.985096950600000e-26     2.402439186484330e-25
   6.763611668081031e+14     2.144727190538125e+01     1.410226861261356e+13     8.892857858600230e-02     8.154171169213775e-26     1.270337830089229e-26     4.843011626772956e-25     8.385217132182144e-27     9.999999999999999e-30     5.000000000000000e-30     1.653219485960000e-22     6.439594315000001e-23     4.692966893609700e-25     1.948269989120000e-25     1.063934541499359e-24     8.177932457105425e-26     7.789402137705509e-26     7.985096950600000e-26     2.357657170710529e-25
   6.906333411227728e+14     2.189983958405545e+01     1.427217431466962e+13     8.864619840574368e-02     8.877007444514294e-26     1.281173517290513e-26     5.216803960438638e-25     8.416507112697641e-27     9.999999999999999e-30     5.000000000000000e-30     1.653219485960000e-22     6.439594315000001e-23     4.619599697359520e-25     1.948269989120000e-25     1.042460901098133e-24     7.646703025576836e-26     7.179610607148044e-26     7.985096950600000e-26     2.312390437460558e-25
   7.051234795767760e+14     2.235931886024784e+01     1.449013845400323e+13     8.851626930787966e-02     9.662767026120974e-26     1.292086233502646e-26     5.591270513593002e-25     8.445801128649514e-27     9.999999999999999e-30     5.000000000000000e-30     1.653219485960000e-22     6.439594315000001e-23     4.539932467577639e-25     1.948269989120000e-25     1.020949706181916e-24     7.114544545071122e-26     6.568752633046415e-26     7.985096950600000e-26     2.267044538769578e-25
   7.198565051669564e+14     2.282650003700394e+01     1.473302559018040e+13     9.212514124970257e-02     1.051658578783548e-25     1.303073429780639e-26     5.962253953768813e-25     8.473056138906291e-27     9.999999999999999e-30     5.000000000000000e-30     1.653219485960000e-22     6.439594315000001e-23     4.453451871778389e-25     1.948269989120000e-25     9.996396123399372e-25     6.587361038875825e-26     5.963605368892658e-26     7.985096950600000e-26     2.222122563945894e-25
   7.342496695640912e+14     2.328290428602522e+01     1.439316439713482e+13     9.543552551212078e-02     1.140499527959599e-25     1.313684259501412e-26     6.311177282500527e-25     8.497276169242613e-27     9.999999999999999e-30     5.000000000000000e-30     1.653219485960000e-22     6.439594315000001e-23     4.363549839630260e-25     1.948269989120000e-25     9.795975109733238e-25     6.091545987646016e-26     5.394465556565483e-26     7.985096950600000e-26     2.179873534932650e-25
   7.478230720134508e+14     2.371331405420633e+01     1.357340244935953e+13     9.488507988777826e-02     1.229228272682611e-25     1.323563610437906e-26     6.624990945874205e-25     8.518013837186683e-27     9.999999999999999e-30     5.000000000000000e-30     1.653219485960000e-22     6.439594315000001e-23     4.273833159813599e-25     1.948269989120000e-25     9.615727032742747e-25     5.645636110770587e-26     4.882611261278899e-26     7.985096950600000e-26     2.141876989086222e-25
   7.606976590600882e+14     2.412156453133207e+01     1.287458704663754e+13     9.417753581457929e-02     1.317814148828453e-25     1.332806390656113e-26     6.906917982915889e-25     8.535880496684647e-27     9.999999999999999e-30     5.000000000000000e-30     1.653219485960000e-22     6.439594315000001e-23     4.184323005645936e-25     1.948269989120000e-25     9.453798358855302e-25     5.245046011606524e-26     4.422778964351137e-26     7.985096950600000e-26     2.107742198946186e-25
   7.730011539877820e+14     2.451170579616254e+01     1.230349492769381e+13     9.358962938467301e-02     1.406448263770516e-25     1.341510631107890e-26     7.160705294741791e-25     8.551397419858368e-27     9.999999999999999e-30     5.000000000000000e-30     1.653219485960000e-22     6.439594315000001e-23     4.094818466658696e-25     1.948269989120000e-25     9.308035374728216e-25     4.884447688504677e-26     4.008852720227186e-26     7.985096950600000e-26     2.077015158738212e-25
   7.848327484793164e+14     2.488688319632535e+01     1.183159449153440e+13     9.310906658377395e-02     1.495273532053374e-25     1.349751775685155e-26     7.389563816672927e-25     8.564964542829146e-27     9.999999999999999e-30     5.000000000000000e-30     1.653219485960000e-22     6.439594315000001e-23     4.005169083918111e-25     1.948269989120000e-25     9.176592707853892e-25     4.559275934216278e-26     3.635592185375010e-26     7.985096950600000e-26     2.049306861365749e-25
   7.962692663535452e+14     2.524953279913576e+01     1.143651787422886e+13     9.271116187568014e-02     1.584380292050265e-25     1.357587699938629e-26     7.596229793779476e-25     8.576892943355821e-27     9.999999999999999e-30     5.000000000000000e-30     1.653219485960000e-22     6.439594315000001e-23     3.915278731495873e-25     1.948269989120000e-25     9.057897967975709e-25     4.265640863437499e-26     3.298532209762749e-26     7.985096950600000e-26     2.024285844771220e-25
   8.073713449798579e+14     2.560157740296353e+01     1.110207862631262e+13     9.237744331789474e-02     1.673817600395546e-25     1.365063585203126e-26     7.783063062025574e-25     8.587429446329314e-27     9.999999999999999e-30     5.000000000000000e-30     1.653219485960000e-22     6.439594315000001e-23     3.825093834624142e-25     1.948269989120000e-25     8.950595192475382e-25     4.000188004185816e-26     2.993822237523141e-26     7.985096950600000e-26     2.001666270144844e-25
   8.181876984150755e+14     2.594456172041716e+01     1.081635343521766e+13     9.209453805039816e-02     1.763601941075142e-25     1.372215281381601e-26     7.952119731565150e-25     8.596773288058988e-27     9.999999999999999e-30     5.000000000000000e-30     1.653219485960000e-22     6.439594315000001e-23     3.734594324326698e-25     1.948269989120000e-25     8.853503030508137e-25     3.759994850887056e-26     2.718107561553438e-26     7.985096950600000e-26     1.981199107082062e-25
   8.287580517691134e+14     2.627974542646859e+01     1.057035335403782e+13     9.185255595944161e-02     1.853723429568454e-25     1.379071629994982e-26     8.105205377648991e-25     8.605087630679182e-27     9.999999999999999e-30     5.000000000000000e-30     1.653219485960000e-22     6.439594315000001e-23     3.643787200972048e-25     1.948269989120000e-25     8.765584145329373e-25     3.542495169782796e-26     2.468442434652069e-26     7.985096950600000e-26     1.962665683551347e-25
   8.391152137656012e+14     2.660816887891937e+01     1.035716199648787e+13     9.164401401422662e-02     1.944150383853937e-25     1.385656112383002e-26     8.243915209112263e-25     8.612507740460204e-27     9.999999999999999e-30     5.000000000000000e-30     1.653219485960000e-22     6.439594315000001e-23     3.552701798447764e-25     1.948269989120000e-25     8.685922110639312e-25     3.345421843546058e-26     2.242224461577503e-26     7.985096950600000e-26     1.945872815611456e-25
   8.492865772715604e+14     2.693070069988459e+01     1.017136350595909e+13     9.146313716763751e-02     2.034832843358802e-25     1.391988049119121e-26     8.369665310054368e-25     8.619146940108278e-27     9.999999999999999e-30     5.000000000000000e-30     1.653219485960000e-22     6.439594315000001e-23     3.461386145269287e-25     1.948269989120000e-25     8.613703443692564e-25     3.166762423573266e-26     2.037143578087608e-26     7.985096950600000e-26     1.930649019965887e-25
   8.592952293240096e+14     2.724807297450563e+01     1.000865205244921e+13     9.130539183210239e-02     2.125705398546744e-25     1.398083492320426e-26     8.483717543733454e-25     8.625101033275843e-27     9.999999999999999e-30     5.000000000000000e-30     1.653219485960000e-22     6.439594315000001e-23     3.369904045761214e-25     1.948269989120000e-25     8.548203285065987e-25     3.004723703625986e-26     1.851141385472068e-26     7.985096950600000e-26     1.916841495237985e-25
   8.691607878265878e+14     2.756090778242605e+01     9.865558502578164e+12     9.116716585973626e-02     2.216689561531974e-25     1.403955902348810e-26     8.587199812809731e-25     8.630451654430619e-27     9.999999999999999e-30     5.000000000000000e-30     1.653219485960000e-22     6.439594315000001e-23     3.278332641773145e-25     1.948269989120000e-25     8.488773750050775e-25     2.857702902717275e-26     1.682378071752914e-26     7.985096950600000e-26     1.904313666428158e-25
   8.789000427091855e+14     2.786973752883008e+01     9.739254882597744e+12     9.104554362501488e-02     2.307695826754647e-25     1.409616669661569e-26     8.681122822561505e-25     8.635268846464804e-27     9.999999999999999e-30     5.000000000000000e-30     1.653219485960000e-22     6.439594315000001e-23     3.186760299819197e-25     1.948269989120000e-25     8.434834291770980e-25     2.724263824742871e-26     1.529205045627366e-26     7.985096950600000e-26     1.892943153445832e-25
   8.885274544916219e+14     2.817502075379318e+01     9.627411782436418e+12     9.093814455634440e-02     2.398625518979991e-25     1.415075523154751e-26     8.766394146860059e-25     8.639613072778153e-27     9.999999999999999e-30     5.000000000000000e-30     1.653219485960000e-22     6.439594315000001e-23     3.095284722244534e-25     1.948269989120000e-25     8.385863615764571e-25     2.603116856225273e-26     1.390141976131813e-26     7.985096950600000e-26     1.882620066691868e-25
   8.980555470719849e+14     2.847715458751854e+01     9.528092580362941e+12     9.084300502771381e-02     2.489372491857765e-25     1.420340853742053e-26     8.843830169951553e-25     8.643536808228653e-27     9.999999999999999e-30     5.000000000000000e-30     1.653219485960000e-22     6.439594315000001e-23     3.004011216308030e-25     1.948269989120000e-25     8.341392816268568e-25     2.493101986391954e-26     1.263857301604835e-26     7.985096950600000e-26     1.873245560177902e-25
   9.074952208473191e+14     2.877648467932899e+01     9.439673775334219e+12     9.075849051635393e-02     2.579824717300240e-25     1.425419973537329e-26     8.914166324653746e-25     8.647085811735005e-27     9.999999999999999e-30     5.000000000000000e-30     1.653219485960000e-22     6.439594315000001e-23     2.913051078886027e-25     1.948269989120000e-25     8.300999492189384e-25     2.393174250865051e-26     1.149151520683108e-26     7.985096950600000e-26     1.864730591164694e-25
   9.168560050003675e+14     2.907331319762708e+01     9.360784153048404e+12     9.068322928811311e-02     2.669865790090728e-25     1.430319325325423e-26     8.978065942471228e-25     8.650300154949296e-27     9.999999999999999e-30     5.000000000000000e-30     1.653219485960000e-22     6.439594315000001e-23     2.822520070916731e-25     1.948269989120000e-25     8.264302661232099e-25     2.302391149890582e-26     1.044942749846218e-26     7.985096950600000e-26     1.856994848053489e-25
   9.261462627513096e+14     2.936790533838501e+01     9.290257750942145e+12     9.061606165559410e-02     2.759376361064528e-25     1.435044653077779e-26     9.036127956990496e-25     8.653215061711476e-27     9.999999999999999e-30     5.000000000000000e-30     1.653219485960000e-22     6.439594315000001e-23     2.732536967167694e-25     1.948269989120000e-25     8.230958333333224e-25     2.219901697597199e-26     9.502541531995867e-27     7.985096950600000e-26     1.849965817259476e-25
   9.353733598277932e+14     2.966049466729431e+01     9.227097076483633e+12     9.055600067398989e-02     2.848235504452477e-25     1.439601141509770e-26     9.088893648511137e-25     8.655861599070965e-27     9.999999999999999e-30     5.000000000000000e-30     1.653219485960000e-22     6.439594315000001e-23     2.643222174936546e-25     1.948269989120000e-25     8.200655635275932e-25     2.144936834807385e-26     8.642029374619832e-27     7.985096950600000e-26     1.843577966275273e-25
   9.445438038701840e+14     2.995128754027727e+01     9.170444042390791e+12     9.050220135426379e-02     2.936322019616051e-25     1.443993530710367e-26     9.136852578656002e-25     8.658267250666112e-27     9.999999999999999e-30     5.000000000000000e-30     1.653219485960000e-22     6.439594315000001e-23     2.554696420852912e-25     1.948269989120000e-25     8.173113400932624e-25     2.076800993749025e-26     7.859906692048526e-27     7.985096950600000e-26     1.837772024889315e-25
   9.536633606485262e+14     3.024046678870263e+01     9.119556778342248e+12     9.045393629928339e-02     3.023515663822625e-25     1.448226210455735e-26     9.180447834395577e-25     8.660456395977733e-27     9.999999999999999e-30     5.000000000000000e-30     1.653219485960000e-22     6.439594315000001e-23     2.467079508671802e-25     1.948269989120000e-25     8.148077158444019e-25     2.014864644735404e-26     7.148947192807657e-27     7.985096950600000e-26     1.832494350078999e-25
   9.627371516147388e+14     3.052819481274539e+01     9.073790966212543e+12     9.041057623972699e-02     3.109698310493467e-25     1.452303297782616e-26     9.220080678655401e-25     8.662450713609601e-27     9.999999999999999e-30     5.000000000000000e-30     1.653219485960000e-22     6.439594315000001e-23     2.380489153268272e-25     1.948269989120000e-25     8.125316458455674e-25     1.958557686576082e-26     6.502606757598538e-27     7.985096950600000e-26     1.827696362799226e-25
   9.717697363069740e+14     3.081461619441191e+01     9.032584692235281e+12     9.037157434770539e-02     3.194755026207237e-25     1.456228700633560e-26     9.256114687499496e-25     8.664269522747436e-27     9.999999999999999e-30     5.000000000000000e-30     1.653219485960000e-22     6.439594315000001e-23     2.295039897269407e-25     1.948269989120000e-25     8.104622497414712e-25     1.907363566927710e-26     5.914955947550330e-27     7.985096950600000e-26     1.823334046970033e-25
   9.807651823658576e+14     3.109985991774029e+01     8.995446058883629e+12     9.033645349175462e-02     3.278575059432989e-25     1.460006169817436e-26     9.288879440445440e-25     8.665930073930013e-27     9.999999999999999e-30     5.000000000000000e-30     1.653219485960000e-22     6.439594315000001e-23     2.210842117125268e-25     1.948269989120000e-25     8.085805997659951e-25     1.860814037917676e-26     5.380619804688673e-27     7.985096950600000e-26     1.819367502596643e-25
   9.897271253468650e+14     3.138404126543839e+01     8.961942981007344e+12     9.030479580298666e-02     3.361052734318886e-25     1.463639341101222e-26     9.318673819815868e-25     8.667447797966585e-27     9.999999999999999e-30     5.000000000000000e-30     1.653219485960000e-22     6.439594315000001e-23     2.128001125110992e-25     1.948269989120000e-25     8.068695312165356e-25     1.818484467530351e-26     4.894724031932756e-27     7.985096950600000e-26     1.815760546246737e-25
   9.986588200715872e+14     3.166726344722182e+01     8.931694724722307e+12     9.027623407271827e-02     3.442088243725083e-25     1.467131768924793e-26     9.345768966486165e-25     8.668836520066393e-27     9.999999999999999e-30     5.000000000000000e-30     1.653219485960000e-22     6.439594315000001e-23     2.046616372922438e-25     1.948269989120000e-25     8.053134726711752e-25     1.779989639404711e-26     4.452846779504635e-27     7.985096950600000e-26     1.812480353145890e-25
   1.007563184918901e+15     3.194961900427769e+01     8.904364847314053e+12     9.025044461303657e-02     3.521588336929859e-25     1.470486952981782e-26     9.370410932455513e-25     8.670108644873979e-27     9.999999999999999e-30     5.000000000000000e-30     1.653219485960000e-22     6.439594315000001e-23     1.966780761311962e-25     1.948269989120000e-25     8.038982936248951e-25     1.744979983555968e-26     4.050975377860614e-27     7.985096950600000e-26     1.809497135992582e-25
   1.016442840190345e+15     3.223119102582270e+01     8.879655271443445e+12     9.022714129465864e-02     3.599466898940012e-25     1.473708358716647e-26     9.392823064985444e-25     8.671275317030751e-27     9.999999999999999e-30     5.000000000000000e-30     1.653219485960000e-22     6.439594315000001e-23     1.888580058728323e-25     1.948269989120000e-25     8.026111675478591e-25     1.713138188618841e-26     3.685467450061201e-27     7.985096950600000e-26     1.806783856283151e-25
   1.025300141474224e+15     3.251205420707203e+01     8.857301283878980e+12     9.020607053889895e-02     3.675645419994950e-25     1.476799432636404e-26     9.413208152347160e-25     8.672346561037238e-27     9.999999999999999e-30     5.000000000000000e-30     1.653219485960000e-22     6.439594315000001e-23     1.812092430281410e-25     1.948269989120000e-25     8.014404486392369e-25     1.684176152900312e-26     3.353015913292164e-27     7.985096950600000e-26     1.804315964507135e-25
   1.034137208766778e+15     3.279227577266545e+01     8.837067292553838e+12     9.018700708799458e-02     3.750053355575501e-25     1.479763613214210e-26     9.431750357292790e-25     8.673331403518715e-27     9.999999999999999e-30     5.000000000000000e-30     1.653219485960000e-22     6.439594315000001e-23     1.737388076643078e-25     1.948269989120000e-25     8.003755607757734e-25     1.657832237114281e-26     3.050617443353925e-27     7.985096950600000e-26     1.802071166049311e-25
   1.042955951976139e+15     3.307191628539253e+01     8.818743209361010e+12     9.016975041440367e-02     3.822628378931868e-25     1.482604338063385e-26     9.448616961061847e-25     8.674237980459936e-27     9.999999999999999e-30     5.000000000000000e-30     1.653219485960000e-22     6.439594315000001e-23     1.664528980801793e-25     1.948269989120000e-25     7.994068973442652e-25     1.633868786369655e-26     2.775544029876876e-27     7.985096950600000e-26     1.800029210035157e-25
   1.051758093328364e+15     3.335103035668329e+01     8.802141352225678e+12     9.015412165778285e-02     3.893316529761220e-25     1.485325047978589e-26     9.463959937933601e-25     8.675073631542565e-27     9.999999999999999e-30     5.000000000000000e-30     1.653219485960000e-22     6.439594315000001e-23     1.593568758980921e-25     1.948269989120000e-25     7.985257308081051e-25     1.612069892966391e-26     2.525317295740823e-27     7.985096950600000e-26     1.798171698695865e-25
   1.060545187108806e+15     3.362966727260294e+01     8.787093780441955e+12     9.013996100018591e-02     3.962072264137987e-25     1.487929188371472e-26     9.477917377946081e-25     8.675844983369215e-27     9.999999999999999e-30     5.000000000000000e-30     1.653219485960000e-22     6.439594315000001e-23     1.524552610564866e-25     1.948269989120000e-25     7.977241309954403e-25     1.592239374952731e-26     2.297685293189650e-27     7.985096950600000e-26     1.796481915118644e-25
   1.069318637102180e+15     3.390787154687278e+01     8.773449993373582e+12     9.012712540716027e-02     4.028858412085710e-25     1.490420208568137e-26     9.490614773350607e-25     8.676558023073086e-27     9.999999999999999e-30     5.000000000000000e-30     1.653219485960000e-22     6.439594315000001e-23     1.457517360597476e-25     1.948269989120000e-25     7.969948912144305e-25     1.574198948314510e-26     2.090601522624159e-27     7.985096950600000e-26     1.794944667496655e-25
   1.078079712037572e+15     3.418568341062824e+01     8.761074935392211e+12     9.011548667590821e-02     4.093646050248055e-25     1.492801559382780e-26     9.502166182599331e-25     8.677218163579043e-27     9.999999999999999e-30     5.000000000000000e-30     1.653219485960000e-22     6.439594315000001e-23     1.392491587353667e-25     1.948269989120000e-25     7.963314614029034e-25     1.557786573186138e-26     1.902205948967488e-27     7.985096950600000e-26     1.793546148207547e-25
   1.086829559297689e+15     3.446313924713625e+01     8.749847260116929e+12     9.010492974240035e-02     4.156414297950353e-25     1.495076689334463e-26     9.512675284126417e-25     8.677830301589943e-27     9.999999999999999e-30     5.000000000000000e-30     1.653219485960000e-22     6.439594315000001e-23     1.329495826656201e-25     1.948269989120000e-25     7.957278876080303e-25     1.542854956657920e-26     1.730807815580197e-27     7.985096950600000e-26     1.792273806235777e-25
   1.095569217112881e+15     3.474027197846529e+01     8.739657815192315e+12     9.009535120788366e-02     4.217150045535129e-25     1.497249039830838e-26     9.522236330843930e-25     8.678398869213196e-27     9.999999999999999e-30     5.000000000000000e-30     1.653219485960000e-22     6.439594315000001e-23     1.268542844021787e-25     1.948269989120000e-25     7.951787571686294e-25     1.529270196658801e-26     1.574870077562149e-27     7.985096950600000e-26     1.791116231616134e-25
   1.104299625428316e+15     3.501711141008105e+01     8.730408315434604e+12     9.008665805208924e-02     4.275847624208980e-25     1.499322039603138e-26     9.530935015101223e-25     8.678927880010447e-27     9.999999999999999e-30     5.000000000000000e-30     1.653219485960000e-22     6.439594315000001e-23     1.209637965370706e-25     1.948269989120000e-25     7.946791490400632e-25     1.516910553060126e-26     1.432995295408340e-27     7.985096950600000e-26     1.790063050717937e-25
   1.113021635605836e+15     3.529368453849050e+01     8.722010177520312e+12     9.007876650598855e-02     4.332508426765780e-25     1.501299098640295e-26     9.538849252826847e-25     8.679420970142935e-27     9.999999999999999e-30     5.000000000000000e-30     1.653219485960000e-22     6.439594315000001e-23     1.152779456910190e-25     1.948269989120000e-25     7.942245887608764e-25     1.505665333609858e-26     1.303912846789072e-27     7.985096950600000e-26     1.789104831314076e-25
   1.121736019099583e+15     3.557001582634395e+01     8.714383493746459e+12     9.007160106144875e-02     4.387140488471272e-25     1.503183601836334e-26     9.546049894664382e-25     8.679881435192485e-27     9.999999999999999e-30     5.000000000000000e-30     1.653219485960000e-22     6.439594315000001e-23     1.097958944885094e-25     1.948269989120000e-25     7.938110076124635e-25     1.495433883596856e-26     1.186467329034189e-27     7.985096950600000e-26     1.788232996489024e-25
   1.130443475225539e+15     3.584612744880577e+01     8.707456125956051e+12     9.006509359879544e-02     4.439758037130397e-25     1.504978902534031e-26     9.552601371111171e-25     8.680312263160068e-27     9.999999999999999e-30     5.000000000000000e-30     1.653219485960000e-22     6.439594315000001e-23     1.045161866156199e-25     1.948269989120000e-25     7.934347055691644e-25     1.486124669285276e-26     1.079608037992812e-27     7.985096950600000e-26     1.787439746537122e-25
   1.139144638129194e+15     3.612203951449752e+01     8.701162903654893e+12     9.005918261630189e-02     4.490381020938390e-25     1.506688316119124e-26     9.558562277957675e-25     8.680716164077771e-27     9.999999999999999e-30     5.000000000000000e-30     1.653219485960000e-22     6.439594315000001e-23     9.943679409896966e-26     1.948269989120000e-25     7.930923176770482e-25     1.477654446170207e-26     9.823794205451899e-28     7.985096950600000e-26     1.786717988088585e-25
   1.147840083041962e+15     3.639777026388767e+01     8.695444912767710e+12     9.005381254809261e-02     4.539034622168603e-25     1.508315113792981e-26     9.563985907692981e-25     8.681095596613922e-27     9.999999999999999e-30     5.000000000000000e-30     1.653219485960000e-22     6.439594315000001e-23     9.455516599920988e-26     1.948269989120000e-25     7.927807835359660e-25     1.469947504004060e-26     8.939124083563096e-28     7.985096950600000e-26     1.786061269777244e-25
   1.156530331905452e+15     3.667333624763612e+01     8.690248863491007e+12     9.004893315898756e-02     4.585748764103439e-25     1.509862516627616e-26     9.568920731978969e-25     8.681452792003219e-27     9.999999999999999e-30     5.000000000000000e-30     1.653219485960000e-22     6.439594315000001e-23     8.986827777737991e-26     1.948269989120000e-25     7.924973195917968e-25     1.462934981343428e-26     8.134165496462426e-28     7.985096950600000e-26     1.785463723832218e-25
   1.165215858432827e+15     3.694875248708863e+01     8.685526527374844e+12     9.004449900652135e-02     4.630557617898212e-25     1.511333689985167e-26     9.573410839793167e-25     8.681789775592672e-27     9.999999999999999e-30     5.000000000000000e-30     1.653219485960000e-22     6.439594315000001e-23     8.537268066432706e-26     1.948269989120000e-25     7.922393939746815e-25     1.456554243080296e-26     7.401728639497335e-28     7.985096950600000e-26     1.784920013036557e-25
   1.173897092667993e+15     3.722403261884807e+01     8.681234235165466e+12     9.004046896177031e-02     4.673499115307645e-25     1.512731738364454e-26     9.577496335390971e-25     8.682108386258958e-27     9.999999999999999e-30     5.000000000000000e-30     1.653219485960000e-22     6.439594315000001e-23     8.106455043959094e-26     1.948269989120000e-25     7.920047036448451e-25     1.450748315059953e-26     6.735273521669229e-28     7.985096950600000e-26     1.784425282550317e-25
   1.182574425096110e+15     3.749918902511766e+01     8.677332428117670e+12     9.003680578181503e-02     4.714614472425454e-25     1.514059700719868e-26     9.581213699835550e-25     8.682410293922367e-27     9.999999999999999e-30     5.000000000000000e-30     1.653219485960000e-22     6.439594315000001e-23     7.693973510425583e-26     1.948269989120000e-25     7.917911536307274e-25     1.445465370459829e-26     6.128851007711295e-28     7.985096950600000e-26     1.783975116144250e-25
   1.191248210352588e+15     3.777423295131239e+01     8.673785256477000e+12     9.003347572765678e-02     4.753947728810052e-25     1.515320546282627e-26     9.584596119482814e-25     8.682697015356233e-27     9.999999999999999e-30     5.000000000000000e-30     1.653219485960000e-22     6.439594315000001e-23     7.299380101016843e-26     1.948269989120000e-25     7.915968381648715e-25     1.440658263116354e-26     5.577049249270096e-28     7.985096950600000e-26     1.783565496433996e-25
   1.199918770572258e+15     3.804917461226086e+01     8.670560219670939e+12     9.003044822224004e-02     4.791545305611806e-25     1.516517170901168e-26     9.587673784484638e-25     8.682969928467881e-27     9.999999999999999e-30     5.000000000000000e-30     1.653219485960000e-22     6.439594315000001e-23     6.922207708380760e-26     1.948269989120000e-25     7.914200235416406e-25     1.436284103447578e-26     5.074945005600801e-28     7.985096950600000e-26     1.783192768743910e-25
   1.208586398415720e+15     3.832402328816971e+01     8.667627843461254e+12     9.002769554395293e-02     4.827455585594216e-25     1.517652393906175e-26     9.590474160082071e-25     8.683230285207262e-27     9.999999999999999e-30     5.000000000000000e-30     1.653219485960000e-22     6.439594315000001e-23     6.561969685551654e-26     1.948269989120000e-25     7.912591325375796e-25     1.432303873033526e-26     4.618059401734268e-28     7.985096950600000e-26     1.782853608264966e-25
   1.217251359805636e+15     3.859878741139131e+01     8.664961389916533e+12     9.002519255157075e-02     4.861728517264038e-25     1.518728955496132e-26     9.593022233197769e-25     8.683479223242099e-27     9.999999999999999e-30     5.000000000000000e-30     1.653219485960000e-22     6.439594315000001e-23     6.218163807263477e-26     1.948269989120000e-25     7.911127302503065e-25     1.428682074289139e-26     4.202317714878549e-28     7.985096950600000e-26     1.782544990202944e-25
   1.225913896402220e+15     3.887347464492073e+01     8.662536596583835e+12     9.002291643712770e-02     4.894415244702174e-25     1.519749514631437e-26     9.595340736600473e-25     8.683717776523117e-27     9.999999999999999e-30     5.000000000000000e-30     1.653219485960000e-22     6.439594315000001e-23     5.890275973746814e-26     1.948269989120000e-25     7.909795112254080e-25     1.425386412000709e-26     3.824012818389776e-28     7.985096950600000e-26     1.782264162641747e-25
   1.234574227843904e+15     3.914809195344698e+01     8.660331441683964e+12     9.002084650364350e-02     4.925567764123457e-25     1.520716647418718e-26     9.597450352700963e-25     8.683946884849627e-27     9.999999999999999e-30     5.000000000000000e-30     1.653219485960000e-22     6.439594315000001e-23     5.577783646746708e-26     1.948269989120000e-25     7.908582877530604e-25     1.422387503799775e-26     3.479771947437545e-28     7.985096950600000e-26     1.782008621872513e-25
   1.243232553776442e+15     3.942264566769541e+01     8.658325932538416e+12     9.001896396500120e-02     4.955238607692332e-25     1.521632845961948e-26     9.599369898846468e-25     8.684167402533960e-27     9.999999999999999e-30     5.000000000000000e-30     1.653219485960000e-22     6.439594315000001e-23     5.280159012514723e-26     1.948269989120000e-25     7.907479792271576e-25     1.419658616922040e-26     3.166526481894742e-28     7.985096950600000e-26     1.781776089962508e-25
   1.251889055691210e+15     3.969714154271976e+01     8.656501914767923e+12     9.001725176560869e-02     4.983480554683676e-25     1.522500517653170e-26     9.601116495806477e-25     8.684380106252889e-27     9.999999999999999e-30     5.000000000000000e-30     1.653219485960000e-22     6.439594315000001e-23     4.996871870910069e-26     1.948269989120000e-25     7.906476024697185e-25     1.417175428846020e-26     2.881484470351556e-28     7.985096950600000e-26     1.781564494358847e-25
   1.260543898591300e+15     3.997158481073375e+01     8.654842900089118e+12     9.001569441774786e-02     5.010346369702709e-25     1.523321984872895e-26     9.602705720985716e-25     8.684585702165001e-27     9.999999999999999e-30     5.000000000000000e-30     1.653219485960000e-22     6.439594315000001e-23     4.727392253500014e-26     1.948269989120000e-25     7.905562629323766e-25     1.414915809629549e-26     2.622105644798904e-28     7.985096950600000e-26     1.781371949341106e-25
   1.269197232502085e+15     4.024598022901082e+01     8.653333910785702e+12     9.001427785476680e-02     5.035888567362872e-25     1.524099485068477e-26     9.604151747757799e-25     8.684784832364861e-27     9.999999999999999e-30     5.000000000000000e-30     1.653219485960000e-22     6.439594315000001e-23     4.471192776702799e-26     1.948269989120000e-25     7.904731466949243e-25     1.412859623964351e-26     2.386078698723423e-28     7.985096950600000e-26     1.781196739154142e-25
   1.277849193841233e+15     4.052033212332676e+01     8.651961339147389e+12     9.001298929847611e-02     5.060159202562151e-25     1.524835171177729e-26     9.605467472184339e-25     8.684978080737618e-27     9.999999999999999e-30     5.000000000000000e-30     1.653219485960000e-22     6.439594315000001e-23     4.227750738600760e-26     1.948269989120000e-25     7.903975131882750e-25     1.410988551151772e-26     2.171300622349910e-28     7.985096950600000e-26     1.781037302668000e-25
   1.286499906661593e+15     4.079464442737167e+01     8.650712820360114e+12     9.001181713929683e-02     5.083209685292597e-25     1.525531112364803e-26     9.606664628267736e-25     8.685165978271240e-27     9.999999999999999e-30     5.000000000000000e-30     1.653219485960000e-22     6.439594315000001e-23     3.996549970109217e-26     1.948269989120000e-25     7.903286885759037e-25     1.409285921368372e-26     1.975857907776509e-28     7.985096950600000e-26     1.780892219425893e-25
   1.295149483779090e+15     4.106892071851503e+01     8.649577117497269e+12     9.001075082787242e-02     5.105090618759955e-25     1.526189295035561e-26     9.607753892780308e-25     8.685349007877898e-27     9.999999999999999e-30     5.000000000000000e-30     1.653219485960000e-22     6.439594315000001e-23     3.777082452764881e-26     1.948269989120000e-25     7.902660597338878e-25     1.407736566740105e-26     1.798009453968356e-28     7.985096950600000e-26     1.780760196954048e-25
   1.303798027796498e+15     4.134316425026945e+01     8.648544017407512e+12     9.000978077699251e-02     5.125851659475404e-25     1.526811624100439e-26     9.608744980616696e-25     8.685527608770884e-27     9.999999999999999e-30     5.000000000000000e-30     1.653219485960000e-22     6.439594315000001e-23     3.568849716545525e-26     1.948269989120000e-25     7.902090687751666e-25     1.406326685879755e-26     1.636171017181704e-28     7.985096950600000e-26     1.780640059218764e-25
   1.312445632032921e+15     4.161737798176436e+01     8.647604236423558e+12     9.000889827280316e-02     5.145541397904499e-25     1.527399924453879e-26     9.609646731529723e-25     8.685702180438900e-27     9.999999999999999e-30     5.000000000000000e-30     1.653219485960000e-22     6.439594315000001e-23     3.371364031901135e-26     1.948269989120000e-25     7.901572080686214e-25     1.405043720665569e-26     1.488901066539287e-28     7.985096950600000e-26     1.780530736126570e-25
   1.321092381367851e+15     4.189156460451074e+01     8.646749334929751e+12     9.000809539439071e-02     5.164207258214379e-25     1.527955942640786e-26     9.610467189031250e-25     8.685873086255458e-27     9.999999999999999e-30     5.000000000000000e-30     1.653219485960000e-22     6.439594315000001e-23     3.184149410615420e-26     1.948269989120000e-25     7.901100157080950e-25     1.403876244150806e-26     1.354887917309409e-28     7.985096950600000e-26     1.780431253972847e-25
   1.329738353007777e+15     4.216572656671033e+01     8.645971639926240e+12     9.000736494091477e-02     5.181895415644455e-25     1.528481348682069e-26     9.611213672168114e-25     8.686040656757497e-27     9.999999999999999e-30     5.000000000000000e-30     1.653219485960000e-22     6.439594315000001e-23     3.006742430273379e-26     1.948269989120000e-25     7.900670713905708e-25     1.402813858595329e-26     1.232938026082105e-28     7.985096950600000e-26     1.780340726752979e-25
   1.338383617182594e+15     4.243986609533847e+01     8.645264174816906e+12     9.000670036556115e-02     5.198650730033599e-25     1.528977738033074e-26     9.611892840818546e-25     8.686205192624002e-27     9.999999999999999e-30     5.000000000000000e-30     1.653219485960000e-22     6.439594315000001e-23     2.838692897030927e-26     1.948269989120000e-25     7.900279926664486e-25     1.401847102702410e-26     1.121965342599227e-28     7.985096950600000e-26     1.780258348257878e-25
   1.347028237778320e+15     4.271398521620753e+01     8.644620595726587e+12     9.000609571565268e-02     5.214516694064138e-25     1.529446633650532e-26     9.612510755095598e-25     8.686366967382487e-27     9.999999999999999e-30     5.000000000000000e-30     1.653219485960000e-22     6.439594315000001e-23     2.679564361108085e-26     1.948269989120000e-25     7.899924315282345e-25     1.400967367227427e-26     1.020981622583596e-28     7.985096950600000e-26     1.780183384882897e-25
   1.355672272912044e+15     4.298808577219825e+01     8.644035133723622e+12     9.000554557832657e-02     5.229535394825818e-25     1.529889488145565e-26     9.613072929390775e-25     8.686526229868543e-27     9.999999999999999e-30     5.000000000000000e-30     1.653219485960000e-22     6.439594315000001e-23     2.528934498996251e-26     1.948269989120000e-25     7.899600713070243e-25     1.400166818200974e-26     9.290876146175140e-29     7.985096950600000e-26     1.780115169085573e-25
   1.364315775454430e+15     4.326216943982845e+01     8.643502542386236e+12     9.000504503125015e-02     5.243747487358117e-25     1.530307686002138e-26     9.613584381542588e-25     8.686683206461245e-27     9.999999999999999e-30     5.000000000000000e-30     1.653219485960000e-22     6.439594315000001e-23     2.386395375816690e-26     1.948269989120000e-25     7.899306238489460e-25     1.399438327077783e-26     8.454650420258879e-29     7.985096950600000e-26     1.780053093433526e-25
   1.372958793504637e+15     4.353623774431244e+01     8.643018050206693e+12     9.000458959789097e-02     5.257192178893569e-25     1.530702545842275e-26     9.614049677570693e-25     8.686838103115083e-27     9.999999999999999e-30     5.000000000000000e-30     1.653219485960000e-22     6.439594315000001e-23     2.251553600622027e-26     1.948269989120000e-25     7.899038269462535e-25     1.398775407185389e-26     7.693693078989842e-29     7.985096950600000e-26     1.779996605189174e-25
   1.381601370822014e+15     4.381029207325008e+01     8.642577317377490e+12     9.000417520691334e-02     5.269907222595742e-25     1.531075322721136e-26     9.614472972376319e-25     8.686991107207127e-27     9.999999999999999e-30     5.000000000000000e-30     1.653219485960000e-22     6.439594315000001e-23     2.124030386721435e-26     1.948269989120000e-25     7.898794420000617e-25     1.398172155903294e-26     7.001228579120223e-29     7.985096950600000e-26     1.779945201382743e-25
   1.390243547218563e+15     4.408433368907163e+01     8.642176396548189e+12     9.000379815531420e-02     5.281928919660686e-25     1.531427210436834e-26     9.614858046773326e-25     8.687142389216381e-27     9.999999999999999e-30     5.000000000000000e-30     1.653219485960000e-22     6.439594315000001e-23     2.003461528356302e-26     1.948269989120000e-25     7.898572518938001e-25     1.397623202055011e-26     6.371091415245870e-29     7.985096950600000e-26     1.779898424329473e-25
   1.398885358915744e+15     4.435836374035210e+01     8.641811697181280e+12     9.000345507494199e-02     5.293292128728293e-25     1.531759343841540e-26     9.615208341181247e-25     8.687292104250699e-27     9.999999999999999e-30     5.000000000000000e-30     1.653219485960000e-22     6.439594315000001e-23     1.889497304275521e-26     1.948269989120000e-25     7.898370590583558e-25     1.397123658042276e-26     5.797671175275439e-29     7.985096950600000e-26     1.779855857550923e-25
   1.407526838868916e+15     4.463238327209906e+01     8.641479953171860e+12     9.000314290208926e-02     5.304030281628368e-25     1.532072801142025e-26     9.615526986281602e-25     8.687440393435210e-27     9.999999999999999e-30     5.000000000000000e-30     1.653219485960000e-22     6.439594315000001e-23     1.781802317974294e-26     1.948269989120000e-25     7.898186837116035e-25     1.396669076293351e-26     5.275862547987800e-29     7.985096950600000e-26     1.779817122063867e-25
   1.416168017062343e+15     4.490639323510728e+01     8.641178193427440e+12     9.000285884986568e-02     5.314175404564009e-25     1.532368606179252e-26     9.615816830911578e-25     8.687587385174909e-27     9.999999999999999e-30     5.000000000000000e-30     1.653219485960000e-22     6.439594315000001e-23     1.680055283580661e-26     1.948269989120000e-25     7.898019622565842e-25     1.396255409636081e-26     4.801019835769962e-29     7.985096950600000e-26     1.779781873003635e-25
   1.424808920777477e+15     4.518039449446592e+01     8.640903715133826e+12     9.000260038309868e-02     5.323758143911154e-25     1.532647730678047e-26     9.616080467444292e-25     8.687733196302874e-27     9.999999999999999e-30     5.000000000000000e-30     1.653219485960000e-22     6.439594315000001e-23     1.583948765610413e-26     1.948269989120000e-25     7.897867458240190e-25     1.395878975241610e-26     4.368915566059828e-29     7.985096950600000e-26     1.779749796551712e-25
   1.433449574836936e+15     4.545438783729501e+01     8.640654059458520e+12     9.000236519552425e-02     5.332807795886900e-25     1.532911096459127e-26     9.616320254882384e-25     8.687877933124554e-27     9.999999999999999e-30     5.000000000000000e-30     1.653219485960000e-22     6.439594315000001e-23     1.493188880071880e-26     1.948269989120000e-25     7.897728989461368e-25     1.395536421816650e-26     3.975702831774900e-29     7.985096950600000e-26     1.779720607140148e-25
   1.442090001826402e+15     4.572837397978191e+01     8.640426989466931e+12     9.000215118905684e-02     5.341352339409935e-25     1.533159577606980e-26     9.616538339871149e-25     8.688021692367563e-27     9.999999999999999e-30     5.000000000000000e-30     1.653219485960000e-22     6.439594315000001e-23     1.407494963693676e-26     1.948269989120000e-25     7.897602983499761e-25     1.395224699751353e-26     3.617881024426734e-29     7.985096950600000e-26     1.779694044907823e-25
   1.450730222296450e+15     4.600235357358100e+01     8.640220470047778e+12     9.000195645494798e-02     5.349418471543652e-25     1.533394002588117e-26     9.616736675818798e-25     8.688164562045595e-27     9.999999999999999e-30     5.000000000000000e-30     1.653219485960000e-22     6.439594315000001e-23     1.326599217375369e-26     1.948269989120000e-25     7.897488318593859e-25     1.394941033956263e-26     3.292264654007097e-29     7.985096950600000e-26     1.779669873385847e-25
   1.459370254946113e+15     4.627632721163474e+01     8.640032649663022e+12     9.000177925665798e-02     5.357031644975839e-25     1.533615156315250e-26     9.616917040294508e-25     8.688306622244229e-27     9.999999999999999e-30     5.000000000000000e-30     1.653219485960000e-22     6.439594315000001e-23     1.250246329326370e-26     1.948269989120000e-25     7.897383973959262e-25     1.394682899145935e-26     2.995954977362653e-29     7.985096950600000e-26     1.779647877391446e-25
   1.468010116789868e+15     4.655029543346868e+01     8.639861843755140e+12     9.000161801428440e-02     5.364216107048223e-25     1.533823782153785e-26     9.617081050859489e-25     8.688447945835759e-27     9.999999999999999e-30     5.000000000000000e-30     1.653219485960000e-22     6.439594315000001e-23     1.178193082763992e-26     1.948269989120000e-25     7.897289020697547e-25     1.394447997348663e-26     2.726314181902065e-29     7.985096950600000e-26     1.779627861111538e-25
   1.476649823309528e+15     4.682425873000788e+01     8.639706519660010e+12     9.000147129040544e-02     5.370994939904358e-25     1.534020583867838e-26     9.617230179472302e-25     8.688588599129432e-27     9.999999999999999e-30     5.000000000000000e-30     1.653219485960000e-22     6.439594315000001e-23     1.110207952488595e-26     1.948269989120000e-25     7.897202613523888e-25     1.394234237441699e-26     2.480941894330981e-29     7.985096950600000e-26     1.779609646358902e-25
   1.485289388592416e+15     4.709821754795841e+01     8.639565282887701e+12     9.000133777720574e-02     5.377390101375437e-25     1.534206227503680e-26     9.617365765596905e-25     8.688728642462991e-27     9.999999999999999e-30     5.000000000000000e-30     1.653219485960000e-22     6.439594315000001e-23     1.046070694141958e-26     1.948269989120000e-25     7.897123983239632e-25     1.394039716529428e-26     2.257653804893678e-29     7.985096950600000e-26     1.779593070985392e-25
   1.493928825457063e+15     4.737217229379321e+01     8.639436864646502e+12     9.000121628477184e-02     5.383422466270680e-25     1.534381343209148e-26     9.617489028130316e-25     8.688868130740823e-27     9.999999999999999e-30     5.000000000000000e-30     1.653219485960000e-22     6.439594315000001e-23     9.855719294840559e-27     1.948269989120000e-25     7.897052429882739e-25     1.393862702998438e-26     2.054462216503304e-29     7.985096950600000e-26     1.779577987438033e-25
   1.502568145567559e+15     4.764612333737821e+01     8.639320110496619e+12     9.000110573044655e-02     5.389111867781982e-25     1.534546526988108e-26     9.617601076256259e-25     8.689007113923534e-27     9.999999999999999e-30     5.000000000000000e-30     1.653219485960000e-22     6.439594315000001e-23     9.285127305920736e-27     1.948269989120000e-25     7.896987316494979e-25     1.393701621098403e-26     1.869558345336583e-29     7.985096950600000e-26     1.779564261445142e-25
   1.511207359537590e+15     4.792007101527112e+01     8.639213970030832e+12     9.000100512914681e-02     5.394477138751810e-25     1.534702342389546e-26     9.617702919321514e-25     8.689145637473367e-27     9.999999999999999e-30     5.000000000000000e-30     1.653219485960000e-22     6.439594315000001e-23     8.747042054923538e-27     1.948269989120000e-25     7.896928063450347e-25     1.393555036911333e-26     1.701296215108706e-29     7.985096950600000e-26     1.779551770820751e-25
   1.519846477025079e+15     4.819401563372269e+01     8.639117487488729e+12     9.000091358456047e-02     5.399536152588948e-25     1.534849322131293e-26     9.617795475823032e-25     8.689283742759441e-27     9.999999999999999e-30     5.000000000000000e-30     1.653219485960000e-22     6.439594315000001e-23     8.239670873792324e-27     1.948269989120000e-25     7.896874143294134e-25     1.393421645584115e-26     1.548178001470967e-29     7.985096950600000e-26     1.779540404376671e-25
   1.528485506818298e+15     4.846795747140722e+01     8.639029793219434e+12     9.000083028113541e-02     5.404305863648884e-25     1.534987969658738e-26     9.617879581585905e-25     8.689421467426443e-27     9.999999999999999e-30     5.000000000000000e-30     1.653219485960000e-22     6.439594315000001e-23     7.761313292524250e-27     1.948269989120000e-25     7.896825076046656e-25     1.393300259710564e-26     1.408840695915591e-29     7.985096950600000e-26     1.779530060932517e-25
   1.537124456914214e+15     4.874189678190685e+01     8.638950095916162e+12     9.000075447679684e-02     5.408802346924610e-25     1.535118760639207e-26     9.617955997205059e-25     8.689558845730089e-27     9.999999999999999e-30     5.000000000000000e-30     1.653219485960000e-22     6.439594315000001e-23     7.310357055146947e-27     1.948269989120000e-25     7.896780424929799e-25     1.393189798759454e-26     1.282043970345572e-29     7.985096950600000e-26     1.779520648414851e-25
   1.545763334589767e+15     4.901583379597180e+01     8.638877675552198e+12     9.000068549632075e-02     5.413040836919524e-25     1.535242144392967e-26     9.618025414816984e-25     8.689695908842333e-27     9.999999999999999e-30     5.000000000000000e-30     1.653219485960000e-22     6.439594315000001e-23     6.885274218117991e-27     1.948269989120000e-25     7.896739792478290e-25     1.393089279454326e-26     1.166659134178046e-29     7.985096950600000e-26     1.779512083037443e-25
   1.554402146466722e+15     4.928976872357692e+01     8.638811876954896e+12     9.000062272530518e-02     5.417035765597298e-25     1.535358545262005e-26     9.618088464261837e-25     8.689832685129076e-27     9.999999999999999e-30     5.000000000000000e-30     1.653219485960000e-22     6.439594315000001e-23     6.484617341650123e-27     1.948269989120000e-25     7.896702817001058e-25     1.392997807019363e-26     1.061659085593857e-29     7.985096950600000e-26     1.779504288555309e-25
   1.563040898570682e+15     4.956370175579280e+01     8.638752103960004e+12     9.000056560468907e-02     5.420800799324135e-25     1.535468363917947e-26     9.618145718690806e-25     8.689969200402850e-27     9.999999999999999e-30     5.000000000000000e-30     1.653219485960000e-22     6.439594315000001e-23     6.107015782406955e-27     1.948269989120000e-25     7.896669169361158e-25     1.392914567213339e-26     9.661091674110526e-30     7.985096950600000e-26     1.779497195585922e-25
   1.571679596384775e+15     4.983763306648831e+01     8.638697814093437e+12     9.000051362576197e-02     5.424348874737002e-25     1.535571978610623e-26     9.618197699668697e-25     8.690105478152722e-27     9.999999999999999e-30     5.000000000000000e-30     1.653219485960000e-22     6.439594315000001e-23     5.751172094193531e-27     1.948269989120000e-25     7.896638550045564e-25     1.392838819080685e-26     8.791588461255006e-30     7.985096950600000e-26     1.779490740991520e-25
   1.580318244898508e+15     5.011156281387964e+01     8.638648513733156e+12     9.000046632562868e-02     5.427692233487478e-25     1.535669746358894e-26     9.618244881817183e-25     8.690241539753501e-27     9.999999999999999e-30     5.000000000000000e-30     1.653219485960000e-22     6.439594315000001e-23     5.415858541663261e-27     1.948269989120000e-25     7.896610686498745e-25     1.392769888355103e-26     8.000341399999040e-30     7.985096950600000e-26     1.779484867317016e-25
   1.588956848652216e+15     5.038549114193987e+01     8.638603753707309e+12     9.000042328307789e-02     5.430842455824870e-25     1.535762004085480e-26     9.618287697040083e-25     8.690377404656083e-27     9.999999999999999e-30     5.000000000000000e-30     1.653219485960000e-22     6.439594315000001e-23     5.099913730658185e-27     1.948269989120000e-25     7.896585330696259e-25     1.392707161456967e-26     7.280307287589994e-30     7.985096950600000e-26     1.779479522278513e-25
   1.597595411777506e+15     5.065941818168142e+01     8.638563125289661e+12     9.000038411482894e-02     5.433810492994495e-25     1.535849069697564e-26     9.618326538368298e-25     8.690513090560668e-27     9.999999999999999e-30     5.000000000000000e-30     1.653219485960000e-22     6.439594315000001e-23     4.802239357574786e-27     1.948269989120000e-25     7.896562256936772e-25     1.392650080031056e-26     6.625076835232906e-30     7.985096950600000e-26     1.779474658297854e-25
   1.606233938034062e+15     5.093334405232311e+01     8.638526256555936e+12     9.000034847211298e-02     5.436606698437642e-25     1.535931243115023e-26     9.618361763458641e-25     8.690648613574357e-27     9.999999999999999e-30     5.000000000000000e-30     1.653219485960000e-22     6.439594315000001e-23     4.521797079085549e-27     1.948269989120000e-25     7.896541259832816e-25     1.392598135975974e-26     6.028817611407421e-30     7.985096950600000e-26     1.779470232079076e-25
   1.614872430843130e+15     5.120726886235192e+01     8.638492809068803e+12     9.000031603756450e-02     5.439240857788875e-25     1.536008807248158e-26     9.618393697777732e-25     8.690783988354566e-27     9.999999999999999e-30     5.000000000000000e-30     1.653219485960000e-22     6.439594315000001e-23     4.257605502630918e-27     1.948269989120000e-25     7.896522152482420e-25     1.392550866920986e-26     5.486222121047918e-30     7.985096950600000e-26     1.779466204222982e-25
   1.623510893317992e+15     5.148119271048935e+01     8.638462474861675e+12     9.000028652239248e-02     5.441722217674195e-25     1.536082028926816e-26     9.618422637499302e-25     8.690919228239531e-27     9.999999999999999e-30     5.000000000000000e-30     1.653219485960000e-22     6.439594315000001e-23     4.008737297312316e-27     1.948269989120000e-25     7.896504764805300e-25     1.392507852109992e-26     4.992460558228118e-30     7.985096950600000e-26     1.779462538876412e-25
   1.632149328291686e+15     5.175511568657048e+01     8.638434973694388e+12     9.000025966380691e-02     5.444059513320216e-25     1.536151159782781e-26     9.618448852140702e-25     8.691054345367048e-27     9.999999999999999e-30     5.000000000000000e-30     1.653219485960000e-22     6.439594315000001e-23     3.774316424150625e-27     1.948269989120000e-25     7.896488942028824e-25     1.392468708655993e-26     4.543137811626273e-30     7.985096950600000e-26     1.779459203413078e-25
   1.640787738342243e+15     5.202903787234408e+01     8.638410050556173e+12     9.000023522267653e-02     5.446260994990134e-25     1.536216437087348e-26     9.618472586962111e-25     8.691189350782526e-27     9.999999999999999e-30     5.000000000000000e-30     1.653219485960000e-22     6.439594315000001e-23     3.553515484113151e-27     1.948269989120000e-25     7.896474543310251e-25     1.392433088132692e-26     4.134254339930873e-30     7.985096950600000e-26     1.779456168143135e-25
   1.649426125815636e+15     5.230295934220055e+01     8.638387473393703e+12     9.000021298139875e-02     5.448334453266970e-25     1.536278084545903e-26     9.618494065149785e-25     8.691324254537322e-27     9.999999999999999e-30     5.000000000000000e-30     1.653219485960000e-22     6.439594315000001e-23     3.345553181843977e-27     1.948269989120000e-25     7.896461440482973e-25     1.392400673472877e-26     3.762170568817822e-30     7.985096950600000e-26     1.779453406048883e-25
   1.658064492846680e+15     5.257688016383435e+01     8.638367031043778e+12     9.000019274196076e-02     5.450287243208391e-25     1.536336313051389e-26     9.618513489802794e-25     8.691459065778200e-27     9.999999999999999e-30     5.000000000000000e-30     1.653219485960000e-22     6.439594315000001e-23     3.149691902647099e-27     1.948269989120000e-25     7.896449516915623e-25     1.392371176145983e-26     3.423574492496086e-30     7.985096950600000e-26     1.779450892544267e-25
   1.666702841378032e+15     5.285080039884679e+01     8.638348531352293e+12     9.000017432417541e-02     5.452126307400568e-25     1.536391321398430e-26     9.618531045740947e-25     8.691593792828765e-27     9.999999999999999e-30     5.000000000000000e-30     1.653219485960000e-22     6.439594315000001e-23     2.965235399959033e-27     1.948269989120000e-25     7.896438666473853e-25     1.392344333589687e-26     3.115452191359638e-30     7.985096950600000e-26     1.779448605256020e-25
   1.675341173177495e+15     5.312472010329450e+01     8.638331799462651e+12     9.000015756407566e-02     5.453858197941023e-25     1.536443296959885e-26     9.618546901149980e-25     8.691728443263536e-27     9.999999999999999e-30     5.000000000000000e-30     1.653219485960000e-22     6.439594315000001e-23     2.791526590298969e-27     1.948269989120000e-25     7.896428792575573e-25     1.392319906872687e-26     2.835061003253926e-30     7.985096950600000e-26     1.779446523824500e-25
   1.683979489853754e+15     5.339863932818854e+01     8.638316676258403e+12     9.000014231245541e-02     5.455489097382325e-25     1.536492416327565e-26     9.618561209078674e-25     8.691863023975378e-27     9.999999999999999e-30     5.000000000000000e-30     1.653219485960000e-22     6.439594315000001e-23     2.627945452492020e-27     1.948269989120000e-25     7.896419807331215e-25     1.392297678567832e-26     2.579905109496580e-30     7.985096950600000e-26     1.779444629722467e-25
   1.692617792870700e+15     5.367255811994863e+01     8.638303016946037e+12     9.000012843353883e-02     5.457024838669951e-25     1.536538845918758e-26     9.618574108801226e-25     8.691997541236843e-27     9.999999999999999e-30     5.000000000000000e-30     1.653219485960000e-22     6.439594315000001e-23     2.473907027817525e-27     1.948269989120000e-25     7.896411630761390e-25     1.392277450816697e-26     2.347713318295544e-30     7.985096950600000e-26     1.779442906090152e-25
   1.701256083560465e+15     5.394647652081638e+01     8.638290689765562e+12     9.000011580377291e-02     5.458470924108648e-25     1.536582742550213e-26     9.618585727056988e-25     8.692132000756002e-27     9.999999999999999e-30     5.000000000000000e-30     1.653219485960000e-22     6.439594315000001e-23     2.328859517633238e-27     1.948269989120000e-25     7.896404190084943e-25     1.392259043568345e-26     2.136418847774885e-30     7.985096950600000e-26     1.779441337585187e-25
   1.709894363135282e+15     5.422039456923142e+01     8.638279574817049e+12     9.000010431072528e-02     5.459832543392272e-25     1.536624253981121e-26     9.618596179178634e-25     8.692266407727248e-27     9.999999999999999e-30     5.000000000000000e-30     1.653219485960000e-22     6.439594315000001e-23     2.192282474961869e-27     1.948269989120000e-25     7.896397419071103e-25     1.392242292976615e-26     1.944140928623746e-30     7.985096950600000e-26     1.779439910246032e-25
   1.718532632698275e+15     5.449431230017362e+01     8.638269562993013e+12     9.000009385208442e-02     5.461114590732404e-25     1.536663519426626e-26     9.618605570118789e-25     8.692400766877521e-27     9.999999999999999e-30     5.000000000000000e-30     1.653219485960000e-22     6.439594315000001e-23     2.063685086493598e-27     1.948269989120000e-25     7.896391257449931e-25     1.392227049941660e-26     1.769168062585930e-30     7.985096950600000e-26     1.779438611367702e-25
   1.727170893253282e+15     5.476822974547444e+01     8.638260555006805e+12     9.000008433474850e-02     5.462321681121147e-25     1.536700670043326e-26     9.618613995384249e-25     8.692535082508383e-27     9.999999999999999e-30     5.000000000000000e-30     1.653219485960000e-22     6.439594315000001e-23     1.942604541452368e-27     1.948269989120000e-25     7.896385650375836e-25     1.392213178782748e-26     1.609942787750853e-30     7.985096950600000e-26     1.779437429388668e-25
   1.735809145713790e+15     5.504214693410041e+01     8.638252460508486e+12     9.000007567399478e-02     5.463458165763281e-25     1.536735829388146e-26     9.618621541886120e-25     8.692669358534294e-27     9.999999999999999e-30     5.000000000000000e-30     1.653219485960000e-22     6.439594315000001e-23     1.828604483790783e-27     1.948269989120000e-25     7.896380547939373e-25     1.392200556030522e-26     1.465047815022474e-30     7.985096950600000e-26     1.779436353787950e-25
   1.744447390911071e+15     5.531606389241093e+01     8.638245197280465e+12     9.000006779272719e-02     5.464528146712660e-25     1.536769113851954e-26     9.618628288713447e-25     8.692803598517454e-27     9.999999999999999e-30     5.000000000000000e-30     1.653219485960000e-22     6.439594315000001e-23     1.721273544214802e-27     1.948269989120000e-25     7.896375904722985e-25     1.392189069327958e-26     1.333193412350865e-30     7.985096950600000e-26     1.779435374991464e-25
   1.753085629601576e+15     5.558998064439296e+01     8.638238690505365e+12     9.000006062078859e-02     5.465535490747165e-25     1.536800633069202e-26     9.618634307837205e-25     8.692937805699503e-27     9.999999999999999e-30     5.000000000000000e-30     1.653219485960000e-22     6.439594315000001e-23     1.620223948591860e-27     1.948269989120000e-25     7.896371679396722e-25     1.392178616430236e-26     1.213205924420051e-30     7.985096950600000e-26     1.779434484286799e-25
   1.761723862473676e+15     5.586389721187457e+01     8.638232872099935e+12     9.000005409433701e-02     5.466483842515903e-25     1.536830490304825e-26     9.618639664750942e-25     8.693071983030367e-27     9.999999999999999e-30     5.000000000000000e-30     1.653219485960000e-22     6.439594315000001e-23     1.525090199361782e-27     1.948269989120000e-25     7.896367834350359e-25     1.392169104294633e-26     1.104017325594676e-30     7.985096950600000e-26     1.779433673745666e-25
   1.770362090153785e+15     5.613781361471921e+01     8.638227680108832e+12     9.000004815527612e-02     5.467376636991580e-25     1.536858782819596e-26     9.618644419053746e-25     8.693206133194511e-27     9.999999999999999e-30     5.000000000000000e-30     1.653219485960000e-22     6.439594315000001e-23     1.435527826646381e-27     1.948269989120000e-25     7.896364335358606e-25     1.392160448252320e-26     1.004655713126896e-30     7.985096950600000e-26     1.779432936153328e-25
   1.779000313211938e+15     5.641172987100260e+01     8.638223058153093e+12     9.000004275073904e-02     5.468217111260109e-25     1.536885602215049e-26     9.618648624980762e-25     8.693340258634831e-27     9.999999999999999e-30     5.000000000000000e-30     1.653219485960000e-22     6.439594315000001e-23     1.351212205838900e-27     1.948269989120000e-25     7.896361151276472e-25     1.392152571254705e-26     9.142366559957013e-31     7.985096950600000e-26     1.779432264944377e-25
   1.787638532166866e+15     5.668564599717359e+01     8.638218954928156e+12     9.000003783261736e-02     5.469008315678631e-25     1.536911034759072e-26     9.618652331885944e-25     8.693474361574389e-27     9.999999999999999e-30     5.000000000000000e-30     1.653219485960000e-22     6.439594315000001e-23     1.271837438546415e-27     1.948269989120000e-25     7.896358253762023e-25     1.392145403187604e-26     8.319553223681226e-31     7.985096950600000e-26     1.779431654144293e-25
   1.796276747490613e+15     5.695956200820057e+01     8.638215323747101e+12     9.000003335713207e-02     5.469753124432129e-25     1.536935161693186e-26     9.618655584681372e-25     8.693608444036196e-27     9.999999999999999e-30     5.000000000000000e-30     1.653219485960000e-22     6.439594315000001e-23     1.197115293855492e-27     1.948269989120000e-25     7.896355617024116e-25     1.392138880247137e-26     7.570793156033480e-31     7.985096950600000e-26     1.779431098316267e-25
   1.804914959612738e+15     5.723347791770479e+01     8.638212122125072e+12     9.000002928444506e-02     5.470454245517832e-25     1.536958059522488e-26     9.618658424237022e-25     8.693742507861220e-27     9.999999999999999e-30     5.000000000000000e-30     1.653219485960000e-22     6.439594315000001e-23     1.126774206992238e-27     1.948269989120000e-25     7.896353217592818e-25     1.392132944371799e-26     6.889421550283990e-31     7.985096950600000e-26     1.779430592512805e-25
   1.813553168924139e+15     5.750739373808153e+01     8.638209311401006e+12     9.000002557830378e-02     5.471114230185569e-25     1.536979800289211e-26     9.618660887744557e-25     8.693876554724762e-27     9.999999999999999e-30     5.000000000000000e-30     1.653219485960000e-22     6.439594315000001e-23     1.060558332551308e-27     1.948269989120000e-25     7.896351034110496e-25     1.392127542725637e-26     6.269373434538714e-31     7.985096950600000e-26     1.779430132231689e-25
   1.822191375780533e+15     5.778130948061050e+01     8.638206856393461e+12     9.000002220571816e-02     5.471735481861194e-25     1.537000451830770e-26     9.618663009048380e-25     8.694010586151368e-27     9.999999999999999e-30     5.000000000000000e-30     1.653219485960000e-22     6.439594315000001e-23     9.982266495732370e-28     1.948269989120000e-25     7.896349047141714e-25     1.392122627227952e-26     5.705129686214290e-31     7.985096950600000e-26     1.779429713375900e-25
   1.830829580505620e+15     5.805522515555620e+01     8.638204725087467e+12     9.000001913666798e-02     5.472320264579139e-25     1.537020078023152e-26     9.618664818946886e-25     8.694144603528395e-27     9.999999999999999e-30     5.000000000000000e-30     1.653219485960000e-22     6.439594315000001e-23     9.395521158549129e-28     1.948269989120000e-25     7.896347239000227e-25     1.392118154125321e-26     5.191667905277831e-31     7.985096950600000e-26     1.779429332217155e-25
   1.839467783393970e+15     5.832914077225931e+01     8.638202888349460e+12     9.000001634383405e-02     5.472870710949127e-25     1.537038739010448e-26     9.618666345466608e-25     8.694278608118353e-27     9.999999999999999e-30     5.000000000000000e-30     1.653219485960000e-22     6.439594315000001e-23     8.843208689832028e-28     1.948269989120000e-25     7.896345593591561e-25     1.392114083602138e-26     4.724417708951068e-31     7.985096950600000e-26     1.779428985362714e-25
   1.848105984713638e+15     5.860305633921987e+01     8.638201319668028e+12     9.000001380235710e-02     5.473388829681013e-25     1.537056491421290e-26     9.618667614111685e-25     8.694412601070144e-27     9.999999999999999e-30     5.000000000000000e-30     1.653219485960000e-22     6.439594315000001e-23     8.323314716861704e-28     1.948269989120000e-25     7.896344096269743e-25     1.392110379426213e-26     4.299220049937371e-31     7.985096950600000e-26     1.779428669725188e-25
   1.856744184708556e+15     5.887697186417287e+01     8.638199994917794e+12     9.000001148961433e-02     5.473876512690718e-25     1.537073388572915e-26     9.618668648090879e-25     8.694546583429283e-27     9.999999999999999e-30     5.000000000000000e-30     1.653219485960000e-22     6.439594315000001e-23     7.833941991993419e-28     1.948269989120000e-25     7.896342733706945e-25     1.392107008626259e-26     3.912290196046628e-31     7.985096950600000e-26     1.779428382495051e-25
   1.865382383600700e+15     5.915088735415716e+01     8.638198892144753e+12     9.000000938501952e-02     5.474335541809190e-25     1.537089480663553e-26     9.618669468524156e-25     8.694680556147202e-27     9.999999999999999e-30     5.000000000000000e-30     1.653219485960000e-22     6.439594315000001e-23     7.373303664457290e-28     1.948269989120000e-25     7.896341493774843e-25     1.392103941198411e-26     3.560184041685511e-31     7.985096950600000e-26     1.779428121115636e-25
   1.874020581592071e+15     5.942480281557810e+01     8.638197991370789e+12     9.000000746983897e-02     5.474767595115353e-25     1.537104814953766e-26     9.618670094630684e-25     8.694814520089718e-27     9.999999999999999e-30     5.000000000000000e-30     1.653219485960000e-22     6.439594315000001e-23     6.939716929274015e-28     1.948269989120000e-25     7.896340365436666e-25     1.392101149839158e-26     3.239767451339814e-31     7.985096950600000e-26     1.779427883260376e-25
   1.882658778866487e+15     5.969871825426455e+01     8.638197274415871e+12     9.000000572702566e-02     5.475174252913034e-25     1.537119435937390e-26     9.618670543899901e-25     8.694948476044735e-27     9.999999999999999e-30     5.000000000000000e-30     1.653219485960000e-22     6.439594315000001e-23     6.531597033230376e-28     1.948269989120000e-25     7.896339338648953e-25     1.392098609702307e-26     2.948188362164999e-31     7.985096950600000e-26     1.779427666812095e-25
   1.891296975591223e+15     5.997263367552077e+01     8.638196724736158e+12     9.000000414106592e-02     5.475557003370942e-25     1.537133385502619e-26     9.618670832247196e-25     8.695082424729257e-27     9.999999999999999e-30     5.000000000000000e-30     1.653219485960000e-22     6.439594315000001e-23     6.147451618798497e-28     1.948269989120000e-25     7.896338404272157e-25     1.392096298177829e-26     2.682851397361507e-31     7.985096950600000e-26     1.779427469844164e-25
   1.899935171918500e+15     6.024654908417364e+01     8.638196327276822e+12     9.000000269784308e-02     5.475917247843825e-25     1.537146703083833e-26     9.618670974155568e-25     8.695216366795767e-27     9.999999999999999e-30     5.000000000000000e-30     1.653219485960000e-22     6.439594315000001e-23     5.785875387793991e-28     1.948269989120000e-25     7.896337553989290e-25     1.392094194690596e-26     2.441394764361059e-31     7.985096950600000e-26     1.779427290603350e-25
   1.908573367986838e+15     6.052046448461561e+01     8.638196068337960e+12     9.000000138451048e-02     5.476256305892089e-25     1.537159425804648e-26     9.618670982804545e-25     8.695350302838033e-27     9.999999999999999e-30     5.000000000000000e-30     1.653219485960000e-22     6.439594315000001e-23     5.445545067449648e-28     1.948269989120000e-25     7.896336780231895e-25     1.392092280517249e-26     2.221669232188427e-31     7.985096950600000e-26     1.779427127494213e-25
   1.917211563922290e+15     6.079437988084381e+01     8.638195935452708e+12     9.000000018937837e-02     5.476575420016298e-25     1.537171588612721e-26     9.618670870187497e-25     8.695484233396390e-27     9.999999999999999e-30     5.000000000000000e-30     1.653219485960000e-22     6.439594315000001e-23     5.125214662432051e-28     1.948269989120000e-25     7.896336076112675e-25     1.392090538619528e-26     2.021719000870733e-31     7.985096950600000e-26     1.779426979064900e-25
   1.925849759839567e+15     6.106829527649565e+01     8.638195917276183e+12     8.999999910180820e-02     5.476875760122180e-25     1.537183224406744e-26     9.618670647218390e-25     8.695618158962554e-27     9.999999999999999e-30     5.000000000000000e-30     1.653219485960000e-22     6.439594315000001e-23     4.823710977148251e-28     1.948269989120000e-25     7.896335435364194e-25     1.392088953492622e-26     1.839764292608258e-31     7.985096950600000e-26     1.779426843994227e-25
   1.934487955843051e+15     6.134221067488113e+01     8.638196003484593e+12     8.999999811211960e-02     5.477158427730914e-25     1.537194364156106e-26     9.618670323828929e-25     8.695752079983992e-27     9.999999999999999e-30     5.000000000000000e-30     1.653219485960000e-22     6.439594315000001e-23     4.539929393477747e-28     1.948269989120000e-25     7.896334852283081e-25     1.392087511027151e-26     1.674185509746770e-31     7.985096950600000e-26     1.779426721079916e-25
   1.943126152027734e+15     6.161612607901238e+01     8.638196184683274e+12     8.999999721150290e-02     5.477424459948820e-25     1.537205037013601e-26     9.618669909056968e-25     8.695885996867903e-27     9.999999999999999e-30     5.000000000000000e-30     1.653219485960000e-22     6.439594315000001e-23     4.272829889821860e-28     1.948269989120000e-25     7.896334321679273e-25     1.392086198383584e-26     1.523508818538022e-31     7.985096950600000e-26     1.779426609227894e-25
   1.951764348480058e+15     6.189004149163044e+01     8.638196452323117e+12     8.999999639194198e-02     5.477674833209752e-25     1.537215270421620e-26     9.618669411126952e-25     8.696019909984847e-27     9.999999999999999e-30     5.000000000000000e-30     1.653219485960000e-22     6.439594315000001e-23     4.021433288088012e-28     1.948269989120000e-25     7.896333838829810e-25     1.392085003877945e-26     1.386393030366508e-31     7.985096950600000e-26     1.779426507442554e-25
   1.960402545278682e+15     6.216395691522964e+01     8.638196798624400e+12     8.999999564614150e-02     5.477910466802865e-25     1.537225090212159e-26     9.618668837523129e-25     8.696153819672035e-27     9.999999999999999e-30     5.000000000000000e-30     1.653219485960000e-22     6.439594315000001e-23     3.784817715921076e-28     1.948269989120000e-25     7.896333399436800e-25     1.392083916877817e-26     1.261617663669682e-31     7.985096950600000e-26     1.779426414817895e-25
   1.969040742495190e+15     6.243787235207983e+01     8.638197216507604e+12     8.999999496746314e-02     5.478132226197740e-25     1.537234520701035e-26     9.618668195056157e-25     8.696287726236337e-27     9.999999999999999e-30     5.000000000000000e-30     1.653219485960000e-22     6.439594315000001e-23     3.562115272158117e-28     1.948269989120000e-25     7.896332999589164e-25     1.392082927707705e-26     1.148072080288548e-31     7.985096950600000e-26     1.779426330529456e-25
   1.977678940194720e+15     6.271178780424657e+01     8.638197699530364e+12     8.999999434986591e-02     5.478340926178224e-25     1.537243584776611e-26     9.618667489923739e-25     8.696421629957009e-27     9.999999999999999e-30     5.000000000000000e-30     1.653219485960000e-22     6.439594315000001e-23     3.352508884117273e-28     1.948269989120000e-25     7.896332635727814e-25     1.392082027562903e-26     1.044745599549340e-31     7.985096950600000e-26     1.779426253826976e-25
   1.986317138436550e+15     6.298570327360952e+01     8.638198241830123e+12     8.999999378785224e-02     5.478537333795729e-25     1.537252303983363e-26     9.618666727765785e-25     8.696555531088174e-27     9.999999999999999e-30     5.000000000000000e-30     1.653219485960000e-22     6.439594315000001e-23     3.155229345936875e-28     1.948269989120000e-25     7.896332304613986e-25     1.392081208431134e-26     9.507185020800131e-32     7.985096950600000e-26     1.779426184027720e-25
   1.994955337274622e+15     6.325961876187917e+01     8.638198838071985e+12     8.999999327641992e-02     5.478722171152186e-25     1.537260698600582e-26     9.618665913714614e-25     8.696689429861091e-27     9.999999999999999e-30     5.000000000000000e-30     1.653219485960000e-22     6.439594315000001e-23     2.969552527757942e-28     1.948269989120000e-25     7.896332003300402e-25     1.392080463021223e-26     8.651538432850439e-32     7.985096950600000e-26     1.779426120510396e-25
   2.003593536758023e+15     6.353353427061209e+01     8.638199483401164e+12     8.999999281101659e-02     5.478896118022261e-25     1.537268787716490e-26     9.618665052440631e-25     8.696823326486208e-27     9.999999999999999e-30     5.000000000000000e-30     1.653219485960000e-22     6.439594315000001e-23     2.794796746092827e-28     1.948269989120000e-25     7.896331729105041e-25     1.392079784698202e-26     7.872900036089666e-32     7.985096950600000e-26     1.779426062709632e-25
   2.012231736931423e+15     6.380744980122472e+01     8.638200173399808e+12     8.999999238749933e-02     5.479059814323953e-25     1.537276589298033e-26     9.618664148193909e-25     8.696957221155036e-27     9.999999999999999e-30     5.000000000000000e-30     1.653219485960000e-22     6.439594315000001e-23     2.630320286245806e-28     1.948269989120000e-25     7.896331479587261e-25     1.392079167424252e-26     7.164339092774053e-32     7.985096950600000e-26     1.779426010110936e-25
   2.020869937835470e+15     6.408136535500604e+01     8.638200904047700e+12     8.999999200209861e-02     5.479213862446193e-25     1.537284120256606e-26     9.618663204842010e-25     8.697091114041851e-27     9.999999999999999e-30     5.000000000000000e-30     1.653219485960000e-22     6.439594315000001e-23     2.475519068148837e-28     1.948269989120000e-25     7.896331252526081e-25     1.392078605704954e-26     6.519548631724066e-32     7.985096950600000e-26     1.779425962246123e-25
   2.029508139507157e+15     6.435528093312902e+01     8.638201671686424e+12     8.999999165138385e-02     5.479358829441560e-25     1.537291396509938e-26     9.618662225904421e-25     8.697225005305249e-27     9.999999999999999e-30     5.000000000000000e-30     1.653219485960000e-22     6.439594315000001e-23     2.329824447448380e-28     1.948269989120000e-25     7.896331045900405e-25     1.392078094540391e-26     5.932789309298109e-32     7.985096950600000e-26     1.779425918689143e-25
   2.038146341980144e+15     6.462919653666108e+01     8.638202472986833e+12     8.999999133223363e-02     5.479495249091838e-25     1.537298433040365e-26     9.618661214583870e-25     8.697358895089551e-27     9.999999999999999e-30     5.000000000000000e-30     1.653219485960000e-22     6.439594315000001e-23     2.192701144128074e-28     1.948269989120000e-25     7.896330857871040e-25     1.392077629380636e-26     5.398838322885310e-32     7.985096950600000e-26     1.779425879052290e-25
   2.046784545285063e+15     6.490311216657354e+01     8.638203304919369e+12     8.999999104180662e-02     5.479623623853654e-25     1.537305243949701e-26     9.618660173794843e-25     8.697492783526096e-27     9.999999999999999e-30     5.000000000000000e-30     1.653219485960000e-22     6.439594315000001e-23     2.063645291378154e-28     1.948269989120000e-25     7.896330686764316e-25     1.392077206085257e-26     4.912942922189470e-32     7.985096950600000e-26     1.779425842982754e-25
   2.055422749449790e+15     6.517702782375032e+01     8.638204164727186e+12     8.999999077751791e-02     5.479744426691086e-25     1.537311842510896e-26     9.618659106189520e-25     8.697626670734402e-27     9.999999999999999e-30     5.000000000000000e-30     1.653219485960000e-22     6.439594315000001e-23     1.942182597826661e-28     1.948269989120000e-25     7.896330531057196e-25     1.392076820886459e-26     4.470778104501946e-32     7.985096950600000e-26     1.779425810159477e-25
   2.064060954499692e+15     6.545094350899581e+01     8.638205049901534e+12     8.999999053701524e-02     5.479858102801704e-25     1.537318241216678e-26     9.618658014181384e-25     8.697760556823229e-27     9.999999999999999e-30     5.000000000000000e-30     1.653219485960000e-22     6.439594315000001e-23     1.827866616630713e-28     1.948269989120000e-25     7.896330389363716e-25     1.392076470355550e-26     4.068408117403676e-32     7.985096950600000e-26     1.779425780290294e-25
   2.072699160457851e+15     6.572485922304196e+01     8.638205958159439e+12     8.999999031815775e-02     5.479965071242179e-25     1.537324451825346e-26     9.618656899966707e-25     8.697894441891557e-27     9.999999999999999e-30     5.000000000000000e-30     1.653219485960000e-22     6.439594315000001e-23     1.720277115289269e-28     1.948269989120000e-25     7.896330260422648e-25     1.392076151372420e-26     3.702251426227031e-32     7.985096950600000e-26     1.779425753109337e-25
   2.081337367345275e+15     6.599877496655488e+01     8.638206887423399e+12     8.999999011899720e-02     5.480065726459231e-25     1.537330485403888e-26     9.618655765544096e-25     8.698028326029453e-27     9.999999999999999e-30     5.000000000000000e-30     1.653219485960000e-22     6.439594315000001e-23     1.619018540382828e-28     1.948269989120000e-25     7.896330143086275e-25     1.392075861097769e-26     3.369048834448555e-32     7.985096950600000e-26     1.779425728374666e-25
   2.089975575181078e+15     6.627269074014072e+01     8.638207835802907e+12     8.999998993776090e-02     5.480160439731375e-25     1.537336352368569e-26     9.618654612732282e-25     8.698162209318881e-27     9.999999999999999e-30     5.000000000000000e-30     1.653219485960000e-22     6.439594315000001e-23     1.523718571771244e-28     1.948269989120000e-25     7.896330036310175e-25     1.392075596947835e-26     3.065834473248360e-32     7.985096950600000e-26     1.779425705866115e-25
   2.098613783982655e+15     6.654660654435106e+01     8.638208801577600e+12     8.999998977283605e-02     5.480249560526599e-25     1.537342062523143e-26     9.618653443186311e-25     8.698296091834431e-27     9.999999999999999e-30     5.000000000000000e-30     1.653219485960000e-22     6.439594315000001e-23     1.434026761089116e-28     1.948269989120000e-25     7.896329939143923e-25     1.392075356571393e-26     2.789909402010799e-32     7.985096950600000e-26     1.779425685383334e-25
   2.107251993765837e+15     6.682052237968789e+01     8.638209783181907e+12     8.999998962275398e-02     5.480333417780849e-25     1.537347625094833e-26     9.618652258412276e-25     8.698429973643978e-27     9.999999999999999e-30     5.000000000000000e-30     1.653219485960000e-22     6.439594315000001e-23     1.349613249669966e-28     1.948269989120000e-25     7.896329850722633e-25     1.392075137828828e-26     2.538817584781403e-32     7.985096950600000e-26     1.779425666744003e-25
   2.115890204545028e+15     6.709443824660795e+01     8.638210779191226e+12     8.999998948617942e-02     5.480412321101877e-25     1.537353048768193e-26     9.618651059780717e-25     8.698563854809294e-27     9.999999999999999e-30     5.000000000000000e-30     1.653219485960000e-22     6.439594315000001e-23     1.270167561306274e-28     1.948269989120000e-25     7.896329770259257e-25     1.392074938773092e-26     2.310324028843750e-32     7.985096950600000e-26     1.779425649782211e-25
   2.124528416333338e+15     6.736835414552694e+01     8.638211788309103e+12     8.999998936189628e-02     5.480486561902790e-25     1.537358341716991e-26     9.618649848538832e-25     8.698697735386588e-27     9.999999999999999e-30     5.000000000000000e-30     1.653219485960000e-22     6.439594315000001e-23     1.195397465513384e-28     1.948269989120000e-25     7.896329697037586e-25     1.392074757632371e-26     2.102394890825279e-32     7.985096950600000e-26     1.779425634346980e-25
   2.133166629142693e+15     6.764227007682310e+01     8.638212809355813e+12     8.999998924879832e-02     5.480556414469368e-25     1.537363511634224e-26     9.618648625821567e-25     8.698831615427010e-27     9.999999999999999e-30     5.000000000000000e-30     1.653219485960000e-22     6.439594315000001e-23     1.125027907211853e-28     1.948269989120000e-25     7.896329630405864e-25     1.392074592794312e-26     1.913179373254275e-32     7.985096950600000e-26     1.779425620300921e-25
   2.141804842983951e+15     6.791618604084066e+01     8.638213841257807e+12     8.999998914587913e-02     5.480622136964990e-25     1.537368565760367e-26     9.618647392661724e-25     8.698965494977114e-27     9.999999999999999e-30     5.000000000000000e-30     1.653219485960000e-22     6.439594315000001e-23     1.058799998975905e-28     1.948269989120000e-25     7.896329569770996e-25     1.392074442791678e-26     1.740993250427271e-32     7.985096950600000e-26     1.779425607519006e-25
   2.150443057866989e+15     6.819010203789286e+01     8.638214883038123e+12     8.999998905222244e-02     5.480683972376790e-25     1.537373510909971e-26     9.618646149999153e-25     8.699099374079258e-27     9.999999999999999e-30     5.000000000000000e-30     1.653219485960000e-22     6.439594315000001e-23     9.964700722158271e-29     1.948269989120000e-25     7.896329514593266e-25     1.392074306289279e-26     1.584303876948823e-32     7.985096950600000e-26     1.779425595887463e-25
   2.159081273800797e+15     6.846401806826474e+01     8.638215933807753e+12     8.999998896699458e-02     5.480742149406463e-25     1.537378353496693e-26     9.618644898689115e-25     8.699233252771990e-27     9.999999999999999e-30     5.000000000000000e-30     1.653219485960000e-22     6.439594315000001e-23     9.378087838700915e-29     1.948269989120000e-25     7.896329464381530e-25     1.392074182072094e-26     1.441716545503062e-32     7.985096950600000e-26     1.779425585302760e-25
   2.167719490793554e+15     6.873793413221570e+01     8.638216992757698e+12     8.999998888943701e-02     5.480796883308937e-25     1.537383099556870e-26     9.618643639509902e-25     8.699367131090391e-27     9.999999999999999e-30     5.000000000000000e-30     1.653219485960000e-22     6.439594315000001e-23     8.826002753794299e-29     1.948269989120000e-25     7.896329418688851e-25     1.392074069034455e-26     1.311962072426069e-32     7.985096950600000e-26     1.779425575670679e-25
   2.176357708852706e+15     6.901185022998180e+01     8.638218059151764e+12     8.999998881885926e-02     5.480848376681933e-25     1.537387754771691e-26     9.618642373169757e-25     8.699501009066385e-27     9.999999999999999e-30     5.000000000000000e-30     1.653219485960000e-22     6.439594315000001e-23     8.306413809004745e-29     1.948269989120000e-25     7.896329377108512e-25     1.392073966170202e-26     1.193885500576956e-32     7.985096950600000e-26     1.779425566905486e-25
   2.184995927985026e+15     6.928576636177785e+01     8.638219132320029e+12     8.999998875463319e-02     5.480896820209303e-25     1.537392324488087e-26     9.618641100313180e-25     8.699634886729022e-27     9.999999999999999e-30     5.000000000000000e-30     1.653219485960000e-22     6.439594315000001e-23     7.817408818916374e-29     1.948269989120000e-25     7.896329339270403e-25     1.392073872563731e-26     1.086435818950710e-32     7.985096950600000e-26     1.779425558929160e-25
   2.193634148196679e+15     6.955968252779931e+01     8.638220211652861e+12     8.999998869618715e-02     5.480942393360796e-25     1.537396813738378e-26     9.618639821526669e-25     8.699768764104738e-27     9.999999999999999e-30     5.000000000000000e-30     1.653219485960000e-22     6.439594315000001e-23     7.357188053690915e-29     1.948269989120000e-25     7.896329304837723e-25     1.392073787381842e-26     9.886566075260132e-33     7.985096950600000e-26     1.779425551670703e-25
   2.202272369493274e+15     6.983359872822408e+01     8.638221296595493e+12     8.999998864300096e-02     5.480985265050838e-25     1.537401227258777e-26     9.618638537343936e-25     8.699902641217590e-27     9.999999999999999e-30     5.000000000000000e-30     1.653219485960000e-22     6.439594315000001e-23     6.924057632865957e-29     1.948269989120000e-25     7.896329273503985e-25     1.392073709866321e-26     8.996775240768442e-33     7.985096950600000e-26     1.779425545065507e-25
   2.210910591879918e+15     7.010751496321403e+01     8.638222386643087e+12     8.999998859460098e-02     5.481025594258683e-25     1.537405569506803e-26     9.618637248250658e-25     8.700036518089472e-27     9.999999999999999e-30     5.000000000000000e-30     1.653219485960000e-22     6.439594315000001e-23     6.516423306399835e-29     1.948269989120000e-25     7.896329244990282e-25     1.392073639327196e-26     8.187065571711094e-33     7.985096950600000e-26     1.779425539054779e-25
   2.219548815361254e+15     7.038143123291647e+01     8.638223481336261e+12     8.999998855055652e-02     5.481063530612200e-25     1.537409844677670e-26     9.618635954688800e-25     8.700170394740307e-27     9.999999999999999e-30     5.000000000000000e-30     1.653219485960000e-22     6.439594315000001e-23     6.132784600358654e-29     1.948269989120000e-25     7.896329219042812e-25     1.392073575136592e-26     7.450229763994440e-33     7.985096950600000e-26     1.779425533585016e-25
   2.228187039941511e+15     7.065534753746546e+01     8.638224580256975e+12     8.999998851047557e-02     5.481099214937436e-25     1.537414056719714e-26     9.618634657060554e-25     8.700304271188222e-27     9.999999999999999e-30     5.000000000000000e-30     1.653219485960000e-22     6.439594315000001e-23     5.771729305949545e-29     1.948269989120000e-25     7.896329195430615e-25     1.392073516723142e-26     6.779709170834537e-33     7.985096950600000e-26     1.779425528607532e-25
   2.236825265624536e+15     7.092926387698299e+01     8.638225683024810e+12     8.999998847400140e-02     5.481132779775927e-25     1.537418209348917e-26     9.618633355731911e-25     8.700438147449719e-27     9.999999999999999e-30     5.000000000000000e-30     1.653219485960000e-22     6.439594315000001e-23     5.431928291838292e-29     1.948269989120000e-25     7.896329173943515e-25     1.392073463566901e-26     6.169535423602347e-33     7.985096950600000e-26     1.779425524078021e-25
   2.245463492413829e+15     7.120318025158006e+01     8.638226789293586e+12     8.999998844080931e-02     5.481164349871660e-25     1.537422306062575e-26     9.618632051035925e-25     8.700572023539811e-27     9.999999999999999e-30     5.000000000000000e-30     1.653219485960000e-22     6.439594315000001e-23     5.112130620853119e-29     1.948269989120000e-25     7.896329154390254e-25     1.392073415194722e-26     5.614277306792972e-33     7.985096950600000e-26     1.779425519956167e-25
   2.254101720312578e+15     7.147709666135773e+01     8.638227898748292e+12     8.999998841060379e-02     5.481194042629459e-25     1.537426350152156e-26     9.618630743275676e-25     8.700705899472160e-27     9.999999999999999e-30     5.000000000000000e-30     1.653219485960000e-22     6.439594315000001e-23     4.811158953273563e-29     1.948269989120000e-25     7.896329136596786e-25     1.392073371176038e-26     5.108992414247689e-33     7.985096950600000e-26     1.779425516205279e-25
   2.262739949323680e+15     7.175101310640791e+01     8.638229011102276e+12     8.999998838311588e-02     5.481221968546467e-25     1.537430344715418e-26     9.618629432726962e-25     8.700839775259199e-27     9.999999999999999e-30     5.000000000000000e-30     1.653219485960000e-22     6.439594315000001e-23     4.527905219937713e-29     1.948269989120000e-25     7.896329120404729e-25     1.392073331119035e-26     4.649183156315970e-33     7.985096950600000e-26     1.779425512791971e-25
   2.271378179449774e+15     7.202492958681427e+01     8.638230126094704e+12     8.999998835810127e-02     5.481248231618285e-25     1.537434292667797e-26     9.618628119640764e-25     8.700973650912244e-27     9.999999999999999e-30     5.000000000000000e-30     1.653219485960000e-22     6.439594315000001e-23     4.261326549376045e-29     1.948269989120000e-25     7.896329105669958e-25     1.392073294667163e-26     4.230756726372852e-33     7.985096950600000e-26     1.779425509685861e-25
   2.280016410693262e+15     7.229884610265292e+01     8.638231243488185e+12     8.999998833533693e-02     5.481272929721278e-25     1.537438196753140e-26     9.618626804245475e-25     8.701107526441589e-27     9.999999999999999e-30     5.000000000000000e-30     1.653219485960000e-22     6.439594315000001e-23     4.010441434099078e-29     1.948269989120000e-25     7.896329092261316e-25     1.392073261495958e-26     3.849988670349647e-33     7.985096950600000e-26     1.779425506859300e-25
   2.288654643056329e+15     7.257276265399318e+01     8.638232363066742e+12     8.999998831462054e-02     5.481296154972420e-25     1.537442059553795e-26     9.618625486748929e-25     8.701241401856607e-27     9.999999999999999e-30     5.000000000000000e-30     1.653219485960000e-22     6.439594315000001e-23     3.774326122032189e-29     1.948269989120000e-25     7.896329080059452e-25     1.392073231310161e-26     3.503489735006757e-33     7.985096950600000e-26     1.779425504287130e-25
   2.297292876540963e+15     7.284667924089811e+01     8.638233484633811e+12     8.999998829576732e-02     5.481317994067999e-25     1.537445883500118e-26     9.618624167340256e-25     8.701375277165823e-27     9.999999999999999e-30     5.000000000000000e-30     1.653219485960000e-22     6.439594315000001e-23     3.552111219907107e-29     1.948269989120000e-25     7.896329068955755e-25     1.392073203841085e-26     3.188175699861808e-33     7.985096950600000e-26     1.779425501946456e-25
   2.305931111148974e+15     7.312059586342508e+01     8.638234608010565e+12     8.999998827860987e-02     5.481338528602441e-25     1.537449670879416e-26     9.618622846191566e-25     8.701509152376996e-27     9.999999999999999e-30     5.000000000000000e-30     1.653219485960000e-22     6.439594315000001e-23     3.342978496188743e-29     1.948269989120000e-25     7.896329058851391e-25     1.392073178844226e-26     2.901239924244097e-33     7.985096950600000e-26     1.779425499816441e-25
   2.314569346882008e+15     7.339451252162631e+01     8.638235733034244e+12     8.999998826299517e-02     5.481357835368381e-25     1.537453423844362e-26     9.618621523459478e-25     8.701643027497189e-27     9.999999999999999e-30     5.000000000000000e-30     1.653219485960000e-22     6.439594315000001e-23     3.146157871840676e-29     1.948269989120000e-25     7.896329049656420e-25     1.392073156097085e-26     2.640128365113995e-33     7.985096950600000e-26     1.779425497878129e-25
   2.323207583741564e+15     7.366842921554935e+01     8.638236859556775e+12     8.999998824878437e-02     5.481375986639118e-25     1.537457144420920e-26     9.618620199286516e-25     8.701776902532825e-27     9.999999999999999e-30     5.000000000000000e-30     1.653219485960000e-22     6.439594315000001e-23     2.960924587915419e-29     1.948269989120000e-25     7.896329041288996e-25     1.392073135397185e-26     2.402516843278453e-33     7.985096950600000e-26     1.779425496114264e-25
   2.331845821729008e+15     7.394234594523745e+01     8.638237987443411e+12     8.999998823585095e-02     5.481393050434461e-25     1.537460834515798e-26     9.618618873802375e-25     8.701910777489755e-27     9.999999999999999e-30     5.000000000000000e-30     1.653219485960000e-22     6.439594315000001e-23     2.786596539598821e-29     1.948269989120000e-25     7.896329033674639e-25     1.392073116560277e-26     2.186290355646959e-33     7.985096950600000e-26     1.779425494509147e-25
   2.340484060845580e+15     7.421626271072995e+01     8.638239116571551e+12     8.999998822407969e-02     5.481409090770959e-25     1.537464495923472e-26     9.618617547125080e-25     8.702044652373297e-27     9.999999999999999e-30     5.000000000000000e-30     1.653219485960000e-22     6.439594315000001e-23     2.622531766943953e-29     1.948269989120000e-25     7.896329026745575e-25     1.392073099418689e-26     1.989524249384313e-33     7.985096950600000e-26     1.779425493048491e-25
   2.349122301092409e+15     7.449017951206270e+01     8.638240246829648e+12     8.999998821336608e-02     5.481424167897413e-25     1.537468130332785e-26     9.618616219362033e-25     8.702178527188296e-27     9.999999999999999e-30     5.000000000000000e-30     1.653219485960000e-22     6.439594315000001e-23     2.468126093100637e-29     1.948269989120000e-25     7.896329020440127e-25     1.392073083819845e-26     1.810467090389519e-33     7.985096950600000e-26     1.779425491719293e-25
   2.357760542470525e+15     7.476409634926830e+01     8.638241378116193e+12     8.999998820361431e-02     5.481438338516546e-25     1.537471739333168e-26     9.618614890610968e-25     8.702312401939157e-27     9.999999999999999e-30     5.000000000000000e-30     1.653219485960000e-22     6.439594315000001e-23     2.322810901384477e-29     1.948269989120000e-25     7.896329014702169e-25     1.392073069624896e-26     1.647525073611430e-33     7.985096950600000e-26     1.779425490509724e-25
   2.366398784980864e+15     7.503801322237646e+01     8.638242510338865e+12     8.999998819473808e-02     5.481451655993649e-25     1.537475324420487e-26     9.618613560960824e-25     8.702446276629891e-27     9.999999999999999e-30     5.000000000000000e-30     1.653219485960000e-22     6.439594315000001e-23     2.186051043035677e-29     1.948269989120000e-25     7.896329009480627e-25     1.392073056707493e-26     1.499247836435867e-33     7.985096950600000e-26     1.779425489409015e-25
   2.375037028624278e+15     7.531193013141417e+01     8.638243643413631e+12     8.999998818665801e-02     5.481464170552946e-25     1.537478887002553e-26     9.618612230492536e-25     8.702580151264147e-27     9.999999999999999e-30     5.000000000000000e-30     1.653219485960000e-22     6.439594315000001e-23     2.057342867994924e-29     1.948269989120000e-25     7.896329004729023e-25     1.392073044952655e-26     1.364315548867766e-33     7.985096950600000e-26     1.779425488407371e-25
   2.383675273401542e+15     7.558584707640605e+01     8.638244777264073e+12     8.999998817930241e-02     5.481475929462424e-25     1.537482428404303e-26     9.618610899279754e-25     8.702714025845247e-27     9.999999999999999e-30     5.000000000000000e-30     1.653219485960000e-22     6.439594315000001e-23     1.936212371472871e-29     1.948269989120000e-25     7.896329000405065e-25     1.392073034255753e-26     1.241527165596829e-33     7.985096950600000e-26     1.779425487495874e-25
   2.392313519313362e+15     7.585976405737449e+01     8.638245911820659e+12     8.999998817260564e-02     5.481486977207782e-25     1.537485949872680e-26     9.618609567389502e-25     8.702847900376212e-27     9.999999999999999e-30     5.000000000000000e-30     1.653219485960000e-22     6.439594315000001e-23     1.822213449512772e-29     1.948269989120000e-25     7.896328996470262e-25     1.392073024521572e-26     1.129789735377146e-33     7.985096950600000e-26     1.779425486666412e-25
   2.400951766360382e+15     7.613368107433986e+01     8.638247047020153e+12     8.999998816650827e-02     5.481497355656165e-25     1.537489452581218e-26     9.618608234882767e-25     8.702981774859792e-27     9.999999999999999e-30     5.000000000000000e-30     1.653219485960000e-22     6.439594315000001e-23     1.714926257144305e-29     1.948269989120000e-25     7.896328992889591e-25     1.392073015663467e-26     1.028108672562560e-33     7.985096950600000e-26     1.779425485911602e-25
   2.409590014543187e+15     7.640759812732074e+01     8.638248182805024e+12     8.999998816095567e-02     5.481507104210254e-25     1.537492937634370e-26     9.618606901815054e-25     8.703115649298491e-27     9.999999999999999e-30     5.000000000000000e-30     1.653219485960000e-22     6.439594315000001e-23     1.613955663101738e-29     1.948269989120000e-25     7.896328989631180e-25     1.392073007602592e-26     9.355789042037537e-34     7.985096950600000e-26     1.779425485224725e-25
   2.418228263862310e+15     7.668151521633403e+01     8.638249319122988e+12     8.999998815589884e-02     5.481516259953301e-25     1.537496406071570e-26     9.618605568236865e-25     8.703249523694587e-27     9.999999999999999e-30     5.000000000000000e-30     1.653219485960000e-22     6.439594315000001e-23     1.518929795432930e-29     1.948269989120000e-25     7.896328986666027e-25     1.392073000267195e-26     8.513768139065071e-34     7.985096950600000e-26     1.779425484599666e-25
   2.426866514318236e+15     7.695543234139512e+01     8.638250455926460e+12     8.999998815129273e-02     5.481524857785629e-25     1.537499858871059e-26     9.618604234194162e-25     8.703383398050150e-27     9.999999999999999e-30     5.000000000000000e-30     1.653219485960000e-22     6.439594315000001e-23     1.429498672658326e-29     1.948269989120000e-25     7.896328983967738e-25     1.392072993591984e-26     7.747529107426361e-34     7.985096950600000e-26     1.779425484030863e-25
   2.435504765911408e+15     7.722934950251803e+01     8.638251593172177e+12     8.999998814709577e-02     5.481532930553106e-25     1.537503296953491e-26     9.618602899728769e-25     8.703517272367067e-27     9.999999999999999e-30     5.000000000000000e-30     1.653219485960000e-22     6.439594315000001e-23     1.345332915452320e-29     1.948269989120000e-25     7.896328981512294e-25     1.392072987517542e-26     7.050251579588709e-34     7.985096950600000e-26     1.779425483513252e-25
   2.444143018642230e+15     7.750326669971555e+01     8.638252730820872e+12     8.999998814327138e-02     5.481540509168057e-25     1.537506721185319e-26     9.618601564878745e-25     8.703651146647057e-27     9.999999999999999e-30     5.000000000000000e-30     1.653219485960000e-22     6.439594315000001e-23     1.266122534114323e-29     1.948269989120000e-25     7.896328979277840e-25     1.392072981989799e-26     6.415729021018645e-34     7.985096950600000e-26     1.779425483042226e-25
   2.452781272511066e+15     7.777718393299932e+01     8.638253868836781e+12     8.999998813978499e-02     5.481547622723064e-25     1.537510132381989e-26     9.618600229678725e-25     8.703785020891679e-27     9.999999999999999e-30     5.000000000000000e-30     1.653219485960000e-22     6.439594315000001e-23     1.191575787374563e-29     1.948269989120000e-25     7.896328977244488e-25     1.392072976959553e-26     5.838313485218892e-34     7.985096950600000e-26     1.779425482613592e-25
   2.461419527518254e+15     7.805110120237995e+01     8.638255007187469e+12     8.999998813660590e-02     5.481554298598072e-25     1.537513531310939e-26     9.618598894160226e-25     8.703918895102356e-27     9.999999999999999e-30     5.000000000000000e-30     1.653219485960000e-22     6.439594315000001e-23     1.121418108341091e-29     1.948269989120000e-25     7.896328975394137e-25     1.392072972382030e-26     5.312865340811406e-34     7.985096950600000e-26     1.779425482223536e-25
   2.470057783664098e+15     7.832501850786711e+01     8.638256145843438e+12     8.999998813370536e-02     5.481560562561193e-25     1.537516918694428e-26     9.618597558351930e-25     8.704052769280379e-27     9.999999999999999e-30     5.000000000000000e-30     1.653219485960000e-22     6.439594315000001e-23     1.055391093640631e-29     1.948269989120000e-25     7.896328973710317e-25     1.392072968216483e-26     4.834707523182405e-34     7.985096950600000e-26     1.779425481868584e-25
   2.478696040948876e+15     7.859893584946967e+01     8.638257284777952e+12     8.999998813105822e-02     5.481566438863576e-25     1.537520295212194e-26     9.618596222279934e-25     8.704186643426928e-27     9.999999999999999e-30     5.000000000000000e-30     1.653219485960000e-22     6.439594315000001e-23     9.932515520376559e-30     1.948269989120000e-25     7.896328972178041e-25     1.392072964425835e-26     4.399583903478850e-34     7.985096950600000e-26     1.779425481545578e-25
   2.487334299372842e+15     7.887285322719565e+01     8.638258423966689e+12     8.999998812864025e-02     5.481571950328700e-25     1.537523661503956e-26     9.618594885967990e-25     8.704320517543073e-27     9.999999999999999e-30     5.000000000000000e-30     1.653219485960000e-22     6.439594315000001e-23     9.347706090342616e-30     1.948269989120000e-25     7.896328970783669e-25     1.392072960976346e-26     4.003621404394797e-34     7.985096950600000e-26     1.779425481251643e-25
   2.495972558936230e+15     7.914677064105243e+01     8.638259563387654e+12     8.999998812643036e-02     5.481577118436406e-25     1.537527018171772e-26     9.618593549437711e-25     8.704454391629789e-27     9.999999999999999e-30     5.000000000000000e-30     1.653219485960000e-22     6.439594315000001e-23     8.797328641588033e-30     1.948269989120000e-25     7.896328969514792e-25     1.392072957837311e-26     3.643295525536543e-34     7.985096950600000e-26     1.779425480984162e-25
   2.504610819639250e+15     7.942068809104676e+01     8.638260703020879e+12     8.999998812440861e-02     5.481581963401989e-25     1.537530365782256e-26     9.618592212708764e-25     8.704588265687963e-27     9.999999999999999e-30     5.000000000000000e-30     1.653219485960000e-22     6.439594315000001e-23     8.279355978446321e-30     1.948269989120000e-25     7.896328968360113e-25     1.392072954980789e-26     3.315398971504543e-34     7.985096950600000e-26     1.779425480740754e-25
   2.513249081482099e+15     7.969460557718477e+01     8.638261842848302e+12     8.999998812255722e-02     5.481586504250635e-25     1.537533704868663e-26     9.618590875799048e-25     8.704722139718403e-27     9.999999999999999e-30     5.000000000000000e-30     1.653219485960000e-22     6.439594315000001e-23     7.791880249823025e-30     1.948269989120000e-25     7.896328967309355e-25     1.392072952381353e-26     3.017013103447596e-34     7.985096950600000e-26     1.779425480519253e-25
   2.521887344464952e+15     7.996852309947211e+01     8.638262982853572e+12     8.999998812085945e-02     5.481590758887475e-25     1.537537035932852e-26     9.618589538724849e-25     8.704856013721841e-27     9.999999999999999e-30     5.000000000000000e-30     1.653219485960000e-22     6.439594315000001e-23     7.333105923999875e-30     1.948269989120000e-25     7.896328966353166e-25     1.392072950015867e-26     2.745481959976835e-34     7.985096950600000e-26     1.779425480317686e-25
   2.530525608587974e+15     8.024244065791396e+01     8.638264123021947e+12     8.999998811930061e-02     5.481594744163517e-25     1.537540359447140e-26     9.618588201500988e-25     8.704989887698949e-27     9.999999999999999e-30     5.000000000000000e-30     1.653219485960000e-22     6.439594315000001e-23     6.901343176881532e-30     1.948269989120000e-25     7.896328965483034e-25     1.392072947863275e-26     2.498388616197166e-34     7.985096950600000e-26     1.779425480134261e-25
   2.539163873851314e+15     8.051635825251505e+01     8.638265263340091e+12     8.999998811786632e-02     5.481598475937703e-25     1.537543675856031e-26     9.618586864140953e-25     8.705123761650334e-27     9.999999999999999e-30     5.000000000000000e-30     1.653219485960000e-22     6.439594315000001e-23     6.495001669363994e-30     1.948269989120000e-25     7.896328964691214e-25     1.392072945904416e-26     2.273533670425608e-34     7.985096950600000e-26     1.779425479967345e-25
   2.547802140255110e+15     8.079027588327976e+01     8.638266403796049e+12     8.999998811654428e-02     5.481601969135304e-25     1.537546985577865e-26     9.618585526657015e-25     8.705257635576549e-27     9.999999999999999e-30     5.000000000000000e-30     1.653219485960000e-22     6.439594315000001e-23     6.112584690933188e-30     1.948269989120000e-25     7.896328963970657e-25     1.392072944121854e-26     2.068915667104740e-34     7.985096950600000e-26     1.779425479815450e-25
   2.556440407799490e+15     8.106419355021212e+01     8.638267544379048e+12     8.999998811532239e-02     5.481605237802886e-25     1.537550289006350e-26     9.618584189060346e-25     8.705391509478099e-27     9.999999999999999e-30     5.000000000000000e-30     1.653219485960000e-22     6.439594315000001e-23     5.752683647947883e-30     1.948269989120000e-25     7.896328963314950e-25     1.392072942499723e-26     1.882713281653709e-34     7.985096950600000e-26     1.779425479677226e-25
   2.565078676484569e+15     8.133811125331586e+01     8.638268685079477e+12     8.999998811418977e-02     5.481608295160036e-25     1.537553586512013e-26     9.618582851361107e-25     8.705525383355442e-27     9.999999999999999e-30     5.000000000000000e-30     1.653219485960000e-22     6.439594315000001e-23     5.413972876327633e-30     1.948269989120000e-25     7.896328962718257e-25     1.392072941023584e-26     1.713269108682448e-34     7.985096950600000e-26     1.779425479551443e-25
   2.573716946310458e+15     8.161202899259443e+01     8.638269825888764e+12     8.999998811313659e-02     5.481611153648048e-25     1.537556878443570e-26     9.618581513568549e-25     8.705659257208995e-27     9.999999999999999e-30     5.000000000000000e-30     1.653219485960000e-22     6.439594315000001e-23     5.095204759558759e-30     1.948269989120000e-25     7.896328962175267e-25     1.392072939680297e-26     1.559074909266424e-34     7.985096950600000e-26     1.779425479436980e-25
   2.582355217277258e+15     8.188594676805104e+01     8.638270966799288e+12     8.999998811215323e-02     5.481613824975739e-25     1.537560165129204e-26     9.618580175691087e-25     8.705793131039139e-27     9.999999999999999e-30     5.000000000000000e-30     1.653219485960000e-22     6.439594315000001e-23     4.795205134053636e-30     1.948269989120000e-25     7.896328961681145e-25     1.392072938457906e-26     1.418758185966489e-34     7.985096950600000e-26     1.779425479332818e-25
   2.590993489385062e+15     8.215986457968867e+01     8.638272107804346e+12     8.999998811123108e-02     5.481616320162573e-25     1.537563446877778e-26     9.618578837736379e-25     8.705927004846219e-27     9.999999999999999e-30     5.000000000000000e-30     1.653219485960000e-22     6.439594315000001e-23     4.512868964954903e-30     1.948269989120000e-25     7.896328961231495e-25     1.392072937345530e-26     1.291069966096793e-34     7.985096950600000e-26     1.779425479238031e-25
   2.599631762633960e+15     8.243378242751015e+01     8.638273248898062e+12     8.999998811036183e-02     5.481618649579238e-25     1.537566723979969e-26     9.618577499711396e-25     8.706060878630549e-27     9.999999999999999e-30     5.000000000000000e-30     1.653219485960000e-22     6.439594315000001e-23     4.247156276470558e-30     1.948269989120000e-25     7.896328960822313e-25     1.392072936333267e-26     1.174873684498437e-34     7.985096950600000e-26     1.779425479151775e-25
   2.608270037024036e+15     8.270770031151812e+01     8.638274390075362e+12     8.999998810953781e-02     5.481620822985849e-25     1.537569996709341e-26     9.618576161622481e-25     8.706194752392418e-27     9.999999999999999e-30     5.000000000000000e-30     1.653219485960000e-22     6.439594315000001e-23     3.997088321761817e-30     1.948269989120000e-25     7.896328960449957e-25     1.392072935412109e-26     1.069135066863369e-34     7.985096950600000e-26     1.779425479073282e-25
   2.616908312555368e+15     8.298161823171510e+01     8.638275531331901e+12     8.999998810875182e-02     5.481622849567882e-25     1.537573265323353e-26     9.618574823475405e-25     8.706328626132083e-27     9.999999999999999e-30     5.000000000000000e-30     1.653219485960000e-22     6.439594315000001e-23     3.761743978286537e-30     1.948269989120000e-25     7.896328960111114e-25     1.392072934573855e-26     9.729129235590158e-35     7.985096950600000e-26     1.779425479001853e-25
   2.625546589228032e+15     8.325553618810349e+01     8.638276672664033e+12     8.999998810799655e-02     5.481624737970017e-25     1.537576530064303e-26     9.618573485275419e-25     8.706462499849784e-27     9.999999999999999e-30     5.000000000000000e-30     1.653219485960000e-22     6.439594315000001e-23     3.540256355330206e-30     1.948269989120000e-25     7.896328959802766e-25     1.392072933811043e-26     8.853507720085882e-35     7.985096950600000e-26     1.779425478936853e-25
   2.634184867042100e+15     8.352945418068558e+01     8.638277814068808e+12     8.999998810726542e-02     5.481626496327966e-25     1.537579791160228e-26     9.618572147027303e-25     8.706596373545736e-27     9.999999999999999e-30     5.000000000000000e-30     1.653219485960000e-22     6.439594315000001e-23     3.331809601236945e-30     1.948269989120000e-25     7.896328959522170e-25     1.392072933116885e-26     8.056692130570570e-35     7.985096950600000e-26     1.779425478877703e-25
   2.642823145997644e+15     8.380337220946362e+01     8.638278955543906e+12     8.999998810655205e-02     5.481628132298441e-25     1.537583048825736e-26     9.618570808735408e-25     8.706730247220135e-27     9.999999999999999e-30     5.000000000000000e-30     1.653219485960000e-22     6.439594315000001e-23     3.135635898587548e-30     1.948269989120000e-25     7.896328959266827e-25     1.392072932485201e-26     7.331589934641067e-35     7.985096950600000e-26     1.779425478823877e-25
   2.651461426094732e+15     8.407729027443975e+01     8.638280097087626e+12     8.999998810584996e-02     5.481629653087358e-25     1.537586303262801e-26     9.618569470403689e-25     8.706864120873161e-27     9.999999999999999e-30     5.000000000000000e-30     1.653219485960000e-22     6.439594315000001e-23     2.951012636263018e-30     1.948269989120000e-25     7.896328959034465e-25     1.392072931910368e-26     6.671746927726402e-35     7.985096950600000e-26     1.779425478774894e-25
   2.660099707333431e+15     8.435120837561615e+01     8.638281238698884e+12     8.999998810515290e-02     5.481631065476371e-25     1.537589554661505e-26     9.618568132035751e-25     8.706997994504976e-27     9.999999999999999e-30     5.000000000000000e-30     1.653219485960000e-22     6.439594315000001e-23     2.777259747982803e-30     1.948269989120000e-25     7.896328958823015e-25     1.392072931387271e-26     6.071289783590435e-35     7.985096950600000e-26     1.779425478730321e-25
   2.668737989713808e+15     8.462512651299492e+01     8.638282380377195e+12     8.999998810445449e-02     5.481632375847852e-25     1.537592803200739e-26     9.618566793634867e-25     8.707131868115729e-27     9.999999999999999e-30     5.000000000000000e-30     1.653219485960000e-22     6.439594315000001e-23     2.613737207519476e-30     1.948269989120000e-25     7.896328958630596e-25     1.392072930911252e-26     5.524873775288600e-35     7.985096950600000e-26     1.779425478689759e-25
   2.677376273235930e+15     8.489904468657821e+01     8.638283522122693e+12     8.999998810374905e-02     5.481633590208401e-25     1.537596049048862e-26     9.618565455204023e-25     8.707265741705555e-27     9.999999999999999e-30     5.000000000000000e-30     1.653219485960000e-22     6.439594315000001e-23     2.459842671368072e-30     1.948269989120000e-25     7.896328958455495e-25     1.392072930478074e-26     5.027635201237911e-35     7.985096950600000e-26     1.779425478652847e-25
   2.686014557899866e+15     8.517296289636816e+01     8.638284663936051e+12     8.999998810302963e-02     5.481634714210966e-25     1.537599292364321e-26     9.618564116745933e-25     8.707399615274577e-27     9.999999999999999e-30     5.000000000000000e-30     1.653219485960000e-22     6.439594315000001e-23     2.315009260190941e-30     1.948269989120000e-25     7.896328958296153e-25     1.392072930083883e-26     4.575148092940126e-35     7.985096950600000e-26     1.779425478619257e-25
   2.694652843705685e+15     8.544688114236698e+01     8.638285805818610e+12     8.999998810229042e-02     5.481635753175668e-25     1.537602533296233e-26     9.618562778263066e-25     8.707533488822906e-27     9.999999999999999e-30     5.000000000000000e-30     1.653219485960000e-22     6.439594315000001e-23     2.178703470869626e-30     1.948269989120000e-25     7.896328958151152e-25     1.392072929725169e-26     4.163384819009298e-35     7.985096950600000e-26     1.779425478588691e-25
   2.703291130653458e+15     8.572079942457691e+01     8.638286947772272e+12     8.999998810152426e-02     5.481636712109392e-25     1.537605771984937e-26     9.618561439757667e-25     8.707667362350646e-27     9.999999999999999e-30     5.000000000000000e-30     1.653219485960000e-22     6.439594315000001e-23     2.050423211475988e-30     1.948269989120000e-25     7.896328958019201e-25     1.392072929398739e-26     3.788680234836394e-35     7.985096950600000e-26     1.779425478560875e-25
   2.711929418743257e+15     8.599471774300028e+01     8.638288089799621e+12     8.999998810072486e-02     5.481637595724230e-25     1.537609008562508e-26     9.618560101231786e-25     8.707801235857888e-27     9.999999999999999e-30     5.000000000000000e-30     1.653219485960000e-22     6.439594315000001e-23     1.929695951927161e-30     1.948269989120000e-25     7.896328957899126e-25     1.392072929101688e-26     3.447699058783668e-35     7.985096950600000e-26     1.779425478535563e-25
   2.720567707975161e+15     8.626863609763956e+01     8.638289231903846e+12     8.999998809988484e-02     5.481638408454840e-25     1.537612243153245e-26     9.618558762687281e-25     8.707935109344719e-27     9.999999999999999e-30     5.000000000000000e-30     1.653219485960000e-22     6.439594315000001e-23     1.816076983514737e-30     1.948269989120000e-25     7.896328957789857e-25     1.392072928831372e-26     3.137406184521153e-35     7.985096950600000e-26     1.779425478512529e-25
   2.729205998349250e+15     8.654255448849727e+01     8.638290374088851e+12     8.999998809899667e-02     5.481639154474777e-25     1.537615475874132e-26     9.618557424125847e-25     8.708068982811216e-27     9.999999999999999e-30     5.000000000000000e-30     1.653219485960000e-22     6.439594315000001e-23     1.709147780899289e-30     1.948269989120000e-25     7.896328957690422e-25     1.392072928585384e-26     2.855039665252531e-35     7.985096950600000e-26     1.779425478491568e-25
   2.737844289865610e+15     8.681647291557616e+01     8.638291516359254e+12     8.999998809805265e-02     5.481639837711868e-25     1.537618706835260e-26     9.618556085549025e-25     8.708202856257448e-27     9.999999999999999e-30     5.000000000000000e-30     1.653219485960000e-22     6.439594315000001e-23     1.608514460538571e-30     1.948269989120000e-25     7.896328957599936e-25     1.392072928361535e-26     2.598086129360335e-35     7.985096950600000e-26     1.779425478472494e-25
   2.746482582524330e+15     8.709039137887906e+01     8.638292658720414e+12     8.999998809704425e-02     5.481640461862676e-25     1.537621936140243e-26     9.618554746958218e-25     8.708336729683483e-27     9.999999999999999e-30     5.000000000000000e-30     1.653219485960000e-22     6.439594315000001e-23     1.513806329872645e-30     1.948269989120000e-25     7.896328957517595e-25     1.392072928157832e-26     2.364258408642809e-35     7.985096950600000e-26     1.779425478455136e-25
   2.755120876325508e+15     8.736430987840907e+01     8.638293801178512e+12     8.999998809596246e-02     5.481641030406121e-25     1.537625163886591e-26     9.618553408354701e-25     8.708470603089377e-27     9.999999999999999e-30     5.000000000000000e-30     1.653219485960000e-22     6.439594315000001e-23     1.424674521923353e-30     1.948269989120000e-25     7.896328957442664e-25     1.392072927972463e-26     2.151475180009177e-35     7.985096950600000e-26     1.779425478439340e-25
   2.763759171269249e+15     8.763822841416949e+01     8.638294943740593e+12     8.999998809479760e-02     5.481641546616289e-25     1.537628390166076e-26     9.618552069739636e-25     8.708604476475183e-27     9.999999999999999e-30     5.000000000000000e-30     1.653219485960000e-22     6.439594315000001e-23     1.340790710279957e-30     1.948269989120000e-25     7.896328957374477e-25     1.392072927803776e-26     1.957842439422099e-35     7.985096950600000e-26     1.779425478424967e-25
   2.772397467355664e+15     8.791214698616386e+01     8.638296086414630e+12     8.999998809353943e-02     5.481642013574496e-25     1.537631615065064e-26     9.618550731114081e-25     8.708738349840952e-27     9.999999999999999e-30     5.000000000000000e-30     1.653219485960000e-22     6.439594315000001e-23     1.261845899738721e-30     1.948269989120000e-25     7.896328957312426e-25     1.392072927650272e-26     1.781636643185084e-35     7.985096950600000e-26     1.779425478411886e-25
   2.781035764584873e+15     8.818606559439603e+01     8.638297229209579e+12     8.999998809217678e-02     5.481642434180634e-25     1.537634838664839e-26     9.618549392478996e-25     8.708872223186729e-27     9.999999999999999e-30     5.000000000000000e-30     1.653219485960000e-22     6.439594315000001e-23     1.187549288142764e-30     1.948269989120000e-25     7.896328957255960e-25     1.392072927510583e-26     1.621289366513840e-35     7.985096950600000e-26     1.779425478399983e-25
   2.789674062957008e+15     8.845998423887013e+01     8.638298372135469e+12     8.999998809069748e-02     5.481642811163858e-25     1.537638061041896e-26     9.618548053835257e-25     8.709006096512555e-27     9.999999999999999e-30     5.000000000000000e-30     1.653219485960000e-22     6.439594315000001e-23     1.117627195230624e-30     1.948269989120000e-25     7.896328957204576e-25     1.392072927383466e-26     1.475373342836020e-35     7.985096950600000e-26     1.779425478389151e-25
   2.798312362472212e+15     8.873390291959069e+01     8.638299515203494e+12     8.999998808908817e-02     5.481643147092631e-25     1.537641282268230e-26     9.618546715183660e-25     8.709139969818469e-27     9.999999999999999e-30     5.000000000000000e-30     1.653219485960000e-22     6.439594315000001e-23     1.051822054548716e-30     1.948269989120000e-25     7.896328957157817e-25     1.392072927267789e-26     1.342589759553820e-35     7.985096950600000e-26     1.779425478379294e-25
   2.806950663130638e+15     8.900782163656260e+01     8.638300658426134e+12     8.999998808733467e-02     5.481643444384193e-25     1.537644502411593e-26     9.618545376524930e-25     8.709273843104504e-27     9.999999999999999e-30     5.000000000000000e-30     1.653219485960000e-22     6.439594315000001e-23     9.898914647150577e-31     1.948269989120000e-25     7.896328957115266e-25     1.392072927162524e-26     1.221756697187799e-35     7.985096950600000e-26     1.779425478370325e-25
   2.815588964932455e+15     8.928174038979120e+01     8.638301801817228e+12     8.999998808542163e-02     5.481643705313458e-25     1.537647721535751e-26     9.618544037859727e-25     8.709407716370693e-27     9.999999999999999e-30     5.000000000000000e-30     1.653219485960000e-22     6.439594315000001e-23     9.316072965401768e-31     1.948269989120000e-25     7.896328957076545e-25     1.392072927066732e-26     1.111798608997613e-35     7.985096950600000e-26     1.779425478362162e-25
   2.824227267877847e+15     8.955565917928232e+01     8.638302945392087e+12     8.999998808333150e-02     5.481643932021400e-25     1.537650939700716e-26     9.618542699188651e-25     8.709541589617067e-27     9.999999999999999e-30     5.000000000000000e-30     1.653219485960000e-22     6.439594315000001e-23     8.767548527167855e-31     1.948269989120000e-25     7.896328957041309e-25     1.392072926979562e-26     1.011736747436763e-35     7.985096950600000e-26     1.779425478354734e-25
   2.832865571967014e+15     8.982957800504232e+01     8.638304089167713e+12     8.999998808104608e-02     5.481644126522933e-25     1.537654156962963e-26     9.618541360512247e-25     8.709675462843652e-27     9.999999999999999e-30     5.000000000000000e-30     1.653219485960000e-22     6.439594315000001e-23     8.251320769833838e-31     1.948269989120000e-25     7.896328957009243e-25     1.392072926900236e-26     9.206804522262981e-36     7.985096950600000e-26     1.779425478347975e-25
   2.841503877200178e+15     9.010349686707818e+01     8.638305233162847e+12     8.999998807854503e-02     5.481644290714336e-25     1.537657373375647e-26     9.618540021831014e-25     8.709809336050475e-27     9.999999999999999e-30     5.000000000000000e-30     1.653219485960000e-22     6.439594315000001e-23     7.765488098491328e-31     1.948269989120000e-25     7.896328956980063e-25     1.392072926828051e-26     8.378192225017818e-36     7.985096950600000e-26     1.779425478341824e-25
   2.850142183577576e+15     9.037741576539750e+01     8.638306377398185e+12     8.999998807580566e-02     5.481644426380239e-25     1.537660588988789e-26     9.618538683145403e-25     8.709943209237560e-27     9.999999999999999e-30     5.000000000000000e-30     1.653219485960000e-22     6.439594315000001e-23     7.308260881387956e-31     1.948269989120000e-25     7.896328956953510e-25     1.392072926762361e-26     7.624155024669407e-36     7.985096950600000e-26     1.779425478336226e-25
   2.858780491099472e+15     9.065133470000862e+01     8.638307521896604e+12     8.999998807280404e-02     5.481644535200195e-25     1.537663803849467e-26     9.618537344455825e-25     8.710077082404929e-27     9.999999999999999e-30     5.000000000000000e-30     1.653219485960000e-22     6.439594315000001e-23     6.877954857779119e-31     1.948269989120000e-25     7.896328956929346e-25     1.392072926702584e-26     6.937981163383951e-36     7.985096950600000e-26     1.779425478331133e-25
   2.867418799766156e+15     9.092525367092071e+01     8.638308666683274e+12     8.999998806951325e-02     5.481644618754867e-25     1.537667018001988e-26     9.618536005762657e-25     8.710210955552603e-27     9.999999999999999e-30     5.000000000000000e-30     1.653219485960000e-22     6.439594315000001e-23     6.472984933902417e-31     1.948269989120000e-25     7.896328956907357e-25     1.392072926648187e-26     6.313562941452888e-36     7.985096950600000e-26     1.779425478326498e-25
   2.876057109577942e+15     9.119917267814375e+01     8.638309811785952e+12     8.999998806590409e-02     5.481644678531851e-25     1.537670231488049e-26     9.618534667066237e-25     8.710344828680604e-27     9.999999999999999e-30     5.000000000000000e-30     1.653219485960000e-22     6.439594315000001e-23     6.091859344224439e-31     1.948269989120000e-25     7.896328956887347e-25     1.392072926598686e-26     5.745342352068794e-36     7.985096950600000e-26     1.779425478322280e-25
   2.884695420535176e+15     9.147309172168875e+01     8.638310957235192e+12     8.999998806194431e-02     5.481644715931154e-25     1.537673444346892e-26     9.618533328366877e-25     8.710478701788949e-27     9.999999999999999e-30     5.000000000000000e-30     1.653219485960000e-22     6.439594315000001e-23     5.733174156454741e-31     1.948269989120000e-25     7.896328956869138e-25     1.392072926553640e-26     5.228261608970819e-36     7.985096950600000e-26     1.779425478318441e-25
   2.893333732638241e+15     9.174701080156777e+01     8.638312103064646e+12     8.999998805759875e-02     5.481644732270355e-25     1.537676656615449e-26     9.618531989664857e-25     8.710612574877659e-27     9.999999999999999e-30     5.000000000000000e-30     1.653219485960000e-22     6.439594315000001e-23     5.395608100087868e-31     1.948269989120000e-25     7.896328956852568e-25     1.392072926512648e-26     4.757718126601444e-36     7.985096950600000e-26     1.779425478314948e-25
   2.901972045887552e+15     9.202092991779404e+01     8.638313249311347e+12     8.999998805282869e-02     5.481644728789452e-25     1.537679868328477e-26     9.618530650960435e-25     8.710746447946750e-27     9.999999999999999e-30     5.000000000000000e-30     1.653219485960000e-22     6.439594315000001e-23     5.077917699425744e-31     1.948269989120000e-25     7.896328956837490e-25     1.392072926475345e-26     4.329523552048587e-36     7.985096950600000e-26     1.779425478311769e-25
   2.910610360283568e+15     9.229484907038206e+01     8.638314396016036e+12     8.999998804759164e-02     5.481644706655437e-25     1.537683079518689e-26     9.618529312253846e-25     8.710880320996241e-27     9.999999999999999e-30     5.000000000000000e-30     1.653219485960000e-22     6.439594315000001e-23     4.778932693154126e-31     1.948269989120000e-25     7.896328956823768e-25     1.392072926441399e-26     3.939866484112448e-36     7.985096950600000e-26     1.779425478308877e-25
   2.919248675826792e+15     9.256876825934779e+01     8.638315543223536e+12     8.999998804184110e-02     5.481644666966589e-25     1.537686290216868e-26     9.618527973545300e-25     8.711014194026147e-27     9.999999999999999e-30     5.000000000000000e-30     1.653219485960000e-22     6.439594315000001e-23     4.497551723602145e-31     1.948269989120000e-25     7.896328956811281e-25     1.392072926410509e-26     3.585278547655877e-36     7.985096950600000e-26     1.779425478306245e-25
   2.927886992517775e+15     9.284268748470875e+01     8.638316690983133e+12     8.999998803552582e-02     5.481644610756521e-25     1.537689500451988e-26     9.618526634834993e-25     8.711148067036488e-27     9.999999999999999e-30     5.000000000000000e-30     1.653219485960000e-22     6.439594315000001e-23     4.232738279807198e-31     1.948269989120000e-25     7.896328956799918e-25     1.392072926382398e-26     3.262603521262821e-36     7.985096950600000e-26     1.779425478303849e-25
   2.936525310357124e+15     9.311660674648415e+01     8.638317839349032e+12     8.999998802858948e-02     5.481644538997989e-25     1.537692710251315e-26     9.618525296123099e-25     8.711281940027280e-27     9.999999999999999e-30     5.000000000000000e-30     1.653219485960000e-22     6.439594315000001e-23     3.983516879442192e-31     1.948269989120000e-25     7.896328956789577e-25     1.392072926356818e-26     2.968969243407133e-36     7.985096950600000e-26     1.779425478301670e-25
   2.945163629345505e+15     9.339052604469511e+01     8.638318988380842e+12     8.999998802097046e-02     5.481644452606473e-25     1.537695919640512e-26     9.618523957409780e-25     8.711415812998540e-27     9.999999999999999e-30     5.000000000000000e-30     1.653219485960000e-22     6.439594315000001e-23     3.748969475541898e-31     1.948269989120000e-25     7.896328956780168e-25     1.392072926333540e-26     2.701762047065861e-36     7.985096950600000e-26     1.779425478299686e-25
   2.953801949483649e+15     9.366444537936482e+01     8.638320138144089e+12     8.999998801260115e-02     5.481644352443552e-25     1.537699128643729e-26     9.618522618695181e-25     8.711549685950288e-27     9.999999999999999e-30     5.000000000000000e-30     1.653219485960000e-22     6.439594315000001e-23     3.528232074793109e-31     1.948269989120000e-25     7.896328956771605e-25     1.392072926312357e-26     2.458603495217033e-36     7.985096950600000e-26     1.779425478297881e-25
   2.962440270772360e+15     9.393836475051877e+01     8.638321288710786e+12     8.999998800340647e-02     5.481644239320075e-25     1.537702337283694e-26     9.618521279979433e-25     8.711683558882540e-27     9.999999999999999e-30     5.000000000000000e-30     1.653219485960000e-22     6.439594315000001e-23     3.320491554932482e-31     1.948269989120000e-25     7.896328956763813e-25     1.392072926293080e-26     2.237329210142367e-36     7.985096950600000e-26     1.779425478296238e-25
   2.971078593212520e+15     9.421228415818493e+01     8.638322440160154e+12     8.999998799330507e-02     5.481644113999151e-25     1.537705545581798e-26     9.618519941262659e-25     8.711817431795317e-27     9.999999999999999e-30     5.000000000000000e-30     1.653219485960000e-22     6.439594315000001e-23     3.124982669529327e-31     1.948269989120000e-25     7.896328956756722e-25     1.392072926275538e-26     2.035969608092483e-36     7.985096950600000e-26     1.779425478294744e-25
   2.979716916805099e+15     9.448620360239406e+01     8.638323592579223e+12     8.999998798220687e-02     5.481643977198953e-25     1.537708753558173e-26     9.618518602544967e-25     8.711951304688638e-27     9.999999999999999e-30     5.000000000000000e-30     1.653219485960000e-22     6.439594315000001e-23     2.940985229120721e-31     1.948269989120000e-25     7.896328956750270e-25     1.392072926259575e-26     1.852732367832021e-36     7.985096950600000e-26     1.779425478293383e-25
   2.988355241551162e+15     9.476012308317993e+01     8.638324746063665e+12     8.999998797001324e-02     5.481643829595375e-25     1.537711961231765e-26     9.618517263826457e-25     8.712085177562525e-27     9.999999999999999e-30     5.000000000000000e-30     1.653219485960000e-22     6.439594315000001e-23     2.767821448315902e-31     1.948269989120000e-25     7.896328956744398e-25     1.392072926245049e-26     1.685986477015485e-36     7.985096950600000e-26     1.779425478292146e-25
   2.996993567451881e+15     9.503404260057968e+01     8.638325900718625e+12     8.999998795661517e-02     5.481643671824510e-25     1.537715168620404e-26     9.618515925107222e-25     8.712219050416998e-27     9.999999999999999e-30     5.000000000000000e-30     1.653219485960000e-22     6.439594315000001e-23     2.604853449098169e-31     1.948269989120000e-25     7.896328956739055e-25     1.392072926231830e-26     1.534247714389075e-36     7.985096950600000e-26     1.779425478291019e-25
   3.005631894508540e+15     9.530796215463408e+01     8.638327056659704e+12     8.999998794189414e-02     5.481643504485002e-25     1.537718375740872e-26     9.618514586387342e-25     8.712352923252082e-27     9.999999999999999e-30     5.000000000000000e-30     1.653219485960000e-22     6.439594315000001e-23     2.451480911127844e-31     1.948269989120000e-25     7.896328956734192e-25     1.392072926219801e-26     1.396165438594180e-36     7.985096950600000e-26     1.779425478289994e-25
   3.014270222722554e+15     9.558188174538796e+01     8.638328214013882e+12     8.999998792571844e-02     5.481643328140244e-25     1.537721582608960e-26     9.618513247666895e-25     8.712486796067804e-27     9.999999999999999e-30     5.000000000000000e-30     1.653219485960000e-22     6.439594315000001e-23     2.307138860391282e-31     1.948269989120000e-25     7.896328956729768e-25     1.392072926208854e-26     1.270510565978398e-36     7.985096950600000e-26     1.779425478289061e-25
   3.022908552095476e+15     9.585580137289053e+01     8.638329372920784e+12     8.999998790794447e-02     5.481643143320459e-25     1.537724789239533e-26     9.618511908945946e-25     8.712620668864188e-27     9.999999999999999e-30     5.000000000000000e-30     1.653219485960000e-22     6.439594315000001e-23     2.171295588050482e-31     1.948269989120000e-25     7.896328956725741e-25     1.392072926198893e-26     1.156164630403427e-36     7.985096950600000e-26     1.779425478288212e-25
   3.031546882629010e+15     9.612972103719589e+01     8.638330533533812e+12     8.999998788841369e-02     5.481642950524651e-25     1.537727995646579e-26     9.618510570224558e-25     8.712754541641266e-27     9.999999999999999e-30     5.000000000000000e-30     1.653219485960000e-22     6.439594315000001e-23     2.043450691827435e-31     1.948269989120000e-25     7.896328956722076e-25     1.392072926189828e-26     1.052109827670106e-36     7.985096950600000e-26     1.779425478287440e-25
   3.040185214325031e+15     9.640364073836349e+01     8.638331696021591e+12     8.999998786695285e-02     5.481642750222442e-25     1.537731201843261e-26     9.618509231502790e-25     8.712888414399068e-27     9.999999999999999e-30     5.000000000000000e-30     1.653219485960000e-22     6.439594315000001e-23     1.923133232708653e-31     1.948269989120000e-25     7.896328956718742e-25     1.392072926181579e-26     9.574199559450947e-37     7.985096950600000e-26     1.779425478286737e-25
   3.048823547185600e+15     9.667756047645867e+01     8.638332860569369e+12     8.999998784337024e-02     5.481642542855804e-25     1.537734407841971e-26     9.618507892780691e-25     8.713022287137627e-27     9.999999999999999e-30     5.000000000000000e-30     1.653219485960000e-22     6.439594315000001e-23     1.809900000180112e-31     1.948269989120000e-25     7.896328956715708e-25     1.392072926174072e-26     8.712521715490361e-37     7.985096950600000e-26     1.779425478286098e-25
   3.057461881212982e+15     9.695148025155319e+01     8.638334027380797e+12     8.999998781745630e-02     5.481642328840685e-25     1.537737613654368e-26     9.618506554058308e-25     8.713156159856983e-27     9.999999999999999e-30     5.000000000000000e-30     1.653219485960000e-22     6.439594315000001e-23     1.703333879602580e-31     1.948269989120000e-25     7.896328956712946e-25     1.392072926167241e-26     7.928394867236905e-37     7.985096950600000e-26     1.779425478285515e-25
   3.066100216409661e+15     9.722540006372593e+01     8.638335196679642e+12     8.999998778898040e-02     5.481642108568542e-25     1.537740819291426e-26     9.618505215335684e-25     8.713290032557176e-27     9.999999999999999e-30     5.000000000000000e-30     1.653219485960000e-22     6.439594315000001e-23     1.603042315713533e-31     1.948269989120000e-25     7.896328956710433e-25     1.392072926161025e-26     7.214839425999369e-37     7.985096950600000e-26     1.779425478284986e-25
   3.074738552778373e+15     9.749931991306357e+01     8.638336368711807e+12     8.999998775768894e-02     5.481641882407787e-25     1.537744024763474e-26     9.618503876612856e-25     8.713423905238248e-27     9.999999999999999e-30     5.000000000000000e-30     1.653219485960000e-22     6.439594315000001e-23     1.508655866595921e-31     1.948269989120000e-25     7.896328956708147e-25     1.392072926155368e-26     6.565503965985734e-37     7.985096950600000e-26     1.779425478284504e-25
   3.083376890322120e+15     9.777323979966135e+01     8.638337543747531e+12     8.999998772330334e-02     5.481641650705135e-25     1.537747230080231e-26     9.618502537889861e-25     8.713557777900250e-27     9.999999999999999e-30     5.000000000000000e-30     1.653219485960000e-22     6.439594315000001e-23     1.419826842787295e-31     1.948269989120000e-25     7.896328956706066e-25     1.392072926150220e-26     5.974608689649719e-37     7.985096950600000e-26     1.779425478284065e-25
   3.092015229044204e+15     9.804715972362393e+01     8.638338722083800e+12     8.999998768551790e-02     5.481641413786889e-25     1.537750435250845e-26     9.618501199166731e-25     8.713691650543232e-27     9.999999999999999e-30     5.000000000000000e-30     1.653219485960000e-22     6.439594315000001e-23     1.336228026516381e-31     1.948269989120000e-25     7.896328956704172e-25     1.392072926145536e-26     5.436893981155456e-37     7.985096950600000e-26     1.779425478283666e-25
   3.100653568948252e+15     9.832107968506632e+01     8.638339904046936e+12     8.999998764399572e-02     5.481641171960142e-25     1.537753640283926e-26     9.618499860443493e-25     8.713825523167252e-27     9.999999999999999e-30     5.000000000000000e-30     1.653219485960000e-22     6.439594315000001e-23     1.257551466349362e-31     1.948269989120000e-25     7.896328956702449e-25     1.392072926141273e-26     4.947573590029750e-37     7.985096950600000e-26     1.779425478283302e-25
   3.109291910038247e+15     9.859499968411488e+01     8.638341089995597e+12     8.999998759836758e-02     5.481640925513900e-25     1.537756845187577e-26     9.618498521720173e-25     8.713959395772375e-27     9.999999999999999e-30     5.000000000000000e-30     1.653219485960000e-22     6.439594315000001e-23     1.183507342805873e-31     1.948269989120000e-25     7.896328956700882e-25     1.392072926137394e-26     4.502292028285062e-37     7.985096950600000e-26     1.779425478282972e-25
   3.117930252318571e+15     9.886891972090852e+01     8.638342280323883e+12     8.999998754822740e-02     5.481640674720157e-25     1.537760049969423e-26     9.618497182996796e-25     8.714093268358668e-27     9.999999999999999e-30     5.000000000000000e-30     1.653219485960000e-22     6.439594315000001e-23     1.113822900766149e-31     1.948269989120000e-25     7.896328956699455e-25     1.392072926133864e-26     4.097085801800923e-37     7.985096950600000e-26     1.779425478282671e-25
   3.126568595794036e+15     9.914283979559983e+01     8.638343475464868e+12     8.999998749312861e-02     5.481640419834892e-25     1.537763254636642e-26     9.618495844273382e-25     8.714227140926207e-27     9.999999999999999e-30     5.000000000000000e-30     1.653219485960000e-22     6.439594315000001e-23     1.048241444736761e-31     1.948269989120000e-25     7.896328956698156e-25     1.392072926130652e-26     3.728348130880565e-37     7.985096950600000e-26     1.779425478282397e-25
   3.135206940469930e+15     9.941675990835650e+01     8.638344675894490e+12     8.999998743258082e-02     5.481640161099008e-25     1.537766459195989e-26     9.618494505549952e-25     8.714361013475077e-27     9.999999999999999e-30     5.000000000000000e-30     1.653219485960000e-22     6.439594315000001e-23     9.865213932739465e-32     1.948269989120000e-25     7.896328956696974e-25     1.392072926127728e-26     3.392796845957028e-37     7.985096950600000e-26     1.779425478282148e-25
   3.143845286352066e+15     9.969068005936283e+01     8.638345882135755e+12     8.999998736604538e-02     5.481639898739229e-25     1.537769663653822e-26     9.618493166826522e-25     8.714494886005365e-27     9.999999999999999e-30     5.000000000000000e-30     1.653219485960000e-22     6.439594315000001e-23     9.284353890814243e-32     1.948269989120000e-25     7.896328956695899e-25     1.392072926125068e-26     3.087445172685337e-37     7.985096950600000e-26     1.779425478281922e-25
   3.152483633446830e+15     9.996460024882134e+01     8.638347094763371e+12     8.999998729292961e-02     5.481639632968927e-25     1.537772868016124e-26     9.618491828103108e-25     8.714628758517173e-27     9.999999999999999e-30     5.000000000000000e-30     1.653219485960000e-22     6.439594315000001e-23     8.737694615046593e-32     1.948269989120000e-25     7.896328956694920e-25     1.392072926122647e-26     2.809575146376040e-37     7.985096950600000e-26     1.779425478281716e-25
   3.153600000000000e+15     1.000000000000000e+02     1.116366553170000e+12     1.211416037054833e-02     5.481639598384099e-25     1.537773282121381e-26     9.618491655094790e-25     8.714646059369921e-27     9.999999999999999e-30     5.000000000000000e-30     1.653219485960000e-22     6.439594315000001e-23     8.669437641841717e-32     1.948269989120000e-25     7.896328956694799e-25     1.392072926122351e-26     2.775539502479733e-37     7.985096950600000e-26     1.779425478281690e-25
